"artist_id","common_name","wiki_url","genre_1","genre_2","genre_3","genre_4","genre_5","genre_6","genre_7","genre_8","genre_9","genre_10","genre_11","genre_12","genre_13"
"6","Van Morrison","https://en.wikipedia.org/wiki/Van_Morrison","blue-eyed soul","celtic","rock","r&b","folk","blues","jazz","country","gospel","christian","","",""
"8","Dinah Washington","https://en.wikipedia.org/wiki/Dinah_Washington","jazz","blues","r&b","gospel","traditional pop","","","","","","","",""
"10","Aretha Franklin","https://en.wikipedia.org/wiki/Aretha_Franklin","soul","r&b","gospel","jazz","pop","","","","","","","",""
"11","Marie Fredriksson","https://en.wikipedia.org/wiki/Marie_Fredriksson","pop rock","","","","","","","","","","","",""
"14","The Beach Boys","https://en.wikipedia.org/wiki/The_Beach_Boys","rock","pop","surf","psychedelia","","","","","","","","",""
"16","The Doors","https://en.wikipedia.org/wiki/The_Doors","psychedelic rock","blues rock","acid rock","","","","","","","","","",""
"17","Led Zeppelin","https://en.wikipedia.org/wiki/Led_Zeppelin","hard rock","blues rock","folk rock","heavy metal","","","","","","","","",""
"20","Counting Crows","https://en.wikipedia.org/wiki/Counting_Crows","alternative rock","roots rock","pop rock","","","","","","","","","",""
"21","Chet Atkins","https://en.wikipedia.org/wiki/Chet_Atkins","country","pop","rock","jazz","classical","folk","rockabilly","country rock","","","","",""
"26","Alphaville","https://en.wikipedia.org/wiki/Alphaville_(band)","synth-pop","","","","","","","","","","","",""
"28","Missing Persons","https://en.wikipedia.org/wiki/Missing_Persons_(band)","new wave","synth-pop","post-punk","pop rock","","","","","","","","",""
"29","Nina Simone","https://en.wikipedia.org/wiki/Nina_Simone","jazz","r&b","classical","folk","gospel","blues","soul","","","","","",""
"30","The Animals","https://en.wikipedia.org/wiki/The_Animals","blues rock","r&b","psychedelic rock","progressive rock","rock and roll","","","","","","","",""
"31","Screamin' Jay Hawkins","https://en.wikipedia.org/wiki/Screamin'_Jay_Hawkins","blues","rhythm and blues","soul","rock and roll","shock rock","","","","","","","",""
"33","Bee Gees","https://en.wikipedia.org/wiki/Bee_Gees","pop","soul","disco","rock","soft rock","","","","","","","",""
"34","Pete Seeger","https://en.wikipedia.org/wiki/Pete_Seeger","american folk music","protest music","americana","","","","","","","","","",""
"35","The Byrds","https://en.wikipedia.org/wiki/The_Byrds","rock","pop","folk rock","psychedelia","raga rock","country rock","jangle pop","","","","","",""
"37","Atomic Kitten","https://en.wikipedia.org/wiki/Atomic_Kitten","pop","dance-pop","europop","disco","","","","","","","","",""
"38","Steps","https://en.wikipedia.org/wiki/Steps_(pop_group)","pop","dance-pop","","","","","","","","","","",""
"40","Barry Manilow","https://en.wikipedia.org/wiki/Barry_Manilow","soft rock","","","","","","","","","","","",""
"41","The Beatles","https://en.wikipedia.org/wiki/The_Beatles","rock","pop","beat","psychedelia","","","","","","","","",""
"42","Joe Cocker","https://en.wikipedia.org/wiki/Joe_Cocker","rock","blues","blue-eyed soul","pop","","","","","","","","",""
"45","Cher","https://en.wikipedia.org/wiki/Cher","pop","rock","folk","dance","","","","","","","","",""
"48","Extreme","https://en.wikipedia.org/wiki/Extreme_(band)","hard rock","funk metal","glam metal","","","","","","","","","",""
"49","Blondie","https://en.wikipedia.org/wiki/Blondie_(band)","new wave","punk rock","pop rock","pop","disco","","","","","","","",""
"52","The Smashing Pumpkins","https://en.wikipedia.org/wiki/The_Smashing_Pumpkins","alternative rock","","","","","","","","","","","",""
"53","The Cars","https://en.wikipedia.org/wiki/The_Cars","new wave","pop rock","power pop","","","","","","","","","",""
"54","The Cure","https://en.wikipedia.org/wiki/The_Cure","gothic rock","post-punk","alternative rock","new wave","","","","","","","","",""
"56","Letters to Cleo","https://en.wikipedia.org/wiki/Letters_to_Cleo","alternative rock","power pop","","","","","","","","","","",""
"57","Cyndi Lauper","https://en.wikipedia.org/wiki/Cyndi_Lauper","pop","dance","new wave","rock","","","","","","","","",""
"58","Sheb Wooley","https://en.wikipedia.org/wiki/Sheb_Wooley","country","novelty","comedy","pop","rock and roll","western swing","","","","","","",""
"59","The Chipmunks","https://en.wikipedia.org/wiki/Alvin_and_the_Chipmunks","pop","childrens","christmas","","","","","","","","","",""
"60","Patrice Rushen","https://en.wikipedia.org/wiki/Patrice_Rushen","soul","r&b","jazz-funk","post-disco","urban","soft rock","new wave","pop","dance","","","",""
"61","Will Smith","https://en.wikipedia.org/wiki/DJ_Jazzy_Jeff_&_the_Fresh_Prince","hip hop","golden age hip-hop","","","","","","","","","","",""
"61","Will Smith","https://en.wikipedia.org/wiki/Will_Smith","hip-hop","pop","","","","","","","","","","",""
"66","Britney Spears","https://en.wikipedia.org/wiki/Britney_Spears","pop","dance-pop","electropop","teen pop","","","","","","","","",""
"69","Bonnie Tyler","https://en.wikipedia.org/wiki/Bonnie_Tyler","rock","country","pop","pop rock","soft rock","","","","","","","",""
"73","Air Supply","https://en.wikipedia.org/wiki/Air_Supply","soft rock","pop rock","pop","adult contemporary","middle-of-the-road","","","","","","","",""
"75","Art Garfunkel","https://en.wikipedia.org/wiki/Art_Garfunkel","folk","rock","pop","","","","","","","","","",""
"76","Michael Bolton","https://en.wikipedia.org/wiki/Michael_Bolton","pop rock","soft rock","blue-eyed soul","hard rock","","","","","","","","",""
"78","Jerry Lee Lewis","https://en.wikipedia.org/wiki/Jerry_Lee_Lewis","rock and roll","rockabilly","country","gospel","honky-tonk","blues","boogie-woogie","","","","","",""
"79","Tom Jones","https://en.wikipedia.org/wiki/Tom_Jones_(singer)","pop","r&b","soul","country","gospel","","","","","","","",""
"84","Madonna","https://en.wikipedia.org/wiki/Madonna","pop","electronica","dance","","","","","","","","","",""
"85","Susanna Hoffs","https://en.wikipedia.org/wiki/Susanna_Hoffs","rock","pop","","","","","","","","","","",""
"88","Lou Reed","https://en.wikipedia.org/wiki/Lou_Reed","rock","art rock","proto-punk","glam rock","noise rock","","","","","","","",""
"90","The Velvet Underground","https://en.wikipedia.org/wiki/The_Velvet_Underground","art rock","proto-punk","experimental rock","","","","","","","","","",""
"95","Jerry Butler","https://en.wikipedia.org/wiki/Jerry_Butler","r&b","soul","chicago soul","philadelphia soul","","","","","","","","",""
"96","R.E.M.","https://en.wikipedia.org/wiki/R.E.M.","alternative rock","jangle pop","folk rock","college rock","post-punk","","","","","","","",""
"100","Phil Collins","https://en.wikipedia.org/wiki/Phil_Collins","pop","soft rock","progressive rock","art rock","","","","","","","","",""
"101","Leatherface","https://en.wikipedia.org/wiki/Leatherface_(band)","punk rock","hardcore punk","melodic hardcore","","","","","","","","","",""
"103","Elvis Presley","https://en.wikipedia.org/wiki/Elvis_Presley","rock and roll","pop","rockabilly","country","gospel","r&b","soul","blues","","","","",""
"105","Elton John","https://en.wikipedia.org/wiki/Elton_John","pop rock","glam rock","soft rock","blues","","","","","","","","",""
"108","Mark Snow","https://en.wikipedia.org/wiki/Mark_Snow","","","","","","","","","","","","",""
"111","Coolio","https://en.wikipedia.org/wiki/Coolio","west coast hip-hop","gangsta rap","pop rap","","","","","","","","","",""
"112","Mecano","https://en.wikipedia.org/wiki/Mecano","pop","synth-pop","new wave","pop rock","","","","","","","","",""
"114","Shocking Blue","https://en.wikipedia.org/wiki/Shocking_Blue","psychedelic rock","nederbeat","garage pop","","","","","","","","","",""
"116","Pearl Jam","https://en.wikipedia.org/wiki/Pearl_Jam","alternative rock","grunge","hard rock","","","","","","","","","",""
"119","ABBA","https://en.wikipedia.org/wiki/ABBA","pop","disco","pop rock","europop","","","","","","","","",""
"123","Sam Cooke","https://en.wikipedia.org/wiki/Sam_Cooke","soul","r&b","gospel","","","","","","","","","",""
"128","Peter Gabriel","https://en.wikipedia.org/wiki/Peter_Gabriel","progressive rock","art rock","worldbeat","progressive soul","","","","","","","","",""
"132","Nick Lowe","https://en.wikipedia.org/wiki/Nick_Lowe","pub rock","new wave","power pop","","","","","","","","","",""
"134","Jimi Hendrix","https://en.wikipedia.org/wiki/Jimi_Hendrix","rock","psychedelia","blues","r&b","","","","","","","","",""
"138","Charlie Parker","https://en.wikipedia.org/wiki/Charlie_Parker","jazz","bebop","","","","","","","","","","",""
"139","Shirley Bassey","https://en.wikipedia.org/wiki/Shirley_Bassey","r&b","pop","jazz","soul","","","","","","","","",""
"140","Michel Fugain","https://en.wikipedia.org/wiki/Michel_Fugain","french variety songs","ballads","","","","","","","","","","",""
"142","Ben E. King","https://en.wikipedia.org/wiki/Ben_E._King","soul","r&b","doo-wop","","","","","","","","","",""
"144","Sezen Aksu","https://en.wikipedia.org/wiki/Sezen_Aksu","pop","","","","","","","","","","","",""
"146","Birth Control","https://en.wikipedia.org/wiki/Birth_Control_(band)","krautrock","hard rock","progressive rock","","","","","","","","","",""
"148","Willie Nelson","https://en.wikipedia.org/wiki/Willie_Nelson","country","blues","jazz","gospel","","","","","","","","",""
"150","Leonard Cohen","https://en.wikipedia.org/wiki/Leonard_Cohen","folk","rock","pop","soft rock","pop rock","country","synthpop","sophisti-pop","","","","",""
"152","Alice Cooper","https://en.wikipedia.org/wiki/Alice_Cooper_(band)","hard rock","glam rock","shock rock","psychedelic rock","","","","","","","","",""
"153","Pet Shop Boys","https://en.wikipedia.org/wiki/Pet_Shop_Boys","synth-pop","dance-pop","disco","house","hi-nrg","art pop","","","","","","",""
"155","Neil Diamond","https://en.wikipedia.org/wiki/Neil_Diamond","rock","pop","folk","country","soft rock","","","","","","","",""
"156","Smash Mouth","https://en.wikipedia.org/wiki/Smash_Mouth","alternative rock","power pop","pop rock","ska punk","","","","","","","","",""
"158","Bob Dylan","https://en.wikipedia.org/wiki/Bob_Dylan","folk","blues","rock","gospel","country","traditional pop","","","","","","",""
"160","Bobby McFerrin","https://en.wikipedia.org/wiki/Bobby_McFerrin","jazz","a cappella","vocal","world","classical","vocal jazz","","","","","","",""
"162","Bryan Adams","https://en.wikipedia.org/wiki/Bryan_Adams","rock","pop rock","soft rock","arena rock","heartland rock","","","","","","","",""
"167","Peter Frampton","https://en.wikipedia.org/wiki/Peter_Frampton","rock","","","","","","","","","","","",""
"169","Nirvana","https://en.wikipedia.org/wiki/Nirvana_(band)","grunge","alternative rock","punk rock","","","","","","","","","",""
"171","Muse","https://en.wikipedia.org/wiki/Muse_(band)","alternative rock","progressive rock","space rock","hard rock","progressive metal","art rock","electronic rock","","","","","",""
"172","Grace Jones","https://en.wikipedia.org/wiki/Grace_Jones","r&b","disco","new wave","art pop","reggae","dance","club","","","","","",""
"176","Dusty Springfield","https://en.wikipedia.org/wiki/Dusty_Springfield","pop","blue-eyed soul","french chanson","country","jazz","","","","","","","",""
"181","Gene Pitney","https://en.wikipedia.org/wiki/Gene_Pitney","pop","country","","","","","","","","","","",""
"185","Sugar Ray","https://en.wikipedia.org/wiki/Sugar_Ray","alternative rock","pop rock","nu metal","funk metal","","","","","","","","",""
"187","Gary Moore","https://en.wikipedia.org/wiki/Gary_Moore","blues","blues rock","hard rock","heavy metal","jazz fusion","","","","","","","",""
"190","Chris Isaak","https://en.wikipedia.org/wiki/Chris_Isaak","rockabilly","country","rock and roll","soft rock","","","","","","","","",""
"191","Scorpions","https://en.wikipedia.org/wiki/Scorpions_(band)","hard rock","heavy metal","","","","","","","","","","",""
"192","Helloween","https://en.wikipedia.org/wiki/Helloween","power metal","speed metal","","","","","","","","","","",""
"193","Jethro Tull","https://en.wikipedia.org/wiki/Jethro_Tull_(band)","progressive rock","folk rock","hard rock","blues rock","","","","","","","","",""
"196","Focus","https://en.wikipedia.org/wiki/Focus_(band)","progressive rock","jazz fusion","","","","","","","","","","",""
"198","Frank Marino","https://en.wikipedia.org/wiki/Frank_Marino","hard rock","psychedelic rock","blues rock","heavy metal","","","","","","","","",""
"199","Cream","https://en.wikipedia.org/wiki/Cream_(band)","psychedelic rock","blues rock","acid rock","hard rock","jam rock","","","","","","","",""
"201","Deep Purple","https://en.wikipedia.org/wiki/Deep_Purple","hard rock","heavy metal","","","","","","","","","","",""
"202","Muddy Waters","https://en.wikipedia.org/wiki/Muddy_Waters","blues","chicago blues","delta blues","","","","","","","","","",""
"203","Steppenwolf","https://en.wikipedia.org/wiki/Steppenwolf_(band)","psychedelic rock","blues rock","acid rock","hard rock","heavy metal","garage rock","","","","","","",""
"204","NOFX","https://en.wikipedia.org/wiki/NOFX","punk rock","melodic hardcore","skate punk","ska punk","pop-punk","","","","","","","",""
"205","Rancid","https://en.wikipedia.org/wiki/Rancid_(band)","punk rock","ska punk","street punk","","","","","","","","","",""
"209","Grand Funk Railroad","https://en.wikipedia.org/wiki/Grand_Funk_Railroad","hard rock","","","","","","","","","","","",""
"211","Metallica","https://en.wikipedia.org/wiki/Metallica","heavy metal","thrash metal","speed metal","hard rock","","","","","","","","",""
"212","Dire Straits","https://en.wikipedia.org/wiki/Dire_Straits","roots rock","blues rock","pub rock","","","","","","","","","",""
"214","Eric Clapton","https://en.wikipedia.org/wiki/Eric_Clapton","rock","blues","","","","","","","","","","",""
"216","Mark Knopfler","https://en.wikipedia.org/wiki/Mark_Knopfler","roots rock","celtic rock","blues rock","country rock","","","","","","","","",""
"222","Philip Glass","https://en.wikipedia.org/wiki/Philip_Glass","","","","","","","","","","","","",""
"223","Aerosmith","https://en.wikipedia.org/wiki/Aerosmith","hard rock","blues rock","heavy metal","","","","","","","","","",""
"224","Eminem","https://en.wikipedia.org/wiki/Eminem","midwestern hip-hop","","","","","","","","","","","",""
"225","Jerry Jeff Walker","https://en.wikipedia.org/wiki/Jerry_Jeff_Walker","progressive country","outlaw country","folk","","","","","","","","","",""
"227","Buffy Sainte-Marie","https://en.wikipedia.org/wiki/Buffy_Sainte-Marie","folk","rock","country folk","","","","","","","","","",""
"229","Alex Chilton","https://en.wikipedia.org/wiki/Alex_Chilton","rock","power pop","indie rock","blue-eyed soul","","","","","","","","",""
"230","Elvis Costello","https://en.wikipedia.org/wiki/Elvis_Costello","rock","pop","new wave","power pop","punk rock","pub rock","","","","","","",""
"233","Henry Mancini","https://en.wikipedia.org/wiki/Henry_Mancini","film scores","rock and roll","easy listening","jazz rock","","","","","","","","",""
"239","Mariah Carey","https://en.wikipedia.org/wiki/Mariah_Carey","r&b","pop","hip hop","soul","","","","","","","","",""
"240","No Doubt","https://en.wikipedia.org/wiki/No_Doubt","ska punk","ska","pop rock","new wave","alternative rock","pop-punk","reggae","","","","","",""
"243","Bing Crosby","https://en.wikipedia.org/wiki/Bing_Crosby","traditional pop","jazz","easy listening","","","","","","","","","",""
"245","Tom Rush","https://en.wikipedia.org/wiki/Tom_Rush","blues","folk","country","","","","","","","","","",""
"247","Andrea McArdle","https://en.wikipedia.org/wiki/Andrea_McArdle","","","","","","","","","","","","",""
"248","Jay-Z","https://en.wikipedia.org/wiki/Jay-Z","east coast hip-hop","","","","","","","","","","","",""
"251","Marco Masini","https://en.wikipedia.org/wiki/Marco_Masini","","","","","","","","","","","","",""
"253","Syria","https://en.wikipedia.org/wiki/Syria_(singer)","","","","","","","","","","","","",""
"255","Richard Shindell","https://en.wikipedia.org/wiki/Richard_Shindell","folk","singer-songwriter","","","","","","","","","","",""
"259","Filter","https://en.wikipedia.org/wiki/Filter_(band)","industrial rock","post-grunge","alternative rock","hard rock","industrial metal","alternative metal","","","","","","",""
"260","Thin Lizzy","https://en.wikipedia.org/wiki/Thin_Lizzy","hard rock","blues rock","heavy metal","folk rock","","","","","","","","",""
"264","Marty Robbins","https://en.wikipedia.org/wiki/Marty_Robbins","country","western","pop","","","","","","","","","",""
"265","Spice Girls","https://en.wikipedia.org/wiki/Spice_Girls","pop","dance-pop","teen pop","r&b","","","","","","","","",""
"269","Donna Summer","https://en.wikipedia.org/wiki/Donna_Summer","disco","pop","rock","r&b","dance","eurodisco","funk","post-disco","hi-nrg","","","",""
"273","The Mamas and The Papas","https://en.wikipedia.org/wiki/The_Mamas_&_the_Papas","folk rock","sunshine pop","","","","","","","","","","",""
"275","Astrud Gilberto","https://en.wikipedia.org/wiki/Astrud_Gilberto","bossa nova","brazilian jazz","","","","","","","","","","",""
"276","Al Green","https://en.wikipedia.org/wiki/Al_Green","soul","r&b","gospel","southern soul","progressive soul","","","","","","","",""
"278","Isaac Hayes","https://en.wikipedia.org/wiki/Isaac_Hayes","progressive soul","funk","psychedelic soul","disco","","","","","","","","",""
"279","Jack Jones","https://en.wikipedia.org/wiki/Jack_Jones_(American_singer)","traditional pop","jazz","big band","","","","","","","","","",""
"281","Roky Erickson","https://en.wikipedia.org/wiki/Roky_Erickson","psychedelic rock","garage rock","acid rock","","","","","","","","","",""
"282","Robbie Williams","https://en.wikipedia.org/wiki/Robbie_Williams","pop","pop rock","soft rock","electronic dance","alternative rock","","","","","","","",""
"283","Chaka Khan","https://en.wikipedia.org/wiki/Chaka_Khan","r&b","soul","funk","pop","disco","jazz","gospel","","","","","",""
"285","LL Cool J","https://en.wikipedia.org/wiki/LL_Cool_J","east coast hip-hop","","","","","","","","","","","",""
"287","Poster Children","https://en.wikipedia.org/wiki/Poster_Children","alternative rock","indie rock","punk rock","post-hardcore","","","","","","","","",""
"291","The Police","https://en.wikipedia.org/wiki/The_Police","new wave","reggae rock","post-punk","pop rock","","","","","","","","",""
"293","Bad Company","https://en.wikipedia.org/wiki/Bad_Company","hard rock","blues rock","","","","","","","","","","",""
"294","Red Hot Chili Peppers","https://en.wikipedia.org/wiki/Red_Hot_Chili_Peppers","funk rock","alternative rock","rap rock","funk metal","","","","","","","","",""
"297","U2","https://en.wikipedia.org/wiki/U2","rock","alternative rock","pop rock","post-punk","","","","","","","","",""
"298","Grateful Dead","https://en.wikipedia.org/wiki/Grateful_Dead","rock","","","","","","","","","","","",""
"300","Dave Mason","https://en.wikipedia.org/wiki/Dave_Mason","rock","pop rock","progressive rock","soft rock","","","","","","","","",""
"302","Diamond Head","https://en.wikipedia.org/wiki/Diamond_Head_(British_band)","heavy metal","","","","","","","","","","","",""
"302","Diamond Head","https://en.wikipedia.org/wiki/Brian_Tatler","heavy metal","","","","","","","","","","","",""
"303","Blue Öyster Cult","https://en.wikipedia.org/wiki/Blue_Öyster_Cult","hard rock","heavy metal","occult rock","psychedelic rock","progressive rock","acid rock","","","","","","",""
"306","Motörhead","https://en.wikipedia.org/wiki/Motörhead","heavy metal","hard rock","speed metal","","","","","","","","","",""
"307","Misfits","https://en.wikipedia.org/wiki/Misfits_(band)","horror punk","hardcore punk","punk rock","","","","","","","","","",""
"316","Lisa Stansfield","https://en.wikipedia.org/wiki/Lisa_Stansfield","r&b","soul","blue-eyed soul","pop","dance","","","","","","","",""
"318","Laid Back","https://en.wikipedia.org/wiki/Laid_Back","electro","synth-pop","post-disco","new wave","","","","","","","","",""
"319","Frank Sinatra","https://en.wikipedia.org/wiki/Frank_Sinatra","traditional pop","easy listening","jazz","swing","big band","","","","","","","",""
"320","Nat King Cole","https://en.wikipedia.org/wiki/Nat_King_Cole","r&b","jazz","traditional pop","easy listening","","","","","","","","",""
"326","Carlos Santana","https://en.wikipedia.org/wiki/Carlos_Santana","latin rock","blues rock","jazz fusion","","","","","","","","","",""
"330","David Gray","https://en.wikipedia.org/wiki/David_Gray_(British_musician)","rock","alternative rock","folk rock","folktronica","","","","","","","","",""
"331","Marvin Gaye","https://en.wikipedia.org/wiki/Marvin_Gaye","soul","r&b","gospel","funk","","","","","","","","",""
"334","The Verve","https://en.wikipedia.org/wiki/The_Verve","neo-psychedelia","alternative rock","britpop","shoegaze","","","","","","","","",""
"344","Gloria Gaynor","https://en.wikipedia.org/wiki/Gloria_Gaynor","r&b","soul","disco","post-disco","","","","","","","","",""
"347","""""Weird Al"""" Yankovic","https://en.wikipedia.org/wiki/""Weird_Al""_Yankovic","comedy","parody","polka","geek rock","","","","","","","","",""
"349","The Everly Brothers","https://en.wikipedia.org/wiki/The_Everly_Brothers","country rock","rock and roll","rockabilly","country","","","","","","","","",""
"353","Norah Jones","https://en.wikipedia.org/wiki/Norah_Jones","pop","jazz","folk","country","blues","","","","","","","",""
"354","Ellie Greenwich","https://en.wikipedia.org/wiki/Ellie_Greenwich","rock and roll","brill building","","","","","","","","","","",""
"361","Pixies","https://en.wikipedia.org/wiki/Pixies_(band)","alternative rock","indie rock","noise pop","punk rock","surf rock","","","","","","","",""
"363","The Surfaris","https://en.wikipedia.org/wiki/The_Surfaris","surf rock","","","","","","","","","","","",""
"367","Marilyn Manson","https://en.wikipedia.org/wiki/Marilyn_Manson","industrial rock","industrial metal","gothic rock","alternative metal","shock rock","","","","","","","",""
"368","Eurythmics","https://en.wikipedia.org/wiki/Eurythmics","synth-pop","new wave","dance-rock","","","","","","","","","",""
"371","Faith Evans","https://en.wikipedia.org/wiki/Faith_Evans","r&b","hip hop","soul","","","","","","","","","",""
"372","King Crimson","https://en.wikipedia.org/wiki/King_Crimson","progressive rock","art rock","experimental rock","post-progressive","new wave","industrial rock","","","","","","",""
"374","Queen","https://en.wikipedia.org/wiki/Queen_(band)","rock","pop","","","","","","","","","","",""
"375","Pretty Maids","https://en.wikipedia.org/wiki/Pretty_Maids","heavy metal","hard rock","glam metal","","","","","","","","","",""
"377","Status Quo","https://en.wikipedia.org/wiki/Status_Quo_(band)","rock","boogie rock","hard rock","psychedelia","","","","","","","","",""
"378","Great White","https://en.wikipedia.org/wiki/Great_White","hard rock","glam metal","","","","","","","","","","",""
"380","The Kinks","https://en.wikipedia.org/wiki/The_Kinks","rock","pop","","","","","","","","","","",""
"382","Mott the Hoople","https://en.wikipedia.org/wiki/Mott_the_Hoople","glam rock","hard rock","","","","","","","","","","",""
"384","Bruce Dickinson","https://en.wikipedia.org/wiki/Bruce_Dickinson","heavy metal","","","","","","","","","","","",""
"387","Lenny Kravitz","https://en.wikipedia.org/wiki/Lenny_Kravitz","rock","funk","soul","","","","","","","","","",""
"390","The Stranglers","https://en.wikipedia.org/wiki/The_Stranglers","punk rock","pub rock","new wave","","","","","","","","","",""
"391","Hooverphonic","https://en.wikipedia.org/wiki/Hooverphonic","trip hop","electronica","indie pop","alternative","dream pop","","","","","","","",""
"393","Laibach","https://en.wikipedia.org/wiki/Laibach","industrial","avant-garde","experimental","martial industrial","neoclassical dark wave","electronic","electro-industrial","","","","","",""
"394","10cc","https://en.wikipedia.org/wiki/10cc","art rock","art pop","progressive pop","soft rock","pop rock","","","","","","","",""
"400","Cake","https://en.wikipedia.org/wiki/Cake_(band)","alternative rock","country","indie rock","funk rock","","","","","","","","",""
"402","Carl Perkins","https://en.wikipedia.org/wiki/Carl_Perkins","rockabilly","rock and roll","country","","","","","","","","","",""
"405","Bread","https://en.wikipedia.org/wiki/Bread_(band)","soft rock","","","","","","","","","","","",""
"406","Otis Rush","https://en.wikipedia.org/wiki/Otis_Rush","blues","chicago blues","r&b","","","","","","","","","",""
"412","Liquido","https://en.wikipedia.org/wiki/Liquido","rock","","","","","","","","","","","",""
"416","Eric Carmen","https://en.wikipedia.org/wiki/Eric_Carmen","pop rock","power pop","soft rock","","","","","","","","","",""
"418","Babes in Toyland","https://en.wikipedia.org/wiki/Babes_in_Toyland_(band)","alternative rock","punk rock","grunge","heavy metal","","","","","","","","",""
"419","Michael Ball","https://en.wikipedia.org/wiki/Michael_Ball","pop","soft rock","musical theatre","easy listening","","","","","","","","",""
"423","Celine Dion","https://en.wikipedia.org/wiki/Celine_Dion","pop","chanson","soft rock","","","","","","","","","",""
"424","Jewel","https://en.wikipedia.org/wiki/Jewel_(singer)","folk","pop","pop rock","country","","","","","","","","",""
"438","Bart Peeters","https://en.wikipedia.org/wiki/Bart_Peeters","","","","","","","","","","","","",""
"440","Erasure","https://en.wikipedia.org/wiki/Erasure_(duo)","synth-pop","dance-pop","hi-nrg","disco","","","","","","","","",""
"449","UB40","https://en.wikipedia.org/wiki/UB40","reggae","dub","","","","","","","","","","",""
"451","Chrissie Hynde","https://en.wikipedia.org/wiki/Chrissie_Hynde","rock","new wave","punk rock","","","","","","","","","",""
"456","A Tribe Called Quest","https://en.wikipedia.org/wiki/A_Tribe_Called_Quest","east coast hip-hop","jazz rap","alternative hip-hop","progressive rap","","","","","","","","",""
"457","Duran Duran","https://en.wikipedia.org/wiki/Duran_Duran","pop rock","synth-pop","new wave","new pop","dance-rock","post-disco","","","","","","",""
"461","Frankie Goes To Hollywood","https://en.wikipedia.org/wiki/Frankie_Goes_to_Hollywood","hi-nrg","disco","dance-pop","new wave","","","","","","","","",""
"461","Frankie Goes To Hollywood","https://en.wikipedia.org/wiki/Mark_O'Toole_(musician)","hi-nrg","disco","dance-pop","new wave","","","","","","","","",""
"462","Joan Osborne","https://en.wikipedia.org/wiki/Joan_Osborne","rock","folk","country rock","blues","r&b","","","","","","","",""
"465","Will Tura","https://en.wikipedia.org/wiki/Will_Tura","levenslied","pop rock","rock and roll","soul","gospel","country","schlager","","","","","",""
"466","Adamo","https://en.wikipedia.org/wiki/Salvatore_Adamo","chanson","pop","nueva ola","","","","","","","","","",""
"467","Arno","https://en.wikipedia.org/wiki/Arno_(singer)","","","","","","","","","","","","",""
"470","Massive Attack","https://en.wikipedia.org/wiki/Massive_Attack","trip hop","electronic","","","","","","","","","","",""
"474","Labi Siffre","https://en.wikipedia.org/wiki/Labi_Siffre","soul","jazz","funk","soft rock","folk","","","","","","","",""
"477","St. Germain","https://en.wikipedia.org/wiki/St_Germain_(musician)","house","deep house","jazz house","nu jazz","groove jazz","","","","","","","",""
"479","Beastie Boys","https://en.wikipedia.org/wiki/Beastie_Boys","hip-hop","rap rock","alternative hip-hop","hardcore punk","","","","","","","","",""
"482","Kraftwerk","https://en.wikipedia.org/wiki/Kraftwerk","electronic","synth-pop","krautrock","","","","","","","","","",""
"483","The Notorious B.I.G.","https://en.wikipedia.org/wiki/The_Notorious_B.I.G.","east coast hip-hop","mafioso rap","hardcore hip-hop","","","","","","","","","",""
"484","Van Halen","https://en.wikipedia.org/wiki/Van_Halen","hard rock","heavy metal","pop rock","arena rock","glam metal","","","","","","","",""
"487","Crazy Town","https://en.wikipedia.org/wiki/Crazy_Town","rap rock","hip-hop","nu metal","rap metal","alternative rock","","","","","","","",""
"488","Roberta Flack","https://en.wikipedia.org/wiki/Roberta_Flack","jazz","soul","r&b","","","","","","","","","",""
"498","Engelbert Humperdinck","https://en.wikipedia.org/wiki/Engelbert_Humperdinck_(singer)","traditional pop","easy listening","schlager","","","","","","","","","",""
"499","Cleo Laine","https://en.wikipedia.org/wiki/Cleo_Laine","jazz","pop","","","","","","","","","","",""
"500","Sérgio Mendes","https://en.wikipedia.org/wiki/Sérgio_Mendes","bossa nova","latin","latin jazz","jazz","disco","adult contemporary","soft rock","","","","","",""
"502","Das Pop","https://en.wikipedia.org/wiki/Das_Pop","indie pop","pop rock","","","","","","","","","","",""
"503","Warren G","https://en.wikipedia.org/wiki/Warren_G","west coast hip-hop","gangsta rap","g-funk","","","","","","","","","",""
"507","Desireless","https://en.wikipedia.org/wiki/Desireless","pop","synth-pop","euro disco","","","","","","","","","",""
"509","Creedence Clearwater Revival","https://en.wikipedia.org/wiki/Creedence_Clearwater_Revival","swamp rock","roots rock","blues rock","country rock","southern rock","","","","","","","",""
"512","John Fogerty","https://en.wikipedia.org/wiki/John_Fogerty","roots rock","rock and roll","country rock","heartland rock","blues rock","swamp rock","americana","southern rock","","","","",""
"514","John Hiatt","https://en.wikipedia.org/wiki/John_Hiatt","heartland rock","blues rock","folk rock","country","americana","","","","","","","",""
"515","Bryan Ferry","https://en.wikipedia.org/wiki/Bryan_Ferry","pop rock","glam rock","art rock","sophisti-pop","","","","","","","","",""
"517","Cat Stevens","https://en.wikipedia.org/wiki/Cat_Stevens","folk","rock","pop","islamic","","","","","","","","",""
"518","Don Williams","https://en.wikipedia.org/wiki/Don_Williams","country","country rock","blues","","","","","","","","","",""
"519","Peggy Lee","https://en.wikipedia.org/wiki/Peggy_Lee","jazz","pop","big band","swing","blues","latin jazz","","","","","","",""
"520","Jimmy Cliff","https://en.wikipedia.org/wiki/Jimmy_Cliff","ska","rocksteady","reggae","soul","","","","","","","","",""
"524","The Clash","https://en.wikipedia.org/wiki/The_Clash","punk rock","new wave","post-punk","reggae","experimental rock","","","","","","","",""
"525","Liesbeth List","https://en.wikipedia.org/wiki/Liesbeth_List","chanson","pop","","","","","","","","","","",""
"526","Queens of the Stone Age","https://en.wikipedia.org/wiki/Queens_of_the_Stone_Age","alternative rock","stoner rock","desert rock","hard rock","alternative metal","","","","","","","",""
"527","Oasis","https://en.wikipedia.org/wiki/Oasis_(band)","rock","britpop","","","","","","","","","","",""
"533","Meat Puppets","https://en.wikipedia.org/wiki/Meat_Puppets","alternative rock","cowpunk","psychedelia","alternative country","hardcore punk","post-punk","","","","","","",""
"535","The Who","https://en.wikipedia.org/wiki/The_Who","rock","hard rock","power pop","proto-punk","","","","","","","","",""
"537","Devo","https://en.wikipedia.org/wiki/Devo","new wave","synth-pop","art punk","post-punk","art pop","electronic rock","geek rock","","","","","",""
"538","The Presidents of the United States of America","https://en.wikipedia.org/wiki/The_Presidents_of_the_United_States_of_America_(band)","alternative rock","pop-punk","post-grunge","","","","","","","","","",""
"538","The Presidents of the United States of America","https://en.wikipedia.org/wiki/Jason_Finn","alternative rock","pop-punk","post-grunge","","","","","","","","","",""
"541","George Michael","https://en.wikipedia.org/wiki/George_Michael","pop","dance-pop","post-disco","r&b","","","","","","","","",""
"543","Soundgarden","https://en.wikipedia.org/wiki/Soundgarden","grunge","heavy metal","alternative metal","alternative rock","","","","","","","","",""
"544","Bonnie Dobson","https://en.wikipedia.org/wiki/Bonnie_Dobson","contemporary folk music","","","","","","","","","","","",""
"545","Pennywise","https://en.wikipedia.org/wiki/Pennywise_(band)","punk rock","skate punk","melodic hardcore","","","","","","","","","",""
"551","5ive","https://en.wikipedia.org/wiki/Five_(group)","pop","dance-pop","rap rock","","","","","","","","","",""
"553","The Delfonics","https://en.wikipedia.org/wiki/The_Delfonics","r&b","philadelphia soul","soul","","","","","","","","","",""
"556","Janet Jackson","https://en.wikipedia.org/wiki/Janet_Jackson","pop","r&b","dance","hip-hop","funk","rock","new jack swing","","","","","",""
"557","HIM","https://en.wikipedia.org/wiki/HIM_(Finnish_band)","gothic rock","gothic metal","alternative rock","","","","","","","","","",""
"559","Nancy Sinatra","https://en.wikipedia.org/wiki/Nancy_Sinatra","pop","rock","country","","","","","","","","","",""
"565","The Beatnuts","https://en.wikipedia.org/wiki/The_Beatnuts","hip hop","","","","","","","","","","","",""
"566","Jennifer Lopez","https://en.wikipedia.org/wiki/Jennifer_Lopez","pop","r&b","latin","hip hop","dance","","","","","","","",""
"568","Alphonse Mouzon","https://en.wikipedia.org/wiki/Alphonse_Mouzon","jazz","jazz fusion","jazz-funk","disco","","","","","","","","",""
"577","Ronnie Laws","https://en.wikipedia.org/wiki/Ronnie_Laws","jazz","jazz fusion","smooth jazz","jazz funk","","","","","","","","",""
"584","Nine Inch Nails","https://en.wikipedia.org/wiki/Nine_Inch_Nails","industrial rock","industrial","alternative rock","electronic rock","industrial metal","ambient","","","","","","",""
"585","Johnny Rivers","https://en.wikipedia.org/wiki/Johnny_Rivers","rock and roll","blue-eyed soul","blues rock","country rock","","","","","","","","",""
"594","Kool & The Gang","https://en.wikipedia.org/wiki/Kool_&_the_Gang","r&b","soul","funk","disco","jazz","","","","","","","",""
"596","Public Enemy","https://en.wikipedia.org/wiki/Public_Enemy","east coast hip-hop","political hip-hop","hardcore hip-hop","progressive rap","rap rock","","","","","","","",""
"597","Funkadelic","https://en.wikipedia.org/wiki/Funkadelic","funk rock","psychedelic funk","acid rock","psychedelic rock","","","","","","","","",""
"600","Jeff Buckley","https://en.wikipedia.org/wiki/Jeff_Buckley","alternative rock","folk-rock","blues","","","","","","","","","",""
"601","Eagles","https://en.wikipedia.org/wiki/Eagles_(band)","rock","country rock","soft rock","folk rock","","","","","","","","",""
"610","Pato Banton","https://en.wikipedia.org/wiki/Pato_Banton","reggae","","","","","","","","","","","",""
"613","Tori Amos","https://en.wikipedia.org/wiki/Tori_Amos","alternative rock","chamber pop","pop rock","electronic","","","","","","","","",""
"614","The Boomtown Rats","https://en.wikipedia.org/wiki/The_Boomtown_Rats","new wave","power pop","pop rock","pub rock","","","","","","","","",""
"616","Depeche Mode","https://en.wikipedia.org/wiki/Christian_Eigner","synth-pop","electronic rock","new wave","alternative rock","","","","","","","","",""
"616","Depeche Mode","https://en.wikipedia.org/wiki/Depeche_Mode","synth-pop","electronic rock","new wave","alternative rock","","","","","","","","",""
"618","Tom Waits","https://en.wikipedia.org/wiki/Tom_Waits","experimental","rock","blues","jazz","","","","","","","","",""
"619","Neil Young","https://en.wikipedia.org/wiki/Neil_Young","rock","folk rock","country rock","","","","","","","","","",""
"621","Joe Jackson","https://en.wikipedia.org/wiki/Joe_Jackson_(musician)","rock","pop","new wave","jazz","classical","","","","","","","",""
"628","Pete Shelley","https://en.wikipedia.org/wiki/Pete_Shelley","punk rock","pop punk","new wave","power pop","","","","","","","","",""
"629","Cameo","https://en.wikipedia.org/wiki/Cameo_(band)","funk","soul","r&b","funk rock","","","","","","","","",""
"634","The Sweet","https://en.wikipedia.org/wiki/The_Sweet","glam rock","hard rock","power pop","bubblegum","","","","","","","","",""
"644","Tim Buckley","https://en.wikipedia.org/wiki/Tim_Buckley","psychedelic folk","folk-jazz","avant-jazz","avant-folk","folk rock","funk","","","","","","",""
"663","Malcolm McLaren","https://en.wikipedia.org/wiki/Malcolm_McLaren","rock","punk rock","hip hop","new wave","dance","","","","","","","",""
"673","Warren Zevon","https://en.wikipedia.org/wiki/Warren_Zevon","rock","pop rock","folk rock","country rock","blues rock","hard rock","psychedelic rock","alternative rock","comedy rock","","","",""
"675","Ronan Keating","https://en.wikipedia.org/wiki/Ronan_Keating","pop","country","soft rock","pop rock","adult contemporary","easy listening","","","","","","",""
"676","Jackie DeShannon","https://en.wikipedia.org/wiki/Jackie_DeShannon","pop rock","rock and roll","rockabilly","folk rock","country","","","","","","","",""
"679","Allen Toussaint","https://en.wikipedia.org/wiki/Allen_Toussaint","r&b","soul","southern soul","funk","blues","jazz","","","","","","",""
"681","Mr. Big","https://en.wikipedia.org/wiki/Mr._Big_(American_band)","hard rock","glam metal","arena rock","","","","","","","","","",""
"682","Wilson Pickett","https://en.wikipedia.org/wiki/Wilson_Pickett","soul","r&b","southern soul","","","","","","","","","",""
"684","No Angels","https://en.wikipedia.org/wiki/No_Angels","pop","electropop","europop","","","","","","","","","",""
"686","Alcazar","https://en.wikipedia.org/wiki/Alcazar_(group)","nu-disco","dance-pop","europop","schlager","","","","","","","","",""
"689","Andy Fairweather Low","https://en.wikipedia.org/wiki/Andy_Fairweather_Low","rock","pop","blues rock","","","","","","","","","",""
"691","Jackson Browne","https://en.wikipedia.org/wiki/Jackson_Browne","rock","folk rock","soft rock","pop rock","country rock","","","","","","","",""
"692","Roger Daltrey","https://en.wikipedia.org/wiki/Roger_Daltrey","rock","art rock","hard rock","soft rock","power pop","","","","","","","",""
"694","Kim Wilde","https://en.wikipedia.org/wiki/Kim_Wilde","pop","new wave","hi-nrg","","","","","","","","","",""
"696","John Waite","https://en.wikipedia.org/wiki/John_Waite","pop rock","hard rock","power pop","country","","","","","","","","",""
"697","Tammi Terrell","https://en.wikipedia.org/wiki/Tammi_Terrell","r&b","soul","","","","","","","","","","",""
"708","Christina Aguilera","https://en.wikipedia.org/wiki/Christina_Aguilera","pop","r&b","soul","hip hop","","","","","","","","",""
"709","Charles Brown","https://en.wikipedia.org/wiki/Charles_Brown_(musician)","west coast blues","texas blues","soul blues","urban blues","rhythm and blues","","","","","","","",""
"710","Frankie Miller","https://en.wikipedia.org/wiki/Frankie_Miller","rock","hard rock","folk rock","blues rock","blue-eyed soul","soul","","","","","","",""
"711","Phoebe Snow","https://en.wikipedia.org/wiki/Phoebe_Snow","blues","folk","gospel","jazz","r&b","roots rock","soul","","","","","",""
"712","Bernie Marsden","https://en.wikipedia.org/wiki/Bernie_Marsden","rock","blues-rock","blues","heavy metal","","","","","","","","",""
"714","Don Henley","https://en.wikipedia.org/wiki/Don_Henley","rock","country rock","pop rock","hard rock","folk rock","","","","","","","",""
"718","Dan Penn","https://en.wikipedia.org/wiki/Dan_Penn","blue-eyed soul","blues","country","soul","","","","","","","","",""
"719","Paul Young","https://en.wikipedia.org/wiki/Paul_Young","pop rock","new wave","blue-eyed soul","","","","","","","","","",""
"720","Perry Como","https://en.wikipedia.org/wiki/Perry_Como","vocal pop","easy listening","","","","","","","","","","",""
"721","Bonnie Raitt","https://en.wikipedia.org/wiki/Bonnie_Raitt","blues","folk","country","rock","","","","","","","","",""
"729","Memphis Minnie","https://en.wikipedia.org/wiki/Memphis_Minnie","blues","memphis blues","","","","","","","","","","",""
"733","Kylie Minogue","https://en.wikipedia.org/wiki/Kylie_Minogue","pop","dance-pop","disco","","","","","","","","","",""
"734","Roger Miller","https://en.wikipedia.org/wiki/Roger_Miller","country","novelty","comedy","","","","","","","","","",""
"736","Kate Ceberano","https://en.wikipedia.org/wiki/Kate_Ceberano","pop","rock","soul","jazz","","","","","","","","",""
"737","The Zombies","https://en.wikipedia.org/wiki/The_Zombies","rock","beat","baroque pop","psychedelic pop","r&b","proto-prog","","","","","","",""
"748","Adam Clayton","https://en.wikipedia.org/wiki/Adam_Clayton","rock","alternative rock","pop rock","post-punk","citation needed","","","","","","","",""
"750","Dick Haymes","https://en.wikipedia.org/wiki/Dick_Haymes","","","","","","","","","","","","",""
"751","Alison Moyet","https://en.wikipedia.org/wiki/Alison_Moyet","synth-pop","new wave","r&b","soul","pop rock","jazz","","","","","","",""
"752","Tom Paxton","https://en.wikipedia.org/wiki/Tom_Paxton","folk","","","","","","","","","","","",""
"754","Ray Charles","https://en.wikipedia.org/wiki/Ray_Charles","r&b","soul","blues","gospel","country","jazz","rock and roll","","","","","",""
"755","Lalo Schifrin","https://en.wikipedia.org/wiki/Lalo_Schifrin","jazz","big band","rock","contemporary classical","","","","","","","","",""
"756","Randy Newman","https://en.wikipedia.org/wiki/Randy_Newman","americana","rock","pop","r&b","soul","comedy","film score","","","","","",""
"758","Natalie Imbruglia","https://en.wikipedia.org/wiki/Natalie_Imbruglia","pop","pop rock","","","","","","","","","","",""
"760","Terry Jacks","https://en.wikipedia.org/wiki/Terry_Jacks","rock","pop","soft rock","country","","","","","","","","",""
"762","Joan Baez","https://en.wikipedia.org/wiki/Joan_Baez","folk","folk rock","americana","country folk","gospel","latin","","","","","","",""
"768","Herman van Veen","https://en.wikipedia.org/wiki/Herman_van_Veen","","","","","","","","","","","","",""
"769","Jerry Reed","https://en.wikipedia.org/wiki/Jerry_Reed","country","rockabilly","","","","","","","","","","",""
"770","Noel Harrison","https://en.wikipedia.org/wiki/Noel_Harrison","","","","","","","","","","","","",""
"772","Sting","https://en.wikipedia.org/wiki/Sting_(musician)","pop","new wave","post-punk","soft rock","","","","","","","","",""
"782","Arthur Alexander","https://en.wikipedia.org/wiki/Arthur_Alexander","country","soul","","","","","","","","","","",""
"783","Humble Pie","https://en.wikipedia.org/wiki/Humble_Pie","hard rock","blues rock","boogie rock","","","","","","","","","",""
"789","Johnny Paycheck","https://en.wikipedia.org/wiki/Johnny_Paycheck","country","outlaw country","honky-tonk","","","","","","","","","",""
"790","Mink DeVille","https://en.wikipedia.org/wiki/Mink_DeVille","roots rock","punk rock","soul","rhythm and blues","blues","cajun","latin rock","","","","","",""
"793","Larry Williams","https://en.wikipedia.org/wiki/Larry_Williams","rock and roll","r&b","funk","soul","","","","","","","","",""
"800","Eric Burdon","https://en.wikipedia.org/wiki/Eric_Burdon","rock","r&b","soul","funk","blues","","","","","","","",""
"807","David Lanz","https://en.wikipedia.org/wiki/David_Lanz","new age","jazz music","","","","","","","","","","",""
"815","Tears for Fears","https://en.wikipedia.org/wiki/Tears_for_Fears","new wave","pop rock","synth-pop","","","","","","","","","",""
"817","The Flying Pickets","https://en.wikipedia.org/wiki/The_Flying_Pickets","a cappella","","","","","","","","","","","",""
"818","Midge Ure","https://en.wikipedia.org/wiki/Midge_Ure","new wave","synth-pop","post-punk","art rock","hard rock","","","","","","","",""
"827","Pérez Prado","https://en.wikipedia.org/wiki/Pérez_Prado","mambo","","","","","","","","","","","",""
"835","Bauhaus","https://en.wikipedia.org/wiki/Bauhaus_(band)","post-punk","gothic rock","art rock","avant-garde","experimental","","","","","","","",""
"854","Berlin","https://en.wikipedia.org/wiki/Berlin_(band)","new wave","synth-pop","post-punk","","","","","","","","","",""
"875","Herb Alpert","https://en.wikipedia.org/wiki/Herb_Alpert","jazz","latin","funk","pop","r&b","","","","","","","",""
"884","Me First and The Gimme Gimmes","https://en.wikipedia.org/wiki/Me_First_and_the_Gimme_Gimmes","punk rock","pop punk","skate punk","","","","","","","","","",""
"890","Anything Box","https://en.wikipedia.org/wiki/Anything_Box","synth-pop","alternative dance","indie pop","garage rock","","","","","","","","",""
"897","Frannie Golde","https://en.wikipedia.org/wiki/Franne_Golde","pop","r&b","rock","country","","","","","","","","",""
"903","New Musik","https://en.wikipedia.org/wiki/New_Musik","synth-pop","new wave","","","","","","","","","","",""
"922","Dave Brubeck","https://en.wikipedia.org/wiki/Iola_Brubeck","jazz","cool jazz","west coast jazz","third stream","","","","","","","","",""
"922","Dave Brubeck","https://en.wikipedia.org/wiki/Dave_Brubeck","jazz","cool jazz","west coast jazz","third stream","","","","","","","","",""
"924","Claude Nougaro","https://en.wikipedia.org/wiki/Claude_Nougaro","jazz","","","","","","","","","","","",""
"934","Bruce Springsteen","https://en.wikipedia.org/wiki/Bruce_Springsteen","rock","heartland rock","folk","pop rock","","","","","","","","",""
"972","Cliff Richard","https://en.wikipedia.org/wiki/Cliff_Richard","rock and roll","pop","rockabilly","pop rock","ccm","","","","","","","",""
"984","Bobby Womack","https://en.wikipedia.org/wiki/Bobby_Womack","soul","r&b","gospel","blues","doo-wop","funk","soul blues","southern soul","","","","",""
"995","Willie Mae """"Big Mama"""" Thornton","https://en.wikipedia.org/wiki/Big_Mama_Thornton","blues","rhythm and blues","texas blues","","","","","","","","","",""
"998","Melanie","https://en.wikipedia.org/wiki/Melanie_(singer)","folk","pop","country","","","","","","","","","",""
"1000","Little Richard","https://en.wikipedia.org/wiki/Little_Richard","rock and roll","rhythm and blues","gospel","soul","","","","","","","","",""
"1004","All Saints","https://en.wikipedia.org/wiki/All_Saints_(group)","pop","r&b","","","","","","","","","","",""
"1007","P!nk","https://en.wikipedia.org/wiki/Pink_(singer)","pop","pop rock","r&b","","","","","","","","","",""
"1016","Axelle Red","https://en.wikipedia.org/wiki/Axelle_Red","pop","soul","","","","","","","","","","",""
"1018","Neil Sedaka","https://en.wikipedia.org/wiki/Neil_Sedaka","pop","brill building","rock and roll","doo-wop","","","","","","","","",""
"1023","The Human League","https://en.wikipedia.org/wiki/The_Human_League","synth-pop","new wave","electronic","new pop","","","","","","","","",""
"1027","Johnnie Ray","https://en.wikipedia.org/wiki/Johnnie_Ray","jazz","blues","rock and roll","traditional pop","","","","","","","","",""
"1031","Mike Oldfield","https://en.wikipedia.org/wiki/Mike_Oldfield","progressive rock","world","folk","classical","ambient","new-age","pop","experimental","minimalist","","","",""
"1033","Daniel Balavoine","https://en.wikipedia.org/wiki/Daniel_Balavoine","rock","synthpop","world","","","","","","","","","",""
"1038","Bette Midler","https://en.wikipedia.org/wiki/Bette_Midler","traditional pop","vocal","pop","musical comedy","","","","","","","","",""
"1042","The Lilac Time","https://en.wikipedia.org/wiki/The_Lilac_Time","alternative rock","folk rock","","","","","","","","","","",""
"1044","James","https://en.wikipedia.org/wiki/James_(band)","indie pop","madchester","alternative rock","britpop","","","","","","","","",""
"1045","Jean-Louis Murat","https://en.wikipedia.org/wiki/Jean-Louis_Murat","pop rock","new wave","","","","","","","","","","",""
"1056","Trisha Yearwood","https://en.wikipedia.org/wiki/Trisha_Yearwood","country","country pop","adult contemporary","","","","","","","","","",""
"1060","Bono","https://en.wikipedia.org/wiki/Bono","rock","alternative rock","pop rock","post-punk","","","","","","","","",""
"1061","Chris Botti","https://en.wikipedia.org/wiki/Chris_Botti","jazz","smooth jazz","pop","","","","","","","","","",""
"1066","Suzanne Vega","https://en.wikipedia.org/wiki/Suzanne_Vega","alternative rock","folk rock","","","","","","","","","","",""
"1083","Vincent DiCola","https://en.wikipedia.org/wiki/Vince_DiCola","electronic","new wave","synthpop","film score","dance","","","","","","","",""
"1088","Vanessa-Mae","https://en.wikipedia.org/wiki/Vanessa-Mae","classical","techno","synth-pop","electropop","fantasia","","","","","","","",""
"1095","Mel Tormé","https://en.wikipedia.org/wiki/Mel_Tormé","traditional pop","jazz","","","","","","","","","","",""
"1096","Irving Berlin","https://en.wikipedia.org/wiki/Irving_Berlin","popular songs","ragtime","broadway","musicals","show tunes","","","","","","","",""
"1108","Elliott Smith","https://en.wikipedia.org/wiki/Elliott_Smith","indie folk","indie pop","indie rock","lo-fi","","","","","","","","",""
"1126","Jeff Beck","https://en.wikipedia.org/wiki/Jeff_Beck","blues rock","hard rock","instrumental rock","jazz fusion","progressive rock","","","","","","","",""
"1137","Desmond Dekker","https://en.wikipedia.org/wiki/Desmond_Dekker","ska","rocksteady","reggae","","","","","","","","","",""
"1164","Sarah McLachlan","https://en.wikipedia.org/wiki/Sarah_McLachlan","pop","pop rock","soft rock","","","","","","","","","",""
"1175","Bernadette Peters","https://en.wikipedia.org/wiki/Bernadette_Peters","","","","","","","","","","","","",""
"1178","Billy Preston","https://en.wikipedia.org/wiki/Billy_Preston","r&b","soul","funk","rock","gospel","","","","","","","",""
"1198","Rick Wakeman","https://en.wikipedia.org/wiki/Rick_Wakeman","progressive rock","classical","ambient","new-age","christian","instrumental rock","","","","","","",""
"1229","Annie Lennox","https://en.wikipedia.org/wiki/Annie_Lennox","pop","pop rock","rock","soul","blue-eyed soul","new wave","r&b","synth-pop","electronic","jazz","","",""
"1232","Talking Heads","https://en.wikipedia.org/wiki/Talking_Heads","new wave","post-punk","avant-funk","art pop","worldbeat","","","","","","","",""
"1233","The Blue Nile","https://en.wikipedia.org/wiki/The_Blue_Nile_(band)","sophisti-pop","synth-pop","art rock","","","","","","","","","",""
"1238","Tina Turner","https://en.wikipedia.org/wiki/Tina_Turner","rock","r&b","soul","pop","rock and roll","","","","","","","",""
"1241","The Sugarcubes","https://en.wikipedia.org/wiki/The_Sugarcubes","alternative rock","post-punk","avant-pop","post-rock","","","","","","","","",""
"1254","Traffic","https://en.wikipedia.org/wiki/Traffic_(band)","progressive rock","psychedelic rock","jazz rock","folk rock","psychedelic pop","","","","","","","",""
"1262","Disturbed","https://en.wikipedia.org/wiki/Disturbed_(band)","heavy metal","alternative metal","hard rock","nu metal","","","","","","","","",""
"1267","Fu Manchu","https://en.wikipedia.org/wiki/Fu_Manchu_(band)","stoner rock","","","","","","","","","","","",""
"1269","Racer X","https://en.wikipedia.org/wiki/Racer_X_(band)","heavy metal","speed metal","neoclassical metal","","","","","","","","","",""
"1271","Fozzy","https://en.wikipedia.org/wiki/Fozzy","heavy metal","hard rock","alternative metal","","","","","","","","","",""
"1273","Iron Maiden","https://en.wikipedia.org/wiki/Iron_Maiden","heavy metal","","","","","","","","","","","",""
"1274","Mötley Crüe","https://en.wikipedia.org/wiki/Mötley_Crüe","heavy metal","glam metal","hard rock","","","","","","","","","",""
"1276","Judas Priest","https://en.wikipedia.org/wiki/Judas_Priest","heavy metal","","","","","","","","","","","",""
"1277","W.A.S.P.","https://en.wikipedia.org/wiki/W.A.S.P._(band)","heavy metal","glam metal","shock rock","","","","","","","","","",""
"1278","Accept","https://en.wikipedia.org/wiki/Accept_(band)","heavy metal","","","","","","","","","","","",""
"1297","Opeth","https://en.wikipedia.org/wiki/Opeth","progressive metal","progressive rock","death metal","","","","","","","","","",""
"1302","ZZ Top","https://en.wikipedia.org/wiki/ZZ_Top","blues rock","hard rock","boogie rock","southern rock","","","","","","","","",""
"1308","Colin Newman","https://en.wikipedia.org/wiki/Colin_Newman","punk rock","art punk","post-punk","experimental rock","electronic","alternative rock","","","","","","",""
"1309","Blackstreet","https://en.wikipedia.org/wiki/Blackstreet","r&b","soul","new jack swing","hip hop","","","","","","","","",""
"1320","Laurence Juber","https://en.wikipedia.org/wiki/Laurence_Juber","pop","rock","folk","country","blues","jazz","","","","","","",""
"1331","Paul Di'Anno","https://en.wikipedia.org/wiki/Paul_Di'Anno","heavy metal","","","","","","","","","","","",""
"1332","Harry Chapin","https://en.wikipedia.org/wiki/Harry_Chapin","folk rock","pop rock","","","","","","","","","","",""
"1333","Ugly Kid Joe","https://en.wikipedia.org/wiki/Ugly_Kid_Joe","hard rock","heavy metal","alternative metal","funk metal","glam metal","","","","","","","",""
"1339","They Might Be Giants","https://en.wikipedia.org/wiki/They_Might_Be_Giants","alternative rock","art rock","power pop","childrens music","geek rock","","","","","","","",""
"1344","Serge Gainsbourg","https://en.wikipedia.org/wiki/Serge_Gainsbourg","french pop","rock","jazz","","","","","","","","","",""
"1346","Jane Birkin","https://en.wikipedia.org/wiki/Jane_Birkin","","","","","","","","","","","","",""
"1347","Brigitte Bardot","https://en.wikipedia.org/wiki/Brigitte_Bardot","","","","","","","","","","","","",""
"1380","Stone Temple Pilots","https://en.wikipedia.org/wiki/Stone_Temple_Pilots","alternative rock","grunge","hard rock","alternative metal","psychedelic rock","","","","","","","",""
"1381","Creed","https://en.wikipedia.org/wiki/Creed_(band)","post-grunge","hard rock","alternative rock","alternative metal","","","","","","","","",""
"1382","Train","https://en.wikipedia.org/wiki/Train_(band)","rock","pop rock","roots rock","","","","","","","","","",""
"1386","Oleander","https://en.wikipedia.org/wiki/Oleander_(band)","post-grunge","alternative rock","","","","","","","","","","",""
"1388","The Cult","https://en.wikipedia.org/wiki/The_Cult","hard rock","gothic rock","alternative rock","heavy metal","post-punk","","","","","","","",""
"1391","New Order","https://en.wikipedia.org/wiki/New_Order_(band)","synth-pop","post-punk","alternative dance","new wave","","","","","","","","",""
"1393","Reel Big Fish","https://en.wikipedia.org/wiki/Reel_Big_Fish","ska punk","","","","","","","","","","","",""
"1394","Goldfinger","https://en.wikipedia.org/wiki/Goldfinger_(band)","pop-punk","ska punk","","","","","","","","","","",""
"1398","Less Than Jake","https://en.wikipedia.org/wiki/Less_Than_Jake","ska punk","pop-punk","punk rock","skate punk","","","","","","","","",""
"1407","Shakin' Stevens","https://en.wikipedia.org/wiki/Shakin'_Stevens","rockabilly","rock and roll","","","","","","","","","","",""
"1408","John Prine","https://en.wikipedia.org/wiki/John_Prine","country-folk","progressive country","americana","","","","","","","","","",""
"1410","Merle Travis","https://en.wikipedia.org/wiki/Merle_Travis","country","western swing","blues","folk","gospel","americana","","","","","","",""
"1411","Townes Van Zandt","https://en.wikipedia.org/wiki/Townes_Van_Zandt","progressive country","contemporary folk","country blues","outlaw country","","","","","","","","",""
"1415","Don Gibson","https://en.wikipedia.org/wiki/Don_Gibson","country","","","","","","","","","","","",""
"1416","John D. Loudermilk","https://en.wikipedia.org/wiki/John_D._Loudermilk","country","pop","","","","","","","","","","",""
"1417","Arthur Gunter","https://en.wikipedia.org/wiki/Arthur_Gunter","blues","r&b","","","","","","","","","","",""
"1419","Eddie Hinton","https://en.wikipedia.org/wiki/Eddie_Hinton","","","","","","","","","","","","",""
"1420","Rolf Harris","https://en.wikipedia.org/wiki/Rolf_Harris","","","","","","","","","","","","",""
"1424","Judy Garland","https://en.wikipedia.org/wiki/Judy_Garland","traditional pop","jazz","swing","vaudeville","","","","","","","","",""
"1433","Delbert McClinton","https://en.wikipedia.org/wiki/Delbert_McClinton","americana","blues rock","electric blues","roots rock","country","","","","","","","",""
"1440","Jesse Winchester","https://en.wikipedia.org/wiki/Jesse_Winchester","country","country rock","folk","","","","","","","","","",""
"1444","Bobby Bare","https://en.wikipedia.org/wiki/Bobby_Bare","country","progressive country","","","","","","","","","","",""
"1446","Gram Parsons","https://en.wikipedia.org/wiki/Gram_Parsons","progressive country","country rock","folk rock","americana","","","","","","","","",""
"1455","Sixpence None The Richer","https://en.wikipedia.org/wiki/Sixpence_None_the_Richer","alternative rock","","","","","","","","","","","",""
"1460","Bob Gibson","https://en.wikipedia.org/wiki/Bob_Gibson_(musician)","folk","","","","","","","","","","","",""
"1464","Dexys Midnight Runners","https://en.wikipedia.org/wiki/Dexys_Midnight_Runners","pop rock","new wave","blue-eyed soul","celtic folk","","","","","","","","",""
"1465","Ian Hunter","https://en.wikipedia.org/wiki/Ian_Hunter_(singer)","hard rock","glam rock","","","","","","","","","","",""
"1466","The Pointer Sisters","https://en.wikipedia.org/wiki/The_Pointer_Sisters","r&b","soul","pop","dance","country","","","","","","","",""
"1467","The Monkees","https://en.wikipedia.org/wiki/The_Monkees","pop rock","rock","bubblegum","psychedelia","","","","","","","","",""
"1469","Big Joe Turner","https://en.wikipedia.org/wiki/Big_Joe_Turner","jump blues","swing","r&b","rock and roll","","","","","","","","",""
"1480","Brian Wilson","https://en.wikipedia.org/wiki/Brian_Wilson","rock","pop","","","","","","","","","","",""
"1481","Bob Seger","https://en.wikipedia.org/wiki/Bob_Seger","rock","heartland rock","","","","","","","","","","",""
"1490","J.B. Lenoir","https://en.wikipedia.org/wiki/J._B._Lenoir","blues","chicago blues","","","","","","","","","","",""
"1496","Billie Holiday","https://en.wikipedia.org/wiki/Billie_Holiday","jazz","swing","blues","traditional pop","","","","","","","","",""
"1500","Emmylou Harris","https://en.wikipedia.org/wiki/Emmylou_Harris","americana","country","country rock","folk","outlaw country","progressive country","","","","","","",""
"1502","James Taylor","https://en.wikipedia.org/wiki/James_Taylor","soft rock","folk","","","","","","","","","","",""
"1503","Merle Haggard","https://en.wikipedia.org/wiki/Merle_Haggard","country","outlaw country","bakersfield sound","","","","","","","","","",""
"1508","Avril Lavigne","https://en.wikipedia.org/wiki/Avril_Lavigne","pop-punk","alternative rock","pop rock","pop","","","","","","","","",""
"1509","Beth Orton","https://en.wikipedia.org/wiki/Beth_Orton","folktronica","folk rock","trip hop","","","","","","","","","",""
"1515","Nazareth","https://en.wikipedia.org/wiki/Nazareth_(band)","hard rock","heavy metal","blues rock","","","","","","","","","",""
"1516","AC/DC","https://en.wikipedia.org/wiki/AC/DC","hard rock","blues rock","rock and roll","heavy metal","","","","","","","","",""
"1520","Gary Glitter","https://en.wikipedia.org/wiki/Gary_Glitter","glam rock","rock and roll","pop rock","hard rock","disco","","","","","","","",""
"1533","Kiss","https://en.wikipedia.org/wiki/Kiss_(band)","hard rock","heavy metal","shock rock","glam metal","","","","","","","","",""
"1543","Joan Jett","https://en.wikipedia.org/wiki/Joan_Jett","rock","hard rock","punk rock","","","","","","","","","",""
"1544","Sonny Curtis","https://en.wikipedia.org/wiki/Sonny_Curtis","rock and roll","country","pop","","","","","","","","","",""
"1547","The Wild Ones","https://en.wikipedia.org/wiki/The_Wild_Ones_(American_band)","rock and roll","pop","","","","","","","","","","",""
"1549","Slade","https://en.wikipedia.org/wiki/Slade","glam rock","hard rock","","","","","","","","","","",""
"1550","Free","https://en.wikipedia.org/wiki/Free_(band)","hard rock","blues rock","rock","","","","","","","","","",""
"1552","Linda Lewis","https://en.wikipedia.org/wiki/Linda_Lewis","pop","soul","folk","rock","ska","funk","","","","","","",""
"1554","Joe Walsh","https://en.wikipedia.org/wiki/Joe_Walsh","hard rock","blues rock","pop rock","progressive rock","country rock","","","","","","","",""
"1561","Olivia Newton-John","https://en.wikipedia.org/wiki/Olivia_Newton-John","pop","country","country pop","soft rock","","","","","","","","",""
"1566","Sam & Dave","https://en.wikipedia.org/wiki/Sam_&_Dave","soul","r&b","southern soul","rock and roll","","","","","","","","",""
"1567","Eddie Floyd","https://en.wikipedia.org/wiki/Eddie_Floyd","r&b","soul","memphis soul","southern soul","","","","","","","","",""
"1570","Bill Withers","https://en.wikipedia.org/wiki/Bill_Withers","r&b","soul","","","","","","","","","","",""
"1571","Roy Orbison","https://en.wikipedia.org/wiki/Roy_Orbison","rock","pop","country","rock and roll","rockabilly","","","","","","","",""
"1574","John Travolta","https://en.wikipedia.org/wiki/John_Travolta","","","","","","","","","","","","",""
"1579","Peter Cetera","https://en.wikipedia.org/wiki/Peter_Cetera","rock","soft rock","jazz fusion","","","","","","","","","",""
"1585","Peter Emmett","https://en.wikipedia.org/wiki/Sonny_Geraci","pop","","","","","","","","","","","",""
"1590","The Bobs","https://en.wikipedia.org/wiki/The_Bobs","new wave","a cappella","","","","","","","","","","",""
"1599","Butthole Surfers","https://en.wikipedia.org/wiki/Butthole_Surfers","noise rock","experimental rock","alternative rock","psychedelic rock","art punk","hardcore punk","","","","","","",""
"1603","Syl Johnson","https://en.wikipedia.org/wiki/Syl_Johnson","r&b","blues","","","","","","","","","","",""
"1610","Buddy Miles","https://en.wikipedia.org/wiki/Buddy_Miles","funk","rock","r&b","jazz fusion","soul","","","","","","","",""
"1618","Ruth Etting","https://en.wikipedia.org/wiki/Ruth_Etting","","","","","","","","","","","","",""
"1619","Bobby Caldwell","https://en.wikipedia.org/wiki/Bobby_Caldwell","r&b","blue-eyed soul","smooth jazz","pop rock","soft rock","adult contemporary","","","","","","",""
"1621","Bobby Freeman","https://en.wikipedia.org/wiki/Bobby_Freeman","soul","rhythm and blues","pop","","","","","","","","","",""
"1628","Wanda Jackson","https://en.wikipedia.org/wiki/Wanda_Jackson","rockabilly","rock and roll","country","gospel","","","","","","","","",""
"1630","Waylon Jennings","https://en.wikipedia.org/wiki/Waylon_Jennings","country","outlaw country","progressive country","country rock","","","","","","","","",""
"1631","Jean Shepard","https://en.wikipedia.org/wiki/Jean_Shepard","country","bakersfield sound","honky tonk","nashville sound","traditional country","","","","","","","",""
"1636","Steve Young","https://en.wikipedia.org/wiki/Steve_Young_(musician)","country rock","americana","alternative country","outlaw country","","","","","","","","",""
"1637","Françoise Hardy","https://en.wikipedia.org/wiki/Françoise_Hardy","french pop","y-y","chanson","","","","","","","","","",""
"1640","Marianne Faithfull","https://en.wikipedia.org/wiki/Marianne_Faithfull","rock","folk","alternative","blues","jazz","","","","","","","",""
"1642","Aimee Mann","https://en.wikipedia.org/wiki/Aimee_Mann","alternative rock","","","","","","","","","","","",""
"1643","Rufus Wainwright","https://en.wikipedia.org/wiki/Rufus_Wainwright","baroque pop","art pop","pop rock","soft rock","indie pop","indie rock","opera","","","","","",""
"1644","The Wallflowers","https://en.wikipedia.org/wiki/The_Wallflowers","rock","roots rock","alternative rock","","","","","","","","","",""
"1645","Eddie Vedder","https://en.wikipedia.org/wiki/Eddie_Vedder","alternative rock","grunge","hard rock","folk rock","","","","","","","","",""
"1647","The Vines","https://en.wikipedia.org/wiki/The_Vines_(band)","alternative rock","garage rock","post-grunge","post-punk revival","neo-psychedelia","","","","","","","",""
"1648","Stereophonics","https://en.wikipedia.org/wiki/Stereophonics","rock","","","","","","","","","","","",""
"1649","The Black Crowes","https://en.wikipedia.org/wiki/The_Black_Crowes","southern rock","blues rock","hard rock","roots rock","jam band","","","","","","","",""
"1653","Grandaddy","https://en.wikipedia.org/wiki/Grandaddy","indie rock","space rock","psychedelic rock","lo-fi","","","","","","","","",""
"1657","Buck Owens","https://en.wikipedia.org/wiki/Buck_Owens","country","bakersfield sound","","","","","","","","","","",""
"1660","Sonny Bono","https://en.wikipedia.org/wiki/Sonny_Bono","pop","pop rock","folk","rock","","","","","","","","",""
"1663","Phil Ochs","https://en.wikipedia.org/wiki/Phil_Ochs","folk","protest music","folk rock","baroque pop","","","","","","","","",""
"1664","Foreigner","https://en.wikipedia.org/wiki/Foreigner_(band)","hard rock","soft rock","arena rock","","","","","","","","","",""
"1667","Jim Croce","https://en.wikipedia.org/wiki/Jim_Croce","folk","soft rock","","","","","","","","","","",""
"1677","Michael McDonald","https://en.wikipedia.org/wiki/Michael_McDonald_(musician)","blue-eyed soul","r&b","pop","rock","yacht rock","soft rock","","","","","","",""
"1679","Cheryl Wheeler","https://en.wikipedia.org/wiki/Cheryl_Wheeler","folk","country","","","","","","","","","","",""
"1686","Jules Shear","https://en.wikipedia.org/wiki/Jules_Shear","pop","","","","","","","","","","","",""
"1688","In Extremo","https://en.wikipedia.org/wiki/In_Extremo","medieval metal","folk metal","folk rock","neo-medieval music","","","","","","","","",""
"1691","Mike Heron","https://en.wikipedia.org/wiki/Mike_Heron","","","","","","","","","","","","",""
"1695","The Lightning Seeds","https://en.wikipedia.org/wiki/The_Lightning_Seeds","alternative rock","pop rock","indie pop","britpop","","","","","","","","",""
"1696","Burt Bacharach","https://en.wikipedia.org/wiki/Burt_Bacharach","orchestral pop","easy listening","lounge pop","","","","","","","","","",""
"1700","The Real Group","https://en.wikipedia.org/wiki/The_Real_Group","a cappella","vocal jazz","pop","","","","","","","","","",""
"1712","Meat Loaf","https://en.wikipedia.org/wiki/Meat_Loaf","rock","hard rock","","","","","","","","","","",""
"1717","Samiam","https://en.wikipedia.org/wiki/Samiam","punk rock","hardcore punk","pop-punk","melodic hardcore","emo","","","","","","","",""
"1720","Earth, Wind & Fire","https://en.wikipedia.org/wiki/Earth,_Wind_&_Fire","r&b","soul","funk","pop","disco","progressive soul","","","","","","",""
"1739","The Undisputed Truth","https://en.wikipedia.org/wiki/The_Undisputed_Truth","psychedelic soul","psychedelic funk","r&b","","","","","","","","","",""
"1746","Fats Domino","https://en.wikipedia.org/wiki/Fats_Domino","new orleans r&b","rock and roll","boogie-woogie","blues","","","","","","","","",""
"1747","Bad Brains","https://en.wikipedia.org/wiki/Bad_Brains","hardcore punk","punk rock","heavy metal","reggae","","","","","","","","",""
"1751","Randy California","https://en.wikipedia.org/wiki/Randy_California","","","","","","","","","","","","",""
"1752","Electric Light Orchestra","https://en.wikipedia.org/wiki/Electric_Light_Orchestra","progressive pop","progressive rock","orchestral pop","art rock","","","","","","","","",""
"1760","Anne Murray","https://en.wikipedia.org/wiki/Anne_Murray","country","soft rock","pop","adult contemporary","","","","","","","","",""
"1763","Lloyd Price","https://en.wikipedia.org/wiki/Lloyd_Price","rhythm and blues","rock and roll","new orleans r&b","soul","","","","","","","","",""
"1765","Mongo Santamaría","https://en.wikipedia.org/wiki/Mongo_Santamaría","pachanga","boogaloo","salsa","latin jazz","","","","","","","","",""
"1766","Type O Negative","https://en.wikipedia.org/wiki/Type_O_Negative","gothic metal","doom metal","","","","","","","","","","",""
"1768","Whitesnake","https://en.wikipedia.org/wiki/Whitesnake","hard rock","blues rock","glam metal","","","","","","","","","",""
"1774","Jimmy Barnes","https://en.wikipedia.org/wiki/Jimmy_Barnes","hard rock","blues rock","soul","r&b","country","country rock","electronic","","","","","",""
"1775","The Four Seasons","https://en.wikipedia.org/wiki/The_Four_Seasons_(band)","pop rock","pop","soul","doo-wop","rock and roll","","","","","","","",""
"1778","Yellow Magic Orchestra","https://en.wikipedia.org/wiki/Yellow_Magic_Orchestra","electronic","electro-pop","synth-pop","ambient","art pop","avant-garde","electro","experimental","hip-hop","house","new","wave","techno"
"1794","Siouxsie & The Banshees","https://en.wikipedia.org/wiki/Siouxsie_and_the_Banshees","post-punk","alternative rock","new wave","gothic rock","","","","","","","","",""
"1797","Leslie West","https://en.wikipedia.org/wiki/Leslie_West","rock","hard rock","blues rock","heavy metal","","","","","","","","",""
"1798","Lucio Battisti","https://en.wikipedia.org/wiki/Lucio_Battisti","pop rock","soft rock","rhythm and blues","progressive rock","latin pop","disco","synth-pop","","","","","",""
"1811","Rufus Thomas","https://en.wikipedia.org/wiki/Rufus_Thomas","r&b","southern soul","blues","dance","funk","","","","","","","",""
"1816","Average White Band","https://en.wikipedia.org/wiki/Average_White_Band","blue-eyed soul","disco","funk","pop rock","soul","","","","","","","",""
"1818","Chris Rea","https://en.wikipedia.org/wiki/Chris_Rea","pop rock","soft rock","electric blues","blues rock","","","","","","","","",""
"1819","Smokey Robinson","https://en.wikipedia.org/wiki/Smokey_Robinson","r&b","soul","pop","","","","","","","","","",""
"1868","Fleetwood Mac","https://en.wikipedia.org/wiki/Fleetwood_Mac","pop rock","soft rock","blues rock","art pop","","","","","","","","",""
"1878","Europe","https://en.wikipedia.org/wiki/Europe_(band)","arena rock","hard rock","glam metal","blues rock","heavy metal","","","","","","","",""
"1879","Johnny """"Guitar"""" Watson","https://en.wikipedia.org/wiki/Johnny_""Guitar""_Watson","rhythm and blues","funk","soul","","","","","","","","","",""
"1881","Bobby Goldsboro","https://en.wikipedia.org/wiki/Bobby_Goldsboro","country","adult contemporary","pop","","","","","","","","","",""
"1882","Kenny Rogers","https://en.wikipedia.org/wiki/Kenny_Rogers","country","pop","soft rock","","","","","","","","","",""
"1886","Hank Williams","https://en.wikipedia.org/wiki/Hank_Williams","country","western","honky-tonk","gospel","blues","rockabilly","","","","","","",""
"1890","Joy Division","https://en.wikipedia.org/wiki/Joy_Division","post-punk","new wave","gothic rock","","","","","","","","","",""
"1895","Garbage","https://en.wikipedia.org/wiki/Garbage_(band)","alternative rock","electronic rock","dance-rock","trip hop","industrial rock","","","","","","","",""
"1897","Jim Reeves","https://en.wikipedia.org/wiki/Jim_Reeves","country","nashville sound","gospel","blues","western swing","","","","","","","",""
"1898","Carly Simon","https://en.wikipedia.org/wiki/Carly_Simon","soft rock","pop rock","folk","","","","","","","","","",""
"1899","Charles Trenet","https://en.wikipedia.org/wiki/Charles_Trenet","jazz","easy listening","","","","","","","","","","",""
"1902","Genesis","https://en.wikipedia.org/wiki/Genesis_(band)","progressive rock","art rock","pop rock","progressive pop","soft rock","","","","","","","",""
"1907","Eddie Miller","https://en.wikipedia.org/wiki/Eddie_Miller_(songwriter)","","","","","","","","","","","","",""
"1909","Tiamat","https://en.wikipedia.org/wiki/Tiamat_(band)","gothic metal","gothic rock","blackened death metal","symphonic black metal","","","","","","","","",""
"1913","God Lives Underwater","https://en.wikipedia.org/wiki/God_Lives_Underwater","industrial rock","electronic rock","techno","industrial metal","alternative metal","","","","","","","",""
"1914","Failure","https://en.wikipedia.org/wiki/Failure_(band)","alternative rock","post-grunge","alternative metal","art rock","space rock","shoegaze","post-hardcore","","","","","",""
"1916","Veruca Salt","https://en.wikipedia.org/wiki/Veruca_Salt","alternative rock","grunge","indie rock","power pop","","","","","","","","",""
"1917","Meat Beat Manifesto","https://en.wikipedia.org/wiki/Meat_Beat_Manifesto","breakbeat","electronic","industrial","","","","","","","","","",""
"1919","Self","https://en.wikipedia.org/wiki/Self_(band)","power pop","art rock","alternative rock","new wave","","","","","","","","",""
"1920","Monster Magnet","https://en.wikipedia.org/wiki/Monster_Magnet","stoner rock","space rock","hard rock","heavy metal","","","","","","","","",""
"1923","Deftones","https://en.wikipedia.org/wiki/Deftones","alternative metal","art rock","shoegaze","nu metal","","","","","","","","",""
"1924","Rammstein","https://en.wikipedia.org/wiki/Rammstein","neue deutsche hrte","industrial metal","","","","","","","","","","",""
"1941","Robert Burns","https://en.wikipedia.org/wiki/Robert_Burns","","","","","","","","","","","","",""
"1943","Eddi Reader","https://en.wikipedia.org/wiki/Eddi_Reader","pop","folk","jazz","","","","","","","","","",""
"1944","Loudon Wainwright III","https://en.wikipedia.org/wiki/Loudon_Wainwright_III","folk","rock","blues","comedy","","","","","","","","",""
"1945","Steve Earle","https://en.wikipedia.org/wiki/Steve_Earle","alternative country","country rock","outlaw country","contemporary folk","","","","","","","","",""
"1954","Culture Club","https://en.wikipedia.org/wiki/Culture_Club","new wave","soft rock","blue-eyed soul","reggae","","","","","","","","",""
"1958","Barbara Dickson","https://en.wikipedia.org/wiki/Barbara_Dickson","","","","","","","","","","","","",""
"1962","Cleopatra","https://en.wikipedia.org/wiki/Cleopatra_(group)","r&b","pop","","","","","","","","","","",""
"1963","Tina Cousins","https://en.wikipedia.org/wiki/Tina_Cousins","electronic","dance-pop","hi-nrg","eurodance","vocal trance","","","","","","","",""
"1967","Dwight Yoakam","https://en.wikipedia.org/wiki/Dwight_Yoakam","country","country rock","alternative country","bakersfield sound","","","","","","","","",""
"1968","Jackson C. Frank","https://en.wikipedia.org/wiki/Jackson_C._Frank","folk","","","","","","","","","","","",""
"1969","Gillian Welch","https://en.wikipedia.org/wiki/Gillian_Welch","country","bluegrass","folk","americana","","","","","","","","",""
"1973","Eddy Arnold","https://en.wikipedia.org/wiki/Eddy_Arnold","country","gospel","pop","","","","","","","","","",""
"1975","Donnie Fritts","https://en.wikipedia.org/wiki/Donnie_Fritts","","","","","","","","","","","","",""
"1976","Gale Garnett","https://en.wikipedia.org/wiki/Gale_Garnett","folk","pop","","","","","","","","","","",""
"1977","Bob Lind","https://en.wikipedia.org/wiki/Bob_Lind","folk","","","","","","","","","","","",""
"2004","Etta James","https://en.wikipedia.org/wiki/Etta_James","gospel","blues","jazz","r&b","rock and roll","soul","","","","","","",""
"2009","Gil Scott-Heron","https://en.wikipedia.org/wiki/Gil_Scott-Heron","soul","jazz-funk","jazz poetry","funk","proto-rap","r&b","progressive soul","","","","","",""
"2020","Del Shannon","https://en.wikipedia.org/wiki/Del_Shannon","rock and roll","country","","","","","","","","","","",""
"2024","Skip James","https://en.wikipedia.org/wiki/Skip_James","delta blues","country blues","gospel blues","","","","","","","","","",""
"2025","Leroy Carr","https://en.wikipedia.org/wiki/Leroy_Carr","blues","","","","","","","","","","","",""
"2026","Blind Willie McTell","https://en.wikipedia.org/wiki/Blind_Willie_McTell","country blues","piedmont blues","ragtime","delta blues","gospel","","","","","","","",""
"2027","Dead Kennedys","https://en.wikipedia.org/wiki/Dead_Kennedys","punk rock","hardcore punk","","","","","","","","","","",""
"2029","Angélique Kidjo","https://en.wikipedia.org/wiki/Angélique_Kidjo","afropop","afrobeat","reggae","world music","world fusion","worldbeat","jazz","gospel","latin","","","",""
"2031","The Beat","https://en.wikipedia.org/wiki/The_Beat_(British_band)","new wave","ska","two-tone","reggae rock","post-punk","","","","","","","",""
"2033","Andy Williams","https://en.wikipedia.org/wiki/Andy_Williams","traditional pop","easy listening","","","","","","","","","","",""
"2036","The Cranberries","https://en.wikipedia.org/wiki/The_Cranberries","alternative rock","indie rock","pop rock","jangle pop","post-punk","dream pop","","","","","","",""
"2043","Bon Jovi","https://en.wikipedia.org/wiki/Bon_Jovi","hard rock","glam metal","arena rock","pop rock","","","","","","","","",""
"2051","The Prodigy","https://en.wikipedia.org/wiki/The_Prodigy","big beat","rave","alternative dance","electronic rock","electropunk","breakbeat","","","","","","",""
"2055","Mose Allison","https://en.wikipedia.org/wiki/Mose_Allison","jazz","jazz blues","blues","","","","","","","","","",""
"2059","Mississippi Sheiks","https://en.wikipedia.org/wiki/Mississippi_Sheiks","delta blues","country blues","","","","","","","","","","",""
"2060","Nanci Griffith","https://en.wikipedia.org/wiki/Nanci_Griffith","country","country folk","americana","neotraditional country","","","","","","","","",""
"2067","Tammy Wynette","https://en.wikipedia.org/wiki/Tammy_Wynette","country","nashville sound","","","","","","","","","","",""
"2072","Toto","https://en.wikipedia.org/wiki/Toto_(band)","arena rock","pop rock","hard rock","jazz fusion","progressive rock","","","","","","","",""
"2077","Claude François","https://en.wikipedia.org/wiki/Claude_François","pop","","","","","","","","","","","",""
"2078","Paul Anka","https://en.wikipedia.org/wiki/Paul_Anka","pop","soft rock","jazz","doo-wop","rock and roll","swing","","","","","","",""
"2079","Gipsy Kings","https://en.wikipedia.org/wiki/Gipsy_Kings","catalan rumba","flamenco","pop","rock","salsa","","","","","","","",""
"2079","Gipsy Kings","https://en.wikipedia.org/wiki/Nicolas_Reyes","catalan rumba","flamenco","pop","rock","salsa","","","","","","","",""
"2080","Badfinger","https://en.wikipedia.org/wiki/Badfinger","rock","power pop","","","","","","","","","","",""
"2083","Brahim","https://en.wikipedia.org/wiki/Brahim_Attaeb","r&b","","","","","","","","","","","",""
"2085","Lionel Richie","https://en.wikipedia.org/wiki/Lionel_Richie","soul","pop","r&b","","","","","","","","","",""
"2090","Faster Pussycat","https://en.wikipedia.org/wiki/Faster_Pussycat","hard rock","glam metal","glam punk","blues rock","industrial rock","","","","","","","",""
"2102","Nick Drake","https://en.wikipedia.org/wiki/Nick_Drake","folk","chamber folk","folk-pop","folk-rock","","","","","","","","",""
"2106","Hank Snow","https://en.wikipedia.org/wiki/Hank_Snow","country","","","","","","","","","","","",""
"2111","Alison Krauss","https://en.wikipedia.org/wiki/Alison_Krauss","bluegrass","country","pop","","","","","","","","","",""
"2119","Patrick Bruel","https://en.wikipedia.org/wiki/Patrick_Bruel","","","","","","","","","","","","",""
"2128","Rocco Granata","https://en.wikipedia.org/wiki/Rocco_Granata","","","","","","","","","","","","",""
"2132","Georges Brassens","https://en.wikipedia.org/wiki/Georges_Brassens","chanson","folk","acoustic","","","","","","","","","",""
"2138","John Martyn","https://en.wikipedia.org/wiki/John_Martyn","blues rock","progressive rock","folk-rock","jazz rock","citation needed","","","","","","","",""
"2140","Johnny Burnette","https://en.wikipedia.org/wiki/Johnny_Burnette","rockabilly","rock and roll","","","","","","","","","","",""
"2145","Enya","https://en.wikipedia.org/wiki/Enya","new-age","celtic","pop","world","","","","","","","","",""
"2147","Teena Marie","https://en.wikipedia.org/wiki/Teena_Marie","soul","r&b","funk","hip hop","jazz","disco","","","","","","",""
"2148","Chicane","https://en.wikipedia.org/wiki/Chicane_(musician)","electronic","trance","house","balearic","ambient","chill-out","","","","","","",""
"2152","Máire Brennan","https://en.wikipedia.org/wiki/Moya_Brennan","irish traditional","celtic","folk","new-age","contemporary christian music","","","","","","","",""
"2153","The Ataris","https://en.wikipedia.org/wiki/The_Ataris","pop-punk","emo","punk rock","","","","","","","","","",""
"2156","Dale Hawkins","https://en.wikipedia.org/wiki/Dale_Hawkins","rockabilly","rock and roll","swamp rock","","","","","","","","","",""
"2166","Tony Joe White","https://en.wikipedia.org/wiki/Tony_Joe_White","swamp rock","","","","","","","","","","","",""
"2174","Russell Smith","https://en.wikipedia.org/wiki/Russell_Smith_(singer)","country","rock","","","","","","","","","","",""
"2185","Goo Goo Dolls","https://en.wikipedia.org/wiki/Goo_Goo_Dolls","alternative rock","pop rock","post-grunge","punk rock","","","","","","","","",""
"2199","Alex Harvey","https://en.wikipedia.org/wiki/Alex_Harvey_(musician)","hard rock","glam rock","blues rock","rock and roll","r&b","soul","","","","","","",""
"2200","Terry Reid","https://en.wikipedia.org/wiki/Terry_Reid","hard rock","folk rock","blue-eyed soul","","","","","","","","","",""
"2203","Sarah Connor","https://en.wikipedia.org/wiki/Sarah_Connor_(singer)","pop","r&b","","","","","","","","","","",""
"2213","George Gershwin","https://en.wikipedia.org/wiki/George_Gershwin","","","","","","","","","","","","",""
"2215","Kate Bush","https://en.wikipedia.org/wiki/Kate_Bush","art pop","progressive pop","baroque pop","art rock","","","","","","","","",""
"2218","Sinéad O'Connor","https://en.wikipedia.org/wiki/Sinéad_O'Connor","alternative rock","pop rock","folk rock","","","","","","","","","",""
"2219","Robert Palmer","https://en.wikipedia.org/wiki/Robert_Palmer","rock","pop","blue-eyed soul","hard rock","blues rock","","","","","","","",""
"2245","Olive","https://en.wikipedia.org/wiki/Olive_(band)","electronic","trip hop","breakbeat","","","","","","","","","",""
"2247","Adamski","https://en.wikipedia.org/wiki/Adamski","acid house","house","","","","","","","","","","",""
"2248","Seal","https://en.wikipedia.org/wiki/Seal_(musician)","soul","r&b","pop","dance","rock","","","","","","","",""
"2254","Kansas","https://en.wikipedia.org/wiki/Kansas_(band)","progressive rock","art rock","hard rock","arena rock","","","","","","","","",""
"2255","James Horner","https://en.wikipedia.org/wiki/James_Horner","film score","","","","","","","","","","","",""
"2256","Jefferson Airplane","https://en.wikipedia.org/wiki/Jefferson_Airplane","psychedelic rock","acid rock","folk rock","","","","","","","","","",""
"2263","Placebo","https://en.wikipedia.org/wiki/Placebo_(band)","alternative rock","","","","","","","","","","","",""
"2269","Leon Russell","https://en.wikipedia.org/wiki/Leon_Russell","rock","country","gospel","r&b","","","","","","","","",""
"2270","Carole King","https://en.wikipedia.org/wiki/Carole_King","pop","folk rock","pop rock","soft rock","brill building","blue-eyed soul","","","","","","",""
"2274","The Crystals","https://en.wikipedia.org/wiki/The_Crystals","r&b","pop","rock and roll","","","","","","","","","",""
"2277","Bobby Vee","https://en.wikipedia.org/wiki/Bobby_Vee","pop","rock and roll","brill building","","","","","","","","","",""
"2279","Radiohead","https://en.wikipedia.org/wiki/Radiohead","art rock","alternative rock","electronica","experimental rock","","","","","","","","",""
"2280","Antônio Carlos Jobim","https://en.wikipedia.org/wiki/Antônio_Carlos_Jobim","bossa nova","","","","","","","","","","","",""
"2288","Thelonious Monk","https://en.wikipedia.org/wiki/Thelonious_Monk","jazz","bebop","","","","","","","","","","",""
"2296","Herbie Hancock","https://en.wikipedia.org/wiki/Herbie_Hancock","jazz","post-bop","modal jazz","jazz fusion","jazz-funk","avant-garde jazz","electro","","","","","",""
"2302","Jane Russell","https://en.wikipedia.org/wiki/Jane_Russell","","","","","","","","","","","","",""
"2306","Geoffrey Parsons","https://en.wikipedia.org/wiki/Geoffrey_Parsons_(lyricist)","","","","","","","","","","","","",""
"2307","Barbra Streisand","https://en.wikipedia.org/wiki/Barbra_Streisand","broadway","traditional pop","disco","jazz","","","","","","","","",""
"2314","Everlast","https://en.wikipedia.org/wiki/Everlast","hip hop","folk rock","blues","","","","","","","","","",""
"2318","Eddie Bo","https://en.wikipedia.org/wiki/Eddie_Bo","blues","new orleans r&b","funk","soul","","","","","","","","",""
"2326","Charles King","https://en.wikipedia.org/wiki/Charles_E._King","","","","","","","","","","","","",""
"2338","Barry White","https://en.wikipedia.org/wiki/Barry_White","r&b","soul","disco","","","","","","","","","",""
"2340","The Knack","https://en.wikipedia.org/wiki/The_Knack","power pop","new wave","","","","","","","","","","",""
"2343","Cypress Hill","https://en.wikipedia.org/wiki/Cypress_Hill","west coast hip hop","gangsta rap","hardcore hip hop","psychedelic rap","rap rock","","","","","","","",""
"2346","Bobby Bloom","https://en.wikipedia.org/wiki/Bobby_Bloom","pop","calypso","rock","","","","","","","","","",""
"2353","Jackie Wilson","https://en.wikipedia.org/wiki/Jackie_Wilson","r&b","soul","pop","rock and roll","doo-wop","","","","","","","",""
"2356","Bobby Darin","https://en.wikipedia.org/wiki/Bobby_Darin","pop","swing","folk","rock and roll","","","","","","","","",""
"2361","Lowell Fulson","https://en.wikipedia.org/wiki/Lowell_Fulson","west coast blues","soul blues","","","","","","","","","","",""
"2380","Bobbie Gentry","https://en.wikipedia.org/wiki/Bobbie_Gentry","folk","country","blue-eyed soul","pop","","","","","","","","",""
"2382","Les McCann","https://en.wikipedia.org/wiki/Les_McCann","jazz","soul jazz","","","","","","","","","","",""
"2384","Don Covay","https://en.wikipedia.org/wiki/Don_Covay","r&b","rock and roll","soul","blues","","","","","","","","",""
"2392","Percy Mayfield","https://en.wikipedia.org/wiki/Percy_Mayfield","rhythm and blues","","","","","","","","","","","",""
"2402","Suicidal Tendencies","https://en.wikipedia.org/wiki/Suicidal_Tendencies","crossover thrash","thrash metal","hardcore punk","funk metal","skate punk","","","","","","","",""
"2405","Junior Parker","https://en.wikipedia.org/wiki/Junior_Parker","blues","soul blues","","","","","","","","","","",""
"2406","Rita Marley","https://en.wikipedia.org/wiki/Rita_Marley","reggae","","","","","","","","","","","",""
"2415","The Cardigans","https://en.wikipedia.org/wiki/The_Cardigans","alternative rock","pop rock","indie rock","indie pop","","","","","","","","",""
"2416","Scooter","https://en.wikipedia.org/wiki/Scooter_(band)","techno","happy hardcore","hardcore techno","eurodance","","","","","","","","",""
"2426","Alex Harvey [1]","https://en.wikipedia.org/wiki/Alex_Harvey_(country_musician)","americana","","","","","","","","","","","",""
"2427","New Found Glory","https://en.wikipedia.org/wiki/New_Found_Glory","pop-punk","alternative rock","easycore","melodic hardcore","punk rock","","","","","","","",""
"2428","Garth Brooks","https://en.wikipedia.org/wiki/Garth_Brooks","country","country pop","country rock","","","","","","","","","",""
"2429","Anthrax","https://en.wikipedia.org/wiki/Anthrax_(American_band)","thrash metal","heavy metal","groove metal","alternative metal","","","","","","","","",""
"2430","Gin Blossoms","https://en.wikipedia.org/wiki/Gin_Blossoms","alternative rock","jangle pop","power pop","post-grunge","country rock","","","","","","","",""
"2446","Backstreet Boys","https://en.wikipedia.org/wiki/Backstreet_Boys","pop","dance-pop","r&b","teen pop","adult contemporary","","","","","","","",""
"2448","Moonspell","https://en.wikipedia.org/wiki/Moonspell","gothic metal","doom metal","melodic death metal","","","","","","","","","",""
"2449","Ritchie Valens","https://en.wikipedia.org/wiki/Ritchie_Valens","rock and roll","chicano rock","","","","","","","","","","",""
"2452","Foo Fighters","https://en.wikipedia.org/wiki/Foo_Fighters","alternative rock","post-grunge","hard rock","","","","","","","","","",""
"2453","Yannick","https://en.wikipedia.org/wiki/Yannick_(rapper)","french hip hop","dance-pop","chanson","","","","","","","","","",""
"2455","Men at Work","https://en.wikipedia.org/wiki/Men_at_Work","new wave","pop rock","reggae rock","","","","","","","","","",""
"2460","Lyn Collins","https://en.wikipedia.org/wiki/Lyn_Collins","funk","soul","r&b","","","","","","","","","",""
"2465","Bobby Russell","https://en.wikipedia.org/wiki/Bobby_Russell","country","pop","","","","","","","","","","",""
"2469","Todd Rundgren","https://en.wikipedia.org/wiki/Todd_Rundgren","pop","rock","progressive","electronic","r&b","psychedelia","soft rock","","","","","",""
"2500","De La Soul","https://en.wikipedia.org/wiki/De_La_Soul","alternative hip hop","progressive rap","jazz rap","golden age hip hop","","","","","","","","",""
"2505","Blind Guardian","https://en.wikipedia.org/wiki/Blind_Guardian","power metal","progressive metal","symphonic metal","speed metal","","","","","","","","",""
"2512","Dick Dale","https://en.wikipedia.org/wiki/Dick_Dale","surf","rockabilly","proto-punk","proto-metal","instrumental rock","rock and roll","","","","","","",""
"2517","John Brim","https://en.wikipedia.org/wiki/John_Brim","blues","","","","","","","","","","","",""
"2520","Irene Cara","https://en.wikipedia.org/wiki/Irene_Cara","r&b","pop","disco","","","","","","","","","",""
"2521","Bachman-Turner Overdrive","https://en.wikipedia.org/wiki/Bachman–Turner_Overdrive","rock","hard rock","boogie rock","","","","","","","","","",""
"2524","Coil","https://en.wikipedia.org/wiki/Coil_(band)","post-industrial","electronic","experimental","avant-garde","avant-pop","psychedelia","","","","","","",""
"2528","Destiny's Child","https://en.wikipedia.org/wiki/Destiny's_Child","r&b","pop","hip hop","","","","","","","","","",""
"2531","Robert Plant","https://en.wikipedia.org/wiki/Robert_Plant","rock","blues","folk","country","hard rock","heavy metal","","","","","","",""
"2535","Little Walter","https://en.wikipedia.org/wiki/Little_Walter","blues","chicago blues","rhythm and blues","","","","","","","","","",""
"2541","Jonathan Richman","https://en.wikipedia.org/wiki/Jonathan_Richman","rock","folk","proto-punk","garage rock","","","","","","","","",""
"2544","Lydia Lunch","https://en.wikipedia.org/wiki/Lydia_Lunch","no wave","post-punk","industrial","avant-garde","spoken word","","","","","","","",""
"2545","Einstürzende Neubauten","https://en.wikipedia.org/wiki/Einstürzende_Neubauten","industrial","experimental rock","post-industrial","noise","","","","","","","","",""
"2548","Gloria Estefan","https://en.wikipedia.org/wiki/Gloria_Estefan","latin pop","dance-pop","tropical","","","","","","","","","",""
"2552","France Gall","https://en.wikipedia.org/wiki/France_Gall","y-y","pop","synth-pop","","","","","","","","","",""
"2553","Kim'Kay","https://en.wikipedia.org/wiki/Kim_Kay","eurodance","","","","","","","","","","","",""
"2554","Lucio Dalla","https://en.wikipedia.org/wiki/Lucio_Dalla","","","","","","","","","","","","",""
"2557","Julio Iglesias","https://en.wikipedia.org/wiki/Julio_Iglesias","latin","latin pop","dance-pop","adult contemporary","","","","","","","","",""
"2561","Peter Alexander","https://en.wikipedia.org/wiki/Peter_Alexander_(Austrian_performer)","","","","","","","","","","","","",""
"2570","Conny Vandenbos","https://en.wikipedia.org/wiki/Conny_Vandenbos","","","","","","","","","","","","",""
"2571","Angela Lansbury","https://en.wikipedia.org/wiki/Angela_Lansbury","","","","","","","","","","","","",""
"2584","Wim Mertens","https://en.wikipedia.org/wiki/Wim_Mertens","new music","avant-garde","contemporary classical","minimalism","","","","","","","","",""
"2585","Angelo Badalamenti","https://en.wikipedia.org/wiki/Angelo_Badalamenti","film score","jazz","ambient","","","","","","","","","",""
"2586","Simple Minds","https://en.wikipedia.org/wiki/Simple_Minds","post-punk","art rock","arena rock","synth-pop","","","","","","","","",""
"2594","Riccardo Cocciante","https://en.wikipedia.org/wiki/Riccardo_Cocciante","pop","","","","","","","","","","","",""
"2598","Massimo Ranieri","https://en.wikipedia.org/wiki/Massimo_Ranieri","traditional pop","","","","","","","","","","","",""
"2601","Eros Ramazzotti","https://en.wikipedia.org/wiki/Eros_Ramazzotti","pop","pop-rock","","","","","","","","","","",""
"2604","Jane's Addiction","https://en.wikipedia.org/wiki/Jane's_Addiction","alternative rock","alternative metal","funk metal","psychedelic rock","","","","","","","","",""
"2608","Skid Row","https://en.wikipedia.org/wiki/Skid_Row_(American_band)","heavy metal","hard rock","glam metal","","","","","","","","","",""
"2609","Rod Stewart","https://en.wikipedia.org/wiki/Rod_Stewart","rock","pop","blue-eyed soul","blues rock","folk rock","soft rock","disco","traditional pop","","","","",""
"2614","Mylène Farmer","https://en.wikipedia.org/wiki/Mylène_Farmer","french pop","rock","dance","electronic","","","","","","","","",""
"2615","Kate Ryan","https://en.wikipedia.org/wiki/Kate_Ryan","dance-pop","eurodance","house","vocal trance","","","","","","","","",""
"2616","Raf","https://en.wikipedia.org/wiki/Raf_(singer)","pop rock","soft rock","new wave","italo disco","jazz fusion","","","","","","","",""
"2628","Bert Kaempfert","https://en.wikipedia.org/wiki/Bert_Kaempfert","easy listening","instrumental","jazz","big band","exotica","","","","","","","",""
"2631","Dario Baldan Bembo","https://en.wikipedia.org/wiki/Dario_Baldan_Bembo","","","","","","","","","","","","",""
"2637","Duane Eddy","https://en.wikipedia.org/wiki/Duane_Eddy","instrumental rock","rockabilly","rock and roll","country","","","","","","","","",""
"2640","Kris Kristofferson","https://en.wikipedia.org/wiki/Kris_Kristofferson","country","folk","","","","","","","","","","",""
"2644","João Donato","https://en.wikipedia.org/wiki/João_Donato","brazilian jazz","bossa nova","","","","","","","","","","",""
"2645","Chico Buarque","https://en.wikipedia.org/wiki/Chico_Buarque","mpb","samba","bossa nova","choro","","","","","","","","",""
"2647","Aphex Twin","https://en.wikipedia.org/wiki/Aphex_Twin","electronic","techno","acid","ambient","idm","jungle","experimental","drill n bass","","","","",""
"2655","Everclear","https://en.wikipedia.org/wiki/Everclear_(band)","alternative rock","power pop","post-grunge","pop rock","grunge","punk rock","","","","","","",""
"2658","Yes","https://en.wikipedia.org/wiki/Yes_(band)","progressive rock","art rock","symphonic rock","pop rock","","","","","","","","",""
"2660","Laura Nyro","https://en.wikipedia.org/wiki/Laura_Nyro","jazz","soul","soft rock","r&b","doo-wop","pop","","","","","","",""
"2663","Bernard Ighner","https://en.wikipedia.org/wiki/Benard_Ighner","","","","","","","","","","","","",""
"2665","Sammy Davis Jr.","https://en.wikipedia.org/wiki/Sammy_Davis_Jr.","traditional pop","big band","jazz","easy listening","show tunes","swing","blues","","","","","",""
"2668","Nena","https://en.wikipedia.org/wiki/Nena","neue deutsche welle","new wave","synth-pop","pop","pop rock","","","","","","","",""
"2677","Nikka Costa","https://en.wikipedia.org/wiki/Nikka_Costa","pop","soul","blues","","","","","","","","","",""
"2678","Marc Cohn","https://en.wikipedia.org/wiki/Marc_Cohn","folk rock","alternative country","soft rock","","","","","","","","","",""
"2682","Tony Bennett","https://en.wikipedia.org/wiki/Tony_Bennett","traditional pop","show tunes","swing","jazz","easy listening","big band","","","","","","",""
"2683","Supertramp","https://en.wikipedia.org/wiki/Supertramp","progressive pop","progressive rock","soft rock","pop","","","","","","","","",""
"2687","Peter Maffay","https://en.wikipedia.org/wiki/Peter_Maffay","rock","schlager","","","","","","","","","","",""
"2690","Goran Bregovi?","https://en.wikipedia.org/wiki/Goran_Bregović","rock","jazz rock","folk rock","world","film score","","","","","","","",""
"2691","Bobby Timmons","https://en.wikipedia.org/wiki/Bobby_Timmons","jazz","","","","","","","","","","","",""
"2705","Redman","https://en.wikipedia.org/wiki/Redman_(rapper)","east coast hip-hop","psychedelic rap","","","","","","","","","","",""
"2709","Billy Strayhorn","https://en.wikipedia.org/wiki/Billy_Strayhorn","jazz","swing","classical","","","","","","","","","",""
"2721","John Williams","https://en.wikipedia.org/wiki/John_Williams","","","","","","","","","","","","",""
"2727","Bill Conti","https://en.wikipedia.org/wiki/Bill_Conti","film score","disco","","","","","","","","","","",""
"2733","Steely Dan","https://en.wikipedia.org/wiki/Steely_Dan","jazz rock","yacht rock","soft rock","pop","jazz fusion","","","","","","","",""
"2739","The Jackson 5","https://en.wikipedia.org/wiki/The_Jackson_5","pop","r&b","soul","funk","disco","bubblegum","","","","","","",""
"2743","Outlandish","https://en.wikipedia.org/wiki/Outlandish","hip hop","","","","","","","","","","","",""
"2758","Xzibit","https://en.wikipedia.org/wiki/Xzibit","hip hop","","","","","","","","","","","",""
"2764","Mobb Deep","https://en.wikipedia.org/wiki/Mobb_Deep","east coast hip-hop","hardcore hip-hop","gangsta rap","","","","","","","","","",""
"2772","Johnnie Taylor","https://en.wikipedia.org/wiki/Johnnie_Taylor","r&b","soul","gospel","blues","pop","doo-wop","disco","","","","","",""
"2783","Yvonne Elliman","https://en.wikipedia.org/wiki/Yvonne_Elliman","broadway","disco","pop","","","","","","","","","",""
"2794","Sparks","https://en.wikipedia.org/wiki/Sparks_(band)","art pop","art rock","glam rock","electronic","synth-pop","new wave","","","","","","",""
"2801","Johan Verminnen","https://en.wikipedia.org/wiki/Johan_Verminnen","","","","","","","","","","","","",""
"2808","The Dream Academy","https://en.wikipedia.org/wiki/The_Dream_Academy","alternative pop","folk rock","new wave","","","","","","","","","",""
"2809","L7","https://en.wikipedia.org/wiki/L7_(band)","punk rock","grunge","hard rock","alternative metal","","","","","","","","",""
"2810","Dream Theater","https://en.wikipedia.org/wiki/Dream_Theater","progressive metal","","","","","","","","","","","",""
"2813","Kenny Loggins","https://en.wikipedia.org/wiki/Kenny_Loggins","rock","pop","folk rock","r&b","soul","soft rock","","","","","","",""
"2815","Lynyrd Skynyrd","https://en.wikipedia.org/wiki/Lynyrd_Skynyrd","southern rock","blues rock","country rock","hard rock","","","","","","","","",""
"2819","The Neon Judgement","https://en.wikipedia.org/wiki/The_Neon_Judgement","new wave","industrial","synthpop","ebm","","","","","","","","",""
"2822","John Denver","https://en.wikipedia.org/wiki/John_Denver","folk","country","western","folk rock","country folk","soft rock","","","","","","",""
"2823","Louis Armstrong","https://en.wikipedia.org/wiki/Louis_Armstrong","dixieland","jazz","swing","traditional pop","","","","","","","","",""
"2830","Big Brother & The Holding Company","https://en.wikipedia.org/wiki/Big_Brother_and_the_Holding_Company","psychedelic rock","acid rock","blues rock","","","","","","","","","",""
"2832","David Byrne","https://en.wikipedia.org/wiki/David_Byrne","rock","new wave","art-punk","post-punk","art pop","worldbeat","electronic","","","","","",""
"2833","Jimmy Somerville","https://en.wikipedia.org/wiki/Jimmy_Somerville","pop","electronic","dance","","","","","","","","","",""
"2834","Geri Halliwell","https://en.wikipedia.org/wiki/Geri_Halliwell","pop","dance-pop","","","","","","","","","","",""
"2835","Julie Andrews","https://en.wikipedia.org/wiki/Julie_Andrews","","","","","","","","","","","","",""
"2848","Sid Vicious","https://en.wikipedia.org/wiki/Sid_Vicious","punk rock","","","","","","","","","","","",""
"2849","Hole","https://en.wikipedia.org/wiki/Hole_(band)","alternative rock","grunge","punk rock","noise rock","power pop","","","","","","","",""
"2851","Laura Branigan","https://en.wikipedia.org/wiki/Laura_Branigan","pop","dance","rock","disco","","","","","","","","",""
"2854","Starsailor","https://en.wikipedia.org/wiki/Starsailor_(band)","alternative rock","post-britpop","","","","","","","","","","",""
"2855","Feeder","https://en.wikipedia.org/wiki/Feeder_(band)","britpop","alternative rock","indie rock","post-britpop","post-grunge","","","","","","","",""
"2856","Sugababes","https://en.wikipedia.org/wiki/Sugababes","pop","r&b","","","","","","","","","","",""
"2863","Elbow","https://en.wikipedia.org/wiki/Elbow_(band)","alternative rock","indie rock","art rock","progressive rock","post-britpop","dream pop","","","","","","",""
"2866","Manic Street Preachers","https://en.wikipedia.org/wiki/Manic_Street_Preachers","alternative rock","britpop","punk rock","glam rock","","","","","","","","",""
"2869","The Specials","https://en.wikipedia.org/wiki/The_Specials","2 tone","ska","new wave","","","","","","","","","",""
"2870","Jimmy Eat World","https://en.wikipedia.org/wiki/Jimmy_Eat_World","alternative rock","emo","pop-punk","power pop","pop rock","","","","","","","",""
"2872","Tracy Chapman","https://en.wikipedia.org/wiki/Tracy_Chapman","folk","blues rock","pop","soul","","","","","","","","",""
"2875","Vive La Fête","https://en.wikipedia.org/wiki/Vive_la_Fête","synthpop","electroclash","dance-punk","new wave","electronic rock","","","","","","","",""
"2877","Snap!","https://en.wikipedia.org/wiki/Snap!","eurodance","hip house","house","","","","","","","","","",""
"2879","Jean-Michel Jarre","https://en.wikipedia.org/wiki/Jean-Michel_Jarre","ambient","new-age","electronic","trance","progressive rock","techno","","","","","","",""
"2884","Rasputina","https://en.wikipedia.org/wiki/Rasputina_(band)","cello rock","chamber rock","","","","","","","","","","",""
"2886","Rush","https://en.wikipedia.org/wiki/Rush_(band)","progressive rock","hard rock","heavy metal","","","","","","","","","",""
"2888","Pat Benatar","https://en.wikipedia.org/wiki/Pat_Benatar","rock","hard rock","pop rock","","","","","","","","","",""
"2889","Spineshank","https://en.wikipedia.org/wiki/Spineshank","nu metal","industrial metal","alternative metal","","","","","","","","","",""
"2893","Sepultura","https://en.wikipedia.org/wiki/Sepultura","groove metal","thrash metal","death metal","alternative metal","","","","","","","","",""
"2902","Kramer","https://en.wikipedia.org/wiki/Kramer_(musician)","","","","","","","","","","","","",""
"2906","Mojo Nixon","https://en.wikipedia.org/wiki/Mojo_Nixon","rockabilly","cowpunk","psychobilly","","","","","","","","","",""
"2915","Joey Belladonna","https://en.wikipedia.org/wiki/Joey_Belladonna","heavy metal","thrash metal","","","","","","","","","","",""
"2916","Bruce Kulick","https://en.wikipedia.org/wiki/Bruce_Kulick","hard rock","heavy metal","","","","","","","","","","",""
"2923","Scott Ian","https://en.wikipedia.org/wiki/Scott_Ian","thrash metal","heavy metal","crossover thrash","hardcore punk","","","","","","","","",""
"2925","Mikkey Dee","https://en.wikipedia.org/wiki/Mikkey_Dee","heavy metal","hard rock","","","","","","","","","","",""
"2933","Daft Punk","https://en.wikipedia.org/wiki/Daft_Punk","french house","electronic","dance","disco","","","","","","","","",""
"2934","George Duke","https://en.wikipedia.org/wiki/George_Duke","jazz fusion","r&b","funk","progressive rock","rock and roll","jazz rock","post-disco","smooth jazz","","","","",""
"2948","Phil Soussan","https://en.wikipedia.org/wiki/Phil_Soussan","hard rock","heavy metal","","","","","","","","","","",""
"2949","Vinny Appice","https://en.wikipedia.org/wiki/Vinny_Appice","heavy metal","hard rock","","","","","","","","","","",""
"2959","Jake E. Lee","https://en.wikipedia.org/wiki/Jake_E._Lee","heavy metal","glam metal","hard rock","blues rock","","","","","","","","",""
"2960","Jimmy Bain","https://en.wikipedia.org/wiki/Jimmy_Bain","hard rock","blues rock","heavy metal","","","","","","","","","",""
"2961","Aynsley Dunbar","https://en.wikipedia.org/wiki/Aynsley_Dunbar","rock","jazz","blues","heavy metal","glam metal","aor","","","","","","",""
"2962","Agent Orange","https://en.wikipedia.org/wiki/Agent_Orange_(band)","punk rock","surf punk","skate punk","","","","","","","","","",""
"2964","Eric Bloom","https://en.wikipedia.org/wiki/Eric_Bloom","hard rock","heavy metal","psychedelic rock","","","","","","","","","",""
"2973","Bob Dorough","https://en.wikipedia.org/wiki/Bob_Dorough","jazz","","","","","","","","","","","",""
"3001","Johnny Mandel","https://en.wikipedia.org/wiki/Johnny_Mandel","pop","film music","jazz","folk","","","","","","","","",""
"3006","Minnie Riperton","https://en.wikipedia.org/wiki/Minnie_Riperton","r&b","soul","jazz","psychedelic soul","vocal jazz","disco","funk","","","","","",""
"3020","Charles Mingus","https://en.wikipedia.org/wiki/Charles_Mingus","jazz","hard bop","bebop","avant-garde jazz","post-bop","third stream","orchestral jazz","","","","","",""
"3021","Chicago","https://en.wikipedia.org/wiki/Chicago_(band)","rock","soft rock","pop rock","jazz rock","","","","","","","","",""
"3023","Wayne Cochran","https://en.wikipedia.org/wiki/Wayne_Cochran","r&b","blue-eyed soul","rock and roll","","","","","","","","","",""
"3040","Tom Petty","https://en.wikipedia.org/wiki/Tom_Petty","rock","heartland rock","roots rock","country rock","southern rock","","","","","","","",""
"3044","Tommy Roe","https://en.wikipedia.org/wiki/Tommy_Roe","rock and roll","pop","bubblegum","","","","","","","","","",""
"3058","João Gilberto","https://en.wikipedia.org/wiki/João_Gilberto","bossa nova","latin jazz","mpb","samba","","","","","","","","",""
"3059","Vangelis","https://en.wikipedia.org/wiki/Jon_and_Vangelis","synth-pop","electronic","pop","","","","","","","","","",""
"3059","Vangelis","https://en.wikipedia.org/wiki/Vangelis","electronic","ambient","classical","progressive rock","","","","","","","","",""
"3060","Roger Glover","https://en.wikipedia.org/wiki/Roger_Glover","hard rock","heavy metal","pop rock","blues rock","progressive rock","","","","","","","",""
"3062","Paul Rodgers","https://en.wikipedia.org/wiki/Paul_Rodgers","rock","blues rock","hard rock","blues","soul blues","","","","","","","",""
"3065","Ralph McTell","https://en.wikipedia.org/wiki/Ralph_McTell","folk","country blues","","","","","","","","","","",""
"3066","Spin Doctors","https://en.wikipedia.org/wiki/Spin_Doctors","alternative rock","funk rock","pop rock","jam band","","","","","","","","",""
"3067","Yngwie Malmsteen","https://en.wikipedia.org/wiki/Yngwie_Malmsteen","neoclassical metal","heavy metal","","","","","","","","","","",""
"3069","Elmore James","https://en.wikipedia.org/wiki/Elmore_James","blues","","","","","","","","","","","",""
"3072","Nigel Kennedy","https://en.wikipedia.org/wiki/Nigel_Kennedy","classical","pop","rock","jazz","klezmer","","","","","","","",""
"3073","The Pretenders","https://en.wikipedia.org/wiki/The_Pretenders","rock","pop rock","new wave","alternative rock","","","","","","","","",""
"3074","P.M. Dawn","https://en.wikipedia.org/wiki/P.M._Dawn","hip-hop","r&b","","","","","","","","","","",""
"3075","Belly","https://en.wikipedia.org/wiki/Belly_(band)","alternative rock","dream pop","jangle pop","","","","","","","","","",""
"3076","Living Colour","https://en.wikipedia.org/wiki/Living_Colour","hard rock","funk metal","alternative metal","","","","","","","","","",""
"3089","Faith Hill","https://en.wikipedia.org/wiki/Faith_Hill","country","pop","","","","","","","","","","",""
"3094","Therapy?","https://en.wikipedia.org/wiki/Therapy?","","","","","","","","","","","","",""
"3096","Chris Bell","https://en.wikipedia.org/wiki/Chris_Bell_(American_musician)","rock","power pop","jangle pop","","","","","","","","","",""
"3100","Syd Barrett","https://en.wikipedia.org/wiki/Syd_Barrett","psychedelic pop","acid rock","experimental rock","","","","","","","","","",""
"3103","Milk Inc","https://en.wikipedia.org/wiki/Milk_Inc.","eurodance","techno","electronic","vocal trance","","","","","","","","",""
"3111","Spandau Ballet","https://en.wikipedia.org/wiki/Spandau_Ballet","new wave","new pop","synth-pop","blue-eyed soul","","","","","","","","",""
"3112","Leonard Feather","https://en.wikipedia.org/wiki/Leonard_Feather","jazz","","","","","","","","","","","",""
"3113","Fred Fassert","https://en.wikipedia.org/wiki/Fred_Fassert","","","","","","","","","","","","",""
"3114","Phil Spector","https://en.wikipedia.org/wiki/Phil_Spector","pop","rock","soul","r&b","","","","","","","","",""
"3115","Jeff Barry","https://en.wikipedia.org/wiki/Jeff_Barry","rock and roll","pop music","","","","","","","","","","",""
"3116","John Bonham","https://en.wikipedia.org/wiki/John_Bonham","hard rock","blues rock","folk rock","heavy metal","","","","","","","","",""
"3117","Jimmy Page","https://en.wikipedia.org/wiki/Jimmy_Page","rock","blues","folk","hard rock","heavy metal","","","","","","","",""
"3118","John Densmore","https://en.wikipedia.org/wiki/John_Densmore","rock","psychedelia","jazz fusion","","","","","","","","","",""
"3119","Robby Krieger","https://en.wikipedia.org/wiki/Robby_Krieger","rock","classic rock","blues rock","jazz fusion","acid jazz","","","","","","","",""
"3120","Ray Manzarek","https://en.wikipedia.org/wiki/Ray_Manzarek","psychedelic rock","jazz fusion","","","","","","","","","","",""
"3121","Magne Furuholmen","https://en.wikipedia.org/wiki/Magne_Furuholmen","synth-pop","new wave","alternative rock","indie rock","","","","","","","","",""
"3122","Morten Harket","https://en.wikipedia.org/wiki/Morten_Harket","synth-pop","new wave","pop rock","alternative rock","","","","","","","","",""
"3124","Marian Gold","https://en.wikipedia.org/wiki/Marian_Gold","synth-pop","","","","","","","","","","","",""
"3125","Bernhard Lloyd","https://en.wikipedia.org/wiki/Bernhard_Lloyd","synth-pop","","","","","","","","","","","",""
"3126","Frank Mertens","https://en.wikipedia.org/wiki/Frank_Mertens","synth-pop","","","","","","","","","","","",""
"3128","Sol Marcus","https://en.wikipedia.org/wiki/Sol_Marcus","","","","","","","","","","","","",""
"3129","Bennie Benjamin","https://en.wikipedia.org/wiki/Bennie_Benjamin","","","","","","","","","","","","",""
"3131","Barry Gibb","https://en.wikipedia.org/wiki/Barry_Gibb","rock","pop","disco","country","","","","","","","","",""
"3134","Tom Kelly","https://en.wikipedia.org/wiki/Tom_Kelly_(musician)","","","","","","","","","","","","",""
"3135","Rudy Clark","https://en.wikipedia.org/wiki/Rudy_Clark","pop","","","","","","","","","","","",""
"3137","Jimmy Destri","https://en.wikipedia.org/wiki/Jimmy_Destri","new wave","pop rock","punk rock","pop","","","","","","","","",""
"3138","John Holt","https://en.wikipedia.org/wiki/John_Holt_(singer)","ska","rocksteady","reggae","","","","","","","","","",""
"3139","Chris Stein","https://en.wikipedia.org/wiki/Chris_Stein","new wave","pop rock","punk rock","","","","","","","","","",""
"3140","Ric Ocasek","https://en.wikipedia.org/wiki/Ric_Ocasek","rock","new wave","power pop","","","","","","","","","",""
"3143","Terry Bozzio","https://en.wikipedia.org/wiki/Terry_Bozzio","rock","heavy metal","jazz","fusion","synthpop","","","","","","","",""
"3144","Warren Cuccurullo","https://en.wikipedia.org/wiki/Warren_Cuccurullo","alternative rock","electronica","synth-pop","progressive rock","electro-industrial","experimental rock","ambient","","","","","",""
"3145","Johnny Marr","https://en.wikipedia.org/wiki/Johnny_Marr","alternative rock","indie pop","indie rock","jangle pop","post-punk","","","","","","","",""
"3148","Jake Hooker","https://en.wikipedia.org/wiki/Jake_Hooker_(musician)","glam rock","pop","","","","","","","","","","",""
"3149","Jim Steinman","https://en.wikipedia.org/wiki/Jim_Steinman","rock","pop","wagnerian rock","musical theatre","","","","","","","","",""
"3155","Bernie Taupin","https://en.wikipedia.org/wiki/Bernie_Taupin","rock","pop","country","","","","","","","","","",""
"3156","Rob Hyman","https://en.wikipedia.org/wiki/Rob_Hyman","rock","","","","","","","","","","","",""
"3157","Henry Priestman","https://en.wikipedia.org/wiki/Henry_Priestman","pop","folk","soft rock","","","","","","","","","",""
"3161","Larry Sanders","https://en.wikipedia.org/wiki/L.V._(singer)","r&b","soul","","","","","","","","","","",""
"3163","José María Cano","https://en.wikipedia.org/wiki/José_María_Cano","","","","","","","","","","","","",""
"3164","Robbie van Leeuwen","https://en.wikipedia.org/wiki/Robbie_van_Leeuwen","rock and roll","rock","synth-pop","","","","","","","","","",""
"3166","Hugo Peretti","https://en.wikipedia.org/wiki/Hugo_Peretti","","","","","","","","","","","","",""
"3167","Luigi Creatore","https://en.wikipedia.org/wiki/Luigi_Creatore","","","","","","","","","","","","",""
"3168","Richard O'Brien","https://en.wikipedia.org/wiki/Richard_O'Brien","","","","","","","","","","","","",""
"3169","Stig Anderson","https://en.wikipedia.org/wiki/Stig_Anderson","pop","","","","","","","","","","","",""
"3170","Benny Andersson","https://en.wikipedia.org/wiki/Benny_Andersson","folk rock","europop","swedish folk","euro disco","schlager","","","","","","","",""
"3171","Björn Ulvaeus","https://en.wikipedia.org/wiki/Björn_Ulvaeus","europop","folk rock","swedish folk","rock","euro disco","schlager","","","","","","",""
"3172","Roger McGuinn","https://en.wikipedia.org/wiki/Roger_McGuinn","rock","folk","country","psychedelia","","","","","","","","",""
"3173","Rick Nielsen","https://en.wikipedia.org/wiki/Rick_Nielsen","rock","hard rock","power pop","","","","","","","","","",""
"3174","Les Paul","https://en.wikipedia.org/wiki/Les_Paul","jazz","country","blues","rock and roll","acoustic music","","","","","","","",""
"3178","Johnny Christopher","https://en.wikipedia.org/wiki/Johnny_Christopher","","","","","","","","","","","","",""
"3179","Mark James","https://en.wikipedia.org/wiki/Mark_James_(songwriter)","","","","","","","","","","","","",""
"3181","Frederick Knight","https://en.wikipedia.org/wiki/Frederick_Knight_(singer)","","","","","","","","","","","","",""
"3184","Phil Manzanera","https://en.wikipedia.org/wiki/Phil_Manzanera","art rock","latin rock","canterbury scene","glam rock","experimental rock","jazz fusion","pop rock","art pop","","","","",""
"3186","Bob Crewe","https://en.wikipedia.org/wiki/Bob_Crewe","pop","rock","","","","","","","","","","",""
"3190","Dimitri Tiomkin","https://en.wikipedia.org/wiki/Dimitri_Tiomkin","","","","","","","","","","","","",""
"3191","Ned Washington","https://en.wikipedia.org/wiki/Ned_Washington","","","","","","","","","","","","",""
"3192","Anthony Newley","https://en.wikipedia.org/wiki/Anthony_Newley","","","","","","","","","","","","",""
"3194","Rudolf Schenker","https://en.wikipedia.org/wiki/Rudolf_Schenker","hard rock","heavy metal","glam metal","","","","","","","","","",""
"3195","Klaus Meine","https://en.wikipedia.org/wiki/Klaus_Meine","hard rock","heavy metal","","","","","","","","","","",""
"3196","Herman Rarebell","https://en.wikipedia.org/wiki/Herman_Rarebell","hard rock","heavy metal","","","","","","","","","","",""
"3199","Pete Brown","https://en.wikipedia.org/wiki/Pete_Brown","rock","","","","","","","","","","","",""
"3200","Jack Bruce","https://en.wikipedia.org/wiki/Jack_Bruce","rock","blues rock","jazz rock","","","","","","","","","",""
"3201","Alan Shacklock","https://en.wikipedia.org/wiki/Alan_Shacklock","rock","pop","","","","","","","","","","",""
"3202","Ritchie Blackmore","https://en.wikipedia.org/wiki/Ritchie_Blackmore","hard rock","heavy metal","blues rock","progressive rock","","","","","","","","",""
"3203","Ian Gillan","https://en.wikipedia.org/wiki/Ian_Gillan","hard rock","heavy metal","jazz fusion","progressive rock","","","","","","","","",""
"3204","Jon Lord","https://en.wikipedia.org/wiki/Jon_Lord","rock","hard rock","heavy metal","blues rock","progressive rock","classical","jazz","jazz fusion","","","","",""
"3205","Ian Paice","https://en.wikipedia.org/wiki/Ian_Paice","hard rock","heavy metal","blues rock","progressive rock","","","","","","","","",""
"3206","Willie Dixon","https://en.wikipedia.org/wiki/Willie_Dixon","blues","chicago blues","rhythm and blues","gospel","","","","","","","","",""
"3207","Mick Jagger","https://en.wikipedia.org/wiki/Mick_Jagger","rock","pop","blues","rock and roll","r&b","psychedelia","","","","","","",""
"3210","Vivian Campbell","https://en.wikipedia.org/wiki/Vivian_Campbell","hard rock","blues rock","heavy metal","glam metal","","","","","","","","",""
"3214","Brian Eno","https://en.wikipedia.org/wiki/Brian_Eno","ambient","electronic","minimalism","pop","rock","","","","","","","",""
"3215","Steven Tyler","https://en.wikipedia.org/wiki/Steven_Tyler","hard rock","heavy metal","blues rock","glam metal","country rock","","","","","","","",""
"3216","Gus Kahn","https://en.wikipedia.org/wiki/Gus_Kahn","","","","","","","","","","","","",""
"3217","Walter Donaldson","https://en.wikipedia.org/wiki/Walter_Donaldson_(songwriter)","","","","","","","","","","","","",""
"3218","Yank Rachell","https://en.wikipedia.org/wiki/Yank_Rachell","country blues","","","","","","","","","","","",""
"3219","Steve Winwood","https://en.wikipedia.org/wiki/Steve_Winwood","blue-eyed soul","r&b","rock","pop","","","","","","","","",""
"3220","Muff Winwood","https://en.wikipedia.org/wiki/Muff_Winwood","rock","pop","","","","","","","","","","",""
"3221","Spencer Davis","https://en.wikipedia.org/wiki/Spencer_Davis","rock","pop","rhythm and blues","","","","","","","","","",""
"3224","Eric Stefani","https://en.wikipedia.org/wiki/Eric_Stefani","ska punk","","","","","","","","","","","",""
"3225","Gwen Stefani","https://en.wikipedia.org/wiki/Gwen_Stefani","pop","pop rock","ska punk","alternative rock","r&b","electro","ska","new wave","","","","",""
"3227","Hal David","https://en.wikipedia.org/wiki/Hal_David","pop","","","","","","","","","","","",""
"3229","Andre Williams","https://en.wikipedia.org/wiki/Andre_Williams_(musician)","r&b","","","","","","","","","","","",""
"3231","James Hetfield","https://en.wikipedia.org/wiki/James_Hetfield","heavy metal","thrash metal","hard rock","","","","","","","","","",""
"3232","Lars Ulrich","https://en.wikipedia.org/wiki/Lars_Ulrich","thrash metal","heavy metal","","","","","","","","","","",""
"3235","Steve Porcaro","https://en.wikipedia.org/wiki/Steve_Porcaro","pop","rock","","","","","","","","","","",""
"3236","John Bettis","https://en.wikipedia.org/wiki/John_Bettis","pop","rock","rhythm and blues","adult contemporary","country","","","","","","","",""
"3237","Robert Hazard","https://en.wikipedia.org/wiki/Robert_Hazard","new wave","","","","","","","","","","","",""
"3239","John Weider","https://en.wikipedia.org/wiki/John_Weider","rock","new age","","","","","","","","","","",""
"3242","Victoria Beckham","https://en.wikipedia.org/wiki/Victoria_Beckham","pop","r&b","","","","","","","","","","",""
"3243","Mel B","https://en.wikipedia.org/wiki/Mel_B","r&b","pop","hip hop","dance","","","","","","","","",""
"3244","Emma Bunton","https://en.wikipedia.org/wiki/Emma_Bunton","pop","dance-pop","","","","","","","","","","",""
"3245","Melanie C","https://en.wikipedia.org/wiki/Melanie_C","pop","rock","electronic","dance","","","","","","","","",""
"3251","George Treadwell","https://en.wikipedia.org/wiki/George_Treadwell","","","","","","","","","","","","",""
"3252","John Phillips","https://en.wikipedia.org/wiki/John_Phillips_(musician)","folk rock","pop","","","","","","","","","","",""
"3253","Michelle Phillips","https://en.wikipedia.org/wiki/Michelle_Phillips","folk rock","psychedelic pop","sunshine pop","","","","","","","","","",""
"3254","Lee Hazlewood","https://en.wikipedia.org/wiki/Lee_Hazlewood","country","pop","psychedelia","","","","","","","","","",""
"3258","Doc Pomus","https://en.wikipedia.org/wiki/Doc_Pomus","blues","rock and roll","","","","","","","","","","",""
"3262","Albert Bouchard","https://en.wikipedia.org/wiki/Albert_Bouchard","heavy metal","hard rock","psychedelic rock","","","","","","","","","",""
"3263","Sandy Pearlman","https://en.wikipedia.org/wiki/Sandy_Pearlman","","","","","","","","","","","","",""
"3268","Burke Shelley","https://en.wikipedia.org/wiki/Burke_Shelley","hard rock","heavy metal","","","","","","","","","","",""
"3269","Ray Phillips","https://en.wikipedia.org/wiki/Ray_Phillips_(musician)","heavy metal","hard rock","","","","","","","","","","",""
"3280","Marc Almond","https://en.wikipedia.org/wiki/Marc_Almond","synth-pop","new wave","art pop","gothic rock","","","","","","","","",""
"3283","Richard Ashcroft","https://en.wikipedia.org/wiki/Richard_Ashcroft","alternative rock","shoegaze","dream pop","britpop","space rock","neo-psychedelia","","","","","","",""
"3284","Robert Johnson","https://en.wikipedia.org/wiki/Robert_Johnson","delta blues","","","","","","","","","","","",""
"3285","Dino Fekaris","https://en.wikipedia.org/wiki/Dino_Fekaris","","","","","","","","","","","","",""
"3287","Guy Chambers","https://en.wikipedia.org/wiki/Guy_Chambers","","","","","","","","","","","","",""
"3289","Jesse Harris","https://en.wikipedia.org/wiki/Jesse_Harris","pop","folk","jazz","","","","","","","","","",""
"3294","Frank Black","https://en.wikipedia.org/wiki/Black_Francis","alternative rock","indie rock","punk rock","","","","","","","","","",""
"3296","Ed Cobb","https://en.wikipedia.org/wiki/Ed_Cobb","","","","","","","","","","","","",""
"3297","Dave Stewart","https://en.wikipedia.org/wiki/Dave_Stewart_(Eurythmics)","pop rock","synthpop","new wave","electronica","","","","","","","","",""
"3298","Todd Gaither","https://en.wikipedia.org/wiki/Sauce_Money","hip hop","","","","","","","","","","","",""
"3299","Robert Fripp","https://en.wikipedia.org/wiki/Robert_Fripp","art rock","progressive rock","post-progressive","ambient","experimental","","","","","","","",""
"3300","Ian McDonald","https://en.wikipedia.org/wiki/Ian_McDonald_(musician)","rock","progressive rock","jazz fusion","hard rock","","","","","","","","",""
"3301","Greg Lake","https://en.wikipedia.org/wiki/Greg_Lake","progressive rock","","","","","","","","","","","",""
"3302","Michael Giles","https://en.wikipedia.org/wiki/Michael_Giles","jazz rock","progressive rock","","","","","","","","","","",""
"3304","Brian May","https://en.wikipedia.org/wiki/Brian_May","hard rock","glam rock","progressive rock","heavy metal","","","","","","","","",""
"3305","Rick Parfitt","https://en.wikipedia.org/wiki/Rick_Parfitt","rock","boogie rock","hard rock","","","","","","","","","",""
"3307","Andy Bown","https://en.wikipedia.org/wiki/Andy_Bown","hard rock","rock and roll","","","","","","","","","","",""
"3308","Ray Davies","https://en.wikipedia.org/wiki/Ray_Davies","rock","pop","","","","","","","","","","",""
"3309","John Paul Jones","https://en.wikipedia.org/wiki/John_Paul_Jones_(musician)","rock","","","","","","","","","","","",""
"3310","Randy Bachman","https://en.wikipedia.org/wiki/Randy_Bachman","rock","","","","","","","","","","","",""
"3311","Burton Cummings","https://en.wikipedia.org/wiki/Burton_Cummings","rock","soft rock","","","","","","","","","","",""
"3312","Jim Kale","https://en.wikipedia.org/wiki/Jim_Kale","rock","","","","","","","","","","","",""
"3314","Phil Medley","https://en.wikipedia.org/wiki/Phil_Medley","","","","","","","","","","","","",""
"3316","Tony Iommi","https://en.wikipedia.org/wiki/Tony_Iommi","heavy metal","doom metal","hard rock","blues rock","","","","","","","","",""
"3317","Ozzy Osbourne","https://en.wikipedia.org/wiki/Ozzy_Osbourne","heavy metal","hard rock","","","","","","","","","","",""
"3318","Geezer Butler","https://en.wikipedia.org/wiki/Geezer_Butler","heavy metal","doom metal","blues rock","hard rock","","","","","","","","",""
"3319","Bill Ward","https://en.wikipedia.org/wiki/Bill_Ward_(musician)","heavy metal","doom metal","blues rock","hard rock","","","","","","","","",""
"3320","Maurice Gibb","https://en.wikipedia.org/wiki/Maurice_Gibb","rock","pop","disco","","","","","","","","","",""
"3325","Steve Harley","https://en.wikipedia.org/wiki/Steve_Harley","rock","pop","glam rock","","","","","","","","","",""
"3327","Cynthia Weil","https://en.wikipedia.org/wiki/Cynthia_Weil","","","","","","","","","","","","",""
"3329","Norman Petty","https://en.wikipedia.org/wiki/Norman_Petty","","","","","","","","","","","","",""
"3330","Trevor Horn","https://en.wikipedia.org/wiki/Trevor_Horn","synth-pop","soul","rock and roll","disco","electronic","new wave","progressive rock","","","","","",""
"3331","Geoff Downes","https://en.wikipedia.org/wiki/Geoff_Downes","progressive rock","hard rock","space rock","new wave","electronic rock","","","","","","","",""
"3332","Bruce Woolley","https://en.wikipedia.org/wiki/Bruce_Woolley","new wave","post-punk","power pop","progressive rock","","","","","","","","",""
"3333","Ray Dorset","https://en.wikipedia.org/wiki/Ray_Dorset","british skiffle","rock","","","","","","","","","","",""
"3334","Norman Whitfield","https://en.wikipedia.org/wiki/Norman_Whitfield","r&b","soul","pop","psychedelic soul","funk","disco","","","","","","",""
"3335","Barrett Strong","https://en.wikipedia.org/wiki/Barrett_Strong","rhythm and blues","soul","","","","","","","","","","",""
"3343","Bernard Edwards","https://en.wikipedia.org/wiki/Bernard_Edwards","r&b","funk","soul","disco","rock","","","","","","","",""
"3344","Nile Rodgers","https://en.wikipedia.org/wiki/Nile_Rodgers","disco","soul","r&b","rock","funk","pop","dance","electronic dance","","","","",""
"3348","Norman Gimbel","https://en.wikipedia.org/wiki/Norman_Gimbel","","","","","","","","","","","","",""
"3349","Charles Fox","https://en.wikipedia.org/wiki/Charles_Fox_(composer)","","","","","","","","","","","","",""
"3351","Bukka White","https://en.wikipedia.org/wiki/Bukka_White","delta blues","country blues","","","","","","","","","","",""
"3356","Eddie Cooley","https://en.wikipedia.org/wiki/Eddie_Cooley","r&b","","","","","","","","","","","",""
"3357","Howard Greenfield","https://en.wikipedia.org/wiki/Howard_Greenfield","","","","","","","","","","","","",""
"3358","George Terry","https://en.wikipedia.org/wiki/George_Terry_(musician)","","","","","","","","","","","","",""
"3362","Paul Simonon","https://en.wikipedia.org/wiki/Paul_Simonon","punk rock","new wave","post-punk","reggae","alternative rock","rock and roll","","","","","","",""
"3364","Gérard Jouannest","https://en.wikipedia.org/wiki/Gérard_Jouannest","","","","","","","","","","","","",""
"3365","Jean Corti","https://en.wikipedia.org/wiki/Jean_Corti","","","","","","","","","","","","",""
"3367","Dave Alexander","https://en.wikipedia.org/wiki/Dave_Alexander_(musician)","hard rock","garage rock","proto-punk","","","","","","","","","",""
"3368","Ron Asheton","https://en.wikipedia.org/wiki/Ron_Asheton","punk rock","heavy metal","hard rock","garage rock","proto-punk","","","","","","","",""
"3369","Scott Asheton","https://en.wikipedia.org/wiki/Scott_Asheton","rock","proto-punk","garage rock","hard rock","punk rock","avant-punk","","","","","","",""
"3370","Stephen Bray","https://en.wikipedia.org/wiki/Stephen_Bray","pop","dance","r&b","rock","","","","","","","","",""
"3371","Eugene Kelly","https://en.wikipedia.org/wiki/Eugene_Kelly","alternative rock","indie pop","","","","","","","","","","",""
"3372","Frances McKee","https://en.wikipedia.org/wiki/Frances_McKee","alternative rock","indie pop","","","","","","","","","","",""
"3373","Curt Kirkwood","https://en.wikipedia.org/wiki/Curt_Kirkwood","alternative rock","hard rock","folk rock","","","","","","","","","",""
"3379","Otis Blackwell","https://en.wikipedia.org/wiki/Otis_Blackwell","blues","rock and roll","r&b","","","","","","","","","",""
"3384","Leroy Bonner","https://en.wikipedia.org/wiki/Leroy_""Sugarfoot""_Bonner","funk","","","","","","","","","","","",""
"3388","Thom Bell","https://en.wikipedia.org/wiki/Thom_Bell","philadelphia soul","r&b","soul","pop","","","","","","","","",""
"3392","David Baerwald","https://en.wikipedia.org/wiki/David_Baerwald","rock","folk","folk-pop","country","","","","","","","","",""
"3397","Roger Waters","https://en.wikipedia.org/wiki/Roger_Waters","progressive rock","psychedelic rock","art rock","blues rock","","","","","","","","",""
"3398","David Gilmour","https://en.wikipedia.org/wiki/David_Gilmour","progressive rock","psychedelic rock","art rock","blues rock","","","","","","","","",""
"3399","Rick Wright","https://en.wikipedia.org/wiki/Richard_Wright_(musician)","progressive rock","psychedelic rock","experimental rock","electronic","jazz","art rock","","","","","","",""
"3406","Fernando Arbex","https://en.wikipedia.org/wiki/Fernando_Arbex","","","","","","","","","","","","",""
"3410","Troy Oliver","https://en.wikipedia.org/wiki/Troy_Oliver","","","","","","","","","","","","",""
"3418","Nick Mason","https://en.wikipedia.org/wiki/Nick_Mason","progressive rock","psychedelic rock","","","","","","","","","","",""
"3422","Rick Rubin","https://en.wikipedia.org/wiki/Rick_Rubin","hip-hop","rock","heavy metal","country","pop","","","","","","","",""
"3435","Don Felder","https://en.wikipedia.org/wiki/Don_Felder","hard rock","blues rock","country rock","funk rock","soft rock","","","","","","","",""
"3436","Glenn Frey","https://en.wikipedia.org/wiki/Glenn_Frey","rock","pop rock","soft rock","country rock","hard rock","","","","","","","",""
"3438","Jim Messina","https://en.wikipedia.org/wiki/Jim_Messina_(musician)","country rock","folk rock","latin rock","soft rock","jazz","","","","","","","",""
"3439","Stan Vincent","https://en.wikipedia.org/wiki/Stan_Vincent","","","","","","","","","","","","",""
"3440","Chip Taylor","https://en.wikipedia.org/wiki/Chip_Taylor","country","pop","","","","","","","","","","",""
"3446","Eric Stewart","https://en.wikipedia.org/wiki/Eric_Stewart","art rock","pop rock","","","","","","","","","","",""
"3450","Jet Black","https://en.wikipedia.org/wiki/Jet_Black","jazz","punk rock","new wave","post-punk","","","","","","","","",""
"3451","Jean-Jacques Burnel","https://en.wikipedia.org/wiki/Jean-Jacques_Burnel","rock","punk rock","new wave","post-punk","folk","","","","","","","",""
"3452","Hugh Cornwell","https://en.wikipedia.org/wiki/Hugh_Cornwell","alternative rock","new wave","punk rock","post-punk","","","","","","","","",""
"3453","Dave Greenfield","https://en.wikipedia.org/wiki/Dave_Greenfield","progressive rock","punk rock","new wave","post-punk","","","","","","","","",""
"3454","Hans Wärmling","https://en.wikipedia.org/wiki/Hans_Wärmling","rock","new wave","","","","","","","","","","",""
"3456","Neil Clark","https://en.wikipedia.org/wiki/Neil_Clark_(musician)","","","","","","","","","","","","",""
"3457","Jeff Hanneman","https://en.wikipedia.org/wiki/Jeff_Hanneman","thrash metal","","","","","","","","","","","",""
"3458","Kerry King","https://en.wikipedia.org/wiki/Kerry_King","thrash metal","","","","","","","","","","","",""
"3461","Steve Miller","https://en.wikipedia.org/wiki/Steve_Miller_(musician)","rock","blues","new wave","","","","","","","","","",""
"3471","Mike Chapman","https://en.wikipedia.org/wiki/Mike_Chapman","pop","glam rock","","","","","","","","","","",""
"3472","Nicky Chinn","https://en.wikipedia.org/wiki/Nicky_Chinn","pop","glam rock","","","","","","","","","","",""
"3473","Joe South","https://en.wikipedia.org/wiki/Joe_South","country","folk","rock","","","","","","","","","",""
"3481","Felix Pappalardi","https://en.wikipedia.org/wiki/Felix_Pappalardi","rock","blues rock","hard rock","","","","","","","","","",""
"3482","David Rea","https://en.wikipedia.org/wiki/David_Rea_(musician)","","","","","","","","","","","","",""
"3489","Monk Higgins","https://en.wikipedia.org/wiki/Monk_Higgins","r&b","blues","crossover","jazz","","","","","","","","",""
"3490","Bob Ezrin","https://en.wikipedia.org/wiki/Bob_Ezrin","pop rock","progressive rock","hard rock","heavy metal","","","","","","","","",""
"3491","Dick Wagner","https://en.wikipedia.org/wiki/Dick_Wagner","hard rock","acid rock","heavy metal","shock rock","","","","","","","","",""
"3494","Bobby Robinson","https://en.wikipedia.org/wiki/Bobby_Robinson_(record_producer)","blues","rhythm and blues","hip-hop","","","","","","","","","",""
"3504","Anne Dudley","https://en.wikipedia.org/wiki/Anne_Dudley","film scores","electronic","synth-pop","new wave","","","","","","","","",""
"3511","Leo Nocentelli","https://en.wikipedia.org/wiki/Leo_Nocentelli","funk","r&b","soul","rock","jazz","","","","","","","",""
"3518","David Crosby","https://en.wikipedia.org/wiki/David_Crosby","rock","folk rock","psychedelia","","","","","","","","","",""
"3525","Lamont Dozier","https://en.wikipedia.org/wiki/Lamont_Dozier","rhythm and blues","funk","soul","","","","","","","","","",""
"3526","Brian Holland","https://en.wikipedia.org/wiki/Brian_Holland","rhythm and blues","funk","soul","","","","","","","","","",""
"3532","Marvin Tarplin","https://en.wikipedia.org/wiki/Marv_Tarplin","soul","","","","","","","","","","","",""
"3533","Bobby Rogers","https://en.wikipedia.org/wiki/Bobby_Rogers","r&b","soul","pop","","","","","","","","","",""
"3540","Jeffrey Bowen","https://en.wikipedia.org/wiki/Jeffrey_Bowen","r&b","soul","disco","","","","","","","","","",""
"3542","Eddie Hazel","https://en.wikipedia.org/wiki/Eddie_Hazel","funk","soul","psychedelic rock","psychedelic soul","heavy metal","hard rock","","","","","","",""
"3545","Victor Young","https://en.wikipedia.org/wiki/Victor_Young","","","","","","","","","","","","",""
"3547","Ted Daffan","https://en.wikipedia.org/wiki/Ted_Daffan","country","","","","","","","","","","","",""
"3549","Sammy Cahn","https://en.wikipedia.org/wiki/Sammy_Cahn","","","","","","","","","","","","",""
"3552","Rod Argent","https://en.wikipedia.org/wiki/Rod_Argent","rock","pop","psychedelic rock","progressive rock","classical","","","","","","","",""
"3558","Rod McKuen","https://en.wikipedia.org/wiki/Rod_McKuen","","","","","","","","","","","","",""
"3560","Scott Cutler","https://en.wikipedia.org/wiki/Scott_Cutler","pop","alternative","","","","","","","","","","",""
"3561","Anne Preven","https://en.wikipedia.org/wiki/Anne_Preven","pop rock","alternative rock","","","","","","","","","","",""
"3565","Jerome Kern","https://en.wikipedia.org/wiki/Jerome_Kern","","","","","","","","","","","","",""
"3566","Oscar Hammerstein II","https://en.wikipedia.org/wiki/Oscar_Hammerstein_II","musical theater","popular","","","","","","","","","","",""
"3567","Gene Vincent","https://en.wikipedia.org/wiki/Gene_Vincent","rockabilly","rock and roll","country","","","","","","","","","",""
"3572","Michel Legrand","https://en.wikipedia.org/wiki/Michel_Legrand","","","","","","","","","","","","",""
"3575","Carlos Alomar","https://en.wikipedia.org/wiki/Carlos_Alomar","rock","new wave","ambient","electronica","neo soul","","","","","","","",""
"3576","Jack Lee","https://en.wikipedia.org/wiki/Jack_Lee_(musician)","","","","","","","","","","","","",""
"3577","Giorgio Moroder","https://en.wikipedia.org/wiki/Giorgio_Moroder","euro disco","","","","","","","","","","","",""
"3578","Marc Bolan","https://en.wikipedia.org/wiki/Marc_Bolan","glam rock","psychedelic folk","rock and roll","","","","","","","","","",""
"3580","Frederick Loewe","https://en.wikipedia.org/wiki/Frederick_Loewe","broadway theatre musicals","","","","","","","","","","","",""
"3581","Alan Jay Lerner","https://en.wikipedia.org/wiki/Alan_Jay_Lerner","musical theatre","popular","","","","","","","","","","",""
"3583","Mae Boren Axton","https://en.wikipedia.org/wiki/Mae_Boren_Axton","","","","","","","","","","","","",""
"3584","Tommy Durden","https://en.wikipedia.org/wiki/Tommy_Durden","","","","","","","","","","","","",""
"3587","Dorothy LaBostrie","https://en.wikipedia.org/wiki/Dorothy_LaBostrie","","","","","","","","","","","","",""
"3591","Kal Mann","https://en.wikipedia.org/wiki/Kal_Mann","rock and roll","popular music","","","","","","","","","","",""
"3592","Bernie Lowe","https://en.wikipedia.org/wiki/Bernie_Lowe","","","","","","","","","","","","",""
"3593","Kenny Nolan","https://en.wikipedia.org/wiki/Kenny_Nolan","pop","adult contemporary","soft rock","","","","","","","","","",""
"3594","Tandyn Almer","https://en.wikipedia.org/wiki/Tandyn_Almer","pop","","","","","","","","","","","",""
"3596","Jack Keller","https://en.wikipedia.org/wiki/Jack_Keller_(songwriter)","","","","","","","","","","","","",""
"3599","Dave Bartholomew","https://en.wikipedia.org/wiki/Dave_Bartholomew","rhythm and blues","big band","swing","rock and roll","dixieland","","","","","","","",""
"3602","Lou Handman","https://en.wikipedia.org/wiki/Lou_Handman","","","","","","","","","","","","",""
"3603","Roy Turk","https://en.wikipedia.org/wiki/Roy_Turk","","","","","","","","","","","","",""
"3605","Aaron Schroeder","https://en.wikipedia.org/wiki/Aaron_Schroeder","","","","","","","","","","","","",""
"3607","Pierre Delanoë","https://en.wikipedia.org/wiki/Pierre_Delanoë","chanson","","","","","","","","","","","",""
"3608","Carl Sigman","https://en.wikipedia.org/wiki/Carl_Sigman","","","","","","","","","","","","",""
"3609","Mort Shuman","https://en.wikipedia.org/wiki/Mort_Shuman","rock and roll","","","","","","","","","","","",""
"3610","Fred Wise","https://en.wikipedia.org/wiki/Fred_Wise_(songwriter)","","","","","","","","","","","","",""
"3611","Ben Weisman","https://en.wikipedia.org/wiki/Ben_Weisman","","","","","","","","","","","","",""
"3616","Ray Henderson","https://en.wikipedia.org/wiki/Ray_Henderson","popular music","","","","","","","","","","","",""
"3617","Mort Dixon","https://en.wikipedia.org/wiki/Mort_Dixon","","","","","","","","","","","","",""
"3619","Andrew Lloyd Webber","https://en.wikipedia.org/wiki/Andrew_Lloyd_Webber","","","","","","","","","","","","",""
"3620","Tim Rice","https://en.wikipedia.org/wiki/Tim_Rice","musical theatre","film","television","lyricist","author","","","","","","","",""
"3621","Roger Taylor","https://en.wikipedia.org/wiki/Roger_Taylor_(Queen_drummer)","rock","","","","","","","","","","","",""
"3622","John Deacon","https://en.wikipedia.org/wiki/John_Deacon","rock","","","","","","","","","","","",""
"3624","Gary Brooker","https://en.wikipedia.org/wiki/Gary_Brooker","progressive rock","hard rock","baroque pop","rock and roll","jazz","","","","","","","",""
"3625","Matthew Fisher","https://en.wikipedia.org/wiki/Matthew_Fisher_(musician)","progressive rock","psychedelic rock","blues rock","soft rock","","","","","","","","",""
"3627","David Freeman","https://en.wikipedia.org/wiki/David_Freeman_(musician)","new wave","punk rock","","","","","","","","","","",""
"3630","Joe Strummer","https://en.wikipedia.org/wiki/Joe_Strummer","punk rock","post-punk","reggae","rock and roll","new wave","alternative rock","folk punk","","","","","",""
"3631","Mick Jones","https://en.wikipedia.org/wiki/Mick_Jones_(The_Clash_guitarist)","punk rock","post-punk","new wave","experimental rock","alternative rock","","","","","","","",""
"3632","Paul Buchanan","https://en.wikipedia.org/wiki/Paul_Buchanan","","","","","","","","","","","","",""
"3636","Richard Butler","https://en.wikipedia.org/wiki/Richard_Butler_(singer)","alternative rock","post-punk","new wave","post-grunge","","","","","","","","",""
"3637","Tim Butler","https://en.wikipedia.org/wiki/Tim_Butler","alternative rock","post-punk","new wave","post-grunge","","","","","","","","",""
"3638","Harry Warren","https://en.wikipedia.org/wiki/Harry_Warren","popular music","","","","","","","","","","","",""
"3639","Al Dubin","https://en.wikipedia.org/wiki/Al_Dubin","","","","","","","","","","","","",""
"3643","Johann Pachelbel","https://en.wikipedia.org/wiki/Johann_Pachelbel","","","","","","","","","","","","",""
"3648","Peter Hooton","https://en.wikipedia.org/wiki/Peter_Hooton","","","","","","","","","","","","",""
"3651","Titus Turner","https://en.wikipedia.org/wiki/Titus_Turner","r&b","east coast blues","jump blues","soul blues","","","","","","","","",""
"3652","Henry Glover","https://en.wikipedia.org/wiki/Henry_Glover","","","","","","","","","","","","",""
"3653","Arthur Hamilton","https://en.wikipedia.org/wiki/Arthur_Hamilton","popular music","","","","","","","","","","","",""
"3654","Sly Stone","https://en.wikipedia.org/wiki/Sly_Stone","funk","soul","psychedelic soul","progressive soul","funk rock","avant-funk","","","","","","",""
"3655","Roland Orzabal","https://en.wikipedia.org/wiki/Roland_Orzabal","new wave","pop rock","synth-pop","","","","","","","","","",""
"3656","Ian Stanley","https://en.wikipedia.org/wiki/Ian_Stanley","rock","hard rock","new wave","","","","","","","","","",""
"3666","Steve Harris","https://en.wikipedia.org/wiki/Steve_Harris_(musician)","heavy metal","hard rock","","","","","","","","","","",""
"3667","Adrian Smith","https://en.wikipedia.org/wiki/Adrian_Smith_(musician)","heavy metal","progressive rock","hard rock","","","","","","","","","",""
"3668","Nikki Sixx","https://en.wikipedia.org/wiki/Nikki_Sixx","heavy metal","hard rock","glam metal","alternative metal","","","","","","","","",""
"3669","Randy Rhoads","https://en.wikipedia.org/wiki/Randy_Rhoads","heavy metal","hard rock","neoclassical metal","","","","","","","","","",""
"3670","Bob Daisley","https://en.wikipedia.org/wiki/Bob_Daisley","hard rock","blues rock","heavy metal","progressive rock","jazz fusion","","","","","","","",""
"3671","Lee Kerslake","https://en.wikipedia.org/wiki/Lee_Kerslake","hard rock","progressive rock","art rock","southern rock","heavy metal","","","","","","","",""
"3678","Peter Baltes","https://en.wikipedia.org/wiki/Peter_Baltes","heavy metal","","","","","","","","","","","",""
"3679","Udo Dirkschneider","https://en.wikipedia.org/wiki/Udo_Dirkschneider","heavy metal","","","","","","","","","","","",""
"3680","Wolf Hoffmann","https://en.wikipedia.org/wiki/Wolf_Hoffmann","heavy metal","speed metal","hard rock","neoclassical metal","","","","","","","","",""
"3681","Stefan Kaufmann","https://en.wikipedia.org/wiki/Stefan_Kaufmann_(musician)","heavy metal","","","","","","","","","","","",""
"3683","Clive Burr","https://en.wikipedia.org/wiki/Clive_Burr","heavy metal","hard rock","","","","","","","","","","",""
"3684","Dave Murray","https://en.wikipedia.org/wiki/Dave_Murray_(musician)","heavy metal","hard rock","","","","","","","","","","",""
"3685","Billy Gibbons","https://en.wikipedia.org/wiki/Billy_Gibbons","hard rock","boogie rock","blues rock","blues","","","","","","","","",""
"3686","Dusty Hill","https://en.wikipedia.org/wiki/Dusty_Hill","hard rock","blues","rock","","","","","","","","","",""
"3687","Frank Beard","https://en.wikipedia.org/wiki/Frank_Beard_(musician)","hard rock","blues rock","rock","","","","","","","","","",""
"3691","Nat Simon","https://en.wikipedia.org/wiki/Nat_Simon","","","","","","","","","","","","",""
"3692","Jimmy Kennedy","https://en.wikipedia.org/wiki/Jimmy_Kennedy","","","","","","","","","","","","",""
"3696","Reverend Gary Davis","https://en.wikipedia.org/wiki/Reverend_Gary_Davis","gospel blues","piedmont blues","country blues","folk blues","","","","","","","","",""
"3697","Blind Boy Fuller","https://en.wikipedia.org/wiki/Blind_Boy_Fuller","country blues","piedmont blues","east coast blues","","","","","","","","","",""
"3698","Hy Zaret","https://en.wikipedia.org/wiki/Hy_Zaret","","","","","","","","","","","","",""
"3701","Tony Asher","https://en.wikipedia.org/wiki/Tony_Asher","","","","","","","","","","","","",""
"3704","Bernard Sumner","https://en.wikipedia.org/wiki/Bernard_Sumner","rock","post-punk","new wave","synth-pop","electronica","","","","","","","",""
"3705","Gillian Gilbert","https://en.wikipedia.org/wiki/Gillian_Gilbert","new wave","synth-pop","post-punk","alternative dance","alternative rock","electronic","","","","","","",""
"3707","Stephen Morris","https://en.wikipedia.org/wiki/Stephen_Morris_(drummer)","post-punk","alternative rock","alternative dance","synth-pop","electronic","new wave","","","","","","",""
"3709","Jody Reynolds","https://en.wikipedia.org/wiki/Jody_Reynolds","rockabilly","rock and roll","","","","","","","","","","",""
"3711","Don Everly","https://en.wikipedia.org/wiki/Don_Everly","country","rock and roll","country rock","","","","","","","","","",""
"3712","A.P. Carter","https://en.wikipedia.org/wiki/A._P._Carter","country","folk","gospel","","","","","","","","","",""
"3718","Harry Carroll","https://en.wikipedia.org/wiki/Harry_Carroll","","","","","","","","","","","","",""
"3719","Joseph McCarthy","https://en.wikipedia.org/wiki/Joseph_McCarthy_(lyricist)","","","","","","","","","","","","",""
"3721","Ian Tyson","https://en.wikipedia.org/wiki/Ian_Tyson","country","folk","western","americana","","","","","","","","",""
"3723","Robin Williamson","https://en.wikipedia.org/wiki/Robin_Williamson","folk","folk rock","psychedelic folk","classical","celtic","","","","","","","",""
"3730","Stephen Stills","https://en.wikipedia.org/wiki/Stephen_Stills","rock","folk","country","psychedelia","","","","","","","","",""
"3732","Marguerite Monnot","https://en.wikipedia.org/wiki/Marguerite_Monnot","","","","","","","","","","","","",""
"3737","Norbert Glanzberg","https://en.wikipedia.org/wiki/Norbert_Glanzberg","popular songs","film scores","classical","","","","","","","","","",""
"3746","Francis Rossi","https://en.wikipedia.org/wiki/Francis_Rossi","rock","boogie rock","hard rock","psychedelia","","","","","","","","",""
"3751","Joe Egan","https://en.wikipedia.org/wiki/Joe_Egan_(musician)","rock","","","","","","","","","","","",""
"3756","Jon Hendricks","https://en.wikipedia.org/wiki/Jon_Hendricks","jazz","","","","","","","","","","","",""
"3762","Richard Manuel","https://en.wikipedia.org/wiki/Richard_Manuel","rock","americana","soul","country","jazz","roots rock","","","","","","",""
"3763","Rick Danko","https://en.wikipedia.org/wiki/Rick_Danko","rock","americana","folk","blues","country","roots rock","","","","","","",""
"3765","Mike Campbell","https://en.wikipedia.org/wiki/Mike_Campbell_(musician)","rock","","","","","","","","","","","",""
"3766","Bon Scott","https://en.wikipedia.org/wiki/Bon_Scott","rock and roll","blues rock","hard rock","","","","","","","","","",""
"3767","Malcolm  Young","https://en.wikipedia.org/wiki/Malcolm_Young","hard rock","blues rock","rock and roll","","","","","","","","","",""
"3768","Angus Young","https://en.wikipedia.org/wiki/Angus_Young","hard rock","blues rock","rock and roll","","","","","","","","","",""
"3770","Steve Jones","https://en.wikipedia.org/wiki/Steve_Jones_(musician)","punk rock","hard rock","heavy metal","","","","","","","","","",""
"3771","Glen Matlock","https://en.wikipedia.org/wiki/Glen_Matlock","punk rock","rockabilly","new wave","","","","","","","","","",""
"3772","Paul Cook","https://en.wikipedia.org/wiki/Paul_Cook","punk rock","","","","","","","","","","","",""
"3775","John Madara","https://en.wikipedia.org/wiki/John_Medora","rock","soul","soft rock","","","","","","","","","",""
"3778","Ronald Isley","https://en.wikipedia.org/wiki/Ronald_Isley","r&b","soul","funk","quiet storm","","","","","","","","",""
"3782","Jerry Capehart","https://en.wikipedia.org/wiki/Jerry_Capehart","rock and roll","","","","","","","","","","","",""
"3784","Tommy James","https://en.wikipedia.org/wiki/Tommy_James","rock","pop rock","psychedelic rock","","","","","","","","","",""
"3790","Katherine Davis","https://en.wikipedia.org/wiki/Katherine_Kennicott_Davis","","","","","","","","","","","","",""
"3791","Richard Berry","https://en.wikipedia.org/wiki/Richard_Berry_(musician)","doo-wop","r&b","","","","","","","","","","",""
"3792","Richie Adams","https://en.wikipedia.org/wiki/Ritchie_Adams","","","","","","","","","","","","",""
"3796","Ritchie Cordell","https://en.wikipedia.org/wiki/Ritchie_Cordell","pop","rock","","","","","","","","","","",""
"3797","Reg Presley","https://en.wikipedia.org/wiki/Reg_Presley","rock","pop","","","","","","","","","","",""
"3798","Mike Love","https://en.wikipedia.org/wiki/Mike_Love","rock","pop","","","","","","","","","","",""
"3803","Michael Bruce","https://en.wikipedia.org/wiki/Michael_Bruce_(musician)","rock","pop","folk","shock rock","hard rock","heavy metal","","","","","","",""
"3804","Buddy Johnson","https://en.wikipedia.org/wiki/Buddy_Johnson","jazz","jump blues","r&b","urban blues","","","","","","","","",""
"3807","Jim Lea","https://en.wikipedia.org/wiki/Jim_Lea_(musician)","rock","","","","","","","","","","","",""
"3808","Noddy Holder","https://en.wikipedia.org/wiki/Noddy_Holder","glam rock","hard rock","","","","","","","","","","",""
"3809","Andy Fraser","https://en.wikipedia.org/wiki/Andy_Fraser","hard rock","blues-rock","funk rock","","","","","","","","","",""
"3814","William Stevenson","https://en.wikipedia.org/wiki/William_Stevenson_(songwriter)","","","","","","","","","","","","",""
"3817","David Porter","https://en.wikipedia.org/wiki/David_Porter_(musician)","r&b","soul","","","","","","","","","","",""
"3820","J. Fred Coots","https://en.wikipedia.org/wiki/J._Fred_Coots","tin pan alley","","","","","","","","","","","",""
"3822","Ralph Blane","https://en.wikipedia.org/wiki/Ralph_Blane","musical theatre","popular","","","","","","","","","","",""
"3823","Hugh Martin","https://en.wikipedia.org/wiki/Hugh_Martin","musical theater","","","","","","","","","","","",""
"3825","Robert Wells","https://en.wikipedia.org/wiki/Robert_Wells_(songwriter)","","","","","","","","","","","","",""
"3828","Willie Mitchell","https://en.wikipedia.org/wiki/Willie_Mitchell_(musician)","soul","r&b","rock and roll","pop","funk","","","","","","","",""
"3829","Ronald White","https://en.wikipedia.org/wiki/Ronnie_White","r&b","soul","funk","disco","doo-wop","","","","","","","",""
"3831","Lou Adler","https://en.wikipedia.org/wiki/Lou_Adler","","","","","","","","","","","","",""
"3834","Harry M. Woods","https://en.wikipedia.org/wiki/Harry_M._Woods","","","","","","","","","","","","",""
"3842","Richard Rodgers","https://en.wikipedia.org/wiki/Richard_Rodgers","musical theater","","","","","","","","","","","",""
"3843","Lorenz Hart","https://en.wikipedia.org/wiki/Lorenz_Hart","musical theatre","","","","","","","","","","","",""
"3845","Ralph Bass","https://en.wikipedia.org/wiki/Ralph_Bass","jazz","r&b","","","","","","","","","","",""
"3846","Gary Usher","https://en.wikipedia.org/wiki/Gary_Usher","rock and roll","surf","","","","","","","","","","",""
"3851","Jimmy Bryant [1]","https://en.wikipedia.org/wiki/Jimmy_Bryant","country music","","","","","","","","","","","",""
"3854","Jean-Paul Egide Martini","https://en.wikipedia.org/wiki/Jean-Paul-Égide_Martini","","","","","","","","","","","","",""
"3856","John Carter","https://en.wikipedia.org/wiki/John_S._Carter","","","","","","","","","","","","",""
"3858","Malvina Reynolds","https://en.wikipedia.org/wiki/Malvina_Reynolds","folk music","blues","","","","","","","","","","",""
"3863","Luther Dixon","https://en.wikipedia.org/wiki/Luther_Dixon","r&b","doo-wop","pop","soul","rock and roll","","","","","","","",""
"3864","Wes Farrell","https://en.wikipedia.org/wiki/Wes_Farrell","","","","","","","","","","","","",""
"3866","Mars Bonfire","https://en.wikipedia.org/wiki/Mars_Bonfire","rock","","","","","","","","","","","",""
"3874","Ballard MacDonald","https://en.wikipedia.org/wiki/Ballard_MacDonald","","","","","","","","","","","","",""
"3877","Rod Clements","https://en.wikipedia.org/wiki/Rod_Clements","folk rock","roots","blues","americana","folk","rock","","","","","","",""
"3879","Carole Bayer Sager","https://en.wikipedia.org/wiki/Carole_Bayer_Sager","","","","","","","","","","","","",""
"3885","Karen Taylor Good","https://en.wikipedia.org/wiki/Karen_Taylor-Good","country","","","","","","","","","","","",""
"3889","Artie Kornfeld","https://en.wikipedia.org/wiki/Artie_Kornfeld","","","","","","","","","","","","",""
"3890","Emitt Rhodes","https://en.wikipedia.org/wiki/Emitt_Rhodes","power pop","psychedelic pop","baroque pop","","","","","","","","","",""
"3893","Alex North","https://en.wikipedia.org/wiki/Alex_North","film score","theatre","classical rock","jazz rock","","","","","","","","",""
"3906","Skip Scarborough","https://en.wikipedia.org/wiki/Skip_Scarborough","r&b","funk","soul","disco","","","","","","","","",""
"3909","Marvin Isley","https://en.wikipedia.org/wiki/Marvin_Isley","r&b","funk","soul","funk rock","","","","","","","","",""
"3909","Marvin Isley","https://en.wikipedia.org/wiki/Isley-Jasper-Isley","r&b","soul","rock","funk","","","","","","","","",""
"3921","Morris Levy","https://en.wikipedia.org/wiki/Morris_Levy","","","","","","","","","","","","",""
"3929","Jerry Allison","https://en.wikipedia.org/wiki/Jerry_Allison","rock and roll","rockabilly","","","","","","","","","","",""
"3931","George Young","https://en.wikipedia.org/wiki/George_Young_(rock_musician)","rock","","","","","","","","","","","",""
"3932","Harry Vanda","https://en.wikipedia.org/wiki/Harry_Vanda","rock","","","","","","","","","","","",""
"3933","Peggy Farina","https://en.wikipedia.org/wiki/Peggy_Santiglia","pop","","","","","","","","","","","",""
"3939","Craig Fuller","https://en.wikipedia.org/wiki/Craig_Fuller","country rock","country","roots rock","blues rock","swamp rock","americana","jam band","","","","","",""
"3940","Bobby Troup","https://en.wikipedia.org/wiki/Bobby_Troup","","","","","","","","","","","","",""
"3942","Johnny Vincent","https://en.wikipedia.org/wiki/Johnny_Vincent","","","","","","","","","","","","",""
"3948","Galt MacDermot","https://en.wikipedia.org/wiki/Galt_MacDermot","musical theater","jazz","funk","classical music","film score","","","","","","","",""
"3949","James Rado","https://en.wikipedia.org/wiki/James_Rado","","","","","","","","","","","","",""
"3950","Gerome Ragni","https://en.wikipedia.org/wiki/Gerome_Ragni","","","","","","","","","","","","",""
"3954","Alan Gorrie","https://en.wikipedia.org/wiki/Alan_Gorrie","funk","rhythm and blues","","","","","","","","","","",""
"3955","Roger Ball","https://en.wikipedia.org/wiki/Roger_Ball_(musician)","","","","","","","","","","","","",""
"3959","Robbie McIntosh","https://en.wikipedia.org/wiki/Robbie_McIntosh_(drummer)","","","","","","","","","","","","",""
"3962","Pam Sawyer","https://en.wikipedia.org/wiki/Pam_Sawyer","","","","","","","","","","","","",""
"3963","Leon Ware","https://en.wikipedia.org/wiki/Leon_Ware","r&b","soul","disco","funk","jazz","","","","","","","",""
"3964","John Sebastian","https://en.wikipedia.org/wiki/John_Sebastian","rock","pop","folk","blues","","","","","","","","",""
"3970","Terry Melcher","https://en.wikipedia.org/wiki/Terry_Melcher","rock","pop","","","","","","","","","","",""
"3975","Don Raye","https://en.wikipedia.org/wiki/Don_Raye","","","","","","","","","","","","",""
"3976","Freddie Slack","https://en.wikipedia.org/wiki/Freddie_Slack","swing","boogie-woogie","","","","","","","","","","",""
"3981","Frank Slay Jr.","https://en.wikipedia.org/wiki/Frank_Slay","","","","","","","","","","","","",""
"3985","Calvin Carter","https://en.wikipedia.org/wiki/Calvin_Carter","","","","","","","","","","","","",""
"3987","Charles Singleton","https://en.wikipedia.org/wiki/Charles_Singleton_(songwriter)","pop music","","","","","","","","","","","",""
"3988","Eddie Snyder","https://en.wikipedia.org/wiki/Eddie_Snyder","","","","","","","","","","","","",""
"3992","George """"Shadow"""" Morton","https://en.wikipedia.org/wiki/Shadow_Morton","","","","","","","","","","","","",""
"3993","Keith Relf","https://en.wikipedia.org/wiki/Keith_Relf","blues rock","hard rock","psychedelic rock","folk rock","progressive rock","","","","","","","",""
"3994","Jim McCarty","https://en.wikipedia.org/wiki/Jim_McCarty","blues rock","psychedelic rock","progressive rock","hard rock","folk rock","","","","","","","",""
"3998","Joe Perry","https://en.wikipedia.org/wiki/Joe_Perry_(musician)","hard rock","blues rock","rock and roll","heavy metal","","","","","","","","",""
"4009","Joey Tempest","https://en.wikipedia.org/wiki/Joey_Tempest","heavy metal","hard rock","glam metal","country rock","","","","","","","","",""
"4011","Bill Danoff","https://en.wikipedia.org/wiki/Bill_Danoff","","","","","","","","","","","","",""
"4024","Benjamin Britten","https://en.wikipedia.org/wiki/Benjamin_Britten","","","","","","","","","","","","",""
"4026","Steve Hackett","https://en.wikipedia.org/wiki/Steve_Hackett","progressive rock","blues","classical music","worldbeat","pop rock","","","","","","","",""
"4028","Harold Arlen","https://en.wikipedia.org/wiki/Harold_Arlen","","","","","","","","","","","","",""
"4030","Horace Ott","https://en.wikipedia.org/wiki/Horace_Ott","jazz","r&b","","","","","","","","","","",""
"4031","Danny Dill","https://en.wikipedia.org/wiki/Danny_Dill","country","","","","","","","","","","","",""
"4034","Robert Yount","https://en.wikipedia.org/wiki/Robert_Yount","country","","","","","","","","","","","",""
"4038","Léo Chauliac","https://en.wikipedia.org/wiki/Léo_Chauliac","","","","","","","","","","","","",""
"4042","Andy Partridge","https://en.wikipedia.org/wiki/Andy_Partridge","","","","","","","","","","","","",""
"4043","Colin Moulding","https://en.wikipedia.org/wiki/Colin_Moulding","rock","pop","","","","","","","","","","",""
"4049","Sam Phillips","https://en.wikipedia.org/wiki/Sam_Phillips","rock and roll","rockabilly","r&b","country","blues","pop","jazz","soul","doo wop","boogie woogie","","",""
"4055","John Frusciante","https://en.wikipedia.org/wiki/John_Frusciante","alternative rock","funk rock","electronic","experimental","psychedelia","","","","","","","",""
"4057","Stevie Nicks","https://en.wikipedia.org/wiki/Stevie_Nicks","rock","pop","folk","","","","","","","","","",""
"4061","David Rawlings","https://en.wikipedia.org/wiki/David_Rawlings","","","","","","","","","","","","",""
"4062","Dennis Linde","https://en.wikipedia.org/wiki/Dennis_Linde","country","rock","","","","","","","","","","",""
"4067","Howard Barnes","https://en.wikipedia.org/wiki/Howard_Barnes","","","","","","","","","","","","",""
"4071","Buck Ram","https://en.wikipedia.org/wiki/Buck_Ram","","","","","","","","","","","","",""
"4076","Jerry Harrison","https://en.wikipedia.org/wiki/Jerry_Harrison","new wave","indie pop","rock and roll","art rock","","","","","","","","",""
"4077","Tina Weymouth","https://en.wikipedia.org/wiki/Tina_Weymouth","new wave","art punk","post-punk","art pop","funk","","","","","","","",""
"4078","Michel Colombier","https://en.wikipedia.org/wiki/Michel_Colombier","film score","","","","","","","","","","","",""
"4079","Max Crook","https://en.wikipedia.org/wiki/Max_Crook","pop","","","","","","","","","","","",""
"4085","Jerry Garcia","https://en.wikipedia.org/wiki/Jerry_Garcia","rock","psychedelia","jam","bluegrass","blues","jazz","rock and roll","americana","","","","",""
"4090","Henry Cosby","https://en.wikipedia.org/wiki/Henry_Cosby","r&b","soul","","","","","","","","","","",""
"4091","Eddy Grant","https://en.wikipedia.org/wiki/Eddy_Grant","reggae rock","pop","electro-pop","funk","disco","soul","calypso","soca","ringbang","world","","",""
"4095","Victor Hickling","https://en.wikipedia.org/wiki/Victor_Brox","","","","","","","","","","","","",""
"4104","Jon Bon Jovi","https://en.wikipedia.org/wiki/Jon_Bon_Jovi","hard rock","glam metal","arena rock","pop rock","country rock","","","","","","","",""
"4108","Howlin' Wolf","https://en.wikipedia.org/wiki/Howlin'_Wolf","chicago blues","rhythm and blues","electric blues","rock and roll","","","","","","","","",""
"4111","Lee Perry","https://en.wikipedia.org/wiki/Lee_""Scratch""_Perry","dub","reggae","ska","rocksteady","jungle","electronic","","","","","","",""
"4112","Max Romeo","https://en.wikipedia.org/wiki/Max_Romeo","reggae","roots reggae","","","","","","","","","","",""
"4120","Walter Vinson","https://en.wikipedia.org/wiki/Walter_Vinson","memphis blues","","","","","","","","","","","",""
"4126","Jeff Porcaro","https://en.wikipedia.org/wiki/Jeff_Porcaro","pop rock","jazz fusion","hard rock","progressive rock","","","","","","","","",""
"4129","Jacques Revaux","https://en.wikipedia.org/wiki/Jacques_Revaux","pop","","","","","","","","","","","",""
"4132","Tom Evans","https://en.wikipedia.org/wiki/Tom_Evans_(musician)","rock","power pop","","","","","","","","","","",""
"4133","Manu Chao","https://en.wikipedia.org/wiki/Manu_Chao","latin alternative","reggae","worldbeat","ska","","","","","","","","",""
"4134","Vincent Ford","https://en.wikipedia.org/wiki/Vincent_Ford","","","","","","","","","","","","",""
"4135","Tom Verlaine","https://en.wikipedia.org/wiki/Tom_Verlaine","punk rock","art punk","new wave","post punk","","","","","","","","",""
"4137","Timothy B. Schmit","https://en.wikipedia.org/wiki/Timothy_B._Schmit","rock","country rock","soft rock","hard rock","","","","","","","","",""
"4140","Phil Springer","https://en.wikipedia.org/wiki/Philip_Springer","","","","","","","","","","","","",""
"4141","Bob Hilliard","https://en.wikipedia.org/wiki/Bob_Hilliard","","","","","","","","","","","","",""
"4144","Bob McDill","https://en.wikipedia.org/wiki/Bob_McDill","countrypopular","","","","","","","","","","","",""
"4145","Allen Reynolds","https://en.wikipedia.org/wiki/Allen_Reynolds","country music","","","","","","","","","","","",""
"4156","Jean Dréjac","https://en.wikipedia.org/wiki/Jean_Dréjac","","","","","","","","","","","","",""
"4163","Dani Klein","https://en.wikipedia.org/wiki/Dani_Klein","","","","","","","","","","","","",""
"4168","Robert B. Sherman","https://en.wikipedia.org/wiki/Robert_B._Sherman","film score","childrens music","","","","","","","","","","",""
"4169","Richard Sherman","https://en.wikipedia.org/wiki/Richard_M._Sherman","musical film","musical theatre","animation","music","","","","","","","","",""
"4176","Al Kooper","https://en.wikipedia.org/wiki/Al_Kooper","blues","r&b","pop","rock","","","","","","","","",""
"4196","Bruce Gaitsch","https://en.wikipedia.org/wiki/Bruce_Gaitsch","rock","hard rock","pop","aor","","","","","","","","",""
"4197","Lester Flatt","https://en.wikipedia.org/wiki/Lester_Flatt","bluegrass","country","","","","","","","","","","",""
"4198","Earl Scruggs","https://en.wikipedia.org/wiki/Earl_Scruggs","bluegrass","progressive country","gospel","","","","","","","","","",""
"4200","Reggie Lucas","https://en.wikipedia.org/wiki/Reggie_Lucas","jazz","soul","disco","r&b","pop","","","","","","","",""
"4205","James Hooker","https://en.wikipedia.org/wiki/James_Hooker_(musician)","rock","r&b","country","americana","","","","","","","","",""
"4206","Fritz Rotter","https://en.wikipedia.org/wiki/Fritz_Rotter","","","","","","","","","","","","",""
"4210","Johnny McElhone","https://en.wikipedia.org/wiki/Johnny_McElhone","","","","","","","","","","","","",""
"4217","Glenn Miller","https://en.wikipedia.org/wiki/Glenn_Miller","swing music","big band","","","","","","","","","","",""
"4218","Sam Coslow","https://en.wikipedia.org/wiki/Sam_Coslow","","","","","","","","","","","","",""
"4219","Arthur Johnston","https://en.wikipedia.org/wiki/Arthur_Johnston_(composer)","traditional pop","","","","","","","","","","","",""
"4223","Toni Cottura","https://en.wikipedia.org/wiki/Toni_Cottura","eurodance","hip hop","","","","","","","","","","",""
"4230","Bill Callahan","https://en.wikipedia.org/wiki/Bill_Callahan_(musician)","americana","alt-country","lo-fi","indie folk","indie rock","","","","","","","",""
"4233","Dan Folger","https://en.wikipedia.org/wiki/Dan_Folger","","","","","","","","","","","","",""
"4234","Mickey Newbury","https://en.wikipedia.org/wiki/Mickey_Newbury","progressive country","outlaw country","folk","","","","","","","","","",""
"4235","Marijohn Wilkin","https://en.wikipedia.org/wiki/Marijohn_Wilkin","gospel music","country","christian music","","","","","","","","","",""
"4236","Jimmy Webb","https://en.wikipedia.org/wiki/Jimmy_Webb","pop","country","rock","","","","","","","","","",""
"4237","Roger Greenaway","https://en.wikipedia.org/wiki/Roger_Greenaway","pop","","","","","","","","","","","",""
"4238","Roger Cook","https://en.wikipedia.org/wiki/Roger_Cook_(songwriter)","pop","","","","","","","","","","","",""
"4239","Joe Melson","https://en.wikipedia.org/wiki/Joe_Melson","pop","country","rockabilly","","","","","","","","","",""
"4241","Mort Garson","https://en.wikipedia.org/wiki/Mort_Garson","electronic music","easy listening","rock","pop","","","","","","","","",""
"4242","Gordon Mills","https://en.wikipedia.org/wiki/Gordon_Mills","","","","","","","","","","","","",""
"4247","Georges Moustaki","https://en.wikipedia.org/wiki/Georges_Moustaki","","","","","","","","","","","","",""
"4248","Bunny Lewis","https://en.wikipedia.org/wiki/Bunny_Lewis","traditional popular music","","","","","","","","","","","",""
"4251","John MacLeod","https://en.wikipedia.org/wiki/John_Macleod_(songwriter)","pop music","","","","","","","","","","","",""
"4271","Frank Peterson","https://en.wikipedia.org/wiki/Frank_Peterson","","","","","","","","","","","","",""
"4274","Kerry Livgren","https://en.wikipedia.org/wiki/Kerry_Livgren","progressive rock","rock","","","","","","","","","","",""
"4278","Noel Hogan","https://en.wikipedia.org/wiki/Noel_Hogan","rock","","","","","","","","","","","",""
"4279","Dolores O'Riordan","https://en.wikipedia.org/wiki/Dolores_O'Riordan","alternative rock","indie rock","jangle pop","pop rock","post-punk","","","","","","","",""
"4290","Toni Stern","https://en.wikipedia.org/wiki/Toni_Stern","","","","","","","","","","","","",""
"4292","Arthur Kent","https://en.wikipedia.org/wiki/Arthur_Kent_(songwriter)","","","","","","","","","","","","",""
"4293","Sylvia Dee","https://en.wikipedia.org/wiki/Sylvia_Dee","","","","","","","","","","","","",""
"4295","Roger Christian","https://en.wikipedia.org/wiki/Roger_Christian_(songwriter)","","","","","","","","","","","","",""
"4297","Lee Pockriss","https://en.wikipedia.org/wiki/Lee_Pockriss","","","","","","","","","","","","",""
"4300","Thom Yorke","https://en.wikipedia.org/wiki/Thom_Yorke","alternative rock","electronica","experimental rock","art rock","","","","","","","","",""
"4301","Jonny Greenwood","https://en.wikipedia.org/wiki/Jonny_Greenwood","alternative rock","electronica","art rock","experimental rock","","","","","","","","",""
"4302","Phil Selway","https://en.wikipedia.org/wiki/Philip_Selway","alternative rock","art rock","electronic","folk rock","","","","","","","","",""
"4303","Colin Greenwood","https://en.wikipedia.org/wiki/Colin_Greenwood","alternative rock","art rock","electronic","film score","","","","","","","","",""
"4306","Irving Mills","https://en.wikipedia.org/wiki/Irving_Mills","","","","","","","","","","","","",""
"4308","Oscar Levant","https://en.wikipedia.org/wiki/Oscar_Levant","","","","","","","","","","","","",""
"4309","Jule Styne","https://en.wikipedia.org/wiki/Jule_Styne","","","","","","","","","","","","",""
"4312","Dorothy Fields","https://en.wikipedia.org/wiki/Dorothy_Fields","","","","","","","","","","","","",""
"4313","Johnny Richards","https://en.wikipedia.org/wiki/Johnny_Richards","jazz","","","","","","","","","","","",""
"4314","Carolyn Leigh","https://en.wikipedia.org/wiki/Carolyn_Leigh","","","","","","","","","","","","",""
"4315","Sammy Fain","https://en.wikipedia.org/wiki/Sammy_Fain","popular music","","","","","","","","","","","",""
"4317","Mack Gordon","https://en.wikipedia.org/wiki/Mack_Gordon","","","","","","","","","","","","",""
"4318","Arthur Schwartz","https://en.wikipedia.org/wiki/Arthur_Schwartz","","","","","","","","","","","","",""
"4319","Howard Dietz","https://en.wikipedia.org/wiki/Howard_Dietz","","","","","","","","","","","","",""
"4320","Paul Francis Webster","https://en.wikipedia.org/wiki/Paul_Francis_Webster","","","","","","","","","","","","",""
"4324","Vincent Youmans","https://en.wikipedia.org/wiki/Vincent_Youmans","","","","","","","","","","","","",""
"4326","Edward Eliscu","https://en.wikipedia.org/wiki/Edward_Eliscu","","","","","","","","","","","","",""
"4329","Adolph Green","https://en.wikipedia.org/wiki/Adolph_Green","","","","","","","","","","","","",""
"4330","Betty Comden","https://en.wikipedia.org/wiki/Betty_Comden","","","","","","","","","","","","",""
"4345","Dante Ross","https://en.wikipedia.org/wiki/Dante_Ross","hip hop","","","","","","","","","","","",""
"4356","Ric Marlow","https://en.wikipedia.org/wiki/Ric_Marlow","","","","","","","","","","","","",""
"4357","Bobby Scott","https://en.wikipedia.org/wiki/Bobby_Scott_(musician)","jazz","","","","","","","","","","","",""
"4358","Frank Churchill","https://en.wikipedia.org/wiki/Frank_Churchill","","","","","","","","","","","","",""
"4360","Harvey Schmidt","https://en.wikipedia.org/wiki/Harvey_Schmidt","","","","","","","","","","","","",""
"4361","Milton Ager","https://en.wikipedia.org/wiki/Milton_Ager","popular music","","","","","","","","","","","",""
"4367","Roger Troutman","https://en.wikipedia.org/wiki/Roger_Troutman","funk","","","","","","","","","","","",""
"4372","Jim Capaldi","https://en.wikipedia.org/wiki/Jim_Capaldi","progressive rock","pop rock","soft rock","","","","","","","","","",""
"4374","Berton Averre","https://en.wikipedia.org/wiki/Berton_Averre","rock","","","","","","","","","","","",""
"4381","Allen Jones","https://en.wikipedia.org/wiki/Allen_Jones_(record_producer)","","","","","","","","","","","","",""
"4418","Paul Stanley","https://en.wikipedia.org/wiki/Paul_Stanley","hard rock","heavy metal","","","","","","","","","","",""
"4419","Desmond Child","https://en.wikipedia.org/wiki/Desmond_Child","pop rock","adult contemporary","alternative rock","hard rock","heavy metal","glam metal","disco","latin pop","","","","",""
"4420","Vini Poncia","https://en.wikipedia.org/wiki/Vini_Poncia","","","","","","","","","","","","",""
"4435","Homer Banks","https://en.wikipedia.org/wiki/Homer_Banks","soul","northern soul","","","","","","","","","","",""
"4437","Tom Bahler","https://en.wikipedia.org/wiki/Tom_Bahler","","","","","","","","","","","","",""
"4443","Harry Akst","https://en.wikipedia.org/wiki/Harry_Akst","","","","","","","","","","","","",""
"4444","Grant Clarke","https://en.wikipedia.org/wiki/Grant_Clarke","","","","","","","","","","","","",""
"4449","Larry Collins","https://en.wikipedia.org/wiki/Larry_Collins_(guitarist)","rockabilly","country","outlaw country","country rock","rock and roll","","","","","","","",""
"4450","Gene Simmons","https://en.wikipedia.org/wiki/Gene_Simmons","hard rock","heavy metal","","","","","","","","","","",""
"4451","Stephen Coronel","https://en.wikipedia.org/wiki/Stephen_Coronel","hard rock","","","","","","","","","","","",""
"4454","Herbert Stothart","https://en.wikipedia.org/wiki/Herbert_Stothart","","","","","","","","","","","","",""
"4463","Fred Burch","https://en.wikipedia.org/wiki/Fred_Burch","","","","","","","","","","","","",""
"4464","Andreas Carlsson","https://en.wikipedia.org/wiki/Andreas_Carlsson","pop","rock","","","","","","","","","","",""
"4465","Max Martin","https://en.wikipedia.org/wiki/Max_Martin","pop","dance","r&b","rock","","","","","","","","",""
"4468","Eddy Marnay","https://en.wikipedia.org/wiki/Eddy_Marnay","various","","","","","","","","","","","",""
"4469","Colin Hay","https://en.wikipedia.org/wiki/Colin_Hay","rock","pop rock","new wave","","","","","","","","","",""
"4471","Eugene Record","https://en.wikipedia.org/wiki/Eugene_Record","r&b","soul","","","","","","","","","","",""
"4477","Maurice White","https://en.wikipedia.org/wiki/Maurice_White","soul","funk","r&b","jazz","","","","","","","","",""
"4483","Teddy Riley","https://en.wikipedia.org/wiki/Teddy_Riley","r&b","hip-hop","new jack swing","","","","","","","","","",""
"4484","Alvertis Isbell","https://en.wikipedia.org/wiki/Al_Bell","soul","gospel","","","","","","","","","","",""
"4504","Linda Creed","https://en.wikipedia.org/wiki/Linda_Creed","r&b","soul","pop","","","","","","","","","",""
"4518","Deke Richards","https://en.wikipedia.org/wiki/Deke_Richards","rhythm and blues","pop","","","","","","","","","","",""
"4519","R. Dean Taylor","https://en.wikipedia.org/wiki/R._Dean_Taylor","pop","rockabilly","soul","","","","","","","","","",""
"4521","L. Russell Brown","https://en.wikipedia.org/wiki/L._Russell_Brown","traditional pop","rock and roll","","","","","","","","","","",""
"4530","Gene McDaniels","https://en.wikipedia.org/wiki/Gene_McDaniels","soul","r&b","jazz","","","","","","","","","",""
"4535","Roy Hawkins","https://en.wikipedia.org/wiki/Roy_Hawkins","rhythm and blues","","","","","","","","","","","",""
"4539","Jackie Mittoo","https://en.wikipedia.org/wiki/Jackie_Mittoo","ska","rocksteady","reggae","funk","","","","","","","","",""
"4542","Arthur Baker","https://en.wikipedia.org/wiki/Arthur_Baker_(producer)","electro","post-disco","dance","freestyle","old school hip hop","","","","","","","",""
"4544","John Robie","https://en.wikipedia.org/wiki/John_Robie","","","","","","","","","","","","",""
"4556","Teddy Powell","https://en.wikipedia.org/wiki/Teddy_Powell","jazz","swing","","","","","","","","","","",""
"4558","Bill Kreutzmann","https://en.wikipedia.org/wiki/Bill_Kreutzmann","rock","psychedelia","jam","jazz","","","","","","","","",""
"4562","John Flansburgh","https://en.wikipedia.org/wiki/John_Flansburgh","alternative rock","","","","","","","","","","","",""
"4563","John Linnell","https://en.wikipedia.org/wiki/John_Linnell","alternative rock","","","","","","","","","","","",""
"4564","Chris Frantz","https://en.wikipedia.org/wiki/Chris_Frantz","","","","","","","","","","","","",""
"4566","Ornette Coleman","https://en.wikipedia.org/wiki/Ornette_Coleman","avant-garde jazz","free jazz","free funk","jazz fusion","third stream","","","","","","","",""
"4567","June Carter","https://en.wikipedia.org/wiki/June_Carter_Cash","country","folk","americana","gospel","appalachian","country folk","rockabilly","","","","","",""
"4568","Merle Kilgore","https://en.wikipedia.org/wiki/Merle_Kilgore","country","","","","","","","","","","","",""
"4576","Yoko Ono","https://en.wikipedia.org/wiki/Yoko_Ono","avant-garde","neo-dada","downtown","performance art","experimental","rock","pop","electronic","noise","abstract","","",""
"4578","Keith Forsey","https://en.wikipedia.org/wiki/Keith_Forsey","rock","","","","","","","","","","","",""
"4585","Mac Gayden","https://en.wikipedia.org/wiki/Mac_Gayden","r&b","pop","folk","roots","","","","","","","","",""
"4595","Howard Ashman","https://en.wikipedia.org/wiki/Howard_Ashman","","","","","","","","","","","","",""
"4600","Lol Tolhurst","https://en.wikipedia.org/wiki/Lol_Tolhurst","post-punk","gothic rock","alternative rock","new wave","electronic","","","","","","","",""
"4602","Matthieu Hartley","https://en.wikipedia.org/wiki/Matthieu_Hartley","punk rock","post-punk","gothic rock","alternative rock","","","","","","","","",""
"4604","Didier Marouani","https://en.wikipedia.org/wiki/Didier_Marouani","electronic music","","","","","","","","","","","",""
"4610","Charlie Burchill","https://en.wikipedia.org/wiki/Charlie_Burchill","rock","post-punk","new wave","pop rock","alternative rock","","","","","","","",""
"4611","Jim Kerr","https://en.wikipedia.org/wiki/Jim_Kerr","rock","","","","","","","","","","","",""
"4617","John Ewbank","https://en.wikipedia.org/wiki/John_Ewbank_(composer)","","","","","","","","","","","","",""
"4622","Mogol","https://en.wikipedia.org/wiki/Mogol_(lyricist)","","","","","","","","","","","","",""
"4624","Adelio Cogliati","https://en.wikipedia.org/wiki/Adelio_Cogliati","","","","","","","","","","","","",""
"4639","Ricky Wilde","https://en.wikipedia.org/wiki/Ricky_Wilde","","","","","","","","","","","","",""
"4640","Marty Wilde","https://en.wikipedia.org/wiki/Marty_Wilde","rock and roll","rockabilly","pop","","","","","","","","","",""
"4642","John Spinks","https://en.wikipedia.org/wiki/John_Spinks_(musician)","pop rock","power pop","new wave","","","","","","","","","",""
"4646","Laurent Boutonnat","https://en.wikipedia.org/wiki/Laurent_Boutonnat","","","","","","","","","","","","",""
"4651","Billy Vera","https://en.wikipedia.org/wiki/Billy_Vera","r&b","pop","rock","","","","","","","","","",""
"4656","Juan Tizol","https://en.wikipedia.org/wiki/Juan_Tizol","jazz","big band","","","","","","","","","","",""
"4657","Pablo Beltrán Ruiz","https://en.wikipedia.org/wiki/Pablo_Beltrán_Ruiz","","","","","","","","","","","","",""
"4661","Billy Strange","https://en.wikipedia.org/wiki/Billy_Strange","","","","","","","","","","","","",""
"4672","Baden Powell","https://en.wikipedia.org/wiki/Baden_Powell_(guitarist)","brazilian jazz","bossa nova","","","","","","","","","","",""
"4673","Vinicius de Moraes","https://en.wikipedia.org/wiki/Vinicius_de_Moraes","bossa nova","","","","","","","","","","","",""
"4674","Marcos Valle","https://en.wikipedia.org/wiki/Marcos_Valle","samba","bossa nova","","","","","","","","","","",""
"4675","Paulo Sérgio Valle","https://en.wikipedia.org/wiki/Paulo_Sérgio_Valle","","","","","","","","","","","","",""
"4688","David Foster","https://en.wikipedia.org/wiki/David_Foster","pop","rock","gospel","r&b","","","","","","","","",""
"4691","Bob Musel","https://en.wikipedia.org/wiki/Robert_Musel","","","","","","","","","","","","",""
"4698","Cy Coleman","https://en.wikipedia.org/wiki/Cy_Coleman","jazz","pop","","","","","","","","","","",""
"4700","Carlo Karges","https://en.wikipedia.org/wiki/Carlo_Karges","","","","","","","","","","","","",""
"4702","Mark Hudson","https://en.wikipedia.org/wiki/Mark_Hudson_(musician)","","","","","","","","","","","","",""
"4704","Pete Bellotte","https://en.wikipedia.org/wiki/Pete_Bellotte","pop","disco","","","","","","","","","","",""
"4705","Billy Idol","https://en.wikipedia.org/wiki/Billy_Idol","new wave","hard rock","pop rock","punk rock","","","","","","","","",""
"4706","Steve Stevens","https://en.wikipedia.org/wiki/Steve_Stevens","hard rock","glam metal","heavy metal","instrumental rock","post-punk","new wave","power pop","","","","","",""
"4717","Cyril Ornadel","https://en.wikipedia.org/wiki/Cyril_Ornadel","","","","","","","","","","","","",""
"4721","Fred Wesley","https://en.wikipedia.org/wiki/Fred_Wesley","funk","p-funk","soul","r&b","soul jazz","","","","","","","",""
"4739","Candice Night","https://en.wikipedia.org/wiki/Candice_Night","medieval folk rock","folk rock","hard rock","new-age","","","","","","","","",""
"4740","Ian Anderson","https://en.wikipedia.org/wiki/Ian_Anderson","progressive rock","folk rock","hard rock","blues rock","","","","","","","","",""
"4751","Simon Gallup","https://en.wikipedia.org/wiki/Simon_Gallup","post-punk","gothic rock","new wave","alternative rock","","","","","","","","",""
"4753","Porl Thompson","https://en.wikipedia.org/wiki/Pearl_Thompson","post-punk","gothic rock","new wave","alternative rock","psychedelic rock","lo-fi","experimental","","","","","",""
"4754","Boris Williams","https://en.wikipedia.org/wiki/Boris_Williams","punk rock","post punk","gothic rock","alternative rock","pop","","","","","","","",""
"4760","Sylvia Robinson","https://en.wikipedia.org/wiki/Sylvia_Robinson","blues","r&b","rock","soul","funk","disco","hip hop","","","","","",""
"4774","Gerry Goffin","https://en.wikipedia.org/wiki/Gerry_Goffin","","","","","","","","","","","","",""
"4775","Michael Masser","https://en.wikipedia.org/wiki/Michael_Masser","","","","","","","","","","","","",""
"4784","Janis Ian","https://en.wikipedia.org/wiki/Janis_Ian","folk","soft rock","","","","","","","","","","",""
"4785","Walter Becker","https://en.wikipedia.org/wiki/Walter_Becker","jazz rock","","","","","","","","","","","",""
"4786","Donald Fagen","https://en.wikipedia.org/wiki/Donald_Fagen","","","","","","","","","","","","",""
"4789","Luther Vandross","https://en.wikipedia.org/wiki/Luther_Vandross","r&b","soul","pop","disco","","","","","","","","",""
"4796","Matthew Wilder","https://en.wikipedia.org/wiki/Matthew_Wilder","new wave","synth-pop","","","","","","","","","","",""
"4803","Rod Temperton","https://en.wikipedia.org/wiki/Rod_Temperton","pop","disco","funk","soul","","","","","","","","",""
"4807","John Starks","https://en.wikipedia.org/wiki/Jabo_Starks","r&b","soul","blues","funk","","","","","","","","",""
"4812","Ahmet Ertegun","https://en.wikipedia.org/wiki/Ahmet_Ertegun","blues","rhythm and blues","rock and roll","","","","","","","","","",""
"4818","Richard McGuire","https://en.wikipedia.org/wiki/Richard_McGuire","","","","","","","","","","","","",""
"4863","Freddie Perren","https://en.wikipedia.org/wiki/Freddie_Perren","r&b","soul","funk","disco","dance-pop","","","","","","","",""
"4866","Claude Debussy","https://en.wikipedia.org/wiki/Claude_Debussy","","","","","","","","","","","","",""
"4868","George Jackson","https://en.wikipedia.org/wiki/George_Jackson_(songwriter)","blues","r&b","rock and roll","soul","","","","","","","","",""
"4874","Harold Brown","https://en.wikipedia.org/wiki/Harold_Ray_Brown","rock","funk","blues","jazz","","","","","","","","",""
"4878","Charles Miller","https://en.wikipedia.org/wiki/Charles_Miller_(musician)","funk","rock","","","","","","","","","","",""
"4882","Adrienne Anderson","https://en.wikipedia.org/wiki/Adrienne_Anderson","","","","","","","","","","","","",""
"4899","Rami Yacoub","https://en.wikipedia.org/wiki/Rami_Yacoub","pop","dance-pop","pop rock","power pop","r&b","europop","","","","","","",""
"4900","Fred Jerkins III","https://en.wikipedia.org/wiki/Fred_Jerkins_III","r&b","gospel","","","","","","","","","","",""
"4902","LaShawn Daniels","https://en.wikipedia.org/wiki/LaShawn_Daniels","r&b","pop","soul","hip hop soul","urban contemporary","","","","","","","",""
"4911","Ron Mael","https://en.wikipedia.org/wiki/Ron_Mael","art pop","art rock","glam rock","electronic","synth-pop","new wave","","","","","","",""
"4924","Eddie Van Halen","https://en.wikipedia.org/wiki/Eddie_Van_Halen","hard rock","heavy metal","glam metal","pop rock","","","","","","","","",""
"4925","David Lee Roth","https://en.wikipedia.org/wiki/David_Lee_Roth","hard rock","heavy metal","glam metal","pop rock","","","","","","","","",""
"4926","Michael Anthony","https://en.wikipedia.org/wiki/Michael_Anthony_(musician)","hard rock","heavy metal","glam metal","","","","","","","","","",""
"4930","Gilbert Gabriel","https://en.wikipedia.org/wiki/Gilbert_Gabriel","","","","","","","","","","","","",""
"4931","Nick Laird-Clowes","https://en.wikipedia.org/wiki/Nick_Laird-Clowes","","","","","","","","","","","","",""
"4935","Tony Banks","https://en.wikipedia.org/wiki/Tony_Banks_(musician)","progressive rock","classical","rock","art rock","pop rock","","","","","","","",""
"4938","Ronnie Van Zant","https://en.wikipedia.org/wiki/Ronnie_Van_Zant","southern rock","hard rock","blues rock","","","","","","","","","",""
"4947","Taffy Nivert","https://en.wikipedia.org/wiki/Taffy_Nivert","","","","","","","","","","","","",""
"4949","George David Weiss","https://en.wikipedia.org/wiki/George_David_Weiss","pop music","jazz","","","","","","","","","","",""
"4955","Larry Beckett","https://en.wikipedia.org/wiki/Larry_Beckett","","","","","","","","","","","","",""
"4958","Steve Marriott","https://en.wikipedia.org/wiki/Steve_Marriott","rock","rhythm and blues","blues rock","hard rock","","","","","","","","",""
"4959","Ronnie Lane","https://en.wikipedia.org/wiki/Ronnie_Lane","rock","rhythm and blues","psychedelic rock","folk rock","","","","","","","","",""
"4960","Jerry Ragovoy","https://en.wikipedia.org/wiki/Jerry_Ragovoy","pop music","","","","","","","","","","","",""
"4961","Fred Ebb","https://en.wikipedia.org/wiki/Fred_Ebb","musical theatre","film","television","","","","","","","","","",""
"4963","Paul Williams","https://en.wikipedia.org/wiki/Paul_Williams_(songwriter)","folk","pop","soft rock","film score","","","","","","","","",""
"4968","Pete Gill","https://en.wikipedia.org/wiki/Pete_Gill","heavy metal","","","","","","","","","","","",""
"4969","Holly Johnson","https://en.wikipedia.org/wiki/Holly_Johnson","pop","dance","new wave","","","","","","","","","",""
"4971","Brian Nash","https://en.wikipedia.org/wiki/Brian_Nash","","","","","","","","","","","","",""
"4972","Lee Hays","https://en.wikipedia.org/wiki/Lee_Hays","folk music","","","","","","","","","","","",""
"4979","Nellee Hooper","https://en.wikipedia.org/wiki/Nellee_Hooper","electronic","trip hop","r&b","rock","house","","","","","","","",""
"4980","Caron Wheeler","https://en.wikipedia.org/wiki/Caron_Wheeler","r&b","soul","pop","reggae","","","","","","","","",""
"4983","Kevin Rowland","https://en.wikipedia.org/wiki/Kevin_Rowland","punk rock","new wave","soul","pop","","","","","","","","",""
"4987","Jerry Dammers","https://en.wikipedia.org/wiki/Jerry_Dammers","ska","2 tone","","","","","","","","","","",""
"4998","Gary Barlow","https://en.wikipedia.org/wiki/Gary_Barlow","pop","","","","","","","","","","","",""
"5000","Sterling Morrison","https://en.wikipedia.org/wiki/Sterling_Morrison","rock","experimental rock","proto-punk","art rock","","","","","","","","",""
"5001","Maureen Tucker","https://en.wikipedia.org/wiki/Moe_Tucker","experimental rock","proto-punk","rock and roll","art rock","avant garde","folk rock","","","","","","",""
"5002","Steve Lukather","https://en.wikipedia.org/wiki/Steve_Lukather","hard rock","jazz fusion","heavy metal","funk","blues","r&b","yacht rock","","","","","",""
"5009","Gary Langan","https://en.wikipedia.org/wiki/Gary_Langan","rock","synth-pop","electronic","avant-garde","new wave","","","","","","","",""
"5010","Paul Morley","https://en.wikipedia.org/wiki/Paul_Morley","","","","","","","","","","","","",""
"5012","Daisy Berkowitz","https://en.wikipedia.org/wiki/Scott_Putesky","industrial rock","industrial metal","alternative metal","gothic rock","shock rock","","","","","","","",""
"5019","Jello Biafra","https://en.wikipedia.org/wiki/Jello_Biafra","punk rock","spoken word","hardcore punk","","","","","","","","","",""
"5025","6025","https://en.wikipedia.org/wiki/Carlo_Cadona","punk rock","post-punk","","","","","","","","","","",""
"5026","Amanda McBroom","https://en.wikipedia.org/wiki/Amanda_McBroom","","","","","","","","","","","","",""
"5027","Kirk Hammett","https://en.wikipedia.org/wiki/Kirk_Hammett","heavy metal","thrash metal","","","","","","","","","","",""
"5036","Cliff Burton","https://en.wikipedia.org/wiki/Cliff_Burton","thrash metal","","","","","","","","","","","",""
"5037","Dave Mustaine","https://en.wikipedia.org/wiki/Dave_Mustaine","thrash metal","heavy metal","","","","","","","","","","",""
"5038","Anne Bredon","https://en.wikipedia.org/wiki/Anne_Bredon","","","","","","","","","","","","",""
"5053","Bert Keyes","https://en.wikipedia.org/wiki/Bert_Keyes","r&b","pop","","","","","","","","","","",""
"5056","Rudy Toombs","https://en.wikipedia.org/wiki/Rudy_Toombs","jump blues","rhythm and blues","blues","","","","","","","","","",""
"5061","Jerry Wexler","https://en.wikipedia.org/wiki/Jerry_Wexler","","","","","","","","","","","","",""
"5063","Richard Carpenter","https://en.wikipedia.org/wiki/Richard_Carpenter_(musician)","pop","","","","","","","","","","","",""
"5066","Frank Loesser","https://en.wikipedia.org/wiki/Frank_Loesser","musical theatre","","","","","","","","","","","",""
"5068","Narada Michael Walden","https://en.wikipedia.org/wiki/Narada_Michael_Walden","rock","r&b","pop","jazz fusion","","","","","","","","",""
"5070","Robert Lamm","https://en.wikipedia.org/wiki/Robert_Lamm","rock","adult contemporary","jazz fusion","","","","","","","","","",""
"5078","Norman Newell","https://en.wikipedia.org/wiki/Norman_Newell","popular music","musical theatre","traditional pop","","","","","","","","","",""
"5079","Tony Renis","https://en.wikipedia.org/wiki/Tony_Renis","adult contemporary","pop","vocal","","","","","","","","","",""
"5085","Randy Goodrum","https://en.wikipedia.org/wiki/Randy_Goodrum","pop","country","rock","jazz","","","","","","","","",""
"5088","Jan Hammer","https://en.wikipedia.org/wiki/Jan_Hammer","jazz fusion","synth-pop","pop rock","","","","","","","","","",""
"5091","Billy Joel","https://en.wikipedia.org/wiki/Billy_Joel","rock","soft rock","pop rock","","","","","","","","","",""
"5092","Ralf Hütter","https://en.wikipedia.org/wiki/Ralf_Hütter","electronic","synth-pop","krautrock","experimental","","","","","","","","",""
"5093","Emil Schult","https://en.wikipedia.org/wiki/Emil_Schult","electronic","experimental","video","painting","","","","","","","","",""
"5095","Jeff Lynne","https://en.wikipedia.org/wiki/Jeff_Lynne","rock","pop","","","","","","","","","","",""
"5097","Norman Blake [1]","https://en.wikipedia.org/wiki/Norman_Blake_(Scottish_musician)","","","","","","","","","","","","",""
"5101","Alan Parsons","https://en.wikipedia.org/wiki/Alan_Parsons","rock","progressive rock","","","","","","","","","","",""
"5102","Eric Woolfson","https://en.wikipedia.org/wiki/Eric_Woolfson","progressive rock","soft rock","pop rock","musical theatre","","","","","","","","",""
"5103","Freddy Weller","https://en.wikipedia.org/wiki/Freddy_Weller","country","","","","","","","","","","","",""
"5113","Richard Leigh","https://en.wikipedia.org/wiki/Richard_Leigh_(songwriter)","","","","","","","","","","","","",""
"5114","Ronnie Scott","https://en.wikipedia.org/wiki/Ronnie_Scott_(songwriter)","","","","","","","","","","","","",""
"5116","Richard Stilgoe","https://en.wikipedia.org/wiki/Richard_Stilgoe","musical theatre","","","","","","","","","","","",""
"5117","Charles Hart","https://en.wikipedia.org/wiki/Charles_Hart_(lyricist)","","","","","","","","","","","","",""
"5118","Mike Batt","https://en.wikipedia.org/wiki/Mike_Batt","rock","pop","classical","","","","","","","","","",""
"5127","Booker T. Jones","https://en.wikipedia.org/wiki/Booker_T._Jones","r&b","instrumental rock","soul","electric blues","","","","","","","","",""
"5130","Mitch Murray","https://en.wikipedia.org/wiki/Mitch_Murray","pop","","","","","","","","","","","",""
"5131","Peter Callander","https://en.wikipedia.org/wiki/Peter_Callander","pop music","","","","","","","","","","","",""
"5133","Grant Hart","https://en.wikipedia.org/wiki/Grant_Hart","alternative rock","post-hardcore","hardcore punk","","","","","","","","","",""
"5137","James Williamson","https://en.wikipedia.org/wiki/James_Williamson_(musician)","proto-punk","garage rock","hard rock","glam rock","punk rock","","","","","","","",""
"5151","Ivan Doroschuk","https://en.wikipedia.org/wiki/Ivan_Doroschuk","synth-pop","new wave","","","","","","","","","","",""
"5152","Roger Whittaker","https://en.wikipedia.org/wiki/Roger_Whittaker","folk","pop","schlager","","","","","","","","","",""
"5155","Clive Davis","https://en.wikipedia.org/wiki/Clive_Davis","","","","","","","","","","","","",""
"5158","Dr. John","https://en.wikipedia.org/wiki/Dr._John","blues","jazz","r&b","soul","funk","blues rock","swamp rock","","","","","",""
"5161","Leee John","https://en.wikipedia.org/wiki/Leee_John","r&b","soul","britfunk","funk","post-disco","pop","","","","","","",""
"5186","Tom Johnston","https://en.wikipedia.org/wiki/Tom_Johnston_(musician)","rock","","","","","","","","","","","",""
"5188","Karl Bartos","https://en.wikipedia.org/wiki/Karl_Bartos","electronic","synthpop","krautrock","jazz","trip hop","","","","","","","",""
"5189","George Kranz","https://en.wikipedia.org/wiki/George_Kranz","","","","","","","","","","","","",""
"5191","Joni Mitchell","https://en.wikipedia.org/wiki/Joni_Mitchell","folk","pop","jazz","rock","","","","","","","","",""
"5192","Michael Nesmith","https://en.wikipedia.org/wiki/Michael_Nesmith","rock","pop","folk","psychedelia","progressive country","country rock","","","","","","",""
"5195","Tom Tom Club","https://en.wikipedia.org/wiki/Tom_Tom_Club","r&b","new wave","funk","","","","","","","","","",""
"5202","Roxette","https://en.wikipedia.org/wiki/Roxette","pop","pop rock","power pop","alternative pop","dance-pop","dance-rock","alternative rock","","","","","",""
"5203","Per Gessle","https://en.wikipedia.org/wiki/Per_Gessle","pop","rock","dance","","","","","","","","","",""
"5207","Simon Le Bon","https://en.wikipedia.org/wiki/Simon_Le_Bon","new wave","synth-pop","pop rock","","","","","","","","","",""
"5209","John Taylor [1]","https://en.wikipedia.org/wiki/John_Taylor_(bass_guitarist)","new wave","new romantic","pop rock","hard rock","heavy metal","","","","","","","",""
"5212","Michael Gore","https://en.wikipedia.org/wiki/Michael_Gore","film score","","","","","","","","","","","",""
"5216","Burton Lane","https://en.wikipedia.org/wiki/Burton_Lane","","","","","","","","","","","","",""
"5237","Jerry Herman","https://en.wikipedia.org/wiki/Jerry_Herman","musical theatre","","","","","","","","","","","",""
"5245","Craig Armstrong","https://en.wikipedia.org/wiki/Craig_Armstrong_(composer)","classical","contemporary classical","electronic","alternative rock","","","","","","","","",""
"5246","Marius de Vries","https://en.wikipedia.org/wiki/Marius_de_Vries","electronic","trip hop","rock","","","","","","","","","",""
"5260","Maxi Jazz","https://en.wikipedia.org/wiki/Maxi_Jazz","electronic","trip hop","trance","","","","","","","","","",""
"5261","Sister Bliss","https://en.wikipedia.org/wiki/Sister_Bliss","house","psychedelic trance","progressive house","electronic","trip hop","trance","","","","","","",""
"5266","Francesco Guccini","https://en.wikipedia.org/wiki/Francesco_Guccini","folk","","","","","","","","","","","",""
"5267","Mandalay","https://en.wikipedia.org/wiki/Mandalay_(band)","trip hop","","","","","","","","","","","",""
"5268","Nicola Hitchcock","https://en.wikipedia.org/wiki/Nicola_Hitchcock","electronica","trip hop","downtempo","","","","","","","","","",""
"5270","Portishead","https://en.wikipedia.org/wiki/Portishead_(band)","trip hop","alternative rock","electronica","psychedelic rock","experimental rock","","","","","","","",""
"5272","Talk Talk","https://en.wikipedia.org/wiki/Talk_Talk","art rock","post-rock","synth-pop","new wave","","","","","","","","",""
"5273","Mark Hollis","https://en.wikipedia.org/wiki/Mark_Hollis","new wave","synth-pop","post-rock","art rock","folk","jazz","ambient","","","","","",""
"5274","Tim Friese-Greene","https://en.wikipedia.org/wiki/Tim_Friese-Greene","","","","","","","","","","","","",""
"5300","H.R.","https://en.wikipedia.org/wiki/H.R._(musician)","hardcore punk","reggae","","","","","","","","","","",""
"5301","Darryl Jenifer","https://en.wikipedia.org/wiki/Darryl_Jenifer","hardcore punk","","","","","","","","","","","",""
"5306","The Hellacopters","https://en.wikipedia.org/wiki/The_Hellacopters","garage rock","garage punk","glam punk","hard rock","","","","","","","","",""
"5310","Lorenzo Pilat","https://en.wikipedia.org/wiki/Lorenzo_Pilat","","","","","","","","","","","","",""
"5311","Mario Panzeri","https://en.wikipedia.org/wiki/Mario_Panzeri","","","","","","","","","","","","",""
"5312","Daniele Pace","https://en.wikipedia.org/wiki/Daniele_Pace","","","","","","","","","","","","",""
"5314","Otto Harbach","https://en.wikipedia.org/wiki/Otto_Harbach","","","","","","","","","","","","",""
"5322","The Melodians","https://en.wikipedia.org/wiki/The_Melodians","ska","rocksteady","reggae","","","","","","","","","",""
"5325","Boney M.","https://en.wikipedia.org/wiki/Boney_M.","eurodisco","europop","funk","reggae","","","","","","","","",""
"5336","Marvin Hamlisch","https://en.wikipedia.org/wiki/Marvin_Hamlisch","musical theatre","film music","pops","","","","","","","","","",""
"5338","Herman Hupfeld","https://en.wikipedia.org/wiki/Herman_Hupfeld","","","","","","","","","","","","",""
"5339","Yazoo","https://en.wikipedia.org/wiki/Yazoo_(band)","synth-pop","new wave","","","","","","","","","","",""
"5340","Vince Clarke","https://en.wikipedia.org/wiki/Vince_Clarke","synth-pop","electropop","new wave","dance","","","","","","","","",""
"5343","Max Steiner","https://en.wikipedia.org/wiki/Max_Steiner","","","","","","","","","","","","",""
"5347","Mieko Hirota","https://en.wikipedia.org/wiki/Mieko_Hirota","pop","jazz","kaykyoku","r&b","","","","","","","","",""
"5351","Paul Samwell-Smith","https://en.wikipedia.org/wiki/Paul_Samwell-Smith","blues rock","psychedelic rock","","","","","","","","","","",""
"5354","Eddie Phillips","https://en.wikipedia.org/wiki/Eddie_Phillips_(musician)","","","","","","","","","","","","",""
"5355","Limahl","https://en.wikipedia.org/wiki/Limahl","pop","synth-pop","new wave","","","","","","","","","",""
"5359","Ewan MacColl","https://en.wikipedia.org/wiki/Ewan_MacColl","","","","","","","","","","","","",""
"5366","Rob Davis","https://en.wikipedia.org/wiki/Rob_Davis_(musician)","glam rock","electronic","","","","","","","","","","",""
"5370","Jamiroquai","https://en.wikipedia.org/wiki/Jamiroquai","funk","acid jazz","soul","disco","house","r&b","","","","","","",""
"5376","Ghostface Killah","https://en.wikipedia.org/wiki/Ghostface_Killah","east coast hip hop","hardcore hip hop","","","","","","","","","","",""
"5384","Black","https://en.wikipedia.org/wiki/Black_(singer)","pop","new wave","","","","","","","","","","",""
"5387","Ace of Base","https://en.wikipedia.org/wiki/Ace_of_Base","dance-pop","europop","reggae-pop","","","","","","","","","",""
"5391","Nick Rhodes","https://en.wikipedia.org/wiki/Nick_Rhodes","pop","pop rock","synth-pop","new wave","hard rock","heavy metal","","","","","","",""
"5396","The Countdown Singers","https://en.wikipedia.org/wiki/The_Countdown_Singers","sound-alike","","","","","","","","","","","",""
"5400","Kyu Sakamoto","https://en.wikipedia.org/wiki/Kyu_Sakamoto","j-pop","pop","kaykyoku","","","","","","","","","",""
"5401","Hachidai Nakamura","https://en.wikipedia.org/wiki/Hachidai_Nakamura","pop","jazz","","","","","","","","","","",""
"5429","EPMD","https://en.wikipedia.org/wiki/EPMD","east coast hip-hop","","","","","","","","","","","",""
"5431","DJ Premier","https://en.wikipedia.org/wiki/DJ_Premier","hip hop","east coast hip hop","boom bap","jazz rap","","","","","","","","",""
"5433","Shane MacGowan","https://en.wikipedia.org/wiki/Shane_MacGowan","celtic punk","celtic rock","folk punk","folk rock","","","","","","","","",""
"5435","Screaming Trees","https://en.wikipedia.org/wiki/Screaming_Trees","grunge","alternative rock","neo-psychedelia","hard rock","country rock","","","","","","","",""
"5438","Blues Traveler","https://en.wikipedia.org/wiki/Blues_Traveler","blues rock","folk rock","alternative rock","southern rock","jam band","","","","","","","",""
"5439","Collective Soul","https://en.wikipedia.org/wiki/Collective_Soul","alternative rock","hard rock","post-grunge","","","","","","","","","",""
"5442","Candlebox","https://en.wikipedia.org/wiki/Candlebox","grunge","hard rock","alternative rock","post-grunge","","","","","","","","",""
"5445","The Flaming Lips","https://en.wikipedia.org/wiki/The_Flaming_Lips","neo-psychedelia","experimental rock","alternative rock","indie rock","psychedelic rock","","","","","","","",""
"5447","Maria McKee","https://en.wikipedia.org/wiki/Maria_McKee","pop rock","alternative rock","alternative country","rockabilly","","","","","","","","",""
"5448","Jay Rifkin","https://en.wikipedia.org/wiki/Jay_Rifkin","","","","","","","","","","","","",""
"5452","Tina Arena","https://en.wikipedia.org/wiki/Tina_Arena","pop","dance-pop","r&b","","","","","","","","","",""
"5483","Dan Hartman","https://en.wikipedia.org/wiki/Dan_Hartman","pop","pop rock","disco","","","","","","","","","",""
"5501","Clifton Davis","https://en.wikipedia.org/wiki/Clifton_Davis","","","","","","","","","","","","",""
"5502","Toussaint McCall","https://en.wikipedia.org/wiki/Toussaint_McCall","rhythm and blues","","","","","","","","","","","",""
"5515","Ben Sidran","https://en.wikipedia.org/wiki/Ben_Sidran","jazz","rock","","","","","","","","","","",""
"5516","Morris Albert","https://en.wikipedia.org/wiki/Morris_Albert","pop","soft rock","","","","","","","","","","",""
"5519","The Offspring","https://en.wikipedia.org/wiki/The_Offspring","punk rock","skate punk","pop-punk","alternative rock","","","","","","","","",""
"5521","Ben Folds","https://en.wikipedia.org/wiki/Ben_Folds","alternative rock","power pop","","","","","","","","","","",""
"5531","Frida","https://en.wikipedia.org/wiki/Anni-Frid_Lyngstad","pop","jazz","","","","","","","","","","",""
"5532","Russ Ballard","https://en.wikipedia.org/wiki/Russ_Ballard","rock","pop","hard rock","","","","","","","","","",""
"5535","Jessica Folcker","https://en.wikipedia.org/wiki/Jessica_Folcker","pop","dance","r&b","soul","","","","","","","","",""
"5536","The Roots","https://en.wikipedia.org/wiki/The_Roots","hip hop","alternative rap","conscious rap","progressive soul","progressive rap","","","","","","","",""
"5543","The Moody Blues","https://en.wikipedia.org/wiki/The_Moody_Blues","progressive rock","art rock","psychedelic rock","pop rock","","","","","","","","",""
"5545","Bob Russell","https://en.wikipedia.org/wiki/Bob_Russell_(songwriter)","","","","","","","","","","","","",""
"5552","Jimmy Rushing","https://en.wikipedia.org/wiki/Jimmy_Rushing","jump blues","jazz","","","","","","","","","","",""
"5568","Q-Tip","https://en.wikipedia.org/wiki/Q-Tip_(musician)","east coast hip-hop","jazz rap","alternative hip-hop","progressive soul","","","","","","","","",""
"5569","Phife Dawg","https://en.wikipedia.org/wiki/Phife_Dawg","east coast hip hop","","","","","","","","","","","",""
"5577","Allie Wrubel","https://en.wikipedia.org/wiki/Allie_Wrubel","","","","","","","","","","","","",""
"5579","Leo Robin","https://en.wikipedia.org/wiki/Leo_Robin","","","","","","","","","","","","",""
"5580","Ralph Rainger","https://en.wikipedia.org/wiki/Ralph_Rainger","","","","","","","","","","","","",""
"5597","Terence Trent D'Arby","https://en.wikipedia.org/wiki/Terence_Trent_D'Arby","pop","rock","progressive soul","","","","","","","","","",""
"5606","Swervedriver","https://en.wikipedia.org/wiki/Swervedriver","shoegaze","alternative rock","dream pop","grunge","","","","","","","","",""
"5612","Tommy Hunt","https://en.wikipedia.org/wiki/Tommy_Hunt","","","","","","","","","","","","",""
"5613","The White Stripes","https://en.wikipedia.org/wiki/The_White_Stripes","garage rock","blues rock","alternative rock","punk blues","indie rock","","","","","","","",""
"5623","Freestylers","https://en.wikipedia.org/wiki/Freestylers","electronic","breakbeat","trip hop","big beat","acid house","electro house","","","","","","",""
"5630","Ice-T","https://en.wikipedia.org/wiki/Ice-T","west coast hip-hop","gangsta rap","political rap","heavy metal","rap metal","","","","","","","",""
"5637","Pete Rock","https://en.wikipedia.org/wiki/Pete_Rock","east coast hip hop","alternative hip hop","experimental hip hop","jazz rap","turntablism","","","","","","","",""
"5658","Randy Crawford","https://en.wikipedia.org/wiki/Randy_Crawford","jazz","r&b","disco","smooth jazz","","","","","","","","",""
"5664","Kate Rusby","https://en.wikipedia.org/wiki/Kate_Rusby","english folk music","","","","","","","","","","","",""
"5665","Brendan Perry","https://en.wikipedia.org/wiki/Brendan_Perry","","","","","","","","","","","","",""
"5670","Michael Cretu","https://en.wikipedia.org/wiki/Michael_Cretu","new-age","new wave","downtempo","disco","synth-pop","","","","","","","",""
"5673","Jaz Coleman","https://en.wikipedia.org/wiki/Jaz_Coleman","post-punk","industrial metal","classical music","","","","","","","","","",""
"5675","Warren Casey","https://en.wikipedia.org/wiki/Warren_Casey","","","","","","","","","","","","",""
"5677","Tom Jones [1]","https://en.wikipedia.org/wiki/Tom_Jones_(lyricist)","","","","","","","","","","","","",""
"5682","Harold Faltermeyer","https://en.wikipedia.org/wiki/Harold_Faltermeyer","synth-pop","","","","","","","","","","","",""
"5697","Cozy Powell","https://en.wikipedia.org/wiki/Cozy_Powell","hard rock","heavy metal","progressive rock","blues rock","glam rock","instrumental rock","jazz fusion","","","","","",""
"5721","Arthur Herzog Jr.","https://en.wikipedia.org/wiki/Arthur_Herzog_Jr.","","","","","","","","","","","","",""
"5726","Brian Johnson","https://en.wikipedia.org/wiki/Brian_Johnson","hard rock","rock and roll","blues rock","glam rock","","","","","","","","",""
"5739","Harry Bannink","https://en.wikipedia.org/wiki/Harry_Bannink","","","","","","","","","","","","",""
"5747","Bill Evans","https://en.wikipedia.org/wiki/Bill_Evans","jazz","modal jazz","third stream","cool jazz","smooth jazz","post-bop","","","","","","",""
"5752","Costas Ferris","https://en.wikipedia.org/wiki/Costas_Ferris","","","","","","","","","","","","",""
"5753","Mike & The Mechanics","https://en.wikipedia.org/wiki/Mike_and_the_Mechanics","rock","pop rock","","","","","","","","","","",""
"5755","Mike Rutherford","https://en.wikipedia.org/wiki/Mike_Rutherford","progressive rock","art rock","pop rock","soft rock","","","","","","","","",""
"5758","Harry Belafonte","https://en.wikipedia.org/wiki/Harry_Belafonte","calypso","mento","pop","folk","world","","","","","","","",""
"5768","Georges Metaxa","https://en.wikipedia.org/wiki/Georges_Metaxa","","","","","","","","","","","","",""
"5771","Walter Kent","https://en.wikipedia.org/wiki/Walter_Kent","broadway","musicals","revues","","","","","","","","","",""
"5772","Kim Gannon","https://en.wikipedia.org/wiki/Kim_Gannon","","","","","","","","","","","","",""
"5776","Neil Finn","https://en.wikipedia.org/wiki/Neil_Finn","rock","art rock","new wave","pop","","","","","","","","",""
"5779","The Residents","https://en.wikipedia.org/wiki/Homer_Flynn","art rock","industrial","electronic","avant-pop","","","","","","","","",""
"5779","The Residents","https://en.wikipedia.org/wiki/The_Residents","art rock","industrial","electronic","avant-pop","","","","","","","","",""
"5781","Hardy Fox","https://en.wikipedia.org/wiki/Hardy_Fox","experimental rock","avant-garde","","","","","","","","","","",""
"5787","Andy Summers","https://en.wikipedia.org/wiki/Andy_Summers","rock","pop","jazz","","","","","","","","","",""
"5789","Ingrid Chavez","https://en.wikipedia.org/wiki/Ingrid_Chavez","spoken word","poetry","dance","","","","","","","","","",""
"5793","Ashanti","https://en.wikipedia.org/wiki/Ashanti_(singer)","r&b","pop","hip hop","soul","","","","","","","","",""
"5797","Kelly Clarkson","https://en.wikipedia.org/wiki/Kelly_Clarkson","pop","pop rock","r&b","","","","","","","","","",""
"5837","Dido","https://en.wikipedia.org/wiki/Dido_(singer)","electropop","downtempo","trip hop","folktronica","","","","","","","","",""
"5854","Cannonball Adderley","https://en.wikipedia.org/wiki/Cannonball_Adderley","jazz","hard bop","modal jazz","soul jazz","jazz fusion","","","","","","","",""
"5891","Michael Monroe","https://en.wikipedia.org/wiki/Michael_Monroe","hard rock","glam metal","glam punk","glam rock","","","","","","","","",""
"5929","Poly Styrene","https://en.wikipedia.org/wiki/Poly_Styrene","punk rock","new wave","kirtan","downtempo","","","","","","","","",""
"5930","The Levellers","https://en.wikipedia.org/wiki/Levellers_(band)","alternative rock","british folk rock","folk punk","celtic rock","anarcho-punk","","","","","","","",""
"5940","Casino Steel","https://en.wikipedia.org/wiki/Stein_Groven","punk rock","new wave","rock music","country music","","","","","","","","",""
"5983","Röyksopp","https://en.wikipedia.org/wiki/Röyksopp","electronic","ambient","downtempo","chill-out","house","synth-pop","","","","","","",""
"6027","RJD2","https://en.wikipedia.org/wiki/RJD2","hip hop","indie rock","","","","","","","","","","",""
"6032","Michael Rose","https://en.wikipedia.org/wiki/Michael_Rose_(singer)","reggae","afrobeat","","","","","","","","","","",""
"6041","Edward Barton","https://en.wikipedia.org/wiki/Edward_Barton_(musician)","","","","","","","","","","","","",""
"6044","Orbital","https://en.wikipedia.org/wiki/Orbital_(band)","electronic","techno","trance","idm","ambient","breakbeat","","","","","","",""
"6046","Paul Hartnoll","https://en.wikipedia.org/wiki/Paul_Hartnoll","electronic","techno","","","","","","","","","","",""
"6059","Nino Oliviero","https://en.wikipedia.org/wiki/Nino_Oliviero","film score","","","","","","","","","","","",""
"6065","Jill Scott","https://en.wikipedia.org/wiki/Jill_Scott_(singer)","r&b","soul","neo soul","hip hop","spoken word","jazz","","","","","","",""
"6070","Bananarama","https://en.wikipedia.org/wiki/Bananarama","pop","dance-pop","hi-nrg","new wave","eurodance","","","","","","","",""
"6071","Sara Dallin","https://en.wikipedia.org/wiki/Sara_Dallin","pop","new wave","","","","","","","","","","",""
"6073","Keren Woodward","https://en.wikipedia.org/wiki/Keren_Woodward","pop","new wave","","","","","","","","","","",""
"6075","Blue Mitchell","https://en.wikipedia.org/wiki/Blue_Mitchell","jazz","soul jazz","","","","","","","","","","",""
"6094","Grace Slick","https://en.wikipedia.org/wiki/Grace_Slick","psychedelic rock","progressive rock","blues rock","pop","","","","","","","","",""
"6099","Paul Fox","https://en.wikipedia.org/wiki/Paul_Fox_(musician)","","","","","","","","","","","","",""
"6105","Dave Lindholm","https://en.wikipedia.org/wiki/Dave_Lindholm","","","","","","","","","","","","",""
"6107","Charles Strouse","https://en.wikipedia.org/wiki/Charles_Strouse","broadway musical","opera","","","","","","","","","","",""
"6110","Rodriguez","https://en.wikipedia.org/wiki/Sixto_Rodriguez","folk rock","psychedelic folk","psychedelic rock","","","","","","","","","",""
"6130","Underworld","https://en.wikipedia.org/wiki/Underworld_(band)","electronic","progressive house","techno","alternative dance","ambient","downtempo","psychedelic","experimental","synth-pop","","","",""
"6146","Hedy West","https://en.wikipedia.org/wiki/Hedy_West","folk music","","","","","","","","","","","",""
"6150","Wayne Hector","https://en.wikipedia.org/wiki/Wayne_Hector","pop","r&b","","","","","","","","","","",""
"6151","Steve Mac","https://en.wikipedia.org/wiki/Steve_Mac","","","","","","","","","","","","",""
"6159","Norman Greenbaum","https://en.wikipedia.org/wiki/Norman_Greenbaum","rock","","","","","","","","","","","",""
"6164","John Butler","https://en.wikipedia.org/wiki/John_Butler_Trio","alternative rock","bluegrass","blues rock","funk rock","reggae","roots rock","","","","","","",""
"6170","Nina Hagen","https://en.wikipedia.org/wiki/Nina_Hagen","punk rock","neue deutsche welle","new wave","post-punk","","","","","","","","",""
"6173","Chris Lowe","https://en.wikipedia.org/wiki/Chris_Lowe","synth-pop","electropop","dance","idm","electronic","","","","","","","",""
"6174","Neil Tennant","https://en.wikipedia.org/wiki/Neil_Tennant","synth-pop","electropop","dance","disco","alternative dance","","","","","","","",""
"6177","Mike Hazlewood","https://en.wikipedia.org/wiki/Mike_Hazlewood","pop","soft rock","","","","","","","","","","",""
"6180","Billy Bragg","https://en.wikipedia.org/wiki/Billy_Bragg","folk punk","folk rock","indie folk","alternative rock","americana","alternative country","country folk","","","","","",""
"6185","Enuff Z'nuff","https://en.wikipedia.org/wiki/Enuff_Z'Nuff","glam metal","hard rock","power pop","psychedelic rock","","","","","","","","",""
"6200","John Farrar","https://en.wikipedia.org/wiki/John_Farrar","rock and roll","pop","","","","","","","","","","",""
"6202","Fun Lovin' Criminals","https://en.wikipedia.org/wiki/Fun_Lovin'_Criminals","rap rock","alternative rock","hip hop","","","","","","","","","",""
"6204","Jesus Jones","https://en.wikipedia.org/wiki/Jesus_Jones","alternative rock","grebo","dance-rock","indie dance","","","","","","","","",""
"6212","The Glitter Band","https://en.wikipedia.org/wiki/The_Glitter_Band","glam rock","rock and roll","pop","","","","","","","","","",""
"6217","Bill Martin","https://en.wikipedia.org/wiki/Bill_Martin_(songwriter)","pop music","","","","","","","","","","","",""
"6218","Phil Coulter","https://en.wikipedia.org/wiki/Phil_Coulter","folk","pop","traditional irish","","","","","","","","","",""
"6228","Larry Weiss","https://en.wikipedia.org/wiki/Larry_Weiss","","","","","","","","","","","","",""
"6241","Stan Kesler","https://en.wikipedia.org/wiki/Stan_Kesler","rock and roll","country","pop","r&b","","","","","","","","",""
"6244","James Dean Bradfield","https://en.wikipedia.org/wiki/James_Dean_Bradfield","alternative rock","hard rock","post-punk","punk rock","glam punk","","","","","","","",""
"6250","Susanna Haavisto","https://en.wikipedia.org/wiki/Susanna_Haavisto","","","","","","","","","","","","",""
"6257","Léo Ferré","https://en.wikipedia.org/wiki/Léo_Ferré","chanson","expressionist","classical","spoken word","pop","","","","","","","",""
"6277","Richard M. Jones","https://en.wikipedia.org/wiki/Richard_M._Jones","","","","","","","","","","","","",""
"6279","Lumidee","https://en.wikipedia.org/wiki/Lumidee","r&b","","","","","","","","","","","",""
"6299","Erik Satie","https://en.wikipedia.org/wiki/Erik_Satie","","","","","","","","","","","","",""
"6314","Edward Kleban","https://en.wikipedia.org/wiki/Edward_Kleban","","","","","","","","","","","","",""
"6316","Tom Scholz","https://en.wikipedia.org/wiki/Tom_Scholz","hard rock","arena rock","progressive rock","","","","","","","","","",""
"6317","*NSYNC","https://en.wikipedia.org/wiki/NSYNC","pop","dance-pop","teen pop","r&b","","","","","","","","",""
"6318","David Gates","https://en.wikipedia.org/wiki/David_Gates","soft rock","country","pop rock","","","","","","","","","",""
"6319","Kristian Lundin","https://en.wikipedia.org/wiki/Kristian_Lundin","pop","","","","","","","","","","","",""
"6321","Further Seems Forever","https://en.wikipedia.org/wiki/Further_Seems_Forever","emo","indie rock","","","","","","","","","","",""
"6326","Willy DeVille","https://en.wikipedia.org/wiki/Willy_DeVille","roots rock","americana","soul","new orleans r&b","blues","cajun","latin rock","tex-mex","mariachi","louisiana creole music","","",""
"6337","Hans Bouwens","https://en.wikipedia.org/wiki/George_Baker_(Dutch_singer)","rock","pop rock","soft rock","pop","","","","","","","","",""
"6340","Barenaked Ladies","https://en.wikipedia.org/wiki/Barenaked_Ladies","alternative pop","folk rock","pop rock","comedy rock","","","","","","","","",""
"6345","Eddie Curtis","https://en.wikipedia.org/wiki/Eddie_Curtis","","","","","","","","","","","","",""
"6347","Fettes Brot","https://en.wikipedia.org/wiki/Fettes_Brot","german hip hop","pop rap","","","","","","","","","","",""
"6350","Roland Gift","https://en.wikipedia.org/wiki/Roland_Gift","","","","","","","","","","","","",""
"6351","David Steele","https://en.wikipedia.org/wiki/David_Steele_(musician)","new wave","ska","","","","","","","","","","",""
"6353","Andrew Farriss","https://en.wikipedia.org/wiki/Andrew_Farriss","rock","new wave","country","","","","","","","","","",""
"6360","Duke Erikson","https://en.wikipedia.org/wiki/Duke_Erikson","rock","alternative rock","","","","","","","","","","",""
"6361","Steve Marker","https://en.wikipedia.org/wiki/Steve_Marker","rock","alternative rock","electronic rock","","","","","","","","","",""
"6362","Butch Vig","https://en.wikipedia.org/wiki/Butch_Vig","alternative rock","grunge","noise rock","electronic rock","power pop","","","","","","","",""
"6365","Cathy Dennis","https://en.wikipedia.org/wiki/Cathy_Dennis","pop","house","dance","","","","","","","","","",""
"6367","Fran Healy","https://en.wikipedia.org/wiki/Fran_Healy_(musician)","rock","","","","","","","","","","","",""
"6368","Puddle of Mudd","https://en.wikipedia.org/wiki/Puddle_of_Mudd","post-grunge","","","","","","","","","","","",""
"6372","Andy Bell","https://en.wikipedia.org/wiki/Andy_Bell_(singer)","synth-pop","electropop","dance","","","","","","","","","",""
"6373","Eskobar","https://en.wikipedia.org/wiki/Eskobar","northie","indie","alternative","rock","","","","","","","","",""
"6380","Monty Norman","https://en.wikipedia.org/wiki/Monty_Norman","musical theatre","film score","","","","","","","","","","",""
"6388","Steve Boone","https://en.wikipedia.org/wiki/Steve_Boone","rock","pop rock","","","","","","","","","","",""
"6394","The Move","https://en.wikipedia.org/wiki/The_Move","rock","pop","psychedelia","freakbeat","progressive rock","","","","","","","",""
"6396","Christine McVie","https://en.wikipedia.org/wiki/Christine_McVie","blues","blues rock","pop rock","rock","soft rock","","","","","","","",""
"6399","Pat MacDonald","https://en.wikipedia.org/wiki/Pat_MacDonald_(musician)","","","","","","","","","","","","",""
"6412","Hank Williams III","https://en.wikipedia.org/wiki/Hank_Williams_III","outlaw country","cowpunk","alt-country","heavy metal","psychobilly","","","","","","","",""
"6415","Ani DiFranco","https://en.wikipedia.org/wiki/Ani_DiFranco","folk rock","alternative rock","punk rock","indie folk","","","","","","","","",""
"6443","Gomez","https://en.wikipedia.org/wiki/Gomez_(band)","indie rock","post-britpop","alternative rock","art rock","","","","","","","","",""
"6446","The Mavericks","https://en.wikipedia.org/wiki/The_Mavericks","country","alternative country","country rock","americana","tex-mex","","","","","","","",""
"6448","Peter and Gordon","https://en.wikipedia.org/wiki/Peter_and_Gordon","pop","","","","","","","","","","","",""
"6450","C. Carson Parks","https://en.wikipedia.org/wiki/Carson_Parks","","","","","","","","","","","","",""
"6453","Nicole Kidman","https://en.wikipedia.org/wiki/Nicole_Kidman","","","","","","","","","","","","",""
"6459","Midnight Oil","https://en.wikipedia.org/wiki/Midnight_Oil","alternative rock","hard rock","post-punk","new wave","","","","","","","","",""
"6461","Jim Moginie","https://en.wikipedia.org/wiki/Jim_Moginie","rock","alternative rock","","","","","","","","","","",""
"6462","Peter Garrett","https://en.wikipedia.org/wiki/Peter_Garrett","","","","","","","","","","","","",""
"6473","Mike Reid","https://en.wikipedia.org/wiki/Mike_Reid_(singer)","country music","rock","musical theatre","","","","","","","","","",""
"6477","Solomon Linda","https://en.wikipedia.org/wiki/Solomon_Linda","isicathamiya","","","","","","","","","","","",""
"6484","Odetta","https://en.wikipedia.org/wiki/Odetta","folk","blues","spirituals","","","","","","","","","",""
"6490","Layng Martine Jr","https://en.wikipedia.org/wiki/Layng_Martine_Jr.","country","pop","","","","","","","","","","",""
"6493","Powderfinger","https://en.wikipedia.org/wiki/Powderfinger","rock","alternative rock","hard rock","grunge","","","","","","","","",""
"6498","Graham Lyle","https://en.wikipedia.org/wiki/Graham_Lyle","pop","folk rock","country rock","adult contemporary","soft rock","soul","","","","","","",""
"6499","Fury in the Slaughterhouse","https://en.wikipedia.org/wiki/Fury_in_the_Slaughterhouse","alternative rock","post-grunge","","","","","","","","","","",""
"6503","Trent Reznor","https://en.wikipedia.org/wiki/Trent_Reznor","industrial rock","industrial metal","alternative rock","post-industrial","synth-pop","electronic","film","","","","","",""
"6507","Frank Farian","https://en.wikipedia.org/wiki/Frank_Farian","","","","","","","","","","","","",""
"6516","William Bell","https://en.wikipedia.org/wiki/William_Bell_(singer)","r&b","soul","","","","","","","","","","",""
"6518","Lolly Vegas","https://en.wikipedia.org/wiki/Lolly_Vegas","rock","soul","country rock","funk rock","r&b","cajun","traditional","","","","","",""
"6521","Alicia Keys","https://en.wikipedia.org/wiki/Alicia_Keys","r&b","soul","pop","hip hop","","","","","","","","",""
"6532","Dee Dee Ramone","https://en.wikipedia.org/wiki/Dee_Dee_Ramone","punk rock","hip hop","","","","","","","","","","",""
"6533","Johnny Ramone","https://en.wikipedia.org/wiki/Johnny_Ramone","punk rock","","","","","","","","","","","",""
"6538","The J. Geils Band","https://en.wikipedia.org/wiki/The_J._Geils_Band","rock","blues rock","new wave","","","","","","","","","",""
"6539","Seth Justman","https://en.wikipedia.org/wiki/Seth_Justman","hard rock","blues","","","","","","","","","","",""
"6543","Liza Minnelli","https://en.wikipedia.org/wiki/Liza_Minnelli","traditional pop","musical theatre","vocal","disco","","","","","","","","",""
"6552","Joey Ramone","https://en.wikipedia.org/wiki/Joey_Ramone","punk rock","","","","","","","","","","","",""
"6553","Tommy Ramone","https://en.wikipedia.org/wiki/Tommy_Ramone","punk rock","bluegrass","","","","","","","","","","",""
"6561","Frank Zappa","https://en.wikipedia.org/wiki/Frank_Zappa","rock","progressive rock","blues","experimental","jazz","fusion","classical","pop","avant-garde","doo-wop","comedy","electronic","musique concrte"
"6569","Marc Blitzstein","https://en.wikipedia.org/wiki/Marc_Blitzstein","","","","","","","","","","","","",""
"6576","Ervin Drake","https://en.wikipedia.org/wiki/Ervin_Drake","","","","","","","","","","","","",""
"6581","Jack Segal","https://en.wikipedia.org/wiki/Jack_Segal","","","","","","","","","","","","",""
"6584","Neal Hefti","https://en.wikipedia.org/wiki/Neal_Hefti","swing","","","","","","","","","","","",""
"6586","Rednex","https://en.wikipedia.org/wiki/Rednex","eurodance","country","country pop","","","","","","","","","",""
"6609","Derek Forbes","https://en.wikipedia.org/wiki/Derek_Forbes","rock","post-punk","new wave","pop rock","alternative rock","","","","","","","",""
"6614","Sonny Rollins","https://en.wikipedia.org/wiki/Sonny_Rollins","jazz","hard bop","","","","","","","","","","",""
"6626","Artie Butler","https://en.wikipedia.org/wiki/Artie_Butler","popular music","","","","","","","","","","","",""
"6630","Oliver Nelson","https://en.wikipedia.org/wiki/Oliver_Nelson","bebop","hard bop","post-bop","jazz fusion","","","","","","","","",""
"6639","DJ Krush","https://en.wikipedia.org/wiki/DJ_Krush","instrumental hip hop","ambient music","hip hop","trip hop","turntablism","","","","","","","",""
"6665","Jack Lawrence","https://en.wikipedia.org/wiki/Jack_Lawrence_(songwriter)","","","","","","","","","","","","",""
"6667","Jay Gorney","https://en.wikipedia.org/wiki/Jay_Gorney","","","","","","","","","","","","",""
"6669","Adolescents","https://en.wikipedia.org/wiki/Adolescents_(band)","hardcore punk","punk rock","","","","","","","","","","",""
"6676","Carl Fischer","https://en.wikipedia.org/wiki/Carl_T._Fischer","jazz","","","","","","","","","","","",""
"6677","Bill Carey","https://en.wikipedia.org/wiki/Bill_Carey_(songwriter)","","","","","","","","","","","","",""
"6682","Victor Schertzinger","https://en.wikipedia.org/wiki/Victor_Schertzinger","","","","","","","","","","","","",""
"6684","Lionel Hampton","https://en.wikipedia.org/wiki/Lionel_Hampton","swing","big band","mainstream jazz","blues","","","","","","","","",""
"6685","Sonny Burke","https://en.wikipedia.org/wiki/Sonny_Burke","","","","","","","","","","","","",""
"6687","Paul Weller","https://en.wikipedia.org/wiki/Paul_Weller","new wave","punk rock","mod revival","blue-eyed soul","","","","","","","","",""
"6689","Ellington Jordan","https://en.wikipedia.org/wiki/Ellington_Jordan","psychedelic funk","","","","","","","","","","","",""
"6704","Jan Wayne","https://en.wikipedia.org/wiki/Jan_Wayne","electronic dance music","","","","","","","","","","","",""
"6713","Fran Landesman","https://en.wikipedia.org/wiki/Fran_Landesman","","","","","","","","","","","","",""
"6736","The Rivieras","https://en.wikipedia.org/wiki/The_Rivieras","rock","frat rock","surf","","","","","","","","","",""
"6737","Hamish Stuart","https://en.wikipedia.org/wiki/Hamish_Stuart","jazz","r&b","funk","rock","pop","soul","","","","","","",""
"6738","The Trashmen","https://en.wikipedia.org/wiki/The_Trashmen","surf","garage rock","proto-punk","","","","","","","","","",""
"6772","Darby Slick","https://en.wikipedia.org/wiki/Darby_Slick","","","","","","","","","","","","",""
"6780","Chris Kenner","https://en.wikipedia.org/wiki/Chris_Kenner","r&b","","","","","","","","","","","",""
"6782","Def Leppard","https://en.wikipedia.org/wiki/Def_Leppard","hard rock","glam metal","arena rock","power pop","heavy metal","","","","","","","",""
"6783","Steve Clark","https://en.wikipedia.org/wiki/Steve_Clark","heavy metal","glam metal","hard rock","","","","","","","","","",""
"6784","Joe Elliott","https://en.wikipedia.org/wiki/Joe_Elliott","glam metal","hard rock","heavy metal","pop rock","","","","","","","","",""
"6785","Pete Willis","https://en.wikipedia.org/wiki/Pete_Willis","heavy metal","hard rock","","","","","","","","","","",""
"6798","Sky Saxon","https://en.wikipedia.org/wiki/Sky_Saxon","rock","psychedelic rock","garage rock","acid rock","proto-punk","","","","","","","",""
"6803","Kathleen Brennan","https://en.wikipedia.org/wiki/Kathleen_Brennan","","","","","","","","","","","","",""
"6806","Julius Dixon","https://en.wikipedia.org/wiki/Julius_Dixson","","","","","","","","","","","","",""
"6816","Jimmy McHugh","https://en.wikipedia.org/wiki/Jimmy_McHugh","","","","","","","","","","","","",""
"6824","Don Robey","https://en.wikipedia.org/wiki/Don_Robey","","","","","","","","","","","","",""
"6834","The Allman Brothers Band","https://en.wikipedia.org/wiki/The_Allman_Brothers_Band","southern rock","blues rock","jazz rock","jam band","","","","","","","","",""
"6835","Duane Allman","https://en.wikipedia.org/wiki/Duane_Allman","blues","rock","jazz","jam","soul","southern rock","","","","","","",""
"6836","Berry Gordy","https://en.wikipedia.org/wiki/Berry_Gordy","r&b","soul","pop","rock and roll","doo-wop","","","","","","","",""
"6840","Meredith Willson","https://en.wikipedia.org/wiki/Meredith_Willson","","","","","","","","","","","","",""
"6841","Barney Bigard","https://en.wikipedia.org/wiki/Barney_Bigard","swing","dixieland","","","","","","","","","","",""
"6842","Gordon Jenkins","https://en.wikipedia.org/wiki/Gordon_Jenkins","popular music","","","","","","","","","","","",""
"6844","Milt Gabler","https://en.wikipedia.org/wiki/Milt_Gabler","","","","","","","","","","","","",""
"6848","Frank Paparelli","https://en.wikipedia.org/wiki/Frank_Paparelli","","","","","","","","","","","","",""
"6853","Glen Buxton","https://en.wikipedia.org/wiki/Glen_Buxton","shock rock","rock","hard rock","heavy metal","","","","","","","","",""
"6855","Neal Smith","https://en.wikipedia.org/wiki/Neal_Smith_(drummer)","rock","hard rock","heavy metal","","","","","","","","","",""
"6865","Haven Gillespie","https://en.wikipedia.org/wiki/Haven_Gillespie","","","","","","","","","","","","",""
"6867","Egbert Van Alstyne","https://en.wikipedia.org/wiki/Egbert_Van_Alstyne","","","","","","","","","","","","",""
"6869","Michael Edwards","https://en.wikipedia.org/wiki/Michael_Edwards_(American_composer)","","","","","","","","","","","","",""
"6870","Bud Green","https://en.wikipedia.org/wiki/Bud_Green","","","","","","","","","","","","",""
"6872","Jimmy Dorsey","https://en.wikipedia.org/wiki/Jimmy_Dorsey","big band","swing","dixieland","","","","","","","","","",""
"6873","Sigmund Romberg","https://en.wikipedia.org/wiki/Sigmund_Romberg","","","","","","","","","","","","",""
"6882","Jorge Ben Jor","https://en.wikipedia.org/wiki/Jorge_Ben","mpb","samba rock","sambalano","samba funk","tropiclia","bossa nova","","","","","","",""
"6885","Angry Anderson","https://en.wikipedia.org/wiki/Angry_Anderson","hard rock","blues rock","rock and roll","","","","","","","","","",""
"6886","Mick Cocks","https://en.wikipedia.org/wiki/Mick_Cocks","rock","","","","","","","","","","","",""
"6888","Pete Wells","https://en.wikipedia.org/wiki/Peter_Wells_(guitarist)","hard rock","heavy metal","blues","country","r&b","","","","","","","",""
"6891","Newton Mendonça","https://en.wikipedia.org/wiki/Newton_Mendonça","","","","","","","","","","","","",""
"6896","Rob Zombie","https://en.wikipedia.org/wiki/Rob_Zombie","industrial metal","shock rock","groove metal","alternative metal","hard rock","nu metal","","","","","","",""
"6897","Die Toten Hosen","https://en.wikipedia.org/wiki/Die_Toten_Hosen","punk rock","","","","","","","","","","","",""
"6902","Sade","https://en.wikipedia.org/wiki/Sade_(singer)","soul","sophisti-pop","smooth jazz","quiet storm","","","","","","","","",""
"6911","Green Day","https://en.wikipedia.org/wiki/Green_Day","punk rock","pop-punk","alternative rock","skate punk","power pop","","","","","","","",""
"6912","Bob Mould","https://en.wikipedia.org/wiki/Bob_Mould","punk rock","alternative rock","","","","","","","","","","",""
"6914","Pino D'Angiò","https://en.wikipedia.org/wiki/Pino_D'Angiò","pop","italo disco","","","","","","","","","","",""
"6923","Daniel Rey","https://en.wikipedia.org/wiki/Daniel_Rey","","","","","","","","","","","","",""
"6930","Jimmy Rogers","https://en.wikipedia.org/wiki/Jimmy_Rogers","chicago blues","","","","","","","","","","","",""
"6936","Tasmin Archer","https://en.wikipedia.org/wiki/Tasmin_Archer","pop","rock","","","","","","","","","","",""
"6939","Al Cleveland","https://en.wikipedia.org/wiki/Al_Cleveland","motown","soul","dancehall","","","","","","","","","",""
"6940","Renaldo Benson","https://en.wikipedia.org/wiki/Renaldo_Benson","r&b","rock and roll","","","","","","","","","","",""
"6964","The Living End","https://en.wikipedia.org/wiki/The_Living_End","punk rock","pop punk","rockabilly","alternative rock","psychobilly","","","","","","","",""
"6973","Bad Religion","https://en.wikipedia.org/wiki/Bad_Religion","punk rock","melodic hardcore","hardcore punk","skate punk","","","","","","","","",""
"7010","Jimmy Reed","https://en.wikipedia.org/wiki/Jimmy_Reed","blues","electric blues","","","","","","","","","","",""
"7023","Slim Harpo","https://en.wikipedia.org/wiki/Slim_Harpo","blues","swamp blues","","","","","","","","","","",""
"7038","Clint Conley","https://en.wikipedia.org/wiki/Clint_Conley","post-punk","alternative rock","","","","","","","","","","",""
"7044","Dallas Frazier","https://en.wikipedia.org/wiki/Dallas_Frazier","country","","","","","","","","","","","",""
"7049","Al Lewis","https://en.wikipedia.org/wiki/Al_Lewis_(lyricist)","","","","","","","","","","","","",""
"7067","Kim Deal","https://en.wikipedia.org/wiki/Kim_Deal","alternative rock","noise pop","","","","","","","","","","",""
"7068","Keith Flint","https://en.wikipedia.org/wiki/Keith_Flint","dance","techno","punk rock","","","","","","","","","",""
"7069","Liam Howlett","https://en.wikipedia.org/wiki/Liam_Howlett","big beat","electronica","alternative rock","electropunk","hardcore techno","breakbeat hardcore","","","","","","",""
"7070","J.J. Jeczalik","https://en.wikipedia.org/wiki/J._J._Jeczalik","electronic","synth-pop","new wave","pop","rock","","","","","","","",""
"7078","Save Ferris","https://en.wikipedia.org/wiki/Save_Ferris","ska punk","","","","","","","","","","","",""
"7080","Jeff Trott","https://en.wikipedia.org/wiki/Jeff_Trott","pop","rock","singer-songwriter","indie rock","country","blues","alternative rock","indie folk","","","","",""
"7081","Brian McLeod","https://en.wikipedia.org/wiki/Brian_MacLeod_(American_musician)","","","","","","","","","","","","",""
"7083","Limp Bizkit","https://en.wikipedia.org/wiki/Limp_Bizkit","nu metal","rap rock","rap metal","","","","","","","","","",""
"7084","Jimmy Bilsbury","https://en.wikipedia.org/wiki/Jimmy_Bilsbury","","","","","","","","","","","","",""
"7112","John Anderson","https://en.wikipedia.org/wiki/John_Anderson_(singer)","country","","","","","","","","","","","",""
"7113","Bill Anderson","https://en.wikipedia.org/wiki/Bill_Anderson_(singer)","country","nashville sound","bluegrass","gospel","","","","","","","","",""
"7121","Linda Perry","https://en.wikipedia.org/wiki/Linda_Perry","alternative rock","pop rock","","","","","","","","","","",""
"7128","Primal Scream","https://en.wikipedia.org/wiki/Primal_Scream","alternative rock","electronic","alternative dance","neo-psychedelia","house","indie pop","","","","","","",""
"7137","Psychic TV","https://en.wikipedia.org/wiki/Psychic_TV","experimental","acid house","industrial","psychedelic rock","post-punk","","","","","","","",""
"7144","Eva Cassidy","https://en.wikipedia.org/wiki/Eva_Cassidy","jazz","folk","blues","","","","","","","","","",""
"7145","Cindy Walker","https://en.wikipedia.org/wiki/Cindy_Walker","country","","","","","","","","","","","",""
"7147","Don Redman","https://en.wikipedia.org/wiki/Don_Redman","jazz","swing","","","","","","","","","","",""
"7149","Ned Fairchild","https://en.wikipedia.org/wiki/Ned_Fairchild","","","","","","","","","","","","",""
"7150","The Nixons","https://en.wikipedia.org/wiki/The_Nixons","alternative rock","post-grunge","","","","","","","","","","",""
"7153","Sheldon M. Harnick","https://en.wikipedia.org/wiki/Sheldon_Harnick","musical theater","","","","","","","","","","","",""
"7155","John Stewart","https://en.wikipedia.org/wiki/John_Stewart_(musician)","folk","pop","","","","","","","","","","",""
"7170","Rage Against the Machine","https://en.wikipedia.org/wiki/Rage_Against_the_Machine","rap metal","rap rock","funk metal","alternative metal","nu metal","","","","","","","",""
"7173","Rocket From the Crypt","https://en.wikipedia.org/wiki/Rocket_from_the_Crypt","punk rock","","","","","","","","","","","",""
"7175","Adriano Celentano","https://en.wikipedia.org/wiki/Adriano_Celentano","pop","disco","rock and roll","","","","","","","","","",""
"7178","Norbert Krief","https://en.wikipedia.org/wiki/Norbert_Krief","rock","blues","hard rock","pop rock","heavy metal","","","","","","","",""
"7180","The New Seekers","https://en.wikipedia.org/wiki/The_New_Seekers","pop","folk","rock","","","","","","","","","",""
"7196","Orchestral Manoeuvres in the Dark","https://en.wikipedia.org/wiki/Orchestral_Manoeuvres_in_the_Dark","electronic","synth-pop","experimental","new wave","","","","","","","","",""
"7198","Paul Humphreys","https://en.wikipedia.org/wiki/Paul_Humphreys","new wave","synth-pop","electronic","post-punk","experimental","","","","","","","",""
"7199","Andy McCluskey","https://en.wikipedia.org/wiki/Andy_McCluskey","new wave","synth-pop","electronic","post-punk","experimental","","","","","","","",""
"7200","Good Charlotte","https://en.wikipedia.org/wiki/Good_Charlotte","pop-punk","pop rock","alternative rock","emo","","","","","","","","",""
"7204","Tom Barman","https://en.wikipedia.org/wiki/Tom_Barman","experimental rock","indie rock","alternative rock","","","","","","","","","",""
"7228","Magic Sam","https://en.wikipedia.org/wiki/Magic_Sam","chicago blues","","","","","","","","","","","",""
"7237","Lee Adams","https://en.wikipedia.org/wiki/Lee_Adams","","","","","","","","","","","","",""
"7238","Mousse T.","https://en.wikipedia.org/wiki/Mousse_T.","house","funk","pop","","","","","","","","","",""
"7241","Max Raabe","https://en.wikipedia.org/wiki/Max_Raabe","cabaret","comedy","old style","orchestra","jazz","swing","","","","","","",""
"7247","Julius Wechter","https://en.wikipedia.org/wiki/Julius_Wechter","","","","","","","","","","","","",""
"7272","DJ Kool","https://en.wikipedia.org/wiki/DJ_Kool","hip hop","go-go","","","","","","","","","","",""
"7284","Chrissy Amphlett","https://en.wikipedia.org/wiki/Chrissy_Amphlett","rock","new wave","","","","","","","","","","",""
"7286","Mark McEntee","https://en.wikipedia.org/wiki/Mark_McEntee","rock","new wave","","","","","","","","","","",""
"7287","Billy Steinberg","https://en.wikipedia.org/wiki/Billy_Steinberg","","","","","","","","","","","","",""
"7289","Dave Grohl","https://en.wikipedia.org/wiki/Dave_Grohl","alternative rock","hard rock","punk rock","grunge","","","","","","","","",""
"7291","Nate Mendel","https://en.wikipedia.org/wiki/Nate_Mendel","alternative rock","midwest emo","post-grunge","grunge","hardcore punk","punk rock","indie rock","post-hardcore","emo","","","",""
"7294","Apocalyptica","https://en.wikipedia.org/wiki/Apocalyptica","symphonic metal","neoclassical metal","alternative metal","heavy metal","","","","","","","","",""
"7296","K's Choice","https://en.wikipedia.org/wiki/K's_Choice","alternative rock","folk rock","post-grunge","","","","","","","","","",""
"7301","Igor Cavalera","https://en.wikipedia.org/wiki/Igor_Cavalera","groove metal","thrash metal","death metal","alternative metal","hip hop","electronic","experimental","","","","","",""
"7302","Max Cavalera","https://en.wikipedia.org/wiki/Max_Cavalera","thrash metal","death metal","groove metal","nu metal","","","","","","","","",""
"7303","Andreas Kisser","https://en.wikipedia.org/wiki/Andreas_Kisser","heavy metal","thrash metal","death metal","groove metal","alternative metal","experimental rock","folk","","","","","",""
"7304","Paulo Jr.","https://en.wikipedia.org/wiki/Paulo_Jr.","groove metal","thrash metal","death metal","alternative metal","","","","","","","","",""
"7311","Junior Reid","https://en.wikipedia.org/wiki/Junior_Reid","reggae","dancehall","reggae fusion","","","","","","","","","",""
"7317","Matt Dennis","https://en.wikipedia.org/wiki/Matt_Dennis","popular music","","","","","","","","","","","",""
"7318","Earl Brent","https://en.wikipedia.org/wiki/Earl_K._Brent","","","","","","","","","","","","",""
"7328","Jim Weatherly","https://en.wikipedia.org/wiki/Jim_Weatherly","country","pop","","","","","","","","","","",""
"7329","Angie Stone","https://en.wikipedia.org/wiki/Angie_Stone","r&b","soul","neo soul","hip-hop","","","","","","","","",""
"7333","Howard E. Scott","https://en.wikipedia.org/wiki/Howard_E._Scott","funk","rock","","","","","","","","","","",""
"7334","Gilbert O'Sullivan","https://en.wikipedia.org/wiki/Gilbert_O'Sullivan","pop","soft rock","easy listening","","","","","","","","","",""
"7335","George Shearing","https://en.wikipedia.org/wiki/George_Shearing","jazz","bebop","swing","cool jazz","","","","","","","","",""
"7345","David Paich","https://en.wikipedia.org/wiki/David_Paich","pop rock","jazz fusion","adult contemporary","blue-eyed soul","","","","","","","","",""
"7349","Sammy Gallop","https://en.wikipedia.org/wiki/Sammy_Gallop","","","","","","","","","","","","",""
"7352","Ray Gilbert","https://en.wikipedia.org/wiki/Ray_Gilbert","","","","","","","","","","","","",""
"7356","Ken Andrews","https://en.wikipedia.org/wiki/Ken_Andrews","alternative rock","alternative metal","post-grunge","indie rock","space rock","electronic","","","","","","",""
"7357","A Perfect Circle","https://en.wikipedia.org/wiki/A_Perfect_Circle","alternative rock","alternative metal","hard rock","art rock","","","","","","","","",""
"7365","Mr. Mister","https://en.wikipedia.org/wiki/Mr._Mister","pop rock","new wave","","","","","","","","","","",""
"7368","Richard Page","https://en.wikipedia.org/wiki/Richard_Page_(musician)","rock","pop","","","","","","","","","","",""
"7375","Love and Rockets","https://en.wikipedia.org/wiki/Love_and_Rockets_(band)","alternative rock","indie rock","post-punk","neo-psychedelia","electronica","","","","","","","",""
"7377","Mal Waldron","https://en.wikipedia.org/wiki/Mal_Waldron","avant-garde jazz","hard bop","modal jazz","post-bop","","","","","","","","",""
"7379","Hanoi Rocks","https://en.wikipedia.org/wiki/Hanoi_Rocks","hard rock","glam rock","glam punk","glam metal","","","","","","","","",""
"7386","Marilyn Monroe","https://en.wikipedia.org/wiki/Marilyn_Monroe","","","","","","","","","","","","",""
"7397","Tim Farriss","https://en.wikipedia.org/wiki/Tim_Farriss","","","","","","","","","","","","",""
"7406","Danny Whitten","https://en.wikipedia.org/wiki/Danny_Whitten","hard rock","country rock","blues-rock","","","","","","","","","",""
"7407","Everything But The Girl","https://en.wikipedia.org/wiki/Everything_but_the_Girl","pop","sophisti-pop","jazz-pop","indie pop","folk-pop","electronica","drum and bass","trip hop","","","","",""
"7410","Guy Sigsworth","https://en.wikipedia.org/wiki/Guy_Sigsworth","","","","","","","","","","","","",""
"7411","Iron Savior","https://en.wikipedia.org/wiki/Iron_Savior","power metal","","","","","","","","","","","",""
"7419","Lew Brown","https://en.wikipedia.org/wiki/Lew_Brown","popular music","","","","","","","","","","","",""
"7421","Harry Link","https://en.wikipedia.org/wiki/Harry_Link","","","","","","","","","","","","",""
"7422","Jack Strachey","https://en.wikipedia.org/wiki/Jack_Strachey","","","","","","","","","","","","",""
"7423","Eric Maschwitz","https://en.wikipedia.org/wiki/Eric_Maschwitz","","","","","","","","","","","","",""
"7428","Ray Noble","https://en.wikipedia.org/wiki/Ray_Noble","jazz","british dance band","","","","","","","","","","",""
"7430","Eddie DeLange","https://en.wikipedia.org/wiki/Eddie_DeLange","popular music","","","","","","","","","","","",""
"7437","Van Dyke Parks","https://en.wikipedia.org/wiki/Van_Dyke_Parks","pop","orchestral pop","art pop","experimental","americana","rock","","","","","","",""
"7439","Bert Kalmar","https://en.wikipedia.org/wiki/Bert_Kalmar","","","","","","","","","","","","",""
"7440","Harry Ruby","https://en.wikipedia.org/wiki/Harry_Ruby","","","","","","","","","","","","",""
"7441","Guy Clark","https://en.wikipedia.org/wiki/Guy_Clark","country","outlaw country","texas country","folk","","","","","","","","",""
"7442","Morrissey","https://en.wikipedia.org/wiki/Morrissey","alternative rock","indie pop","indie rock","jangle pop","","","","","","","","",""
"7445","Propaganda","https://en.wikipedia.org/wiki/Propaganda_(band)","synth-pop","new wave","electronic","","","","","","","","","",""
"7446","Noel Gallagher","https://en.wikipedia.org/wiki/Noel_Gallagher","rock","britpop","alternative rock","psychedelic rock","","","","","","","","",""
"7447","Ryan Adams","https://en.wikipedia.org/wiki/Ryan_Adams","rock","alternative country","folk rock","indie rock","","","","","","","","",""
"7452","Wilbur Schwandt","https://en.wikipedia.org/wiki/Wilbur_Schwandt","latin jazz","","","","","","","","","","","",""
"7453","Fabian Andre","https://en.wikipedia.org/wiki/Fabian_Andre","","","","","","","","","","","","",""
"7454","Saul Chaplin","https://en.wikipedia.org/wiki/Saul_Chaplin","","","","","","","","","","","","",""
"7462","John Turner","https://en.wikipedia.org/wiki/John_Turner_(lyricist)","","","","","","","","","","","","",""
"7466","Queen Latifah","https://en.wikipedia.org/wiki/Queen_Latifah","hip hop","progressive rap","r&b","soul","jazz","gospel","dance","","","","","",""
"7487","Bobby Whitlock","https://en.wikipedia.org/wiki/Bobby_Whitlock","rock","soul","gospel","blues","","","","","","","","",""
"7520","Michael Sherwood","https://en.wikipedia.org/wiki/Michael_Sherwood","","","","","","","","","","","","",""
"7521","Carmine Appice","https://en.wikipedia.org/wiki/Carmine_Appice","rock","","","","","","","","","","","",""
"7529","James LaBrie","https://en.wikipedia.org/wiki/James_LaBrie","progressive metal","","","","","","","","","","","",""
"7534","Billy Sherwood","https://en.wikipedia.org/wiki/Billy_Sherwood","progressive rock","hard rock","pop rock","","","","","","","","","",""
"7537","Thomas Acda","https://en.wikipedia.org/wiki/Thomas_Acda","","","","","","","","","","","","",""
"7538","Tool","https://en.wikipedia.org/wiki/Tool_(band)","alternative metal","art rock","post-metal","progressive metal","progressive rock","","","","","","","",""
"7554","Desorden Público","https://en.wikipedia.org/wiki/Desorden_Público","ska","rock en espaol","reggae","","","","","","","","","",""
"7561","Beck","https://en.wikipedia.org/wiki/Beck","alternative rock","folk rock","psychedelia","electronic","folk rock","alt-country","lo-fi","","","","","",""
"7563","Lucinda Williams","https://en.wikipedia.org/wiki/Lucinda_Williams","americana","contemporary folk","alternative country","country rock","","","","","","","","",""
"7565","Sonata Arctica","https://en.wikipedia.org/wiki/Sonata_Arctica","power metal","symphonic metal","progressive metal","","","","","","","","","",""
"7567","William Reid","https://en.wikipedia.org/wiki/William_Reid_(musician)","alternative rock","","","","","","","","","","","",""
"7570","Wilson Phillips","https://en.wikipedia.org/wiki/Wilson_Phillips","pop","pop rock","soft rock","","","","","","","","","",""
"7574","Nickelback","https://en.wikipedia.org/wiki/Nickelback","post-grunge","hard rock","alternative rock","alternative metal","pop rock","","","","","","","",""
"7575","John Mayer","https://en.wikipedia.org/wiki/John_Mayer","rock","pop","blues","","","","","","","","","",""
"7576","Ferlin Husky","https://en.wikipedia.org/wiki/Ferlin_Husky","country","","","","","","","","","","","",""
"7585","Sahara Hotnights","https://en.wikipedia.org/wiki/Sahara_Hotnights","indie rock","garage rock revival","","","","","","","","","","",""
"7587","Sort Sol","https://en.wikipedia.org/wiki/Sort_Sol","post-punk","","","","","","","","","","","",""
"7596","Wolf","https://en.wikipedia.org/wiki/Wolf_(band)","heavy metal","speed metal","power metal","","","","","","","","","",""
"7599","Danko Jones","https://en.wikipedia.org/wiki/Danko_Jones","hard rock","garage rock","garage punk","blues rock","blues punk","punk rock","","","","","","",""
"7600","Backyard Babies","https://en.wikipedia.org/wiki/Backyard_Babies","hard rock","punk rock","glam punk","","","","","","","","","",""
"7602","Nuno Bettencourt","https://en.wikipedia.org/wiki/Nuno_Bettencourt","glam metal","hard rock","funk metal","heavy metal","alternative rock","","","","","","","",""
"7603","Gary Cherone","https://en.wikipedia.org/wiki/Gary_Cherone","funk metal","glam metal","hard rock","heavy metal","","","","","","","","",""
"7607","Kenny Young","https://en.wikipedia.org/wiki/Kenny_Young","pop","rock","world","","","","","","","","","",""
"7614","Guy Wood","https://en.wikipedia.org/wiki/Guy_Wood","saxophone","","","","","","","","","","","",""
"7616","Lesley Duncan","https://en.wikipedia.org/wiki/Lesley_Duncan","folk-pop","pop","soft rock","","","","","","","","","",""
"7622","George Hamilton IV","https://en.wikipedia.org/wiki/George_Hamilton_IV","country","","","","","","","","","","","",""
"7626","Patricia Kaas","https://en.wikipedia.org/wiki/Patricia_Kaas","chanson","cabaret","jazz","pop","jazz fusion","","","","","","","",""
"7627","Mike Bordin","https://en.wikipedia.org/wiki/Mike_Bordin","alternative metal","funk metal","alternative rock","heavy metal","hard rock","experimental rock","","","","","","",""
"7628","Roddy Bottum","https://en.wikipedia.org/wiki/Roddy_Bottum","alternative rock","alternative metal","indie pop","avant-garde","","","","","","","","",""
"7661","Beki Bondage","https://en.wikipedia.org/wiki/Beki_Bondage","punk rock","","","","","","","","","","","",""
"7662","Edu Lobo","https://en.wikipedia.org/wiki/Edu_Lobo","bossa nova","","","","","","","","","","","",""
"7672","Blur","https://en.wikipedia.org/wiki/Blur_(band)","britpop","indie rock","alternative rock","art pop","pop rock","art rock","","","","","","",""
"7673","Martin Quittenton","https://en.wikipedia.org/wiki/Martin_Quittenton","","","","","","","","","","","","",""
"7675","Robert Bateman","https://en.wikipedia.org/wiki/Robert_Bateman_(songwriter)","","","","","","","","","","","","",""
"7676","Freddie Gorman","https://en.wikipedia.org/wiki/Freddie_Gorman","r&b","soul","","","","","","","","","","",""
"7694","Nacio Herb Brown","https://en.wikipedia.org/wiki/Nacio_Herb_Brown","","","","","","","","","","","","",""
"7700","Glynis Johns","https://en.wikipedia.org/wiki/Glynis_Johns","","","","","","","","","","","","",""
"7701","Stephen Sondheim","https://en.wikipedia.org/wiki/Stephen_Sondheim","musical theater","","","","","","","","","","","",""
"7709","Richard James Roberts","https://en.wikipedia.org/wiki/Rick_Roberts_(musician)","country rock","","","","","","","","","","","",""
"7710","James A. Dean","https://en.wikipedia.org/wiki/James_Dean_(songwriter)","","","","","","","","","","","","",""
"7711","Paul Riser","https://en.wikipedia.org/wiki/Paul_Riser","r&b","soul","","","","","","","","","","",""
"7712","William Weatherspoon","https://en.wikipedia.org/wiki/William_Weatherspoon","","","","","","","","","","","","",""
"7713","Mack Rice","https://en.wikipedia.org/wiki/Mack_Rice","","","","","","","","","","","","",""
"7725","Julie Miller","https://en.wikipedia.org/wiki/Julie_Miller","ccm","country","alt-country","","","","","","","","","",""
"7729","Rodney Crowell","https://en.wikipedia.org/wiki/Rodney_Crowell","progressive country","","","","","","","","","","","",""
"7745","Bernice Petkere","https://en.wikipedia.org/wiki/Bernice_Petkere","popular music","","","","","","","","","","","",""
"7757","H2O","https://en.wikipedia.org/wiki/H2O_(American_band)","hardcore punk","punk rock","melodic hardcore","pop punk","","","","","","","","",""
"7766","John King","https://en.wikipedia.org/wiki/John_King_(record_producer)","","","","","","","","","","","","",""
"7778","Luiz Bonfá","https://en.wikipedia.org/wiki/Luiz_Bonfá","brazilian jazz","bossa nova","","","","","","","","","","",""
"7831","Louis Alter","https://en.wikipedia.org/wiki/Louis_Alter","","","","","","","","","","","","",""
"7833","María Grever","https://en.wikipedia.org/wiki/María_Grever","","","","","","","","","","","","",""
"7838","Sunny Skylar","https://en.wikipedia.org/wiki/Sunny_Skylar","jazz","big band","tin pan alley","","","","","","","","","",""
"7840","Consuelo Velázquez","https://en.wikipedia.org/wiki/Consuelo_Velázquez","","","","","","","","","","","","",""
"7846","Billy Squier","https://en.wikipedia.org/wiki/Billy_Squier","hard rock","arena rock","pop rock","power pop","","","","","","","","",""
"7852","The James Gang","https://en.wikipedia.org/wiki/James_Gang","hard rock","blues rock","psychedelic rock","","","","","","","","","",""
"7857","Tin Machine","https://en.wikipedia.org/wiki/Tin_Machine","rock","hard rock","","","","","","","","","","",""
"7874","Mat Camison","https://en.wikipedia.org/wiki/Mat_Camison","library music","electronic","pop","disco","funk","","","","","","","",""
"7886","Herbert Kretzmer","https://en.wikipedia.org/wiki/Herbert_Kretzmer","","","","","","","","","","","","",""
"7888","Mitchell Parish","https://en.wikipedia.org/wiki/Mitchell_Parish","show tunes","jazz standards","","","","","","","","","","",""
"7889","Faron Young","https://en.wikipedia.org/wiki/Faron_Young","country","honky-tonk","","","","","","","","","","",""
"7905","Sherman Edwards","https://en.wikipedia.org/wiki/Sherman_Edwards","","","","","","","","","","","","",""
"7908","Dick Van Dyke","https://en.wikipedia.org/wiki/Dick_Van_Dyke","","","","","","","","","","","","",""
"7914","Hoyt Axton","https://en.wikipedia.org/wiki/Hoyt_Axton","country","folk","blues","rock","","","","","","","","",""
"7930","Cory Rooney","https://en.wikipedia.org/wiki/Cory_Rooney","hip hop","hip hop soul","new jack swing","r&b","latin pop","pop","","","","","","",""
"7933","Nas","https://en.wikipedia.org/wiki/Nas","east coast hip-hop","boom bap","jazz rap","conscious rap","","","","","","","","",""
"7947","R. Kelly","https://en.wikipedia.org/wiki/R._Kelly","r&b","midwestern hip-hop","soul","","","","","","","","","",""
"7950","Jimmy Work","https://en.wikipedia.org/wiki/Jimmy_Work","country","rockabilly","","","","","","","","","","",""
"7970","Skyclad","https://en.wikipedia.org/wiki/Skyclad_(band)","folk metal","heavy metal","thrash metal","","","","","","","","","",""
"7972","New Model Army","https://en.wikipedia.org/wiki/New_Model_Army_(band)","punk rock","post-punk","folk rock","","","","","","","","","",""
"7973","Justin Sullivan","https://en.wikipedia.org/wiki/Justin_Sullivan","punk rock","post-punk","folk rock","","","","","","","","","",""
"7975","Richard Lloyd","https://en.wikipedia.org/wiki/Richard_Lloyd_(guitarist)","rock","new wave","punk rock","art punk","post-punk","","","","","","","",""
"7978","The Walkabouts","https://en.wikipedia.org/wiki/The_Walkabouts","indie rock","alternative rock","alt-country","folk rock","chamber pop","slowcore","","","","","","",""
"7983","Magnetic Fields","https://en.wikipedia.org/wiki/The_Magnetic_Fields","indie pop","experimental pop","synth-pop","","","","","","","","","",""
"7984","Nico","https://en.wikipedia.org/wiki/Nico","avant-garde","gothic rock","art rock","folk rock","","","","","","","","",""
"8016","Roger Nichols","https://en.wikipedia.org/wiki/Roger_Nichols_(songwriter)","","","","","","","","","","","","",""
"8029","Little Willie John","https://en.wikipedia.org/wiki/Little_Willie_John","r&b","soul","","","","","","","","","","",""
"8047","Millencolin","https://en.wikipedia.org/wiki/Millencolin","punk rock","skate punk","pop-punk","ska punk","","","","","","","","",""
"8050","Matt Freeman","https://en.wikipedia.org/wiki/Matt_Freeman","punk rock","ska punk","street punk","hardcore punk","psychobilly","","","","","","","",""
"8054","Mabel Wayne","https://en.wikipedia.org/wiki/Mabel_Wayne","jazz","popular music","","","","","","","","","","",""
"8065","Daryl L. Simmons","https://en.wikipedia.org/wiki/Daryl_Simmons","r&b","soul","pop","new jack swing","dance-pop","soft rock","","","","","","",""
"8070","Sonny Boy Williamson","https://en.wikipedia.org/wiki/Sonny_Boy_Williamson_I","blues","","","","","","","","","","","",""
"8079","Aqua","https://en.wikipedia.org/wiki/Aqua_(band)","pop","dance-pop","bubblegum pop","europop","eurodance","","","","","","","",""
"8081","René Dif","https://en.wikipedia.org/wiki/René_Dif","pop","dance-pop","eurodance","europop","","","","","","","","",""
"8082","Claus Norreen","https://en.wikipedia.org/wiki/Claus_Norreen","electropop","industrial techno","pop","europop","eurodance","dance-pop","","","","","","",""
"8083","Lene Nystrøm","https://en.wikipedia.org/wiki/Lene_Nystrøm","pop","dance-pop","eurodance","europop","r&b","","","","","","","",""
"8085","Søren Rasted","https://en.wikipedia.org/wiki/Søren_Rasted","pop","dance-pop","eurodance","europop","spoken word","comedy","","","","","","",""
"8091","Paul Desmond","https://en.wikipedia.org/wiki/Paul_Desmond","cool jazz","west coast jazz","mainstream jazz","","","","","","","","","",""
"8102","Sally Oldfield","https://en.wikipedia.org/wiki/Sally_Oldfield","pop","folk","","","","","","","","","","",""
"8109","Francesco De Gregori","https://en.wikipedia.org/wiki/Francesco_De_Gregori","folk rock","","","","","","","","","","","",""
"8120","Kanye West","https://en.wikipedia.org/wiki/Kanye_West","hip-hop","progressive rap","pop","art pop","gospel","","","","","","","",""
"8138","B.A. Robertson","https://en.wikipedia.org/wiki/BA_Robertson","rock","pop","new wave","","","","","","","","","",""
"8142","The Pogues","https://en.wikipedia.org/wiki/The_Pogues","celtic punk","folk punk","","","","","","","","","","",""
"8148","Kirsty MacColl","https://en.wikipedia.org/wiki/Kirsty_MacColl","new wave","country","folk","alternative rock","","","","","","","","",""
"8154","Mick Jones [1]","https://en.wikipedia.org/wiki/Mick_Jones_(Foreigner_guitarist)","rock","hard rock","","","","","","","","","","",""
"8156","Dropkick Murphys","https://en.wikipedia.org/wiki/Dropkick_Murphys","celtic punk","folk punk","street punk","oi","hardcore punk","","","","","","","",""
"8157","Andy Taylor","https://en.wikipedia.org/wiki/Andy_Taylor_(guitarist)","rock","new wave","pop","hard rock","dance-rock","","","","","","","",""
"8159","Ted FioRito","https://en.wikipedia.org/wiki/Ted_Fio_Rito","","","","","","","","","","","","",""
"8160","Dan Russo","https://en.wikipedia.org/wiki/Danny_Russo","jazz","big band","","","","","","","","","","",""
"8161","The Tubes","https://en.wikipedia.org/wiki/The_Tubes","art rock","glam rock","proto-punk","","","","","","","","","",""
"8162","Bruno Lauzi","https://en.wikipedia.org/wiki/Bruno_Lauzi","","","","","","","","","","","","",""
"8182","Rosie Flores","https://en.wikipedia.org/wiki/Rosie_Flores","alternative country","country rock","cowpunk","rockabilly","","","","","","","","",""
"8183","Patty Griffin","https://en.wikipedia.org/wiki/Patty_Griffin","americana","folk","folk rock","country folk","gospel","alt-country","","","","","","",""
"8191","Gene Autry","https://en.wikipedia.org/wiki/Gene_Autry","country","western","","","","","","","","","","",""
"8200","Dave Appell","https://en.wikipedia.org/wiki/Dave_Appell","","","","","","","","","","","","",""
"8216","Earl Hines","https://en.wikipedia.org/wiki/Earl_Hines","jazz","swing","","","","","","","","","","",""
"8220","Luciano Beretta","https://en.wikipedia.org/wiki/Luciano_Beretta","","","","","","","","","","","","",""
"8229","MxPx","https://en.wikipedia.org/wiki/MxPx","punk rock","pop-punk","skate punk","christian punk","","","","","","","","",""
"8239","Bruce Welch","https://en.wikipedia.org/wiki/Bruce_Welch","instrumental rock","","","","","","","","","","","",""
"8241","Vito Pallavicini","https://en.wikipedia.org/wiki/Vito_Pallavicini","","","","","","","","","","","","",""
"8242","Sergio Bardotti","https://en.wikipedia.org/wiki/Sergio_Bardotti","","","","","","","","","","","","",""
"8246","Richard Anthony","https://en.wikipedia.org/wiki/Richard_Anthony_(singer)","french pop","rock and roll","","","","","","","","","","",""
"8254","Boz Scaggs","https://en.wikipedia.org/wiki/Boz_Scaggs","blues","jazz","r&b","soft rock","","","","","","","","",""
"8256","Alton Ellis","https://en.wikipedia.org/wiki/Alton_Ellis","r&b","ska","rocksteady","reggae","","","","","","","","",""
"8265","Sean Paul","https://en.wikipedia.org/wiki/Sean_Paul","dancehall","reggae","hip-hop","r&b","","","","","","","","",""
"8270","Claire Hamill","https://en.wikipedia.org/wiki/Claire_Hamill","folk rock","new-age","dream pop","progressive rock","jazz fusion","","","","","","","",""
"8273","Nada Surf","https://en.wikipedia.org/wiki/Nada_Surf","alternative rock","indie rock","power pop","","","","","","","","","",""
"8274","Toadies","https://en.wikipedia.org/wiki/Toadies","grunge","alternative rock","hard rock","punk rock","","","","","","","","",""
"8298","Naughty By Nature","https://en.wikipedia.org/wiki/Naughty_by_Nature","hip hop","east coast hip-hop","","","","","","","","","","",""
"8303","The Staple Singers","https://en.wikipedia.org/wiki/The_Staple_Singers","soul","blues","funk","r&b","gospel","pop","","","","","","",""
"8328","Franco Migliacci","https://en.wikipedia.org/wiki/Franco_Migliacci","","","","","","","","","","","","",""
"8337","Glenn Danzig","https://en.wikipedia.org/wiki/Glenn_Danzig","punk rock","horror punk","hardcore punk","heavy metal","gothic rock","","","","","","","",""
"8358","Beyoncé","https://en.wikipedia.org/wiki/Beyoncé","r&b","pop","hip-hop","country","","","","","","","","",""
"8364","T-Bone Walker","https://en.wikipedia.org/wiki/T-Bone_Walker","electric blues","texas blues","jump blues","west coast blues","urban blues","","","","","","","",""
"8409","Mary Hopkin","https://en.wikipedia.org/wiki/Mary_Hopkin","folk-pop","","","","","","","","","","","",""
"8423","Mick Taylor","https://en.wikipedia.org/wiki/Mick_Taylor","rock","british blues","","","","","","","","","","",""
"8435","Pain","https://en.wikipedia.org/wiki/Pain_(musical_project)","industrial metal","alternative metal","","","","","","","","","","",""
"8437","Cristiano Minellono","https://en.wikipedia.org/wiki/Cristiano_Minellono","","","","","","","","","","","","",""
"8445","Suede","https://en.wikipedia.org/wiki/Suede_(band)","alternative rock","britpop","glam rock","art rock","","","","","","","","",""
"8476","Eric Martin","https://en.wikipedia.org/wiki/Eric_Martin_(American_singer)","hard rock","pop rock","heavy metal","soul","","","","","","","","",""
"8478","John Oates","https://en.wikipedia.org/wiki/John_Oates","blue-eyed soul","pop rock","r&b","soul","philly soul","soft rock","","","","","","",""
"8479","Sara Allen","https://en.wikipedia.org/wiki/Sara_Allen","blue-eyed soul","pop rock","r&b","soul","philly soul","soft rock","","","","","","",""
"8482","Noah Lewis","https://en.wikipedia.org/wiki/Noah_Lewis_(musician)","","","","","","","","","","","","",""
"8489","Ronnie James Dio","https://en.wikipedia.org/wiki/Ronnie_James_Dio","heavy metal","hard rock","","","","","","","","","","",""
"8491","Slash","https://en.wikipedia.org/wiki/Slash_(musician)","hard rock","heavy metal","blues rock","glam metal","","","","","","","","",""
"8492","Duff McKagan","https://en.wikipedia.org/wiki/Duff_McKagan","hard rock","punk rock","heavy metal","blues rock","glam metal","punk blues","","","","","","",""
"8493","Axl Rose","https://en.wikipedia.org/wiki/Axl_Rose","hard rock","heavy metal","glam metal","blues rock","industrial rock","","","","","","","",""
"8494","Izzy Stradlin","https://en.wikipedia.org/wiki/Izzy_Stradlin","hard rock","blues rock","punk rock","reggae","punk blues","heavy metal","ska punk","hardcore punk","","","","",""
"8512","The Ventures","https://en.wikipedia.org/wiki/The_Ventures","instrumental rock","surf","","","","","","","","","","",""
"8513","Rob de Nijs","https://en.wikipedia.org/wiki/Rob_de_Nijs","","","","","","","","","","","","",""
"8517","Gale Storm","https://en.wikipedia.org/wiki/Gale_Storm","","","","","","","","","","","","",""
"8526","Jack Hammer","https://en.wikipedia.org/wiki/Jack_Hammer_(songwriter)","rhythm and blues","pop","","","","","","","","","","",""
"8534","Incognito","https://en.wikipedia.org/wiki/Incognito_(band)","house","acid jazz","soul","","","","","","","","","",""
"8539","The Chimes","https://en.wikipedia.org/wiki/The_Chimes_(Scottish_band)","","","","","","","","","","","","",""
"8540","Johnny Nash","https://en.wikipedia.org/wiki/Johnny_Nash","pop","jazz","soul","reggae","","","","","","","","",""
"8544","George Poulton","https://en.wikipedia.org/wiki/George_R._Poulton","","","","","","","","","","","","",""
"8546","Diana King","https://en.wikipedia.org/wiki/Diana_King","reggae","reggae fusion","dancehall","r&b","","","","","","","","",""
"8549","Steve Bronski","https://en.wikipedia.org/wiki/Steve_Bronski","","","","","","","","","","","","",""
"8550","Larry Steinbachek","https://en.wikipedia.org/wiki/Larry_Steinbachek","","","","","","","","","","","","",""
"8552","Paradise Lost","https://en.wikipedia.org/wiki/Paradise_Lost_(band)","gothic metal","death-doom","doom metal","","","","","","","","","",""
"8555","Cheryl Lynn","https://en.wikipedia.org/wiki/Cheryl_Lynn","r&b","soul","pop","disco","","","","","","","","",""
"8563","Steve Kipner","https://en.wikipedia.org/wiki/Steve_Kipner","pop","r&b","","","","","","","","","","",""
"8569","Ron Wood","https://en.wikipedia.org/wiki/Ronnie_Wood","rock","blues","","","","","","","","","","",""
"8573","Ron Sexsmith","https://en.wikipedia.org/wiki/Ron_Sexsmith","pop","folk","","","","","","","","","","",""
"8580","Fountains of Wayne","https://en.wikipedia.org/wiki/Fountains_of_Wayne","power pop","pop-punk","pop rock","geek rock","alternative rock","indie pop","","","","","","",""
"8585","Josh Rouse","https://en.wikipedia.org/wiki/Josh_Rouse","folk","indie pop","alt-country","","","","","","","","","",""
"8587","Damon Albarn","https://en.wikipedia.org/wiki/Damon_Albarn","alternative rock","electronic","hip-hop","britpop","art pop","","","","","","","",""
"8592","Tom Snow","https://en.wikipedia.org/wiki/Tom_Snow","","","","","","","","","","","","",""
"8621","Declan","https://en.wikipedia.org/wiki/Declan_Galbraith","pop","rock","folk -rock","rock -electronic","ballad","","","","","","","",""
"8629","Keiko Lee","https://en.wikipedia.org/wiki/Keiko_Lee","","","","","","","","","","","","",""
"8636","Our Lady Peace","https://en.wikipedia.org/wiki/Our_Lady_Peace","alternative rock","post-grunge","","","","","","","","","","",""
"8646","Steve Cropper","https://en.wikipedia.org/wiki/Steve_Cropper","r&b","soul","southern soul","electric blues","blues","","","","","","","",""
"8657","Francesco Sartori","https://en.wikipedia.org/wiki/Francesco_Sartori","","","","","","","","","","","","",""
"8658","Lucio Quarantotto","https://en.wikipedia.org/wiki/Lucio_Quarantotto","","","","","","","","","","","","",""
"8661","Christopher Cross","https://en.wikipedia.org/wiki/Christopher_Cross","rock","pop","soft rock","yacht rock","","","","","","","","",""
"8664","Noa","https://en.wikipedia.org/wiki/Noa_(singer)","pop","world","hebrew","jazz","blues","","","","","","","",""
"8690","Finger Eleven","https://en.wikipedia.org/wiki/Finger_Eleven","alternative rock","alternative metal","post-grunge","hard rock","nu metal","","","","","","","",""
"8699","Jimmie Rodgers","https://en.wikipedia.org/wiki/Jimmie_Rodgers","country","blues","folk","","","","","","","","","",""
"8702","Dickey Betts","https://en.wikipedia.org/wiki/Dickey_Betts","rock","country","blues","jazz","southern rock","jam band","","","","","","",""
"8717","Giorgio Calabrese","https://en.wikipedia.org/wiki/Giorgio_Calabrese","","","","","","","","","","","","",""
"8731","Paolo Limiti","https://en.wikipedia.org/wiki/Paolo_Limiti","","","","","","","","","","","","",""
"8755","Franco Califano","https://en.wikipedia.org/wiki/Franco_Califano","easy","pop","","","","","","","","","","",""
"8762","Wayne Shanklin","https://en.wikipedia.org/wiki/Wayne_Shanklin","","","","","","","","","","","","",""
"8763","Preluders","https://en.wikipedia.org/wiki/Preluders","pop","","","","","","","","","","","",""
"8764","Social Distortion","https://en.wikipedia.org/wiki/Social_Distortion","punk rock","cowpunk","rock and roll","hardcore punk","","","","","","","","",""
"8765","Sammy Hagar","https://en.wikipedia.org/wiki/Sammy_Hagar","hard rock","heavy metal","glam metal","pop rock","","","","","","","","",""
"8785","Ed Kuepper","https://en.wikipedia.org/wiki/Ed_Kuepper","rock","punk","alternative","avant-garde","","","","","","","","",""
"8794","Maurice Ravel","https://en.wikipedia.org/wiki/Maurice_Ravel","","","","","","","","","","","","",""
"8802","Tanita Tikaram","https://en.wikipedia.org/wiki/Tanita_Tikaram","pop","folk","","","","","","","","","","",""
"8824","Richie Ramone","https://en.wikipedia.org/wiki/Richie_Ramone","punk rock","","","","","","","","","","","",""
"8834","Lita Ford","https://en.wikipedia.org/wiki/Lita_Ford","glam metal","hard rock","heavy metal","","","","","","","","","",""
"8840","Big D and The Kids Table","https://en.wikipedia.org/wiki/Big_D_and_the_Kids_Table","ska punk","reggae","dub","","","","","","","","","",""
"8843","Night Ranger","https://en.wikipedia.org/wiki/Night_Ranger","hard rock","aor","","","","","","","","","","",""
"8866","Gianni Meccia","https://en.wikipedia.org/wiki/Gianni_Meccia","","","","","","","","","","","","",""
"8867","Dave Guard","https://en.wikipedia.org/wiki/Dave_Guard","folk","neofolk","world music","","","","","","","","","",""
"8868","Nick Reynolds","https://en.wikipedia.org/wiki/Nick_Reynolds","folk","","","","","","","","","","","",""
"8878","Melissa Etheridge","https://en.wikipedia.org/wiki/Melissa_Etheridge","heartland rock","roots rock","folk rock","blues rock","country rock","","","","","","","",""
"8885","Suzi Quatro","https://en.wikipedia.org/wiki/Suzi_Quatro","rock","hard rock","glam rock","pop rock","","","","","","","","",""
"8887","Fabrizio De André","https://en.wikipedia.org/wiki/Fabrizio_De_André","folk","italian folk","folk rock","chanson","world","","","","","","","",""
"8890","Jacques Levy","https://en.wikipedia.org/wiki/Jacques_Levy","","","","","","","","","","","","",""
"8896","Franco Battiato","https://en.wikipedia.org/wiki/Franco_Battiato","beat","new wave","experimental","musique concrte","progressive pop","electropop","pop","new-age","opera","free jazz","progressive rock","psychedelic",""
"8898","Ivano Fossati","https://en.wikipedia.org/wiki/Ivano_Fossati","rock","italian progressive rock","pop","","","","","","","","","",""
"8899","Zucchero","https://en.wikipedia.org/wiki/Zucchero_Fornaciari","blues","rock","r&b","soul","gospel","funk","pop rock","pop","","","","",""
"8902","Ornella Vanoni","https://en.wikipedia.org/wiki/Ornella_Vanoni","pop","jazz","","","","","","","","","","",""
"8912","Ligabue","https://en.wikipedia.org/wiki/Luciano_Ligabue","rock","","","","","","","","","","","",""
"8915","Vasco Rossi","https://en.wikipedia.org/wiki/Vasco_Rossi","pop","pop rock","rock","","","","","","","","","",""
"8916","Fiorella Mannoia","https://en.wikipedia.org/wiki/Fiorella_Mannoia","pop","soul","","","","","","","","","","",""
"8918","Jovanotti","https://en.wikipedia.org/wiki/Jovanotti","pop","alternative hip hop","funk","world","pop rock","","","","","","","",""
"8920","Loredana Bertè","https://en.wikipedia.org/wiki/Loredana_Bertè","pop","rock","reggae","","","","","","","","","",""
"8935","Bill Monroe","https://en.wikipedia.org/wiki/Bill_Monroe","country","bluegrass","gospel","blues","folk","","","","","","","",""
"8937","Pee Wee King","https://en.wikipedia.org/wiki/Pee_Wee_King","country","","","","","","","","","","","",""
"8943","Jack Norworth","https://en.wikipedia.org/wiki/Jack_Norworth","tin pan alley","","","","","","","","","","","",""
"8946","Les Brown","https://en.wikipedia.org/wiki/Les_Brown_(bandleader)","jazz","big band","swing","traditional pop","","","","","","","","",""
"8957","Louis Neefs","https://en.wikipedia.org/wiki/Louis_Neefs","pop","","","","","","","","","","","",""
"8973","Bandabardò","https://en.wikipedia.org/wiki/Bandabardò","acoustic","folk rock","","","","","","","","","","",""
"9001","Roberto Murolo","https://en.wikipedia.org/wiki/Roberto_Murolo","neapolitan song","folk","","","","","","","","","","",""
"9003","Pierangelo Bertoli","https://en.wikipedia.org/wiki/Pierangelo_Bertoli","folk rock","","","","","","","","","","","",""
"9004","Alice","https://en.wikipedia.org/wiki/Alice_(singer)","vocal","pop","rock","classical","folk","experimental","ambient","electronica","","","","",""
"9010","Tony James","https://en.wikipedia.org/wiki/Tony_James_(musician)","punk rock","pop punk","post-punk","new wave","","","","","","","","",""
"9019","Bobby Osborne","https://en.wikipedia.org/wiki/Bobby_Osborne","","","","","","","","","","","","",""
"9023","ACT","https://en.wikipedia.org/wiki/Act_(band)","synth-pop","","","","","","","","","","","",""
"9038","Jean Kluger","https://en.wikipedia.org/wiki/Jean_Kluger","","","","","","","","","","","","",""
"9040","Ray Evans","https://en.wikipedia.org/wiki/Ray_Evans","film music","","","","","","","","","","","",""
"9041","Jay Livingston","https://en.wikipedia.org/wiki/Jay_Livingston","","","","","","","","","","","","",""
"9070","Rick Nelson","https://en.wikipedia.org/wiki/Ricky_Nelson","rockabilly","rock and roll","pop","country rock","","","","","","","","",""
"9088","Paul Giamatti","https://en.wikipedia.org/wiki/Paul_Giamatti","","","","","","","","","","","","",""
"9101","J Mascis","https://en.wikipedia.org/wiki/J_Mascis","alternative rock","indie rock","hard rock","noise rock","hardcore punk","stoner rock","doom metal","","","","","",""
"9116","Joss Stone","https://en.wikipedia.org/wiki/Joss_Stone","r&b","soul","blue-eyed soul","reggae","disco","","","","","","","",""
"9117","Harlan Howard","https://en.wikipedia.org/wiki/Harlan_Howard","country","","","","","","","","","","","",""
"9118","Jack White","https://en.wikipedia.org/wiki/Jack_White","blues rock","garage rock revival","alternative rock","folk","country","experimental rock","","","","","","",""
"9126","John Ellison","https://en.wikipedia.org/wiki/John_Ellison","","","","","","","","","","","","",""
"9129","Ernie Isley","https://en.wikipedia.org/wiki/Ernie_Isley","r&b","funk","rock","soul","hard rock","","","","","","","",""
"9130","Chris Jasper","https://en.wikipedia.org/wiki/Chris_Jasper","r&b","soul","jazz","","","","","","","","","",""
"9133","Fred Rose","https://en.wikipedia.org/wiki/Fred_Rose_(songwriter)","country","pop","","","","","","","","","","",""
"9141","Gianni Morandi","https://en.wikipedia.org/wiki/Gianni_Morandi","pop","","","","","","","","","","","",""
"9145","Dick Holler","https://en.wikipedia.org/wiki/Dick_Holler","","","","","","","","","","","","",""
"9146","Giorgio Gaber","https://en.wikipedia.org/wiki/Giorgio_Gaber","teatro canzone","","","","","","","","","","","",""
"9154","Ace Frehley","https://en.wikipedia.org/wiki/Ace_Frehley","hard rock","heavy metal","","","","","","","","","","",""
"9169","Jeffrey Foskett","https://en.wikipedia.org/wiki/Jeffrey_Foskett","rock","pop","","","","","","","","","","",""
"9183","Alec Wilder","https://en.wikipedia.org/wiki/Alec_Wilder","classical music","popular music","","","","","","","","","","",""
"9208","Ricchi e poveri","https://en.wikipedia.org/wiki/Ricchi_e_Poveri","pop","","","","","","","","","","","",""
"9226","Matt Aitken","https://en.wikipedia.org/wiki/Matt_Aitken","pop","disco","dance-pop","hi-nrg","","","","","","","","",""
"9227","Pete Waterman","https://en.wikipedia.org/wiki/Pete_Waterman","","","","","","","","","","","","",""
"9233","Whitney Houston","https://en.wikipedia.org/wiki/Whitney_Houston","r&b","pop","soul","gospel","dance-pop","new jack swing","funk","","","","","",""
"9234","George Merrill","https://en.wikipedia.org/wiki/George_Merrill_(songwriter)","","","","","","","","","","","","",""
"9235","Shannon Rubicam","https://en.wikipedia.org/wiki/Shannon_Rubicam","pop","","","","","","","","","","","",""
"9237","André Popp","https://en.wikipedia.org/wiki/André_Popp","","","","","","","","","","","","",""
"9238","Pierre Cour","https://en.wikipedia.org/wiki/Pierre_Cour","","","","","","","","","","","","",""
"9258","King Curtis","https://en.wikipedia.org/wiki/King_Curtis","r&b","jazz","rock and roll","","","","","","","","","",""
"9265","Dave Brock","https://en.wikipedia.org/wiki/Dave_Brock","space rock","progressive rock","hard rock","","","","","","","","","",""
"9267","Radney Foster","https://en.wikipedia.org/wiki/Radney_Foster","country","","","","","","","","","","","",""
"9281","Vic Chesnutt","https://en.wikipedia.org/wiki/Vic_Chesnutt","folk rock","indie folk","roots rock","alternative country","","","","","","","","",""
"9290","Bowling For Soup","https://en.wikipedia.org/wiki/Bowling_for_Soup","pop-punk","pop rock","alternative rock","power pop","","","","","","","","",""
"9304","Redd Stewart","https://en.wikipedia.org/wiki/Redd_Stewart","country","","","","","","","","","","","",""
"9310","Paul Jabara","https://en.wikipedia.org/wiki/Paul_Jabara","","","","","","","","","","","","",""
"9312","John Rostill","https://en.wikipedia.org/wiki/John_Rostill","rock and roll","country","pop","","","","","","","","","",""
"9313","Brian Bennett","https://en.wikipedia.org/wiki/Brian_Bennett","rock and roll","","","","","","","","","","","",""
"9317","Dolly Parton","https://en.wikipedia.org/wiki/Dolly_Parton","country","country pop","bluegrass","gospel","rock","","","","","","","",""
"9319","Tapani Kansa","https://en.wikipedia.org/wiki/Tapani_Kansa","","","","","","","","","","","","",""
"9323","Leo Kottke","https://en.wikipedia.org/wiki/Leo_Kottke","american rock","americana","acoustic rock","american primitive guitar","citation needed","","","","","","","",""
"9325","Jim Gordon","https://en.wikipedia.org/wiki/Jim_Gordon_(musician)","rock","","","","","","","","","","","",""
"9336","Max Freedman","https://en.wikipedia.org/wiki/Max_C._Freedman","","","","","","","","","","","","",""
"9339","En Vogue","https://en.wikipedia.org/wiki/En_Vogue","r&b","soul","funk","new jack swing","pop","hip-hop","dance","","","","","",""
"9344","Cindy Herron","https://en.wikipedia.org/wiki/Cindy_Herron","r&b","soul","pop","","","","","","","","","",""
"9360","David Crawford","https://en.wikipedia.org/wiki/Dave_Crawford_(musician)","","","","","","","","","","","","",""
"9367","Scissor Sisters","https://en.wikipedia.org/wiki/Scissor_Sisters","pop rock","pop","glam rock","nu-disco","electroclash","","","","","","","",""
"9371","Yvonne Wright","https://en.wikipedia.org/wiki/Yvonne_Wright","r&b","soul","","","","","","","","","","",""
"9374","Stuart Matthewman","https://en.wikipedia.org/wiki/Stuart_Matthewman","downtempo","chill-out","dub","acid jazz","space age pop","","","","","","","",""
"9376","Chris Cornell","https://en.wikipedia.org/wiki/Chris_Cornell","alternative metal","heavy metal","grunge","alternative rock","hard rock","","","","","","","",""
"9378","Keb' Mo'","https://en.wikipedia.org/wiki/Keb'_Mo'","delta blues","country blues","americana","","","","","","","","","",""
"9384","Foghat","https://en.wikipedia.org/wiki/Foghat","hard rock","blues rock","boogie rock","","","","","","","","","",""
"9394","Timbaland","https://en.wikipedia.org/wiki/Timbaland","hip-hop","r&b","pop","","","","","","","","","",""
"9395","Aaliyah","https://en.wikipedia.org/wiki/Aaliyah","r&b","pop","hip-hop","funk","soul","dance-pop","","","","","","",""
"9411","Kandi Burruss","https://en.wikipedia.org/wiki/Kandi_Burruss","r&b","pop","hip hop","soul","","","","","","","","",""
"9414","LaTavia Roberson","https://en.wikipedia.org/wiki/LaTavia_Roberson","r&b","","","","","","","","","","","",""
"9431","Gerald Marks","https://en.wikipedia.org/wiki/Gerald_Marks","","","","","","","","","","","","",""
"9432","Seymour Simons","https://en.wikipedia.org/wiki/Seymour_Simons","jazz","","","","","","","","","","","",""
"9444","Rev. Robert Wilkins","https://en.wikipedia.org/wiki/Robert_Wilkins","country blues","gospel blues","delta blues","","","","","","","","","",""
"9455","Keith Levene","https://en.wikipedia.org/wiki/Keith_Levene","punk rock","post-punk","experimental rock","","","","","","","","","",""
"9474","Wham!","https://en.wikipedia.org/wiki/Wham!","pop","dance-pop","post-disco","","","","","","","","","",""
"9486","In Flames","https://en.wikipedia.org/wiki/In_Flames","melodic death metal","alternative metal","","","","","","","","","","",""
"9505","Donots","https://en.wikipedia.org/wiki/Donots","punk rock","pop punk","","","","","","","","","","",""
"9507","Mandy Moore","https://en.wikipedia.org/wiki/Mandy_Moore","pop","pop rock","dance-pop","","","","","","","","","",""
"9510","Trio Töykeät","https://en.wikipedia.org/wiki/Trio_Töykeät","","","","","","","","","","","","",""
"9525","Toshiko Akiyoshi","https://en.wikipedia.org/wiki/Toshiko_Akiyoshi","jazz","","","","","","","","","","","",""
"9527","Megadeth","https://en.wikipedia.org/wiki/Megadeth","thrash metal","speed metal","heavy metal","","","","","","","","","",""
"9531","Leonard Bernstein","https://en.wikipedia.org/wiki/Leonard_Bernstein","","","","","","","","","","","","",""
"9535","Wim Soutaer","https://en.wikipedia.org/wiki/Wim_Soutaer","pop","rock","","","","","","","","","","",""
"9536","Nek","https://en.wikipedia.org/wiki/Nek","pop","rock","","","","","","","","","","",""
"9540","Xander de Buisonjé","https://en.wikipedia.org/wiki/Xander_de_Buisonjé","pop","","","","","","","","","","","",""
"9547","Ken Boothe","https://en.wikipedia.org/wiki/Ken_Boothe","ska","rocksteady","reggae","lovers rock","","","","","","","","",""
"9582","Peter Godwin","https://en.wikipedia.org/wiki/Peter_Godwin_(singer)","","","","","","","","","","","","",""
"9583","Duncan Browne","https://en.wikipedia.org/wiki/Duncan_Browne","rock","pop","folk","soft rock","art rock","","","","","","","",""
"9593","Toni Wine","https://en.wikipedia.org/wiki/Toni_Wine","","","","","","","","","","","","",""
"9630","X","https://en.wikipedia.org/wiki/X_(American_band)","punk rock","alternative rock","","","","","","","","","","",""
"9634","Soul Asylum","https://en.wikipedia.org/wiki/Soul_Asylum","alternative rock","grunge","country rock","punk rock","","","","","","","","",""
"9636","Live","https://en.wikipedia.org/wiki/Live_(band)","alternative rock","post-grunge","hard rock","","","","","","","","","",""
"9666","Michael Penn","https://en.wikipedia.org/wiki/Michael_Penn","alternative pop","rock","","","","","","","","","","",""
"9672","Chuck Rio","https://en.wikipedia.org/wiki/Danny_Flores","rock and roll","latin rock","","","","","","","","","","",""
"9689","Republica","https://en.wikipedia.org/wiki/Republica","alternative rock","alternative dance","synthpop","dance-punk","breakbeat","electronic","britpop","","","","","",""
"9698","Howard Devoto","https://en.wikipedia.org/wiki/Howard_Devoto","punk rock","post-punk","synthpop","new wave","electronic","","","","","","","",""
"9701","John McGeoch","https://en.wikipedia.org/wiki/John_McGeoch","post-punk","new wave","gothic rock","synth-pop","alternative rock","","","","","","","",""
"9713","Mark Lanegan","https://en.wikipedia.org/wiki/Mark_Lanegan","alternative rock","indie rock","stoner rock","hard rock","grunge","folk rock","blues rock","","","","","",""
"9717","Quincy Jones","https://en.wikipedia.org/wiki/Quincy_Jones","big band","soul","jazz","rhythm and blues","","","","","","","","",""
"9752","No Use for a Name","https://en.wikipedia.org/wiki/No_Use_for_a_Name","pop punk","skate punk","melodic hardcore","","","","","","","","","",""
"9754","Carlton Barrett","https://en.wikipedia.org/wiki/Carlton_Barrett","reggae","ska","rocksteady","","","","","","","","","",""
"9805","Lowell George","https://en.wikipedia.org/wiki/Lowell_George","rock","roots rock","swamp rock","jam band","","","","","","","","",""
"9821","J.D. Souther","https://en.wikipedia.org/wiki/JD_Souther","pop rock","country rock","folk rock","soft rock","","","","","","","","",""
"9843","Eddie Money","https://en.wikipedia.org/wiki/Eddie_Money","rock","pop rock","hard rock","","","","","","","","","",""
"9854","The Breeders","https://en.wikipedia.org/wiki/The_Breeders","alternative rock","","","","","","","","","","","",""
"9861","Mick Farren","https://en.wikipedia.org/wiki/Mick_Farren","acid rock","garage rock","proto-punk","psychedelic rock","","","","","","","","",""
"9863","Phil Taylor","https://en.wikipedia.org/wiki/Phil_Taylor_(musician)","heavy metal","rock and roll","hard rock","speed metal","","","","","","","","",""
"9877","Patty Pravo","https://en.wikipedia.org/wiki/Patty_Pravo","pop","pop rock","beat","chanson","","","","","","","","",""
"9884","Andy Kim","https://en.wikipedia.org/wiki/Andy_Kim_(singer)","pop rock","","","","","","","","","","","",""
"9903","Charlie Louvin","https://en.wikipedia.org/wiki/Charlie_Louvin","country","","","","","","","","","","","",""
"9904","Ira Louvin","https://en.wikipedia.org/wiki/Ira_Louvin","country","gospel","","","","","","","","","","",""
"9912","Hugh Hopper","https://en.wikipedia.org/wiki/Hugh_Hopper","jazz fusion","progressive rock","experimental","","","","","","","","","",""
"9914","Dan Hicks","https://en.wikipedia.org/wiki/Dan_Hicks_(singer)","country","jazz","swing","bluegrass","folk","pop","gypsy","western swing","","","","",""
"9927","Jean Ritchie","https://en.wikipedia.org/wiki/Jean_Ritchie","","","","","","","","","","","","",""
"9928","Leon Payne","https://en.wikipedia.org/wiki/Leon_Payne","","","","","","","","","","","","",""
"9929","Conway Twitty","https://en.wikipedia.org/wiki/Conway_Twitty","country","rockabilly","","","","","","","","","","",""
"9932","Johnny Horton","https://en.wikipedia.org/wiki/Johnny_Horton","country","honky-tonk","rockabilly","","","","","","","","","",""
"9933","Charlie Rich","https://en.wikipedia.org/wiki/Charlie_Rich","country","rockabilly","","","","","","","","","","",""
"9943","Red Foley","https://en.wikipedia.org/wiki/Red_Foley","country","gospel","rockabilly","boogie","rhythm and blues","","","","","","","",""
"9948","Red Lane","https://en.wikipedia.org/wiki/Red_Lane","country","","","","","","","","","","","",""
"9959","Jerry Fuller","https://en.wikipedia.org/wiki/Jerry_Fuller","country","pop","doo-wop","soul","","","","","","","","",""
"9961","Al Bano","https://en.wikipedia.org/wiki/Albano_Carrisi","pop","","","","","","","","","","","",""
"9967","John Mellencamp","https://en.wikipedia.org/wiki/John_Mellencamp","heartland rock","roots rock","folk rock","","","","","","","","","",""
"9999","Jonathan Cain","https://en.wikipedia.org/wiki/Jonathan_Cain","hard rock","pop rock","progressive rock","smooth jazz","ccm","","","","","","","",""
"10009","Maggie Reilly","https://en.wikipedia.org/wiki/Maggie_Reilly","pop","folk","soft rock","","","","","","","","","",""
"10057","Elvin Bishop","https://en.wikipedia.org/wiki/Elvin_Bishop","blues","blue-eyed soul","blues rock","country rock","","","","","","","","",""
"10061","Cub Koda","https://en.wikipedia.org/wiki/Cub_Koda","rock","blues-rock","","","","","","","","","","",""
"10069","Girls Aloud","https://en.wikipedia.org/wiki/Girls_Aloud","pop","electropop","dance-pop","pop rock","progressive pop","","","","","","","",""
"10072","John Entwistle","https://en.wikipedia.org/wiki/John_Entwistle","rock","hard rock","power pop","","","","","","","","","",""
"10091","Bruce Cockburn","https://en.wikipedia.org/wiki/Bruce_Cockburn","folk","rock","","","","","","","","","","",""
"10109","The Jam","https://en.wikipedia.org/wiki/The_Jam","mod revival","new wave","punk rock","power pop","","","","","","","","",""
"10111","T.V. Smith","https://en.wikipedia.org/wiki/T._V._Smith","","","","","","","","","","","","",""
"10112","Buzzcocks","https://en.wikipedia.org/wiki/Buzzcocks","punk rock","pop punk","new wave","power pop","","","","","","","","",""
"10122","The Undertones","https://en.wikipedia.org/wiki/The_Undertones","punk rock","pop punk","power pop","new wave","","","","","","","","",""
"10123","John O'Neill","https://en.wikipedia.org/wiki/John_O'Neill_(guitarist)","punk rock","pop-punk","new wave","","","","","","","","","",""
"10125","Sham 69","https://en.wikipedia.org/wiki/Sham_69","punk rock","oi","","","","","","","","","","",""
"10126","Jimmy Pursey","https://en.wikipedia.org/wiki/Jimmy_Pursey","punk rock","post-punk","","","","","","","","","","",""
"10135","Dieter Bohlen","https://en.wikipedia.org/wiki/Dieter_Bohlen","pop","europop","synth-pop","eurodance","euro disco","schlager","","","","","","",""
"10148","Phil Campbell","https://en.wikipedia.org/wiki/Phil_Campbell_(musician)","heavy metal","hard rock","rock and roll","","","","","","","","","",""
"10154","Brook Benton","https://en.wikipedia.org/wiki/Brook_Benton","pop","rhythm and blues","soul","","","","","","","","","",""
"10156","Edith Piaf","https://en.wikipedia.org/wiki/Édith_Piaf","cabaret","torch songs","modern chanson","musical theatre","","","","","","","","",""
"10182","The Four Aces","https://en.wikipedia.org/wiki/The_Four_Aces","traditional pop","","","","","","","","","","","",""
"10189","Fat Mike","https://en.wikipedia.org/wiki/Fat_Mike","punk rock","skate punk","ska punk","melodic hardcore","hardcore punk","","","","","","","",""
"10191","Cinderella","https://en.wikipedia.org/wiki/Cinderella_(band)","glam metal","hard rock","blues rock","","","","","","","","","",""
"10198","Godsmack","https://en.wikipedia.org/wiki/Godsmack","alternative metal","hard rock","post-grunge","nu metal","","","","","","","","",""
"10199","(Hed)Pe","https://en.wikipedia.org/wiki/Hed_PE","rapcore","rap metal","rap rock","nu metal","punk rock","","","","","","","",""
"10224","Charley Patton","https://en.wikipedia.org/wiki/Charley_Patton","delta blues","country blues","gospel blues","","","","","","","","","",""
"10236","Pretty Boy Floyd","https://en.wikipedia.org/wiki/Pretty_Boy_Floyd_(American_band)","glam metal","","","","","","","","","","","",""
"10249","Mary Lou Williams","https://en.wikipedia.org/wiki/Mary_Lou_Williams","jazz","gospel","swing","third stream","bebop","","","","","","","",""
"10252","Go-Go's","https://en.wikipedia.org/wiki/The_Go-Go's","new wave","pop rock","power pop","post-punk","punk rock","","","","","","","",""
"10261","Ivory Joe Hunter","https://en.wikipedia.org/wiki/Ivory_Joe_Hunter","r&b","blues","boogie-woogie","country","","","","","","","","",""
"10263","Paul Evans","https://en.wikipedia.org/wiki/Paul_Evans_(musician)","rock and roll","country","pop","","","","","","","","","",""
"10264","Ike Turner","https://en.wikipedia.org/wiki/Ike_Turner","rock and roll","blues","r&b","soul","funk rock","","","","","","","",""
"10268","Mad Sin","https://en.wikipedia.org/wiki/Mad_Sin","psychobilly","punk rock","","","","","","","","","","",""
"10272","Joe Allison","https://en.wikipedia.org/wiki/Joe_Allison","country music","","","","","","","","","","","",""
"10289","Face to Face","https://en.wikipedia.org/wiki/Face_to_Face_(punk_band)","punk rock","skate punk","pop-punk","","","","","","","","","",""
"10290","Jawbreaker","https://en.wikipedia.org/wiki/Jawbreaker_(band)","punk rock","pop-punk","emo","hardcore punk","post-hardcore","","","","","","","",""
"10294","Sugar","https://en.wikipedia.org/wiki/Sugar_(American_band)","alternative rock","jangle pop","grunge","power pop","","","","","","","","",""
"10295","Fugazi","https://en.wikipedia.org/wiki/Fugazi","post-hardcore","art punk","alternative rock","experimental rock","","","","","","","","",""
"10297","Joe Lally","https://en.wikipedia.org/wiki/Joe_Lally","post-hardcore","indie rock","","","","","","","","","","",""
"10298","Guy Picciotto","https://en.wikipedia.org/wiki/Guy_Picciotto","post-hardcore","emo","screamo","hardcore punk","alternative rock","punk rock","","","","","","",""
"10316","Vince Taylor","https://en.wikipedia.org/wiki/Vince_Taylor","rock and roll","rockabilly","","","","","","","","","","",""
"10329","The Meteors","https://en.wikipedia.org/wiki/The_Meteors","psychobilly","","","","","","","","","","","",""
"10330","Children of Bodom","https://en.wikipedia.org/wiki/Children_of_Bodom","melodic death metal","power metal","","","","","","","","","","",""
"10365","Steve Alaimo","https://en.wikipedia.org/wiki/Steve_Alaimo","","","","","","","","","","","","",""
"10370","Gary U.S. Bonds","https://en.wikipedia.org/wiki/Gary_U.S._Bonds","r&b","rock and roll","pop rock","","","","","","","","","",""
"10373","Spooner Oldham","https://en.wikipedia.org/wiki/Spooner_Oldham","r&b","soul","rock","","","","","","","","","",""
"10374","Marshall Crenshaw","https://en.wikipedia.org/wiki/Marshall_Crenshaw","rock","power pop","new wave","roots rock","country rock","college rock","","","","","","",""
"10380","Roy Brown","https://en.wikipedia.org/wiki/Roy_Brown_(blues_musician)","jump blues","r&b","rock and roll","urban blues","","","","","","","","",""
"10388","Lisa Ekdahl","https://en.wikipedia.org/wiki/Lisa_Ekdahl","jazz","vispop","","","","","","","","","","",""
"10394","Wayne Bickerton","https://en.wikipedia.org/wiki/Wayne_Bickerton","","","","","","","","","","","","",""
"10427","Wyclef Jean","https://en.wikipedia.org/wiki/Wyclef_Jean","east coast hip hop","reggae fusion","r&b","pop rap","neo soul","","","","","","","",""
"10437","C.J. Ramone","https://en.wikipedia.org/wiki/C._J._Ramone","punk rock","heavy metal","","","","","","","","","","",""
"10451","Martin Rotsey","https://en.wikipedia.org/wiki/Martin_Rotsey","rock","alternative rock","","","","","","","","","","",""
"10452","Peter Gifford","https://en.wikipedia.org/wiki/Peter_Gifford","rock","","","","","","","","","","","",""
"10457","Frenzal Rhomb","https://en.wikipedia.org/wiki/Frenzal_Rhomb","punk rock","skate punk","melodic hardcore","","","","","","","","","",""
"10468","Eric Donaldson","https://en.wikipedia.org/wiki/Eric_Donaldson","reggae","","","","","","","","","","","",""
"10473","Robbie Shakespeare","https://en.wikipedia.org/wiki/Robbie_Shakespeare","reggae","dub","","","","","","","","","","",""
"10475","Earl Nelson","https://en.wikipedia.org/wiki/Earl_Nelson_(singer)","r&b","soul","","","","","","","","","","",""
"10478","De Heideroosjes","https://en.wikipedia.org/wiki/Heideroosjes","punk rock","","","","","","","","","","","",""
"10480","Henny Vrienten","https://en.wikipedia.org/wiki/Henny_Vrienten","ska","film score","","","","","","","","","","",""
"10512","Vengaboys","https://en.wikipedia.org/wiki/Vengaboys","eurodance","dance-pop","","","","","","","","","","",""
"10514","Terry Callier","https://en.wikipedia.org/wiki/Terry_Callier","soul","folk","jazz","funk","","","","","","","","",""
"10520","Ronald Bell","https://en.wikipedia.org/wiki/Ronald_Bell_(musician)","classical","jazz","funk","r&b","","","","","","","","",""
"10528","Tom Jenkinson","https://en.wikipedia.org/wiki/Squarepusher","idm","electronic","dnb","acid","drill and bass","jazz fusion","","","","","","",""
"10542","Dieter Moebius","https://en.wikipedia.org/wiki/Dieter_Moebius","electronic","krautrock","kosmische","ambient","experimental","","","","","","","",""
"10556","Descendents","https://en.wikipedia.org/wiki/Descendents","punk rock","hardcore punk","melodic hardcore","skate punk","","","","","","","","",""
"10557","Bill Stevenson","https://en.wikipedia.org/wiki/Bill_Stevenson_(musician)","punk rock","hardcore punk","","","","","","","","","","",""
"10558","Michael Sembello","https://en.wikipedia.org/wiki/Michael_Sembello","new wave","synth-pop","pop rock","hi-nrg","r&b","soul","pop","funk","","","","",""
"10560","Billy Corgan","https://en.wikipedia.org/wiki/Billy_Corgan","alternative rock","alternative metal","hard rock","psychedelic rock","grunge","","","","","","","",""
"10566","HUM","https://en.wikipedia.org/wiki/Hum_(band)","alternative rock","alternative metal","post-hardcore","space rock","shoegaze","","","","","","","",""
"10572","Dexter Holland","https://en.wikipedia.org/wiki/Dexter_Holland","punk rock","skate punk","pop-punk","ska punk","alternative rock","","","","","","","",""
"10590","Coldplay","https://en.wikipedia.org/wiki/Coldplay","alternative rock","pop rock","post-britpop","pop","","","","","","","","",""
"10605","Zack de la Rocha","https://en.wikipedia.org/wiki/Zack_de_la_Rocha","rap metal","alternative metal","funk metal","hardcore punk","youth crew","political hip hop","rap rock","","","","","",""
"10608","Sublime","https://en.wikipedia.org/wiki/Sublime_(band)","ska punk","reggae rock","","","","","","","","","","",""
"10612","P.O.D.","https://en.wikipedia.org/wiki/P.O.D.","christian metal","nu metal","rap rock","alternative metal","","","","","","","","",""
"10613","Papa Roach","https://en.wikipedia.org/wiki/Papa_Roach","alternative rock","nu metal","alternative metal","rap metal","hard rock","","","","","","","",""
"10618","Mark Hoppus","https://en.wikipedia.org/wiki/Mark_Hoppus","pop-punk","alternative rock","skate punk","electronic rock","pop rock","synth-pop","","","","","","",""
"10619","Tom Delonge","https://en.wikipedia.org/wiki/Tom_DeLonge","pop-punk","punk rock","skate punk","alternative rock","space rock","neo-prog","","","","","","",""
"10627","Black Box Recorder","https://en.wikipedia.org/wiki/Black_Box_Recorder","indie pop","indie rock","synth-pop","spoken word","","","","","","","","",""
"10630","Supersuckers","https://en.wikipedia.org/wiki/The_Supersuckers","punk rock","alternative country","","","","","","","","","","",""
"10656","Dougie MacLean","https://en.wikipedia.org/wiki/Dougie_MacLean","folk","world music","","","","","","","","","","",""
"10665","Bootsy Collins","https://en.wikipedia.org/wiki/Bootsy_Collins","funk","psychedelic soul","r&b","hip hop","","","","","","","","",""
"10676","Michael Bublé","https://en.wikipedia.org/wiki/Michael_Bublé","traditional pop","easy listening","jazz","swing","","","","","","","","",""
"10677","Billy Ocean","https://en.wikipedia.org/wiki/Billy_Ocean","r&b","pop","soul","reggae","","","","","","","","",""
"10713","The Manhattan Transfer","https://en.wikipedia.org/wiki/The_Manhattan_Transfer","a cappella","jazz","swing","vocalese","soul","pop","r&b","","","","","",""
"10717","Eric Bazilian","https://en.wikipedia.org/wiki/Eric_Bazilian","rock","","","","","","","","","","","",""
"10737","Mia Martini","https://en.wikipedia.org/wiki/Mia_Martini","pop","blues","jazz","pop rock","canzone napoletana","folk music","","","","","","",""
"10762","Ary Barroso","https://en.wikipedia.org/wiki/Ary_Barroso","samba","","","","","","","","","","","",""
"10786","The Bouncing Souls","https://en.wikipedia.org/wiki/The_Bouncing_Souls","punk rock","pop-punk","skate punk","hardcore punk","","","","","","","","",""
"10788","Sick of It All","https://en.wikipedia.org/wiki/Sick_of_It_All","hardcore punk","tough guy hardcore","","","","","","","","","","",""
"10791","Klaus Wunderlich","https://en.wikipedia.org/wiki/Klaus_Wunderlich","classical","pop","jazz","folk","easy listening","","","","","","","",""
"10809","RZA","https://en.wikipedia.org/wiki/RZA","east coast hip-hop","hardcore hip-hop","chipmunk soul","horrorcore","classical music","film scores","","","","","","",""
"10816","Bilal","https://en.wikipedia.org/wiki/Bilal_(American_singer)","progressive soul","neo soul","r&b","philadelphia soul","jazz","psychedelic soul","","","","","","",""
"10863","Therion","https://en.wikipedia.org/wiki/Therion_(band)","symphonic metal","death metal","","","","","","","","","","",""
"10864","Far Corporation","https://en.wikipedia.org/wiki/Far_Corporation","","","","","","","","","","","","",""
"10867","Holly Knight","https://en.wikipedia.org/wiki/Holly_Knight","pop","rock","","","","","","","","","","",""
"10884","Mike Inez","https://en.wikipedia.org/wiki/Mike_Inez","grunge","alternative metal","heavy metal","hard rock","","","","","","","","",""
"10886","Tom Hamilton","https://en.wikipedia.org/wiki/Tom_Hamilton_(musician)","hard rock","blues rock","rock and roll","glam metal","heavy metal","","","","","","","",""
"10919","Billy MacKenzie","https://en.wikipedia.org/wiki/Billy_Mackenzie","post-punk","synth-pop","experimental pop","new wave","","","","","","","","",""
"10922","Evanescence","https://en.wikipedia.org/wiki/Evanescence","alternative metal","gothic metal","gothic rock","hard rock","industrial rock","symphonic metal","nu metal","","","","","",""
"10932","Jeffrey Dunn","https://en.wikipedia.org/wiki/Jeffrey_Dunn","speed metal","thrash metal","heavy metal","","","","","","","","","",""
"10933","Conrad Lant","https://en.wikipedia.org/wiki/Conrad_Lant","heavy metal","speed metal","thrash metal","","","","","","","","","",""
"10934","Sodom","https://en.wikipedia.org/wiki/Sodom_(band)","thrash metal","black metal","","","","","","","","","","",""
"10936","Gato Barbieri","https://en.wikipedia.org/wiki/Gato_Barbieri","jazz","avant-garde jazz","free jazz","latin jazz","smooth jazz","","","","","","","",""
"10958","Concrete Blonde","https://en.wikipedia.org/wiki/Concrete_Blonde","alternative rock","gothic rock","hard rock","post-punk","","","","","","","","",""
"10984","Biohazard","https://en.wikipedia.org/wiki/Biohazard_(band)","hardcore punk","rap metal","groove metal","","","","","","","","","",""
"10992","Fatboy Slim","https://en.wikipedia.org/wiki/Fatboy_Slim","big beat","electronic","acid house","trip hop","nu-funk","indie rock","","","","","","",""
"11006","Claude DeMetrius","https://en.wikipedia.org/wiki/Claude_Demetrius","","","","","","","","","","","","",""
"11023","Diana Ross","https://en.wikipedia.org/wiki/Diana_Ross","r&b","soul","pop","disco","dance","","","","","","","",""
"11025","Hazel Dickens","https://en.wikipedia.org/wiki/Hazel_Dickens","bluegrass","folk music","","","","","","","","","","",""
"11034","Bo Diddley","https://en.wikipedia.org/wiki/Bo_Diddley","rock and roll","blues","psychedelic funk","","","","","","","","","",""
"11061","Louis Jordan","https://en.wikipedia.org/wiki/Louis_Jordan","jazz","swing","jump blues","r&b","rock and roll","","","","","","","",""
"11062","Jessie Mae Robinson","https://en.wikipedia.org/wiki/Jessie_Mae_Robinson","","","","","","","","","","","","",""
"11063","Lewis Allan","https://en.wikipedia.org/wiki/Abel_Meeropol","","","","","","","","","","","","",""
"11093","Sanchez","https://en.wikipedia.org/wiki/Sanchez_(singer)","reggae","dancehall","lovers rock","gospel reggae","","","","","","","","",""
"11101","Buddy Kaye","https://en.wikipedia.org/wiki/Buddy_Kaye","","","","","","","","","","","","",""
"11105","Afrika Bambaataa","https://en.wikipedia.org/wiki/Afrika_Bambaataa","hip hop","electro house","electronic","breakbeat","electro-funk","","","","","","","",""
"11121","Manowar","https://en.wikipedia.org/wiki/Manowar","heavy metal","power metal","","","","","","","","","","",""
"11123","Joey DeMaio","https://en.wikipedia.org/wiki/Joey_DeMaio","heavy metal","power metal","","","","","","","","","","",""
"11126","Glenn Tipton","https://en.wikipedia.org/wiki/Glenn_Tipton","heavy metal","","","","","","","","","","","",""
"11127","Overkill","https://en.wikipedia.org/wiki/Overkill_(band)","thrash metal","","","","","","","","","","","",""
"11128","Dinosaur Jr.","https://en.wikipedia.org/wiki/Dinosaur_Jr.","alternative rock","indie rock","noise rock","lo-fi","hardcore punk","","","","","","","",""
"11133","Rory Block","https://en.wikipedia.org/wiki/Rory_Block","country blues","","","","","","","","","","","",""
"11147","4 the Cause","https://en.wikipedia.org/wiki/4_the_Cause","r&b","pop","","","","","","","","","","",""
"11170","Brooks & Dunn","https://en.wikipedia.org/wiki/Brooks_&_Dunn","neotraditional country","","","","","","","","","","","",""
"11202","The Motels","https://en.wikipedia.org/wiki/The_Motels","new wave","alternative rock","","","","","","","","","","",""
"11214","Adam Duritz","https://en.wikipedia.org/wiki/Adam_Duritz","folk rock","alternative rock","pop rock","","","","","","","","","",""
"11218","Dan Vickrey","https://en.wikipedia.org/wiki/Dan_Vickrey","rock","alternative rock","pop rock","","","","","","","","","",""
"11233","Gerald Casale","https://en.wikipedia.org/wiki/Gerald_Casale","new wave","punk rock","post-punk","electropunk","art punk","synth-pop","electronic rock","","","","","",""
"11234","Mark Mothersbaugh","https://en.wikipedia.org/wiki/Mark_Mothersbaugh","new wave","synth-pop","electronic rock","punk rock","post-punk","synth-punk","art punk","film score","","","","",""
"11235","Ian MacKaye","https://en.wikipedia.org/wiki/Ian_MacKaye","hardcore punk","punk rock","alternative rock","post-hardcore","experimental rock","indie rock","emo","","","","","",""
"11241","N.W.A.","https://en.wikipedia.org/wiki/N.W.A","west coast hip hop","gangsta rap","","","","","","","","","","",""
"11247","Johnny Green","https://en.wikipedia.org/wiki/Johnny_Green","","","","","","","","","","","","",""
"11249","Robert Sour","https://en.wikipedia.org/wiki/Robert_Sour","","","","","","","","","","","","",""
"11250","Christy Baron","https://en.wikipedia.org/wiki/Christy_Baron","jazz","pop","","","","","","","","","","",""
"11276","Woody Herman","https://en.wikipedia.org/wiki/Woody_Herman","big band","swing","cool jazz","","","","","","","","","",""
"11340","Eddie Kendricks","https://en.wikipedia.org/wiki/Eddie_Kendricks","r&b","soul","disco","psychedelic soul","","","","","","","","",""
"11377","Clyde Otis","https://en.wikipedia.org/wiki/Clyde_Otis","","","","","","","","","","","","",""
"11380","Martha Davis","https://en.wikipedia.org/wiki/Martha_Davis_(musician)","rock","pop","new wave","","","","","","","","","",""
"11394","Kim Simmonds","https://en.wikipedia.org/wiki/Kim_Simmonds","blues rock","blues","hard rock","","","","","","","","","",""
"11434","Florence Reece","https://en.wikipedia.org/wiki/Florence_Reece","","","","","","","","","","","","",""
"11455","Donald """"Duck"""" Dunn","https://en.wikipedia.org/wiki/Donald_""Duck""_Dunn","memphis soul","r&b","rock","","","","","","","","","",""
"11456","Al Jackson Jr.","https://en.wikipedia.org/wiki/Al_Jackson_Jr.","r&b","funk","soul","memphis soul","","","","","","","","",""
"11464","Steve Goodman","https://en.wikipedia.org/wiki/Steve_Goodman","folk","country","rock","pop","blues","","","","","","","",""
"11467","Guy Berryman","https://en.wikipedia.org/wiki/Guy_Berryman","alternative rock","pop rock","post-britpop","pop","electronic","experimental","synth-pop","","","","","",""
"11469","Will Champion","https://en.wikipedia.org/wiki/Will_Champion","alternative rock","pop rock","post-britpop","pop","","","","","","","","",""
"11470","Chris Martin","https://en.wikipedia.org/wiki/Chris_Martin","alternative rock","pop rock","post-britpop","pop","","","","","","","","",""
"11489","Michael Brown","https://en.wikipedia.org/wiki/Michael_Brown_(rock_musician)","baroque pop","rock","","","","","","","","","","",""
"11537","Blümchen","https://en.wikipedia.org/wiki/Jasmin_Wagner","pop","dance","happy hardcore","schlager","","","","","","","","",""
"11571","John Ashton","https://en.wikipedia.org/wiki/John_Ashton_(musician)","post-punk","new wave","alternative rock","","","","","","","","","",""
"11575","Corey Hart","https://en.wikipedia.org/wiki/Corey_Hart_(singer)","new wave","pop rock","","","","","","","","","","",""
"11579","Mick Harvey","https://en.wikipedia.org/wiki/Mick_Harvey","alternative rock","post-punk","","","","","","","","","","",""
"11583","Marillion","https://en.wikipedia.org/wiki/Marillion","neo-prog","progressive rock","art rock","","","","","","","","","",""
"11595","Joe Pass","https://en.wikipedia.org/wiki/Joe_Pass","jazz","","","","","","","","","","","",""
"11624","Black Flag","https://en.wikipedia.org/wiki/Black_Flag_(band)","hardcore punk","punk rock","post-hardcore","","","","","","","","","",""
"11625","Greg Ginn","https://en.wikipedia.org/wiki/Greg_Ginn","hardcore punk","punk rock","free jazz","punk jazz","sludge metal","heavy metal","","","","","","",""
"11632","Keith Morris","https://en.wikipedia.org/wiki/Keith_Morris","hardcore punk","","","","","","","","","","","",""
"11643","Nick Oliveri","https://en.wikipedia.org/wiki/Nick_Oliveri","heavy metal","stoner rock","desert rock","alternative metal","hard rock","punk rock","alternative rock","","","","","",""
"11650","Tom Araya","https://en.wikipedia.org/wiki/Tom_Araya","thrash metal","","","","","","","","","","","",""
"11677","Martin Denny","https://en.wikipedia.org/wiki/Martin_Denny","exotica","lounge music","","","","","","","","","","",""
"11681","Stretch Arm Strong","https://en.wikipedia.org/wiki/Stretch_Arm_Strong","melodic hardcore","","","","","","","","","","","",""
"11682","Nelly Furtado","https://en.wikipedia.org/wiki/Nelly_Furtado","r&b","pop","worldbeat","latin","","","","","","","","",""
"11685","Mathew Knowles","https://en.wikipedia.org/wiki/Mathew_Knowles","","","","","","","","","","","","",""
"11688","Keith C. Follese","https://en.wikipedia.org/wiki/Keith_Follesé","country","","","","","","","","","","","",""
"11690","Michelle Branch","https://en.wikipedia.org/wiki/Michelle_Branch","pop rock","rock","country","","","","","","","","","",""
"11692","John Shanks","https://en.wikipedia.org/wiki/John_Shanks","rock","country rock","pop rock","","","","","","","","","",""
"11705","T'Pau","https://en.wikipedia.org/wiki/T'Pau_(band)","pop rock","","","","","","","","","","","",""
"11706","Carol Decker","https://en.wikipedia.org/wiki/Carol_Decker","pop","pop rock","new wave","","","","","","","","","",""
"11708","Cock Robin","https://en.wikipedia.org/wiki/Cock_Robin_(band)","pop rock","new wave","","","","","","","","","","",""
"11709","Peter Kingsbery","https://en.wikipedia.org/wiki/Peter_Kingsbery","","","","","","","","","","","","",""
"11732","Ron Dunbar","https://en.wikipedia.org/wiki/Ron_Dunbar","","","","","","","","","","","","",""
"11753","Lord Burgess","https://en.wikipedia.org/wiki/Irving_Burgie","folk music","calypso","","","","","","","","","","",""
"11758","Florent Pagny","https://en.wikipedia.org/wiki/Florent_Pagny","pop","","","","","","","","","","","",""
"11806","Sir Mix-A-Lot","https://en.wikipedia.org/wiki/Sir_Mix-a-Lot","hip-hop","electro-funk","","","","","","","","","","",""
"11807","Gene Clark","https://en.wikipedia.org/wiki/Gene_Clark","rock","country rock","folk rock","folk","country","bluegrass","americana","","","","","",""
"11810","B.B. King","https://en.wikipedia.org/wiki/B._B._King","electric blues","delta blues","memphis blues","rhythm and blues","blues rock","rock and roll","soul","gospel","","","","",""
"11811","The Hives","https://en.wikipedia.org/wiki/The_Hives","garage rock revival","garage punk","","","","","","","","","","",""
"11814","Mystikal","https://en.wikipedia.org/wiki/Mystikal","hip hop","","","","","","","","","","","",""
"11817","Pharrell Williams","https://en.wikipedia.org/wiki/Pharrell_Williams","hip-hop","r&b","pop","","","","","","","","","",""
"11821","Linkin Park","https://en.wikipedia.org/wiki/Linkin_Park","alternative rock","nu metal","rap rock","alternative metal","electronic rock","pop rock","","","","","","",""
"11830","System of a Down","https://en.wikipedia.org/wiki/System_of_a_Down","alternative metal","nu metal","hard rock","progressive metal","","","","","","","","",""
"11841","Weezer","https://en.wikipedia.org/wiki/Weezer","alternative rock","power pop","pop rock","geek rock","pop-punk","emo","","","","","","",""
"11847","Tommy Lee","https://en.wikipedia.org/wiki/Tommy_Lee","heavy metal","hard rock","glam metal","nu metal","rap metal","","","","","","","",""
"11848","Mick Mars","https://en.wikipedia.org/wiki/Mick_Mars","heavy metal","hard rock","glam metal","blues rock","","","","","","","","",""
"11849","Jet","https://en.wikipedia.org/wiki/Jet_(band)","garage rock","hard rock","alternative rock","indie rock","","","","","","","","",""
"11852","Outkast","https://en.wikipedia.org/wiki/Outkast","southern hip-hop","progressive rap","psychedelic rap","","","","","","","","","",""
"11863","Travis Barker","https://en.wikipedia.org/wiki/Travis_Barker","pop-punk","alternative rock","punk rock","skate punk","hip hop","","","","","","","",""
"11875","Billie Joe Armstrong","https://en.wikipedia.org/wiki/Billie_Joe_Armstrong","punk rock","pop-punk","alternative rock","new wave","garage rock","power pop","skate punk","hardcore punk","","","","",""
"11877","Tre Cool","https://en.wikipedia.org/wiki/Tré_Cool","punk rock","pop-punk","alternative rock","hardcore punk","garage rock","new wave","death metal","","","","","",""
"11879","Daniel Ash","https://en.wikipedia.org/wiki/Daniel_Ash","alternative rock","gothic rock","post-punk","electronic","","","","","","","","",""
"11881","Kevin Haskins","https://en.wikipedia.org/wiki/Kevin_Haskins","gothic rock","post-punk","alternative rock","electronic","psychedelic rock","","","","","","","",""
"11890","Shifty Shellshock","https://en.wikipedia.org/wiki/Shifty_Shellshock","rap rock","alternative rock","nu metal","rap metal","","","","","","","","",""
"11928","Dexter Wansel","https://en.wikipedia.org/wiki/Dexter_Wansel","jazz","jazz fusion","rb","","","","","","","","","",""
"11966","Little River Band","https://en.wikipedia.org/wiki/Little_River_Band","rock","aor","pop rock","soft rock","","","","","","","","",""
"11979","Bernie Leadon","https://en.wikipedia.org/wiki/Bernie_Leadon","rock","country","country rock","bluegrass","","","","","","","","",""
"11980","Jack Tempchin","https://en.wikipedia.org/wiki/Jack_Tempchin","","","","","","","","","","","","",""
"12002","Graham Coxon","https://en.wikipedia.org/wiki/Graham_Coxon","alternative rock","indie rock","indie folk","lo-fi","britpop","noise rock","art rock","","","","","",""
"12004","Marie Knight","https://en.wikipedia.org/wiki/Marie_Knight","gospel","r&b","","","","","","","","","","",""
"12010","Heather Myles","https://en.wikipedia.org/wiki/Heather_Myles","country","","","","","","","","","","","",""
"12012","Sam Theard","https://en.wikipedia.org/wiki/Sam_Theard","","","","","","","","","","","","",""
"12028","Charlie Benante","https://en.wikipedia.org/wiki/Charlie_Benante","thrash metal","crossover thrash","groove metal","","","","","","","","","",""
"12042","Lit","https://en.wikipedia.org/wiki/Lit_(band)","pop-punk","alternative rock","post-grunge","","","","","","","","","",""
"12042","Lit","https://en.wikipedia.org/wiki/Allen_Shellenberger","pop-punk","alternative rock","post-grunge","","","","","","","","","",""
"12042","Lit","https://en.wikipedia.org/wiki/Kevin_Baldes","pop-punk","alternative rock","post-grunge","","","","","","","","","",""
"12042","Lit","https://en.wikipedia.org/wiki/Jeremy_Popoff","pop-punk","alternative rock","post-grunge","","","","","","","","","",""
"12051","Sevendust","https://en.wikipedia.org/wiki/Sevendust","alternative metal","nu metal","hard rock","","","","","","","","","",""
"12054","Black Label Society","https://en.wikipedia.org/wiki/Black_Label_Society","heavy metal","southern metal","hard rock","groove metal","biker metal","","","","","","","",""
"12063","Lionel Bart","https://en.wikipedia.org/wiki/Lionel_Bart","","","","","","","","","","","","",""
"12075","Michael Carr","https://en.wikipedia.org/wiki/Michael_Carr_(composer)","","","","","","","","","","","","",""
"12079","Bob Wills","https://en.wikipedia.org/wiki/Bob_Wills","western swing","","","","","","","","","","","",""
"12081","Billy Hill","https://en.wikipedia.org/wiki/Billy_Hill_(songwriter)","western music","country music","jazz","","","","","","","","","",""
"12105","Jon Secada","https://en.wikipedia.org/wiki/Jon_Secada","pop","latin","latin pop","r&b","funk","pop rock","","","","","","",""
"12108","Jerome Moross","https://en.wikipedia.org/wiki/Jerome_Moross","film score","orchestral music","","","","","","","","","","",""
"12109","John La Touche","https://en.wikipedia.org/wiki/John_La_Touche_(lyricist)","","","","","","","","","","","","",""
"12140","Nigel Harrison","https://en.wikipedia.org/wiki/Nigel_Harrison","rock","","","","","","","","","","","",""
"12151","Ivy Jo Hunter","https://en.wikipedia.org/wiki/Ivy_Jo_Hunter","r&b","","","","","","","","","","","",""
"12154","David Mann","https://en.wikipedia.org/wiki/David_Mann_(songwriter)","","","","","","","","","","","","",""
"12173","Cliff Edwards","https://en.wikipedia.org/wiki/Cliff_Edwards","vaudeville","","","","","","","","","","","",""
"12198","Carol Welsman","https://en.wikipedia.org/wiki/Carol_Welsman","jazz","","","","","","","","","","","",""
"12225","Medeski, Martin and Wood","https://en.wikipedia.org/wiki/Medeski_Martin_&_Wood","jazz","jazz-funk","jazz fusion","acid jazz","soul jazz","jam band","","","","","","",""
"12232","Rosanna Rocci","https://en.wikipedia.org/wiki/Rosanna_Rocci","","","","","","","","","","","","",""
"12272","Errol Brown","https://en.wikipedia.org/wiki/Errol_Brown","funk","pop","disco","r&b","","","","","","","","",""
"12273","Tony Wilson","https://en.wikipedia.org/wiki/Tony_Wilson_(musician)","pop","","","","","","","","","","","",""
"12280","Steve Lipson","https://en.wikipedia.org/wiki/Stephen_Lipson","","","","","","","","","","","","",""
"12293","Dick Rudolph","https://en.wikipedia.org/wiki/Richard_Rudolph","","","","","","","","","","","","",""
"12301","Edgar Winter","https://en.wikipedia.org/wiki/Edgar_Winter","southern rock","pop","jazz fusion","blues rock","blue-eyed soul","boogie rock","","","","","","",""
"12305","Leon Sylvers","https://en.wikipedia.org/wiki/Leon_Sylvers_III","r&b","dance","soul","disco","funk","","","","","","","",""
"12351","Nils Landgren","https://en.wikipedia.org/wiki/Nils_Landgren_(musician)","jazz","r&b","funk","","","","","","","","","",""
"12367","The Orb","https://en.wikipedia.org/wiki/The_Orb","ambient house","dub","idm","chill-out","electronica","","","","","","","",""
"12394","Porter Grainger","https://en.wikipedia.org/wiki/Porter_Grainger","","","","","","","","","","","","",""
"12395","Everett Robbins","https://en.wikipedia.org/wiki/Everett_Robbins","jazz","blues","","","","","","","","","","",""
"12399","Alberta Hunter","https://en.wikipedia.org/wiki/Alberta_Hunter","jazz","blues","","","","","","","","","","",""
"12400","Lovie Austin","https://en.wikipedia.org/wiki/Lovie_Austin","jazz","jazz blues","","","","","","","","","","",""
"12408","Francis Lai","https://en.wikipedia.org/wiki/Francis_Lai","","","","","","","","","","","","",""
"12413","Kathy Kirby","https://en.wikipedia.org/wiki/Kathy_Kirby","pop","","","","","","","","","","","",""
"12414","Al Stillman","https://en.wikipedia.org/wiki/Al_Stillman","","","","","","","","","","","","",""
"12419","Sid Wayne","https://en.wikipedia.org/wiki/Sid_Wayne","","","","","","","","","","","","",""
"12421","Tony Romeo","https://en.wikipedia.org/wiki/Tony_Romeo","pop","","","","","","","","","","","",""
"12424","Buddy Buie","https://en.wikipedia.org/wiki/Buddy_Buie","","","","","","","","","","","","",""
"12427","Bob Merrill","https://en.wikipedia.org/wiki/Bob_Merrill","","","","","","","","","","","","",""
"12432","Alan Blaikley","https://en.wikipedia.org/wiki/Alan_Blaikley","pop music","musicals","theme music","","","","","","","","","",""
"12433","Ken Howard","https://en.wikipedia.org/wiki/Ken_Howard_(composer)","pop music","classical music","film score","","","","","","","","","",""
"12438","Johnny Marks","https://en.wikipedia.org/wiki/Johnny_Marks","","","","","","","","","","","","",""
"12440","Felix Bernard","https://en.wikipedia.org/wiki/Felix_Bernard","","","","","","","","","","","","",""
"12448","John McLaughlin","https://en.wikipedia.org/wiki/John_McLaughlin_(musician)","jazz fusion","world fusion","progressive rock","psychedelic rock","","","","","","","","",""
"12473","Chaz Jankel","https://en.wikipedia.org/wiki/Chaz_Jankel","new wave","blue-eyed soul","disco","funk","r&b","punk rock","soul","","","","","",""
"12475","Ian Dury","https://en.wikipedia.org/wiki/Ian_Dury","new wave","punk rock","post-punk","funk","disco","pub rock","","","","","","",""
"12480","Slim Dusty","https://en.wikipedia.org/wiki/Slim_Dusty","country","bush ballad","australiana","","","","","","","","","",""
"12492","Domenico Modugno","https://en.wikipedia.org/wiki/Domenico_Modugno","neapolitan song","pop","folk","","","","","","","","","",""
"12502","Biz Markie","https://en.wikipedia.org/wiki/Biz_Markie","hip hop","golden age hip hop","comedy hip hop","","","","","","","","","",""
"12519","Wordsworth","https://en.wikipedia.org/wiki/Wordsworth_(rapper)","hip hop","","","","","","","","","","","",""
"12536","Pee Wee Ellis","https://en.wikipedia.org/wiki/Pee_Wee_Ellis","funk","soul","jazz","","","","","","","","","",""
"12541","Cutting Crew","https://en.wikipedia.org/wiki/Cutting_Crew","pop rock","new wave","","","","","","","","","","",""
"12542","Nick Van Eede","https://en.wikipedia.org/wiki/Nick_Van_Eede","pop rock","","","","","","","","","","","",""
"12544","Albert Hammond","https://en.wikipedia.org/wiki/Albert_Hammond","pop rock","soft rock","","","","","","","","","","",""
"12547","John Michael Montgomery","https://en.wikipedia.org/wiki/John_Michael_Montgomery","country","","","","","","","","","","","",""
"12554","Shania Twain","https://en.wikipedia.org/wiki/Shania_Twain","country","pop","country pop","country rock","","","","","","","","",""
"12583","CCS","https://en.wikipedia.org/wiki/CCS_(band)","rock","blues","","","","","","","","","","",""
"12586","Barbara Dennerlein","https://en.wikipedia.org/wiki/Barbara_Dennerlein","jazz","","","","","","","","","","","",""
"12593","Franke Previte","https://en.wikipedia.org/wiki/Franke_Previte","","","","","","","","","","","","",""
"12596","Tesla","https://en.wikipedia.org/wiki/Tesla_(band)","hard rock","","","","","","","","","","","",""
"12602","Motohiko Hino","https://en.wikipedia.org/wiki/Motohiko_Hino","","","","","","","","","","","","",""
"12647","Gerry Marsden","https://en.wikipedia.org/wiki/Gerry_Marsden","merseybeat","pop","rock and roll","","","","","","","","","",""
"12677","Randy Meisner","https://en.wikipedia.org/wiki/Randy_Meisner","rock","country rock","hard rock","pop rock","","","","","","","","",""
"12681","Mike Moran","https://en.wikipedia.org/wiki/Michael_Moran_(music_producer)","pop","rock","classical","","","","","","","","","",""
"12682","Dokken","https://en.wikipedia.org/wiki/Dokken","glam metal","heavy metal","hard rock","","","","","","","","","",""
"12702","Linn Berggren","https://en.wikipedia.org/wiki/Linn_Berggren","","","","","","","","","","","","",""
"12712","Stray Cats","https://en.wikipedia.org/wiki/Stray_Cats","rockabilly","rock and roll","","","","","","","","","","",""
"12714","Jo Armstead","https://en.wikipedia.org/wiki/Jo_Armstead","r&b","soul","","","","","","","","","","",""
"12727","ABC","https://en.wikipedia.org/wiki/ABC_(band)","pop","new wave","synth-pop","new pop","","","","","","","","",""
"12728","Martin Fry","https://en.wikipedia.org/wiki/Martin_Fry","synth-pop","new wave","pop rock","sophisti-pop","blue-eyed soul","house","","","","","","",""
"12731","Mark White","https://en.wikipedia.org/wiki/Mark_White_(British_musician)","pop","new wave","synth-pop","new pop","","","","","","","","",""
"12738","Dope","https://en.wikipedia.org/wiki/Dope_(band)","industrial metal","nu metal","alternative metal","","","","","","","","","",""
"12749","Roosevelt Jamison","https://en.wikipedia.org/wiki/Roosevelt_Jamison","","","","","","","","","","","","",""
"12751","Jerry Lynn Williams","https://en.wikipedia.org/wiki/Jerry_Lynn_Williams","rock","blues","","","","","","","","","","",""
"12762","Eiffel 65","https://en.wikipedia.org/wiki/Eiffel_65","eurodance","","","","","","","","","","","",""
"12766","P.J. Harvey","https://en.wikipedia.org/wiki/PJ_Harvey","alternative rock","punk blues","art rock","indie rock","folk rock","avant-rock","grunge","","","","","",""
"12767","Eric Bibb","https://en.wikipedia.org/wiki/Eric_Bibb","americana","folk-blues","","","","","","","","","","",""
"12770","Tracey Thorn","https://en.wikipedia.org/wiki/Tracey_Thorn","pop","alternative rock","folk","electronic","house","","","","","","","",""
"12771","Ben Watt","https://en.wikipedia.org/wiki/Ben_Watt","alternative rock","new wave","house","electronica","folk rock","","","","","","","",""
"12782","Nicky Ryan","https://en.wikipedia.org/wiki/Nicky_Ryan","","","","","","","","","","","","",""
"12783","Roma Ryan","https://en.wikipedia.org/wiki/Roma_Ryan","new-age","celtic","world","","","","","","","","","",""
"12784","Justin Timberlake","https://en.wikipedia.org/wiki/Justin_Timberlake","pop","r&b","dance","soul","funk","","","","","","","",""
"12786","Scott Storch","https://en.wikipedia.org/wiki/Scott_Storch","hip hop","r&b","","","","","","","","","","",""
"12787","Jo Callis","https://en.wikipedia.org/wiki/Jo_Callis","punk rock","new wave","post-punk","synth-pop","","","","","","","","",""
"12788","Philip Oakey","https://en.wikipedia.org/wiki/Philip_Oakey","synth-pop","new wave","electronic","","","","","","","","","",""
"12820","Jerry Ross","https://en.wikipedia.org/wiki/Jerry_Ross_(composer)","","","","","","","","","","","","",""
"12840","Charlie Smalls","https://en.wikipedia.org/wiki/Charlie_Smalls","","","","","","","","","","","","",""
"12847","Krzysztof Komeda","https://en.wikipedia.org/wiki/Krzysztof_Komeda","jazz","film music","","","","","","","","","","",""
"12880","Linda Womack","https://en.wikipedia.org/wiki/Linda_Womack","","","","","","","","","","","","",""
"12903","Vince Gill","https://en.wikipedia.org/wiki/Vince_Gill","country","country pop","bluegrass","rock","","","","","","","","",""
"12906","Jennifer Rush","https://en.wikipedia.org/wiki/Jennifer_Rush","pop","pop rock","adult contemporary","","","","","","","","","",""
"12912","Spock's Beard","https://en.wikipedia.org/wiki/Spock's_Beard","progressive rock","","","","","","","","","","","",""
"12959","Herbert Grönemeyer","https://en.wikipedia.org/wiki/Herbert_Grönemeyer","rock","pop rock","soft rock","","","","","","","","","",""
"12962","Las Ketchup","https://en.wikipedia.org/wiki/Las_Ketchup","pop","latin pop","","","","","","","","","","",""
"12969","David LaFlamme","https://en.wikipedia.org/wiki/David_LaFlamme","psychedelic rock","proto-prog","folk rock","classical","jazz-rock","","","","","","","",""
"12986","Public Image Ltd","https://en.wikipedia.org/wiki/Public_Image_Ltd","post-punk","experimental rock","new wave","dub","avant-funk","post-rock","","","","","","",""
"12989","Stephen E. Hague","https://en.wikipedia.org/wiki/Stephen_Hague","","","","","","","","","","","","",""
"13000","Sacha Distel","https://en.wikipedia.org/wiki/Sacha_Distel","pop","rock","jazz","","","","","","","","","",""
"13015","Ian Craig Marsh","https://en.wikipedia.org/wiki/Ian_Craig_Marsh","new wave","synth-pop","electronic","","","","","","","","","",""
"13016","Martyn Ware","https://en.wikipedia.org/wiki/Martyn_Ware","electronic","synth-pop","new wave","","","","","","","","","",""
"13034","Middle of the Road","https://en.wikipedia.org/wiki/Middle_of_the_Road_(band)","pop","bubblegum","","","","","","","","","","",""
"13037","Jessica Simpson","https://en.wikipedia.org/wiki/Jessica_Simpson","pop","dance-pop","r&b","country","","","","","","","","",""
"13039","Chris de Burgh","https://en.wikipedia.org/wiki/Chris_de_Burgh","art rock","pop","soft rock","","","","","","","","","",""
"13049","Edgar Froese","https://en.wikipedia.org/wiki/Edgar_Froese","electronic music","","","","","","","","","","","",""
"13053","Björk","https://en.wikipedia.org/wiki/Björk","art pop","avant-garde","electronica","experimental","","","","","","","","",""
"13056","Pekka Pohjola","https://en.wikipedia.org/wiki/Pekka_Pohjola","progressive rock","jazz fusion","","","","","","","","","","",""
"13059","Chris Foreman","https://en.wikipedia.org/wiki/Chris_Foreman","ska","pop","new wave","2-tone","","","","","","","","",""
"13067","J-Ax","https://en.wikipedia.org/wiki/J-Ax","hip hop","rap rock","pop","pop rap","funk","punk","","","","","","",""
"13070","Bart Howard","https://en.wikipedia.org/wiki/Bart_Howard","","","","","","","","","","","","",""
"13092","Danny O'Keefe","https://en.wikipedia.org/wiki/Danny_O'Keefe","folk","","","","","","","","","","","",""
"13098","Right Said Fred","https://en.wikipedia.org/wiki/Right_Said_Fred","pop","europop","dance-pop","","","","","","","","","",""
"13100","Richard Fairbrass","https://en.wikipedia.org/wiki/Richard_Fairbrass","pop","dance","","","","","","","","","","",""
"13104","Buckcherry","https://en.wikipedia.org/wiki/Buckcherry","hard rock","alternative metal","sleaze rock","","","","","","","","","",""
"13105","J.B.O.","https://en.wikipedia.org/wiki/JBO_(band)","comedy metal","parody music","heavy metal","","","","","","","","","",""
"13113","Rio Reiser","https://en.wikipedia.org/wiki/Rio_Reiser","folk rock","protopunk","","","","","","","","","","",""
"13115","Arthur Freed","https://en.wikipedia.org/wiki/Arthur_Freed","","","","","","","","","","","","",""
"13122","Louis Prima","https://en.wikipedia.org/wiki/Louis_Prima","jazz","swing","traditional pop","jump blues","big band","","","","","","","",""
"13168","Francis Cabrel","https://en.wikipedia.org/wiki/Francis_Cabrel","folk","country","blues","","","","","","","","","",""
"13174","After Forever","https://en.wikipedia.org/wiki/After_Forever","symphonic metal","gothic metal","progressive metal","power metal","","","","","","","","",""
"13177","Yndio","https://en.wikipedia.org/wiki/Yndio","","","","","","","","","","","","",""
"13180","Ralph MacDonald","https://en.wikipedia.org/wiki/Ralph_MacDonald","","","","","","","","","","","","",""
"13189","Mazzy Star","https://en.wikipedia.org/wiki/Mazzy_Star","alternative pop","alternative rock","dream pop","","","","","","","","","",""
"13191","O-Zone","https://en.wikipedia.org/wiki/O-Zone","eurodance","pop","edm","","","","","","","","","",""
"13201","Al Hoffman","https://en.wikipedia.org/wiki/Al_Hoffman","","","","","","","","","","","","",""
"13202","Dick Manning","https://en.wikipedia.org/wiki/Dick_Manning","","","","","","","","","","","","",""
"13222","Paul Leka","https://en.wikipedia.org/wiki/Paul_Leka","","","","","","","","","","","","",""
"13235","John Hartford","https://en.wikipedia.org/wiki/John_Hartford","progressive country","old-time","","","","","","","","","","",""
"13276","Eddy Mitchell","https://en.wikipedia.org/wiki/Eddy_Mitchell","rock","r&b","country","","","","","","","","","",""
"13280","Milli Vanilli","https://en.wikipedia.org/wiki/Milli_Vanilli","r&b","","","","","","","","","","","",""
"13343","Sloan","https://en.wikipedia.org/wiki/Sloan_(band)","rock","alternative rock","power pop","indie rock","","","","","","","","",""
"13355","Marie Bergman","https://en.wikipedia.org/wiki/Marie_Bergman","pop","schlager","folk music","jazz","","","","","","","","",""
"13376","Alkaline Trio","https://en.wikipedia.org/wiki/Alkaline_Trio","pop-punk","punk rock","emo","horror punk","","","","","","","","",""
"13378","Rainbow","https://en.wikipedia.org/wiki/Rainbow_(rock_band)","hard rock","heavy metal","","","","","","","","","","",""
"13382","Tom Springfield","https://en.wikipedia.org/wiki/Tom_Springfield","folk","pop","","","","","","","","","","",""
"13389","Heart","https://en.wikipedia.org/wiki/Heart_(band)","rock","hard rock","folk rock","pop rock","","","","","","","","",""
"13390","Ann Wilson","https://en.wikipedia.org/wiki/Ann_Wilson","hard rock","folk rock","pop rock","arena rock","","","","","","","","",""
"13397","Pino Donaggio","https://en.wikipedia.org/wiki/Pino_Donaggio","film score","pop","classical","","","","","","","","","",""
"13398","Vicki Wickham","https://en.wikipedia.org/wiki/Vicki_Wickham","","","","","","","","","","","","",""
"13399","Simon Napier-Bell","https://en.wikipedia.org/wiki/Simon_Napier-Bell","","","","","","","","","","","","",""
"13420","Eddie Brigati","https://en.wikipedia.org/wiki/Eddie_Brigati","rock","soul","blue-eyed soul","","","","","","","","","",""
"13424","Doro","https://en.wikipedia.org/wiki/Doro_(musician)","heavy metal","","","","","","","","","","","",""
"13441","Good Riddance","https://en.wikipedia.org/wiki/Good_Riddance_(band)","melodic hardcore","pop punk","skate punk","hardcore punk","","","","","","","","",""
"13464","Nathaniel D. Hale","https://en.wikipedia.org/wiki/Nate_Dogg","r&b","west coast hip-hop","g-funk","","","","","","","","","",""
"13474","Kenneth Karlin","https://en.wikipedia.org/wiki/Kenneth_Karlin","","","","","","","","","","","","",""
"13475","Soulshock","https://en.wikipedia.org/wiki/Soulshock","pop","r&b","hip hop","","","","","","","","","",""
"13478","Go West","https://en.wikipedia.org/wiki/Go_West_(band)","pop rock","blue-eyed soul","","","","","","","","","","",""
"13482","Rob Fusari","https://en.wikipedia.org/wiki/Rob_Fusari","","","","","","","","","","","","",""
"13512","Helen Ford","https://en.wikipedia.org/wiki/Helen_Ford","","","","","","","","","","","","",""
"13522","RuPaul","https://en.wikipedia.org/wiki/RuPaul","pop","dance","disco house","r&b","","","","","","","","",""
"13526","Jerry Goldsmith","https://en.wikipedia.org/wiki/Jerry_Goldsmith","film score","contemporary classical music","","","","","","","","","","",""
"13542","Mac Davis","https://en.wikipedia.org/wiki/Mac_Davis","country","pop","","","","","","","","","","",""
"13543","All","https://en.wikipedia.org/wiki/All_(band)","pop-punk","punk rock","skate punk","","","","","","","","","",""
"13548","Elliot Lurie","https://en.wikipedia.org/wiki/Elliot_Lurie","country rock","soft rock","pop rock","","","","","","","","","",""
"13567","Peter Criss","https://en.wikipedia.org/wiki/Peter_Criss","hard rock","heavy metal","jazz","swing","","","","","","","","",""
"13594","Mickey Baker","https://en.wikipedia.org/wiki/Mickey_Baker","r&b","jazz","rock","","","","","","","","","",""
"13595","Barry Mason","https://en.wikipedia.org/wiki/Barry_Mason","popular music","","","","","","","","","","","",""
"13596","Les Reed","https://en.wikipedia.org/wiki/Les_Reed_(songwriter)","popular music","classical","","","","","","","","","","",""
"13604","Greg Kihn","https://en.wikipedia.org/wiki/Greg_Kihn","rock","pop rock","power pop","","","","","","","","","",""
"13607","Jim Peterik","https://en.wikipedia.org/wiki/Jim_Peterik","hard rock","aor","smooth jazz","","","","","","","","","",""
"13608","Frankie Sullivan","https://en.wikipedia.org/wiki/Frankie_Sullivan","","","","","","","","","","","","",""
"13609","Huey Lewis","https://en.wikipedia.org/wiki/Huey_Lewis","pop rock","synthpop","rock and roll","blue-eyed soul","","","","","","","","",""
"13615","Peter Wolf","https://en.wikipedia.org/wiki/Peter_Wolf_(producer)","pop rock","classical","","","","","","","","","","",""
"13616","Daryl Hall","https://en.wikipedia.org/wiki/Daryl_Hall","rock","soul","blue-eyed soul","r&b","pop rock","blues rock","soft rock","alternative country","","","","",""
"13621","Bill Berry","https://en.wikipedia.org/wiki/Bill_Berry","alternative rock","folk rock","college rock","jangle pop","","","","","","","","",""
"13622","Peter Buck","https://en.wikipedia.org/wiki/Peter_Buck","alternative rock","folk rock","punk rock","","","","","","","","","",""
"13623","Mike Mills","https://en.wikipedia.org/wiki/Mike_Mills","alternative rock","folk rock","college rock","jangle pop","","","","","","","","",""
"13625","Paul Pena","https://en.wikipedia.org/wiki/Paul_Pena","rock","blues rock","psychedelic rock","tuvan throat singing","","","","","","","","",""
"13636","Novaspace","https://en.wikipedia.org/wiki/Novaspace","eurodance","eurotrance","","","","","","","","","","",""
"13676","Stina Nordenstam","https://en.wikipedia.org/wiki/Stina_Nordenstam","alternative rock","ambient pop","folk","jazz","","","","","","","","",""
"13684","Sharon Sheeley","https://en.wikipedia.org/wiki/Sharon_Sheeley","pop music","","","","","","","","","","","",""
"13685","The Detroit Cobras","https://en.wikipedia.org/wiki/The_Detroit_Cobras","garage rock","garage punk","","","","","","","","","","",""
"13695","Doris Payne","https://en.wikipedia.org/wiki/Doris_Troy","r&b","doo-wop","","","","","","","","","","",""
"13696","Gregory Carroll","https://en.wikipedia.org/wiki/Gregory_Carroll_(R&B_singer)","","","","","","","","","","","","",""
"13697","Rick Springfield","https://en.wikipedia.org/wiki/Rick_Springfield","rock","power pop","hard rock","pop rock","","","","","","","","",""
"13720","Ástor Piazzolla","https://en.wikipedia.org/wiki/Astor_Piazzolla","tango","nuevo tango","","","","","","","","","","",""
"13722","Barry Reynolds","https://en.wikipedia.org/wiki/Barry_Reynolds","","","","","","","","","","","","",""
"13729","Lynise Walters","https://en.wikipedia.org/wiki/Queen_Pen","hip hop","","","","","","","","","","","",""
"13738","Lorna Luft","https://en.wikipedia.org/wiki/Lorna_Luft","","","","","","","","","","","","",""
"13740","Jolina Magdangal","https://en.wikipedia.org/wiki/Jolina_Magdangal","pop","","","","","","","","","","","",""
"13749","Nick Kamen","https://en.wikipedia.org/wiki/Nick_Kamen","pop","rock","","","","","","","","","","",""
"13757","Deborah Allen","https://en.wikipedia.org/wiki/Deborah_Allen","country","country-soul","pop rock","","","","","","","","","",""
"13763","Het Goede Doel","https://en.wikipedia.org/wiki/Het_Goede_Doel","","","","","","","","","","","","",""
"13765","Henk Westbroek","https://en.wikipedia.org/wiki/Henk_Westbroek","","","","","","","","","","","","",""
"13807","Dennis Morgan","https://en.wikipedia.org/wiki/Dennis_Morgan_(songwriter)","","","","","","","","","","","","",""
"13809","Howard Blake","https://en.wikipedia.org/wiki/Howard_Blake","","","","","","","","","","","","",""
"13811","Andrew Ridgeley","https://en.wikipedia.org/wiki/Andrew_Ridgeley","pop","rock","","","","","","","","","","",""
"13820","Calexico","https://en.wikipedia.org/wiki/Calexico_(band)","americana","indie rock","alternative country","indie folk","tejano","post-rock","latin rock","","","","","",""
"13821","Golden Earring","https://en.wikipedia.org/wiki/Golden_Earring","hard rock","blues rock","jazz rock","psychedelic rock","garage rock","","","","","","","",""
"13822","Barry Hay","https://en.wikipedia.org/wiki/Barry_Hay","rock","","","","","","","","","","","",""
"13823","George Kooymans","https://en.wikipedia.org/wiki/George_Kooymans","rock","","","","","","","","","","","",""
"13825","White Lion","https://en.wikipedia.org/wiki/White_Lion","glam metal","hard rock","","","","","","","","","","",""
"13830","Sylvia Vrethammar","https://en.wikipedia.org/wiki/Sylvia_Vrethammar","traditional pop","jazz","schlager","","","","","","","","","",""
"13856","50 cent","https://en.wikipedia.org/wiki/50_Cent","hip hop","","","","","","","","","","","",""
"13878","Barry De Vorzon","https://en.wikipedia.org/wiki/Barry_De_Vorzon","pop","rock","doo-wop","film score","","","","","","","","",""
"13903","Ivan Kral","https://en.wikipedia.org/wiki/Ivan_Král","rock","pop","jazz","alternative rock","garage rock","protopunk","ambient","electronic","","","","",""
"13908","David Arnold","https://en.wikipedia.org/wiki/David_Arnold","film score","","","","","","","","","","","",""
"13910","David McAlmont","https://en.wikipedia.org/wiki/David_McAlmont","","","","","","","","","","","","",""
"13916","Pulp","https://en.wikipedia.org/wiki/Pulp_(band)","britpop","art rock","indie pop","","","","","","","","","",""
"13918","Shara Nelson","https://en.wikipedia.org/wiki/Shara_Nelson","british soul","downtempo","trip hop","","","","","","","","","",""
"13928","Propellerheads","https://en.wikipedia.org/wiki/Propellerheads","big beat","breakbeat","","","","","","","","","","",""
"13934","Terrorgruppe","https://en.wikipedia.org/wiki/Terrorgruppe","punk rock","","","","","","","","","","","",""
"13942","The Bates","https://en.wikipedia.org/wiki/The_Bates","punk rock","","","","","","","","","","","",""
"13948","Tampa Red","https://en.wikipedia.org/wiki/Tampa_Red","chicago blues","hokum","","","","","","","","","","",""
"13964","Harpo","https://en.wikipedia.org/wiki/Harpo_(singer)","pop","rock","schlager","","","","","","","","","",""
"13979","Eric Gales","https://en.wikipedia.org/wiki/Eric_Gales","blues rock","hard rock","heavy metal","","","","","","","","","",""
"13983","Gordon Gano","https://en.wikipedia.org/wiki/Gordon_Gano","folk punk","post-punk","","","","","","","","","","",""
"13996","We Five","https://en.wikipedia.org/wiki/We_Five","folk rock","","","","","","","","","","","",""
"13998","Geoff Stephens","https://en.wikipedia.org/wiki/Geoff_Stephens","pop music","","","","","","","","","","","",""
"14002","New Kids on the Block","https://en.wikipedia.org/wiki/New_Kids_on_the_Block","pop","r&b","teen pop","","","","","","","","","",""
"14017","Diane Warren","https://en.wikipedia.org/wiki/Diane_Warren","pop","r&b","soul","pop rock","middle-of-the-road","","","","","","","",""
"14019","Brad Roberts","https://en.wikipedia.org/wiki/Brad_Roberts","rock","","","","","","","","","","","",""
"14025","TLC","https://en.wikipedia.org/wiki/TLC_(group)","r&b","pop","hip hop","soul","","","","","","","","",""
"14034","Calvin Johnson","https://en.wikipedia.org/wiki/Calvin_Johnson_(musician)","punk rock","lo-fi","indie rock","electro","","","","","","","","",""
"14039","Eels","https://en.wikipedia.org/wiki/Eels_(band)","alternative rock","indie rock","trip hop","","","","","","","","","",""
"14040","TV on the Radio","https://en.wikipedia.org/wiki/TV_on_the_Radio","art rock","indie rock","post-punk revival","electronic","","","","","","","","",""
"14042","Death Cab for Cutie","https://en.wikipedia.org/wiki/Death_Cab_for_Cutie","indie rock","alternative rock","indie pop","emo","","","","","","","","",""
"14062","Roine Stolt","https://en.wikipedia.org/wiki/Roine_Stolt","progressive rock","jazz rock","","","","","","","","","","",""
"14063","Pete Trewavas","https://en.wikipedia.org/wiki/Pete_Trewavas","art rock","progressive rock","","","","","","","","","","",""
"14065","Cherry Poppin' Daddies","https://en.wikipedia.org/wiki/Cherry_Poppin'_Daddies","swing revival","ska","rock","jazz","ska punk","","","","","","","",""
"14069","Nelly","https://en.wikipedia.org/wiki/Nelly","midwestern hip hop","pop rap","r&b","pop","country rap","","","","","","","",""
"14076","The Cramps","https://en.wikipedia.org/wiki/The_Cramps","psychobilly","punk rock","gothabilly","surf","","","","","","","","",""
"14108","Adam Green","https://en.wikipedia.org/wiki/Adam_Green_(musician)","indie rock","anti-folk","indie folk","","","","","","","","","",""
"14112","Tenacious D","https://en.wikipedia.org/wiki/Tenacious_D","comedy rock","acoustic rock","hard rock","heavy metal","","","","","","","","",""
"14117","Stone Gossard","https://en.wikipedia.org/wiki/Stone_Gossard","alternative rock","grunge","glam punk","punk rock","hard rock","heavy metal","glam metal","","","","","",""
"14130","Alex Lloyd","https://en.wikipedia.org/wiki/Alex_Lloyd","pop rock","folk rock","alternative rock","","","","","","","","","",""
"14132","Henri Belolo","https://en.wikipedia.org/wiki/Henri_Belolo","","","","","","","","","","","","",""
"14133","Jacques Morali","https://en.wikipedia.org/wiki/Jacques_Morali","disco","dance","funk","r&b","","","","","","","","",""
"14190","Guster","https://en.wikipedia.org/wiki/Guster","alternative rock","jangle pop","indie rock","","","","","","","","","",""
"14221","The Rembrandts","https://en.wikipedia.org/wiki/The_Rembrandts","alternative rock","pop rock","power pop","jangle pop","","","","","","","","",""
"14227","Allee Willis","https://en.wikipedia.org/wiki/Allee_Willis","","","","","","","","","","","","",""
"14243","Jim Dale","https://en.wikipedia.org/wiki/Jim_Dale","","","","","","","","","","","","",""
"14245","Thunder","https://en.wikipedia.org/wiki/Thunder_(band)","hard rock","","","","","","","","","","","",""
"14256","Melina Mercouri","https://en.wikipedia.org/wiki/Melina_Mercouri","","","","","","","","","","","","",""
"14269","Webb Pierce","https://en.wikipedia.org/wiki/Webb_Pierce","country","honky-tonk","western swing","country gospel","hillbilly","","","","","","","",""
"14272","Sheena Easton","https://en.wikipedia.org/wiki/Sheena_Easton","pop","dance","r&b","","","","","","","","","",""
"14277","The Tea Party","https://en.wikipedia.org/wiki/The_Tea_Party_(band)","progressive rock","alternative rock","","","","","","","","","","",""
"14306","Alan Price","https://en.wikipedia.org/wiki/Alan_Price","rock","blues rock","psychedelic rock","pop","","","","","","","","",""
"14314","Compay Segundo","https://en.wikipedia.org/wiki/Compay_Segundo","trova","","","","","","","","","","","",""
"14329","Cait O'Riordan","https://en.wikipedia.org/wiki/Cait_O'Riordan","folk rock","folk punk","celtic rock","celtic punk","","","","","","","","",""
"14334","Eleni Mandell","https://en.wikipedia.org/wiki/Eleni_Mandell","pop","country","folk","jazz","","","","","","","","",""
"14342","Jimmy Dean","https://en.wikipedia.org/wiki/Jimmy_Dean","country","rockabilly","","","","","","","","","","",""
"14383","Grant-Lee Phillips","https://en.wikipedia.org/wiki/Grant-Lee_Phillips","rock","alternative rock","folk","americana","indie","","","","","","","",""
"14385","Vince Guaraldi","https://en.wikipedia.org/wiki/Vince_Guaraldi","west coast jazz","smooth jazz","latin jazz","bossa nova","soundtrack","","","","","","","",""
"14413","No Fun at All","https://en.wikipedia.org/wiki/No_Fun_at_All","punk rock","melodic hardcore","","","","","","","","","","",""
"14424","Henri Salvador","https://en.wikipedia.org/wiki/Henri_Salvador","jazz","bossa nova","chanson","","","","","","","","","",""
"14457","Yasmine","https://en.wikipedia.org/wiki/Yasmine_(singer)","pop","folk","","","","","","","","","","",""
"14461","Sharon Robinson","https://en.wikipedia.org/wiki/Sharon_Robinson_(musician)","folk","folk rock","rock","adult contemporary","rhythm and blues","easy listening","world","soul","pop","","","",""
"14464","The Scabs","https://en.wikipedia.org/wiki/The_Scabs","","","","","","","","","","","","",""
"14470","Zal Yanovsky","https://en.wikipedia.org/wiki/Zal_Yanovsky","folk","folk rock","rock and roll","","","","","","","","","",""
"14482","Karl Suessdorf","https://en.wikipedia.org/wiki/Karl_Suessdorf","","","","","","","","","","","","",""
"14483","John Blackburn","https://en.wikipedia.org/wiki/John_Blackburn_(songwriter)","","","","","","","","","","","","",""
"14492","Static-X","https://en.wikipedia.org/wiki/Static-X","industrial metal","nu metal","alternative metal","","","","","","","","","",""
"14496","King Sporty","https://en.wikipedia.org/wiki/King_Sporty","","","","","","","","","","","","",""
"14502","The Spiders","https://en.wikipedia.org/wiki/The_Spiders_(Japanese_band)","group sounds","beat","garage rock","","","","","","","","","",""
"14506","Larry Blackmon","https://en.wikipedia.org/wiki/Larry_Blackmon","r&b","soul","funk","disco","","","","","","","","",""
"14508","Korn","https://en.wikipedia.org/wiki/Korn","nu metal","alternative metal","","","","","","","","","","",""
"14535","Bobby Parker","https://en.wikipedia.org/wiki/Bobby_Parker_(guitarist)","blues","blues rock","","","","","","","","","","",""
"14539","Buzzy Linhart","https://en.wikipedia.org/wiki/Buzzy_Linhart","","","","","","","","","","","","",""
"14550","Tricky","https://en.wikipedia.org/wiki/Tricky_(rapper)","trip hop","electronic","experimental hip hop","","","","","","","","","",""
"14570","Terry Hall","https://en.wikipedia.org/wiki/Terry_Hall_(singer)","rock","new wave","ska","","","","","","","","","",""
"14573","Steven Severin","https://en.wikipedia.org/wiki/Steven_Severin","post-punk","gothic rock","alternative rock","new wave","","","","","","","","",""
"14577","Chris Difford","https://en.wikipedia.org/wiki/Chris_Difford","","","","","","","","","","","","",""
"14578","Glenn Tilbrook","https://en.wikipedia.org/wiki/Glenn_Tilbrook","new wave","power pop","","","","","","","","","","",""
"14585","Bernard Lavilliers","https://en.wikipedia.org/wiki/Bernard_Lavilliers","chanson","pop","electro","rock","hard rock","reggae","forr","salsa","bossa nova","","","",""
"14588","Fear Factory","https://en.wikipedia.org/wiki/Fear_Factory","industrial metal","groove metal","death metal","","","","","","","","","",""
"14602","Doug Carn","https://en.wikipedia.org/wiki/Doug_Carn","","","","","","","","","","","","",""
"14608","Ted Shapiro","https://en.wikipedia.org/wiki/Ted_Shapiro","","","","","","","","","","","","",""
"14610","Simon Kirke","https://en.wikipedia.org/wiki/Simon_Kirke","hard rock","blues rock","blues","","","","","","","","","",""
"14612","Tetsu Yamauchi","https://en.wikipedia.org/wiki/Tetsu_Yamauchi","blues rock","free jazz","","","","","","","","","","",""
"14618","Ann Hampton Callaway","https://en.wikipedia.org/wiki/Ann_Hampton_Callaway","jazz","vocal jazz","","","","","","","","","","",""
"14636","Beasley Smith","https://en.wikipedia.org/wiki/Beasley_Smith","","","","","","","","","","","","",""
"14642","Michel Polnareff","https://en.wikipedia.org/wiki/Michel_Polnareff","","","","","","","","","","","","",""
"14658","The Muffs","https://en.wikipedia.org/wiki/The_Muffs","pop punk","power pop","garage punk","","","","","","","","","",""
"14660","Charlotte Caffey","https://en.wikipedia.org/wiki/Charlotte_Caffey","punk rock","pop rock","new wave","","","","","","","","","",""
"14666","Paul Reynolds","https://en.wikipedia.org/wiki/Paul_Reynolds_(musician)","new wave","synth-pop","","","","","","","","","","",""
"14675","Stan Ridgway","https://en.wikipedia.org/wiki/Stan_Ridgway","new wave","western music","electronic","industrial rock","film score","punk rock","","","","","","",""
"14679","Polvo","https://en.wikipedia.org/wiki/Polvo","indie rock","noise rock","math rock","post-hardcore","","","","","","","","",""
"14693","Grant McLennan","https://en.wikipedia.org/wiki/Grant_McLennan","rock","alternative rock","","","","","","","","","","",""
"14699","Edwyn Collins","https://en.wikipedia.org/wiki/Edwyn_Collins","alternative rock","post-punk","new wave","indie pop","","","","","","","","",""
"14717","Jay Geils","https://en.wikipedia.org/wiki/J._Geils","rock","blues","jazz","","","","","","","","","",""
"14722","Fred Koller","https://en.wikipedia.org/wiki/Fred_Koller","","","","","","","","","","","","",""
"14737","Joe Meek","https://en.wikipedia.org/wiki/Joe_Meek","experimental pop","space age pop","rock and roll","outsider","","","","","","","","",""
"14745","Nick Banks","https://en.wikipedia.org/wiki/Nick_Banks","","","","","","","","","","","","",""
"14747","Steve Mackey","https://en.wikipedia.org/wiki/Steve_Mackey","alternative rock","indie rock","britpop","","","","","","","","","",""
"14748","Russell Senior","https://en.wikipedia.org/wiki/Russell_Senior","alternative rock","post-punk","britpop","indie rock","indie pop","art rock","","","","","","",""
"14753","Jorge Calderón","https://en.wikipedia.org/wiki/Jorge_Calderón","rock","","","","","","","","","","","",""
"14762","Carlo Donida","https://en.wikipedia.org/wiki/Carlo_Donida","","","","","","","","","","","","",""
"14768","Patrick Sky","https://en.wikipedia.org/wiki/Patrick_Sky","","","","","","","","","","","","",""
"14793","Angra","https://en.wikipedia.org/wiki/Angra_(band)","power metal","progressive metal","neoclassical metal","","","","","","","","","",""
"14799","Sonny Terry","https://en.wikipedia.org/wiki/Sonny_Terry","piedmont blues","country blues","blues revival","folk-blues","east coast blues","","","","","","","",""
"14802","David J","https://en.wikipedia.org/wiki/David_J","alternative rock","indie folk","gothic rock","post-punk","psychedelic rock","","","","","","","",""
"14803","Peter Murphy","https://en.wikipedia.org/wiki/Peter_Murphy_(musician)","post-punk","gothic rock","alternative rock","world","ambient","experimental","","","","","","",""
"14807","Moon Martin","https://en.wikipedia.org/wiki/Moon_Martin","new wave","power pop","","","","","","","","","","",""
"14810","Chris Ethridge","https://en.wikipedia.org/wiki/Chris_Ethridge","country rock","","","","","","","","","","","",""
"14821","Chris Cross","https://en.wikipedia.org/wiki/Chris_Cross","new wave","art rock","post-punk","synth-pop","glam rock","","","","","","","",""
"14822","Warren Cann","https://en.wikipedia.org/wiki/Warren_Cann","","","","","","","","","","","","",""
"14825","Earl Robinson","https://en.wikipedia.org/wiki/Earl_Robinson","","","","","","","","","","","","",""
"14843","Rodney Jerkins","https://en.wikipedia.org/wiki/Rodney_Jerkins","hip hop","r&b","gospel","pop","","","","","","","","",""
"14883","Oliver Tuku Mtukudzi","https://en.wikipedia.org/wiki/Oliver_Mtukudzi","afro jazz tuku music","","","","","","","","","","","",""
"14901","Rage","https://en.wikipedia.org/wiki/Rage_(German_band)","power metal","heavy metal","speed metal","progressive metal","symphonic metal","","","","","","","",""
"14902","Grave Digger","https://en.wikipedia.org/wiki/Grave_Digger_(band)","heavy metal","power metal","","","","","","","","","","",""
"14904","Iced Earth","https://en.wikipedia.org/wiki/Iced_Earth","power metal","heavy metal","thrash metal","","","","","","","","","",""
"14912","Ensiferum","https://en.wikipedia.org/wiki/Ensiferum","folk metal","viking metal","power metal","melodic death metal","","","","","","","","",""
"14913","Lullacry","https://en.wikipedia.org/wiki/Lullacry","gothic metal","","","","","","","","","","","",""
"14933","Batmobile","https://en.wikipedia.org/wiki/Batmobile_(band)","psychobilly","rockabilly","","","","","","","","","","",""
"14936","Roy Hall","https://en.wikipedia.org/wiki/Roy_Hall_(musician)","rockabilly","rock and roll","","","","","","","","","","",""
"14942","Mick Ralphs","https://en.wikipedia.org/wiki/Mick_Ralphs","hard rock","blues rock","glam rock","","","","","","","","","",""
"14965","The Beautiful South","https://en.wikipedia.org/wiki/The_Beautiful_South","pop rock","","","","","","","","","","","",""
"14974","Rachel Stevens","https://en.wikipedia.org/wiki/Rachel_Stevens","pop","","","","","","","","","","","",""
"14976","Miki Berenyi","https://en.wikipedia.org/wiki/Miki_Berenyi","alternative rock","shoegaze","","","","","","","","","","",""
"14980","Spoon","https://en.wikipedia.org/wiki/Spoon_(band)","indie rock","art rock","post-punk revival","","","","","","","","","",""
"15008","Shadows Fall","https://en.wikipedia.org/wiki/Shadows_Fall","metalcore","thrash metal","melodic death metal","","","","","","","","","",""
"15030","Jim Fuller","https://en.wikipedia.org/wiki/Jim_Fuller_(musician)","","","","","","","","","","","","",""
"15040","Ben Peters","https://en.wikipedia.org/wiki/Ben_Peters","","","","","","","","","","","","",""
"15060","Harry Brooks","https://en.wikipedia.org/wiki/Harry_Brooks_(composer)","","","","","","","","","","","","",""
"15077","Dave Pirner","https://en.wikipedia.org/wiki/Dave_Pirner","alternative rock","grunge","","","","","","","","","","",""
"15079","Lars Frederiksen","https://en.wikipedia.org/wiki/Lars_Frederiksen_and_the_Bastards","punk rock","ska punk","street punk","hardcore punk","oi","","","","","","","",""
"15079","Lars Frederiksen","https://en.wikipedia.org/wiki/Lars_Frederiksen","punk rock","ska punk","street punk","hardcore punk","oi","","","","","","","",""
"15083","Bobby Brown","https://en.wikipedia.org/wiki/Bobby_Brown","r&b","hip-hop","dance","soul","new jack swing","pop","","","","","","",""
"15086","Eric Prydz","https://en.wikipedia.org/wiki/Eric_Prydz","house","techno","progressive house","tech house","","","","","","","","",""
"15096","Fear","https://en.wikipedia.org/wiki/Fear_(band)","punk rock","hardcore punk","","","","","","","","","","",""
"15105","The Tragically Hip","https://en.wikipedia.org/wiki/The_Tragically_Hip","alternative rock","roots rock","folk rock","","","","","","","","","",""
"15112","Phyllis Nelson","https://en.wikipedia.org/wiki/Phyllis_Nelson","dance","r&b","freestyle","","","","","","","","","",""
"15141","Belinda Carlisle","https://en.wikipedia.org/wiki/Belinda_Carlisle","new wave","pop","pop rock","punk rock","","","","","","","","",""
"15142","Ellen Shipley","https://en.wikipedia.org/wiki/Ellen_Shipley","","","","","","","","","","","","",""
"15154","Merrill Moore","https://en.wikipedia.org/wiki/Merrill_Moore_(musician)","","","","","","","","","","","","",""
"15172","Tantric","https://en.wikipedia.org/wiki/Tantric_(band)","post-grunge","alternative rock","","","","","","","","","","",""
"15174","Powerman 5000","https://en.wikipedia.org/wiki/Powerman_5000","industrial metal","nu metal","hard rock","alternative metal","electronic rock","punk rock","","","","","","",""
"15176","Shinedown","https://en.wikipedia.org/wiki/Shinedown","hard rock","alternative metal","post-grunge","alternative rock","pop rock","","","","","","","",""
"15177","Deadsy","https://en.wikipedia.org/wiki/Deadsy","electronic rock","gothic rock","industrial rock","nu metal","","","","","","","","",""
"15179","Roger O'Donnell","https://en.wikipedia.org/wiki/Roger_O'Donnell","post-punk","gothic rock","dark wave","alternative rock","new wave","synthpop","","","","","","",""
"15181","Anberlin","https://en.wikipedia.org/wiki/Anberlin","alternative rock","emo","pop-punk","","","","","","","","","",""
"15192","Rick Astley","https://en.wikipedia.org/wiki/Rick_Astley","pop","dance-pop","blue-eyed soul","","","","","","","","","",""
"15196","Eternal","https://en.wikipedia.org/wiki/Eternal_(group)","r&b","soul","","","","","","","","","","",""
"15197","Richard Marx","https://en.wikipedia.org/wiki/Richard_Marx","pop rock","soft rock","","","","","","","","","","",""
"15217","Nik Kershaw","https://en.wikipedia.org/wiki/Nik_Kershaw","pop","synth-pop","new wave","progressive pop","","","","","","","","",""
"15219","Primal Fear","https://en.wikipedia.org/wiki/Primal_Fear_(band)","power metal","heavy metal","","","","","","","","","","",""
"15222","Jimmy Fontana","https://en.wikipedia.org/wiki/Jimmy_Fontana","","","","","","","","","","","","",""
"15226","Nicola Di Bari","https://en.wikipedia.org/wiki/Nicola_Di_Bari","","","","","","","","","","","","",""
"15232","Fates Warning","https://en.wikipedia.org/wiki/Fates_Warning","progressive metal","heavy metal","","","","","","","","","","",""
"15233","Gamma Ray","https://en.wikipedia.org/wiki/Gamma_Ray_(band)","power metal","heavy metal","speed metal","","","","","","","","","",""
"15237","Chris Andrews","https://en.wikipedia.org/wiki/Chris_Andrews_(singer)","pop","","","","","","","","","","","",""
"15248","Stratovarius","https://en.wikipedia.org/wiki/Stratovarius","power metal","neoclassical metal","symphonic metal","","","","","","","","","",""
"15283","Robert Forster","https://en.wikipedia.org/wiki/Robert_Forster_(musician)","pop","country","indie rock","","","","","","","","","",""
"15287","John Conlee","https://en.wikipedia.org/wiki/John_Conlee","country","","","","","","","","","","","",""
"15293","Bob Neuwirth","https://en.wikipedia.org/wiki/Bob_Neuwirth","","","","","","","","","","","","",""
"15306","Rasta Knast","https://en.wikipedia.org/wiki/Rasta_Knast","deutschpunk","trallpunk","","","","","","","","","","",""
"15310","Neneh Cherry","https://en.wikipedia.org/wiki/Neneh_Cherry","hip-hop","post-punk","trip hop","dance","","","","","","","","",""
"15322","Jody Watley","https://en.wikipedia.org/wiki/Jody_Watley","pop","r&b","hip hop","soul","dance","new jack swing","house","","","","","",""
"15351","Matraca Berg","https://en.wikipedia.org/wiki/Matraca_Berg","country","pop","","","","","","","","","","",""
"15356","Gene Barge","https://en.wikipedia.org/wiki/Gene_Barge","rhythm and blues","rock and roll","","","","","","","","","","",""
"15367","Cameron McVey","https://en.wikipedia.org/wiki/Cameron_McVey","","","","","","","","","","","","",""
"15410","Al Anderson","https://en.wikipedia.org/wiki/Al_Anderson_(NRBQ)","rock","country","","","","","","","","","","",""
"15418","Eduardo Di Capua","https://en.wikipedia.org/wiki/Eduardo_di_Capua","","","","","","","","","","","","",""
"15420","Giovanni Capurro","https://en.wikipedia.org/wiki/Giovanni_Capurro","","","","","","","","","","","","",""
"15432","Johnny Tillotson","https://en.wikipedia.org/wiki/Johnny_Tillotson","country","pop","","","","","","","","","","",""
"15441","Clarence Gaskill","https://en.wikipedia.org/wiki/Clarence_Gaskill","","","","","","","","","","","","",""
"15468","Dewey Bunnell","https://en.wikipedia.org/wiki/Dewey_Bunnell","","","","","","","","","","","","",""
"15496","Van McCoy","https://en.wikipedia.org/wiki/Van_McCoy","disco","r&b","pop","","","","","","","","","",""
"15497","Jerry Chesnut","https://en.wikipedia.org/wiki/Jerry_Chesnut","","","","","","","","","","","","",""
"15520","Josef Myrow","https://en.wikipedia.org/wiki/Josef_Myrow","","","","","","","","","","","","",""
"15584","Harold Adamson","https://en.wikipedia.org/wiki/Harold_Adamson","","","","","","","","","","","","",""
"15601","Bojoura","https://en.wikipedia.org/wiki/Bojoura","","","","","","","","","","","","",""
"15643","Warmen","https://en.wikipedia.org/wiki/Warmen","melodic death metal","power metal","previously","neoclassical metal","power metal","","","","","","","",""
"15645","Uli John Roth","https://en.wikipedia.org/wiki/Uli_Jon_Roth","heavy metal","hard rock","speed metal","neoclassical metal","progressive metal","psychedelic rock","blues rock","","","","","",""
"15661","Groovie Ghoulies","https://en.wikipedia.org/wiki/Groovie_Ghoulies","punk rock","pop punk","horror punk","","","","","","","","","",""
"15673","Herman Brood","https://en.wikipedia.org/wiki/Herman_Brood","rock","","","","","","","","","","","",""
"15690","Sonny Sanders","https://en.wikipedia.org/wiki/Sonny_Sanders","","","","","","","","","","","","",""
"15693","Local H","https://en.wikipedia.org/wiki/Local_H","alternative rock","post-grunge","hard rock","","","","","","","","","",""
"15700","Jeff Ament","https://en.wikipedia.org/wiki/Jeff_Ament","alternative rock","grunge","hardcore punk","hard rock","heavy metal","experimental rock","glam metal","","","","","",""
"15716","Sy Oliver","https://en.wikipedia.org/wiki/Sy_Oliver","jazz","","","","","","","","","","","",""
"15718","Margo Timmins","https://en.wikipedia.org/wiki/Margo_Timmins","","","","","","","","","","","","",""
"15758","Bernie Baum","https://en.wikipedia.org/wiki/Bernie_Baum","","","","","","","","","","","","",""
"15759","Bill Giant","https://en.wikipedia.org/wiki/Bill_Giant","","","","","","","","","","","","",""
"15760","Florence Kaye","https://en.wikipedia.org/wiki/Florence_Kaye","","","","","","","","","","","","",""
"15762","Tony Mansfield","https://en.wikipedia.org/wiki/Tony_Mansfield","synth-pop","rock","","","","","","","","","","",""
"15769","Inner Circle","https://en.wikipedia.org/wiki/Inner_Circle_(band)","reggae","reggae fusion","","","","","","","","","","",""
"15797","Joe Darion","https://en.wikipedia.org/wiki/Joe_Darion","","","","","","","","","","","","",""
"15813","Ministry","https://en.wikipedia.org/wiki/Ministry_(band)","industrial metal","industrial rock","thrash metal","synth-pop","","","","","","","","",""
"15834","Lloyd C. Glenn","https://en.wikipedia.org/wiki/Lloyd_Glenn","","","","","","","","","","","","",""
"15848","Lara Fabian","https://en.wikipedia.org/wiki/Lara_Fabian","french pop","pop rock","acoustic","dance-pop","","","","","","","","",""
"15849","Rick Allison","https://en.wikipedia.org/wiki/Rick_Allison","","","","","","","","","","","","",""
"15853","Johnny Russell","https://en.wikipedia.org/wiki/Johnny_Russell_(singer)","country","","","","","","","","","","","",""
"15893","Thomas Dolby","https://en.wikipedia.org/wiki/Thomas_Dolby","new wave","synth-pop","funk","film music","ambient","post-punk","citation needed","","","","","",""
"15917","John Sykes","https://en.wikipedia.org/wiki/John_Sykes","hard rock","heavy metal","glam metal","","","","","","","","","",""
"15923","Michael Dempsey","https://en.wikipedia.org/wiki/Michael_Dempsey","punk rock","post-punk","new wave","gothic rock","alternative rock","","","","","","","",""
"15937","Minnie Driver","https://en.wikipedia.org/wiki/Minnie_Driver","","","","","","","","","","","","",""
"15949","Martin Atkins","https://en.wikipedia.org/wiki/Martin_Atkins","avant-rock","industrial","post-punk","","","","","","","","","",""
"15950","Wayne Hussey","https://en.wikipedia.org/wiki/Wayne_Hussey","alternative rock","gothic rock","post-punk","indie rock","","","","","","","","",""
"15957","Wire","https://en.wikipedia.org/wiki/Wire_(band)","post-punk","art punk","punk rock","new wave","","","","","","","","",""
"15958","Bruce Gilbert","https://en.wikipedia.org/wiki/Bruce_Gilbert","","","","","","","","","","","","",""
"15960","Robert Gotobed","https://en.wikipedia.org/wiki/Robert_Grey_(musician)","punk rock","art punk","post-punk","experimental rock","","","","","","","","",""
"15961","Gun","https://en.wikipedia.org/wiki/Gun_(band)","hard rock","heavy metal","","","","","","","","","","",""
"15972","Titti Sjöblom","https://en.wikipedia.org/wiki/Titti_Sjöblom","schlager","pop","","","","","","","","","","",""
"15974","Sid Tepper","https://en.wikipedia.org/wiki/Sid_Tepper","","","","","","","","","","","","",""
"15979","The Postal Service","https://en.wikipedia.org/wiki/The_Postal_Service","indietronica","indie pop","synth-pop","emo-pop","","","","","","","","",""
"16004","De Kreuners","https://en.wikipedia.org/wiki/De_Kreuners","rock music","","","","","","","","","","","",""
"16018","Thomas A. Dorsey","https://en.wikipedia.org/wiki/Thomas_A._Dorsey","gospel","blues","","","","","","","","","","",""
"16019","Johnnie Lee Wills","https://en.wikipedia.org/wiki/Johnnie_Lee_Wills","","","","","","","","","","","","",""
"16039","David Barbe","https://en.wikipedia.org/wiki/David_Barbarossa","alternative rock","new wave","electronic","","","","","","","","","",""
"16040","Leigh Gorman","https://en.wikipedia.org/wiki/Leigh_Gorman","rock","new wave","","","","","","","","","","",""
"16042","Clare Grogan","https://en.wikipedia.org/wiki/Clare_Grogan","pop","rock","new wave","","","","","","","","","",""
"16061","Hubert Giraud","https://en.wikipedia.org/wiki/Hubert_Giraud","","","","","","","","","","","","",""
"16069","William Orbit","https://en.wikipedia.org/wiki/William_Orbit","electronic","trip hop","jungle","breakbeat","jazzstep","ambient","techno","drum and bass","downtempo","idm","orchestral","",""
"16083","Big Boi","https://en.wikipedia.org/wiki/Big_Boi","southern hip-hop","progressive rap","funk","","","","","","","","","",""
"16089","Noel Coward","https://en.wikipedia.org/wiki/Noël_Coward","","","","","","","","","","","","",""
"16131","Jane Wiedlin","https://en.wikipedia.org/wiki/Jane_Wiedlin","punk","pop rock","new wave","","","","","","","","","",""
"16137","Bill Haley","https://en.wikipedia.org/wiki/Bill_Haley","rock and roll","rockabilly","western swing","","","","","","","","","",""
"16157","Paul Brady","https://en.wikipedia.org/wiki/Paul_Brady","folk","irish traditional","pop","rock","adult contemporary","","","","","","","",""
"16179","Michael Holm","https://en.wikipedia.org/wiki/Michael_Holm","pop","","","","","","","","","","","",""
"16183","Boy George","https://en.wikipedia.org/wiki/Boy_George","pop","new wave","blue-eyed soul","","","","","","","","","",""
"16195","Rockin' Sidney","https://en.wikipedia.org/wiki/Rockin'_Sidney","r&b","zydeco","soul","swamp blues","","","","","","","","",""
"16219","Doug Ingle","https://en.wikipedia.org/wiki/Doug_Ingle","psychedelic rock","acid rock","hard rock","instrumental","","","","","","","","",""
"16222","Billie Jo Spears","https://en.wikipedia.org/wiki/Billie_Jo_Spears","country","country disco","honky tonk","","","","","","","","","",""
"16223","Gerrit den Braber","https://en.wikipedia.org/wiki/Gerrit_den_Braber","","","","","","","","","","","","",""
"16228","Jan Akkerman","https://en.wikipedia.org/wiki/Jan_Akkerman","progressive rock","rock","blues rock","jazz rock","","","","","","","","",""
"16229","Thijs van Leer","https://en.wikipedia.org/wiki/Thijs_van_Leer","progressive rock","jazz rock","classical rock","","","","","","","","","",""
"16240","Kreator","https://en.wikipedia.org/wiki/Kreator","thrash metal","","","","","","","","","","","",""
"16300","Jimmie Davis","https://en.wikipedia.org/wiki/Jimmie_Davis","","","","","","","","","","","","",""
"16308","Georgia Satellites","https://en.wikipedia.org/wiki/The_Georgia_Satellites","southern rock","hard rock","boogie rock","roots rock","","","","","","","","",""
"16313","Sonny Osborne","https://en.wikipedia.org/wiki/Sonny_Osborne","","","","","","","","","","","","",""
"16330","Carson Whitsett","https://en.wikipedia.org/wiki/Carson_Whitsett","","","","","","","","","","","","",""
"16335","Guano Apes","https://en.wikipedia.org/wiki/Guano_Apes","alternative rock","nu metal","funk metal","","","","","","","","","",""
"16356","2 Belgen","https://en.wikipedia.org/wiki/2_Belgen","new wave","","","","","","","","","","","",""
"16360","Tony Ashton","https://en.wikipedia.org/wiki/Tony_Ashton","rock","","","","","","","","","","","",""
"16363","John Simon","https://en.wikipedia.org/wiki/John_Simon_(record_producer)","","","","","","","","","","","","",""
"16364","Joy Byers","https://en.wikipedia.org/wiki/Joy_Byers","","","","","","","","","","","","",""
"16391","Trummy Young","https://en.wikipedia.org/wiki/Trummy_Young","jazz","","","","","","","","","","","",""
"16393","The Associates","https://en.wikipedia.org/wiki/The_Associates_(band)","post-punk","synth-pop","experimental pop","new wave","","","","","","","","",""
"16396","H.B. Barnum","https://en.wikipedia.org/wiki/H._B._Barnum","","","","","","","","","","","","",""
"16400","André Previn","https://en.wikipedia.org/wiki/André_Previn","","","","","","","","","","","","",""
"16401","Electric Six","https://en.wikipedia.org/wiki/Electric_Six","alternative rock","funk rock","hard rock","glam metal","","","","","","","","",""
"16444","Irving Caesar","https://en.wikipedia.org/wiki/Irving_Caesar","","","","","","","","","","","","",""
"16467","Hank DeVito","https://en.wikipedia.org/wiki/Hank_DeVito","rock","country","","","","","","","","","","",""
"16475","Michel Sardou","https://en.wikipedia.org/wiki/Michel_Sardou","french popular music","","","","","","","","","","","",""
"16485","Ian Samwell","https://en.wikipedia.org/wiki/Ian_Samwell","","","","","","","","","","","","",""
"16486","Patricia Paay","https://en.wikipedia.org/wiki/Patricia_Paay","jazz","disco","folk","pop","","","","","","","","",""
"16505","Denny Doherty","https://en.wikipedia.org/wiki/Denny_Doherty","folk","pop","","","","","","","","","","",""
"16508","Perry Farrell","https://en.wikipedia.org/wiki/Perry_Farrell","alternative rock","hard rock","electronica","","","","","","","","","",""
"16521","Luca Turilli","https://en.wikipedia.org/wiki/Luca_Turilli","","","","","","","","","","","","",""
"16567","The Cryan' Shames","https://en.wikipedia.org/wiki/The_Cryan'_Shames","sunshine pop","psychedelic pop","pop rock","","","","","","","","","",""
"16568","The Applejacks","https://en.wikipedia.org/wiki/The_Applejacks_(British_band)","brumbeat","rock and roll","","","","","","","","","","",""
"16569","Graham Bonnet","https://en.wikipedia.org/wiki/Graham_Bonnet","hard rock","heavy metal","aor","","","","","","","","","",""
"16571","Jackie Edwards","https://en.wikipedia.org/wiki/Jackie_Edwards_(musician)","reggae","","","","","","","","","","","",""
"16579","Bad Manners","https://en.wikipedia.org/wiki/Bad_Manners","ska","two-tone","","","","","","","","","","",""
"16584","The Selecter","https://en.wikipedia.org/wiki/The_Selecter","ska","2 tone","new wave","","","","","","","","","",""
"16586","S Club","https://en.wikipedia.org/wiki/S_Club","pop","dance-pop","teen pop","","","","","","","","","",""
"16593","Brian Setzer","https://en.wikipedia.org/wiki/Brian_Setzer","rockabilly","rock and roll","swing revival","jump blues","","","","","","","","",""
"16624","Mae West","https://en.wikipedia.org/wiki/Mae_West","","","","","","","","","","","","",""
"16629","Gregg Sutton","https://en.wikipedia.org/wiki/Gregg_Sutton","pop","soul","blues","rock","country","","","","","","","",""
"16630","Jamelia","https://en.wikipedia.org/wiki/Jamelia","r&b","pop","hip hop","","","","","","","","","",""
"16631","Eddie Taylor","https://en.wikipedia.org/wiki/Eddie_Taylor","electric blues","","","","","","","","","","","",""
"16642","Lasgo","https://en.wikipedia.org/wiki/Lasgo","trance","edm","","","","","","","","","","",""
"16651","Ja Rule","https://en.wikipedia.org/wiki/Ja_Rule","east coast hip-hop","pop rap","gangsta rap","hardcore hip-hop","political hip-hop","","","","","","","",""
"16686","James Mtume","https://en.wikipedia.org/wiki/James_Mtume","r&b","soul","post-disco","funk","gospel","jazz","","","","","","",""
"16695","Pat Patrick","https://en.wikipedia.org/wiki/Pat_Patrick_(musician)","avant-garde jazz","free jazz","experimental","swing","","","","","","","","",""
"16730","Don Nix","https://en.wikipedia.org/wiki/Don_Nix","memphis soul","blues","rock","","","","","","","","","",""
"16754","Tommy Castro","https://en.wikipedia.org/wiki/Tommy_Castro","blues","soul","southern rock","chicago blues","rock and roll","soul-blues","","","","","","",""
"16783","Carola","https://en.wikipedia.org/wiki/Carola_Häggkvist","pop","gospel","schlager","","","","","","","","","",""
"16785","Mikey Craig","https://en.wikipedia.org/wiki/Mikey_Craig","","","","","","","","","","","","",""
"16786","Roy Hay","https://en.wikipedia.org/wiki/Roy_Hay_(musician)","","","","","","","","","","","","",""
"16787","Jon Moss","https://en.wikipedia.org/wiki/Jon_Moss","punk rock","new wave","pop rock","","","","","","","","","",""
"16802","Melissa Auf der Maur","https://en.wikipedia.org/wiki/Melissa_Auf_der_Maur","alternative rock","","","","","","","","","","","",""
"16808","Daniel Vangarde","https://en.wikipedia.org/wiki/Daniel_Vangarde","","","","","","","","","","","","",""
"16828","Johnny Cymbal","https://en.wikipedia.org/wiki/Johnny_Cymbal","pop","","","","","","","","","","","",""
"16852","John Farnham","https://en.wikipedia.org/wiki/John_Farnham","pop rock","adult contemporary","soft rock","soul music","r&b","","","","","","","",""
"16856","Hilary Duff","https://en.wikipedia.org/wiki/Hilary_Duff","pop","dance","rock","","","","","","","","","",""
"16929","Bruce Willis","https://en.wikipedia.org/wiki/Bruce_Willis","","","","","","","","","","","","",""
"16952","Fred Fisher","https://en.wikipedia.org/wiki/Fred_Fisher","","","","","","","","","","","","",""
"16969","Katie Melua","https://en.wikipedia.org/wiki/Katie_Melua","blues","folk-pop","jazz","easy listening","","","","","","","","",""
"16993","Trevor Rabin","https://en.wikipedia.org/wiki/Trevor_Rabin","progressive rock","hard rock","pop","jazz fusion","classical","film score","","","","","","",""
"17000","Neal Schon","https://en.wikipedia.org/wiki/Neal_Schon","hard rock","instrumental rock","progressive rock","jazz fusion","glam metal","","","","","","","",""
"17008","Jimmy Wisner","https://en.wikipedia.org/wiki/Jimmy_Wisner","jazz","pop","","","","","","","","","","",""
"17014","Fish","https://en.wikipedia.org/wiki/Fish_(singer)","rock","neo-prog","art rock","pop","","","","","","","","",""
"17020","Shel Silverstein","https://en.wikipedia.org/wiki/Shel_Silverstein","childrens fiction","dark comedy","","","","","","","","","","",""
"17023","Willard Robison","https://en.wikipedia.org/wiki/Willard_Robison","jazz","","","","","","","","","","","",""
"17028","Brian Cadd","https://en.wikipedia.org/wiki/Brian_Cadd","country rock","rock","folk rock","folk music","","","","","","","","",""
"17049","The Briefs","https://en.wikipedia.org/wiki/The_Briefs","punk rock","","","","","","","","","","","",""
"17055","Mel London","https://en.wikipedia.org/wiki/Mel_London","blues","r&b","","","","","","","","","","",""
"17062","Mickey Jupp","https://en.wikipedia.org/wiki/Mickey_Jupp","rock","pub rock","rhythm and blues","","","","","","","","","",""
"17074","Boy Meets Girl","https://en.wikipedia.org/wiki/Boy_Meets_Girl_(band)","pop rock","adult contemporary","","","","","","","","","","",""
"17089","Miriam Makeba","https://en.wikipedia.org/wiki/Miriam_Makeba","marabi","world","afropop","jazz","township","","","","","","","",""
"17102","Ian Gomm","https://en.wikipedia.org/wiki/Ian_Gomm","","","","","","","","","","","","",""
"17111","James Hanley","https://en.wikipedia.org/wiki/James_F._Hanley","","","","","","","","","","","","",""
"17135","7 Seconds","https://en.wikipedia.org/wiki/7_Seconds_(band)","hardcore punk","","","","","","","","","","","",""
"17137","Heaven 17","https://en.wikipedia.org/wiki/Heaven_17","synth-pop","electropop","electronic","new wave","","","","","","","","",""
"17138","Annabella Lwin","https://en.wikipedia.org/wiki/Annabella_Lwin","alternative rock","new wave","pop","","","","","","","","","",""
"17152","Ofra Haza","https://en.wikipedia.org/wiki/Ofra_Haza","world","ethnic electronica","synth-pop","soft rock","mizrahi","middle eastern","","","","","","",""
"17164","Paul Kennerley","https://en.wikipedia.org/wiki/Paul_Kennerley","country music","","","","","","","","","","","",""
"17174","Kelly Gordon","https://en.wikipedia.org/wiki/Kelly_Gordon","","","","","","","","","","","","",""
"17215","The Alarm","https://en.wikipedia.org/wiki/The_Alarm","alternative rock","new wave","post-punk","","","","","","","","","",""
"17231","Bang Tango","https://en.wikipedia.org/wiki/Bang_Tango","hard rock","funk rock","glam metal","","","","","","","","","",""
"17237","Peter Tosh","https://en.wikipedia.org/wiki/Peter_Tosh","reggae","ska","rocksteady","","","","","","","","","",""
"17256","Aaron Copland","https://en.wikipedia.org/wiki/Aaron_Copland","","","","","","","","","","","","",""
"17258","Gloria Lynne","https://en.wikipedia.org/wiki/Gloria_Lynne","jazz","","","","","","","","","","","",""
"17263","Lighthouse Family","https://en.wikipedia.org/wiki/Lighthouse_Family","pop soul","r&b","lounge","easy listening","","","","","","","","",""
"17264","Keith Stegall","https://en.wikipedia.org/wiki/Keith_Stegall","country","","","","","","","","","","","",""
"17309","David Guetta","https://en.wikipedia.org/wiki/David_Guetta","edm","house","dance-pop","future rave","","","","","","","","",""
"17322","Alberto Domínguez","https://en.wikipedia.org/wiki/Alberto_Domínguez_(composer)","","","","","","","","","","","","",""
"17350","Doug Sahm","https://en.wikipedia.org/wiki/Doug_Sahm","tejanotex-mex","country","rock","blues","rhythm and blues","","","","","","","",""
"17358","Christy Moore","https://en.wikipedia.org/wiki/Christy_Moore","folk","traditional irish","","","","","","","","","","",""
"17368","Scott McKenzie","https://en.wikipedia.org/wiki/Scott_McKenzie","pop","","","","","","","","","","","",""
"17393","Mike d'Abo","https://en.wikipedia.org/wiki/Mike_d'Abo","rock","pop","folk","","","","","","","","","",""
"17402","Jimmie Rodgers [1]","https://en.wikipedia.org/wiki/Jimmie_Rodgers_(pop_singer)","folk","traditional pop","rock and roll","rockabilly","country","","","","","","","",""
"17404","Stan Jones","https://en.wikipedia.org/wiki/Stan_Jones_(songwriter)","","","","","","","","","","","","",""
"17432","Lauryn Hill","https://en.wikipedia.org/wiki/Lauryn_Hill","hip-hop","soul","reggae","r&b","","","","","","","","",""
"17460","Can","https://en.wikipedia.org/wiki/Can_(band)","krautrock","experimental rock","avant-funk","art rock","psychedelic funk","","","","","","","",""
"17464","Irmin Schmidt","https://en.wikipedia.org/wiki/Irmin_Schmidt","","","","","","","","","","","","",""
"17529","Sen Dog","https://en.wikipedia.org/wiki/Sen_Dog","west coast hip hop","rap rock","rap metal","nu metal","","","","","","","","",""
"17543","Louise","https://en.wikipedia.org/wiki/Louise_Redknapp","r&b","pop","hip hop","dance-pop","blue-eyed soul","","","","","","","",""
"17571","The Mars Volta","https://en.wikipedia.org/wiki/The_Mars_Volta","progressive rock","experimental rock","post-hardcore","psychedelic rock","art rock","jazz fusion","","","","","","",""
"17579","Elgie Stover","https://en.wikipedia.org/wiki/Elgie_Stover","r&b","soul","","","","","","","","","","",""
"17591","Akon","https://en.wikipedia.org/wiki/Akon","r&b","hip-hop","pop","dance-pop","","","","","","","","",""
"17614","Alain Boublil","https://en.wikipedia.org/wiki/Alain_Boublil","","","","","","","","","","","","",""
"17631","Michael Berrin","https://en.wikipedia.org/wiki/MC_Serch","east coast hip-hop","golden age hip-hop","","","","","","","","","","",""
"17632","Peter J. Nash","https://en.wikipedia.org/wiki/Pete_Nice","east coast hip hop","golden age hip hop","","","","","","","","","","",""
"17658","Walter Afanasieff","https://en.wikipedia.org/wiki/Walter_Afanasieff","soul","rhythm and blues","pop","pop rock","classical","latin","","","","","","",""
"17666","Brendan Gamble","https://en.wikipedia.org/wiki/Brendan_Gamble","","","","","","","","","","","","",""
"17670","Supergrass","https://en.wikipedia.org/wiki/Supergrass","britpop","alternative rock","","","","","","","","","","",""
"17672","Stephen Trask","https://en.wikipedia.org/wiki/Stephen_Trask","","","","","","","","","","","","",""
"17679","Jon Randall","https://en.wikipedia.org/wiki/Jon_Randall","country","","","","","","","","","","","",""
"17680","Jeff Black","https://en.wikipedia.org/wiki/Jeff_Black_(singer)","americana","bluegrass","folk","","","","","","","","","",""
"17681","Juluka","https://en.wikipedia.org/wiki/Juluka","world","folk","zulu","maskanda","mbaqanga","rock","","","","","","",""
"17682","Johnny Clegg","https://en.wikipedia.org/wiki/Johnny_Clegg","mbaqanga","maskandi","afro-pop","zulu music","acoustic rock","alternative rock","indie rock","pop rock","world","folk","","",""
"17690","Fred E. Ahlert","https://en.wikipedia.org/wiki/Fred_Ahlert","","","","","","","","","","","","",""
"17729","Ralph J. Burns","https://en.wikipedia.org/wiki/Ralph_Burns","jazz","","","","","","","","","","","",""
"17735","Frou Frou","https://en.wikipedia.org/wiki/Frou_Frou_(band)","electronic","pop","","","","","","","","","","",""
"17741","Danyel Gérard","https://en.wikipedia.org/wiki/Danyel_Gérard","french pop","rock and roll","","","","","","","","","","",""
"17762","Albert E. Brumley","https://en.wikipedia.org/wiki/Albert_E._Brumley","christian","","","","","","","","","","","",""
"17769","Teddy Randazzo","https://en.wikipedia.org/wiki/Teddy_Randazzo","pop","","","","","","","","","","","",""
"17773","Emilíana Torrini","https://en.wikipedia.org/wiki/Emilíana_Torrini","indie pop","alternative rock","trip hop","electronica","","","","","","","","",""
"17795","Prussian Blue","https://en.wikipedia.org/wiki/Prussian_Blue_(duo)","pop","pop rock","folk rock","","","","","","","","","",""
"17805","Sam Phillips [1]","https://en.wikipedia.org/wiki/Sam_Phillips_(musician)","alternative rock","pop","","","","","","","","","","",""
"17817","The Raveonettes","https://en.wikipedia.org/wiki/The_Raveonettes","indie rock","noise pop","garage rock","shoegazing","post-punk revival","","","","","","","",""
"17857","Manuel Göttsching","https://en.wikipedia.org/wiki/Manuel_Göttsching","krautrock","electronic","space rock","minimalism","ambient","experimental","","","","","","",""
"17864","Zequinha de Abreu","https://en.wikipedia.org/wiki/Zequinha_de_Abreu","","","","","","","","","","","","",""
"17866","Michael Anthony Banks","https://en.wikipedia.org/wiki/Mike_Banks_(musician)","","","","","","","","","","","","",""
"17871","Jonathan Sharp","https://en.wikipedia.org/wiki/Jonny_Dollar","trip hop","pop","","","","","","","","","","",""
"17892","Sufjan Stevens","https://en.wikipedia.org/wiki/Sufjan_Stevens","indie folk","chamber pop","folktronica","indie rock","electronica","","","","","","","",""
"17899","Breaking Benjamin","https://en.wikipedia.org/wiki/Breaking_Benjamin","hard rock","post-grunge","alternative metal","alternative rock","","","","","","","","",""
"17900","Jason Mraz","https://en.wikipedia.org/wiki/Jason_Mraz","folk-pop","surf rock","pop rock","blue-eyed soul","","","","","","","","",""
"17904","Sum 41","https://en.wikipedia.org/wiki/Sum_41","pop-punk","skate punk","punk rock","alternative metal","melodic hardcore","alternative rock","","","","","","",""
"17910","Martina McBride","https://en.wikipedia.org/wiki/Martina_McBride","country","country pop","","","","","","","","","","",""
"17934","Dick Blakeslee","https://en.wikipedia.org/wiki/Dick_Blakeslee","","","","","","","","","","","","",""
"17970","Mark Kelly","https://en.wikipedia.org/wiki/Mark_Kelly_(keyboardist)","art rock","neo-prog","pop rock","","","","","","","","","",""
"17971","Ian Mosley","https://en.wikipedia.org/wiki/Ian_Mosley","neo-prog","","","","","","","","","","","",""
"17974","Jon Anderson","https://en.wikipedia.org/wiki/Jon_Anderson","progressive rock","symphonic rock","pop rock","new-age","","","","","","","","",""
"17975","Chris Squire","https://en.wikipedia.org/wiki/Chris_Squire","progressive rock","symphonic rock","art rock","","","","","","","","","",""
"17977","Rick Davies","https://en.wikipedia.org/wiki/Rick_Davies","progressive rock","pop rock","art rock","blues","","","","","","","","",""
"17978","Roger Hodgson","https://en.wikipedia.org/wiki/Roger_Hodgson","progressive rock","pop rock","art rock","soft rock","","","","","","","","",""
"17980","Chris Hughes","https://en.wikipedia.org/wiki/Chris_Hughes_(musician)","","","","","","","","","","","","",""
"18033","Maxïmo Park","https://en.wikipedia.org/wiki/Maxïmo_Park","indie rock","post-punk revival","alternative rock","electronic rock","","","","","","","","",""
"18051","Maxwell Davis","https://en.wikipedia.org/wiki/Maxwell_Davis","swing","jazz","rhythm and blues","urban blues","","","","","","","","",""
"18053","Eddie Kirkland","https://en.wikipedia.org/wiki/Eddie_Kirkland","blues","soul","","","","","","","","","","",""
"18059","Nat Stuckey","https://en.wikipedia.org/wiki/Nat_Stuckey","country","","","","","","","","","","","",""
"18091","Eddie Boyd","https://en.wikipedia.org/wiki/Eddie_Boyd","blues","","","","","","","","","","","",""
"18132","Steve Tyrell","https://en.wikipedia.org/wiki/Steve_Tyrell","jazz","pop","rock","","","","","","","","","",""
"18133","Lew Spence","https://en.wikipedia.org/wiki/Lew_Spence","","","","","","","","","","","","",""
"18144","Positive K","https://en.wikipedia.org/wiki/Positive_K","hip hop","","","","","","","","","","","",""
"18153","Styx","https://en.wikipedia.org/wiki/Styx_(band)","progressive rock","art rock","hard rock","arena rock","pop rock","","","","","","","",""
"18154","Tia Carrere","https://en.wikipedia.org/wiki/Tia_Carrere","hawaiian","","","","","","","","","","","",""
"18157","Sandy Farina","https://en.wikipedia.org/wiki/Sandy_Farina","","","","","","","","","","","","",""
"18167","Robin Gibb","https://en.wikipedia.org/wiki/Robin_Gibb","rock","soul","disco","pop","new wave","","","","","","","",""
"18168","Steve Martin","https://en.wikipedia.org/wiki/Steve_Martin","improvisational comedy","musical comedy","physical comedy","sketch comedy","word play","satire","","","","","","",""
"18191","Richard Adler","https://en.wikipedia.org/wiki/Richard_Adler","","","","","","","","","","","","",""
"18202","Don Robertson","https://en.wikipedia.org/wiki/Don_Robertson_(composer)","","","","","","","","","","","","",""
"18216","The Walkmen","https://en.wikipedia.org/wiki/The_Walkmen","indie rock","post-punk revival","garage rock","art rock","","","","","","","","",""
"18217","Rogue Wave","https://en.wikipedia.org/wiki/Rogue_Wave_(band)","indie rock","lo-fi","","","","","","","","","","",""
"18218","The Dandy Warhols","https://en.wikipedia.org/wiki/The_Dandy_Warhols","neo-psychedelia","alternative rock","shoegaze","power pop","garage rock","","","","","","","",""
"18224","Billy Eckstine","https://en.wikipedia.org/wiki/Billy_Eckstine","jazz","","","","","","","","","","","",""
"18232","Bill Champlin","https://en.wikipedia.org/wiki/Bill_Champlin","rock","blues","r&b","","","","","","","","","",""
"18233","Jay Graydon","https://en.wikipedia.org/wiki/Jay_Graydon","","","","","","","","","","","","",""
"18251","Carmen Lombardo","https://en.wikipedia.org/wiki/Carmen_Lombardo","","","","","","","","","","","","",""
"18254","Robert Allen","https://en.wikipedia.org/wiki/Robert_Allen_(song_composer)","","","","","","","","","","","","",""
"18263","Mike Leeson","https://en.wikipedia.org/wiki/Michael_J._Leeson","","","","","","","","","","","","",""
"18268","Kate Pierson","https://en.wikipedia.org/wiki/Kate_Pierson","rock","new wave","","","","","","","","","","",""
"18270","Keith Strickland","https://en.wikipedia.org/wiki/Keith_Strickland","new wave","rock and roll","alternative rock","punk rock","pop rock","","","","","","","",""
"18272","Cindy Wilson","https://en.wikipedia.org/wiki/Cindy_Wilson","new wave","alternative rock","","","","","","","","","","",""
"18283","Koen Wauters","https://en.wikipedia.org/wiki/Koen_Wauters","pop music","","","","","","","","","","","",""
"18304","Element of Crime","https://en.wikipedia.org/wiki/Element_of_Crime","rock","","","","","","","","","","","",""
"18381","The Maytals","https://en.wikipedia.org/wiki/Toots_and_the_Maytals","ska","rocksteady","reggae","","","","","","","","","",""
"18384","Sister Rosetta Tharpe","https://en.wikipedia.org/wiki/Sister_Rosetta_Tharpe","blues","gospel","rhythm and blues","jazz","rock and roll","","","","","","","",""
"18400","Peggy March","https://en.wikipedia.org/wiki/Peggy_March","","","","","","","","","","","","",""
"18409","Ian Dench","https://en.wikipedia.org/wiki/Ian_Dench","","","","","","","","","","","","",""
"18415","House of Pain","https://en.wikipedia.org/wiki/House_of_Pain","hip hop","","","","","","","","","","","",""
"18417","Peter Lind Hayes","https://en.wikipedia.org/wiki/Peter_Lind_Hayes","","","","","","","","","","","","",""
"18432","Eve","https://en.wikipedia.org/wiki/Eve_(rapper)","hip hop","","","","","","","","","","","",""
"18447","Fall Out Boy","https://en.wikipedia.org/wiki/Fall_Out_Boy","pop-punk","pop rock","emo","alternative rock","","","","","","","","",""
"18459","Jane Siberry","https://en.wikipedia.org/wiki/Jane_Siberry","","","","","","","","","","","","",""
"18463","Debbie Harry","https://en.wikipedia.org/wiki/Debbie_Harry","rock","new wave","punk rock","disco","pop","hip-hop","","","","","","",""
"18528","Freddy Fender","https://en.wikipedia.org/wiki/Freddy_Fender","tejano","country","rock","swamp pop","","","","","","","","",""
"18547","Tillman Franks","https://en.wikipedia.org/wiki/Tillman_Franks","","","","","","","","","","","","",""
"18553","Greg Dulli","https://en.wikipedia.org/wiki/Greg_Dulli","rock","alternative rock","grunge","indie rock","","","","","","","","",""
"18581","James Bracken","https://en.wikipedia.org/wiki/James_Bracken","","","","","","","","","","","","",""
"18582","Hy Heath","https://en.wikipedia.org/wiki/Hy_Heath","","","","","","","","","","","","",""
"18585","Michael Kamen","https://en.wikipedia.org/wiki/Michael_Kamen","film score","rock","pop","","","","","","","","","",""
"18608","Marvin Rainwater","https://en.wikipedia.org/wiki/Marvin_Rainwater","country","pop","rockabilly","","","","","","","","","",""
"18612","Cal Smith","https://en.wikipedia.org/wiki/Cal_Smith","country","","","","","","","","","","","",""
"18669","Del Amitri","https://en.wikipedia.org/wiki/Del_Amitri","alternative rock","pop rock","jangle pop","roots rock","folk rock","","","","","","","",""
"18671","Hi-Standard","https://en.wikipedia.org/wiki/Hi-Standard","melodic hardcore","punk rock","hardcore punk","pop punk","","","","","","","","",""
"18672","Negativland","https://en.wikipedia.org/wiki/Negativland","experimental rock","sound collage","industrial","plunderphonics","","","","","","","","",""
"18728","The Fuzztones","https://en.wikipedia.org/wiki/The_Fuzztones","garage rock revival","psychedelic rock","","","","","","","","","","",""
"18732","Guy Chadwick","https://en.wikipedia.org/wiki/Guy_Chadwick","alternative rock","","","","","","","","","","","",""
"18758","Peter Yarrow","https://en.wikipedia.org/wiki/Peter_Yarrow","folk","","","","","","","","","","","",""
"18762","Mal","https://en.wikipedia.org/wiki/Mal_(singer)","beat","","","","","","","","","","","",""
"18774","Roy C. Bennett","https://en.wikipedia.org/wiki/Roy_C._Bennett","","","","","","","","","","","","",""
"18785","Miki Del Prete","https://en.wikipedia.org/wiki/Miki_Del_Prete","","","","","","","","","","","","",""
"18791","Didier Barbelivien","https://en.wikipedia.org/wiki/Didier_Barbelivien","pop music","","","","","","","","","","","",""
"18814","Nico Fidenco","https://en.wikipedia.org/wiki/Nico_Fidenco","pop","","","","","","","","","","","",""
"18837","Dorival Caymmi","https://en.wikipedia.org/wiki/Dori_Caymmi","latin jazz","bossa nova","mpb","","","","","","","","","",""
"18838","Nelson Motta","https://en.wikipedia.org/wiki/Nelson_Motta","brazilian rock","mpb","","","","","","","","","","",""
"18851","The (International) Noise Conspiracy","https://en.wikipedia.org/wiki/The_(International)_Noise_Conspiracy","garage rock","garage punk","post-punk revival","indie rock","power pop","","","","","","","",""
"18856","Bob Hund","https://en.wikipedia.org/wiki/Bob_Hund","indie rock","","","","","","","","","","","",""
"18862","Justin Sane","https://en.wikipedia.org/wiki/Justin_Sane","punk rock","hardcore punk","skate punk","anarcho-punk","","","","","","","","",""
"18887","Savatage","https://en.wikipedia.org/wiki/Savatage","heavy metal","progressive metal","power metal","","","","","","","","","",""
"18901","Ken Hensley","https://en.wikipedia.org/wiki/Ken_Hensley","hard rock","progressive rock","soft rock","heavy metal","southern rock","","","","","","","",""
"18907","Hal Davis","https://en.wikipedia.org/wiki/Hal_Davis","rhythm and blues","","","","","","","","","","","",""
"18940","Terveet Kädet","https://en.wikipedia.org/wiki/Terveet_Kädet","","","","","","","","","","","","",""
"18979","Rob DuPrey","https://en.wikipedia.org/wiki/Rob_Duprey","punk rock","rock music","","","","","","","","","","",""
"18999","Franz Ferdinand","https://en.wikipedia.org/wiki/Franz_Ferdinand_(band)","indie rock","post-punk revival","dance-rock","art rock","","","","","","","","",""
"19001","Cat Power","https://en.wikipedia.org/wiki/Cat_Power","indie rock","folk rock","electric blues","alternative rock","lo-fi","sadcore","","","","","","",""
"19004","Jarvis Cocker","https://en.wikipedia.org/wiki/Jarvis_Cocker","alternative rock","post-punk","britpop","indie rock","art rock","","","","","","","",""
"19011","Gonzales","https://en.wikipedia.org/wiki/Chilly_Gonzales","","","","","","","","","","","","",""
"19016","The Kills","https://en.wikipedia.org/wiki/The_Kills","indie rock","garage rock","blues rock","lo-fi","","","","","","","","",""
"19017","Carla Bruni","https://en.wikipedia.org/wiki/Carla_Bruni","chanson","french music","","","","","","","","","","",""
"19024","Dennis Wilson","https://en.wikipedia.org/wiki/Dennis_Wilson","rock","pop","","","","","","","","","","",""
"19068","Enrico Rava","https://en.wikipedia.org/wiki/Enrico_Rava","avant-garde jazz","","","","","","","","","","","",""
"19103","Nancy Wilson [1]","https://en.wikipedia.org/wiki/Nancy_Wilson_(rock_musician)","hard rock","folk rock","pop rock","arena rock","","","","","","","","",""
"19121","Ted Grouya","https://en.wikipedia.org/wiki/Ted_Grouya","","","","","","","","","","","","",""
"19140","The Adicts","https://en.wikipedia.org/wiki/The_Adicts","punk rock","punk pathetique","new wave","","","","","","","","","",""
"19156","The Lurkers","https://en.wikipedia.org/wiki/The_Lurkers","punk rock","new wave","pop-punk","","","","","","","","","",""
"19175","Luigi Albertelli","https://en.wikipedia.org/wiki/Luigi_Albertelli","","","","","","","","","","","","",""
"19179","Rihanna","https://en.wikipedia.org/wiki/Rihanna","r&b","pop","dance","","","","","","","","","",""
"19180","Evan """"Kidd"""" Bogart","https://en.wikipedia.org/wiki/E._Kidd_Bogart","pop","r&b","pop rock","","","","","","","","","",""
"19183","Tommy Hall","https://en.wikipedia.org/wiki/Tommy_Hall_(musician)","","","","","","","","","","","","",""
"19206","Christopher Wongwon","https://en.wikipedia.org/wiki/Fresh_Kid_Ice","","","","","","","","","","","","",""
"19207","Slipknot","https://en.wikipedia.org/wiki/Slipknot_(band)","nu metal","alternative metal","groove metal","","","","","","","","","",""
"19219","Alice in Chains","https://en.wikipedia.org/wiki/Alice_in_Chains","grunge","alternative metal","heavy metal","alternative rock","sludge metal","","","","","","","",""
"19220","Jerry Cantrell","https://en.wikipedia.org/wiki/Jerry_Cantrell","alternative metal","grunge","heavy metal","doom metal","sludge metal","hard rock","","","","","","",""
"19221","Sean Kinney","https://en.wikipedia.org/wiki/Sean_Kinney","grunge","alternative metal","heavy metal","sludge metal","hard rock","","","","","","","",""
"19222","Layne Staley","https://en.wikipedia.org/wiki/Layne_Staley","grunge","alternative metal","alternative rock","hard rock","glam metal","","","","","","","",""
"19241","Kenny G.","https://en.wikipedia.org/wiki/Kenny_G","adult contemporary","smooth jazz","easy listening","","","","","","","","","",""
"19245","Glen Ballard","https://en.wikipedia.org/wiki/Glen_Ballard","pop","rock","r&b","","","","","","","","","",""
"19246","Bell Biv DeVoe","https://en.wikipedia.org/wiki/Bell_Biv_DeVoe","r&b","hip hop","new jack swing","","","","","","","","","",""
"19251","The Killers","https://en.wikipedia.org/wiki/The_Killers","alternative rock","indie rock","post-punk revival","new wave","heartland rock","pop rock","","","","","","",""
"19264","Lena Horne","https://en.wikipedia.org/wiki/Lena_Horne","r&b","soul","broadway","traditional pop","vocal jazz","","","","","","","",""
"19287","Jack Nitzsche","https://en.wikipedia.org/wiki/Jack_Nitzsche","pop","rock","surf","classical","avant-garde","","","","","","","",""
"19288","Eagles of Death Metal","https://en.wikipedia.org/wiki/Eagles_of_Death_Metal","garage rock","hard rock","alternative rock","desert rock","blues rock","rockabilly","","","","","","",""
"19322","Great Big Sea","https://en.wikipedia.org/wiki/Great_Big_Sea","celtic rock","folk rock","","","","","","","","","","",""
"19326","Tegan and Sara","https://en.wikipedia.org/wiki/Tegan_and_Sara","indie pop","indie folk","synth-pop","indie rock","pop","","","","","","","",""
"19338","Rachael Sage","https://en.wikipedia.org/wiki/Rachael_Sage","pop","folk","rock","","","","","","","","","",""
"19366","Joseph E. Howard","https://en.wikipedia.org/wiki/Joseph_E._Howard","musical theatre","","","","","","","","","","","",""
"19368","My Bloody Valentine","https://en.wikipedia.org/wiki/My_Bloody_Valentine_(band)","shoegaze","noise pop","dream pop","experimental rock","neo-psychedelia","post-punk","","","","","","",""
"19382","Phantom Planet","https://en.wikipedia.org/wiki/Phantom_Planet","alternative rock","garage rock","pop rock","power pop","","","","","","","","",""
"19383","Yello","https://en.wikipedia.org/wiki/Yello","synth-pop","new wave","electro-pop","techno","electronic","","","","","","","",""
"19384","Boris Blank","https://en.wikipedia.org/wiki/Boris_Blank_(musician)","electronic","","","","","","","","","","","",""
"19385","Dieter Meier","https://en.wikipedia.org/wiki/Dieter_Meier","electronic","","","","","","","","","","","",""
"19389","Gang Starr","https://en.wikipedia.org/wiki/Gang_Starr","hip-hop","jazz rap","","","","","","","","","","",""
"19401","John Goodman","https://en.wikipedia.org/wiki/John_Goodman","","","","","","","","","","","","",""
"19411","U.K.","https://en.wikipedia.org/wiki/U.K._(band)","progressive rock","art rock","","","","","","","","","","",""
"19413","John Wetton","https://en.wikipedia.org/wiki/John_Wetton","progressive rock","hard rock","pop rock","jazz fusion","","","","","","","","",""
"19414","David Coverdale","https://en.wikipedia.org/wiki/David_Coverdale","hard rock","blues rock","heavy metal","blue-eyed soul","","","","","","","","",""
"19416","Joe Brooks","https://en.wikipedia.org/wiki/Joseph_Brooks_(songwriter)","pop","score","jingle","","","","","","","","","",""
"19426","Mauro Malavasi","https://en.wikipedia.org/wiki/Mauro_Malavasi","","","","","","","","","","","","",""
"19443","Josh Caterer","https://en.wikipedia.org/wiki/Josh_Caterer","","","","","","","","","","","","",""
"19458","Cliff Bennett","https://en.wikipedia.org/wiki/Cliff_Bennett_and_the_Rebel_Rousers","","","","","","","","","","","","",""
"19461","Till Lindemann","https://en.wikipedia.org/wiki/Till_Lindemann","neue deutsche hrte","industrial metal","","","","","","","","","","",""
"19477","Lisa Dalbello","https://en.wikipedia.org/wiki/Dalbello","early years","pop","soul","funk","pop rock","later years","rock","alternative rock","heavy metal","progressive rock","art pop","",""
"19491","Wayne Jackson","https://en.wikipedia.org/wiki/Wayne_Jackson_(musician)","rhythm & blues","soul","","","","","","","","","","",""
"19506","Carnie Wilson","https://en.wikipedia.org/wiki/Carnie_Wilson","pop","pop rock","","","","","","","","","","",""
"19507","The BossHoss","https://en.wikipedia.org/wiki/The_BossHoss","country rock","pop","rock","","","","","","","","","",""
"19558","Lil Green","https://en.wikipedia.org/wiki/Lil_Green","blues","","","","","","","","","","","",""
"19578","Sam Stept","https://en.wikipedia.org/wiki/Sam_H._Stept","","","","","","","","","","","","",""
"19579","Charles Tobias","https://en.wikipedia.org/wiki/Charles_Tobias","","","","","","","","","","","","",""
"19584","Vern Gosdin","https://en.wikipedia.org/wiki/Vern_Gosdin","country","gospel","bluegrass","folk rock","","","","","","","","",""
"19614","Paul Craft","https://en.wikipedia.org/wiki/Paul_Craft","country","","","","","","","","","","","",""
"19617","Karla Bonoff","https://en.wikipedia.org/wiki/Karla_Bonoff","folk rock","soft rock","pop rock","","","","","","","","","",""
"19642","Sharon Vaughn","https://en.wikipedia.org/wiki/Sharon_Vaughn","pop","rock","country","","","","","","","","","",""
"19662","Billy Taylor","https://en.wikipedia.org/wiki/Billy_Taylor","jazz","hard bop","","","","","","","","","","",""
"19685","Gil Fuller","https://en.wikipedia.org/wiki/Gil_Fuller","","","","","","","","","","","","",""
"19700","Larry Gatlin","https://en.wikipedia.org/wiki/Larry_Gatlin_&_the_Gatlin_Brothers","country","gospel","","","","","","","","","","",""
"19716","Blossom Dearie","https://en.wikipedia.org/wiki/Blossom_Dearie","vocal jazz","cool jazz","swing","traditional pop","","","","","","","","",""
"19721","Tommy Duncan","https://en.wikipedia.org/wiki/Tommy_Duncan","western swing","","","","","","","","","","","",""
"19740","Cocteau Twins","https://en.wikipedia.org/wiki/Cocteau_Twins","dream pop","ethereal wave","gothic rock","post-punk","shoegaze","","","","","","","",""
"19741","Steve Nelson","https://en.wikipedia.org/wiki/Steve_Nelson_(songwriter)","country","","","","","","","","","","","",""
"19748","Prefab Sprout","https://en.wikipedia.org/wiki/Prefab_Sprout","pop","sophisti-pop","jazz-pop","new wave","art rock","","","","","","","",""
"19749","Paddy McAloon","https://en.wikipedia.org/wiki/Paddy_McAloon","pop","new wave","","","","","","","","","","",""
"19750","Sondre Lerche","https://en.wikipedia.org/wiki/Sondre_Lerche","pop","indie rock","jazz","","","","","","","","","",""
"19781","Pavement","https://en.wikipedia.org/wiki/Pavement_(band)","indie rock","lo-fi","slacker rock","alternative rock","noise pop","","","","","","","",""
"19783","Scott Kannberg","https://en.wikipedia.org/wiki/Scott_Kannberg","indie rock","","","","","","","","","","","",""
"19818","Relient K","https://en.wikipedia.org/wiki/Relient_K","alternative rock","christian alternative rock","pop-punk","","","","","","","","","",""
"19820","Sugarcult","https://en.wikipedia.org/wiki/Sugarcult","punk rock","pop-punk","alternative rock","","","","","","","","","",""
"19821","Midtown","https://en.wikipedia.org/wiki/Midtown_(band)","pop-punk","punk rock","","","","","","","","","","",""
"19876","Ben Bernie","https://en.wikipedia.org/wiki/Ben_Bernie","jazz","big band","traditional pop","","","","","","","","","",""
"19884","Spencer Williams","https://en.wikipedia.org/wiki/Spencer_Williams","jazz","popular music","","","","","","","","","","",""
"19902","Paula Abdul","https://en.wikipedia.org/wiki/Paula_Abdul","r&b","pop","dance","new jack swing","","","","","","","","",""
"19903","Elliot Wolff","https://en.wikipedia.org/wiki/Elliot_Wolff","","","","","","","","","","","","",""
"19913","Liz Rose","https://en.wikipedia.org/wiki/Liz_Rose","country","","","","","","","","","","","",""
"19917","Kevin Savigar","https://en.wikipedia.org/wiki/Kevin_Savigar","pop","rock","americana","country","folk","","","","","","","",""
"19921","Amber Pacific","https://en.wikipedia.org/wiki/Amber_Pacific","pop punk","emo","","","","","","","","","","",""
"19926","Rodney Clawson","https://en.wikipedia.org/wiki/Rodney_Clawson","","","","","","","","","","","","",""
"19936","Don Brewer","https://en.wikipedia.org/wiki/Don_Brewer","rock","hard rock","","","","","","","","","","",""
"19942","Strung Out","https://en.wikipedia.org/wiki/Strung_Out","melodic hardcore","skate punk","","","","","","","","","","",""
"19949","Vito Bratta","https://en.wikipedia.org/wiki/Vito_Bratta","glam metal","hard rock","","","","","","","","","","",""
"19951","Death by Stereo","https://en.wikipedia.org/wiki/Death_by_Stereo","hardcore punk","punk rock","melodic hardcore","heavy metal","","","","","","","","",""
"19955","Rx Bandits","https://en.wikipedia.org/wiki/Rx_Bandits","ska punk","progressive rock","post-hardcore","reggae","alternative rock","","","","","","","",""
"19976","Clarence Williams","https://en.wikipedia.org/wiki/Clarence_Williams_(musician)","jazz","","","","","","","","","","","",""
"19984","Robert Byrne","https://en.wikipedia.org/wiki/Robert_Byrne_(songwriter)","country","","","","","","","","","","","",""
"19987","Dean Ford","https://en.wikipedia.org/wiki/Dean_Ford","pop","rock","","","","","","","","","","",""
"19999","Jimmy Wakely","https://en.wikipedia.org/wiki/Jimmy_Wakely","country","western films","","","","","","","","","","",""
"20043","Ed Harcourt","https://en.wikipedia.org/wiki/Ed_Harcourt","chamber pop","indie pop","","","","","","","","","","",""
"20056","Denzil Best","https://en.wikipedia.org/wiki/Denzil_Best","bebop","","","","","","","","","","","",""
"20058","Dollar Brand","https://en.wikipedia.org/wiki/Abdullah_Ibrahim","south african jazz","bebop","post-bop","folk","","","","","","","","",""
"20095","Don Rich","https://en.wikipedia.org/wiki/Don_Rich","country","","","","","","","","","","","",""
"20107","Sentenced","https://en.wikipedia.org/wiki/Sentenced","gothic metal","melodic death metal","death metal","","","","","","","","","",""
"20115","The Boo Radleys","https://en.wikipedia.org/wiki/The_Boo_Radleys","alternative rock","shoegazing","dream pop","britpop","noise pop","indie pop","neo-psychedelia","","","","","",""
"20117","The Foundations","https://en.wikipedia.org/wiki/The_Foundations","soul","pop","rock","","","","","","","","","",""
"20119","Tony Macaulay","https://en.wikipedia.org/wiki/Tony_Macaulay","","","","","","","","","","","","",""
"20126","The Distillers","https://en.wikipedia.org/wiki/The_Distillers","punk rock","hardcore punk","street punk","","","","","","","","","",""
"20128","My Chemical Romance","https://en.wikipedia.org/wiki/My_Chemical_Romance","alternative rock","emo","pop-punk","post-hardcore","punk rock","hard rock","","","","","","",""
"20129","The Used","https://en.wikipedia.org/wiki/The_Used","emo","screamo","post-hardcore","pop-punk","punk rock","alternative rock","","","","","","",""
"20136","The Pussycat Dolls","https://en.wikipedia.org/wiki/The_Pussycat_Dolls","r&b","pop","dance-pop","","","","","","","","","",""
"20140","Siobhan Fahey","https://en.wikipedia.org/wiki/Siobhan_Fahey","pop","alternative","new wave","dance-pop","pop rock","synth-pop","","","","","","",""
"20154","Annihilator","https://en.wikipedia.org/wiki/Annihilator_(band)","thrash metal","heavy metal","","","","","","","","","","",""
"20158","Death","https://en.wikipedia.org/wiki/Death_(metal_band)","death metal","progressive metal","technical death metal","","","","","","","","","",""
"20160","Armored Saint","https://en.wikipedia.org/wiki/Armored_Saint","heavy metal","","","","","","","","","","","",""
"20169","Mercyful Fate","https://en.wikipedia.org/wiki/Mercyful_Fate","heavy metal","first-wave black metal","","","","","","","","","","",""
"20198","Helen Reddy","https://en.wikipedia.org/wiki/Helen_Reddy","pop","easy listening","","","","","","","","","","",""
"20220","Richard Kerr","https://en.wikipedia.org/wiki/Richard_Kerr_(songwriter)","pop","","","","","","","","","","","",""
"20228","Bruce Fisher","https://en.wikipedia.org/wiki/Bruce_Fisher","","","","","","","","","","","","",""
"20236","Josh Groban","https://en.wikipedia.org/wiki/Josh_Groban","easy listening","vocal","adult contemporary","classical crossover","gospel","operatic pop","","","","","","",""
"20237","Krist Novoselic","https://en.wikipedia.org/wiki/Krist_Novoselic","grunge","hard rock","heavy metal","alternative rock","punk rock","hardcore punk","post-punk","sludge metal","cowpunk","","","",""
"20245","Paul Shaffer","https://en.wikipedia.org/wiki/Paul_Shaffer","rock","pop rock","jazz","","","","","","","","","",""
"20267","Pete Johnson","https://en.wikipedia.org/wiki/Pete_Johnson_(musician)","boogie-woogie","jazz","blues","stride","","","","","","","","",""
"20272","Fats Waller","https://en.wikipedia.org/wiki/Fats_Waller","","","","","","","","","","","","",""
"20277","Leon René","https://en.wikipedia.org/wiki/Leon_René","","","","","","","","","","","","",""
"20286","Alex Kramer","https://en.wikipedia.org/wiki/Alex_Kramer","","","","","","","","","","","","",""
"20287","Joan Whitney","https://en.wikipedia.org/wiki/Joan_Whitney_Kramer","","","","","","","","","","","","",""
"20295","James Royce Shannon","https://en.wikipedia.org/wiki/James_Royce_Shannon","","","","","","","","","","","","",""
"20332","Lisa Loeb","https://en.wikipedia.org/wiki/Lisa_Loeb","pop","rock","folk","childrens music","","","","","","","","",""
"20337","Ralph Mooney","https://en.wikipedia.org/wiki/Ralph_Mooney","country","","","","","","","","","","","",""
"20344","Blixa Bargeld","https://en.wikipedia.org/wiki/Blixa_Bargeld","industrial","dark ambient","experimental rock","","","","","","","","","",""
"20345","Thomas Wydler","https://en.wikipedia.org/wiki/Thomas_Wydler","avant-garde","post-punk","","","","","","","","","","",""
"20362","Paso Doble","https://en.wikipedia.org/wiki/Paso_Doble_(band)","neue deutsche welle","new wave","techno","","","","","","","","","",""
"20372","Afghan Whigs","https://en.wikipedia.org/wiki/The_Afghan_Whigs","alternative rock","indie rock","r&b","post-punk","grunge","","","","","","","",""
"20400","Eric Erlandson","https://en.wikipedia.org/wiki/Eric_Erlandson","alternative rock","noise rock","experimental rock","","","","","","","","","",""
"20401","Courtney Love","https://en.wikipedia.org/wiki/Courtney_Love","alternative rock","punk rock","noise rock","grunge","power pop","","","","","","","",""
"20459","John Goodison","https://en.wikipedia.org/wiki/John_Goodison_(musician)","","","","","","","","","","","","",""
"20473","Dallas Austin","https://en.wikipedia.org/wiki/Dallas_Austin","pop","r&b","hip-hop","","","","","","","","","",""
"20492","Rockwell","https://en.wikipedia.org/wiki/Rockwell_(musician)","pop","r&b","","","","","","","","","","",""
"20495","Doris Fisher","https://en.wikipedia.org/wiki/Doris_Fisher_(songwriter)","songwriter","singer","","","","","","","","","","",""
"20505","Billy Reid","https://en.wikipedia.org/wiki/Billy_Reid_(British_songwriter)","traditional pop","","","","","","","","","","","",""
"20548","George Olsen","https://en.wikipedia.org/wiki/George_Olsen","swing music","big band","","","","","","","","","","",""
"20549","Jesse Crawford","https://en.wikipedia.org/wiki/Jesse_Crawford","","","","","","","","","","","","",""
"20557","Funny van Dannen","https://en.wikipedia.org/wiki/Funny_van_Dannen","","","","","","","","","","","","",""
"20560","Stephin Merritt","https://en.wikipedia.org/wiki/Stephin_Merritt","indie pop","synth-pop","","","","","","","","","","",""
"20562","Opus","https://en.wikipedia.org/wiki/Opus_(Austrian_band)","pop rock","","","","","","","","","","","",""
"20600","Peter Sarstedt","https://en.wikipedia.org/wiki/Peter_Sarstedt","folk","pop","","","","","","","","","","",""
"20608","Jesse Stone","https://en.wikipedia.org/wiki/Jesse_Stone_(musician)","r&b","jazz","rock and roll","pop","","","","","","","","",""
"20623","Peter Ivers","https://en.wikipedia.org/wiki/Peter_Ivers","rock","pop","new wave","bedroom pop","","","","","","","","",""
"20631","Wayne Raney","https://en.wikipedia.org/wiki/Wayne_Raney","country","","","","","","","","","","","",""
"20636","Usher","https://en.wikipedia.org/wiki/Usher_(musician)","r&b","pop","","","","","","","","","","",""
"20651","Toni Braxton","https://en.wikipedia.org/wiki/Toni_Braxton","r&b","","","","","","","","","","","",""
"20659","Alan Vega","https://en.wikipedia.org/wiki/Alan_Vega","proto-punk","electronic","experimental","synth-punk","minimal","industrial","rockabilly","synth-pop","","","","",""
"20673","Current 93","https://en.wikipedia.org/wiki/Current_93","neofolk","experimental","psychedelic folk","post-industrial","noise","","","","","","","",""
"20721","John Legend","https://en.wikipedia.org/wiki/John_Legend","r&b","pop","hip hop","soul","neo soul","","","","","","","",""
"20726","Peter Sellers","https://en.wikipedia.org/wiki/Peter_Sellers","","","","","","","","","","","","",""
"20728","Brian Chase","https://en.wikipedia.org/wiki/Brian_Chase","alternative rock","fusion","drone","","","","","","","","","",""
"20729","Karen O","https://en.wikipedia.org/wiki/Karen_O","indie rock","alternative rock","art rock","punk rock","","","","","","","","",""
"20730","Nick Zinner","https://en.wikipedia.org/wiki/Nick_Zinner","alternative rock","new wave","art punk","indie rock","garage rock","hardcore punk","thrashcore","","","","","",""
"20756","The Replacements","https://en.wikipedia.org/wiki/The_Replacements_(band)","punk rock","alternative rock","college rock","","","","","","","","","",""
"20815","Gary Byrd","https://en.wikipedia.org/wiki/Imhotep_Gary_Byrd","","","","","","","","","","","","",""
"20817","Jurassic 5","https://en.wikipedia.org/wiki/Jurassic_5","west coast hip hop","alternative hip hop","","","","","","","","","","",""
"20824","Spragga Benz","https://en.wikipedia.org/wiki/Spragga_Benz","dancehall","","","","","","","","","","","",""
"20843","Divine","https://en.wikipedia.org/wiki/Divine_(group)","r&b","","","","","","","","","","","",""
"20849","Terry Ellis","https://en.wikipedia.org/wiki/Terry_Ellis","r&b","pop","soul","","","","","","","","","",""
"20859","Terry Williams","https://en.wikipedia.org/wiki/Terry_Williams_(drummer)","progressive rock","rock","blues","","","","","","","","","",""
"20872","Regina Belle","https://en.wikipedia.org/wiki/Regina_Belle","r&b","soul","pop","dance","gospel","","","","","","","",""
"20875","Cynthia Biggs","https://en.wikipedia.org/wiki/Cynthia_Biggs","pop","disco","dance","soul","r&b","gospel","","","","","","",""
"20899","Salaam Remi","https://en.wikipedia.org/wiki/Salaam_Remi","hip hop","r&b","pop","","","","","","","","","",""
"20905","Charles Wesley","https://en.wikipedia.org/wiki/Charles_Wesley","","","","","","","","","","","","",""
"20915","Steve Allen","https://en.wikipedia.org/wiki/Steve_Allen","","","","","","","","","","","","",""
"20936","Glenn Gregory","https://en.wikipedia.org/wiki/Glenn_Gregory","new wave","synth-pop","electronic","","","","","","","","","",""
"20939","William Steffe","https://en.wikipedia.org/wiki/William_Steffe","","","","","","","","","","","","",""
"20940","Julia Ward Howe","https://en.wikipedia.org/wiki/Julia_Ward_Howe","","","","","","","","","","","","",""
"20950","Richie Sambora","https://en.wikipedia.org/wiki/Richie_Sambora","rock","hard rock","blues rock","glam metal","country rock","","","","","","","",""
"20961","Slowdive","https://en.wikipedia.org/wiki/Slowdive","dream pop","shoegaze","ambient pop","post-rock","","","","","","","","",""
"20966","Cranes","https://en.wikipedia.org/wiki/Cranes_(band)","dream pop","gothic rock","indie rock","shoegaze","","","","","","","","",""
"20969","David Sylvian","https://en.wikipedia.org/wiki/David_Sylvian","art pop","avant-rock","new wave","ambient pop","","","","","","","","",""
"20982","The Screaming Jets","https://en.wikipedia.org/wiki/The_Screaming_Jets","hard rock","pub rock","","","","","","","","","","",""
"20993","Billy Stritch","https://en.wikipedia.org/wiki/Billy_Stritch","","","","","","","","","","","","",""
"21013","Digable Planets","https://en.wikipedia.org/wiki/Digable_Planets","hip hop","jazz rap","alternative hip hop","acid jazz","","","","","","","","",""
"21033","Teruo Nakamura","https://en.wikipedia.org/wiki/Teruo_Nakamura_(musician)","","","","","","","","","","","","",""
"21034","Carl Davis","https://en.wikipedia.org/wiki/Carl_Davis_(record_producer)","","","","","","","","","","","","",""
"21040","The Wolfgang Press","https://en.wikipedia.org/wiki/The_Wolfgang_Press","post-punk","post-industrial","","","","","","","","","","",""
"21057","Brooks Bowman","https://en.wikipedia.org/wiki/Brooks_Bowman","","","","","","","","","","","","",""
"21058","Pizzicato Five","https://en.wikipedia.org/wiki/Pizzicato_Five","shibuya-kei","j-pop","","","","","","","","","","",""
"21076","Amy Adams[1]","https://en.wikipedia.org/wiki/Amy_Adams","","","","","","","","","","","","",""
"21084","Kyoko Koizumi","https://en.wikipedia.org/wiki/Kyoko_Koizumi","japanese pop","","","","","","","","","","","",""
"21086","Plastics","https://en.wikipedia.org/wiki/Plastics_(band)","new wave","post-punk","synth-pop","","","","","","","","","",""
"21088","Chica Sato","https://en.wikipedia.org/wiki/Chica_Sato","","","","","","","","","","","","",""
"21089","Haruomi Hosono","https://en.wikipedia.org/wiki/Haruomi_Hosono","exotica","electronic","pop","experimental","progressive rock","folk rock","psychedelic rock","","","","","",""
"21100","Eiichi Ohtaki","https://en.wikipedia.org/wiki/Eiichi_Ohtaki","city pop","","","","","","","","","","","",""
"21101","Ryuu Matsumoto","https://en.wikipedia.org/wiki/Takashi_Matsumoto_(lyricist)","pop","rock","folk rock","","","","","","","","","",""
"21115","Kier Kirby","https://en.wikipedia.org/wiki/Lady_Miss_Kier","electronica","dance-pop","house","hip hop","","","","","","","","",""
"21121","Bill Laswell","https://en.wikipedia.org/wiki/Bill_Laswell","avant-garde","","","","","","","","","","","",""
"21122","Michael Beinhorn","https://en.wikipedia.org/wiki/Michael_Beinhorn","","","","","","","","","","","","",""
"21136","Sarah Dash","https://en.wikipedia.org/wiki/Sarah_Dash","r&b","soul","funk","disco","funk rock","blues","rock","pop","dance music","jazz","hip hop","",""
"21147","Kevin Murphy","https://en.wikipedia.org/wiki/Kevin_Murphy_(musician)","","","","","","","","","","","","",""
"21210","Étienne Daho","https://en.wikipedia.org/wiki/Étienne_Daho","chanson","french pop","new wave","","","","","","","","","",""
"21213","Adam Levine","https://en.wikipedia.org/wiki/Adam_Levine","pop","rock","blue-eyed soul","","","","","","","","","",""
"21214","Leigh Harline","https://en.wikipedia.org/wiki/Leigh_Harline","","","","","","","","","","","","",""
"21218","Morton Stevens","https://en.wikipedia.org/wiki/Morton_Stevens","","","","","","","","","","","","",""
"21224","John Klemmer","https://en.wikipedia.org/wiki/John_Klemmer","jazz","jazz fusion","new age","pop","rock","","","","","","","",""
"21229","Keiichi Suzuki","https://en.wikipedia.org/wiki/Keiichi_Suzuki","","","","","","","","","","","","",""
"21248","De Dannan","https://en.wikipedia.org/wiki/De_Dannan","folk","celtic","","","","","","","","","","",""
"21274","Fred Schneider","https://en.wikipedia.org/wiki/Fred_Schneider","new wave","post-punk","pop rock","alternative rock","","","","","","","","",""
"21283","Kay Swift","https://en.wikipedia.org/wiki/Kay_Swift","","","","","","","","","","","","",""
"21287","Jake Holmes","https://en.wikipedia.org/wiki/Jake_Holmes","pop","folk","","","","","","","","","","",""
"21290","Levon Helm","https://en.wikipedia.org/wiki/Levon_Helm","rock","americana","country","folk","roots rock","","","","","","","",""
"21291","Simon and Garfunkel","https://en.wikipedia.org/wiki/Simon_&_Garfunkel","folk rock","","","","","","","","","","","",""
"21298","Gerry Beckley","https://en.wikipedia.org/wiki/Gerry_Beckley","rock","acoustic","","","","","","","","","","",""
"21358","Georges Boulanger","https://en.wikipedia.org/wiki/Georges_Boulanger_(violinist)","","","","","","","","","","","","",""
"21361","Russ Columbo","https://en.wikipedia.org/wiki/Russ_Columbo","jazz","popular music","","","","","","","","","","",""
"21370","Lynval Golding","https://en.wikipedia.org/wiki/Lynval_Golding","new wave","ska","rock","","","","","","","","","",""
"21373","Jesse Ed Davis","https://en.wikipedia.org/wiki/Jesse_Ed_Davis","rock","blues","","","","","","","","","","",""
"21416","Leroy Kirkland","https://en.wikipedia.org/wiki/Leroy_Kirkland","","","","","","","","","","","","",""
"21437","Mark Erelli","https://en.wikipedia.org/wiki/Mark_Erelli","americana","folk","pop","country","","","","","","","","",""
"21440","The 5.6.7.8's","https://en.wikipedia.org/wiki/The_5.6.7.8's","garage rock","rock and roll","punk rock","rockabilly","surf rock","garage punk","","","","","","",""
"21446","The Get Up Kids","https://en.wikipedia.org/wiki/The_Get_Up_Kids","midwest emo","indie rock","alternative rock","emo pop","pop-punk","","","","","","","",""
"21484","Demented Are Go","https://en.wikipedia.org/wiki/Demented_Are_Go","psychobilly","punk rock","","","","","","","","","","",""
"21494","Roger Taylor [1]","https://en.wikipedia.org/wiki/Roger_Taylor_(Duran_Duran_drummer)","pop rock","alternative rock","new wave","","","","","","","","","",""
"21510","Bonnie Pointer","https://en.wikipedia.org/wiki/Bonnie_Pointer","soul","r&b","disco","funk","","","","","","","","",""
"21521","Harry Allen","https://en.wikipedia.org/wiki/Harry_Allen_(musician)","jazz","","","","","","","","","","","",""
"21522","Emerson, Lake & Palmer","https://en.wikipedia.org/wiki/Emerson,_Lake_&_Palmer","progressive rock","art rock","","","","","","","","","","",""
"21577","Stephen Duffy","https://en.wikipedia.org/wiki/Stephen_Duffy","","","","","","","","","","","","",""
"21586","Kim Salmon","https://en.wikipedia.org/wiki/Kim_Salmon","indie rock","swamp rock","punk blues","grunge","","","","","","","","",""
"21592","Ralph Freed","https://en.wikipedia.org/wiki/Ralph_Freed","","","","","","","","","","","","",""
"21602","Argent","https://en.wikipedia.org/wiki/Argent_(band)","rock","progressive rock","hard rock","pop rock","","","","","","","","",""
"21617","Anna Ternheim","https://en.wikipedia.org/wiki/Anna_Ternheim","anti-folk","alternative","indie rock","acoustic","blues","country","","","","","","",""
"21626","Hall & Oates","https://en.wikipedia.org/wiki/Hall_&_Oates","pop rock","blue-eyed soul","soft rock","r&b","","","","","","","","",""
"21631","Irving Taylor","https://en.wikipedia.org/wiki/Irving_Taylor_(songwriter)","","","","","","","","","","","","",""
"21632","Leonello Casucci","https://en.wikipedia.org/wiki/Leonello_Casucci","","","","","","","","","","","","",""
"21633","Julius Brammer","https://en.wikipedia.org/wiki/Julius_Brammer","","","","","","","","","","","","",""
"21643","Sonny & Cher","https://en.wikipedia.org/wiki/Sonny_&_Cher","pop","pop rock","folk","rock","","","","","","","","",""
"21651","Claudio Villa","https://en.wikipedia.org/wiki/Claudio_Villa","","","","","","","","","","","","",""
"21653","Ron","https://en.wikipedia.org/wiki/Ron_(singer)","","","","","","","","","","","","",""
"21654","Pino Daniele","https://en.wikipedia.org/wiki/Pino_Daniele","pop rock","blues","jazz","","","","","","","","","",""
"21657","Falco","https://en.wikipedia.org/wiki/Falco_(musician)","new wave","neue deutsche welle","rock","pop","hip-hop","","","","","","","",""
"21686","Shay Healy","https://en.wikipedia.org/wiki/Shay_Healy","","","","","","","","","","","","",""
"21691","Soulsister","https://en.wikipedia.org/wiki/Soulsister","pop","soul","funk","","","","","","","","","",""
"21692","Jan Leyers","https://en.wikipedia.org/wiki/Jan_Leyers","rock","pop","","","","","","","","","","",""
"21694","Buju Banton","https://en.wikipedia.org/wiki/Buju_Banton","dancehall","roots reggae","","","","","","","","","","",""
"21721","Playgroup","https://en.wikipedia.org/wiki/Playgroup_(band)","dance","","","","","","","","","","","",""
"21724","Boris Vian","https://en.wikipedia.org/wiki/Boris_Vian","","","","","","","","","","","","",""
"21741","Ned Doheny","https://en.wikipedia.org/wiki/Ned_Doheny","pop","rock","soft rock","","","","","","","","","",""
"21761","Peter Nero","https://en.wikipedia.org/wiki/Peter_Nero","","","","","","","","","","","","",""
"21762","Jimmy Clanton","https://en.wikipedia.org/wiki/Jimmy_Clanton","rhythm and blues","swamp pop","","","","","","","","","","",""
"21820","Michael McClure","https://en.wikipedia.org/wiki/Michael_McClure","","","","","","","","","","","","",""
"21830","Giusto Pio","https://en.wikipedia.org/wiki/Giusto_Pio","","","","","","","","","","","","",""
"21858","P.G. Wodehouse","https://en.wikipedia.org/wiki/P._G._Wodehouse","","","","","","","","","","","","",""
"21862","Phyllis Dillon","https://en.wikipedia.org/wiki/Phyllis_Dillon","rocksteady","reggae","","","","","","","","","","",""
"21871","Nino Ferrer","https://en.wikipedia.org/wiki/Nino_Ferrer","pop","rock","jazz","r&b","soul","","","","","","","",""
"21875","George Wyle","https://en.wikipedia.org/wiki/George_Wyle","","","","","","","","","","","","",""
"21902","Sister Hazel","https://en.wikipedia.org/wiki/Sister_Hazel","alternative rock","southern rock","folk rock","jangle pop","","","","","","","","",""
"21916","Modest Mouse","https://en.wikipedia.org/wiki/Modest_Mouse","indie rock","alternative rock","post punk revival","punk rock","emo","","","","","","","",""
"21926","Super Furry Animals","https://en.wikipedia.org/wiki/Super_Furry_Animals","alternative rock","indie rock","power pop","neo-psychedelia","electronica","britpop","","","","","","",""
"21950","Gianni Ferrio","https://en.wikipedia.org/wiki/Gianni_Ferrio","","","","","","","","","","","","",""
"21952","Alain Delon","https://en.wikipedia.org/wiki/Alain_Delon","","","","","","","","","","","","",""
"21956","Antonina Armato","https://en.wikipedia.org/wiki/Antonina_Armato","","","","","","","","","","","","",""
"21966","John Henry Hopkins Jr.","https://en.wikipedia.org/wiki/John_Henry_Hopkins_Jr.","","","","","","","","","","","","",""
"21973","Gravity Kills","https://en.wikipedia.org/wiki/Gravity_Kills","industrial rock","industrial metal","","","","","","","","","","",""
"21984","Michael Been","https://en.wikipedia.org/wiki/Michael_Been","","","","","","","","","","","","",""
"21991","Lee Ann Womack","https://en.wikipedia.org/wiki/Lee_Ann_Womack","neotraditionalist country","country pop","americana","","","","","","","","","",""
"21994","Buz Kohan","https://en.wikipedia.org/wiki/Buz_Kohan","","","","","","","","","","","","",""
"22026","Boney James","https://en.wikipedia.org/wiki/Boney_James","jazz","contemporary jazz","r&b","","","","","","","","","",""
"22051","R.P.W.L","https://en.wikipedia.org/wiki/RPWL","progressive rock","","","","","","","","","","","",""
"22102","April Stevens","https://en.wikipedia.org/wiki/April_Stevens","pop rock","","","","","","","","","","","",""
"22123","Glenn Hughes","https://en.wikipedia.org/wiki/Glenn_Hughes_(musician)","hard rock","funk rock","blues rock","blue-eyed soul","heavy metal","progressive rock","","","","","","",""
"22131","Marty Friedman","https://en.wikipedia.org/wiki/Marty_Friedman","heavy metal","thrash metal","speed metal","hard rock","instrumental rock","neoclassical metal","","","","","","",""
"22132","Laura Pausini","https://en.wikipedia.org/wiki/Laura_Pausini","pop","latin pop","pop rock","","","","","","","","","",""
"22177","Blonde Redhead","https://en.wikipedia.org/wiki/Blonde_Redhead","alternative rock","shoegaze","dream pop","indie rock","noise rock","","","","","","","",""
"22179","Keith Diamond","https://en.wikipedia.org/wiki/Keith_Diamond_(songwriter)","","","","","","","","","","","","",""
"22186","John Zorn","https://en.wikipedia.org/wiki/John_Zorn","avant-garde","experimental","avant-rock","jazz","classical","grindcore","avant-garde metal","klezmer","","","","",""
"22193","Claudia Brücken","https://en.wikipedia.org/wiki/Claudia_Brücken","synth-pop","new wave","","","","","","","","","","",""
"22200","The Polyphonic Spree","https://en.wikipedia.org/wiki/The_Polyphonic_Spree","psychedelic pop","symphonic rock","","","","","","","","","","",""
"22203","Conor Oberst","https://en.wikipedia.org/wiki/Conor_Oberst","indie rock","folk","alternative country","emo","indie folk","americana","","","","","","",""
"22233","Charles Manson","https://en.wikipedia.org/wiki/Charles_Manson","","","","","","","","","","","","",""
"22259","Andy Mackay","https://en.wikipedia.org/wiki/Andy_Mackay","rock","glam rock","art rock","classical","r&b","","","","","","","",""
"22279","Paul Davis","https://en.wikipedia.org/wiki/Paul_Davis_(singer)","blue-eyed soul","country rock","pop rock","soft rock","","","","","","","","",""
"22285","Small Brown Bike","https://en.wikipedia.org/wiki/Small_Brown_Bike","punk rock","emo","post-hardcore","","","","","","","","","",""
"22306","Mark Batson","https://en.wikipedia.org/wiki/Mark_Batson","hip hop","jazz","r&b","pop","","","","","","","","",""
"22320","Henry Krieger","https://en.wikipedia.org/wiki/Henry_Krieger","","","","","","","","","","","","",""
"22321","Tom Eyen","https://en.wikipedia.org/wiki/Tom_Eyen","","","","","","","","","","","","",""
"22327","Super Cat","https://en.wikipedia.org/wiki/Super_Cat","dancehall","reggae","reggae fusion","","","","","","","","","",""
"22333","The Shamen","https://en.wikipedia.org/wiki/The_Shamen","psychedelia","indie dance","electronic","","","","","","","","","",""
"22347","Dean Fraser","https://en.wikipedia.org/wiki/Dean_Fraser","reggae","jazz","","","","","","","","","","",""
"22362","Catherine Zeta-Jones","https://en.wikipedia.org/wiki/Catherine_Zeta-Jones","","","","","","","","","","","","",""
"22383","James Ingram","https://en.wikipedia.org/wiki/James_Ingram","r&b","pop","soul","","","","","","","","","",""
"22392","Amy Winehouse","https://en.wikipedia.org/wiki/Amy_Winehouse","soul","blue-eyed soul","neo soul","rhythm and blues","jazz","","","","","","","",""
"22393","Maarit","https://en.wikipedia.org/wiki/Maarit_Hurmerinta","pop","","","","","","","","","","","",""
"22405","Shakespear's Sister","https://en.wikipedia.org/wiki/Shakespears_Sister","pop rock","alternative rock","dance-pop","synth-pop","indie pop","gothic rock","","","","","","",""
"22420","Rebekah Del Rio","https://en.wikipedia.org/wiki/Rebekah_Del_Rio","soft rock","easy listening","latin jazz","","","","","","","","","",""
"22434","Paul Barry","https://en.wikipedia.org/wiki/Paul_Barry_(songwriter)","","","","","","","","","","","","",""
"22436","Brian Higgins","https://en.wikipedia.org/wiki/Brian_Higgins_(producer)","","","","","","","","","","","","",""
"22438","Tim Powell","https://en.wikipedia.org/wiki/Tim_Powell_(producer)","pop","dance","","","","","","","","","","",""
"22440","Clarence """"Frogman"""" Henry","https://en.wikipedia.org/wiki/Clarence_""Frogman""_Henry","rhythm and blues","","","","","","","","","","","",""
"22455","Paolo Conte","https://en.wikipedia.org/wiki/Paolo_Conte","jazz","chanson","","","","","","","","","","",""
"22472","Mario Frangoulis","https://en.wikipedia.org/wiki/Mario_Frangoulis","classical music","operatic pop","opera","","","","","","","","","",""
"22483","Joaquin Rodrigo","https://en.wikipedia.org/wiki/Joaquín_Rodrigo","","","","","","","","","","","","",""
"22517","Daniel Miller","https://en.wikipedia.org/wiki/Daniel_Miller_(music_producer)","post-punk","new wave","synth-pop","electronic","industrial","","","","","","","",""
"22520","Dana International","https://en.wikipedia.org/wiki/Dana_International","dance","pop","world","trance","","","","","","","","",""
"22540","Ali Ryerson","https://en.wikipedia.org/wiki/Ali_Ryerson","jazz","","","","","","","","","","","",""
"22547","The Rocket Summer","https://en.wikipedia.org/wiki/The_Rocket_Summer","alternative rock","indie rock","pop rock","power pop","emo pop","","","","","","","",""
"22568","Lou Gramm","https://en.wikipedia.org/wiki/Lou_Gramm","rock","hard rock","","","","","","","","","","",""
"22588","Sergio Endrigo","https://en.wikipedia.org/wiki/Sergio_Endrigo","","","","","","","","","","","","",""
"22593","Frank De Vol","https://en.wikipedia.org/wiki/Frank_De_Vol","","","","","","","","","","","","",""
"22646","Annie Philippe","https://en.wikipedia.org/wiki/Annie_Philippe","pop","y-y","","","","","","","","","","",""
"22682","The Posies","https://en.wikipedia.org/wiki/The_Posies","alternative rock","power pop","","","","","","","","","","",""
"22706","Alexi Tuomarila","https://en.wikipedia.org/wiki/Alexi_Tuomarila","jazz","","","","","","","","","","","",""
"22720","Juliane Werding","https://en.wikipedia.org/wiki/Juliane_Werding","","","","","","","","","","","","",""
"22723","Mägo de Oz","https://en.wikipedia.org/wiki/Mägo_de_Oz","folk metal","celtic metal","power metal","","","","","","","","","",""
"22760","Ryuichi Sakamoto","https://en.wikipedia.org/wiki/Ryuichi_Sakamoto","classical","electronic","ambient","avant-garde","electro","electro-pop","experimental","film score","glitch","minimal","synth-pop","techno","world"
"22791","Floyd Huddleston","https://en.wikipedia.org/wiki/Floyd_Huddleston","musical film","musical theatre","","","","","","","","","","",""
"22792","Al Rinker","https://en.wikipedia.org/wiki/Al_Rinker","popular music","","","","","","","","","","","",""
"22797","Mark Ronson","https://en.wikipedia.org/wiki/Mark_Ronson","pop","electronic","funk","disco","soul","hip-hop","rock","","","","","",""
"22822","Carl Douglas","https://en.wikipedia.org/wiki/Carl_Douglas","r&b","soul music","disco","pop rock","","","","","","","","",""
"22842","Mouth & MacNeal","https://en.wikipedia.org/wiki/Mouth_and_MacNeal","pop","rock","","","","","","","","","","",""
"22843","Hans van Hemert","https://en.wikipedia.org/wiki/Hans_van_Hemert","pop","","","","","","","","","","","",""
"22849","Elizabeth Fraser","https://en.wikipedia.org/wiki/Elizabeth_Fraser","dream pop","gothic rock","post-punk","ethereal wave","","","","","","","","",""
"22850","Robin Guthrie","https://en.wikipedia.org/wiki/Robin_Guthrie","dream pop","post-punk","ambient","drone","alternative rock","","","","","","","",""
"22949","Within Temptation","https://en.wikipedia.org/wiki/Within_Temptation","symphonic metal","alternative metal","gothic metal","doom metal","","","","","","","","",""
"22962","Jeffrey Osborne","https://en.wikipedia.org/wiki/Jeffrey_Osborne","r&b","soul","quiet storm","adult contemporary","disco","","","","","","","",""
"22966","Serge Lama","https://en.wikipedia.org/wiki/Serge_Lama","","","","","","","","","","","","",""
"22968","Barbara","https://en.wikipedia.org/wiki/Barbara_(singer)","chanson","french pop","","","","","","","","","","",""
"22971","Garou","https://en.wikipedia.org/wiki/Garou_(singer)","pop","","","","","","","","","","","",""
"22973","Luc Plamondon","https://en.wikipedia.org/wiki/Luc_Plamondon","","","","","","","","","","","","",""
"22994","Steven Greenberg","https://en.wikipedia.org/wiki/Steven_Greenberg_(musician)","","","","","","","","","","","","",""
"23003","Dave","https://en.wikipedia.org/wiki/Dave_(singer)","mor","pop","ballad","","","","","","","","","",""
"23027","Thriller U","https://en.wikipedia.org/wiki/Thriller_U","reggae","","","","","","","","","","","",""
"23037","Flip Kowlier","https://en.wikipedia.org/wiki/Flip_Kowlier","","","","","","","","","","","","",""
"23041","Elisa","https://en.wikipedia.org/wiki/Elisa_(Italian_singer)","pop","alternative rock","pop rock","","","","","","","","","",""
"23054","Marc Lavoine","https://en.wikipedia.org/wiki/Marc_Lavoine","chanson","french pop","","","","","","","","","","",""
"23079","Josef K.","https://en.wikipedia.org/wiki/Josef_K_(band)","post-punk","","","","","","","","","","","",""
"23081","Paul Haig","https://en.wikipedia.org/wiki/Paul_Haig","post-punk","alternative rock","synth-pop","","","","","","","","","",""
"23115","Renato Carosone","https://en.wikipedia.org/wiki/Renato_Carosone","light music","neapolitan song","jazz","swing","comedy pop","blues","cha-cha-cha","novelty","","","","",""
"23130","Alain Souchon","https://en.wikipedia.org/wiki/Alain_Souchon","alternative rock","french pop","pop rock","new wave","synthpop","experimental","chanson","techno","","","","",""
"23135","30 Seconds to Mars","https://en.wikipedia.org/wiki/Thirty_Seconds_to_Mars","alternative rock","","","","","","","","","","","",""
"23139","Richard Barrett","https://en.wikipedia.org/wiki/Richie_Barrett","","","","","","","","","","","","",""
"23185","Hans Ulrik","https://en.wikipedia.org/wiki/Hans_Ulrik","jazz","","","","","","","","","","","",""
"23193","Kurt Maloo","https://en.wikipedia.org/wiki/Kurt_Maloo","","","","","","","","","","","","",""
"23194","Felix Haug","https://en.wikipedia.org/wiki/Felix_Haug","pop rock","jazz","","","","","","","","","","",""
"23205","The Wohlstandskinder","https://en.wikipedia.org/wiki/Wohlstandskinder","punk rock","","","","","","","","","","","",""
"23217","Kimiko Kasai","https://en.wikipedia.org/wiki/Kimiko_Kasai","jazz","","","","","","","","","","","",""
"23221","Isabelle Boulay","https://en.wikipedia.org/wiki/Isabelle_Boulay","folk","country","pop music","","","","","","","","","",""
"23226","Georg Kajanus","https://en.wikipedia.org/wiki/Georg_Kajanus","","","","","","","","","","","","",""
"23232","Third Eye Blind","https://en.wikipedia.org/wiki/Third_Eye_Blind","alternative rock","pop rock","post-grunge","power pop","pop punk","","","","","","","",""
"23234","Silverchair","https://en.wikipedia.org/wiki/Silverchair","alternative rock","grunge","art rock","baroque pop","","","","","","","","",""
"23261","Róisín Murphy","https://en.wikipedia.org/wiki/Róisín_Murphy","electropop","dance-pop","art pop","trip hop","nu disco","nu jazz","experimental pop","","","","","",""
"23294","Ms. Dynamite","https://en.wikipedia.org/wiki/Ms._Dynamite","r&b","hip-hop","ragga","2-step garage","","","","","","","","",""
"23297","Solas","https://en.wikipedia.org/wiki/Solas_(group)","folk","celtic","","","","","","","","","","",""
"23312","De Mens","https://en.wikipedia.org/wiki/De_Mens","rock music","","","","","","","","","","","",""
"23365","Alicia Bridges","https://en.wikipedia.org/wiki/Alicia_Bridges","r&b","disco","soul","","","","","","","","","",""
"23370","Madleen Kane","https://en.wikipedia.org/wiki/Madleen_Kane","","","","","","","","","","","","",""
"23409","Maggie MacNeal","https://en.wikipedia.org/wiki/Maggie_MacNeal","pop","","","","","","","","","","","",""
"23414","Pink Lady","https://en.wikipedia.org/wiki/Pink_Lady_(duo)","j-pop","kaykyoku","disco","","","","","","","","","",""
"23475","Larry Morey","https://en.wikipedia.org/wiki/Larry_Morey","","","","","","","","","","","","",""
"23476","Abner Silver","https://en.wikipedia.org/wiki/Abner_Silver","","","","","","","","","","","","",""
"23485","Macy Gray","https://en.wikipedia.org/wiki/Macy_Gray","r&b","neo soul","jazz","","","","","","","","","",""
"23508","Jean-Pierre Bourtayre","https://en.wikipedia.org/wiki/Jean-Pierre_Bourtayre","","","","","","","","","","","","",""
"23517","Thrice","https://en.wikipedia.org/wiki/Thrice","post-hardcore","alternative rock","pop punk","experimental rock","art rock","melodic hardcore","emo","","","","","",""
"23518","Real Life","https://en.wikipedia.org/wiki/Real_Life_(band)","new wave","synth-pop","","","","","","","","","","",""
"23526","Renaud","https://en.wikipedia.org/wiki/Renaud","chanson","country","pop","rock","","","","","","","","",""
"23533","Georges Van Parys","https://en.wikipedia.org/wiki/Georges_Van_Parys","","","","","","","","","","","","",""
"23557","Arielle Dombasle","https://en.wikipedia.org/wiki/Arielle_Dombasle","","","","","","","","","","","","",""
"23564","Glen Hansard","https://en.wikipedia.org/wiki/Glen_Hansard","folk","rock","folk rock","alternative rock","indie folk","indie rock","","","","","","",""
"23572","Ron Grainer","https://en.wikipedia.org/wiki/Ron_Grainer","","","","","","","","","","","","",""
"23573","The KLF","https://en.wikipedia.org/wiki/The_KLF","electronic","house","ambient","dance","eurodance","stadium house","avant-garde","alternative dance","","","","",""
"23582","Tony Esposito","https://en.wikipedia.org/wiki/Tony_Esposito_(musician)","italo disco","pop","jazz","jazz fusion","","","","","","","","",""
"23613","Franck Langolff","https://en.wikipedia.org/wiki/Franck_Langolff","","","","","","","","","","","","",""
"23646","Victor Hugo","https://en.wikipedia.org/wiki/Victor_Hugo","novel","poetry","theatre","","","","","","","","","",""
"23684","Andrew Poppy","https://en.wikipedia.org/wiki/Andrew_Poppy","","","","","","","","","","","","",""
"23686","Amanda Lear","https://en.wikipedia.org/wiki/Amanda_Lear","pop","dance","euro disco","pop rock","new wave","eurodance","jazz","","","","","",""
"23701","Liliane Saint-Pierre","https://en.wikipedia.org/wiki/Liliane_Saint-Pierre","","","","","","","","","","","","",""
"23715","Benny Davis","https://en.wikipedia.org/wiki/Benny_Davis","","","","","","","","","","","","",""
"23716","Urbanus","https://en.wikipedia.org/wiki/Urbanus","","","","","","","","","","","","",""
"23722","Amil","https://en.wikipedia.org/wiki/Amil","hip hop","gangsta rap","hardcore hip hop","","","","","","","","","",""
"23779","Dean Kay","https://en.wikipedia.org/wiki/Dean_Kay","pop","rock & roll","psychedelic rock","jazz","","","","","","","","",""
"23783","Bernard Butler","https://en.wikipedia.org/wiki/Bernard_Butler","alternative rock","britpop","glam rock","folk music","","","","","","","","",""
"23785","Kay Twomey","https://en.wikipedia.org/wiki/Kay_Twomey","","","","","","","","","","","","",""
"23789","Roddy Radiation","https://en.wikipedia.org/wiki/Roddy_Radiation","rockabilly","ska","punk rock","reggae rock","","","","","","","","",""
"23801","Ivan Cattaneo","https://en.wikipedia.org/wiki/Ivan_Cattaneo","pop","disco","electropunk","ska","electronic","drum and bass","","","","","","",""
"23803","Dino Verde","https://en.wikipedia.org/wiki/Dino_Verde","","","","","","","","","","","","",""
"23822","Kristian Hoffman","https://en.wikipedia.org/wiki/Kristian_Hoffman","punk rock","rock","no wave","baroque pop","","","","","","","","",""
"23830","Bobbejaan Schoepen","https://en.wikipedia.org/wiki/Bobbejaan_Schoepen","twang","folk","pop","country","cabaret","film music","","","","","","",""
"23838","Eazy E","https://en.wikipedia.org/wiki/Eazy-E","west coast hip-hop","gangsta rap","g-funk","","","","","","","","","",""
"23847","William DeVaughn","https://en.wikipedia.org/wiki/William_DeVaughn","r&b","soul","","","","","","","","","","",""
"23870","Ringo [1]","https://en.wikipedia.org/wiki/Ringo_(singer)","pop music","","","","","","","","","","","",""
"23875","Better Than Ezra","https://en.wikipedia.org/wiki/Better_Than_Ezra","alternative rock","post-grunge","","","","","","","","","","",""
"23882","Warren Haynes","https://en.wikipedia.org/wiki/Warren_Haynes","southern rock","blues rock","soul","hard rock","blues","jam rock","","","","","","",""
"23883","Belle & Sebastian","https://en.wikipedia.org/wiki/Belle_and_Sebastian","indie pop","twee pop","indie rock","chamber pop","","","","","","","","",""
"23889","Wolfgang Niedecken","https://en.wikipedia.org/wiki/Wolfgang_Niedecken","rock","","","","","","","","","","","",""
"23916","Frank Miller","https://en.wikipedia.org/wiki/Frank_Miller_(singer)","","","","","","","","","","","","",""
"23926","Frank Guida","https://en.wikipedia.org/wiki/Frank_Guida","","","","","","","","","","","","",""
"23929","Doktor Kosmos","https://en.wikipedia.org/wiki/Doktor_Kosmos","","","","","","","","","","","","",""
"23933","Laakso","https://en.wikipedia.org/wiki/Laakso_(band)","indie pop","","","","","","","","","","","",""
"23961","Gérard Presgurvic","https://en.wikipedia.org/wiki/Gérard_Presgurvic","","","","","","","","","","","","",""
"23963","Chagrin d'Amour","https://en.wikipedia.org/wiki/Chagrin_d'amour","","","","","","","","","","","","",""
"23975","Beverly Ross","https://en.wikipedia.org/wiki/Beverly_Ross","pop","country","musical theatre","","","","","","","","","",""
"23978","Run-D.M.C.","https://en.wikipedia.org/wiki/Run-DMC","east coast hip-hop","rap rock","","","","","","","","","","",""
"23981","Laïs","https://en.wikipedia.org/wiki/Laïs_(band)","folk","","","","","","","","","","","",""
"23996","Rise Against","https://en.wikipedia.org/wiki/Rise_Against","punk rock","melodic hardcore","","","","","","","","","","",""
"24008","Boy Sets Fire","https://en.wikipedia.org/wiki/BoySetsFire","post-hardcore","emo","melodic hardcore","punk rock","","","","","","","","",""
"24010","Dwarves","https://en.wikipedia.org/wiki/Dwarves_(band)","punk rock","hardcore punk","garage punk","shock rock","","","","","","","","",""
"24011","Blag Dahlia","https://en.wikipedia.org/wiki/Blag_Dahlia","punk rock","hardcore punk","garage punk","acoustic rock","bluegrass","","","","","","","",""
"24017","Mad Caddies","https://en.wikipedia.org/wiki/Mad_Caddies","ska punk","reggae","punk rock","pop punk","","","","","","","","",""
"24029","Lew DeWitt","https://en.wikipedia.org/wiki/Lew_DeWitt","country","","","","","","","","","","","",""
"24034","Tom Van Stiphout","https://en.wikipedia.org/wiki/Tom_Vanstiphout","pop","","","","","","","","","","","",""
"24043","Kerry Chater","https://en.wikipedia.org/wiki/Kerry_Chater","rock","pop","blues rock","blue-eyed soul","country","traditional pop","","","","","","",""
"24047","At the Drive-In","https://en.wikipedia.org/wiki/At_the_Drive-In","post-hardcore","punk rock","art punk","emo","alternative rock","","","","","","","",""
"24048","Matti ja Teppo","https://en.wikipedia.org/wiki/Matti_ja_Teppo","iskelm","schlager","pop","","","","","","","","","",""
"24051","Ron Elliott","https://en.wikipedia.org/wiki/Ron_Elliott_(musician)","folk rock","pop rock","garage rock","country rock","","","","","","","","",""
"24065","Greg Graffin","https://en.wikipedia.org/wiki/Greg_Graffin","punk rock","melodic hardcore","skate punk","","","","","","","","","",""
"24067","Brett Gurewitz","https://en.wikipedia.org/wiki/Brett_Gurewitz","punk rock","melodic hardcore","skate punk","","","","","","","","","",""
"24088","Håkan Hellström","https://en.wikipedia.org/wiki/Håkan_Hellström","pop","jangle pop","soul","indie pop","","","","","","","","",""
"24093","Broder Daniel","https://en.wikipedia.org/wiki/Broder_Daniel","alternative rock","indie pop","","","","","","","","","","",""
"24094","Patrick Seymour","https://en.wikipedia.org/wiki/Patrick_Seymour","","","","","","","","","","","","",""
"24111","Steve Vai","https://en.wikipedia.org/wiki/Steve_Vai","instrumental rock","hard rock","heavy metal","progressive metal","","","","","","","","",""
"24134","John Corabi","https://en.wikipedia.org/wiki/John_Corabi","hard rock","heavy metal","glam metal","","","","","","","","","",""
"24145","Kitty Kallen","https://en.wikipedia.org/wiki/Kitty_Kallen","jazz","swing","pop","","","","","","","","","",""
"24149","Suicide Machines","https://en.wikipedia.org/wiki/The_Suicide_Machines","ska punk","punk rock","hardcore punk","pop punk","","","","","","","","",""
"24152","Cro-Mags","https://en.wikipedia.org/wiki/Cro-Mags","hardcore punk","crossover thrash","","","","","","","","","","",""
"24159","Milo Aukerman","https://en.wikipedia.org/wiki/Milo_Aukerman","punk rock","","","","","","","","","","","",""
"24181","Hopesfall","https://en.wikipedia.org/wiki/Hopesfall","post-hardcore","melodic hardcore","alternative rock","space rock","metalcore","","","","","","","",""
"24183","Vaux","https://en.wikipedia.org/wiki/Vaux_(band)","alternative rock","post-hardcore","","","","","","","","","","",""
"24186","Murder by Death","https://en.wikipedia.org/wiki/Murder_by_Death_(band)","indie rock","indie folk","gothic country","alternative country","post-rock","emo","","","","","","",""
"24188","Capdown","https://en.wikipedia.org/wiki/Capdown","ska punk","hardcore punk","","","","","","","","","","",""
"24194","Nekromantix","https://en.wikipedia.org/wiki/Nekromantix","psychobilly","gothabilly","","","","","","","","","","",""
"24209","Nicoletta","https://en.wikipedia.org/wiki/Nicoletta_(singer)","pop","soul","","","","","","","","","","",""
"24210","Maurice Vander","https://en.wikipedia.org/wiki/Maurice_Vander","jazz","","","","","","","","","","","",""
"24221","Every Time I Die","https://en.wikipedia.org/wiki/Every_Time_I_Die","metalcore","hardcore punk","post-hardcore","southern metal","","","","","","","","",""
"24232","Joey Cape","https://en.wikipedia.org/wiki/Joey_Cape","punk rock","skate punk","alternative rock","indie rock","folk punk","alternative country","","","","","","",""
"24234","Bad Astronaut","https://en.wikipedia.org/wiki/Bad_Astronaut","indie rock","punk rock","alternative rock","","","","","","","","","",""
"24235","Jennifer Paige","https://en.wikipedia.org/wiki/Jennifer_Paige","pop","pop rock","","","","","","","","","","",""
"24238","Mark Mueller","https://en.wikipedia.org/wiki/Mark_Mueller","pop","rock","r&bsoul","musical theater","","","","","","","","",""
"24243","Gianna Nannini","https://en.wikipedia.org/wiki/Gianna_Nannini","rock","pop","","","","","","","","","","",""
"24250","Say Anything","https://en.wikipedia.org/wiki/Say_Anything_(band)","emo","pop-punk","indie rock","alternative rock","","","","","","","","",""
"24255","Meredith Brooks","https://en.wikipedia.org/wiki/Meredith_Brooks","","","","","","","","","","","","",""
"24279","Hot Water Music","https://en.wikipedia.org/wiki/Hot_Water_Music","punk rock","post-hardcore","emo","","","","","","","","","",""
"24282","Zeke","https://en.wikipedia.org/wiki/Zeke_(band)","hardcore punk","hard rock","heavy metal","speed metal","","","","","","","","",""
"24290","Tocotronic","https://en.wikipedia.org/wiki/Tocotronic","indie rock","alternative rock","punk rock","","","","","","","","","",""
"24297","Peter Pan Speedrock","https://en.wikipedia.org/wiki/Peter_Pan_Speedrock","punk rock","hard rock","psychobilly","","","","","","","","","",""
"24305","Iva Davies","https://en.wikipedia.org/wiki/Iva_Davies","rock","new wave","synth-pop","","","","","","","","","",""
"24320","Chris Bailey","https://en.wikipedia.org/wiki/Chris_Bailey_(musician,_born_1956)","punk rock","post-punk","blues","grunge","folk","","","","","","","",""
"24350","Bran Van 3000","https://en.wikipedia.org/wiki/Bran_Van_3000","alternative dance","neo soul","trip hop","","","","","","","","","",""
"24355","Elio e le Storie Tese","https://en.wikipedia.org/wiki/Elio_e_le_Storie_Tese","progressive rock","comedy rock","dance rock","pop rock","","","","","","","","",""
"24356","Thursday","https://en.wikipedia.org/wiki/Thursday_(band)","post-hardcore","emo","screamo","","","","","","","","","",""
"24365","Max Colpet","https://en.wikipedia.org/wiki/Max_Colpet","","","","","","","","","","","","",""
"24366","Marlene Dietrich","https://en.wikipedia.org/wiki/Marlene_Dietrich","","","","","","","","","","","","",""
"24367","Elio","https://en.wikipedia.org/wiki/Elio_(Italian_singer)","","","","","","","","","","","","",""
"24385","Alex Foster","https://en.wikipedia.org/wiki/Alex_Foster_(musician)","avant-garde jazz","","","","","","","","","","","",""
"24393","Kelly Rowland","https://en.wikipedia.org/wiki/Kelly_Rowland","r&b","pop","hip hop","soul","rock","dance","","","","","","",""
"24433","Bernie Wayne","https://en.wikipedia.org/wiki/Bernie_Wayne","","","","","","","","","","","","",""
"24448","Swing Out Sister","https://en.wikipedia.org/wiki/Swing_Out_Sister","pop","jazz","sophisti-pop","","","","","","","","","",""
"24450","Matt Skiba","https://en.wikipedia.org/wiki/Matt_Skiba","punk rock","pop punk","emo","alternative rock","","","","","","","","",""
"24451","Brett Anderson","https://en.wikipedia.org/wiki/Brett_Anderson","alternative rock","indie rock","glam rock","art rock","britpop","","","","","","","",""
"24471","Bardot","https://en.wikipedia.org/wiki/Bardot_(Australian_band)","pop","dance","r&b","","","","","","","","","",""
"24473","Robert Ponger","https://en.wikipedia.org/wiki/Robert_Ponger","rock","","","","","","","","","","","",""
"24482","Alex James","https://en.wikipedia.org/wiki/Alex_James_(musician)","rock","britpop","","","","","","","","","","",""
"24509","Norrie Paramor","https://en.wikipedia.org/wiki/Norrie_Paramor","light orchestral","pop music","rock music","swing music","easy listening","","","","","","","",""
"24522","Editors","https://en.wikipedia.org/wiki/Editors_(band)","indie rock","post-punk revival","alternative rock","dark wave","","","","","","","","",""
"24525","Arctic Monkeys","https://en.wikipedia.org/wiki/Arctic_Monkeys","indie rock","garage rock","post-punk revival","psychedelic rock","alternative rock","lounge pop","","","","","","",""
"24526","Alex Turner","https://en.wikipedia.org/wiki/Alex_Turner","indie rock","garage rock","post-punk revival","psychedelic rock","alternative rock","lounge pop","baroque pop","art rock","","","","",""
"24528","Tito Beltrán","https://en.wikipedia.org/wiki/Tito_Beltrán","","","","","","","","","","","","",""
"24574","Paramore","https://en.wikipedia.org/wiki/Paramore","pop-punk","emo","pop rock","alternative rock","power pop","new wave","","","","","","",""
"24576","The Receiving End of Sirens","https://en.wikipedia.org/wiki/The_Receiving_End_of_Sirens","post-hardcore","emo","progressive rock","ambient","","","","","","","","",""
"24605","Agnetha Fältskog","https://en.wikipedia.org/wiki/Agnetha_Fältskog","pop","schlager","easy listening","childrens music","","","","","","","","",""
"24608","Tony Lombardo","https://en.wikipedia.org/wiki/Tony_Lombardo","punk rock","","","","","","","","","","","",""
"24609","Taking Back Sunday","https://en.wikipedia.org/wiki/Taking_Back_Sunday","emo","post-hardcore","pop-punk","alternative rock","","","","","","","","",""
"24611","Hot Snakes","https://en.wikipedia.org/wiki/Hot_Snakes","post-hardcore","indie rock","garage punk","","","","","","","","","",""
"24638","Joel Grey","https://en.wikipedia.org/wiki/Joel_Grey","","","","","","","","","","","","",""
"24655","Hatebreed","https://en.wikipedia.org/wiki/Hatebreed","metalcore","hardcore punk","","","","","","","","","","",""
"24656","Madball","https://en.wikipedia.org/wiki/Madball","hardcore punk","tough guy hardcore","","","","","","","","","","",""
"24665","Puffy","https://en.wikipedia.org/wiki/Puffy_AmiYumi","pop rock","","","","","","","","","","","",""
"24665","Puffy","https://en.wikipedia.org/wiki/Yumi_Yoshimura","pop rock","","","","","","","","","","","",""
"24666","The Aquabats","https://en.wikipedia.org/wiki/The_Aquabats","comedy rock","pop-punk","ska punk","new wave","power pop","","","","","","","",""
"24673","The Big 3","https://en.wikipedia.org/wiki/The_Big_3_(folk_group)","folk","","","","","","","","","","","",""
"24683","Joe Gittleman","https://en.wikipedia.org/wiki/Joe_Gittleman","ska-core","punk rock","","","","","","","","","","",""
"24698","Alisha's Attic","https://en.wikipedia.org/wiki/Alisha's_Attic","pop","pop rock","","","","","","","","","","",""
"24709","Jenny Lou Carson","https://en.wikipedia.org/wiki/Jenny_Lou_Carson","country","","","","","","","","","","","",""
"24715","Peter Stormare","https://en.wikipedia.org/wiki/Peter_Stormare","","","","","","","","","","","","",""
"24733","Jason Newsted","https://en.wikipedia.org/wiki/Jason_Newsted","heavy metal","thrash metal","hard rock","","","","","","","","","",""
"24807","Lifetime","https://en.wikipedia.org/wiki/Lifetime_(band)","melodic hardcore","emo","","","","","","","","","","",""
"24820","Kurt Elling","https://en.wikipedia.org/wiki/Kurt_Elling","jazz","","","","","","","","","","","",""
"24830","The 69 Eyes","https://en.wikipedia.org/wiki/The_69_Eyes","gothic rock","sleaze rock","hard rock","glam metal","","","","","","","","",""
"24857","Fuel","https://en.wikipedia.org/wiki/Fuel_(band)","alternative rock","hard rock","post-grunge","alternative metal","","","","","","","","",""
"24858","Eric Carr","https://en.wikipedia.org/wiki/Eric_Carr","hard rock","heavy metal","glam metal","","","","","","","","","",""
"24871","Jerry Livingston","https://en.wikipedia.org/wiki/Jerry_Livingston","","","","","","","","","","","","",""
"24873","Fred Spielman","https://en.wikipedia.org/wiki/Fritz_Spielmann_(composer)","","","","","","","","","","","","",""
"24885","Sparta","https://en.wikipedia.org/wiki/Sparta_(band)","post-hardcore","art punk","alternative rock","","","","","","","","","",""
"24890","Killing Time","https://en.wikipedia.org/wiki/Killing_Time_(American_band)","hardcore punk","tough guy hardcore","","","","","","","","","","",""
"24898","A Whisper in the Noise","https://en.wikipedia.org/wiki/A_Whisper_in_the_Noise","slowcore","dream pop","art rock","post-rock","","","","","","","","",""
"24923","Pink Martini","https://en.wikipedia.org/wiki/Pink_Martini","classical","traditional pop","latin","jazz","pop","rock","easy listening","","","","","",""
"24936","The Andrews Sisters","https://en.wikipedia.org/wiki/The_Andrews_Sisters","swing","boogie-woogie","","","","","","","","","","",""
"24963","Paul Denman","https://en.wikipedia.org/wiki/Paul_Denman","","","","","","","","","","","","",""
"24969","Paul Vance","https://en.wikipedia.org/wiki/Paul_Vance","pop","novelty songs","","","","","","","","","","",""
"24975","Ron Welty","https://en.wikipedia.org/wiki/Ron_Welty","punk rock","skate punk","alternative rock","","","","","","","","","",""
"25000","George Motola","https://en.wikipedia.org/wiki/George_Motola","","","","","","","","","","","","",""
"25076","Eleanor McEvoy","https://en.wikipedia.org/wiki/Eleanor_McEvoy","rock","folk","","","","","","","","","","",""
"25099","Bruce Roberts","https://en.wikipedia.org/wiki/Bruce_Roberts_(singer)","","","","","","","","","","","","",""
"25105","Kid Dynamite [1]","https://en.wikipedia.org/wiki/Kid_Dynamite_(band)","hardcore punk","melodic hardcore","","","","","","","","","","",""
"25112","Sebadoh","https://en.wikipedia.org/wiki/Sebadoh","indie rock","slacker rock","","","","","","","","","","",""
"25113","Lou Barlow","https://en.wikipedia.org/wiki/Lou_Barlow","alternative rock","indie rock","slacker rock","hardcore punk","","","","","","","","",""
"25147","Electric Frankenstein","https://en.wikipedia.org/wiki/Electric_Frankenstein","garage punk","garage rock","hard rock","punk rock","heavy metal","","","","","","","",""
"25164","Exodus","https://en.wikipedia.org/wiki/Exodus_(band)","thrash metal","","","","","","","","","","","",""
"25176","Reverend Horton Heat","https://en.wikipedia.org/wiki/The_Reverend_Horton_Heat","psychobilly","rockabilly","","","","","","","","","","",""
"25210","Ratt","https://en.wikipedia.org/wiki/Ratt","glam metal","heavy metal","hard rock","","","","","","","","","",""
"25215","Killswitch Engage","https://en.wikipedia.org/wiki/Killswitch_Engage","melodic metalcore","","","","","","","","","","","",""
"25216","Biffy Clyro","https://en.wikipedia.org/wiki/Biffy_Clyro","alternative rock","progressive rock","experimental rock","alternative metal","pop rock","post-hardcore","art rock","post-grunge","","","","",""
"25218","The Answer","https://en.wikipedia.org/wiki/The_Answer_(band)","hard rock","","","","","","","","","","","",""
"25219","Bullet for My Valentine","https://en.wikipedia.org/wiki/Bullet_for_My_Valentine","melodic metalcore","heavy metal","thrash metal","hard rock","","","","","","","","",""
"25223","Gilbert Montagné","https://en.wikipedia.org/wiki/Gilbert_Montagné","varits","dance-pop","disco","blues","","","","","","","","",""
"25224","Matt Cameron","https://en.wikipedia.org/wiki/Matt_Cameron","alternative rock","grunge","alternative metal","heavy metal","hard rock","","","","","","","",""
"25225","Kim Thayil","https://en.wikipedia.org/wiki/Kim_Thayil","alternative metal","grunge","alternative rock","heavy metal","hard rock","","","","","","","",""
"25226","Ben Shepherd","https://en.wikipedia.org/wiki/Ben_Shepherd","alternative metal","grunge","alternative rock","heavy metal","","","","","","","","",""
"25232","36 Crazyfists","https://en.wikipedia.org/wiki/36_Crazyfists","metalcore","alternative metal","post-hardcore","nu metal","","","","","","","","",""
"25233","Avenged Sevenfold","https://en.wikipedia.org/wiki/Avenged_Sevenfold","heavy metal","progressive metal","alternative metal","hard rock","metalcore","","","","","","","",""
"25250","Tony Powers","https://en.wikipedia.org/wiki/Tony_Powers","pop music","","","","","","","","","","","",""
"25251","Patrick Juvet","https://en.wikipedia.org/wiki/Patrick_Juvet","pop","disco","","","","","","","","","","",""
"25261","The Flaming Sideburns","https://en.wikipedia.org/wiki/The_Flaming_Sideburns","","","","","","","","","","","","",""
"25264","Mastodon","https://en.wikipedia.org/wiki/Mastodon_(band)","progressive metal","sludge metal","stoner metal","alternative metal","","","","","","","","",""
"25265","Funeral for a Friend","https://en.wikipedia.org/wiki/Funeral_for_a_Friend","post-hardcore","emo","melodic hardcore","","","","","","","","","",""
"25266","Trivium","https://en.wikipedia.org/wiki/Trivium_(band)","heavy metal","thrash metal","metalcore","progressive metal","","","","","","","","",""
"25270","Darkest Hour","https://en.wikipedia.org/wiki/Darkest_Hour_(band)","melodic death metal","metalcore","","","","","","","","","","",""
"25283","Alexander Bard","https://en.wikipedia.org/wiki/Alexander_Bard","pop","electronica","","","","","","","","","","",""
"25284","Anders Wollbeck","https://en.wikipedia.org/wiki/Anders_Wollbeck","","","","","","","","","","","","",""
"25285","Army of Lovers","https://en.wikipedia.org/wiki/Army_of_Lovers","dance-pop","europop","","","","","","","","","","",""
"25286","Jean-Pierre Barda","https://en.wikipedia.org/wiki/Jean-Pierre_Barda","pop","","","","","","","","","","","",""
"25293","Bring Me the Horizon","https://en.wikipedia.org/wiki/Bring_Me_the_Horizon","metalcore","alternative metal","alternative rock","post-hardcore","pop rock","electronic rock","deathcore","","","","","",""
"25301","Jack Johnson","https://en.wikipedia.org/wiki/Jack_Johnson_(musician)","rock","surf rock","soft rock","folk rock","folk-pop","","","","","","","",""
"25313","Michel Berger","https://en.wikipedia.org/wiki/Michel_Berger","","","","","","","","","","","","",""
"25347","Feist","https://en.wikipedia.org/wiki/Feist_(singer)","indie pop","folk","baroque pop","","","","","","","","","",""
"25362","The Shins","https://en.wikipedia.org/wiki/The_Shins","indie rock","","","","","","","","","","","",""
"25367","Snakefinger","https://en.wikipedia.org/wiki/Snakefinger","","","","","","","","","","","","",""
"25380","Brian & Tony Gold","https://en.wikipedia.org/wiki/Brian_and_Tony_Gold","reggae","dancehall","lovers rock","","","","","","","","","",""
"25403","Josh Homme","https://en.wikipedia.org/wiki/Josh_Homme","alternative rock","desert rock","stoner rock","hard rock","","","","","","","","",""
"25407","Elliot Willensky","https://en.wikipedia.org/wiki/Elliot_Willensky","","","","","","","","","","","","",""
"25409","American Hi-Fi","https://en.wikipedia.org/wiki/American_Hi-Fi","pop-punk","alternative rock","power pop","","","","","","","","","",""
"25415","Lily Allen","https://en.wikipedia.org/wiki/Lily_Allen","pop","electropop","r&b","","","","","","","","","",""
"25440","Kasabian","https://en.wikipedia.org/wiki/Kasabian","indie rock","alternative rock","electronica","electronic rock","space rock","","","","","","","",""
"25444","Kenna","https://en.wikipedia.org/wiki/Kenna","alternative rock","electronic","","","","","","","","","","",""
"25446","Tom Fogerty","https://en.wikipedia.org/wiki/Tom_Fogerty","rock","","","","","","","","","","","",""
"25489","Patrick Wilson","https://en.wikipedia.org/wiki/Patrick_Wilson_(drummer)","alternative rock","power pop","pop rock","pop punk","geek rock","emo","indie rock","","","","","",""
"25492","Grade","https://en.wikipedia.org/wiki/Grade_(band)","hardcore punk","melodic hardcore","emo","","","","","","","","","",""
"25498","Dashboard Confessional","https://en.wikipedia.org/wiki/Dashboard_Confessional","alternative rock","emo","indie rock","acoustic rock","","","","","","","","",""
"25506","Ill Niño","https://en.wikipedia.org/wiki/Ill_Niño","latin metal","nu metal","alternative metal","metalcore","","","","","","","","",""
"25509","Billy Talent","https://en.wikipedia.org/wiki/Billy_Talent","punk rock","alternative rock","post-hardcore","pop-punk","","","","","","","","",""
"25527","Off With Their Heads","https://en.wikipedia.org/wiki/Off_with_Their_Heads_(band)","punk rock","melodic hardcore","hardcore punk","","","","","","","","","",""
"25542","The Draft","https://en.wikipedia.org/wiki/The_Draft_(band)","punk rock","","","","","","","","","","","",""
"25543","Against Me!","https://en.wikipedia.org/wiki/Against_Me!","punk rock","folk punk","alternative rock","anarcho-punk","","","","","","","","",""
"25558","Zero 7","https://en.wikipedia.org/wiki/Zero_7","trip hop","electronica","downtempo","acid jazz","ambient","chill-out","","","","","","",""
"25576","Christian Death","https://en.wikipedia.org/wiki/Christian_Death","gothic rock","deathrock","post-punk","","","","","","","","","",""
"25589","Piero Cassano","https://en.wikipedia.org/wiki/Piero_Cassano","synth pop","prog rock","pop rock","","","","","","","","","",""
"25619","Luca Madonia","https://en.wikipedia.org/wiki/Luca_Madonia","","","","","","","","","","","","",""
"25627","Bluvertigo","https://en.wikipedia.org/wiki/Bluvertigo","alternative rock","rock","new wave","synthpop","","","","","","","","",""
"25630","Orietta Berti","https://en.wikipedia.org/wiki/Orietta_Berti","pop","folk","folk-pop","","","","","","","","","",""
"25648","Heiko Maile","https://en.wikipedia.org/wiki/Heiko_Maile","","","","","","","","","","","","",""
"25674","The Peanuts","https://en.wikipedia.org/wiki/The_Peanuts","kaykyoku","","","","","","","","","","","",""
"25726","Alex Riel","https://en.wikipedia.org/wiki/Alex_Riel","jazz","rock","","","","","","","","","","",""
"25739","And Also The Trees","https://en.wikipedia.org/wiki/And_Also_the_Trees","gothic rock","post-punk","","","","","","","","","","",""
"25752","Danny","https://en.wikipedia.org/wiki/Danny_(Finnish_singer)","schlager","","","","","","","","","","","",""
"25753","Jormas","https://en.wikipedia.org/wiki/Jormas","","","","","","","","","","","","",""
"25779","Mikel Laboa","https://en.wikipedia.org/wiki/Mikel_Laboa","","","","","","","","","","","","",""
"25788","George Forrest","https://en.wikipedia.org/wiki/George_Forrest_(author)","musical theatre","","","","","","","","","","","",""
"25792","Dannii Minogue","https://en.wikipedia.org/wiki/Dannii_Minogue","pop","dance","","","","","","","","","","",""
"25806","Joe Dolce","https://en.wikipedia.org/wiki/Joe_Dolce","","","","","","","","","","","","",""
"25830","Curve","https://en.wikipedia.org/wiki/Curve_(band)","alternative rock","electronica","shoegazing","dream pop","","","","","","","","",""
"25856","Alexisonfire","https://en.wikipedia.org/wiki/Alexisonfire","post-hardcore","emo","melodic hardcore","screamo","","","","","","","","",""
"25920","Dave Gahan","https://en.wikipedia.org/wiki/Dave_Gahan","synth-pop","electronic","new wave","alternative rock","alternative dance","","","","","","","",""
"25930","Temperance","https://en.wikipedia.org/wiki/Temperance_(group)","eurodance","pop","house","techno","electronic music","","","","","","","",""
"25978","Nick Heyward","https://en.wikipedia.org/wiki/Nick_Heyward","pop","rock","new wave","alternative","indie rock","","","","","","","",""
"26003","Lester Mendez","https://en.wikipedia.org/wiki/Lester_Mendez","","","","","","","","","","","","",""
"26062","Frank Musker","https://en.wikipedia.org/wiki/Frank_Musker","","","","","","","","","","","","",""
"26094","William Engvick","https://en.wikipedia.org/wiki/William_Engvick","","","","","","","","","","","","",""
"26096","Danny Sembello","https://en.wikipedia.org/wiki/Danny_Sembello","r&b","soul","synthpop","pop","funk","","","","","","","",""
"26097","David Batteau","https://en.wikipedia.org/wiki/David_Batteau","alternative rock","pop","","","","","","","","","","",""
"26148","Clara Morgane","https://en.wikipedia.org/wiki/Clara_Morgane","","","","","","","","","","","","",""
"26154","Willie Cobbs","https://en.wikipedia.org/wiki/Willie_Cobbs","blues","","","","","","","","","","","",""
"26159","Eddie Fontaine","https://en.wikipedia.org/wiki/Eddie_Fontaine","","","","","","","","","","","","",""
"26161","Charlie Feathers","https://en.wikipedia.org/wiki/Charlie_Feathers","rockabilly","country","","","","","","","","","","",""
"26172","Gus Arnheim","https://en.wikipedia.org/wiki/Gus_Arnheim","","","","","","","","","","","","",""
"26173","Abe Lyman","https://en.wikipedia.org/wiki/Abe_Lyman","jazz","","","","","","","","","","","",""
"26243","Sholom Secunda","https://en.wikipedia.org/wiki/Sholom_Secunda","","","","","","","","","","","","",""
"26279","Family [3]","https://en.wikipedia.org/wiki/Family_(band)","progressive rock","hard rock","psychedelic rock","jazz rock","","","","","","","","",""
"26295","Skin Yard","https://en.wikipedia.org/wiki/Skin_Yard","grunge","alternative metal","","","","","","","","","","",""
"26299","Jim Vallance","https://en.wikipedia.org/wiki/Jim_Vallance","rock","aor","pop rock","hard rock","heavy metal","pop","jazz","blues","country","","","",""
"26301","Amel Bent","https://en.wikipedia.org/wiki/Amel_Bent","pop","r&b","soul","urban pop","","","","","","","","",""
"26328","Jo Leemans","https://en.wikipedia.org/wiki/Jo_Leemans","","","","","","","","","","","","",""
"26358","Allen Lanier","https://en.wikipedia.org/wiki/Allen_Lanier","heavy metal","hard rock","psychedelic rock","","","","","","","","","",""
"26359","Adam Mitchell","https://en.wikipedia.org/wiki/Adam_Mitchell_(songwriter)","","","","","","","","","","","","",""
"26375","Mutya Buena","https://en.wikipedia.org/wiki/Mutya_Buena","r&b","pop","soul","dance","","","","","","","","",""
"26380","J.D. Miller","https://en.wikipedia.org/wiki/J._D._""Jay""_Miller","cajun","country","swamp blues","swamp pop","","","","","","","","",""
"26403","Ollie Jones","https://en.wikipedia.org/wiki/Ollie_Jones_(songwriter)","","","","","","","","","","","","",""
"26434","Anouk","https://en.wikipedia.org/wiki/Anouk_(singer)","alternative rock","pop rock","post-grunge","r&b","soul","","","","","","","",""
"26469","Trey Anastasio","https://en.wikipedia.org/wiki/Trey_Anastasio","rock","jam","psychedelic","funk","jazz","blues","classical","bluegrass","progressive rock","","","",""
"26477","Telex","https://en.wikipedia.org/wiki/Telex_(band)","synth-pop","new wave","electronic","avant-garde","dance","experimental","house","electro","disco","post-disco","","",""
"26502","Carl Smyth","https://en.wikipedia.org/wiki/Chas_Smash","ska","pop","new wave","2-tone","","","","","","","","",""
"26506","Dr. Ring-Ding","https://en.wikipedia.org/wiki/Dr._Ring-Ding","reggae","ska","dancehall","2-tone","","","","","","","","",""
"26523","Vinnie Vincent","https://en.wikipedia.org/wiki/Vinnie_Vincent","hard rock","heavy metal","glam metal","","","","","","","","","",""
"26542","Hugh Williams","https://en.wikipedia.org/wiki/Wilhelm_Grosz","","","","","","","","","","","","",""
"26562","Stuart Hamblen","https://en.wikipedia.org/wiki/Stuart_Hamblen","country music","cowboy music","gospel music","","","","","","","","","",""
"26595","Howard Jones","https://en.wikipedia.org/wiki/Howard_Jones_(British_musician)","synth-pop","new wave","","","","","","","","","","",""
"26610","Alizée","https://en.wikipedia.org/wiki/Alizée","french pop","dance-pop","electronic","","","","","","","","","",""
"26622","Alan Rankine","https://en.wikipedia.org/wiki/Alan_Rankine","post-punk","synth-pop","experimental pop","new wave","","","","","","","","",""
"26627","Tonino Carotone","https://en.wikipedia.org/wiki/Tonino_Carotone","","","","","","","","","","","","",""
"26633","Nolwenn Leroy","https://en.wikipedia.org/wiki/Nolwenn_Leroy","pop","indie pop","electropop","world","celtic","folk","","","","","","",""
"26657","Charles Dumont","https://en.wikipedia.org/wiki/Charles_Dumont_(singer)","cabaret","torch songs","modern chanson","","","","","","","","","",""
"26658","Michel Vaucaire","https://en.wikipedia.org/wiki/Michel_Vaucaire","","","","","","","","","","","","",""
"26681","Telly Savalas","https://en.wikipedia.org/wiki/Telly_Savalas","","","","","","","","","","","","",""
"26693","Cave In","https://en.wikipedia.org/wiki/Cave_In","metalcore","alternative rock","post-hardcore","progressive rock","","","","","","","","",""
"26697","Gluecifer","https://en.wikipedia.org/wiki/Gluecifer","hard rock","garage rock revival","","","","","","","","","","",""
"26709","Gérard Depardieu","https://en.wikipedia.org/wiki/Gérard_Depardieu","","","","","","","","","","","","",""
"26710","Mick Jackson","https://en.wikipedia.org/wiki/Mick_Jackson_(singer)","r&b","pop","soul","dance","","","","","","","","",""
"26734","Jagged Edge","https://en.wikipedia.org/wiki/Jagged_Edge_(American_group)","r&b","","","","","","","","","","","",""
"26764","Carmine Coppola","https://en.wikipedia.org/wiki/Carmine_Coppola","contemporary classical","big band","electronic","film score","avant garde","","","","","","","",""
"26768","Hurriganes","https://en.wikipedia.org/wiki/Hurriganes","rock","rock and roll","blues rock","rhythm and blues","hard rock","","","","","","","",""
"26774","Maceo Pinkard","https://en.wikipedia.org/wiki/Maceo_Pinkard","","","","","","","","","","","","",""
"26783","Rikk Agnew","https://en.wikipedia.org/wiki/Rikk_Agnew","punk rock","hardcore punk","skate punk","gothic rock","deathrock","post-punk","","","","","","",""
"26794","Michèle Torr","https://en.wikipedia.org/wiki/Michèle_Torr","pop","","","","","","","","","","","",""
"26795","François Valéry","https://en.wikipedia.org/wiki/François_Valéry","pop","","","","","","","","","","","",""
"26805","That Dog","https://en.wikipedia.org/wiki/That_Dog","indie rock","slacker rock","power pop","","","","","","","","","",""
"26823","Howard Biggs","https://en.wikipedia.org/wiki/Howard_Biggs","r&b","jazz","musical theatre","","","","","","","","","",""
"26826","Ron Strykert","https://en.wikipedia.org/wiki/Ron_Strykert","pop","rock","new wave","acoustic","","","","","","","","",""
"26890","Astrud","https://en.wikipedia.org/wiki/Astrud_(band)","","","","","","","","","","","","",""
"26893","La Casa Azul","https://en.wikipedia.org/wiki/La_Casa_Azul","indie pop","disco","shibuya-kei","electronic music","funk","soul","europop","synthpop","bubblegum pop","sunshine pop","doo wop","",""
"26926","Citizen King","https://en.wikipedia.org/wiki/Citizen_King","alternative rock","alternative hip hop","hip hop","","","","","","","","","",""
"26975","Tim Curry","https://en.wikipedia.org/wiki/Tim_Curry","","","","","","","","","","","","",""
"26976","Rustin Man","https://en.wikipedia.org/wiki/Paul_Webb","post-rock","art rock","synthpop","new wave","","","","","","","","",""
"26979","Stan Van Samang","https://en.wikipedia.org/wiki/Stan_Van_Samang","","","","","","","","","","","","",""
"26987","Sun Kil Moon","https://en.wikipedia.org/wiki/Sun_Kil_Moon","folk rock","indie folk","slowcore","alternative rock","spoken word","","","","","","","",""
"27021","Flop","https://en.wikipedia.org/wiki/Flop_(band)","pop punk","power pop","punk rock","","","","","","","","","",""
"27034","Jackie Brenston","https://en.wikipedia.org/wiki/Jackie_Brenston","r&b","blues","rock and roll","","","","","","","","","",""
"27093","Gregg Allman","https://en.wikipedia.org/wiki/Gregg_Allman","blues","rock","southern rock","gospel","country","","","","","","","",""
"27096","Rod Gonzalez","https://en.wikipedia.org/wiki/Rodrigo_González_(musician)","rock","punk rock","","","","","","","","","","",""
"27155","The Strokes","https://en.wikipedia.org/wiki/The_Strokes","indie rock","garage rock revival","post-punk revival","new wave","synth-pop","","","","","","","",""
"27166","Leroy Sibbles","https://en.wikipedia.org/wiki/Leroy_Sibbles","reggae","","","","","","","","","","","",""
"27170","Paul Hampton","https://en.wikipedia.org/wiki/Paul_Hampton","","","","","","","","","","","","",""
"27193","Karen Poole","https://en.wikipedia.org/wiki/Karen_Poole","pop","drum and bass","edm","dance-pop","r&b","house","uk funky","electro","","","","",""
"27195","Tommy Lee James","https://en.wikipedia.org/wiki/Tommy_Lee_James","","","","","","","","","","","","",""
"27201","Niara Scarlett","https://en.wikipedia.org/wiki/Niara_Scarlett","hip-hop","soul","r&b","","","","","","","","","",""
"27220","Jack White [1]","https://en.wikipedia.org/wiki/Jack_White_(music_producer)","pop","german folk","","","","","","","","","","",""
"27242","Milton DeLugg","https://en.wikipedia.org/wiki/Milton_Delugg","jazz","pop","","","","","","","","","","",""
"27254","Martin Page","https://en.wikipedia.org/wiki/Martin_Page","new wave","pop","pop rock","soft rock","adult contemporary","","","","","","","",""
"27282","Leila K","https://en.wikipedia.org/wiki/Leila_K","pop","eurodance","","","","","","","","","","",""
"27297","Fucked Up","https://en.wikipedia.org/wiki/Fucked_Up","hardcore punk","experimental rock","indie rock","post-hardcore","","","","","","","","",""
"27300","Justin Hayward","https://en.wikipedia.org/wiki/Justin_Hayward","rock","progressive rock","","","","","","","","","","",""
"27307","Timmy Shaw","https://en.wikipedia.org/wiki/Timmy_Shaw","r&b","soul","","","","","","","","","","",""
"27325","Nicole Croisille","https://en.wikipedia.org/wiki/Nicole_Croisille","chanson franaise","","","","","","","","","","","",""
"27384","Martin Rev","https://en.wikipedia.org/wiki/Martin_Rev","proto-punk","electronic","experimental","minimal","minimal synth","no wave","industrial","synth-punk","synth-pop","","","",""
"27395","Soraya [1]","https://en.wikipedia.org/wiki/Soraya_Arnelas","pop","eurodance","dance","","","","","","","","","",""
"27399","Jack McVea","https://en.wikipedia.org/wiki/Jack_McVea","swing","blues","r&b","dixieland","","","","","","","","",""
"27416","Julie Zenatti","https://en.wikipedia.org/wiki/Julie_Zenatti","french pop","","","","","","","","","","","",""
"27418","Head Automatica","https://en.wikipedia.org/wiki/Head_Automatica","indie rock","alternative rock","pop rock","power pop","dance punk","","","","","","","",""
"27436","Waddy Wachtel","https://en.wikipedia.org/wiki/Waddy_Wachtel","rock","folk rock","pop","jazz","","","","","","","","",""
"27445","Life of Agony","https://en.wikipedia.org/wiki/Life_of_Agony","alternative metal","","","","","","","","","","","",""
"27460","Elsa [1]","https://en.wikipedia.org/wiki/Elsa_Lunghini","pop music","","","","","","","","","","","",""
"27461","Wipers","https://en.wikipedia.org/wiki/Wipers_(band)","punk rock","post-punk","hardcore punk","post-hardcore","","","","","","","","",""
"27483","Scarlett Johansson","https://en.wikipedia.org/wiki/Scarlett_Johansson","","","","","","","","","","","","",""
"27510","Paul Dresser","https://en.wikipedia.org/wiki/Paul_Dresser","","","","","","","","","","","","",""
"27570","Queensrÿche","https://en.wikipedia.org/wiki/Queensrÿche","progressive metal","heavy metal","","","","","","","","","","",""
"27632","Graham Massey","https://en.wikipedia.org/wiki/Graham_Massey","electronic","house","rock","","","","","","","","","",""
"27648","Gotye","https://en.wikipedia.org/wiki/Gotye","indie rock","alternative rock","indie pop","trip hop","","","","","","","","",""
"27666","Freedom Call","https://en.wikipedia.org/wiki/Freedom_Call","power metal","","","","","","","","","","","",""
"27688","múm","https://en.wikipedia.org/wiki/Múm","indietronica","experimental pop","folktronica","dream pop","glitch pop","musique concrte","post-rock","","","","","",""
"27701","Nate Hills","https://en.wikipedia.org/wiki/Danja_(record_producer)","","","","","","","","","","","","",""
"27702","Jim Beanz","https://en.wikipedia.org/wiki/Jim_Beanz","","","","","","","","","","","","",""
"27712","Keisha Buchanan","https://en.wikipedia.org/wiki/Keisha_Buchanan","pop","r&b","","","","","","","","","","",""
"27713","Heidi Range","https://en.wikipedia.org/wiki/Heidi_Range","pop","","","","","","","","","","","",""
"27716","The Kooks","https://en.wikipedia.org/wiki/The_Kooks","indie pop","pop-rock","indie rock","","","","","","","","","",""
"27717","Natasha Bedingfield","https://en.wikipedia.org/wiki/Natasha_Bedingfield","r&b","pop","dance-pop","blue-eyed soul","","","","","","","","",""
"27728","Mikael Rickfors","https://en.wikipedia.org/wiki/Mikael_Rickfors","rock","pop","","","","","","","","","","",""
"27734","Leon Redbone","https://en.wikipedia.org/wiki/Leon_Redbone","vaudeville","ragtime","jazz","blues","","","","","","","","",""
"27735","Zooey Deschanel","https://en.wikipedia.org/wiki/Zooey_Deschanel","indie pop","folk","jazz","","","","","","","","","",""
"27739","Tami Lynn","https://en.wikipedia.org/wiki/Tami_Lynn","soul","r&b","","","","","","","","","","",""
"27741","Sanctuary","https://en.wikipedia.org/wiki/Sanctuary_(band)","thrash metal","power metal","","","","","","","","","","",""
"27775","Patrick Hernandez","https://en.wikipedia.org/wiki/Patrick_Hernandez","disco","euro disco","","","","","","","","","","",""
"27791","Alan Wilder","https://en.wikipedia.org/wiki/Alan_Wilder","synth-pop","new wave","electronic rock","electronic","","","","","","","","",""
"27822","Deborah Chessler","https://en.wikipedia.org/wiki/Deborah_Chessler","","","","","","","","","","","","",""
"27852","Eric Kaz","https://en.wikipedia.org/wiki/Eric_Kaz","","","","","","","","","","","","",""
"27860","Agents","https://en.wikipedia.org/wiki/Agents_(Finnish_band)","schlager","rautalanka","rocknroll","","","","","","","","","",""
"27914","Phil Pickett","https://en.wikipedia.org/wiki/Phil_Pickett","","","","","","","","","","","","",""
"27921","The Skatalites","https://en.wikipedia.org/wiki/The_Skatalites","ska","rocksteady","reggae","ska jazz","","","","","","","","",""
"27922","John Foxx","https://en.wikipedia.org/wiki/John_Foxx","art rock","synthpop","new wave","ambient","post-punk","electronic","","","","","","",""
"27923","Rusty Egan","https://en.wikipedia.org/wiki/Rusty_Egan","punk rock","synth-pop","new wave","","","","","","","","","",""
"27939","Frank Tovey","https://en.wikipedia.org/wiki/Fad_Gadget","industrial","new wave","synth-pop","post-punk","","","","","","","","",""
"27940","Steve Jansen","https://en.wikipedia.org/wiki/Steve_Jansen","new wave","electronic rock","electropop","art pop","experimental pop","pop rock","art rock","experimental rock","","","","",""
"27941","Thomas Leer","https://en.wikipedia.org/wiki/Thomas_Leer","minimal wave","synth-pop","new wave","","","","","","","","","",""
"27947","Keith Jarrett","https://en.wikipedia.org/wiki/Keith_Jarrett","jazz","classical","jazz fusion","free improvisation","","","","","","","","",""
"27950","Terminal Choice","https://en.wikipedia.org/wiki/Terminal_Choice","electro-industrial","industrial rock","industrial metal","darkwave","ebm","neue deutsche hrte","","","","","","",""
"27984","Finch","https://en.wikipedia.org/wiki/Finch_(American_band)","post-hardcore","alternative rock","emo","","","","","","","","","",""
"28011","OK Go","https://en.wikipedia.org/wiki/OK_Go","alternative rock","power pop","pop rock","indie rock","indie pop","","","","","","","",""
"28013","Mogwai","https://en.wikipedia.org/wiki/Mogwai","post-rock","instrumental rock","","","","","","","","","","",""
"28032","The Fratellis","https://en.wikipedia.org/wiki/The_Fratellis","indie rock","alternative rock","","","","","","","","","","",""
"28036","The Raconteurs","https://en.wikipedia.org/wiki/The_Raconteurs","alternative rock","garage rock","blues rock","indie rock","","","","","","","","",""
"28037","Mika","https://en.wikipedia.org/wiki/Mika_(singer)","pop","glam pop","power pop","","","","","","","","","",""
"28038","James Morrison","https://en.wikipedia.org/wiki/James_Morrison_(singer)","soul","pop rock","alternative rock","","","","","","","","","",""
"28039","Gossip","https://en.wikipedia.org/wiki/Gossip_(band)","indie rock","dance-rock","post-punk revival","garage rock","","","","","","","","",""
"28041","Paolo Nutini","https://en.wikipedia.org/wiki/Paolo_Nutini","pop rock","blue-eyed soul","folk","","","","","","","","","",""
"28063","Bloc Party","https://en.wikipedia.org/wiki/Bloc_Party","indie rock","post-punk revival","alternative dance","dance-punk","post-britpop","alternative rock","art punk","","","","","",""
"28067","Matt Tong","https://en.wikipedia.org/wiki/Matt_Tong","post-punk revival","indie rock","dance-punk","alternative rock","art punk","experimental rock","industrial","","","","","",""
"28069","The-Dream","https://en.wikipedia.org/wiki/The-Dream","r&b","pop","electronic","hip-hop soul","","","","","","","","",""
"28075","Nathan Connolly","https://en.wikipedia.org/wiki/Nathan_Connolly","alternative rock","indie rock","","","","","","","","","","",""
"28076","Gary Lightbody","https://en.wikipedia.org/wiki/Gary_Lightbody","alternative rock","power pop","indie rock","","","","","","","","","",""
"28077","Jonny Quinn","https://en.wikipedia.org/wiki/Jonny_Quinn","alternative rock","indie rock","","","","","","","","","","",""
"28078","Tom Simpson","https://en.wikipedia.org/wiki/Tom_Simpson_(musician)","alternative rock","power pop","indie rock","electronic","house","","","","","","","",""
"28079","Paul Wilson","https://en.wikipedia.org/wiki/Paul_Wilson_(musician)","alternative rock","indie rock","heavy metal","","","","","","","","","",""
"28080","The Fray","https://en.wikipedia.org/wiki/The_Fray","alternative rock","pop rock","soft rock","christian rock","","","","","","","","",""
"28083","Ray Griff","https://en.wikipedia.org/wiki/Ray_Griff","country","","","","","","","","","","","",""
"28090","Wenche Myhre","https://en.wikipedia.org/wiki/Wenche_Myhre","schlager","revue","","","","","","","","","","",""
"28127","Diamond Yukai","https://en.wikipedia.org/wiki/Diamond_Yukai","","","","","","","","","","","","",""
"28192","Gary Wright","https://en.wikipedia.org/wiki/Gary_Wright","hard rock","progressive rock","soft rock","world music","new age","","","","","","","",""
"28199","Buddy Bernier","https://en.wikipedia.org/wiki/Buddy_Bernier","","","","","","","","","","","","",""
"28248","Fixkes","https://en.wikipedia.org/wiki/Fixkes","alternative","","","","","","","","","","","",""
"28279","K3","https://en.wikipedia.org/wiki/K3_(group)","pop","","","","","","","","","","","",""
"28282","Jon Lucien","https://en.wikipedia.org/wiki/Jon_Lucien","soul","soul jazz","funk","r&b","","","","","","","","",""
"28298","Treble Charger","https://en.wikipedia.org/wiki/Treble_Charger","indie rock","pop punk","","","","","","","","","","",""
"28306","Georg Hólm","https://en.wikipedia.org/wiki/Georg_Hólm","post-rock","art rock","dream pop","ambient","","","","","","","","",""
"28307","Kjartan Sveinsson","https://en.wikipedia.org/wiki/Kjartan_Sveinsson","post-rock","","","","","","","","","","","",""
"28319","The Creatures","https://en.wikipedia.org/wiki/The_Creatures","post-punk","exotica","art rock","art pop","alternative rock","experimental","avant-garde","","","","","",""
"28332","Les Emmerson","https://en.wikipedia.org/wiki/Les_Emmerson","","","","","","","","","","","","",""
"28347","The Gathering","https://en.wikipedia.org/wiki/The_Gathering_(band)","progressive rock","alternative rock","trip hop","shoegaze","gothic metal","death-doom","","","","","","",""
"28363","Derrick Harriott","https://en.wikipedia.org/wiki/Derrick_Harriott","reggae","ska","rocksteady","","","","","","","","","",""
"28374","Andrew Gold","https://en.wikipedia.org/wiki/Andrew_Gold","pop","pop rock","soft rock","","","","","","","","","",""
"28375","Wise Guys","https://en.wikipedia.org/wiki/Wise_Guys_(band)","a cappella","pop","","","","","","","","","","",""
"28376","Urban Trad","https://en.wikipedia.org/wiki/Urban_Trad","","","","","","","","","","","","",""
"28428","Nacht und Nebel","https://en.wikipedia.org/wiki/Nacht_und_Nebel_(band)","new wave","synthpop","","","","","","","","","","",""
"28490","Christian Kjellvander","https://en.wikipedia.org/wiki/Christian_Kjellvander","","","","","","","","","","","","",""
"28520","Eddie Schwartz","https://en.wikipedia.org/wiki/Eddie_Schwartz","rock","pop","","","","","","","","","","",""
"28569","Jim Diamond","https://en.wikipedia.org/wiki/Jim_Diamond_(singer)","pop rock","new wave","blue-eyed soul","synthpop","","","","","","","","",""
"28570","Tony Hymas","https://en.wikipedia.org/wiki/Tony_Hymas","","","","","","","","","","","","",""
"28592","Papa Winnie","https://en.wikipedia.org/wiki/Papa_Winnie","","","","","","","","","","","","",""
"28608","Noel Gay","https://en.wikipedia.org/wiki/Noel_Gay","","","","","","","","","","","","",""
"28611","Chris Brown","https://en.wikipedia.org/wiki/Chris_Brown","r&b","pop","hip-hop","","","","","","","","","",""
"28622","The Turbo A.C's","https://en.wikipedia.org/wiki/The_Turbo_A.C.'s","punk rock","","","","","","","","","","","",""
"28645","The Wurzels","https://en.wikipedia.org/wiki/The_Wurzels","scrumpy and western","","","","","","","","","","","",""
"28646","Iva Zanicchi","https://en.wikipedia.org/wiki/Iva_Zanicchi","pop","blue-eyed soul","","","","","","","","","","",""
"28647","Cristiano Malgioglio","https://en.wikipedia.org/wiki/Cristiano_Malgioglio","","","","","","","","","","","","",""
"28718","UFO","https://en.wikipedia.org/wiki/UFO_(band)","hard rock","","","","","","","","","","","",""
"28720","The Maine","https://en.wikipedia.org/wiki/The_Maine_(band)","alternative rock","pop punk","pop rock","emo","","","","","","","","",""
"28725","Dickie Rock","https://en.wikipedia.org/wiki/Dickie_Rock","","","","","","","","","","","","",""
"28727","Walter Schreifels","https://en.wikipedia.org/wiki/Walter_Schreifels","hardcore punk","post-hardcore","alternative rock","","","","","","","","","",""
"28734","Gordon Tracks","https://en.wikipedia.org/wiki/Thomas_Mars","alternative rock","","","","","","","","","","","",""
"28734","Gordon Tracks","https://en.wikipedia.org/wiki/Thomas_Mars","alternative rock","","","","","","","","","","","",""
"28734","Gordon Tracks","https://en.wikipedia.org/wiki/Thomas_Mars","alternative rock","","","","","","","","","","","",""
"28757","Regina Spektor","https://en.wikipedia.org/wiki/Regina_Spektor","anti-folk","indie-pop","alternative rock","","","","","","","","","",""
"28824","Espen Lind","https://en.wikipedia.org/wiki/Espen_Lind","pop","rock","acoustic","","","","","","","","","",""
"28893","Big Sugar","https://en.wikipedia.org/wiki/Big_Sugar_(band)","rock","reggae","alternative rock","acoustic rock","progressive rock","reggae rock","blues rock","stoner rock","","","","",""
"28895","Daniel Lavoie","https://en.wikipedia.org/wiki/Daniel_Lavoie","pop","rock","french pop","adult contemporary","musicals","","","","","","","",""
"28907","Patti Scialfa","https://en.wikipedia.org/wiki/Patti_Scialfa","rock","","","","","","","","","","","",""
"28930","4 Hero","https://en.wikipedia.org/wiki/4hero","breakbeat hardcore","jungle","drum and bass","broken beat","nu jazz","","","","","","","",""
"28968","Betty Noyes","https://en.wikipedia.org/wiki/Betty_Noyes","","","","","","","","","","","","",""
"28969","Bea Wain","https://en.wikipedia.org/wiki/Bea_Wain","","","","","","","","","","","","",""
"28973","Danzig","https://en.wikipedia.org/wiki/Danzig_(band)","heavy metal","hard rock","blues rock","","","","","","","","","",""
"28999","Stephan Remmler","https://en.wikipedia.org/wiki/Stephan_Remmler","","","","","","","","","","","","",""
"29033","Leona Lewis","https://en.wikipedia.org/wiki/Leona_Lewis","r&b","pop","soul","","","","","","","","","",""
"29074","Gunter Gabriel","https://en.wikipedia.org/wiki/Gunter_Gabriel","","","","","","","","","","","","",""
"29119","Easy Star All-Stars","https://en.wikipedia.org/wiki/Easy_Star_All-Stars","reggae","ska","dub","","","","","","","","","",""
"29162","Kenneth Casey","https://en.wikipedia.org/wiki/Kenneth_Casey","","","","","","","","","","","","",""
"29183","The Libertines","https://en.wikipedia.org/wiki/The_Libertines","indie rock","garage rock","post-punk revival","","","","","","","","","",""
"29184","Pete Doherty","https://en.wikipedia.org/wiki/Pete_Doherty","indie rock","post-punk","garage rock","","","","","","","","","",""
"29187","Calvin Harris","https://en.wikipedia.org/wiki/Calvin_Harris","edm","electro house","electropop","dance-pop","nu-disco","","","","","","","",""
"29202","Ryan Tedder","https://en.wikipedia.org/wiki/Ryan_Tedder","rock","pop rock","pop","alternative rock","","","","","","","","",""
"29285","The Soft Machine","https://en.wikipedia.org/wiki/Soft_Machine","canterbury scene","jazz rock","psychedelic rock","progressive rock","instrumental rock","","","","","","","",""
"29289","Gretchen Wilson","https://en.wikipedia.org/wiki/Gretchen_Wilson","country","country rock","","","","","","","","","","",""
"29295","William Butler","https://en.wikipedia.org/wiki/Will_Butler","indie rock","","","","","","","","","","","",""
"29319","Isobel Campbell","https://en.wikipedia.org/wiki/Isobel_Campbell","indie pop","alternative rock","","","","","","","","","","",""
"29327","The Fixx","https://en.wikipedia.org/wiki/The_Fixx","new wave","pop rock","art rock","dance-rock","","","","","","","","",""
"29337","Tommy Flanagan","https://en.wikipedia.org/wiki/Tommy_Flanagan_(musician)","bebop","hard bop","mainstream jazz","","","","","","","","","",""
"29420","Steve Howe","https://en.wikipedia.org/wiki/Steve_Howe","progressive rock","art rock","instrumental rock","hard rock","psychedelic rock","jazz fusion","","","","","","",""
"29471","Yves Simon","https://en.wikipedia.org/wiki/Yves_Simon_(singer)","","","","","","","","","","","","",""
"29487","Benjamin Biolay","https://en.wikipedia.org/wiki/Benjamin_Biolay","","","","","","","","","","","","",""
"29498","Tommy Chong","https://en.wikipedia.org/wiki/Tommy_Chong","character comedy","political satire","stoner comedy","sketch comedy","","","","","","","","",""
"29532","Chris Thompson","https://en.wikipedia.org/wiki/Chris_Thompson_(English_musician)","rock","progressive rock","","","","","","","","","","",""
"29587","Brittany Murphy","https://en.wikipedia.org/wiki/Brittany_Murphy","pop","rock","electronic","hip hop","r&b","","","","","","","",""
"29594","Martin Degville","https://en.wikipedia.org/wiki/Martin_Degville","new wave","hi-nrg","post-punk","glam punk","electronic","","","","","","","",""
"29651","Skindred","https://en.wikipedia.org/wiki/Skindred","alternative metal","reggae rock","rap metal","nu metal","","","","","","","","",""
"29654","Vitamin C","https://en.wikipedia.org/wiki/Vitamin_C_(singer)","pop","dance-pop","electropop","alternative rock","","","","","","","","",""
"29662","Gérald De Palmas","https://en.wikipedia.org/wiki/Gérald_de_Palmas","pop","","","","","","","","","","","",""
"29669","Charles Austin Miles","https://en.wikipedia.org/wiki/C._Austin_Miles","","","","","","","","","","","","",""
"29719","Jim O'Rourke","https://en.wikipedia.org/wiki/Jim_O'Rourke_(musician)","","","","","","","","","","","","",""
"29748","Celso Valli","https://en.wikipedia.org/wiki/Celso_Valli","","","","","","","","","","","","",""
"29752","Vashti Bunyan","https://en.wikipedia.org/wiki/Vashti_Bunyan","folk-pop","","","","","","","","","","","",""
"29766","Percy Wenrich","https://en.wikipedia.org/wiki/Percy_Wenrich","","","","","","","","","","","","",""
"29775","Annie Laurie","https://en.wikipedia.org/wiki/Annie_Laurie_(musician)","jump blues","rhythm and blues","","","","","","","","","","",""
"29778","J. Leslie McFarland","https://en.wikipedia.org/wiki/John_Leslie_McFarland","","","","","","","","","","","","",""
"29801","Skeets McDonald","https://en.wikipedia.org/wiki/Skeets_McDonald","country","honky tonk","rockabilly","","","","","","","","","",""
"29844","Philippe Léotard","https://en.wikipedia.org/wiki/Philippe_Léotard","","","","","","","","","","","","",""
"29847","Henri Dès","https://en.wikipedia.org/wiki/Henri_Dès","","","","","","","","","","","","",""
"29855","Saez","https://en.wikipedia.org/wiki/Damien_Saez","rock","chanson","","","","","","","","","","",""
"29891","Imogen Heap","https://en.wikipedia.org/wiki/Imogen_Heap","pop","electropop","art pop","alternative rock","","","","","","","","",""
"29892","Ray Parker Jr.","https://en.wikipedia.org/wiki/Ray_Parker_Jr.","r&b","soul","funk","","","","","","","","","",""
"29906","Suede [1]","https://en.wikipedia.org/wiki/Suede_(singer)","pop","jazz","","","","","","","","","","",""
"29910","Mason Jennings","https://en.wikipedia.org/wiki/Mason_Jennings","indie folk","folk-rock","","","","","","","","","","",""
"29911","Jeff Tweedy","https://en.wikipedia.org/wiki/Jeff_Tweedy","alternative country","alternative rock","indie rock","country rock","","","","","","","","",""
"29912","Markéta Irglová","https://en.wikipedia.org/wiki/Markéta_Irglová","folk rock","folk","indie pop","acoustic rock","","","","","","","","",""
"29943","Sacha Skarbek","https://en.wikipedia.org/wiki/Sacha_Skarbek","","","","","","","","","","","","",""
"29944","Markku Aro","https://en.wikipedia.org/wiki/Markku_Aro","","","","","","","","","","","","",""
"29945","Juha Vainio","https://en.wikipedia.org/wiki/Juha_Vainio","","","","","","","","","","","","",""
"29945","Juha Vainio","https://en.wikipedia.org/wiki/Juha_Vainio","","","","","","","","","","","","",""
"29948","Shiny Toy Guns","https://en.wikipedia.org/wiki/Shiny_Toy_Guns","indie rock","synthpop","electroclash","post-punk revival","alternative dance","","","","","","","",""
"29999","Euge Groove","https://en.wikipedia.org/wiki/Euge_Groove","smooth jazz","","","","","","","","","","","",""
"30018","Jacques Pills","https://en.wikipedia.org/wiki/Jacques_Pills","","","","","","","","","","","","",""
"30117","Phoenix","https://en.wikipedia.org/wiki/Phoenix_(French_band)","indie pop","synth-pop","pop rock","new wave","","","","","","","","",""
"30177","The Bees","https://en.wikipedia.org/wiki/The_Bees_(English_band)","indie rock","psychedelic rock","","","","","","","","","","",""
"30198","Mike Myers [1]","https://en.wikipedia.org/wiki/Michael_Myers_(songwriter)","","","","","","","","","","","","",""
"30231","Silver Apples","https://en.wikipedia.org/wiki/Silver_Apples","psychedelia","electronic rock","underground rock","","","","","","","","","",""
"30240","The Dead 60s","https://en.wikipedia.org/wiki/The_Dead_60s","dub","punk rock","ska punk","","","","","","","","","",""
"30250","Johnny Hates Jazz","https://en.wikipedia.org/wiki/Johnny_Hates_Jazz","pop","synth-pop","sophisti-pop","","","","","","","","","",""
"30251","Clark Datchler","https://en.wikipedia.org/wiki/Clark_Datchler","pop","sophisti-pop","","","","","","","","","","",""
"30361","Tarrus Riley","https://en.wikipedia.org/wiki/Tarrus_Riley","reggae","","","","","","","","","","","",""
"30375","Lali Puna","https://en.wikipedia.org/wiki/Lali_Puna","electropop","","","","","","","","","","","",""
"30413","You Am I","https://en.wikipedia.org/wiki/You_Am_I","alternative rock","power pop","","","","","","","","","","",""
"30457","Barry Harris","https://en.wikipedia.org/wiki/Barry_Harris","jazz","","","","","","","","","","","",""
"30459","Kelly Willis","https://en.wikipedia.org/wiki/Kelly_Willis","honky tonk","country","americana","alt country","","","","","","","","",""
"30469","George Goehring","https://en.wikipedia.org/wiki/George_Goehring","","","","","","","","","","","","",""
"30477","Manning Sherwin","https://en.wikipedia.org/wiki/Manning_Sherwin","","","","","","","","","","","","",""
"30481","Sébastien Tellier","https://en.wikipedia.org/wiki/Sébastien_Tellier","french pop","new wave","synthpop","electronica","","","","","","","","",""
"30529","The Cinematics","https://en.wikipedia.org/wiki/The_Cinematics","post-punk revival","indie rock","alternative rock","","","","","","","","","",""
"30541","Jochem Fluitsma","https://en.wikipedia.org/wiki/Jochem_Fluitsma","","","","","","","","","","","","",""
"30542","Eric van Tijn","https://en.wikipedia.org/wiki/Eric_van_Tijn","","","","","","","","","","","","",""
"30567","Au Bonheur des Dames","https://en.wikipedia.org/wiki/Au_Bonheur_des_Dames_(band)","","","","","","","","","","","","",""
"30601","David Berman","https://en.wikipedia.org/wiki/Morton_Feldman","","","","","","","","","","","","",""
"30607","Adele","https://en.wikipedia.org/wiki/Adele","pop","soul","blues","jazz","r&b","","","","","","","",""
"30632","Mickey 3D","https://en.wikipedia.org/wiki/Mickey_3D","french rock","chanson franaise","","","","","","","","","","",""
"30656","Jean-Luc Lahaye","https://en.wikipedia.org/wiki/Jean-Luc_Lahaye","pop music","","","","","","","","","","","",""
"30664","Alain Barrière","https://en.wikipedia.org/wiki/Alain_Barrière","pop","chanson","","","","","","","","","","",""
"30672","Mark Bryan","https://en.wikipedia.org/wiki/Mark_Bryan","rock","pop","country","r&b","blues","","","","","","","",""
"30674","Darius Rucker","https://en.wikipedia.org/wiki/Darius_Rucker","rock","pop","country","r&b","blues","alternative rock","","","","","","",""
"30681","Bush","https://en.wikipedia.org/wiki/Bush_(British_band)","post-grunge","grunge","hard rock","alternative rock","","","","","","","","",""
"30682","Gavin Rossdale","https://en.wikipedia.org/wiki/Gavin_Rossdale","alternative rock","post-grunge","hard rock","grunge","","","","","","","","",""
"30683","Robert DeLeo","https://en.wikipedia.org/wiki/Robert_DeLeo","alternative rock","grunge","hard rock","","","","","","","","","",""
"30687","ApologetiX","https://en.wikipedia.org/wiki/ApologetiX","christian rock","ccm","comedy rock","parody","","","","","","","","",""
"30702","Hughie Thomasson","https://en.wikipedia.org/wiki/Hughie_Thomasson","southern rock","hard rock","blues rock","","","","","","","","","",""
"30730","Nino Rota","https://en.wikipedia.org/wiki/Nino_Rota","","","","","","","","","","","","",""
"30738","John Norum","https://en.wikipedia.org/wiki/John_Norum","heavy metal","hard rock","blues rock","aor","glam metal","","","","","","","",""
"30808","Herb Ellis","https://en.wikipedia.org/wiki/Herb_Ellis","jazz","swing","cool jazz","west coast jazz","","","","","","","","",""
"30813","The Epoxies","https://en.wikipedia.org/wiki/Epoxies","new wave","synthpunk","","","","","","","","","","",""
"30865","Fred Foster","https://en.wikipedia.org/wiki/Fred_Foster","country","pop","","","","","","","","","","",""
"30933","Howard Johnson","https://en.wikipedia.org/wiki/Howard_Johnson_(lyricist)","","","","","","","","","","","","",""
"30973","Agustín Lara","https://en.wikipedia.org/wiki/Agustín_Lara","","","","","","","","","","","","",""
"30983","Pulley","https://en.wikipedia.org/wiki/Pulley_(band)","punk rock","skate punk","melodic hardcore","punk revival","","","","","","","","",""
"31011","Steve Anderson","https://en.wikipedia.org/wiki/Steve_Anderson_(musician)","pop","","","","","","","","","","","",""
"31012","Dave Seaman","https://en.wikipedia.org/wiki/Dave_Seaman","electronic","tech house","techno","deep house","progressive house","","","","","","","",""
"31047","Sean Moore","https://en.wikipedia.org/wiki/Sean_Moore_(musician)","alternative rock","hard rock","post-punk","punk rock","glam punk","","","","","","","",""
"31052","Modern Talking","https://en.wikipedia.org/wiki/Modern_Talking","europop","synth-pop","dance-pop","eurodisco","","","","","","","","",""
"31142","Wiglaf Droste","https://en.wikipedia.org/wiki/Wiglaf_Droste","satire","","","","","","","","","","","",""
"31144","Kathrin Passig","https://en.wikipedia.org/wiki/Kathrin_Passig","non-fiction books","short story","","","","","","","","","","",""
"31152","Luke Vibert","https://en.wikipedia.org/wiki/Luke_Vibert","electronic","idm","acid techno","drum and bass","trip hop","","","","","","","",""
"31157","Cheryl Bentyne","https://en.wikipedia.org/wiki/Cheryl_Bentyne","vocal jazz","pop","","","","","","","","","","",""
"31209","Fabolous","https://en.wikipedia.org/wiki/Fabolous","east coast hip-hop","","","","","","","","","","","",""
"31240","Lil' Wayne","https://en.wikipedia.org/wiki/Lil_Wayne","southern hip hop","gangsta rap","bounce","trap","pop rap","","","","","","","",""
"31253","Miranda Cooper","https://en.wikipedia.org/wiki/Miranda_Cooper","pop","dance-pop","electropop","","","","","","","","","",""
"31256","Nick Coler","https://en.wikipedia.org/wiki/Nick_Coler","pop","electronica","","","","","","","","","","",""
"31262","The Star Club","https://en.wikipedia.org/wiki/The_Star_Club","punk rock","hardcore punk","","","","","","","","","","",""
"31273","Gerald Eaton","https://en.wikipedia.org/wiki/Jarvis_Church","r&b","pop","","","","","","","","","","",""
"31275","James Valentine","https://en.wikipedia.org/wiki/James_Valentine_(musician)","alternative rock","pop rock","funk rock","","","","","","","","","",""
"31287","Cartoons","https://en.wikipedia.org/wiki/Cartoons_(band)","eurodance","","","","","","","","","","","",""
"31296","Udo Jürgens","https://en.wikipedia.org/wiki/Udo_Jürgens","pop","schlager","soft rock","","","","","","","","","",""
"31334","Britny Fox","https://en.wikipedia.org/wiki/Britny_Fox","glam metal","hard rock","","","","","","","","","","",""
"31342","Strawberry Switchblade","https://en.wikipedia.org/wiki/Strawberry_Switchblade","new wave","pop","","","","","","","","","","",""
"31344","Rose McDowall","https://en.wikipedia.org/wiki/Rose_McDowall","pop","new wave","neofolk","","","","","","","","","",""
"31410","Dirty Vegas","https://en.wikipedia.org/wiki/Dirty_Vegas","house","","","","","","","","","","","",""
"31415","Ervan Coleman","https://en.wikipedia.org/wiki/Ervan_Coleman","","","","","","","","","","","","",""
"31451","CKY","https://en.wikipedia.org/wiki/CKY_(band)","alternative metal","stoner rock","alternative rock","post-grunge","","","","","","","","",""
"31511","The Secret Machines","https://en.wikipedia.org/wiki/Secret_Machines","alternative rock","space rock","new prog","","","","","","","","","",""
"31520","Ricardo Montalbán","https://en.wikipedia.org/wiki/Ricardo_Montalbán","","","","","","","","","","","","",""
"31673","Bruno Zambrini","https://en.wikipedia.org/wiki/Bruno_Zambrini","","","","","","","","","","","","",""
"31701","Randy Brecker","https://en.wikipedia.org/wiki/Randy_Brecker","jazz","jazz fusion","funk","r&b","rock","","","","","","","",""
"31705","Les Dudek","https://en.wikipedia.org/wiki/Les_Dudek","blues rock","southern rock","","","","","","","","","","",""
"31712","Claudio Mattone","https://en.wikipedia.org/wiki/Claudio_Mattone","","","","","","","","","","","","",""
"31716","Jonathan Butler","https://en.wikipedia.org/wiki/Jonathan_Butler","rhythm and blues","jazz fusion","contemporary worship music","","","","","","","","","",""
"31718","John Parr","https://en.wikipedia.org/wiki/John_Parr","rock","","","","","","","","","","","",""
"31733","Andy Qunta","https://en.wikipedia.org/wiki/Andy_Qunta","rock","pop rock","","","","","","","","","","",""
"31738","Jill Johnson","https://en.wikipedia.org/wiki/Jill_Johnson","country","country rock","pop","schlager","","","","","","","","",""
"31774","Skunk Anansie","https://en.wikipedia.org/wiki/Skunk_Anansie","alternative metal","alternative rock","hard rock","","","","","","","","","",""
"31790","Buddy Killen","https://en.wikipedia.org/wiki/Buddy_Killen","","","","","","","","","","","","",""
"31803","Nicole & Hugo","https://en.wikipedia.org/wiki/Nicole_and_Hugo","pop","","","","","","","","","","","",""
"31815","Martin Sharp","https://en.wikipedia.org/wiki/Martin_Sharp","","","","","","","","","","","","",""
"31821","Totò Savio","https://en.wikipedia.org/wiki/Totò_Savio","","","","","","","","","","","","",""
"31827","Kajagoogoo","https://en.wikipedia.org/wiki/Steve_Askew","new wave","pop rock","synth-pop","","","","","","","","","",""
"31827","Kajagoogoo","https://en.wikipedia.org/wiki/Kajagoogoo","new wave","pop rock","synth-pop","","","","","","","","","",""
"31829","Nick Beggs","https://en.wikipedia.org/wiki/Nick_Beggs","progressive rock","art rock","hard rock","celtic rock","new wave","pop rock","synth-pop","","","","","",""
"31874","Wess","https://en.wikipedia.org/wiki/Wess","pop","soul","","","","","","","","","","",""
"31901","The Bravery","https://en.wikipedia.org/wiki/The_Bravery","indie rock","post-punk revival","dance-punk","synth-pop","alternative rock","","","","","","","",""
"31975","Jimi Tenor","https://en.wikipedia.org/wiki/Jimi_Tenor","","","","","","","","","","","","",""
"31978","Cheryl Cole","https://en.wikipedia.org/wiki/Cheryl_(singer)","pop","dance-pop","r&b","","","","","","","","","",""
"31980","Sarah Harding","https://en.wikipedia.org/wiki/Sarah_Harding","pop","pop rock","dance-pop","","","","","","","","","",""
"31981","Nicola Roberts","https://en.wikipedia.org/wiki/Nicola_Roberts","pop","dance-pop","synth-pop","","","","","","","","","",""
"31982","Kimberley Walsh","https://en.wikipedia.org/wiki/Kimberley_Walsh","pop","musical theatre","r&b","","","","","","","","","",""
"31993","Bitch Alert","https://en.wikipedia.org/wiki/Bitch_Alert","punk rock","riot grrrl","","","","","","","","","","",""
"32017","Negramaro","https://en.wikipedia.org/wiki/Negramaro","alternative pop","pop rock","pop","","","","","","","","","",""
"32018","Giuliano Sangiorgi","https://en.wikipedia.org/wiki/Giuliano_Sangiorgi","","","","","","","","","","","","",""
"32026","Max Pezzali","https://en.wikipedia.org/wiki/Max_Pezzali","pop","pop rock","alternative rock","","","","","","","","","",""
"32045","Raymond Lefèvre","https://en.wikipedia.org/wiki/Raymond_Lefèvre","","","","","","","","","","","","",""
"32056","Samuel","https://en.wikipedia.org/wiki/Samuel_Umberto_Romano","pop rock","soft rock","","","","","","","","","","",""
"32059","Righeira","https://en.wikipedia.org/wiki/Righeira","italo disco","synth-pop","new wave","electronic","italo house","","","","","","","",""
"32061","Johnson Righeira","https://en.wikipedia.org/wiki/Johnson_Righeira","italo disco","synth-pop","new wave","electronic","italo house","","","","","","","",""
"32071","Litfiba","https://en.wikipedia.org/wiki/Litfiba","rock","new wave","latin rock","hard rock","pop rock","latin metal","heavy metal","","","","","",""
"32077","Bert De Coninck","https://en.wikipedia.org/wiki/Bert_De_Coninck","","","","","","","","","","","","",""
"32112","Matt Sharp","https://en.wikipedia.org/wiki/Matt_Sharp","alternative rock","power pop","pop punk","emo","indie rock","","","","","","","",""
"32140","Jac Berrocal","https://en.wikipedia.org/wiki/Jac_Berrocal","","","","","","","","","","","","",""
"32141","Nurse With Wound","https://en.wikipedia.org/wiki/Nurse_with_Wound","experimental","industrial","avant-garde","dark ambient","noise","drone","","","","","","",""
"32163","Keigo Oyamada","https://en.wikipedia.org/wiki/Cornelius_(musician)","shibuya-kei","","","","","","","","","","","",""
"32170","Joseph Williams","https://en.wikipedia.org/wiki/Joseph_Williams_(musician)","hard rock","pop rock","film score","adult contemporary","","","","","","","","",""
"32248","Goldfrapp","https://en.wikipedia.org/wiki/Goldfrapp","synth-pop","electroclash","trip hop","folktronica","ambient","","","","","","","",""
"32253","Street Dogs","https://en.wikipedia.org/wiki/Street_Dogs","street punk","punk rock","oi","","","","","","","","","",""
"32296","The Yellow Monkey","https://en.wikipedia.org/wiki/The_Yellow_Monkey","hard rock","glam rock","alternative rock","","","","","","","","","",""
"32337","Lisa Miskovsky","https://en.wikipedia.org/wiki/Lisa_Miskovsky","pop","rock","","","","","","","","","","",""
"32349","Black Tape for a Blue Girl","https://en.wikipedia.org/wiki/Black_Tape_for_a_Blue_Girl","ethereal wave","darkwave","art pop","gothic rock","dark cabaret","dark ambient","","","","","","",""
"32389","Magnus Sveningsson","https://en.wikipedia.org/wiki/Magnus_Sveningsson","","","","","","","","","","","","",""
"32405","The Van Jets","https://en.wikipedia.org/wiki/The_Van_Jets","garage rock","pop rock","glam rock","rock and roll","","","","","","","","",""
"32419","Balthazar","https://en.wikipedia.org/wiki/Balthazar_(band)","indie pop","indie rock","","","","","","","","","","",""
"32420","Peter DiStefano","https://en.wikipedia.org/wiki/Peter_DiStefano","rock","","","","","","","","","","","",""
"32421","Martyn LeNoble","https://en.wikipedia.org/wiki/Martyn_LeNoble","punk rock","alternative rock","hard rock","","","","","","","","","",""
"32433","Gustaph","https://en.wikipedia.org/wiki/Gustaph_(singer)","dance music","","","","","","","","","","","",""
"32435","Joe Goddard","https://en.wikipedia.org/wiki/Joe_Goddard_(musician)","indietronica","synth-pop","house","alternative dance","","","","","","","","",""
"32439","Milow","https://en.wikipedia.org/wiki/Milow","acoustic","pop","","","","","","","","","","",""
"32520","Joana Zimmer","https://en.wikipedia.org/wiki/Joana_Zimmer","","","","","","","","","","","","",""
"32534","Helen Sjöholm","https://en.wikipedia.org/wiki/Helen_Sjöholm","","","","","","","","","","","","",""
"32535","Anders Ekborg","https://en.wikipedia.org/wiki/Anders_Ekborg","","","","","","","","","","","","",""
"32536","Peter Jöback","https://en.wikipedia.org/wiki/Peter_Jöback","pop","musical theatre","","","","","","","","","","",""
"32540","Trevor Lawrence","https://en.wikipedia.org/wiki/Trevor_Lawrence_(musician)","jazz","r&b","","","","","","","","","","",""
"32541","June Pointer","https://en.wikipedia.org/wiki/June_Pointer","r&b","pop","soul","dance","","","","","","","","",""
"32542","Anita Pointer","https://en.wikipedia.org/wiki/Anita_Pointer","r&b","soul","pop","dance","","","","","","","","",""
"32543","Ruth Pointer","https://en.wikipedia.org/wiki/Ruth_Pointer","r&b","pop","soul","funk","jazz","dance","","","","","","",""
"32544","Le Tigre","https://en.wikipedia.org/wiki/Le_Tigre","electronic rock","riot grrrl","electroclash","dance-punk","","","","","","","","",""
"32570","Jack Black","https://en.wikipedia.org/wiki/Jack_Black","comedy rock","acoustic rock","hard rock","heavy metal","","","","","","","","",""
"32586","FM","https://en.wikipedia.org/wiki/FM_(British_band)","hard rock","","","","","","","","","","","",""
"32614","Angela Bofill","https://en.wikipedia.org/wiki/Angela_Bofill","r&b","soul","pop","","","","","","","","","",""
"32635","Guesch Patti","https://en.wikipedia.org/wiki/Guesch_Patti","pop","","","","","","","","","","","",""
"32644","Martha and the Muffins","https://en.wikipedia.org/wiki/Martha_and_the_Muffins","post-punk","new wave","art pop","dance-pop","","","","","","","","",""
"32676","She & Him","https://en.wikipedia.org/wiki/She_&_Him","indie pop","alternative country","indie folk","","","","","","","","","",""
"32678","Mario Biondi","https://en.wikipedia.org/wiki/Mario_Biondi","soul","jazz","contemporary r&b","","","","","","","","","",""
"32679","Ten Years After","https://en.wikipedia.org/wiki/Ten_Years_After","blues rock","","","","","","","","","","","",""
"32807","Dudley Brooks","https://en.wikipedia.org/wiki/Dudley_Brooks","jazz","rock and roll","","","","","","","","","","",""
"32811","Mark Spiro","https://en.wikipedia.org/wiki/Mark_Spiro","pop","rock","","","","","","","","","","",""
"32819","Tinfed","https://en.wikipedia.org/wiki/Tinfed","alternative rock","","","","","","","","","","","",""
"32836","Giusy Ferreri","https://en.wikipedia.org/wiki/Giusy_Ferreri","pop","blues","","","","","","","","","","",""
"32846","Glamour of the Kill","https://en.wikipedia.org/wiki/Glamour_of_the_Kill","metalcore","post-hardcore","","","","","","","","","","",""
"32847","Coheed and Cambria","https://en.wikipedia.org/wiki/Coheed_and_Cambria","progressive rock","alternative rock","post-hardcore","emo","progressive metal","","","","","","","",""
"32870","Dennis DeYoung","https://en.wikipedia.org/wiki/Dennis_DeYoung","rock","progressive rock","pop rock","soft rock","hard rock","broadway","","","","","","",""
"32891","Buster Bloodvessel","https://en.wikipedia.org/wiki/Buster_Bloodvessel","ska","two-tone","","","","","","","","","","",""
"32891","Buster Bloodvessel","https://en.wikipedia.org/wiki/Buster_Bloodvessel","ska","two-tone","","","","","","","","","","",""
"32937","Andy Bell [1]","https://en.wikipedia.org/wiki/Andy_Bell_(Welsh_musician)","alternative rock","shoegaze","britpop","","","","","","","","","",""
"32966","Robyn","https://en.wikipedia.org/wiki/Robyn","electropop","synth-pop","dance-pop","r&b","","","","","","","","",""
"32977","Stellan Skarsgård","https://en.wikipedia.org/wiki/Stellan_Skarsgård","","","","","","","","","","","","",""
"32988","Oakley Haldeman","https://en.wikipedia.org/wiki/Oakley_Haldeman","","","","","","","","","","","","",""
"32989","Taylor Hanson","https://en.wikipedia.org/wiki/Taylor_Hanson","power pop","pop rock","","","","","","","","","","",""
"33002","Deerhoof","https://en.wikipedia.org/wiki/Deerhoof","indie rock","experimental pop","noise pop","punk rock","","","","","","","","",""
"33088","Swingin' Utters","https://en.wikipedia.org/wiki/Swingin'_Utters","punk rock","street punk","cowpunk","","","","","","","","","",""
"33187","Harvey Danger","https://en.wikipedia.org/wiki/Harvey_Danger","indie rock","alternative rock","","","","","","","","","","",""
"33203","Anthony Monn","https://en.wikipedia.org/wiki/Anthony_Monn","rock and roll","euro disco","","","","","","","","","","",""
"33216","End of Fashion","https://en.wikipedia.org/wiki/End_of_Fashion","pop rock","power pop","indie rock","","","","","","","","","",""
"33240","Brian Robertson","https://en.wikipedia.org/wiki/Brian_Robertson_(guitarist)","hard rock","blues rock","heavy metal","rock and roll","","","","","","","","",""
"33242","Katja Ebstein","https://en.wikipedia.org/wiki/Katja_Ebstein","schlager","","","","","","","","","","","",""
"33246","Robin Sarstedt","https://en.wikipedia.org/wiki/Clive_Sarstedt","pop","","","","","","","","","","","",""
"33251","Paul Reubens","https://en.wikipedia.org/wiki/Paul_Reubens","","","","","","","","","","","","",""
"33277","Marva","https://en.wikipedia.org/wiki/Marva_Mollet","","","","","","","","","","","","",""
"33279","Greetje Kauffeld","https://en.wikipedia.org/wiki/Greetje_Kauffeld","jazz","","","","","","","","","","","",""
"33343","Jim Glaser","https://en.wikipedia.org/wiki/Jim_Glaser","country","","","","","","","","","","","",""
"33358","Teenage Bottlerocket","https://en.wikipedia.org/wiki/Teenage_Bottlerocket","punk rock","skate punk","pop punk","","","","","","","","","",""
"33359","Broadway Calls","https://en.wikipedia.org/wiki/Broadway_Calls","pop punk","punk rock","","","","","","","","","","",""
"33376","Axel Bauer","https://en.wikipedia.org/wiki/Axel_Bauer","rock","pop","","","","","","","","","","",""
"33394","Mino Reitano","https://en.wikipedia.org/wiki/Mino_Reitano","","","","","","","","","","","","",""
"33422","Throbbing Gristle","https://en.wikipedia.org/wiki/Throbbing_Gristle","industrial","post-punk","noise","experimental","electronic","","","","","","","",""
"33424","Genesis P-Orridge","https://en.wikipedia.org/wiki/Genesis_P-Orridge","experimental","industrial","avant-garde","electronic","psychedelic","","","","","","","",""
"33503","Jimmy Roselli","https://en.wikipedia.org/wiki/Jimmy_Roselli","traditional pop","jazz","","","","","","","","","","",""
"33505","Vladimir Cosma","https://en.wikipedia.org/wiki/Vladimir_Cosma","","","","","","","","","","","","",""
"33509","The Loved Ones","https://en.wikipedia.org/wiki/The_Loved_Ones_(American_band)","punk rock","pop-punk","","","","","","","","","","",""
"33514","Chuck Ragan","https://en.wikipedia.org/wiki/Chuck_Ragan","folk rock","punk rock","folk punk","","","","","","","","","",""
"33553","Madcon","https://en.wikipedia.org/wiki/Madcon","electropop","dance-pop","hip hop","eurodance","","","","","","","","",""
"33576","Geoff Morrow","https://en.wikipedia.org/wiki/Geoff_Morrow","","","","","","","","","","","","",""
"33580","Bomb the Music Industry!","https://en.wikipedia.org/wiki/Bomb_the_Music_Industry!","punk rock","ska punk","indie rock","folk punk","","","","","","","","",""
"33644","Anne Clark","https://en.wikipedia.org/wiki/Anne_Clark_(poet)","new wave","dark wave","electronic","avant-garde","","","","","","","","",""
"33669","Irene Grandi","https://en.wikipedia.org/wiki/Irene_Grandi","pop","rock","soul","blues","","","","","","","","",""
"33671","Luca Barbarossa","https://en.wikipedia.org/wiki/Luca_Barbarossa","pop","rock","","","","","","","","","","",""
"33673","Mango","https://en.wikipedia.org/wiki/Mango_(singer)","pop rock","folk","world music","","","","","","","","","",""
"33675","Mario Lavezzi","https://en.wikipedia.org/wiki/Mario_Lavezzi","","","","","","","","","","","","",""
"33694","Sandrine Kiberlain","https://en.wikipedia.org/wiki/Sandrine_Kiberlain","","","","","","","","","","","","",""
"33744","Akira Ishikawa","https://en.wikipedia.org/wiki/Akira_Ishikawa","jazz","","","","","","","","","","","",""
"33745","Norio Maeda","https://en.wikipedia.org/wiki/Norio_Maeda","","","","","","","","","","","","",""
"33750","Big Jay McNeely","https://en.wikipedia.org/wiki/Big_Jay_McNeely","jump blues","west coast blues","jazz blues","r&b","","","","","","","","",""
"33784","Raffaella Carrà","https://en.wikipedia.org/wiki/Raffaella_Carrà","pop","italo disco","r&b","latin","","","","","","","","",""
"33796","Andy McCoy","https://en.wikipedia.org/wiki/Andy_McCoy","hard rock","glam punk","glam rock","rock n roll","flamenco","punk rock","blues rock","","","","","",""
"33816","Martin Cooper [1]","https://en.wikipedia.org/wiki/Martin_Cooper_(musician)","new wave","synth-pop","","","","","","","","","","",""
"33848","Chris Shiflett","https://en.wikipedia.org/wiki/Chris_Shiflett","alternative rock","punk rock","skate punk","post-grunge","country rock","hard rock","","","","","","",""
"33849","Taylor  Hawkins","https://en.wikipedia.org/wiki/Taylor_Hawkins","alternative rock","post-grunge","hard rock","alternative metal","progressive rock","","","","","","","",""
"33860","Ben Oakland","https://en.wikipedia.org/wiki/Ben_Oakland","","","","","","","","","","","","",""
"33906","Dangerous Toys","https://en.wikipedia.org/wiki/Dangerous_Toys","hard rock","glam metal","southern rock","southern metal","","","","","","","","",""
"33920","Matt Malneck","https://en.wikipedia.org/wiki/Matty_Malneck","jazz","swing","","","","","","","","","","",""
"33924","Pete Murray","https://en.wikipedia.org/wiki/Pete_Murray_(Australian_singer-songwriter)","rock","folk","acoustic","","","","","","","","","",""
"33925","The Crüxshadows","https://en.wikipedia.org/wiki/The_Crüxshadows","dark wave","synthpop","dance","trance","gothic rock","","","","","","","",""
"34001","The Sainte Catherines","https://en.wikipedia.org/wiki/The_Sainte_Catherines","hardcore punk","","","","","","","","","","","",""
"34036","John Loeb","https://en.wikipedia.org/wiki/John_Jacob_Loeb","","","","","","","","","","","","",""
"34059","Dredg","https://en.wikipedia.org/wiki/Dredg","alternative rock","experimental rock","art rock","post-rock","progressive rock","alternative metal","","","","","","",""
"34060","Circle [1]","https://en.wikipedia.org/wiki/Circle_(Finnish_band)","experimental rock","","","","","","","","","","","",""
"34095","Ripmen","https://en.wikipedia.org/wiki/Ripmen","psychobilly","rockabilly","","","","","","","","","","",""
"34116","The Gaslight Anthem","https://en.wikipedia.org/wiki/The_Gaslight_Anthem","heartland rock","punk rock","indie rock","folk punk","","","","","","","","",""
"34119","The Flatliners","https://en.wikipedia.org/wiki/The_Flatliners","punk rock","melodic hardcore","ska punk","","","","","","","","","",""
"34125","Scott Boyer","https://en.wikipedia.org/wiki/Scott_Boyer","rock","country rock","folk","southern rock","","","","","","","","",""
"34139","Simon Hinkler","https://en.wikipedia.org/wiki/Simon_Hinkler","post-punk","alternative rock","gothic rock","","","","","","","","","",""
"34205","The All-American Rejects","https://en.wikipedia.org/wiki/The_All-American_Rejects","alternative rock","power pop","pop rock","pop-punk","emo pop","","","","","","","",""
"34206","Amiina","https://en.wikipedia.org/wiki/Amiina","indie pop","minimalism","neoclassical","folk","ambient","post-rock","","","","","","",""
"34207","Flyleaf","https://en.wikipedia.org/wiki/Flyleaf_(band)","alternative rock","post-grunge","hard rock","alternative metal","christian rock","","","","","","","",""
"34212","The Album Leaf","https://en.wikipedia.org/wiki/The_Album_Leaf","ambient","electronic","","","","","","","","","","",""
"34213","Tiger Army","https://en.wikipedia.org/wiki/Tiger_Army","psychobilly","horror punk","alternative rock","","","","","","","","","",""
"34215","Redd Evans","https://en.wikipedia.org/wiki/Redd_Evans","","","","","","","","","","","","",""
"34276","Steffen Brandt","https://en.wikipedia.org/wiki/Steffen_Brandt","pop","pop rock","","","","","","","","","","",""
"34291","Kim Larsen","https://en.wikipedia.org/wiki/Kim_Larsen","rock","pop","","","","","","","","","","",""
"34314","Masterplan","https://en.wikipedia.org/wiki/Masterplan_(band)","power metal","","","","","","","","","","","",""
"34317","Pete St. John","https://en.wikipedia.org/wiki/Pete_St_John","folk","","","","","","","","","","","",""
"34327","Michael Dunford","https://en.wikipedia.org/wiki/Michael_Dunford_(musician)","progressive rock","","","","","","","","","","","",""
"34328","Betty Thatcher","https://en.wikipedia.org/wiki/Betty_Thatcher","","","","","","","","","","","","",""
"34352","Walter Davis","https://en.wikipedia.org/wiki/Walter_Davis_(blues)","blues","","","","","","","","","","","",""
"34395","Ladri di biciclette","https://en.wikipedia.org/wiki/Ladri_di_Biciclette_(band)","","","","","","","","","","","","",""
"34444","Paul Kossoff","https://en.wikipedia.org/wiki/Paul_Kossoff","rock","blues","blues rock","hard rock","","","","","","","","",""
"34511","Amy MacDonald","https://en.wikipedia.org/wiki/Amy_Macdonald","folk rock","indie pop","soft rock","pop rock","","","","","","","","",""
"34527","Julio César Sanders","https://en.wikipedia.org/wiki/Julio_César_Sanders","tango","","","","","","","","","","","",""
"34540","Grand Duchy","https://en.wikipedia.org/wiki/Grand_Duchy_(band)","","","","","","","","","","","","",""
"34573","Hanne Boel","https://en.wikipedia.org/wiki/Hanne_Boel","","","","","","","","","","","","",""
"34580","E-Rotic","https://en.wikipedia.org/wiki/E-Rotic","eurodance","","","","","","","","","","","",""
"34621","Kingston Wall","https://en.wikipedia.org/wiki/Kingston_Wall","psychedelic rock","progressive rock","acid rock","","","","","","","","","",""
"34634","Cabaret Voltaire","https://en.wikipedia.org/wiki/Cabaret_Voltaire_(band)","industrial","post-punk","ebm","electro","acid house","techno","","","","","","",""
"34642","Gerard Kenny","https://en.wikipedia.org/wiki/Gerard_Kenny","","","","","","","","","","","","",""
"34645","Emilie Autumn","https://en.wikipedia.org/wiki/Emilie_Autumn","classical","electronica","industrial","","","","","","","","","",""
"34646","Eric Idle","https://en.wikipedia.org/wiki/Eric_Idle","","","","","","","","","","","","",""
"34649","Spider Stacy","https://en.wikipedia.org/wiki/Spider_Stacy","celtic punk","folk punk","","","","","","","","","","",""
"34650","Terry Woods","https://en.wikipedia.org/wiki/Terry_Woods","folk","folk rock","celtic rock","celtic punk","","","","","","","","",""
"34660","Neil Carter","https://en.wikipedia.org/wiki/Neil_Carter_(musician)","classical music","jazz","hard rock","heavy metal","","","","","","","","",""
"34681","Al Casey","https://en.wikipedia.org/wiki/Al_Casey_(rock_guitarist)","rock","pop","rockabilly","","","","","","","","","",""
"34705","Don Johnson","https://en.wikipedia.org/wiki/Don_Johnson","","","","","","","","","","","","",""
"34717","Bat for Lashes","https://en.wikipedia.org/wiki/Bat_for_Lashes","indie pop","dream pop","baroque pop","art pop","folktronica","synth-pop","","","","","","",""
"34732","Christer Sjögren","https://en.wikipedia.org/wiki/Christer_Sjögren","dansband","rock","schlager","","","","","","","","","",""
"34775","Loudness","https://en.wikipedia.org/wiki/Loudness_(band)","heavy metal","glam metal","speed metal","progressive metal","groove metal","","","","","","","",""
"34775","Loudness","https://en.wikipedia.org/wiki/Masayoshi_Yamashita","heavy metal","glam metal","speed metal","progressive metal","groove metal","","","","","","","",""
"34779","Hurricane","https://en.wikipedia.org/wiki/Hurricane_(American_band)","hard rock","glam metal","heavy metal","","","","","","","","","",""
"34831","Fake Problems","https://en.wikipedia.org/wiki/Fake_Problems","indie rock","punk rock","emo","folk punk","","","","","","","","",""
"34874","Van Walls","https://en.wikipedia.org/wiki/Vann_""Piano_Man""_Walls","blues","r&b","","","","","","","","","","",""
"34927","Midlake","https://en.wikipedia.org/wiki/Midlake","alternative rock","folk rock","psychedelic rock","progressive rock","","","","","","","","",""
"34939","The Slickers","https://en.wikipedia.org/wiki/The_Slickers","reggae","","","","","","","","","","","",""
"34982","Chris Carrabba","https://en.wikipedia.org/wiki/Chris_Carrabba","alternative rock","indie rock","emo","acoustic rock","","","","","","","","",""
"35011","Il Divo","https://en.wikipedia.org/wiki/Il_Divo","classical crossover","operatic pop","folk","bolero","mambo","tango","","","","","","",""
"35037","Jester Hairston","https://en.wikipedia.org/wiki/Jester_Hairston","","","","","","","","","","","","",""
"35040","Nice & Smooth","https://en.wikipedia.org/wiki/Nice_&_Smooth","hip hop","","","","","","","","","","","",""
"35056","Keith McCormack","https://en.wikipedia.org/wiki/Keith_McCormack","","","","","","","","","","","","",""
"35076","Boys Like Girls","https://en.wikipedia.org/wiki/Boys_Like_Girls","pop rock","pop-punk","emo","alternative rock","","","","","","","","",""
"35121","VNV Nation","https://en.wikipedia.org/wiki/VNV_Nation","synth-pop","futurepop","ebm","industrial dance","progressive trance","","","","","","","",""
"35122","Ronan Harris","https://en.wikipedia.org/wiki/Ronan_Harris","futurepop","trance","synth-pop","ebm","","","","","","","","",""
"35133","John Steel","https://en.wikipedia.org/wiki/John_Steel_(singer)","","","","","","","","","","","","",""
"35136","Milla Jovovich","https://en.wikipedia.org/wiki/Milla_Jovovich","","","","","","","","","","","","",""
"35143","Arthur Hammerstein","https://en.wikipedia.org/wiki/Arthur_Hammerstein","","","","","","","","","","","","",""
"35158","Bobby Braddock","https://en.wikipedia.org/wiki/Bobby_Braddock","country","","","","","","","","","","","",""
"35164","Gus Backus","https://en.wikipedia.org/wiki/Gus_Backus","schlager","pop","rock and roll","doo-wop","","","","","","","","",""
"35167","Four Year Strong","https://en.wikipedia.org/wiki/Four_Year_Strong","pop-punk","easycore","melodic hardcore","","","","","","","","","",""
"35222","Marcelinho da Lua","https://en.wikipedia.org/wiki/Marcelinho_da_Lua","","","","","","","","","","","","",""
"35228","Hanna Pakarinen","https://en.wikipedia.org/wiki/Hanna_Pakarinen","pop","pop rock","adult contemporary","","","","","","","","","",""
"35234","Stuart Kershaw","https://en.wikipedia.org/wiki/Stuart_Kershaw","pop","dance-pop","electronic","","","","","","","","","",""
"35239","Refused","https://en.wikipedia.org/wiki/Refused","hardcore punk","post-hardcore","alternative rock","","","","","","","","","",""
"35256","The Head Cat","https://en.wikipedia.org/wiki/The_Head_Cat","rockabilly","jump blues","rock and roll","","","","","","","","","",""
"35288","Peter Steele","https://en.wikipedia.org/wiki/Peter_Steele","gothic metal","doom metal","heavy metal","thrash metal","","","","","","","","",""
"35300","Iain Archer","https://en.wikipedia.org/wiki/Iain_Archer","rock","folk","indie","","","","","","","","","",""
"35301","Mark McClelland","https://en.wikipedia.org/wiki/Mark_McClelland","indie rock","alternative rock","power pop","","","","","","","","","",""
"35324","Beth Ditto","https://en.wikipedia.org/wiki/Beth_Ditto","indie rock","post-punk","synthpop","","","","","","","","","",""
"35328","Dizzee Rascal","https://en.wikipedia.org/wiki/Dizzee_Rascal","british hip hop","grime","bassline","uk garage","r&b","","","","","","","",""
"35332","Sam Sparro","https://en.wikipedia.org/wiki/Sam_Sparro","funktronica","funk","synth-pop","soul","neo soul","nu-disco","house","","","","","",""
"35338","Katy Perry","https://en.wikipedia.org/wiki/Katy_Perry","pop","dance","rock","","","","","","","","","",""
"35340","Paul Epworth","https://en.wikipedia.org/wiki/Paul_Epworth","indie rock","punk rock","hip hop","pop","dance","","","","","","","",""
"35349","Poo Bear","https://en.wikipedia.org/wiki/Poo_Bear","pop","r&b","","","","","","","","","","",""
"35369","Randy","https://en.wikipedia.org/wiki/Randy_(band)","punk rock","garage punk","ska punk","skate punk","","","","","","","","",""
"35374","Teddybears","https://en.wikipedia.org/wiki/Teddybears_(band)","rock","electronica","alternative rock","","","","","","","","","",""
"35411","Xmal Deutschland","https://en.wikipedia.org/wiki/Xmal_Deutschland","post-punk","gothic rock","neue deutsche welle","dark wave","new wave","alternative rock","dream pop","","","","","",""
"35433","Philadelphia Jerry Ricks","https://en.wikipedia.org/wiki/Jerry_Ricks","country blues","","","","","","","","","","","",""
"35451","Brent Spiner","https://en.wikipedia.org/wiki/Brent_Spiner","","","","","","","","","","","","",""
"35471","José Luis Perales","https://en.wikipedia.org/wiki/José_Luis_Perales","latin pop","","","","","","","","","","","",""
"35491","Tom Coster","https://en.wikipedia.org/wiki/Tom_Coster","rock","latin rock","jazz fusion","classical","","","","","","","","",""
"35536","The Bronx","https://en.wikipedia.org/wiki/The_Bronx_(band)","hardcore punk","punk rock","hard rock","garage punk","mariachi","","","","","","","",""
"35536","The Bronx","https://en.wikipedia.org/wiki/The_Bronx_(band)","hardcore punk","punk rock","hard rock","garage punk","mariachi","","","","","","","",""
"35541","Jackson United","https://en.wikipedia.org/wiki/Jackson_United","punk rock","","","","","","","","","","","",""
"35542","Eliot Kennedy","https://en.wikipedia.org/wiki/Eliot_Kennedy","","","","","","","","","","","","",""
"35605","Mambo Kurt","https://en.wikipedia.org/wiki/Mambo_Kurt","","","","","","","","","","","","",""
"35691","The Cardinals","https://en.wikipedia.org/wiki/The_Cardinals","","","","","","","","","","","","",""
"35698","Johnny MacRae","https://en.wikipedia.org/wiki/Johnny_MacRae","","","","","","","","","","","","",""
"35744","The Faint","https://en.wikipedia.org/wiki/The_Faint","indie rock","post-punk revival","dance-punk","new wave","","","","","","","","",""
"35754","Alexander Young","https://en.wikipedia.org/wiki/Alexander_Young_(musician)","rock","","","","","","","","","","","",""
"35760","Watchtower","https://en.wikipedia.org/wiki/Watchtower_(band)","progressive metal","technical thrash metal","","","","","","","","","","",""
"35763","Duffy","https://en.wikipedia.org/wiki/Duffy_(singer)","soul","blue-eyed soul","neo soul","pop","pop rock","","","","","","","",""
"35786","Stacy Keach","https://en.wikipedia.org/wiki/Stacy_Keach","","","","","","","","","","","","",""
"35800","Cobra Skulls","https://en.wikipedia.org/wiki/Cobra_Skulls","punk rock","","","","","","","","","","","",""
"35810","Wolfmother","https://en.wikipedia.org/wiki/Wolfmother","hard rock","blues rock","stoner rock","neo-psychedelia","","","","","","","","",""
"35815","Broken Social Scene","https://en.wikipedia.org/wiki/Broken_Social_Scene","indie rock","post-rock","experimental pop","baroque pop","indie pop","","","","","","","",""
"35817","Shout Out Louds","https://en.wikipedia.org/wiki/Shout_Out_Louds","indie pop","indie rock","alternative rock","","","","","","","","","",""
"35819","Dawn Penn","https://en.wikipedia.org/wiki/Dawn_Penn","reggae","rocksteady","dancehall","","","","","","","","","",""
"35821","Vybz Kartel","https://en.wikipedia.org/wiki/Vybz_Kartel","dancehall","reggae","","","","","","","","","","",""
"35832","Dave Pell","https://en.wikipedia.org/wiki/Dave_Pell","jazz","","","","","","","","","","","",""
"35834","Hank Marvin","https://en.wikipedia.org/wiki/Hank_Marvin","beat","instrumental rock","rock & roll","","","","","","","","","",""
"35862","Katerine","https://en.wikipedia.org/wiki/Philippe_Katerine","","","","","","","","","","","","",""
"35927","Tom Novembre","https://en.wikipedia.org/wiki/Tom_Novembre","","","","","","","","","","","","",""
"35928","Bourvil","https://en.wikipedia.org/wiki/Bourvil","","","","","","","","","","","","",""
"36021","C.W. Stoneking","https://en.wikipedia.org/wiki/C._W._Stoneking","blues","country blues","vaudeville blues","","","","","","","","","",""
"36039","Barbecue Bob","https://en.wikipedia.org/wiki/Barbecue_Bob","piedmont blues","country blues","","","","","","","","","","",""
"36138","David Sitek","https://en.wikipedia.org/wiki/Dave_Sitek","indie rock","","","","","","","","","","","",""
"36151","David Ackles","https://en.wikipedia.org/wiki/David_Ackles","","","","","","","","","","","","",""
"36178","Lucky Millinder","https://en.wikipedia.org/wiki/Lucky_Millinder","r&b","jump blues","swing","","","","","","","","","",""
"36202","Isaac Slade","https://en.wikipedia.org/wiki/Isaac_Slade","alternative rock","pop rock","","","","","","","","","","",""
"36203","Joe King","https://en.wikipedia.org/wiki/Joe_King_(musician)","pop rock","alternative rock","","","","","","","","","","",""
"36204","Rob Thomas","https://en.wikipedia.org/wiki/Rob_Thomas_(musician)","pop rock","alternative rock","post-grunge","pop","soft rock","adult contemporary","","","","","","",""
"36205","Itaal Shur","https://en.wikipedia.org/wiki/Itaal_Shur","acid jazz","avant-garde jazz","funk","techno","hip hop","","","","","","","",""
"36210","Sara Bareilles","https://en.wikipedia.org/wiki/Sara_Bareilles","pop","pop rock","soul","","","","","","","","","",""
"36211","Sean Kingston","https://en.wikipedia.org/wiki/Sean_Kingston","pop","reggae fusion","r&b","hip-hop","","","","","","","","",""
"36217","Omarion","https://en.wikipedia.org/wiki/Omarion","r&b","pop","","","","","","","","","","",""
"36220","Ezekiel Lewis","https://en.wikipedia.org/wiki/Ezekiel_Lewis","","","","","","","","","","","","",""
"36221","Keri Hilson","https://en.wikipedia.org/wiki/Keri_Hilson","r&b","pop","","","","","","","","","","",""
"36224","Tim James","https://en.wikipedia.org/wiki/Tim_James_(musician)","pop","","","","","","","","","","","",""
"36225","Robert Allen [1]","https://en.wikipedia.org/wiki/Rob._A!","pop","dance","r&b","","","","","","","","","",""
"36230","Mayday Parade","https://en.wikipedia.org/wiki/Mayday_Parade","pop-punk","pop rock","alternative rock","emo","","","","","","","","",""
"36231","A Day to Remember","https://en.wikipedia.org/wiki/A_Day_to_Remember","metalcore","pop-punk","post-hardcore","alternative rock","","","","","","","","",""
"36233","There for Tomorrow","https://en.wikipedia.org/wiki/There_for_Tomorrow","alternative rock","emo","pop punk","post-hardcore","","","","","","","","",""
"36236","The Cab","https://en.wikipedia.org/wiki/The_Cab","alternative rock","pop punk","pop rock","power pop","emo pop","pop","","","","","","",""
"36238","Cage the Elephant","https://en.wikipedia.org/wiki/Cage_the_Elephant","alternative rock","indie rock","psychedelic rock","garage rock","punk blues","post-punk","","","","","","",""
"36305","Allan Roberts","https://en.wikipedia.org/wiki/Allan_Roberts_(songwriter)","","","","","","","","","","","","",""
"36307","Sanne Salomonsen","https://en.wikipedia.org/wiki/Sanne_Salomonsen","pop","rock","jazz","musical theatre","country music","","","","","","","",""
"36330","The New Pornographers","https://en.wikipedia.org/wiki/The_New_Pornographers","indie rock","power pop","post-punk revival","","","","","","","","","",""
"36362","Lemuria","https://en.wikipedia.org/wiki/Lemuria_(American_band)","indie rock","punk rock","emo","power pop","","","","","","","","",""
"36376","Peggy Sue","https://en.wikipedia.org/wiki/Peggy_Sue_(band)","indie folk","blues","","","","","","","","","","",""
"36406","Siw Malmkvist","https://en.wikipedia.org/wiki/Siw_Malmkvist","schlager","","","","","","","","","","","",""
"36428","John DeNicola","https://en.wikipedia.org/wiki/John_DeNicola","","","","","","","","","","","","",""
"36441","Craig Adams","https://en.wikipedia.org/wiki/Craig_Adams_(musician)","post punk","gothic rock","alternative rock","","","","","","","","","",""
"36458","Mísia","https://en.wikipedia.org/wiki/Mísia","","","","","","","","","","","","",""
"36459","Karen Damen","https://en.wikipedia.org/wiki/Karen_Damen","pop","","","","","","","","","","","",""
"36465","U Roy","https://en.wikipedia.org/wiki/U-Roy","reggae","rocksteady","dancehall","dub","","","","","","","","",""
"36470","Junkie XL","https://en.wikipedia.org/wiki/Tom_Holkenborg","big beat","electronic","trance","ambient","electronic rock","film score","","","","","","",""
"36485","Les Savy Fav","https://en.wikipedia.org/wiki/Les_Savy_Fav","indie rock","math rock","post-punk revival","post-hardcore","art punk","noise rock","","","","","","",""
"36518","Robert Görl","https://en.wikipedia.org/wiki/Robert_Görl","industrial","electronic","","","","","","","","","","",""
"36580","Squallor","https://en.wikipedia.org/wiki/Squallor","","","","","","","","","","","","",""
"36603","Noemi","https://en.wikipedia.org/wiki/Noemi_(singer)","pop","soul","","","","","","","","","","",""
"36611","Mike Bongiorno","https://en.wikipedia.org/wiki/Mike_Bongiorno","","","","","","","","","","","","",""
"36669","Johnny Lange","https://en.wikipedia.org/wiki/Johnny_Lange","","","","","","","","","","","","",""
"36688","Edguy","https://en.wikipedia.org/wiki/Edguy","power metal","heavy metal","","","","","","","","","","",""
"36689","Big Bad Voodoo Daddy","https://en.wikipedia.org/wiki/Big_Bad_Voodoo_Daddy","swing revival","jump blues","lounge","","","","","","","","","",""
"36690","Clawfinger","https://en.wikipedia.org/wiki/Clawfinger","rap metal","nu metal","industrial metal","alternative metal","","","","","","","","",""
"36701","Diaframma","https://en.wikipedia.org/wiki/Diaframma","punk rock","dark wave","gothic rock","","","","","","","","","",""
"36771","Christopher Ward","https://en.wikipedia.org/wiki/Christopher_Ward_(songwriter)","pop","","","","","","","","","","","",""
"36772","David Tyson","https://en.wikipedia.org/wiki/David_Tyson","","","","","","","","","","","","",""
"36774","Mark Shreeve","https://en.wikipedia.org/wiki/Mark_Shreeve","electronic","","","","","","","","","","","",""
"36778","J. Blackfoot","https://en.wikipedia.org/wiki/J._Blackfoot","soul","r&b","southern soul","","","","","","","","","",""
"36779","Raine Maida","https://en.wikipedia.org/wiki/Raine_Maida","post-grunge","alternative rock","spoken word","folk","","","","","","","","",""
"36783","The Saint Alvia Cartel","https://en.wikipedia.org/wiki/Saint_Alvia","rock","punk","reggae","","","","","","","","","",""
"36815","The New Standards","https://en.wikipedia.org/wiki/The_New_Standards","jazz","","","","","","","","","","","",""
"36846","Robert Tepper","https://en.wikipedia.org/wiki/Robert_Tepper","hard rock","aor","soft rock","pop rock","rock","","","","","","","",""
"36910","Chris DeGarmo","https://en.wikipedia.org/wiki/Chris_DeGarmo","heavy metal","hard rock","progressive metal","glam metal","","","","","","","","",""
"36935","Samael","https://en.wikipedia.org/wiki/Samael_(band)","symphonic black metal","industrial metal","black metal","","","","","","","","","",""
"36944","Rino Gaetano","https://en.wikipedia.org/wiki/Rino_Gaetano","rock","reggae","pop","","","","","","","","","",""
"36945","Gigi D'Alessio","https://en.wikipedia.org/wiki/Gigi_D'Alessio","pop","neapolitan","","","","","","","","","","",""
"36947","Anna Tatangelo","https://en.wikipedia.org/wiki/Anna_Tatangelo","pop","dance-pop","","","","","","","","","","",""
"36957","Floyd Robinson","https://en.wikipedia.org/wiki/Floyd_Robinson_(singer)","country","rockabilly","","","","","","","","","","",""
"36965","Bill Gaither","https://en.wikipedia.org/wiki/Bill_Gaither","southern gospel","contemporary christian","","","","","","","","","","",""
"37037","Piero Ciampi","https://en.wikipedia.org/wiki/Piero_Ciampi","","","","","","","","","","","","",""
"37052","Alice Babs","https://en.wikipedia.org/wiki/Alice_Babs","jazz","schlager","","","","","","","","","","",""
"37095","Dream Evil","https://en.wikipedia.org/wiki/Dream_Evil","heavy metal","power metal","","","","","","","","","","",""
"37099","Fredrik Nordström","https://en.wikipedia.org/wiki/Fredrik_Nordström","heavy metal","power metal","melodic death metal","","","","","","","","","",""
"37101","Ville Laihiala","https://en.wikipedia.org/wiki/Ville_Laihiala","gothic metal","heavy metal","","","","","","","","","","",""
"37102","Miika Tenkula","https://en.wikipedia.org/wiki/Miika_Tenkula","death metal","melodic death metal","gothic metal","","","","","","","","","",""
"37103","Sami Lopakka","https://en.wikipedia.org/wiki/Sami_Lopakka","heavy metal","death metal","doom metal","melodic death metal","gothic metal","","","","","","","",""
"37104","Vesa Ranta","https://en.wikipedia.org/wiki/Vesa_Ranta","death metal","melodic death metal","heavy metal","","","","","","","","","",""
"37181","Architects","https://en.wikipedia.org/wiki/Architects_(British_band)","metalcore","progressive metalcore","alternative metal","mathcore","","","","","","","","",""
"37193","In This Moment","https://en.wikipedia.org/wiki/In_This_Moment","alternative metal","hard rock","metalcore","industrial metal","gothic metal","pop metal","","","","","","",""
"37194","Kivimetsän Druidi","https://en.wikipedia.org/wiki/Kivimetsän_Druidi","symphonic metal","folk metal","black metal","","","","","","","","","",""
"37235","Zeke Clements","https://en.wikipedia.org/wiki/Zeke_Clements","country","","","","","","","","","","","",""
"37237","Francis Blanche","https://en.wikipedia.org/wiki/Francis_Blanche","","","","","","","","","","","","",""
"37240","Albert Willemetz","https://en.wikipedia.org/wiki/Albert_Willemetz","","","","","","","","","","","","",""
"37269","Volbeat","https://en.wikipedia.org/wiki/Volbeat","heavy metal","hard rock","rockabilly","psychobilly","groove metal","rock and roll","","","","","","",""
"37270","Melody Gardot","https://en.wikipedia.org/wiki/Melody_Gardot","jazz","","","","","","","","","","","",""
"37277","Rigmor Gustafsson","https://en.wikipedia.org/wiki/Rigmor_Gustafsson","jazz","","","","","","","","","","","",""
"37284","Trey Songz","https://en.wikipedia.org/wiki/Trey_Songz","r&b","","","","","","","","","","","",""
"37319","Bob Sinclar","https://en.wikipedia.org/wiki/Bob_Sinclar","house","reggae fusion","ragga","electro house","french house","hip house","","","","","","",""
"37335","Chris Eaton","https://en.wikipedia.org/wiki/Chris_Eaton_(British_musician)","contemporary christian","pop","","","","","","","","","","",""
"37336","Raised Fist","https://en.wikipedia.org/wiki/Raised_Fist","hardcore punk","","","","","","","","","","","",""
"37341","Roger Bowling","https://en.wikipedia.org/wiki/Roger_Bowling_(songwriter)","","","","","","","","","","","","",""
"37342","Hal Bynum","https://en.wikipedia.org/wiki/Hal_Bynum","country music","","","","","","","","","","","",""
"37367","John Ballard","https://en.wikipedia.org/wiki/John_Ballard_(record_producer)","","","","","","","","","","","","",""
"37393","Tommy Körberg","https://en.wikipedia.org/wiki/Tommy_Körberg","pop","schlager","","","","","","","","","","",""
"37414","Wilko Johnson","https://en.wikipedia.org/wiki/Wilko_Johnson","rock","pub rock","rhythm and blues","proto-punk","","","","","","","","",""
"37446","Whitey Shafer","https://en.wikipedia.org/wiki/Sanger_D._Shafer","country","","","","","","","","","","","",""
"37482","Stephen Egerton","https://en.wikipedia.org/wiki/Stephen_Egerton_(guitarist)","rock","punk rock","pop punk","hardcore punk","melodic hardcore","","","","","","","",""
"37516","The Soundtrack of Our Lives","https://en.wikipedia.org/wiki/The_Soundtrack_of_Our_Lives","alternative rock","neo-psychedelia","","","","","","","","","","",""
"37532","Henry Thomas","https://en.wikipedia.org/wiki/Henry_Thomas_(blues_musician)","country blues","ragtime","gospel","","","","","","","","","",""
"37595","Mick Harris","https://en.wikipedia.org/wiki/Mick_Harris","hardcore punk","grindcore","deathgrind","extreme metal","electronica","experimental","industrial","free jazz","illbient","dub","","",""
"37598","Deathstars","https://en.wikipedia.org/wiki/Deathstars","industrial metal","gothic metal","","","","","","","","","","",""
"37614","Glay","https://en.wikipedia.org/wiki/Glay","pop rock","power pop","progressive rock","","","","","","","","","",""
"37620","Peter Bjorn and John","https://en.wikipedia.org/wiki/Peter_Bjorn_and_John","indie pop","indie rock","neo-psychedelia","psychedelic rock","","","","","","","","",""
"37623","Björn Yttling","https://en.wikipedia.org/wiki/Björn_Yttling","indie pop","indie rock","neo-psychedelia","","","","","","","","","",""
"37625","Does It Offend You, Yeah?","https://en.wikipedia.org/wiki/Does_It_Offend_You,_Yeah?","dance-punk","electro house","synth-pop","new rave","","","","","","","","",""
"37649","Mikael Wiehe","https://en.wikipedia.org/wiki/Mikael_Wiehe","progg","rock","blues","","","","","","","","","",""
"37650","Totta Näslund","https://en.wikipedia.org/wiki/Totta_Näslund","progg","blues","rock","jazz","","","","","","","","",""
"37653","Nationalteatern","https://en.wikipedia.org/wiki/Nationalteatern","progg","rock","blues","","","","","","","","","",""
"37671","Mando Diao","https://en.wikipedia.org/wiki/Mando_Diao","alternative rock","indie rock","pop rock","garage rock revival","","","","","","","","",""
"37680","Mr. President","https://en.wikipedia.org/wiki/Mr._President_(band)","eurodance","pop","hip hop","reggae fusion","","","","","","","","",""
"37722","Deep Forest","https://en.wikipedia.org/wiki/Deep_Forest","electronic","new-age","ambient","world","ethnic electronica","","","","","","","",""
"37746","The Thermals","https://en.wikipedia.org/wiki/The_Thermals","indie rock","lo-fi","punk rock","","","","","","","","","",""
"37759","Dan Spitz","https://en.wikipedia.org/wiki/Dan_Spitz","thrash metal","heavy metal","hard rock","","","","","","","","","",""
"37760","Frank Bello","https://en.wikipedia.org/wiki/Frank_Bello","heavy metal","thrash metal","alternative metal","black metal","","","","","","","","",""
"37769","Mélanie Laurent","https://en.wikipedia.org/wiki/Mélanie_Laurent","","","","","","","","","","","","",""
"37837","Steve Perry","https://en.wikipedia.org/wiki/Steve_Perry","rock","","","","","","","","","","","",""
"37841","Eddie Green","https://en.wikipedia.org/wiki/Eddie_Green_(actor)","","","","","","","","","","","","",""
"37853","The Kovenant","https://en.wikipedia.org/wiki/The_Kovenant","industrial metal","cyber metal","symphonic black metal","","","","","","","","","",""
"37872","Sylvain Cossette","https://en.wikipedia.org/wiki/Sylvain_Cossette","","","","","","","","","","","","",""
"37877","Roaring Lion","https://en.wikipedia.org/wiki/Roaring_Lion","calypso","","","","","","","","","","","",""
"37904","Pierre Van Dormael","https://en.wikipedia.org/wiki/Pierre_Van_Dormael","jazz","avant-garde jazz","","","","","","","","","","",""
"37917","W. Franke Harling","https://en.wikipedia.org/wiki/W._Franke_Harling","","","","","","","","","","","","",""
"37931","Simon Climie","https://en.wikipedia.org/wiki/Simon_Climie","","","","","","","","","","","","",""
"37968","Clutch","https://en.wikipedia.org/wiki/Clutch_(band)","hard rock","stoner rock","blues rock","alternative metal","","","","","","","","",""
"37977","Kyuss","https://en.wikipedia.org/wiki/Kyuss","stoner rock","desert rock","stoner metal","","","","","","","","","",""
"38026","Avery Parrish","https://en.wikipedia.org/wiki/Avery_Parrish","jazz","blues","","","","","","","","","","",""
"38084","Clifford Grey","https://en.wikipedia.org/wiki/Clifford_Grey","","","","","","","","","","","","",""
"38144","Fields of the Nephilim","https://en.wikipedia.org/wiki/Fields_of_the_Nephilim","gothic rock","gothic metal","","","","","","","","","","",""
"38152","Zim Zum","https://en.wikipedia.org/wiki/Zim_Zum","industrial rock","experimental rock","","","","","","","","","","",""
"38153","Madonna Wayne Gacy","https://en.wikipedia.org/wiki/Madonna_Wayne_Gacy","industrial metal","industrial rock","","","","","","","","","","",""
"38155","Ronnie Bird","https://en.wikipedia.org/wiki/Ronnie_Bird","rock","","","","","","","","","","","",""
"38188","Someone Still Loves You Boris Yeltsin","https://en.wikipedia.org/wiki/Someone_Still_Loves_You_Boris_Yeltsin","indie pop","alternative rock","","","","","","","","","","",""
"38195","Alan Tarney","https://en.wikipedia.org/wiki/Alan_Tarney","pop","rock","","","","","","","","","","",""
"38232","Sin Fang Bous","https://en.wikipedia.org/wiki/Sin_Fang","","","","","","","","","","","","",""
"38248","Jesse McCartney","https://en.wikipedia.org/wiki/Jesse_McCartney","pop","pop rock","r&b","","","","","","","","","",""
"38261","Mike McCready","https://en.wikipedia.org/wiki/Mike_McCready","alternative rock","grunge","blues rock","hard rock","","","","","","","","",""
"38282","The Aggrolites","https://en.wikipedia.org/wiki/The_Aggrolites","reggae","ska","","","","","","","","","","",""
"38284","The Briggs","https://en.wikipedia.org/wiki/The_Briggs","celtic punk","street punk","punk rock","","","","","","","","","",""
"38321","Peter Solley","https://en.wikipedia.org/wiki/Peter_Solley","","","","","","","","","","","","",""
"38357","Ladytron","https://en.wikipedia.org/wiki/Ladytron","electropop","synth-pop","electronic rock","","","","","","","","","",""
"38411","Niels Skousen","https://en.wikipedia.org/wiki/Niels_Skousen","","","","","","","","","","","","",""
"38421","J. Vincent Edwards","https://en.wikipedia.org/wiki/J._Vincent_Edwards","","","","","","","","","","","","",""
"38435","Povl Dissing","https://en.wikipedia.org/wiki/Povl_Dissing","","","","","","","","","","","","",""
"38438","Allan Olsen","https://en.wikipedia.org/wiki/Allan_Olsen","rock","","","","","","","","","","","",""
"38452","Tycoon To$h","https://en.wikipedia.org/wiki/Toshio_Nakanishi","new wave","technopop","hip hop","","","","","","","","","",""
"38462","Comadre","https://en.wikipedia.org/wiki/Comadre_(band)","","","","","","","","","","","","",""
"38466","Make Do and Mend","https://en.wikipedia.org/wiki/Make_Do_and_Mend_(band)","post-hardcore","emo","","","","","","","","","","",""
"38481","Antillectual","https://en.wikipedia.org/wiki/Antillectual","melodic hardcore","punk rock","","","","","","","","","","",""
"38486","The Wonder Years","https://en.wikipedia.org/wiki/The_Wonder_Years_(band)","emo","alternative rock","pop punk","easycore","","","","","","","","",""
"38525","John Parish","https://en.wikipedia.org/wiki/John_Parish","alternative rock","experimental rock","","","","","","","","","","",""
"38530","Vada Nobles","https://en.wikipedia.org/wiki/Vada_Nobles","","","","","","","","","","","","",""
"38537","JoJo [1]","https://en.wikipedia.org/wiki/JoJo_(singer)","r&b","pop","soul","hip hop","","","","","","","","",""
"38540","Bridget Benenate","https://en.wikipedia.org/wiki/Bridget_Benenate","","","","","","","","","","","","",""
"38541","Matthew Gerrard","https://en.wikipedia.org/wiki/Matthew_Gerrard","pop","","","","","","","","","","","",""
"38542","Kerry Brothers, Jr.","https://en.wikipedia.org/wiki/Kerry_Brothers_Jr.","hip hop","r&b","","","","","","","","","","",""
"38547","Jimmy Norman","https://en.wikipedia.org/wiki/Jimmy_Norman","r&b","jazz","","","","","","","","","","",""
"38564","Lale Andersen","https://en.wikipedia.org/wiki/Lale_Andersen","","","","","","","","","","","","",""
"38573","Finn Nørbygård","https://en.wikipedia.org/wiki/Finn_Nørbygaard","","","","","","","","","","","","",""
"38577","Birthe Kjær","https://en.wikipedia.org/wiki/Birthe_Kjær","pop","schlager","dansktop","","","","","","","","","",""
"38622","Wussy","https://en.wikipedia.org/wiki/Wussy","indie rock","folk rock","alternative rock","country rock","","","","","","","","",""
"38687","John Bramwell","https://en.wikipedia.org/wiki/John_Bramwell","rock","alternative rock","indie rock","","","","","","","","","",""
"38722","Vic Vogel","https://en.wikipedia.org/wiki/Vic_Vogel","","","","","","","","","","","","",""
"38724","Good Clean Fun","https://en.wikipedia.org/wiki/Good_Clean_Fun_(band)","hardcore punk","melodic hardcore","","","","","","","","","","",""
"38731","Philamore Lincoln","https://en.wikipedia.org/wiki/Philip_Kinorra","jazz","rock","","","","","","","","","","",""
"38736","The Dead Weather","https://en.wikipedia.org/wiki/The_Dead_Weather","blues rock","garage rock","psychedelic rock","alternative rock","","","","","","","","",""
"38757","Tera Melos","https://en.wikipedia.org/wiki/Tera_Melos","math rock","indie rock","experimental rock","punk jazz","progressive rock","post-hardcore","","","","","","",""
"38760","Strike Anywhere","https://en.wikipedia.org/wiki/Strike_Anywhere","melodic hardcore","anarcho-punk","punk rock","","","","","","","","","",""
"38805","Epica","https://en.wikipedia.org/wiki/Epica_(band)","symphonic metal","","","","","","","","","","","",""
"38806","Jacqueline Govaert","https://en.wikipedia.org/wiki/Jacqueline_Govaert","pop rock","alternative rock","pop punk","dance-rock","","","","","","","","",""
"38812","Rick Hall","https://en.wikipedia.org/wiki/Rick_Hall","soul","pop","country","","","","","","","","","",""
"38870","Sam Rosenthal","https://en.wikipedia.org/wiki/Sam_Rosenthal","","","","","","","","","","","","",""
"38875","La Compagnie Créole","https://en.wikipedia.org/wiki/La_Compagnie_Créole","pop","","","","","","","","","","","",""
"38933","New Mexican Disaster Squad","https://en.wikipedia.org/wiki/New_Mexican_Disaster_Squad","hardcore punk","","","","","","","","","","","",""
"38956","Colette Deréal","https://en.wikipedia.org/wiki/Colette_Deréal","","","","","","","","","","","","",""
"38988","Ernest Gold","https://en.wikipedia.org/wiki/Ernest_Gold","","","","","","","","","","","","",""
"39051","Built to Spill","https://en.wikipedia.org/wiki/Built_to_Spill","indie rock","alternative rock","slacker rock","","","","","","","","","",""
"39059","Katerine [1]","https://en.wikipedia.org/wiki/Katerine_Avgoustakis","pop","dance","","","","","","","","","","",""
"39078","Janice Torre","https://en.wikipedia.org/wiki/Janice_Torre","popular songs","motion picture and television musicals","","","","","","","","","","",""
"39079","Mickey Hart","https://en.wikipedia.org/wiki/Mickey_Hart","rock","psychedelia","jam","folk","world","","","","","","","",""
"39092","Gyllene Tider","https://en.wikipedia.org/wiki/Gyllene_Tider","pop","rock","","","","","","","","","","",""
"39094","Svenne Hedlund","https://en.wikipedia.org/wiki/Svenne_Hedlund","pop","rock","schlager","","","","","","","","","",""
"39099","André Pascal","https://en.wikipedia.org/wiki/André_Pascal","","","","","","","","","","","","",""
"39135","Corry Brokken","https://en.wikipedia.org/wiki/Corry_Brokken","","","","","","","","","","","","",""
"39138","The Top Cats","https://en.wikipedia.org/wiki/Top_Cats","rockabilly","","","","","","","","","","","",""
"39145","The Phenomenauts","https://en.wikipedia.org/wiki/The_Phenomenauts","psychobilly","punk rock","new wave","surf rock","","","","","","","","",""
"39181","Noosha Fox","https://en.wikipedia.org/wiki/Noosha_Fox","pop","","","","","","","","","","","",""
"39185","Lasse Holm","https://en.wikipedia.org/wiki/Lasse_Holm","dansband","pop","rock","schlager","","","","","","","","",""
"39239","Oscar Benton","https://en.wikipedia.org/wiki/Oscar_Benton","blues","pop","","","","","","","","","","",""
"39249","Tommy Dee","https://en.wikipedia.org/wiki/Tommy_Dee","","","","","","","","","","","","",""
"39255","Darren Hayman","https://en.wikipedia.org/wiki/Darren_Hayman","indie rock","electronic","folk rock","","","","","","","","","",""
"39256","The Wave Pictures","https://en.wikipedia.org/wiki/The_Wave_Pictures","alternative rock","","","","","","","","","","","",""
"39322","Lupe Fiasco","https://en.wikipedia.org/wiki/Lupe_Fiasco","midwestern hip-hop","","","","","","","","","","","",""
"39377","Hepcat","https://en.wikipedia.org/wiki/Hepcat_(band)","ska","rocksteady","reggae","ska-jazz","soul","r&b","","","","","","",""
"39392","Derek Grant","https://en.wikipedia.org/wiki/Derek_Grant_(drummer)","punk rock","alternative rock","hardcore punk","ska punk","metalcore","","","","","","","",""
"39394","John Wickersham","https://en.wikipedia.org/wiki/Jonny_Wickersham","punk rock","cowpunk","country rock","","","","","","","","","",""
"39408","American Steel","https://en.wikipedia.org/wiki/American_Steel","punk rock","","","","","","","","","","","",""
"39492","3 Inches of Blood","https://en.wikipedia.org/wiki/3_Inches_of_Blood","heavy metal","power metal","","","","","","","","","","",""
"39503","Pedro the Lion","https://en.wikipedia.org/wiki/Pedro_the_Lion","indie rock","slowcore","emo","","","","","","","","","",""
"39512","Cléoma Falcon","https://en.wikipedia.org/wiki/Cléoma_Falcon","cajun","","","","","","","","","","","",""
"39518","Kings of Leon","https://en.wikipedia.org/wiki/Nathan_Followill","alternative rock","southern rock","indie rock","garage rock revival","","","","","","","","",""
"39518","Kings of Leon","https://en.wikipedia.org/wiki/Kings_of_Leon","alternative rock","southern rock","indie rock","garage rock revival","","","","","","","","",""
"39532","Malika Ayane","https://en.wikipedia.org/wiki/Malika_Ayane","pop","r&b","jazz","","","","","","","","","",""
"39561","Mest","https://en.wikipedia.org/wiki/Mest","pop punk","ska punk","alternative rock","","","","","","","","","",""
"39562","Saliva","https://en.wikipedia.org/wiki/Saliva_(band)","nu metal","post-grunge","alternative metal","rap metal","hard rock","","","","","","","",""
"39612","Stars on 45","https://en.wikipedia.org/wiki/Stars_on_45","pop","dance music","","","","","","","","","","",""
"39624","Beatsteaks","https://en.wikipedia.org/wiki/Beatsteaks","alternative rock","punk rock","","","","","","","","","","",""
"39633","Mark Cooper","https://en.wikipedia.org/wiki/Milton_Grant","","","","","","","","","","","","",""
"39661","Strawberry Alarm Clock","https://en.wikipedia.org/wiki/Strawberry_Alarm_Clock","rock","pop","psychedelia","sunshine pop","acid rock","","","","","","","",""
"39668","Isabelle Aubret","https://en.wikipedia.org/wiki/Isabelle_Aubret","","","","","","","","","","","","",""
"39675","Rudi Carrell","https://en.wikipedia.org/wiki/Rudi_Carrell","","","","","","","","","","","","",""
"39692","Pete Ham","https://en.wikipedia.org/wiki/Pete_Ham","rock","power pop","pop","","","","","","","","","",""
"39723","House of Lords","https://en.wikipedia.org/wiki/House_of_Lords_(band)","hard rock","glam metal","","","","","","","","","","",""
"39733","Michael Des Barres","https://en.wikipedia.org/wiki/Michael_Des_Barres","rock","pop","jazz","funk","glam rock","","","","","","","",""
"39743","Kenji Ozawa","https://en.wikipedia.org/wiki/Kenji_Ozawa","pop","j-pop","shibuya-kei","","","","","","","","","",""
"39800","Naturally 7","https://en.wikipedia.org/wiki/Naturally_7","r&b","soul","pop","a cappella","","","","","","","","",""
"39814","Sven Gyldmark","https://en.wikipedia.org/wiki/Sven_Gyldmark","","","","","","","","","","","","",""
"39859","Kari Peitsamo","https://en.wikipedia.org/wiki/Kari_Peitsamo","rock","","","","","","","","","","","",""
"39860","M.A. Numminen","https://en.wikipedia.org/wiki/M._A._Numminen","jazz","tango","rock","schlager","childrens songs","avantgarde","electronic music","hip hop","","","","",""
"39861","Popeda","https://en.wikipedia.org/wiki/Popeda","rock","hard rock","manserock","pub rock","","","","","","","","",""
"39873","David Harrow","https://en.wikipedia.org/wiki/David_Harrow","","","","","","","","","","","","",""
"39874","Skinny Puppy","https://en.wikipedia.org/wiki/Skinny_Puppy","industrial","electro-industrial","industrial rock","ebm","","","","","","","","",""
"39875","cEvin Key","https://en.wikipedia.org/wiki/CEvin_Key","electro-industrial","industrial rock","experimental","","","","","","","","","",""
"39964","The Monks","https://en.wikipedia.org/wiki/The_Monks","proto-punk","garage rock","experimental rock","beat","","","","","","","","",""
"39965","Gary Burger","https://en.wikipedia.org/wiki/Gary_Burger","protopunk","garage rock","krautrock","","","","","","","","","",""
"39974","John Lewis [1]","https://en.wikipedia.org/wiki/John_Lewis_(pianist)","jazz","","","","","","","","","","","",""
"39978","Dave Abbruzzese","https://en.wikipedia.org/wiki/Dave_Abbruzzese","grunge","alternative rock","hard rock","","","","","","","","","",""
"39983","Cormac Battle","https://en.wikipedia.org/wiki/Cormac_Battle","","","","","","","","","","","","",""
"40078","Autechre","https://en.wikipedia.org/wiki/Autechre","electronic","idm","ambient","techno","glitch","experimental","","","","","","",""
"40095","Porcupine Tree","https://en.wikipedia.org/wiki/Porcupine_Tree","progressive rock","progressive metal","post-progressive","psychedelic rock","experimental rock","","","","","","","",""
"40096","Steven Wilson","https://en.wikipedia.org/wiki/Steven_Wilson","progressive rock","art rock","post-progressive","","","","","","","","","",""
"40099","Marco Mengoni","https://en.wikipedia.org/wiki/Marco_Mengoni","pop","soul","rock","r&b","","","","","","","","",""
"40120","Joe Bonamassa","https://en.wikipedia.org/wiki/Joe_Bonamassa","blues rock","hard rock","blues","rock and roll","","","","","","","","",""
"40157","Rutebeuf","https://en.wikipedia.org/wiki/Rutebeuf","","","","","","","","","","","","",""
"40160","Les Wampas","https://en.wikipedia.org/wiki/Les_Wampas","punk rock","pop-punk","y-y","-punk","psychobilly","","","","","","","",""
"40171","Mayhem","https://en.wikipedia.org/wiki/Mayhem_(band)","black metal","","","","","","","","","","","",""
"40218","Asia","https://en.wikipedia.org/wiki/Asia_(band)","progressive rock","aor","pop rock","","","","","","","","","",""
"40232","Red Simpson","https://en.wikipedia.org/wiki/Red_Simpson","country","truck-driving country","","","","","","","","","","",""
"40291","Amanda Palmer","https://en.wikipedia.org/wiki/Amanda_Palmer","alternative rock","dark cabaret","folk","","","","","","","","","",""
"40323","Florence Welch","https://en.wikipedia.org/wiki/Florence_Welch","indie rock","indie pop","","","","","","","","","","",""
"40350","Bob Atcher","https://en.wikipedia.org/wiki/Bob_Atcher","country","","","","","","","","","","","",""
"40379","Five Finger Death Punch","https://en.wikipedia.org/wiki/Five_Finger_Death_Punch","groove metal","alternative metal","hard rock","","","","","","","","","",""
"40405","Remu Aaltonen","https://en.wikipedia.org/wiki/Remu_Aaltonen","","","","","","","","","","","","",""
"40409","Le luci della centrale elettrica","https://en.wikipedia.org/wiki/Le_luci_della_centrale_elettrica","indie rock","","","","","","","","","","","",""
"40413","Catamenia","https://en.wikipedia.org/wiki/Catamenia_(band)","melodic black metal","melodic death metal","","","","","","","","","","",""
"40428","Al Bano & Romina Power","https://en.wikipedia.org/wiki/Al_Bano_and_Romina_Power","pop","","","","","","","","","","","",""
"40464","Aileen Quinn","https://en.wikipedia.org/wiki/Aileen_Quinn","","","","","","","","","","","","",""
"40518","François de Roubaix","https://en.wikipedia.org/wiki/François_de_Roubaix","film music","absolute music","jazz","pop","rock","","","","","","","",""
"40521","Toni Halliday","https://en.wikipedia.org/wiki/Toni_Halliday","alternative rock","electronic","shoegazing","dream pop","","","","","","","","",""
"40613","Emma Anderson","https://en.wikipedia.org/wiki/Emma_Anderson","alternative rock","shoegazing","","","","","","","","","","",""
"40621","Drop Nineteens","https://en.wikipedia.org/wiki/Drop_Nineteens","shoegaze","noise pop","indie rock","","","","","","","","","",""
"40639","Micheline Presle","https://en.wikipedia.org/wiki/Micheline_Presle","","","","","","","","","","","","",""
"40648","Giorgio Tuinfort","https://en.wikipedia.org/wiki/Giorgio_Tuinfort","pop","r&b","classical","dance","","","","","","","","",""
"40682","Karel Gott","https://en.wikipedia.org/wiki/Karel_Gott","pop","rocknroll","swing","blues","country","operetta","","","","","","",""
"40683","Ralph Siegel","https://en.wikipedia.org/wiki/Ralph_Siegel","schlager","disco","musical theatre","","","","","","","","","",""
"40691","G.G. Anderson","https://en.wikipedia.org/wiki/G._G._Anderson","","","","","","","","","","","","",""
"40700","Tom Dice","https://en.wikipedia.org/wiki/Tom_Dice","pop","acoustic","","","","","","","","","","",""
"40710","Costa Cordalis","https://en.wikipedia.org/wiki/Costa_Cordalis","schlager","","","","","","","","","","","",""
"40757","Before the Dawn","https://en.wikipedia.org/wiki/Before_the_Dawn_(band)","melodic death metal","death-doom","gothic metal","","","","","","","","","",""
"40772","Sebastian","https://en.wikipedia.org/wiki/Sebastian_(singer)","folk rock","pop rock","musical","","","","","","","","","",""
"40822","Lorie","https://en.wikipedia.org/wiki/Lorie_(singer)","pop","dance-pop","electropop","","","","","","","","","",""
"40827","Ted Koehler","https://en.wikipedia.org/wiki/Ted_Koehler","","","","","","","","","","","","",""
"40851","Gina G","https://en.wikipedia.org/wiki/Gina_G","pop","eurodance","electronic","edm","techno","","","","","","","",""
"40854","Francesco Renga","https://en.wikipedia.org/wiki/Francesco_Renga","pop rock","","","","","","","","","","","",""
"40936","Rose Laurens","https://en.wikipedia.org/wiki/Rose_Laurens","pop","","","","","","","","","","","",""
"40943","MGMT","https://en.wikipedia.org/wiki/MGMT","indie pop","synth-pop","psychedelic pop","indie rock","indietronica","psychedelic rock","neo-psychedelia","electronic rock","","","","",""
"40944","Ben Goldwasser","https://en.wikipedia.org/wiki/Benjamin_Goldwasser","neo-psychedelia","new wave","synth-pop","art rock","alternative rock","","","","","","","",""
"40945","Andrew VanWyngarden","https://en.wikipedia.org/wiki/Andrew_VanWyngarden","psychedelic rock","neo-psychedelia","indie pop","progressive rock","synth-pop","","","","","","","",""
"40989","Romuald","https://en.wikipedia.org/wiki/Romuald_Figuier","","","","","","","","","","","","",""
"40999","Cristina D'Avena","https://en.wikipedia.org/wiki/Cristina_D'Avena","pop","childrens music","theme music","show tune","","","","","","","","",""
"41044","Zakk Wylde","https://en.wikipedia.org/wiki/Zakk_Wylde","heavy metal","hard rock","southern metal","groove metal","","","","","","","","",""
"41046","Evile","https://en.wikipedia.org/wiki/Evile","thrash metal","","","","","","","","","","","",""
"41107","Linda Thompson [1]","https://en.wikipedia.org/wiki/Linda_Thompson","","","","","","","","","","","","",""
"41117","Gene Lees","https://en.wikipedia.org/wiki/Gene_Lees","","","","","","","","","","","","",""
"41120","Muggsy Spanier","https://en.wikipedia.org/wiki/Muggsy_Spanier","jazz","dixieland","","","","","","","","","","",""
"41151","Álvaro Carrillo","https://en.wikipedia.org/wiki/Álvaro_Carrillo","bolero","","","","","","","","","","","",""
"41171","Giorgia Fumanti","https://en.wikipedia.org/wiki/Giorgia_Fumanti","crossover","operatic pop","","","","","","","","","","",""
"41181","Katherine Jenkins","https://en.wikipedia.org/wiki/Katherine_Jenkins","crossover music","pop","operatic pop","","","","","","","","","",""
"41184","David Hodges","https://en.wikipedia.org/wiki/David_Hodges","pop","pop rock","country","","","","","","","","","",""
"41185","Ben Moody","https://en.wikipedia.org/wiki/Ben_Moody","alternative metal","hard rock","gothic metal","gothic rock","nu metal","","","","","","","",""
"41205","Gabriel Fauré","https://en.wikipedia.org/wiki/Gabriel_Fauré","","","","","","","","","","","","",""
"41207","Rolf Løvland","https://en.wikipedia.org/wiki/Rolf_Løvland","classical","celtic","nordic folk","new-age","pop","","","","","","","",""
"41208","Alexander Rybak","https://en.wikipedia.org/wiki/Alexander_Rybak","pop","folk","soft rock","classical crossover","","","","","","","","",""
"41261","Brendan Graham","https://en.wikipedia.org/wiki/Brendan_Graham","","","","","","","","","","","","",""
"41265","Daniel Sentacruz Ensemble","https://en.wikipedia.org/wiki/Daniel_Sentacruz_Ensemble","dance-pop","easy listening","","","","","","","","","","",""
"41293","Fredrik Kempe","https://en.wikipedia.org/wiki/Fredrik_Kempe","","","","","","","","","","","","",""
"41330","Lena Valaitis","https://en.wikipedia.org/wiki/Lena_Valaitis","","","","","","","","","","","","",""
"41366","Giampiero Artegiani","https://en.wikipedia.org/wiki/Giampiero_Artegiani","","","","","","","","","","","","",""
"41414","Tim Rice-Oxley","https://en.wikipedia.org/wiki/Tim_Rice-Oxley","alternative rock","pop rock","folk rock","","","","","","","","","",""
"41415","Tom Chaplin","https://en.wikipedia.org/wiki/Tom_Chaplin","alternative rock","post-britpop","pop rock","","","","","","","","","",""
"41424","Kirka","https://en.wikipedia.org/wiki/Kirka","finnish rock","hard rock","pop","","","","","","","","","",""
"41429","Risto Asikainen","https://en.wikipedia.org/wiki/Risto_Asikainen","","","","","","","","","","","","",""
"41436","Caravelli","https://en.wikipedia.org/wiki/Caravelli","","","","","","","","","","","","",""
"41443","Best Coast","https://en.wikipedia.org/wiki/Best_Coast","indie pop","surf","indie rock","alternative rock","power pop","","","","","","","",""
"41445","Ty Segall","https://en.wikipedia.org/wiki/Ty_Segall","garage rock revival","psychedelic rock","indie rock","punk rock","heavy metal","noise rock","blues","folk","","","","",""
"41517","Hector","https://en.wikipedia.org/wiki/Hector_(musician)","suomirock","folk rock","","","","","","","","","","",""
"41522","Axel Stordahl","https://en.wikipedia.org/wiki/Axel_Stordahl","","","","","","","","","","","","",""
"41536","Les Fradkin","https://en.wikipedia.org/wiki/Les_Fradkin","rock","progressive rock","neoclassical","surf rock","instrumental rock","symphonic rock","","","","","","",""
"41560","King Diamond","https://en.wikipedia.org/wiki/King_Diamond_(band)","heavy metal","","","","","","","","","","","",""
"41567","Messer Chups","https://en.wikipedia.org/wiki/Messer_Chups","","","","","","","","","","","","",""
"41602","The Art Ensemble of Chicago","https://en.wikipedia.org/wiki/Art_Ensemble_of_Chicago","avant-garde jazz","free jazz","","","","","","","","","","",""
"41614","?????? ????????","https://en.wikipedia.org/wiki/Philipp_Kirkorov","","","","","","","","","","","","",""
"41646","Time Again","https://en.wikipedia.org/wiki/Time_Again","punk rock","street punk","","","","","","","","","","",""
"41649","Left Alone","https://en.wikipedia.org/wiki/Left_Alone","punk rock","pop punk","street punk","ska punk","","","","","","","","",""
"41673","Flatfoot 56","https://en.wikipedia.org/wiki/Flatfoot_56","oi","celtic punk","hardcore punk","punk rock","christian punk","","","","","","","",""
"41674","La Plebe","https://en.wikipedia.org/wiki/La_Plebe","punk rock","","","","","","","","","","","",""
"41690","Useless ID","https://en.wikipedia.org/wiki/Useless_ID","punk rock","pop punk","skate punk","","","","","","","","","",""
"41705","Jeffrey Cohen","https://en.wikipedia.org/wiki/Jeffrey_E._Cohen","","","","","","","","","","","","",""
"41721","We the Kings","https://en.wikipedia.org/wiki/We_the_Kings","pop-punk","pop rock","alternative rock","emo pop","","","","","","","","",""
"41723","Justin Vernon","https://en.wikipedia.org/wiki/Justin_Vernon","indie folk","art pop","folktronica","progressive pop","folk","baroque pop","pop soul","indie rock","electronic","","","",""
"41724","Bon Iver","https://en.wikipedia.org/wiki/Bon_Iver","indie folk","indie pop","indie rock","experimental pop","soft rock","folktronica","","","","","","",""
"41762","Annette Humpe","https://en.wikipedia.org/wiki/Annette_Humpe","pop","rock","ndw","","","","","","","","","",""
"41768","Paula Koivuniemi","https://en.wikipedia.org/wiki/Paula_Koivuniemi","","","","","","","","","","","","",""
"41774","Kikki Danielsson","https://en.wikipedia.org/wiki/Kikki_Danielsson","country","country pop","dansband","music","pop","schlager","","","","","","",""
"41783","Henrik Rung","https://en.wikipedia.org/wiki/Henrik_Rung","","","","","","","","","","","","",""
"41804","John McCutcheon","https://en.wikipedia.org/wiki/John_McCutcheon","folk","","","","","","","","","","","",""
"41806","Joe Esposito","https://en.wikipedia.org/wiki/Joe_Esposito_(singer)","pop","soul","soft rock","synth-pop","","","","","","","","",""
"41808","Bruce Sudano","https://en.wikipedia.org/wiki/Bruce_Sudano","rhythm and blues","folk","soul","disco","smooth jazz","","","","","","","",""
"41824","Peter Horton","https://en.wikipedia.org/wiki/Peter_Horton_(guitarist)","","","","","","","","","","","","",""
"41825","Kurt Feltz","https://en.wikipedia.org/wiki/Kurt_Feltz","","","","","","","","","","","","",""
"41861","Lea Laven","https://en.wikipedia.org/wiki/Lea_Laven","","","","","","","","","","","","",""
"41873","Björn Afzelius","https://en.wikipedia.org/wiki/Björn_Afzelius","rock","pop","progg","","","","","","","","","",""
"41892","Georgia Brown","https://en.wikipedia.org/wiki/Georgia_Brown_(English_singer)","","","","","","","","","","","","",""
"41905","Jona Lewie","https://en.wikipedia.org/wiki/Jona_Lewie","pop","rock","blues","new wave","","","","","","","","",""
"41930","Kaliopi","https://en.wikipedia.org/wiki/Kaliopi","pop rock","opera","","","","","","","","","","",""
"41947","Isam B","https://en.wikipedia.org/wiki/Isam_Bachiri","hip hop","electronic","","","","","","","","","","",""
"41954","Loonis McGlohon","https://en.wikipedia.org/wiki/Loonis_McGlohon","","","","","","","","","","","","",""
"41956","Jenifer","https://en.wikipedia.org/wiki/Jenifer_(singer)","pop","pop-rock","soul","","","","","","","","","",""
"41962","Ulla Pia","https://en.wikipedia.org/wiki/Ulla_Pia","pop","jazz","","","","","","","","","","",""
"41978","Streetlight Manifesto","https://en.wikipedia.org/wiki/Streetlight_Manifesto","punk rock","ska punk","","","","","","","","","","",""
"41991","Fabulous Disaster","https://en.wikipedia.org/wiki/Fabulous_Disaster_(band)","punk rock","pop punk","","","","","","","","","","",""
"42058","Lys Assia","https://en.wikipedia.org/wiki/Lys_Assia","","","","","","","","","","","","",""
"42063","Sandra Reemer","https://en.wikipedia.org/wiki/Sandra_Reemer","pop","","","","","","","","","","","",""
"42127","Claus Ogerman","https://en.wikipedia.org/wiki/Claus_Ogerman","jazz","pop","classical","","","","","","","","","",""
"42142","Michael Julien","https://en.wikipedia.org/wiki/Michael_Julien","","","","","","","","","","","","",""
"42150","Kent Harris","https://en.wikipedia.org/wiki/Kent_Harris","","","","","","","","","","","","",""
"42152","Vice Vukov","https://en.wikipedia.org/wiki/Vice_Vukov","pop","","","","","","","","","","","",""
"42233","Death in June","https://en.wikipedia.org/wiki/Death_in_June","neofolk","post-industrial","experimental","dark ambient","post-punk","","","","","","","",""
"42235","Van Dik Hout","https://en.wikipedia.org/wiki/Van_Dik_Hout","","","","","","","","","","","","",""
"42261","Antonio De Vita","https://en.wikipedia.org/wiki/Tony_De_Vita","","","","","","","","","","","","",""
"42270","Alesha Dixon","https://en.wikipedia.org/wiki/Alesha_Dixon","r&b","pop","garage","hip-hop","","","","","","","","",""
"42306","Toby Gad","https://en.wikipedia.org/wiki/Toby_Gad","pop","rock","r&b","dance","","","","","","","","",""
"42307","Wayne Wilkins","https://en.wikipedia.org/wiki/Wayne_Wilkins","hip hop","r&b","rap","pop","dance","","","","","","","",""
"42312","Amelle Berrabah","https://en.wikipedia.org/wiki/Amelle_Berrabah","pop","dance-pop","r&b","","","","","","","","","",""
"42333","Päivi Paunu","https://en.wikipedia.org/wiki/Päivi_Paunu","","","","","","","","","","","","",""
"42415","The Moffatts","https://en.wikipedia.org/wiki/The_Moffatts","pop","country","pop rock","alternative rock","","","","","","","","",""
"42442","Craig David","https://en.wikipedia.org/wiki/Craig_David","r&b","uk garage","hip hop","dance","","","","","","","","",""
"42493","Eg White","https://en.wikipedia.org/wiki/Eg_White","pop","rock","","","","","","","","","","",""
"42527","Maria Lucia","https://en.wikipedia.org/wiki/Maria_Lucia_Rosenberg","alternative","pop rock","","","","","","","","","","",""
"42536","Stanley Myers","https://en.wikipedia.org/wiki/Stanley_Myers","film score","","","","","","","","","","","",""
"42537","Aldo Romano","https://en.wikipedia.org/wiki/Aldo_Romano","avant-garde jazz","jazz fusion","rock","","","","","","","","","",""
"42547","Régine","https://en.wikipedia.org/wiki/Régine_Zylberberg","","","","","","","","","","","","",""
"42574","The Summer Set","https://en.wikipedia.org/wiki/The_Summer_Set","pop rock","pop punk","pop","alternative rock","emo pop","neon pop punk","","","","","","",""
"42576","Pierce the Veil","https://en.wikipedia.org/wiki/Pierce_the_Veil","post-hardcore","pop-punk","experimental rock","emo","progressive rock","","","","","","","",""
"42589","Chuck Mangione","https://en.wikipedia.org/wiki/Chuck_Mangione","jazz","jazz fusion","smooth jazz","jazz funk","","","","","","","","",""
"42591","Tomas Ledin","https://en.wikipedia.org/wiki/Tomas_Ledin","rock","pop","","","","","","","","","","",""
"42638","Monica Zetterlund","https://en.wikipedia.org/wiki/Monica_Zetterlund","vocal jazz","","","","","","","","","","","",""
"42652","Udo Lindenberg","https://en.wikipedia.org/wiki/Udo_Lindenberg","","","","","","","","","","","","",""
"42694","Kristiina Brask","https://en.wikipedia.org/wiki/Kristiina_Brask","","","","","","","","","","","","",""
"42697","Ari Koivunen","https://en.wikipedia.org/wiki/Ari_Koivunen","hard rock","heavy metal","progressive metal","power metal","","","","","","","","",""
"42713","The Flowers of Hell","https://en.wikipedia.org/wiki/The_Flowers_of_Hell","experimental","space rock","drone","psychedelic","post-rock","neo-classical","","","","","","",""
"42834","Jason Harris","https://en.wikipedia.org/wiki/Moose_Harris","alternative rock","punk rock","","","","","","","","","","",""
"42895","Åsa Jinder","https://en.wikipedia.org/wiki/Åsa_Jinder","folk","","","","","","","","","","","",""
"42896","Sanna Nielsen","https://en.wikipedia.org/wiki/Sanna_Nielsen","pop","schlager","soul","dansband music","","","","","","","","",""
"42897","Thorleifs","https://en.wikipedia.org/wiki/Thorleifs","dansband music","","","","","","","","","","","",""
"42927","Smile Empty Soul","https://en.wikipedia.org/wiki/Smile_Empty_Soul","post-grunge","alternative rock","alternative metal","nu metal","","","","","","","","",""
"42971","Perfume","https://en.wikipedia.org/wiki/Perfume_(Japanese_band)","j-pop","techno","bitpop","electropop","dance-pop","synthpop","","","","","","",""
"43161","Enzo Gragnaniello","https://en.wikipedia.org/wiki/Enzo_Gragnaniello","","","","","","","","","","","","",""
"43162","Umberto Smaila","https://en.wikipedia.org/wiki/Umberto_Smaila","","","","","","","","","","","","",""
"43195","Leaves' Eyes","https://en.wikipedia.org/wiki/Leaves'_Eyes","symphonic metal","gothic metal","viking metal","","","","","","","","","",""
"43207","Pam Sheyne","https://en.wikipedia.org/wiki/Pam_Sheyne","pop","rock","country","r&b","","","","","","","","",""
"43252","Steve Kuhn","https://en.wikipedia.org/wiki/Steve_Kuhn","jazz","","","","","","","","","","","",""
"43254","Alfie Boe","https://en.wikipedia.org/wiki/Alfie_Boe","classical crossover","operatic pop","","","","","","","","","","",""
"43267","Melanie Thornton","https://en.wikipedia.org/wiki/Melanie_Thornton","pop","dance","eurodance","gospel","r&b","","","","","","","",""
"43294","Amorphis","https://en.wikipedia.org/wiki/Esa_Holopainen","progressive metal","melodic death metal","folk metal","death metal","death-doom","","","","","","","",""
"43294","Amorphis","https://en.wikipedia.org/wiki/Amorphis","progressive metal","melodic death metal","folk metal","death metal","death-doom","","","","","","","",""
"43296","Olli-Pekka Laine","https://en.wikipedia.org/wiki/Olli-Pekka_Laine","stoner metal","stoner rock","death metal","progressive death metal","heavy metal","thrash metal","","","","","","",""
"43298","Jah Wobble","https://en.wikipedia.org/wiki/Jah_Wobble","post-punk","dub","world","experimental rock","electronic","","","","","","","",""
"43299","The Rasmus","https://en.wikipedia.org/wiki/The_Rasmus","alternative rock","gothic rock","indie rock","funk rock","","","","","","","","",""
"43300","Tokio Hotel","https://en.wikipedia.org/wiki/Tokio_Hotel","pop rock","alternative rock","pop-punk","post-grunge","electronic rock","electropop","synth-pop","","","","","",""
"43308","Peter Kraus","https://en.wikipedia.org/wiki/Peter_Kraus","","","","","","","","","","","","",""
"43320","Sasha","https://en.wikipedia.org/wiki/Sasha_(German_singer)","pop","rock","","","","","","","","","","",""
"43369","Laura Kidd","https://en.wikipedia.org/wiki/Laura_Kidd","alternative rock","pop","","","","","","","","","","",""
"43456","Bob Benny","https://en.wikipedia.org/wiki/Bob_Benny","pop","musical theatre","schlager","","","","","","","","","",""
"43472","Monica Forsberg","https://en.wikipedia.org/wiki/Monica_Forsberg","dansband","music","pop","rock","schlager","","","","","","","",""
"43473","Gunnar Wiklund","https://en.wikipedia.org/wiki/Gunnar_Wiklund","schlager","","","","","","","","","","","",""
"43509","Hudson Mohawke","https://en.wikipedia.org/wiki/Hudson_Mohawke","electronic","hip-hop","wonky","glitch hop","trap","idm","","","","","","",""
"43562","Boards of Canada","https://en.wikipedia.org/wiki/Boards_of_Canada","electronic","","","","","","","","","","","",""
"43656","Sabaton","https://en.wikipedia.org/wiki/Sabaton_(band)","power metal","","","","","","","","","","","",""
"43664","Mack Vickery","https://en.wikipedia.org/wiki/Mack_Vickery","","","","","","","","","","","","",""
"43720","OneRepublic","https://en.wikipedia.org/wiki/OneRepublic","pop","pop rock","alternative rock","","","","","","","","","",""
"43766","Marius Müller Westernhagen","https://en.wikipedia.org/wiki/Marius_Müller-Westernhagen","rock","","","","","","","","","","","",""
"43770","La Roux","https://en.wikipedia.org/wiki/Elly_Jackson","synth-pop","new wave","","","","","","","","","","",""
"43770","La Roux","https://en.wikipedia.org/wiki/La_Roux","synth-pop","new wave","","","","","","","","","","",""
"43783","Boozed","https://en.wikipedia.org/wiki/Boozed","hard rock","rock and roll","","","","","","","","","","",""
"43820","Lady Gaga","https://en.wikipedia.org/wiki/Lady_Gaga","pop","dance","electronic","jazz","rock","","","","","","","",""
"43821","RedOne","https://en.wikipedia.org/wiki/RedOne","pop","dance","rock","r&b","house","hip hop","pop rock","morocco pop","","","","",""
"43822","Pink Cream 69","https://en.wikipedia.org/wiki/Pink_Cream_69","hard rock","heavy metal","","","","","","","","","","",""
"43827","Aarno Raninen","https://en.wikipedia.org/wiki/Aarno_Raninen","","","","","","","","","","","","",""
"43842","John Watts","https://en.wikipedia.org/wiki/John_Watts_(singer)","","","","","","","","","","","","",""
"43845","Judith Holofernes","https://en.wikipedia.org/wiki/Judith_Holofernes","rock","pop","alternative","","","","","","","","","",""
"43848","Wir sind Helden","https://en.wikipedia.org/wiki/Wir_sind_Helden","pop","pop rock","alternative rock","","","","","","","","","",""
"43883","Achim Reichel","https://en.wikipedia.org/wiki/Achim_Reichel","pop rock","krautrock","psychedelic rock","folk rock","","","","","","","","",""
"43884","Chad Kroeger","https://en.wikipedia.org/wiki/Chad_Kroeger","post-grunge","hard rock","pop rock","alternative rock","alternative metal","","","","","","","",""
"43914","Eddie Higgins","https://en.wikipedia.org/wiki/Eddie_Higgins","jazz","","","","","","","","","","","",""
"43928","Kelly Sweet","https://en.wikipedia.org/wiki/Haliene","electropop","synth-pop","vocal trance","house","edm","dubstep","future bass","","","","","",""
"43940","Taiska","https://en.wikipedia.org/wiki/Taiska","","","","","","","","","","","","",""
"43947","Marion [1]","https://en.wikipedia.org/wiki/Marion_Rung","pop","","","","","","","","","","","",""
"43951","Gogol Bordello","https://en.wikipedia.org/wiki/Gogol_Bordello","punk rock","folk punk","latin rock","polka","folk rock","dub","romani","gypsy punk","","","","",""
"43955","Laura Jane Grace","https://en.wikipedia.org/wiki/Laura_Jane_Grace","punk rock","","","","","","","","","","","",""
"43982","Pave Maijanen","https://en.wikipedia.org/wiki/Pave_Maijanen","","","","","","","","","","","","",""
"43993","Bob Marcucci","https://en.wikipedia.org/wiki/Bob_Marcucci","","","","","","","","","","","","",""
"43995","Black Stone Cherry","https://en.wikipedia.org/wiki/Black_Stone_Cherry","hard rock","southern rock","","","","","","","","","","",""
"44001","Alline Bullock","https://en.wikipedia.org/wiki/Alline_Bullock","","","","","","","","","","","","",""
"44035","Dead Meadow","https://en.wikipedia.org/wiki/Dead_Meadow","stoner rock","psychedelic rock","","","","","","","","","","",""
"44036","A Place to Bury Strangers","https://en.wikipedia.org/wiki/A_Place_to_Bury_Strangers","noise rock","post-punk revival","shoegaze","experimental rock","psychedelic rock","space rock","","","","","","",""
"44051","Andy Silvester","https://en.wikipedia.org/wiki/Andy_Silvester","rock","blues","","","","","","","","","","",""
"44073","Ibrahim Ferrer","https://en.wikipedia.org/wiki/Ibrahim_Ferrer","son","guaracha","bolero","","","","","","","","","",""
"44102","Extreme Noise Terror","https://en.wikipedia.org/wiki/Extreme_Noise_Terror","grindcore","death metal","crust punk","","","","","","","","","",""
"44127","Taylor Swift","https://en.wikipedia.org/wiki/Taylor_Swift","pop","country","folk","rock","","","","","","","","",""
"44171","Kimiko Itoh","https://en.wikipedia.org/wiki/Kimiko_Itoh","jazz","","","","","","","","","","","",""
"44227","Katri Helena","https://en.wikipedia.org/wiki/Katri_Helena","","","","","","","","","","","","",""
"44232","Sofia Källgren","https://en.wikipedia.org/wiki/Sofia_Källgren","","","","","","","","","","","","",""
"44280","Aldo Donati","https://en.wikipedia.org/wiki/Aldo_Donati_(singer)","","","","","","","","","","","","",""
"44282","Blue System","https://en.wikipedia.org/wiki/Blue_System","pop","eurodance","euro disco","","","","","","","","","",""
"44300","Maria Vidal","https://en.wikipedia.org/wiki/Maria_Vidal","dance-pop","alternative rock","","","","","","","","","","",""
"44312","Chris Evans-Ironside","https://en.wikipedia.org/wiki/Christopher_Evans-Ironside","soundtracks","pop music","progressive rock","","","","","","","","","",""
"44334","Agnes Obél","https://en.wikipedia.org/wiki/Agnes_Obel","chamber pop","neo-classical","jazz","","","","","","","","","",""
"44366","Catherine Russell","https://en.wikipedia.org/wiki/Catherine_Russell_(singer)","jazz","blues","rock","","","","","","","","","",""
"44468","Mónica Naranjo","https://en.wikipedia.org/wiki/Mónica_Naranjo","pop","rock","","","","","","","","","","",""
"44509","Alix Combelle","https://en.wikipedia.org/wiki/Alix_Combelle","gypsy jazz","swing","","","","","","","","","","",""
"44533","Berry Oakley","https://en.wikipedia.org/wiki/Berry_Oakley","southern rock","blues","jam rock","","","","","","","","","",""
"44534","Butch Trucks","https://en.wikipedia.org/wiki/Butch_Trucks","rock","jazz","blues","jam","southern rock","","","","","","","",""
"44604","Johnny Brandon","https://en.wikipedia.org/wiki/Johnny_Brandon","","","","","","","","","","","","",""
"44657","Snowbird","https://en.wikipedia.org/wiki/Snowbird_(band)","alternative","dream pop","","","","","","","","","","",""
"44698","Ramon Zenker","https://en.wikipedia.org/wiki/Ramon_Zenker","electronic","trance","house","","","","","","","","","",""
"44715","Claes af Geijerstam","https://en.wikipedia.org/wiki/Claes_af_Geijerstam","","","","","","","","","","","","",""
"44719","Veltto Virtanen","https://en.wikipedia.org/wiki/Veltto_Virtanen","","","","","","","","","","","","",""
"44738","Fumio Karashima","https://en.wikipedia.org/wiki/Fumio_Karashima","jazz","","","","","","","","","","","",""
"44766","Alyson Stoner","https://en.wikipedia.org/wiki/Alyson_Stoner","pop","r&b","","","","","","","","","","",""
"44778","Sleepy Sun","https://en.wikipedia.org/wiki/Sleepy_Sun","psychedelic rock","stoner rock","","","","","","","","","","",""
"44794","Gorillaz","https://en.wikipedia.org/wiki/Gorillaz","alternative rock","electronic","trip hop","art pop","hip-hop","","","","","","","",""
"44838","Helen Miller","https://en.wikipedia.org/wiki/Helen_Miller_(songwriter)","","","","","","","","","","","","",""
"44845","Pee Wee Russell","https://en.wikipedia.org/wiki/Pee_Wee_Russell","jazz","bebop","dixieland","swing","post-bop","free jazz","","","","","","",""
"44857","Frank Signorelli","https://en.wikipedia.org/wiki/Frank_Signorelli","jazz music","","","","","","","","","","","",""
"44914","Jay Bennett","https://en.wikipedia.org/wiki/Jay_Bennett","alternative country","garage rock","americana","pop","rock","experimental","","","","","","",""
"44926","Liberator","https://en.wikipedia.org/wiki/Liberator_(band)","","","","","","","","","","","","",""
"44988","Jonas Björler","https://en.wikipedia.org/wiki/Jonas_Björler","death metal","melodic death metal","groove metal","","","","","","","","","",""
"44989","Anders Björler","https://en.wikipedia.org/wiki/Anders_Björler","melodic death metal","death metal","thrash metal","groove metal","jazz fusion","instrumental","progressive rock","","","","","",""
"44991","Tomas Lindberg","https://en.wikipedia.org/wiki/Tomas_Lindberg","melodic death metal","death metal","hardcore punk","crust punk","d-beat","grindcore","thrash metal","deathgrind","","","","",""
"44993","David Hartman","https://en.wikipedia.org/wiki/David_Hartman_(TV_personality)","","","","","","","","","","","","",""
"44996","Cliff Burwell","https://en.wikipedia.org/wiki/Cliff_Burwell","","","","","","","","","","","","",""
"45032","Power Quest","https://en.wikipedia.org/wiki/Power_Quest","power metal","","","","","","","","","","","",""
"45065","Floyd Chance","https://en.wikipedia.org/wiki/Floyd_Chance","","","","","","","","","","","","",""
"45084","Jari Sillanpää","https://en.wikipedia.org/wiki/Jari_Sillanpää","iskelm","","","","","","","","","","","",""
"45090","Ty Taylor","https://en.wikipedia.org/wiki/Ty_Taylor","","","","","","","","","","","","",""
"45110","Sam Jones [1]","https://en.wikipedia.org/wiki/Sam_Jones_(musician)","jazz","","","","","","","","","","","",""
"45134","Masayoshi Takanaka","https://en.wikipedia.org/wiki/Masayoshi_Takanaka","jazz","jazz fusion","pop","rock","funk","city pop","","","","","","",""
"45172","Ronnie Carroll","https://en.wikipedia.org/wiki/Ronnie_Carroll","","","","","","","","","","","","",""
"45175","Beelzebubs","https://en.wikipedia.org/wiki/Beelzebubs","collegiate a cappella","","","","","","","","","","","",""
"45180","Robbie Nevil","https://en.wikipedia.org/wiki/Robbie_Nevil","pop","r&b","funk","dance","","","","","","","","",""
"45209","Ceremony","https://en.wikipedia.org/wiki/Ceremony_(punk_band)","punk rock","post-punk","hardcore punk","powerviolence","","","","","","","","",""
"45215","Ralph Flanagan","https://en.wikipedia.org/wiki/Ralph_Flanagan","jazz","big band","","","","","","","","","","",""
"45241","Martial Solal","https://en.wikipedia.org/wiki/Martial_Solal","jazz","classical","","","","","","","","","","",""
"45242","Sleepy Sleepers","https://en.wikipedia.org/wiki/Sleepy_Sleepers","comedy rock","punk rock","","","","","","","","","","",""
"45255","Jessi Alexander","https://en.wikipedia.org/wiki/Jessi_Alexander","country","","","","","","","","","","","",""
"45274","Boyce Avenue","https://en.wikipedia.org/wiki/Boyce_Avenue","pop rock","alternative rock","","","","","","","","","","",""
"45276","John Klenner","https://en.wikipedia.org/wiki/John_Klenner","","","","","","","","","","","","",""
"45329","Maxine Brown [1]","https://en.wikipedia.org/wiki/Maxine_Brown_(country_singer)","country","folk","gospel","","","","","","","","","",""
"45371","Electronic","https://en.wikipedia.org/wiki/Electronic_(band)","alternative dance","dance-rock","alternative rock","synthpop","","","","","","","","",""
"45402","Chris Daughtry","https://en.wikipedia.org/wiki/Daughtry_(band)","post-grunge","hard rock","pop rock","","","","","","","","","",""
"45405","Justin Bieber","https://en.wikipedia.org/wiki/Justin_Bieber","pop","r&b","dance-pop","edm","","","","","","","","",""
"45425","Interpol","https://en.wikipedia.org/wiki/Interpol_(band)","indie rock","post-punk revival","","","","","","","","","","",""
"45434","Kellie Pickler","https://en.wikipedia.org/wiki/Kellie_Pickler","country","country pop","","","","","","","","","","",""
"45438","Johnny Frigo","https://en.wikipedia.org/wiki/Johnny_Frigo","jazz","","","","","","","","","","","",""
"45468","Blood Red Shoes","https://en.wikipedia.org/wiki/Blood_Red_Shoes","alternative rock","indie rock","garage rock","noise pop","","","","","","","","",""
"45510","Papa Dee","https://en.wikipedia.org/wiki/Papa_Dee","hip hop","ragga","dancehall","trip hop","","","","","","","","",""
"45533","Björn Skifs","https://en.wikipedia.org/wiki/Björn_Skifs","rock","pop","schlager","","","","","","","","","",""
"45537","Carl Craig","https://en.wikipedia.org/wiki/Carl_Craig","electronic","detroit techno","ambient techno","house","breakbeat","classical","","","","","","",""
"45556","Avanti! Chamber Orchestra","https://en.wikipedia.org/wiki/Avanti!_Chamber_Orchestra","","","","","","","","","","","","",""
"45576","Jars of Clay","https://en.wikipedia.org/wiki/Jars_of_Clay","alternative rock","christian rock","folk rock","pop rock","ccm","","","","","","","",""
"45605","Moogy Klingman","https://en.wikipedia.org/wiki/Moogy_Klingman","rock","","","","","","","","","","","",""
"45643","The Stalin","https://en.wikipedia.org/wiki/The_Stalin","punk rock","hardcore punk","","","","","","","","","","",""
"45713","Heinz Roemheld","https://en.wikipedia.org/wiki/Heinz_Roemheld","","","","","","","","","","","","",""
"45758","Slime","https://en.wikipedia.org/wiki/Slime_(band)","","","","","","","","","","","","",""
"45768","Selena","https://en.wikipedia.org/wiki/Selena","tejano","tex-mex cumbia","latin pop","","","","","","","","","",""
"45837","Noël Regney","https://en.wikipedia.org/wiki/Noël_Regney","","","","","","","","","","","","",""
"45843","Baroness","https://en.wikipedia.org/wiki/Baroness_(band)","sludge metal","progressive metal","alternative metal","post-metal","","","","","","","","",""
"45853","Terumasa Hino","https://en.wikipedia.org/wiki/Terumasa_Hino","jazz","jazz fusion","avant-garde jazz","","","","","","","","","",""
"45878","? ???","https://en.wikipedia.org/wiki/Chitose_Hajime","folk","world music","","","","","","","","","","",""
"45884","Gary Corbett","https://en.wikipedia.org/wiki/Gary_Corbett","heavy metal","hard rock","","","","","","","","","","",""
"45889","Toki Asako","https://en.wikipedia.org/wiki/Asako_Toki","j-pop","rock","shibuya-kei","jazz","city pop","","","","","","","",""
"45893","Buddy Baker","https://en.wikipedia.org/wiki/Buddy_Baker_(composer)","soundtrack","","","","","","","","","","","",""
"45967","?? ???","https://en.wikipedia.org/wiki/Anna_Tsuchiya","pop rock","alternative rock","punk rock","pop punk","","","","","","","","",""
"45971","Calpernia Addams","https://en.wikipedia.org/wiki/Calpernia_Addams","","","","","","","","","","","","",""
"45975","The Jolly Boys","https://en.wikipedia.org/wiki/The_Jolly_Boys","","","","","","","","","","","","",""
"45983","Dierks Bentley","https://en.wikipedia.org/wiki/Dierks_Bentley","country","bluegrass","","","","","","","","","","",""
"45986","Esa Pakarinen","https://en.wikipedia.org/wiki/Esa_Pakarinen","schlager","cupl","rock and roll","","","","","","","","","",""
"45991","Shirley Clamp","https://en.wikipedia.org/wiki/Shirley_Clamp","pop","schlager","","","","","","","","","","",""
"46038","The Rentals","https://en.wikipedia.org/wiki/The_Rentals","new wave","power pop","alternative rock","indie rock","","","","","","","","",""
"46041","Tokyo Police Club","https://en.wikipedia.org/wiki/Tokyo_Police_Club","indie rock","post-punk revival","alternative rock","","","","","","","","","",""
"46049","Steve Turre","https://en.wikipedia.org/wiki/Steve_Turre","jazz","","","","","","","","","","","",""
"46074","Stephen Mallinder","https://en.wikipedia.org/wiki/Stephen_Mallinder","electronic","","","","","","","","","","","",""
"46097","Alexis Cole","https://en.wikipedia.org/wiki/Alexis_Cole","jazz","swing","","","","","","","","","","",""
"46105","O'Death","https://en.wikipedia.org/wiki/O'Death","gothic country","","","","","","","","","","","",""
"46127","Scott Hamilton","https://en.wikipedia.org/wiki/Scott_Hamilton_(musician)","jazz","swing music","straight-ahead jazz","","","","","","","","","",""
"46131","Karin Krog","https://en.wikipedia.org/wiki/Karin_Krog","vocal jazz","","","","","","","","","","","",""
"46144","Selena Gomez","https://en.wikipedia.org/wiki/Selena_Gomez","dance-pop","edm","","","","","","","","","","",""
"46162","Thomas Croquet","https://en.wikipedia.org/wiki/Thomas_Mars","alternative rock","","","","","","","","","","","",""
"46162","Thomas Croquet","https://en.wikipedia.org/wiki/Thomas_Mars","alternative rock","","","","","","","","","","","",""
"46162","Thomas Croquet","https://en.wikipedia.org/wiki/Thomas_Mars","alternative rock","","","","","","","","","","","",""
"46175","Emi Fujita","https://en.wikipedia.org/wiki/Emi_Fujita","","","","","","","","","","","","",""
"46188","Tânia Alves","https://en.wikipedia.org/wiki/Tânia_Alves","","","","","","","","","","","","",""
"46233","Chynna Phillips","https://en.wikipedia.org/wiki/Chynna_Phillips","pop","","","","","","","","","","","",""
"46251","Coco Sumner","https://en.wikipedia.org/wiki/Eliot_Sumner","rock","pop","electronic","post-punk revival","","","","","","","","",""
"46252","Laura Michelle Kelly","https://en.wikipedia.org/wiki/Laura_Michelle_Kelly","","","","","","","","","","","","",""
"46281","Markus Fagervall","https://en.wikipedia.org/wiki/Markus_Fagervall","pop","rock","","","","","","","","","","",""
"46290","Cornelis Vreeswijk","https://en.wikipedia.org/wiki/Cornelis_Vreeswijk","","","","","","","","","","","","",""
"46298","De Spelbrekers","https://en.wikipedia.org/wiki/De_Spelbrekers","","","","","","","","","","","","",""
"46348","Buzz","https://en.wikipedia.org/wiki/Buzz_(band)","rock","pop-rock","power ballad","","","","","","","","","",""
"46384","Nocturnal Rites","https://en.wikipedia.org/wiki/Nocturnal_Rites","power metal","","","","","","","","","","","",""
"46411","A.R. Rahman","https://en.wikipedia.org/wiki/A._R._Rahman","filmi","indian classical","world music","","","","","","","","","",""
"46418","Nicole Scherzinger","https://en.wikipedia.org/wiki/Nicole_Scherzinger","r&b","pop","hip hop","dance","","","","","","","","",""
"46419","Ester Dean","https://en.wikipedia.org/wiki/Ester_Dean","r&b","pop","","","","","","","","","","",""
"46431","Stan Walker","https://en.wikipedia.org/wiki/Stan_Walker","pop","r&b","","","","","","","","","","",""
"46454","Eiji Kitamura","https://en.wikipedia.org/wiki/Eiji_Kitamura","","","","","","","","","","","","",""
"46460","Ellie Goulding","https://en.wikipedia.org/wiki/Ellie_Goulding","electropop","synth-pop","indie pop","folktronica","","","","","","","","",""
"46464","Lissie","https://en.wikipedia.org/wiki/Lissie","rock","pop","country","folk","","","","","","","","",""
"46475","Tamio Okuda","https://en.wikipedia.org/wiki/Tamio_Okuda","rock","","","","","","","","","","","",""
"46484","Mumford & Sons","https://en.wikipedia.org/wiki/Mumford_&_Sons","folk rock","alternative rock","indie folk","americana","country","bluegrass","","","","","","",""
"46486","Paloma Faith","https://en.wikipedia.org/wiki/Paloma_Faith","pop","soul","r&b","disco","jazz","","","","","","","",""
"46555","Teo Macero","https://en.wikipedia.org/wiki/Teo_Macero","jazz","classical","third stream","orchestral jazz","fusion","","","","","","","",""
"46562","Albert Nicholas","https://en.wikipedia.org/wiki/Albert_Nicholas","jazz","","","","","","","","","","","",""
"46564","Tiger Okoshi","https://en.wikipedia.org/wiki/Tiger_Okoshi","jazz","jazz fusion","","","","","","","","","","",""
"46580","Arsen Dedi?","https://en.wikipedia.org/wiki/Arsen_Dedić","chanson","pop","","","","","","","","","","",""
"46603","Alton Purnell","https://en.wikipedia.org/wiki/Alton_Purnell","","","","","","","","","","","","",""
"46612","Greg Laswell","https://en.wikipedia.org/wiki/Greg_Laswell","indie rock","folk rock","singer-songwriter","","","","","","","","","",""
"46625","Chris Mosdell","https://en.wikipedia.org/wiki/Chris_Mosdell","","","","","","","","","","","","",""
"46626","Yukihiro Takahashi","https://en.wikipedia.org/wiki/Yukihiro_Takahashi","electronic","pop","rock","","","","","","","","","",""
"46658","Patrik Fitzgerald","https://en.wikipedia.org/wiki/Patrik_Fitzgerald","folk punk","punk rock","","","","","","","","","","",""
"46661","Laurie Anderson","https://en.wikipedia.org/wiki/Laurie_Anderson","art pop","electronic","avant-garde","spoken word","","","","","","","","",""
"46759","Anthony Phillips","https://en.wikipedia.org/wiki/Anthony_Phillips","progressive rock","folk rock","neo-classical","electronic","","","","","","","","",""
"46773","Jon Hopkins","https://en.wikipedia.org/wiki/Jon_Hopkins","electronic","idm","ambient","contemporary classical","tech house","","","","","","","",""
"46777","Bedouin Soundclash","https://en.wikipedia.org/wiki/Bedouin_Soundclash","alternative rock","ska","roots reggae","reggae rock","pop","","","","","","","",""
"46783","Romy Madley Croft","https://en.wikipedia.org/wiki/Romy_Madley_Croft","dance","","","","","","","","","","","",""
"46786","Jamie Smith","https://en.wikipedia.org/wiki/Jamie_xx","electronic","indie pop","","","","","","","","","","",""
"46831","Jonna Lee","https://en.wikipedia.org/wiki/Jonna_Lee_(singer)","eurodance","folk-pop","electropop","indie pop","art pop","","","","","","","",""
"46884","Akira Sakata","https://en.wikipedia.org/wiki/Akira_Sakata","jazz","","","","","","","","","","","",""
"46939","Paul King","https://en.wikipedia.org/wiki/Paul_King_(VJ)","","","","","","","","","","","","",""
"46947","Moneybrother","https://en.wikipedia.org/wiki/Anders_Wendin","rock","soul","reggae","","","","","","","","","",""
"46972","Idde Schultz","https://en.wikipedia.org/wiki/Idde_Schultz","swedish pop","","","","","","","","","","","",""
"46998","Loverboy","https://en.wikipedia.org/wiki/Loverboy","arena rock","hard rock","pop rock","new wave","","","","","","","","",""
"47021","Dum Dum Girls","https://en.wikipedia.org/wiki/Dum_Dum_Girls","indie rock","noise pop","dream pop","shoegaze","alternative rock","","","","","","","",""
"47050","Wednesday Night Heroes","https://en.wikipedia.org/wiki/Wednesday_Night_Heroes","punk rock","oi","street punk","hardcore punk","","","","","","","","",""
"47062","Warpaint","https://en.wikipedia.org/wiki/Warpaint_(band)","indie rock","post-rock","art rock","dream pop","psychedelic rock","neo-psychedelia","","","","","","",""
"47066","Shadow Gallery","https://en.wikipedia.org/wiki/Shadow_Gallery","progressive metal","progressive rock","","","","","","","","","","",""
"47099","Charles Kelley","https://en.wikipedia.org/wiki/Charles_Kelley","country","country pop","","","","","","","","","","",""
"47118","Jedward","https://en.wikipedia.org/wiki/Jedward","pop","","","","","","","","","","","",""
"47165","Renato Rascel","https://en.wikipedia.org/wiki/Renato_Rascel","","","","","","","","","","","","",""
"47185","Dominic Behan","https://en.wikipedia.org/wiki/Dominic_Behan","short story writer","novelist","playwright","songwriter","singer","","","","","","","",""
"47200","Skin [1]","https://en.wikipedia.org/wiki/Skin_(musician)","indie rock","alternative rock","alternative metal","","","","","","","","","",""
"47217","Jason Derülo","https://en.wikipedia.org/wiki/Jason_Derulo","pop","r&b","edm","","","","","","","","","",""
"47218","Claude Kelly","https://en.wikipedia.org/wiki/Claude_Kelly","pop","r&b","soul","dance","country","","","","","","","",""
"47228","Mike Mainieri","https://en.wikipedia.org/wiki/Mike_Mainieri","jazz","jazz fusion","rock","","","","","","","","","",""
"47243","The Coral","https://en.wikipedia.org/wiki/The_Coral","indie rock","psychedelic folk","neo-psychedelia","jangle pop","","","","","","","","",""
"47244","Omar","https://en.wikipedia.org/wiki/Omar_Lye-Fook","soul","neo soul","","","","","","","","","","",""
"47263","Nora Arnezeder","https://en.wikipedia.org/wiki/Nora_Arnezeder","","","","","","","","","","","","",""
"47272","Björn Dixgård","https://en.wikipedia.org/wiki/Björn_Dixgård","","","","","","","","","","","","",""
"47280","Ruth Jacott","https://en.wikipedia.org/wiki/Ruth_Jacott","pop","","","","","","","","","","","",""
"47282","Blutengel","https://en.wikipedia.org/wiki/Blutengel","darkwave","futurepop","synthpop","","","","","","","","","",""
"47299","Rowan Atkinson","https://en.wikipedia.org/wiki/Rowan_Atkinson","","","","","","","","","","","","",""
"47313","Joel Plaskett","https://en.wikipedia.org/wiki/Joel_Plaskett","indie rock","folk rock","","","","","","","","","","",""
"47336","James Blake","https://en.wikipedia.org/wiki/James_Blake_(musician)","alternative r&b","uk bass","soul","electronic","ambient","post-dubstep","","","","","","",""
"47349","Authority Zero","https://en.wikipedia.org/wiki/Authority_Zero","ska punk","skate punk","art punk","surf rock","punk rock","reggae rock","alternative rock","experimental rock","melodic hardcore","","","",""
"47389","Megaherz","https://en.wikipedia.org/wiki/Megaherz","neue deutsche hrte","industrial metal","","","","","","","","","","",""
"47408","Ajda Pekkan","https://en.wikipedia.org/wiki/Ajda_Pekkan","pop","dance","schlager","","","","","","","","","",""
"47523","Tame Impala","https://en.wikipedia.org/wiki/Tame_Impala","psychedelic pop","psychedelic rock","indie rock","synth-pop","neo-psychedelia","electronic","","","","","","",""
"47525","Nicki Minaj","https://en.wikipedia.org/wiki/Nicki_Minaj","hip hop","r&b","pop","","","","","","","","","",""
"47533","Jessica 6","https://en.wikipedia.org/wiki/Jessica_6_(band)","disco","house","nu-disco","","","","","","","","","",""
"47548","Alex Da Kid","https://en.wikipedia.org/wiki/Alex_da_Kid","alternative rock","hip hop","jazz","pop","r&b","","","","","","","",""
"47553","Lights [1]","https://en.wikipedia.org/wiki/Lights_(musician)","electropop","synth-pop","electronic rock","","","","","","","","","",""
"47581","Beppe Wolgers","https://en.wikipedia.org/wiki/Beppe_Wolgers","","","","","","","","","","","","",""
"47583","Johnny Pearson","https://en.wikipedia.org/wiki/Johnny_Pearson","pop","jazz","easy listening","","","","","","","","","",""
"47590","Laila Kinnunen","https://en.wikipedia.org/wiki/Laila_Kinnunen","","","","","","","","","","","","",""
"47597","Cavalera Conspiracy","https://en.wikipedia.org/wiki/Cavalera_Conspiracy","thrash metal","groove metal","death metal","","","","","","","","","",""
"47614","Martin Ditcham","https://en.wikipedia.org/wiki/Martin_Ditcham","","","","","","","","","","","","",""
"47635","Miike Snow","https://en.wikipedia.org/wiki/Miike_Snow","indie rock","indie pop","synthpop","indietronica","alternative dance","","","","","","","",""
"47648","White Lies","https://en.wikipedia.org/wiki/White_Lies_(band)","indie rock","alternative rock","post-punk revival","new wave","","","","","","","","",""
"47663","Gry","https://en.wikipedia.org/wiki/Gry_Johansen","","","","","","","","","","","","",""
"47702","Freshlyground","https://en.wikipedia.org/wiki/Freshlyground","afro fusion","folk","afropop","jazz","electronic","","","","","","","",""
"47713","Il Volo","https://en.wikipedia.org/wiki/Il_Volo","operatic pop","classical crossover","","","","","","","","","","",""
"47716","Camille Saint-Saëns","https://en.wikipedia.org/wiki/Camille_Saint-Saëns","","","","","","","","","","","","",""
"47724","Gianni Bella","https://en.wikipedia.org/wiki/Gianni_Bella","pop","pop rock","","","","","","","","","","",""
"47779","China Forbes","https://en.wikipedia.org/wiki/China_Forbes","","","","","","","","","","","","",""
"47852","Caro Emerald","https://en.wikipedia.org/wiki/Caroline_van_der_Leeuw","jazz","pop","swing","electro swing","","","","","","","","",""
"47857","Kevin Saunderson","https://en.wikipedia.org/wiki/Kevin_Saunderson","detroit techno","house music","acid house","","","","","","","","","",""
"47880","""""Deadly"""" Headly Bennett","https://en.wikipedia.org/wiki/Headley_Bennett","ska","rocksteady","reggae","roots reggae","dub","","","","","","","",""
"47881","Robbie Lyn","https://en.wikipedia.org/wiki/Robbie_Lyn","reggae","","","","","","","","","","","",""
"47895","Hinder","https://en.wikipedia.org/wiki/Hinder","hard rock","post-grunge","","","","","","","","","","",""
"47909","Japandroids","https://en.wikipedia.org/wiki/Japandroids","alternative rock","indie rock","noise rock","punk rock","garage rock","citation needed","","","","","","",""
"47915","Morbid Angel","https://en.wikipedia.org/wiki/Morbid_Angel","death metal","","","","","","","","","","","",""
"47945","Jesse Valenzuela","https://en.wikipedia.org/wiki/Jesse_Valenzuela","","","","","","","","","","","","",""
"47959","Earl Edwards","https://en.wikipedia.org/wiki/Earl_Edwards_(songwriter)","","","","","","","","","","","","",""
"47960","Bernice Williams","https://en.wikipedia.org/wiki/Bernice_Williams","","","","","","","","","","","","",""
"47981","Jason Hunter","https://en.wikipedia.org/wiki/Inspectah_Deck","east coast hip-hop","","","","","","","","","","","",""
"48105","Fio Zanotti","https://en.wikipedia.org/wiki/Fio_Zanotti","","","","","","","","","","","","",""
"48106","Siniestro Total","https://en.wikipedia.org/wiki/Siniestro_Total","rock","punk rock","punk blues","","","","","","","","","",""
"48138","Emma Marrone","https://en.wikipedia.org/wiki/Emma_Marrone","pop","pop rock","","","","","","","","","","",""
"48224","Jade Ewen","https://en.wikipedia.org/wiki/Jade_Ewen","pop","dance-pop","electropop","europop","r&b","","","","","","","",""
"48273","Mikko Alatalo","https://en.wikipedia.org/wiki/Mikko_Alatalo","","","","","","","","","","","","",""
"48289","Olavi Virta","https://en.wikipedia.org/wiki/Olavi_Virta","finnish tango","","","","","","","","","","","",""
"48290","Eero Raittinen","https://en.wikipedia.org/wiki/Eero_Raittinen","","","","","","","","","","","","",""
"48291","Jukka Kuoppamäki","https://en.wikipedia.org/wiki/Jukka_Kuoppamäki","","","","","","","","","","","","",""
"48292","Harry Tobias","https://en.wikipedia.org/wiki/Harry_Tobias","","","","","","","","","","","","",""
"48338","Sten & Stanley","https://en.wikipedia.org/wiki/Sten_&_Stanley","dansband music","","","","","","","","","","","",""
"48368","Tonia","https://en.wikipedia.org/wiki/Tonia_(singer)","pop","","","","","","","","","","","",""
"48399","Pekka Tammilehto","https://en.wikipedia.org/wiki/Topi_Sorsakoski","","","","","","","","","","","","",""
"48400","Jussi Raittinen","https://en.wikipedia.org/wiki/Jussi_Raittinen","","","","","","","","","","","","",""
"48426","Jane Lynch","https://en.wikipedia.org/wiki/Jane_Lynch","","","","","","","","","","","","",""
"48466","Alvin Alcorn","https://en.wikipedia.org/wiki/Alvin_Alcorn","jazz","","","","","","","","","","","",""
"48535","Ane Trolle","https://en.wikipedia.org/wiki/Ane_Trolle","","","","","","","","","","","","",""
"48536","Jooks","https://en.wikipedia.org/wiki/Jooks","rap","","","","","","","","","","","",""
"48537","Oh Land","https://en.wikipedia.org/wiki/Oh_Land","pop","indie pop","synthpop","electronic","experimental","","","","","","","",""
"48548","The Hillbilly Moon Explosion","https://en.wikipedia.org/wiki/Hillbilly_Moon_Explosion","rockabilly","","","","","","","","","","","",""
"48637","Kajsa Grytt","https://en.wikipedia.org/wiki/Kajsa_Grytt","","","","","","","","","","","","",""
"48662","Titiyo","https://en.wikipedia.org/wiki/Titiyo","pop","soul","r&b","","","","","","","","","",""
"48707","Imelda May","https://en.wikipedia.org/wiki/Imelda_May","rockabilly","jazz","swing","folk","soul","traditional pop","soft rock","","","","","",""
"48724","Borney Bergantine","https://en.wikipedia.org/wiki/Borney_Bergantine","","","","","","","","","","","","",""
"48762","Pernilla Andersson","https://en.wikipedia.org/wiki/Pernilla_Andersson","country pop","","","","","","","","","","","",""
"48775","Guy Sebastian","https://en.wikipedia.org/wiki/Guy_Sebastian","pop","r&b","","","","","","","","","","",""
"48801","Paddy Roberts","https://en.wikipedia.org/wiki/Paddy_Roberts_(songwriter)","","","","","","","","","","","","",""
"48817","Pat McGeegan","https://en.wikipedia.org/wiki/Pat_McGuigan","","","","","","","","","","","","",""
"48880","Pate Mustajärvi","https://en.wikipedia.org/wiki/Pate_Mustajärvi","rock","","","","","","","","","","","",""
"48922","Kamelot","https://en.wikipedia.org/wiki/Kamelot","power metal","heavy metal","progressive metal","symphonic metal","","","","","","","","",""
"48930","Isao Suzuki","https://en.wikipedia.org/wiki/Isao_Suzuki","","","","","","","","","","","","",""
"48954","Larz-Kristerz","https://en.wikipedia.org/wiki/Larz-Kristerz","dansband","","","","","","","","","","","",""
"49031","TNT","https://en.wikipedia.org/wiki/TNT_(Norwegian_band)","hard rock","glam metal","heavy metal","","","","","","","","","",""
"49049","Sneaker Pimps","https://en.wikipedia.org/wiki/Sneaker_Pimps","electronic","trip hop","dance-rock","downtempo","","","","","","","","",""
"49059","Shirley MacLaine","https://en.wikipedia.org/wiki/Shirley_MacLaine","","","","","","","","","","","","",""
"49072","Sanctus Real","https://en.wikipedia.org/wiki/Sanctus_Real","contemporary christian","christian alternative rock","christian rock","","","","","","","","","",""
"49105","Rita","https://en.wikipedia.org/wiki/Rita_(Israeli_singer)","rock","soul","pop","folk","hebrew","persian","","","","","","",""
"49129","Beegie Adair","https://en.wikipedia.org/wiki/Beegie_Adair","jazz","","","","","","","","","","","",""
"49167","Jack Palmer","https://en.wikipedia.org/wiki/Jack_Palmer_(composer)","","","","","","","","","","","","",""
"49281","Cookies n Beans","https://en.wikipedia.org/wiki/Cookies_'N'_Beans","country","","","","","","","","","","","",""
"49282","Rebecka Törnqvist","https://en.wikipedia.org/wiki/Rebecka_Törnqvist","jazz","pop","","","","","","","","","","",""
"49285","Jan Malmsjö","https://en.wikipedia.org/wiki/Jan_Malmsjö","","","","","","","","","","","","",""
"49286","Bo Sundström","https://en.wikipedia.org/wiki/Bo_Sundström","","","","","","","","","","","","",""
"49289","Eva Dahlgren","https://en.wikipedia.org/wiki/Eva_Dahlgren","pop","","","","","","","","","","","",""
"49293","Olle Ljungström","https://en.wikipedia.org/wiki/Olle_Ljungström","","","","","","","","","","","","",""
"49294","Sophie Zelmani","https://en.wikipedia.org/wiki/Sophie_Zelmani","adult alternative","folk","","","","","","","","","","",""
"49320","Junko Onishi","https://en.wikipedia.org/wiki/Junko_Onishi_(musician)","jazz","","","","","","","","","","","",""
"49337","Joseph Webster","https://en.wikipedia.org/wiki/Joseph_Philbrick_Webster","","","","","","","","","","","","",""
"49348","Akiko Wada","https://en.wikipedia.org/wiki/Akiko_Wada","","","","","","","","","","","","",""
"49400","Babyshambles","https://en.wikipedia.org/wiki/Babyshambles","indie rock","post-punk revival","","","","","","","","","","",""
"49517","Tony Brown","https://en.wikipedia.org/wiki/Tony_Brown_(record_producer)","country","southern gospel","americana","","","","","","","","","",""
"49527","Seether","https://en.wikipedia.org/wiki/Seether","post-grunge","hard rock","alternative metal","alternative rock","nu metal","","","","","","","",""
"49565","Spacehog","https://en.wikipedia.org/wiki/Spacehog","alternative rock","glam rock","","","","","","","","","","",""
"49596","The Assembly","https://en.wikipedia.org/wiki/The_Assembly","synth-pop","","","","","","","","","","","",""
"49621","Miranda Lambert","https://en.wikipedia.org/wiki/Miranda_Lambert","country","country pop","","","","","","","","","","",""
"49645","Young Divas","https://en.wikipedia.org/wiki/Young_Divas","dance","disco","pop","","","","","","","","","",""
"49654","The Ramblers","https://en.wikipedia.org/wiki/The_Ramblers_(band)","jazz","big band","swing","progressive jazz","easy listening","lounge","","","","","","",""
"49667","3070","https://en.wikipedia.org/wiki/Richard_Davis_(techno_artist)","","","","","","","","","","","","",""
"49668","Juan Atkins","https://en.wikipedia.org/wiki/Juan_Atkins","detroit techno","","","","","","","","","","","",""
"49680","Stephanie Dosen","https://en.wikipedia.org/wiki/Stephanie_Dosen","","","","","","","","","","","","",""
"49684","Laurie Lewis","https://en.wikipedia.org/wiki/Laurie_Lewis","folk","bluegrass","country","","","","","","","","","",""
"49733","Shy'm","https://en.wikipedia.org/wiki/Shy'm","pop","dance","r&b","","","","","","","","","",""
"49812","Anssi Kela","https://en.wikipedia.org/wiki/Anssi_Kela","rock","","","","","","","","","","","",""
"49813","Tuomari Nurmio","https://en.wikipedia.org/wiki/Tuomari_Nurmio","rock","blues","folk","","","","","","","","","",""
"49835","Amon Amarth","https://en.wikipedia.org/wiki/Amon_Amarth","melodic death metal","","","","","","","","","","","",""
"49893","Sleep","https://en.wikipedia.org/wiki/Sleep_(band)","doom metal","stoner metal","","","","","","","","","","",""
"49969","Ben Adams","https://en.wikipedia.org/wiki/Ben_Adams","pop","","","","","","","","","","","",""
"50067","Joe McElderry","https://en.wikipedia.org/wiki/Joe_McElderry","pop","operatic pop","country pop","","","","","","","","","",""
"50107","Bonnie McKee","https://en.wikipedia.org/wiki/Bonnie_McKee","pop","dance-pop","electropop","synth-pop","pop rock","","","","","","","",""
"50127","The Kissaway Trail","https://en.wikipedia.org/wiki/The_Kissaway_Trail","indie rock","","","","","","","","","","","",""
"50164","Mari Natsuki","https://en.wikipedia.org/wiki/Mari_Natsuki","","","","","","","","","","","","",""
"50167","Kirinji","https://en.wikipedia.org/wiki/Kirinji_(band)","j-pop","indie pop","jazz fusion","adult contemporary","","","","","","","","",""
"50214","Andrew Wyatt","https://en.wikipedia.org/wiki/Andrew_Wyatt","alternative rock","electronica","indie pop","","","","","","","","","",""
"50224","Lasse Mårtenson","https://en.wikipedia.org/wiki/Lasse_Mårtenson","","","","","","","","","","","","",""
"50225","Timo Räisänen","https://en.wikipedia.org/wiki/Timo_Räisänen","rock","indie pop","pop","","","","","","","","","",""
"50289","Nick Feldman","https://en.wikipedia.org/wiki/Nick_Feldman","rock","pop","pop rock","dance","new wave","","","","","","","",""
"50291","Huang Chung","https://en.wikipedia.org/wiki/Wang_Chung_(band)","new wave","pop rock","dance-rock","dance-pop","","","","","","","","",""
"50299","Gas Lipstick","https://en.wikipedia.org/wiki/Gas_Lipstick","gothic rock","deathgrind","hardcore punk","heavy metal","","","","","","","","",""
"50349","Polarkreis 18","https://en.wikipedia.org/wiki/Polarkreis_18","alternative rock","synth-pop","pop rock","post-rock","indietronica","","","","","","","",""
"50372","Emerson Burton","https://en.wikipedia.org/wiki/Burton_(musician)","gothic rock","alternative metal","alternative rock","","","","","","","","","",""
"50387","Davey von Bohlen","https://en.wikipedia.org/wiki/Davey_von_Bohlen","emo","indie rock","pop punk","power pop","acoustic rock","","","","","","","",""
"50426","Sisqo","https://en.wikipedia.org/wiki/Sisqó","r&b","pop","","","","","","","","","","",""
"50483","Holly McNarland","https://en.wikipedia.org/wiki/Holly_McNarland","alternative rock","","","","","","","","","","","",""
"50501","Hannah Fury","https://en.wikipedia.org/wiki/Hannah_Fury","dark cabaret","ethereal music","","","","","","","","","","",""
"50510","Pierluigi Giombini","https://en.wikipedia.org/wiki/Pierluigi_Giombini","","","","","","","","","","","","",""
"50511","Gazebo","https://en.wikipedia.org/wiki/Gazebo_(musician)","italo disco","","","","","","","","","","","",""
"50523","Aleksandar Marton","https://en.wikipedia.org/wiki/Sandy_Marton","italo disco","synth-pop","","","","","","","","","","",""
"50545","Mary Roos","https://en.wikipedia.org/wiki/Mary_Roos","euro disco","schlager","","","","","","","","","","",""
"50624","Street Sweeper Social Club","https://en.wikipedia.org/wiki/Street_Sweeper_Social_Club","rap rock","funk rock","alternative rock","hard rock","punk rock","","","","","","","",""
"50637","Vampire Weekend","https://en.wikipedia.org/wiki/Vampire_Weekend","indie rock","indie pop","art pop","baroque pop","worldbeat","","","","","","","",""
"50699","Tone Norum","https://en.wikipedia.org/wiki/Tone_Norum","pop","rock","country","","","","","","","","","",""
"50731","Rita Reys","https://en.wikipedia.org/wiki/Rita_Reys","jazz","bossa nova","","","","","","","","","","",""
"50763","Pitchshifter","https://en.wikipedia.org/wiki/Pitchshifter","industrial metal","industrial rock","nu metal","drum and bass","","","","","","","","",""
"50781","Greg Taylor [1]","https://en.wikipedia.org/wiki/Greg_""Fingers""_Taylor","rock and roll","blues","country","gulf and western","","","","","","","","",""
"50811","Hermes House Band","https://en.wikipedia.org/wiki/Hermes_House_Band","dance-pop","eurodance","","","","","","","","","","",""
"50898","Bill Bottrell","https://en.wikipedia.org/wiki/Bill_Bottrell","","","","","","","","","","","","",""
"50990","Viktoria Tolstoy","https://en.wikipedia.org/wiki/Viktoria_Tolstoy","jazz","","","","","","","","","","","",""
"51028","Niklas Strömstedt","https://en.wikipedia.org/wiki/Niklas_Strömstedt","rock","pop","","","","","","","","","","",""
"51030","Gaye Delorme","https://en.wikipedia.org/wiki/Gaye_Delorme","","","","","","","","","","","","",""
"51067","Miss Li","https://en.wikipedia.org/wiki/Miss_Li","pop","jazz fusion","cabaret","blues","","","","","","","","",""
"51069","Ludwig von 88","https://en.wikipedia.org/wiki/Ludwig_von_88","punk rock","alternative rock","","","","","","","","","","",""
"51070","Jean-Paul Cara","https://en.wikipedia.org/wiki/Jean-Paul_Cara","","","","","","","","","","","","",""
"51078","Manau","https://en.wikipedia.org/wiki/Manau_(band)","french hip-hop","","","","","","","","","","","",""
"51090","Loreena McKennitt","https://en.wikipedia.org/wiki/Loreena_McKennitt","celtic fusion","world","new-age","","","","","","","","","",""
"51227","Steve Miller Band","https://en.wikipedia.org/wiki/Kenny_Lee_Lewis","blues rock","psychedelic rock","pop rock","","","","","","","","","",""
"51227","Steve Miller Band","https://en.wikipedia.org/wiki/Steve_Miller_Band","blues rock","psychedelic rock","pop rock","","","","","","","","","",""
"51284","Reino Helismaa","https://en.wikipedia.org/wiki/Reino_Helismaa","","","","","","","","","","","","",""
"51315","Fred McFarlane","https://en.wikipedia.org/wiki/Fred_McFarlane","","","","","","","","","","","","",""
"51321","Volker Hinkel","https://en.wikipedia.org/wiki/Volker_Hinkel","britpop","pop rock","rock and roll","alternative rock","synth pop","electronic rock","","","","","","",""
"51345","Mitsuo Shindo","https://en.wikipedia.org/wiki/Mitsuo_Shindō","","","","","","","","","","","","",""
"51386","Henry Theel","https://en.wikipedia.org/wiki/Henry_Theel","","","","","","","","","","","","",""
"51477","Breakwater","https://en.wikipedia.org/wiki/Breakwater_(band)","funk","soul","r&b","funk rock","","","","","","","","",""
"51551","Rhapsody of Fire","https://en.wikipedia.org/wiki/Rhapsody_of_Fire","symphonic power metal","neoclassical metal","","","","","","","","","","",""
"51553","Jessica Andersson","https://en.wikipedia.org/wiki/Jessica_Andersson","pop","","","","","","","","","","","",""
"51572","Glen Moore [1]","https://en.wikipedia.org/wiki/Glen_Moore","jazz","","","","","","","","","","","",""
"51604","Fud Leclerc","https://en.wikipedia.org/wiki/Fud_Leclerc","","","","","","","","","","","","",""
"51622","Robert Westerholt","https://en.wikipedia.org/wiki/Robert_Westerholt","symphonic metal","symphonic rock","","","","","","","","","","",""
"51623","Sharon den Adel","https://en.wikipedia.org/wiki/Sharon_den_Adel","symphonic metal","gothic metal","pop rock","","","","","","","","","",""
"51640","Klamydia","https://en.wikipedia.org/wiki/Klamydia","punk rock","","","","","","","","","","","",""
"51652","Edyta Górniak","https://en.wikipedia.org/wiki/Edyta_Górniak","pop","r&b","","","","","","","","","","",""
"51656","Lill Lindfors","https://en.wikipedia.org/wiki/Lill_Lindfors","jazz","schlager","folk","","","","","","","","","",""
"51696","Theo Mackeben","https://en.wikipedia.org/wiki/Theo_Mackeben","","","","","","","","","","","","",""
"51699","Margot Hielscher","https://en.wikipedia.org/wiki/Margot_Hielscher","","","","","","","","","","","","",""
"51700","Al Timothy","https://en.wikipedia.org/wiki/Al_Timothy","bebop","calypso","rhythm and blues","","","","","","","","","",""
"51762","Anne-Lie Rydé","https://en.wikipedia.org/wiki/Anne-Lie_Rydé","pop","rock","schlager","dansband music","","","","","","","","",""
"51785","Jeff Bhasker","https://en.wikipedia.org/wiki/Jeff_Bhasker","pop","r&b","hip hop","pop rock","","","","","","","","",""
"51787","Of Mice & Men","https://en.wikipedia.org/wiki/Of_Mice_&_Men_(band)","metalcore","hard rock","post-hardcore","nu metal","alternative metal","","","","","","","",""
"51788","Seija Simola","https://en.wikipedia.org/wiki/Seija_Simola","","","","","","","","","","","","",""
"51943","Kazumi Watanabe","https://en.wikipedia.org/wiki/Kazumi_Watanabe","jazz","jazz fusion","","","","","","","","","","",""
"51995","Temple of the Dog","https://en.wikipedia.org/wiki/Temple_of_the_Dog","grunge","alternative rock","","","","","","","","","","",""
"51997","Daniel House","https://en.wikipedia.org/wiki/Daniel_House_(musician)","grunge","punk rock","indie rock","alternative rock","","","","","","","","",""
"51998","Barrett Martin","https://en.wikipedia.org/wiki/Barrett_Martin","alternative rock","modern jazz","jazz fusion","delta blues","grunge","","","","","","","",""
"51999","Jack Endino","https://en.wikipedia.org/wiki/Jack_Endino","grunge","alternative rock","hardcore punk","heavy metal","indie rock","doom metal","","","","","","",""
"52060","Freddie Bell","https://en.wikipedia.org/wiki/Freddie_Bell","","","","","","","","","","","","",""
"52081","Erik Kristian Mantere","https://en.wikipedia.org/wiki/Eeki_Mantere","","","","","","","","","","","","",""
"52222","Sofia Essaïdi","https://en.wikipedia.org/wiki/Sofia_Essaïdi","french pop","r&b","","","","","","","","","","",""
"52228","Jonna","https://en.wikipedia.org/wiki/Jonna_Tervomaa","","","","","","","","","","","","",""
"52333","André Heller","https://en.wikipedia.org/wiki/André_Heller","","","","","","","","","","","","",""
"52336","Erin Boheme","https://en.wikipedia.org/wiki/Erin_Boheme","jazz","","","","","","","","","","","",""
"52406","Banner Pilot","https://en.wikipedia.org/wiki/Banner_Pilot","punk rock","melodic hardcore","","","","","","","","","","",""
"52449","New Radicals","https://en.wikipedia.org/wiki/New_Radicals","pop","rock","power pop","","","","","","","","","",""
"52466","Susanne Georgi","https://en.wikipedia.org/wiki/Susanne_Georgi","pop","dance","","","","","","","","","","",""
"52472","Ray Slijngaard","https://en.wikipedia.org/wiki/Ray_Slijngaard","eurodance","house","dance-pop","hi-nrg","hip hop","","","","","","","",""
"52475","2 Unlimited","https://en.wikipedia.org/wiki/2_Unlimited","eurodance","techno","dance-pop","","","","","","","","","",""
"52543","Lionel Newman","https://en.wikipedia.org/wiki/Lionel_Newman","","","","","","","","","","","","",""
"52570","Jay Supreme","https://en.wikipedia.org/wiki/Jay_Supreme","","","","","","","","","","","","",""
"52571","Culture Beat","https://en.wikipedia.org/wiki/Culture_Beat","eurodance","","","","","","","","","","","",""
"52635","Fanfarlo","https://en.wikipedia.org/wiki/Fanfarlo","indie rock","indie folk","alternative rock","","","","","","","","","",""
"52653","Abalone Dots","https://en.wikipedia.org/wiki/Abalone_Dots","bluegrass","","","","","","","","","","","",""
"53004","Ray LaMontagne","https://en.wikipedia.org/wiki/Ray_LaMontagne","folk","rock","folk rock","folk blues","soul","","","","","","","",""
"53062","Norman Bergen","https://en.wikipedia.org/wiki/Norman_Bergen","pop","disco","jazz","soul","","","","","","","","",""
"53169","2Cellos","https://en.wikipedia.org/wiki/2Cellos","cello rock","classical","chamber music","instrumental rock","","","","","","","","",""
"53288","Richard Kirk","https://en.wikipedia.org/wiki/Richard_H._Kirk","electronic","industrial","techno","","","","","","","","","",""
"53290","Chris Watson","https://en.wikipedia.org/wiki/Chris_Watson_(musician)","electronic","field recordings","","","","","","","","","","",""
"53340","John Kirkpatrick","https://en.wikipedia.org/wiki/John_Kirkpatrick_(folk_musician)","folk","","","","","","","","","","","",""
"53361","Chris Barnes","https://en.wikipedia.org/wiki/Chris_Barnes_(musician)","death metal","","","","","","","","","","","",""
"53368","Jenny Oaks Baker","https://en.wikipedia.org/wiki/Jenny_Oaks_Baker","","","","","","","","","","","","",""
"53391","Catatonia","https://en.wikipedia.org/wiki/Catatonia_(band)","alternative rock","post-britpop","indie pop","indie rock","britpop","","","","","","","",""
"53428","Ross Parker","https://en.wikipedia.org/wiki/Ross_Parker_(songwriter)","pop","swing","","","","","","","","","","",""
"53448","Sandie Jones","https://en.wikipedia.org/wiki/Sandie_Jones","pop","folk","middle-of-the-road","","","","","","","","","",""
"53451","Akio Sasajima","https://en.wikipedia.org/wiki/Akio_Sasajima","","","","","","","","","","","","",""
"53452","Masahiro Sayama","https://en.wikipedia.org/wiki/Masahiro_Sayama","","","","","","","","","","","","",""
"53492","Flo Rida","https://en.wikipedia.org/wiki/Flo_Rida","hip-hop","pop","electronic","","","","","","","","","",""
"53494","Iyaz","https://en.wikipedia.org/wiki/Iyaz","r&b","reggae","pop","","","","","","","","","",""
"53532","Cobra Starship","https://en.wikipedia.org/wiki/Cobra_Starship","dance-rock","electropop","pop punk","neon pop-punk","alternative dance","alternative rock","synth-pop","","","","","",""
"53535","Switchfoot","https://en.wikipedia.org/wiki/Switchfoot","alternative rock","post-grunge","hard rock","indie rock","gospel","power pop","pop rock","punk rock","","","","",""
"53539","Isaac Albéniz","https://en.wikipedia.org/wiki/Isaac_Albéniz","","","","","","","","","","","","",""
"53561","Mathé Altéry","https://en.wikipedia.org/wiki/Mathé_Altéry","","","","","","","","","","","","",""
"53603","The Heavy","https://en.wikipedia.org/wiki/The_Heavy_(band)","indie rock","alternative rock","funk rock","garage rock revival","blues rock","","","","","","","",""
"53607","Budgie [1]","https://en.wikipedia.org/wiki/Budgie_(band)","heavy metal","hard rock","","","","","","","","","","",""
"53607","Budgie [1]","https://en.wikipedia.org/wiki/Tony_Bourge","heavy metal","hard rock","","","","","","","","","","",""
"53644","Badesalz","https://en.wikipedia.org/wiki/Badesalz","","","","","","","","","","","","",""
"53655","Eläkeläiset","https://en.wikipedia.org/wiki/Eläkeläiset","humppa","jenkka","","","","","","","","","","",""
"53661","Ruiner","https://en.wikipedia.org/wiki/Ruiner_(band)","hardcore punk","melodic hardcore","","","","","","","","","","",""
"53704","Neol Davies","https://en.wikipedia.org/wiki/Neol_Davies","ska","2 tone","new wave","blues","","","","","","","","",""
"53714","Richard Oakes","https://en.wikipedia.org/wiki/Richard_Oakes_(guitarist)","alternative rock","britpop","","","","","","","","","","",""
"53747","Lykke Li","https://en.wikipedia.org/wiki/Lykke_Li","indie pop","dream pop","art pop","electropop","dance-pop","","","","","","","",""
"53755","Dan Auerbach","https://en.wikipedia.org/wiki/Dan_Auerbach","blues rock","garage rock","psychedelic rock","soul","indie rock","alternative rock","","","","","","",""
"53756","Patrick Carney","https://en.wikipedia.org/wiki/Patrick_Carney","blues rock","garage rock","alternative rock","indie rock","","","","","","","","",""
"53759","Masahiko Satoh","https://en.wikipedia.org/wiki/Masahiko_Satoh","jazz","","","","","","","","","","","",""
"53760","Marcus Mumford","https://en.wikipedia.org/wiki/Marcus_Mumford","americana","folk rock","indie folk","alternative rock","","","","","","","","",""
"53761","Ben Lovett","https://en.wikipedia.org/wiki/Ben_Lovett_(British_musician)","folk rock","indie folk","","","","","","","","","","",""
"53763","Ted Dwane","https://en.wikipedia.org/wiki/Ted_Dwane","folk rock","indie folk","","","","","","","","","","",""
"53880","Michael Poulsen","https://en.wikipedia.org/wiki/Michael_Poulsen","heavy metal","hard rock","groove metal","rockabilly","psychobilly","alternative metal","death metal","","","","","",""
"53890","Irene Kitchings","https://en.wikipedia.org/wiki/Irene_Kitchings","","","","","","","","","","","","",""
"53894","Blue Man Group","https://en.wikipedia.org/wiki/Blue_Man_Group","","","","","","","","","","","","",""
"53895","Saigon Kick","https://en.wikipedia.org/wiki/Saigon_Kick","hard rock","heavy metal","alternative rock","","","","","","","","","",""
"53923","Les Vandyke","https://en.wikipedia.org/wiki/Les_Vandyke","popular music","","","","","","","","","","","",""
"53967","Hannes Wader","https://en.wikipedia.org/wiki/Hannes_Wader","","","","","","","","","","","","",""
"53982","Jürgen von der Lippe","https://en.wikipedia.org/wiki/Jürgen_von_der_Lippe","","","","","","","","","","","","",""
"53983","Karl Dall","https://en.wikipedia.org/wiki/Karl_Dall","","","","","","","","","","","","",""
"53989","Guildo Horn","https://en.wikipedia.org/wiki/Guildo_Horn","schlager","","","","","","","","","","","",""
"53999","Virgin Steele","https://en.wikipedia.org/wiki/Virgin_Steele","heavy metal","power metal","","","","","","","","","","",""
"54010","Abwärts","https://en.wikipedia.org/wiki/Abwärts","post-punk","","","","","","","","","","","",""
"54011","Paolo Zavallone","https://en.wikipedia.org/wiki/Paolo_Zavallone","disco","pop","funk","soul","","","","","","","","",""
"54034","WestBam","https://en.wikipedia.org/wiki/WestBam","big beat","electro","breakbeat","techno","","","","","","","","",""
"54072","Satan Takes A Holiday","https://en.wikipedia.org/wiki/Satan_Takes_A_Holiday_(band)","garage rock","alternative rock","punk rock","","","","","","","","","",""
"54146","Wallis Bird","https://en.wikipedia.org/wiki/Wallis_Bird","folk","rockabilly","acoustic","","","","","","","","","",""
"54148","Thees Uhlmann","https://en.wikipedia.org/wiki/Thees_Uhlmann","rocknroll","indie rock","","","","","","","","","","",""
"54152","Deaf Havana","https://en.wikipedia.org/wiki/Deaf_Havana","alternative rock","folk rock","post-hardcore","","","","","","","","","",""
"54182","Maynard James Keenan","https://en.wikipedia.org/wiki/Maynard_James_Keenan","alternative metal","art rock","progressive metal","alternative rock","","","","","","","","",""
"54184","Danny Carey","https://en.wikipedia.org/wiki/Danny_Carey","progressive metal","progressive rock","heavy metal","art rock","alternative metal","hard rock","jazz fusion","experimental rock","","","","",""
"54186","Staind","https://en.wikipedia.org/wiki/Staind","alternative metal","post-grunge","nu metal","hard rock","","","","","","","","",""
"54216","Peter Biker","https://en.wikipedia.org/wiki/Peter_Biker","pop","r&b","hip hop","","","","","","","","","",""
"54222","Juan Valdivia","https://en.wikipedia.org/wiki/Juan_Valdivia","alternative rock","hard rock","","","","","","","","","","",""
"54248","Surfer Blood","https://en.wikipedia.org/wiki/Surfer_Blood","indie rock","post-punk revival","surf rock","alternative rock","","","","","","","","",""
"54256","3 Doors Down","https://en.wikipedia.org/wiki/Todd_Harrell","post-grunge","hard rock","alternative rock","","","","","","","","","",""
"54256","3 Doors Down","https://en.wikipedia.org/wiki/3_Doors_Down","post-grunge","hard rock","alternative rock","","","","","","","","","",""
"54256","3 Doors Down","https://en.wikipedia.org/wiki/Chris_Henderson_(American_musician)","post-grunge","hard rock","alternative rock","","","","","","","","","",""
"54294","Fünf Sterne Deluxe","https://en.wikipedia.org/wiki/Fünf_Sterne_deluxe","german hip hop","pop-rap","boom bap","","","","","","","","","",""
"54299","Uwe Ochsenknecht","https://en.wikipedia.org/wiki/Uwe_Ochsenknecht","","","","","","","","","","","","",""
"54324","Die Prinzen","https://en.wikipedia.org/wiki/Die_Prinzen","a cappella","pop rock","","","","","","","","","","",""
"54363","Paola","https://en.wikipedia.org/wiki/Paola_del_Medico","","","","","","","","","","","","",""
"54386","Turisas","https://en.wikipedia.org/wiki/Turisas","folk metal","symphonic metal","viking metal","power metal","","","","","","","","",""
"54387","Michelle [1]","https://en.wikipedia.org/wiki/Michelle_(German_singer)","schlager","europop","","","","","","","","","","",""
"54400","Echt","https://en.wikipedia.org/wiki/Echt_(band)","","","","","","","","","","","","",""
"54417","Bill Ramsey","https://en.wikipedia.org/wiki/Bill_Ramsey_(singer)","","","","","","","","","","","","",""
"54430","J.P. Pennington","https://en.wikipedia.org/wiki/J.P._Pennington","pop","country","","","","","","","","","","",""
"54561","Ed Starink","https://en.wikipedia.org/wiki/Ed_Starink","instrumental","electronic","","","","","","","","","","",""
"54571","Chris Witchhunter","https://en.wikipedia.org/wiki/Christian_""Witchhunter""_Dudek","thrash metal","black metal","speed metal","death metal","","","","","","","","",""
"54631","Michael Wycoff","https://en.wikipedia.org/wiki/Michael_Wycoff","soul","funk","r&b","","","","","","","","","",""
"54699","Geri Allen","https://en.wikipedia.org/wiki/Geri_Allen","jazz","blues","funk","gospel","","","","","","","","",""
"54795","Inger Lise","https://en.wikipedia.org/wiki/Inger_Lise_Rypdal","pop","","","","","","","","","","","",""
"54912","Little Gerhard","https://en.wikipedia.org/wiki/Little_Gerhard","","","","","","","","","","","","",""
"54977","Brent DeBoer","https://en.wikipedia.org/wiki/Brent_DeBoer","folk rock","alternative rock","neo-psychedelia","","","","","","","","","",""
"54978","Courtney Taylor-Taylor","https://en.wikipedia.org/wiki/Courtney_Taylor-Taylor","alternative rock","","","","","","","","","","","",""
"54979","mewithoutYou","https://en.wikipedia.org/wiki/MewithoutYou","indie rock","post-hardcore","art rock","spoken word","emo","","","","","","","",""
"54982","Hawthorne Heights","https://en.wikipedia.org/wiki/Hawthorne_Heights","emo","post-hardcore","alternative rock","pop-punk","screamo","","","","","","","",""
"55041","Mis-Teeq","https://en.wikipedia.org/wiki/Mis-Teeq","r&b","garage","hip-hop","","","","","","","","","",""
"55091","Silje Nes","https://en.wikipedia.org/wiki/Silje_Nes","","","","","","","","","","","","",""
"55129","Ann-Louise Hanson","https://en.wikipedia.org/wiki/Ann-Louise_Hanson","schlager","","","","","","","","","","","",""
"55177","Anna Järvinen","https://en.wikipedia.org/wiki/Anna_Järvinen","pop","soul","","","","","","","","","","",""
"55194","Lanterns on the Lake","https://en.wikipedia.org/wiki/Lanterns_on_the_Lake","indie rock","","","","","","","","","","","",""
"55269","E*vax","https://en.wikipedia.org/wiki/E*vax","electronic","rock","hip house","","","","","","","","","",""
"55372","Kitten","https://en.wikipedia.org/wiki/Kitten_(band)","alternative rock","new wave","synth-pop","power pop","","","","","","","","",""
"55375","Mike Viola","https://en.wikipedia.org/wiki/Mike_Viola","rock","alternative rock","pop","folk","","","","","","","","",""
"55393","Jacqueline Steiner","https://en.wikipedia.org/wiki/Jacqueline_Steiner","","","","","","","","","","","","",""
"55404","Gaelic Storm","https://en.wikipedia.org/wiki/Gaelic_Storm","celtic","celtic rock","","","","","","","","","","",""
"55408","Captain Jack","https://en.wikipedia.org/wiki/Captain_Jack_(group)","eurodance","dance-pop","dance-rock","","","","","","","","","",""
"55413","Robert Farnon","https://en.wikipedia.org/wiki/Robert_Farnon","","","","","","","","","","","","",""
"55415","Emile Haynie","https://en.wikipedia.org/wiki/Emile_Haynie","hip hop","alternative rock","indie","pop","","","","","","","","",""
"55416","Mike Dean [1]","https://en.wikipedia.org/wiki/Mike_Dean_(record_producer)","southern hip-hop","electronic","dream pop","synthwave","trap","","","","","","","",""
"55493","Aaron Dessner","https://en.wikipedia.org/wiki/Aaron_Dessner","","","","","","","","","","","","",""
"55517","Larry Russell","https://en.wikipedia.org/wiki/Larry_Russell","","","","","","","","","","","","",""
"55518","Inez James","https://en.wikipedia.org/wiki/Inez_James","","","","","","","","","","","","",""
"55574","Fleet Foxes","https://en.wikipedia.org/wiki/Fleet_Foxes","indie folk","chamber pop","folk rock","progressive folk","","","","","","","","",""
"55586","Zaz","https://en.wikipedia.org/wiki/Zaz_(singer)","jazz","funk","","","","","","","","","","",""
"55605","Winger","https://en.wikipedia.org/wiki/Winger_(band)","hard rock","heavy metal","glam metal","progressive metal","","","","","","","","",""
"55632","The Naked and Famous","https://en.wikipedia.org/wiki/The_Naked_and_Famous","indie electronic","post-punk revival","indie rock","synth-pop","electro-rock","noise pop","new wave","","","","","",""
"55651","Channing Pollock","https://en.wikipedia.org/wiki/Channing_Pollock_(writer)","","","","","","","","","","","","",""
"55669","Terry Riley","https://en.wikipedia.org/wiki/Terry_Riley","minimalism","avant-garde","tape","electronic","microtonal","classical","","","","","","",""
"55671","Fernando Garibay","https://en.wikipedia.org/wiki/Fernando_Garibay","pop","","","","","","","","","","","",""
"55677","Husky Rescue","https://en.wikipedia.org/wiki/Husky_Rescue","electronic","folktronica","trip hop","ambient","downtempo","","","","","","","",""
"55712","The Horrible Crowes","https://en.wikipedia.org/wiki/The_Horrible_Crowes","blues","soul","rock","","","","","","","","","",""
"55740","Alexander Kronlund","https://en.wikipedia.org/wiki/Alexander_Kronlund","roots reggae","reggae","dancehall","","","","","","","","","",""
"55741","Daniel Johnson","https://en.wikipedia.org/wiki/Kane_Beatz","hip hop","pop","r&b","","","","","","","","","",""
"55744","Skylar Grey","https://en.wikipedia.org/wiki/Skylar_Grey","pop","hip hop","","","","","","","","","","",""
"55749","Tonight Alive","https://en.wikipedia.org/wiki/Tonight_Alive","pop punk","pop rock","power pop","alternative rock","emo","","","","","","","",""
"55750","Sleeping With Sirens","https://en.wikipedia.org/wiki/Sleeping_with_Sirens","post-hardcore","pop rock","pop-punk","alternative rock","metalcore","emo","","","","","","",""
"55768","Autograph","https://en.wikipedia.org/wiki/Autograph_(American_band)","glam metal","hard rock","","","","","","","","","","",""
"55787","Harold Orlob","https://en.wikipedia.org/wiki/Harold_Orlob","","","","","","","","","","","","",""
"55793","Tarja Turunen","https://en.wikipedia.org/wiki/Tarja_Turunen","symphonic metal","power metal","gothic metal","","","","","","","","","",""
"55799","Heino Gaze","https://en.wikipedia.org/wiki/Heino_Gaze","","","","","","","","","","","","",""
"55850","Nick Graham","https://en.wikipedia.org/wiki/Nick_Graham_(musician)","progressive rock","","","","","","","","","","","",""
"55852","Dáithí Sproule","https://en.wikipedia.org/wiki/Dáithí_Sproule","irish traditional","folk","","","","","","","","","","",""
"55869","Freemasons","https://en.wikipedia.org/wiki/Freemasons_(DJs)","house","funky house","nu-disco","eurodance","","","","","","","","",""
"55904","Cecil Null","https://en.wikipedia.org/wiki/Cecil_Null","country","bluegrass","","","","","","","","","","",""
"55926","Kevin McCall","https://en.wikipedia.org/wiki/Kevin_McCall","r&b","pop","hip hop","","","","","","","","","",""
"55927","Sevyn Streeter","https://en.wikipedia.org/wiki/Sevyn_Streeter","r&b","pop","soul","","","","","","","","","",""
"55959","Mark Foster","https://en.wikipedia.org/wiki/Mark_Foster_(musician)","indie pop","alternative rock","indie rock","dance-pop","indie electronic","","","","","","","",""
"55960","Foster the People","https://en.wikipedia.org/wiki/Foster_the_People","indie pop","synth-pop","dance-pop","alternative rock","indie rock","neo-psychedelia","","","","","","",""
"55962","Example","https://en.wikipedia.org/wiki/Example_(musician)","hip house","hip hop","eurodance","edm","","","","","","","","",""
"55996","Tasavallan Presidentti","https://en.wikipedia.org/wiki/Tasavallan_Presidentti","progressive rock","jazz fusion","","","","","","","","","","",""
"56022","Cloud Cult","https://en.wikipedia.org/wiki/Cloud_Cult","art rock","experimental rock","indie folk","indie pop","baroque pop","","","","","","","",""
"56036","Hideo Shiraki","https://en.wikipedia.org/wiki/Hideo_Shiraki","","","","","","","","","","","","",""
"56081","ZP Theart","https://en.wikipedia.org/wiki/ZP_Theart","power metal","heavy metal","hard rock","","","","","","","","","",""
"56084","Sam Totman","https://en.wikipedia.org/wiki/Sam_Totman","power metal","speed metal","black metal","","","","","","","","","",""
"56087","Kirsten & Søren","https://en.wikipedia.org/wiki/Hot_Eyes","","","","","","","","","","","","",""
"56090","A. W. Yrjänä","https://en.wikipedia.org/wiki/A._W._Yrjänä","","","","","","","","","","","","",""
"56092","CMX","https://en.wikipedia.org/wiki/CMX_(band)","hardcore punk","indie rock","progressive rock","","","","","","","","","",""
"56101","The Boys","https://en.wikipedia.org/wiki/The_Boys_(Finnish_band)","","","","","","","","","","","","",""
"56115","Ami Aspelund","https://en.wikipedia.org/wiki/Ami_Aspelund","","","","","","","","","","","","",""
"56116","Emil Horneman","https://en.wikipedia.org/wiki/Emil_Horneman","","","","","","","","","","","","",""
"56117","Peter Faber","https://en.wikipedia.org/wiki/Peter_Faber_(telegraph_specialist)","","","","","","","","","","","","",""
"56120","B.S. Ingemann","https://en.wikipedia.org/wiki/Bernhard_Severin_Ingemann","","","","","","","","","","","","",""
"56152","N.F.S. Grundtvig","https://en.wikipedia.org/wiki/N._F._S._Grundtvig","","","","","","","","","","","","",""
"56157","Emma Salokoski","https://en.wikipedia.org/wiki/Emma_Salokoski","","","","","","","","","","","","",""
"56216","C. Balle","https://en.wikipedia.org/wiki/Carl_Christian_Nicolaj_Balle","","","","","","","","","","","","",""
"56221","Jim Pembroke","https://en.wikipedia.org/wiki/Jim_Pembroke","rock","","","","","","","","","","","",""
"56223","Pepe Willberg","https://en.wikipedia.org/wiki/Pepe_Willberg","schlager","","","","","","","","","","","",""
"56232","Egil Harder","https://en.wikipedia.org/wiki/Egil_Harder","","","","","","","","","","","","",""
"56259","Audioslave","https://en.wikipedia.org/wiki/Audioslave","hard rock","alternative metal","post-grunge","alternative rock","","","","","","","","",""
"56302","Riki Sorsa","https://en.wikipedia.org/wiki/Riki_Sorsa","","","","","","","","","","","","",""
"56393","Mariachi El Bronx","https://en.wikipedia.org/wiki/The_Bronx_(band)","hardcore punk","punk rock","hard rock","garage punk","mariachi","","","","","","","",""
"56393","Mariachi El Bronx","https://en.wikipedia.org/wiki/The_Bronx_(band)","hardcore punk","punk rock","hard rock","garage punk","mariachi","","","","","","","",""
"56394","Silversun Pickups","https://en.wikipedia.org/wiki/Silversun_Pickups","alternative rock","indie rock","post-punk revival","dream pop","shoegaze","","","","","","","",""
"56399","K'naan","https://en.wikipedia.org/wiki/K'naan","alternative hip hop","world","reggae fusion","spoken word","","","","","","","","",""
"56491","Rainy Davis","https://en.wikipedia.org/wiki/Rainy_Davis","r&b","pop","hip hop","","","","","","","","","",""
"56501","Aygun Beyler","https://en.wikipedia.org/wiki/Aygün_Beyler","pop","mugham","","","","","","","","","","",""
"56535","Peter Barakan","https://en.wikipedia.org/wiki/Peter_Barakan","","","","","","","","","","","","",""
"56634","Nicki Parrott","https://en.wikipedia.org/wiki/Nicki_Parrott","jazz","swing","easy listening","","","","","","","","","",""
"56650","L. Wolfe Gilbert","https://en.wikipedia.org/wiki/L._Wolfe_Gilbert","traditional pop","","","","","","","","","","","",""
"56666","Frida Hyvönen","https://en.wikipedia.org/wiki/Frida_Hyvönen","singer-songwriter","indie","","","","","","","","","","",""
"56693","Spunge","https://en.wikipedia.org/wiki/Spunge","ska punk","","","","","","","","","","","",""
"56736","Al McKibbon","https://en.wikipedia.org/wiki/Al_McKibbon","jazz","","","","","","","","","","","",""
"56765","Bobbysocks!","https://en.wikipedia.org/wiki/Bobbysocks","pop music","europop","schlager","","","","","","","","","",""
"56825","Arthur Smith [1]","https://en.wikipedia.org/wiki/Fiddlin'_Arthur_Smith","country","old-time music","","","","","","","","","","",""
"56859","Tokyo Ska Paradise Orchestra","https://en.wikipedia.org/wiki/Tokyo_Ska_Paradise_Orchestra","ska","jazz","latin","","","","","","","","","",""
"56865","Sugizo","https://en.wikipedia.org/wiki/Sugizo","rock","heavy metal","psychedelia","electronica","world","experimental","ambient","","","","","",""
"56918","Albert Von Tilzer","https://en.wikipedia.org/wiki/Albert_Von_Tilzer","","","","","","","","","","","","",""
"56920","Maewa Kaihau","https://en.wikipedia.org/wiki/Maewa_Kaihau","","","","","","","","","","","","",""
"57041","Kina Grannis","https://en.wikipedia.org/wiki/Kina_Grannis","acoustic","pop","","","","","","","","","","",""
"57124","Steve Swanson","https://en.wikipedia.org/wiki/Steve_Swanson_(guitarist)","death metal","","","","","","","","","","","",""
"57135","Frank D'Rone","https://en.wikipedia.org/wiki/Frank_D'Rone","jazz","","","","","","","","","","","",""
"57202","The Golden Cups","https://en.wikipedia.org/wiki/The_Golden_Cups","pop","garage rock","blues rock","","","","","","","","","",""
"57391","Akiko Yano","https://en.wikipedia.org/wiki/Akiko_Yano","disco","electronic","funk","pop","jazz","new wave","pop rock","synth-pop","soul","","","",""
"57408","Rostam Batmanglij","https://en.wikipedia.org/wiki/Rostam_Batmanglij","art pop","indie rock","indie electronic","","","","","","","","","",""
"57409","Ezra Koenig","https://en.wikipedia.org/wiki/Ezra_Koenig","indie pop","indie rock","baroque pop","worldbeat","","","","","","","","",""
"57416","Chris Barron","https://en.wikipedia.org/wiki/Chris_Barron","alternative rock","blues rock","jam rock","","","","","","","","","",""
"57419","Mark White [1]","https://en.wikipedia.org/wiki/Mark_White_(bassist)","alternative rock","funk rock","blues rock","","","","","","","","","",""
"57495","Shoji Suzuki","https://en.wikipedia.org/wiki/Shoji_Suzuki","","","","","","","","","","","","",""
"57525","Antti Sarpila","https://en.wikipedia.org/wiki/Antti_Sarpila","jazz","","","","","","","","","","","",""
"57575","Sam Hui","https://en.wikipedia.org/wiki/Sam_Hui","cantopop","hong kong english pop","","","","","","","","","","",""
"57591","Susan McKeown","https://en.wikipedia.org/wiki/Susan_McKeown","","","","","","","","","","","","",""
"57596","The Wolfe Tones","https://en.wikipedia.org/wiki/The_Wolfe_Tones","irish folk","irish rebel songs","rock","","","","","","","","","",""
"57643","Mary Ann McCall","https://en.wikipedia.org/wiki/Mary_Ann_McCall","","","","","","","","","","","","",""
"57797","Gordon Parsons","https://en.wikipedia.org/wiki/Gordon_Parsons_(singer-songwriter)","country","","","","","","","","","","","",""
"57800","Hayes Carll","https://en.wikipedia.org/wiki/Hayes_Carll","texas country","americana","","","","","","","","","","",""
"57823","James McNally","https://en.wikipedia.org/wiki/James_McNally_(musician)","","","","","","","","","","","","",""
"57913","Das Erste Wiener Gemüseorchester","https://en.wikipedia.org/wiki/The_Vegetable_Orchestra","","","","","","","","","","","","",""
"57996","Dan Wilson","https://en.wikipedia.org/wiki/Dan_Wilson_(musician)","folk rock","country","alternative rock","","","","","","","","","",""
"58008","The Band Perry","https://en.wikipedia.org/wiki/The_Band_Perry","country","electropop","","","","","","","","","","",""
"58047","Roberto Menescal","https://en.wikipedia.org/wiki/Roberto_Menescal","bossa nova","samba","msica popular brasileira","","","","","","","","","",""
"58048","Ronaldo Bôscoli","https://en.wikipedia.org/wiki/Ronaldo_Bôscoli","","","","","","","","","","","","",""
"58054","James Fauntleroy","https://en.wikipedia.org/wiki/James_Fauntleroy","pop","r&b","psychedelia","","","","","","","","","",""
"58148","Harold Spina","https://en.wikipedia.org/wiki/Harold_Spina","","","","","","","","","","","","",""
"58170","Lou Carter","https://en.wikipedia.org/wiki/Lou_Carter","jazz","","","","","","","","","","","",""
"58216","Passion Pit","https://en.wikipedia.org/wiki/Passion_Pit","electropop","alternative dance","indietronica","synth-pop","indie pop","neo-psychedelia","art pop","","","","","",""
"58269","Dena DeRose","https://en.wikipedia.org/wiki/Dena_DeRose","jazz","","","","","","","","","","","",""
"58282","Firehouse","https://en.wikipedia.org/wiki/FireHouse","glam metal","hard rock","","","","","","","","","","",""
"58308","Joe Cohn","https://en.wikipedia.org/wiki/Joe_Cohn","jazz","","","","","","","","","","","",""
"58313","Alan Skidmore","https://en.wikipedia.org/wiki/Alan_Skidmore","jazz","","","","","","","","","","","",""
"58341","The Lawrence Arms","https://en.wikipedia.org/wiki/The_Lawrence_Arms","punk rock","","","","","","","","","","","",""
"58343","Lazy","https://en.wikipedia.org/wiki/Lazy_(band)","hard rock","heavy metal","pop rock","","","","","","","","","",""
"58349","Texas Is the Reason","https://en.wikipedia.org/wiki/Texas_Is_the_Reason","post-hardcore","indie rock","emo","","","","","","","","","",""
"58373","Mighty Dictator","https://en.wikipedia.org/wiki/Mighty_Dictator","","","","","","","","","","","","",""
"58375","Rei Nakanishi","https://en.wikipedia.org/wiki/Rei_Nakanishi","","","","","","","","","","","","",""
"58378","The Tempters","https://en.wikipedia.org/wiki/The_Tempters","","","","","","","","","","","","",""
"58384","Hironobu Kageyama","https://en.wikipedia.org/wiki/Hironobu_Kageyama","anison","rock","hard rock","heavy metal","j-pop","","","","","","","",""
"58393","Trinití","https://en.wikipedia.org/wiki/Trinití","","","","","","","","","","","","",""
"58452","Ile Kallio","https://en.wikipedia.org/wiki/Ile_Kallio","","","","","","","","","","","","",""
"58459","Mary Schneider","https://en.wikipedia.org/wiki/Mary_Schneider","country","yodelling","","","","","","","","","","",""
"58479","Babatunde Olatunji","https://en.wikipedia.org/wiki/Babatunde_Olatunji","yoruba music","apala","","","","","","","","","","",""
"58509","Idris Elba","https://en.wikipedia.org/wiki/Idris_Elba","hip hop","r&b","dance","afro house","latin house","","","","","","","",""
"58573","The Leighton Brothers","https://en.wikipedia.org/wiki/Leighton_Brothers","","","","","","","","","","","","",""
"58573","The Leighton Brothers","https://en.wikipedia.org/wiki/Frank_Leighton_(vaudeville)","","","","","","","","","","","","",""
"58592","Nâdiya","https://en.wikipedia.org/wiki/Nâdiya","r&b","pop","","","","","","","","","","",""
"58625","Ferry Davis","https://en.wikipedia.org/wiki/Jacques_Raymond","pop","schlager","","","","","","","","","","",""
"58643","Michael Moorcock","https://en.wikipedia.org/wiki/Michael_Moorcock","science fiction","fantasy","weird fiction","","","","","","","","","",""
"58655","Laïka Fatien","https://en.wikipedia.org/wiki/Laïka_Fatien","","","","","","","","","","","","",""
"58762","Forrest","https://en.wikipedia.org/wiki/Forrest_(singer)","soul","funk","post-disco","","","","","","","","","",""
"58781","Phil Chevron","https://en.wikipedia.org/wiki/Philip_Chevron","punk rock","folk rock","folk punk","celtic rock","celtic punk","","","","","","","",""
"58807","Alivaltiosihteeri","https://en.wikipedia.org/wiki/Alivaltiosihteeri","","","","","","","","","","","","",""
"58809","Pasi Heikura","https://en.wikipedia.org/wiki/Pasi_Heikura","","","","","","","","","","","","",""
"58818","Pelle Miljoona","https://en.wikipedia.org/wiki/Pelle_Miljoona","punk rock","reggae","folk music","folk punk","alternative rock","","","","","","","",""
"58828","Alan Rickman","https://en.wikipedia.org/wiki/Alan_Rickman","","","","","","","","","","","","",""
"58829","Led Zepagain","https://en.wikipedia.org/wiki/Led_Zepagain","hard rock","blues rock","folk rock","","","","","","","","","",""
"58887","EXILE [1]","https://en.wikipedia.org/wiki/Exile_(Japanese_band)","j-pop","r&b","dance","house","","","","","","","","",""
"58892","Tonina Torrielli","https://en.wikipedia.org/wiki/Tonina_Torrielli","traditional pop","","","","","","","","","","","",""
"58914","Southern All Stars","https://en.wikipedia.org/wiki/Southern_All_Stars","rock","j-pop","new wave","kaykyoku","","","","","","","","",""
"58919","Toshinobu Kubota","https://en.wikipedia.org/wiki/Toshinobu_Kubota","r&b","pop","go-go","soul","funk","blues","reggae","old skool","jazz","dance","neo soul","psychedelia",""
"58928","Alestorm","https://en.wikipedia.org/wiki/Alestorm","pirate metal","folk metal","power metal","heavy metal","","","","","","","","",""
"59018","Vassilikos","https://en.wikipedia.org/wiki/Vassilikos","","","","","","","","","","","","",""
"59055","Maureen O'Hara","https://en.wikipedia.org/wiki/Maureen_O'Hara","","","","","","","","","","","","",""
"59213","Ann Christine","https://en.wikipedia.org/wiki/Ann-Christine_Nyström","","","","","","","","","","","","",""
"59434","Marc Kinchen","https://en.wikipedia.org/wiki/MK_(DJ)","house","deep house","dance","pop","r&b","trance","uk garage","drum and bass","","","","",""
"59484","Geordie","https://en.wikipedia.org/wiki/Geordie_(band)","glam rock","hard rock","","","","","","","","","","",""
"59680","Robin Lee","https://en.wikipedia.org/wiki/Robin_Lee_(singer)","country","","","","","","","","","","","",""
"59720","Hambone Willie Newbern","https://en.wikipedia.org/wiki/Hambone_Willie_Newbern","country blues","","","","","","","","","","","",""
"59722","H-Blockx","https://en.wikipedia.org/wiki/H-Blockx","alternative rock","alternative metal","nu metal","rap metal","","","","","","","","",""
"59738","Salyu","https://en.wikipedia.org/wiki/Salyu","j-pop","alternative","experimental","electronica","folk","","","","","","","",""
"59988","Saori Minami","https://en.wikipedia.org/wiki/Saori_Minami","j-pop","kaykyoku","","","","","","","","","","",""
"59994","Julia Stone","https://en.wikipedia.org/wiki/Julia_Stone","folk","acoustic","","","","","","","","","","",""
"60028","Kotiteollisuus","https://en.wikipedia.org/wiki/Kotiteollisuus","heavy metal","hard rock","","","","","","","","","","",""
"60055","Howard Shore","https://en.wikipedia.org/wiki/Howard_Shore","film score","classical","","","","","","","","","","",""
"60152","Partenaire particulier","https://en.wikipedia.org/wiki/Partenaire_Particulier","pop","new wave","","","","","","","","","","",""
"60210","John Carpenter","https://en.wikipedia.org/wiki/John_Carpenter","","","","","","","","","","","","",""
"60248","Quin Ivy","https://en.wikipedia.org/wiki/Quin_Ivy","pop","soul","","","","","","","","","","",""
"60274","Kent [1]","https://en.wikipedia.org/wiki/Kent_(band)","alternative rock","pop rock","synthpop","","","","","","","","","",""
"60275","Joakim Berg","https://en.wikipedia.org/wiki/Joakim_Berg","rock","pop","","","","","","","","","","",""
"60283","Poets of the Fall","https://en.wikipedia.org/wiki/Olli_Tukiainen","alternative rock","post-grunge","symphonic rock","","","","","","","","","",""
"60283","Poets of the Fall","https://en.wikipedia.org/wiki/Poets_of_the_Fall","alternative rock","post-grunge","symphonic rock","","","","","","","","","",""
"60285","Marko Saaresto","https://en.wikipedia.org/wiki/Marko_Saaresto","alternative rock","post-grunge","pop","","","","","","","","","",""
"60307","Les Fatals Picards","https://en.wikipedia.org/wiki/Les_Fatals_Picards","rock","punk","pop","ska","","","","","","","","",""
"60354","Paul O'Neill","https://en.wikipedia.org/wiki/Paul_O'Neill_(producer)","rock","rock opera","progressive metal","","","","","","","","","",""
"60445","Pirkko Mannola","https://en.wikipedia.org/wiki/Pirkko_Mannola","","","","","","","","","","","","",""
"60456","Malin Akerman","https://en.wikipedia.org/wiki/Malin_Akerman","","","","","","","","","","","","",""
"60458","Alec Baldwin","https://en.wikipedia.org/wiki/Alec_Baldwin","","","","","","","","","","","","",""
"60497","Jermaine Stewart","https://en.wikipedia.org/wiki/Jermaine_Stewart","r&b","pop","soul","funk","dance","","","","","","","",""
"60503","Gustavo Cerati","https://en.wikipedia.org/wiki/Gustavo_Cerati","rock","electronic rock","pop rock","electronica","deep house","","","","","","","",""
"60649","Eric Radcliff","https://en.wikipedia.org/wiki/Eric_Radcliffe","","","","","","","","","","","","",""
"60719","Econoline Crush","https://en.wikipedia.org/wiki/Econoline_Crush","industrial rock","alternative rock","post-grunge","","","","","","","","","",""
"60744","Miguel","https://en.wikipedia.org/wiki/Miguel_(singer)","r&b","alternative r&b","","","","","","","","","","",""
"60787","Ashley Tisdale","https://en.wikipedia.org/wiki/Ashley_Tisdale","pop","r&b","","","","","","","","","","",""
"61020","Yukinoro Mori","https://en.wikipedia.org/wiki/Yukinojo_Mori","pop","rock","","","","","","","","","","",""
"61123","Unisonic","https://en.wikipedia.org/wiki/Unisonic_(band)","hard rock","power metal","","","","","","","","","","",""
"61164","Immortal","https://en.wikipedia.org/wiki/Immortal_(band)","black metal","","","","","","","","","","","",""
"61179","Janelle Monáe","https://en.wikipedia.org/wiki/Janelle_Monáe","r&b","pop","funk","psychedelic soul","hip hop","progressive soul","indie soul","","","","","",""
"61259","Welle: Erdball","https://en.wikipedia.org/wiki/Welle:Erdball","bitpop","synthpop","electronic","","","","","","","","","",""
"61280","The Story So Far","https://en.wikipedia.org/wiki/The_Story_So_Far_(band)","pop-punk","","","","","","","","","","","",""
"61291","Sidney Clare","https://en.wikipedia.org/wiki/Sidney_Clare","","","","","","","","","","","","",""
"61352","Sarah Blackwood","https://en.wikipedia.org/wiki/Sarah_Blackwood_(Canadian_singer)","indie rock","","","","","","","","","","","",""
"61390","John Baptiste Calkin","https://en.wikipedia.org/wiki/John_Baptiste_Calkin","","","","","","","","","","","","",""
"61434","Shigeru Suzuki","https://en.wikipedia.org/wiki/Shigeru_Suzuki","rock","folk rock","","","","","","","","","","",""
"61474","Havok","https://en.wikipedia.org/wiki/Havok_(band)","thrash metal","","","","","","","","","","","",""
"61546","Louisy Joseph","https://en.wikipedia.org/wiki/Louisy_Joseph","pop","soul","reggae","","","","","","","","","",""
"61677","Don Kirkpatrick","https://en.wikipedia.org/wiki/Don_Kirkpatrick","","","","","","","","","","","","",""
"61760","The Menzingers","https://en.wikipedia.org/wiki/The_Menzingers","punk rock","","","","","","","","","","","",""
"61812","Franz Lambert","https://en.wikipedia.org/wiki/Franz_Lambert","","","","","","","","","","","","",""
"61845","William Henri Woode","https://en.wikipedia.org/wiki/Henri_Woode","","","","","","","","","","","","",""
"61879","Mike Pinera","https://en.wikipedia.org/wiki/Mike_Pinera","rock","","","","","","","","","","","",""
"61885","Paul O'Duffy","https://en.wikipedia.org/wiki/Paul_Staveley_O'Duffy","synthpop","soul","film score","electronic","","","","","","","","",""
"62107","Wigald Boning","https://en.wikipedia.org/wiki/Wigald_Boning","","","","","","","","","","","","",""
"62109","Die Doofen","https://en.wikipedia.org/wiki/Die_Doofen","","","","","","","","","","","","",""
"62143","Jam & Spoon","https://en.wikipedia.org/wiki/Jam_&_Spoon","trance","eurodance","house","trip hop","","","","","","","","",""
"62348","Meiju Suvas","https://en.wikipedia.org/wiki/Meiju_Suvas","","","","","","","","","","","","",""
"62407","Big Youth","https://en.wikipedia.org/wiki/Big_Youth","reggae","r&b","soul","dub","dancehall","","","","","","","",""
"62543","Margot Eskens","https://en.wikipedia.org/wiki/Margot_Eskens","","","","","","","","","","","","",""
"62570","Vivi Bak","https://en.wikipedia.org/wiki/Vivi_Bach","","","","","","","","","","","","",""
"62580","Luis Aguilé","https://en.wikipedia.org/wiki/Luis_Aguilé","","","","","","","","","","","","",""
"62663","Threshold [1]","https://en.wikipedia.org/wiki/Threshold_(band)","progressive metal","","","","","","","","","","","",""
"62679","Caroline Wennergren","https://en.wikipedia.org/wiki/Caroline_Wennergren","pop","rock","","","","","","","","","","",""
"62757","Camillo Felgen","https://en.wikipedia.org/wiki/Camillo_Felgen","schlager","","","","","","","","","","","",""
"62775","Jeanne Trevor","https://en.wikipedia.org/wiki/Jeanne_Trevor","jazz","opera","gospel","r&b","","","","","","","","",""
"62779","Beatallica","https://en.wikipedia.org/wiki/Beatallica","comedy rock","heavy metal","","","","","","","","","","",""
"62790","Mike Krüger","https://en.wikipedia.org/wiki/Mike_Krüger","","","","","","","","","","","","",""
"62803","Chris Roberts","https://en.wikipedia.org/wiki/Chris_Roberts_(singer)","","","","","","","","","","","","",""
"62875","Bernd Spier","https://en.wikipedia.org/wiki/Bernd_Spier","","","","","","","","","","","","",""
"62912","Hasse Andersson","https://en.wikipedia.org/wiki/Hasse_Andersson","country","","","","","","","","","","","",""
"62930","Inge Brück","https://en.wikipedia.org/wiki/Inge_Brück","pop","","","","","","","","","","","",""
"62980","Krunoslav Ki?o Slabinac","https://en.wikipedia.org/wiki/Kićo_Slabinac","rock","pop","folk","","","","","","","","","",""
"62995","Heino","https://en.wikipedia.org/wiki/Heino","schlager","volksmusik","","","","","","","","","","",""
"63041","Plavka","https://en.wikipedia.org/wiki/Plavka","dance-pop","trance","electronic","trip hop","","","","","","","","",""
"63129","Asia Argento","https://en.wikipedia.org/wiki/Asia_Argento","","","","","","","","","","","","",""
"63132","Charlie Dore","https://en.wikipedia.org/wiki/Charlie_Dore","folk","pop","","","","","","","","","","",""
"63163","Lola Falana","https://en.wikipedia.org/wiki/Lola_Falana","","","","","","","","","","","","",""
"63167","Janick Gers","https://en.wikipedia.org/wiki/Janick_Gers","heavy metal","progressive rock","hard rock","","","","","","","","","",""
"63264","Vic Ruggiero","https://en.wikipedia.org/wiki/Vic_Ruggiero","reggae","ska","rocksteady","blues","punk","","","","","","","",""
"63272","Polar Bear Club","https://en.wikipedia.org/wiki/Polar_Bear_Club","post-hardcore","punk rock","alternative rock","emo","melodic hardcore","pop punk","","","","","","",""
"63322","LP","https://en.wikipedia.org/wiki/LP_(singer)","pop rock","alternative rock","","","","","","","","","","",""
"63342","Zard","https://en.wikipedia.org/wiki/Zard","rock","pop","","","","","","","","","","",""
"63438","Jessie J","https://en.wikipedia.org/wiki/Jessie_J","pop","r&b","","","","","","","","","","",""
"63457","Dave McCracken","https://en.wikipedia.org/wiki/Dave_McCracken","","","","","","","","","","","","",""
"63473","Akira Fuse","https://en.wikipedia.org/wiki/Akira_Fuse","kaykyoku","western pop music","jazz","","","","","","","","","",""
"63532","Anna-Lotta Larsson","https://en.wikipedia.org/wiki/Anna-Lotta_Larsson","","","","","","","","","","","","",""
"63570","Original Love","https://en.wikipedia.org/wiki/Original_Love","j-pop","r&b","alternative rock","smooth jazz","","","","","","","","",""
"63593","Ghost [1]","https://en.wikipedia.org/wiki/Ghost_(Swedish_band)","hard rock","heavy metal","arena rock","pop rock","progressive rock","","","","","","","",""
"63638","Denki Groove","https://en.wikipedia.org/wiki/Denki_Groove","j-pop","synth-pop","techno","hip hop","","","","","","","","",""
"63670","Avantasia","https://en.wikipedia.org/wiki/Avantasia","symphonic metal","power metal","progressive metal","","","","","","","","","",""
"63675","Miles Hunt","https://en.wikipedia.org/wiki/Miles_Hunt","","","","","","","","","","","","",""
"63677","Martin Gilks","https://en.wikipedia.org/wiki/Martin_Gilks","","","","","","","","","","","","",""
"63800","Peter Cornelius","https://en.wikipedia.org/wiki/Peter_Cornelius_(singer-songwriter)","","","","","","","","","","","","",""
"63916","Chickenfoot","https://en.wikipedia.org/wiki/Chickenfoot","hard rock","blues rock","","","","","","","","","","",""
"63934","Ingmar Nordströms","https://en.wikipedia.org/wiki/Ingmar_Nordströms","dansband music","","","","","","","","","","","",""
"64058","Nicole Henry","https://en.wikipedia.org/wiki/Nicole_Henry","vocal jazz","soul","","","","","","","","","","",""
"64176","Jaromír Vejvoda","https://en.wikipedia.org/wiki/Jaromír_Vejvoda","","","","","","","","","","","","",""
"64203","The Pop Group","https://en.wikipedia.org/wiki/The_Pop_Group","post-punk","avant-funk","experimental","","","","","","","","","",""
"64223","Tim Du Bois","https://en.wikipedia.org/wiki/Tim_DuBois","","","","","","","","","","","","",""
"64283","Wyn Hoop","https://en.wikipedia.org/wiki/Wyn_Hoop","pop","","","","","","","","","","","",""
"64319","Fischer Chöre","https://en.wikipedia.org/wiki/Fischer-Chöre","","","","","","","","","","","","",""
"64362","Kristina Hautala","https://en.wikipedia.org/wiki/Kristina_Hautala","","","","","","","","","","","","",""
"64413","Erkki Ertama","https://en.wikipedia.org/wiki/Erkki_Ertama","","","","","","","","","","","","",""
"64416","Rauno Lehtinen","https://en.wikipedia.org/wiki/Rauno_Lehtinen","","","","","","","","","","","","",""
"64484","Secret Chiefs 3","https://en.wikipedia.org/wiki/Secret_Chiefs_3","experimental rock","","","","","","","","","","","",""
"64527","Hausmarke","https://en.wikipedia.org/wiki/Michi_Beck","german hip hop","","","","","","","","","","","",""
"64529","Die Fantastischen Vier","https://en.wikipedia.org/wiki/Die_Fantastischen_Vier","german hip hop","pop rap","","","","","","","","","","",""
"64564","U jsme doma","https://en.wikipedia.org/wiki/Už_jsme_doma","progressive rock","avant-garde","punk rock","","","","","","","","","",""
"64569","Broken Bells","https://en.wikipedia.org/wiki/Broken_Bells","indie rock","alternative rock","space rock","","","","","","","","","",""
"64664","Wye Oak","https://en.wikipedia.org/wiki/Wye_Oak_(band)","indie rock","indie folk","dream pop","","","","","","","","","",""
"64861","Roberto Bellarosa","https://en.wikipedia.org/wiki/Roberto_Bellarosa","pop","","","","","","","","","","","",""
"64929","Eppu Normaali","https://en.wikipedia.org/wiki/Eppu_Normaali","suomirock","manserock","punk rock","pop punk","power pop","pop rock","new wave","blues-rock","heartland rock","roots rock","rock and roll","",""
"64977","Anna Eriksson","https://en.wikipedia.org/wiki/Anna_Eriksson","pop","rock","art pop","experimental","film score","","","","","","","",""
"65001","Tina Charles","https://en.wikipedia.org/wiki/Tina_Charles_(singer)","pop","disco","","","","","","","","","","",""
"65006","Velvet","https://en.wikipedia.org/wiki/Velvet_(singer)","europop","","","","","","","","","","","",""
"65019","The Corrie Folk Trio","https://en.wikipedia.org/wiki/The_Corries","scottish folk","","","","","","","","","","","",""
"65019","The Corrie Folk Trio","https://en.wikipedia.org/wiki/The_Corries","scottish folk","","","","","","","","","","","",""
"65138","Ferry Graf","https://en.wikipedia.org/wiki/Ferry_Graf","","","","","","","","","","","","",""
"65149","Swallow the Sun","https://en.wikipedia.org/wiki/Swallow_the_Sun","death-doom","melodic death metal","","","","","","","","","","",""
"65237","Eugene Pitt","https://en.wikipedia.org/wiki/Eugene_Pitt","","","","","","","","","","","","",""
"65246","Keith Strachan","https://en.wikipedia.org/wiki/Keith_Strachan","","","","","","","","","","","","",""
"65264","Marta Kubiová","https://en.wikipedia.org/wiki/Marta_Kubišová","","","","","","","","","","","","",""
"65284","Heidi Brühl","https://en.wikipedia.org/wiki/Heidi_Brühl","pop","","","","","","","","","","","",""
"65299","Charlie Phillips","https://en.wikipedia.org/wiki/Charlie_Phillips_(singer)","country","","","","","","","","","","","",""
"65344","Metric","https://en.wikipedia.org/wiki/Metric_(band)","indie rock","new wave","post-punk revival","synth-pop","art punk","alternative rock","","","","","","",""
"65365","Kristina Bach","https://en.wikipedia.org/wiki/Kristina_Bach","schlager","","","","","","","","","","","",""
"65419","Alberto Semprini","https://en.wikipedia.org/wiki/Alberto_Semprini","classical","","","","","","","","","","","",""
"65450","Neljä Ruusua","https://en.wikipedia.org/wiki/Neljä_Ruusua","","","","","","","","","","","","",""
"65451","Ilkka Alanko","https://en.wikipedia.org/wiki/Ilkka_Alanko","rock","","","","","","","","","","","",""
"65489","Veli-Matti Äijälä","https://en.wikipedia.org/wiki/Läjä_Äijälä","punk","alternative rock","thrash metal","extreme metal","electronic music","noise rock","ambient","experimental","avant-garde","","","",""
"65526","Lluís Llach","https://en.wikipedia.org/wiki/Lluís_Llach","","","","","","","","","","","","",""
"65543","Stone Sour","https://en.wikipedia.org/wiki/Stone_Sour","alternative metal","hard rock","post-grunge","alternative rock","","","","","","","","",""
"65551","Zdob ?i Zdub","https://en.wikipedia.org/wiki/Zdob_și_Zdub","folk punk","","","","","","","","","","","",""
"65639","Joachim Witt","https://en.wikipedia.org/wiki/Joachim_Witt","neue deutsche welle","neue deutsche hrte","industrial rock","gothic rock","industrial metal","gothic metal","","","","","","",""
"65725","Ji?í Suchý","https://en.wikipedia.org/wiki/Jiří_Suchý","","","","","","","","","","","","",""
"65794","Purple Schulz","https://en.wikipedia.org/wiki/Purple_Schulz","","","","","","","","","","","","",""
"65818","Mineral","https://en.wikipedia.org/wiki/Mineral_(band)","emo","post-hardcore","indie rock","","","","","","","","","",""
"65841","Frl. Menke","https://en.wikipedia.org/wiki/Frl._Menke","neue deutsche welle","","","","","","","","","","","",""
"65872","Farin Urlaub","https://en.wikipedia.org/wiki/Farin_Urlaub","punk rock","pop punk","pop rock","","","","","","","","","",""
"65905","Sir Harold Boulton","https://en.wikipedia.org/wiki/Harold_Boulton","","","","","","","","","","","","",""
"65906","Mrs. Mills","https://en.wikipedia.org/wiki/Mrs_Mills","sing-along","","","","","","","","","","","",""
"66001","Nina Woodford","https://en.wikipedia.org/wiki/Nina_Woodford","","","","","","","","","","","","",""
"66019","Vivian Ellis","https://en.wikipedia.org/wiki/Vivian_Ellis","musical comedy","light music","classical","","","","","","","","","",""
"66055","Brad Arnold","https://en.wikipedia.org/wiki/Brad_Arnold","post-grunge","hard rock","alternative rock","","","","","","","","","",""
"66113","Olympic","https://en.wikipedia.org/wiki/Olympic_(band)","hard rock","pop rock","rock and roll","heavy metal","","","","","","","","",""
"66132","The Head and the Heart","https://en.wikipedia.org/wiki/The_Head_and_the_Heart","indie folk","folk rock","indie rock","","","","","","","","","",""
"66140","Francis Salabert","https://en.wikipedia.org/wiki/Francis_Salabert","","","","","","","","","","","","",""
"66146","Ray Martinez","https://en.wikipedia.org/wiki/Ray_Martínez","","","","","","","","","","","","",""
"66150","Torche","https://en.wikipedia.org/wiki/Torche_(band)","stoner metal","sludge metal","stoner rock","alternative rock","","","","","","","","",""
"66176","Hoobastank","https://en.wikipedia.org/wiki/Hoobastank","alternative rock","nu metal","post-grunge","funk metal","ska punk","","","","","","","",""
"66277","Carl Bell","https://en.wikipedia.org/wiki/Carl_Bell_(musician)","hard rock","post-grunge","country","","","","","","","","","",""
"66278","Scott Stapp","https://en.wikipedia.org/wiki/Scott_Stapp","post-grunge","hard rock","alternative rock","alternative metal","","","","","","","","",""
"66303","Autopilot Off","https://en.wikipedia.org/wiki/Autopilot_Off","punk rock","pop-punk","melodic hardcore","skate punk","","","","","","","","",""
"66331","Unitopia","https://en.wikipedia.org/wiki/Unitopia","progressive rock","","","","","","","","","","","",""
"66335","Helene Blum","https://en.wikipedia.org/wiki/Helene_Blum","","","","","","","","","","","","",""
"66344","Nate Ruess","https://en.wikipedia.org/wiki/Nate_Ruess","indie pop","alternative rock","indie rock","baroque pop","","","","","","","","",""
"66346","Ed Drewett","https://en.wikipedia.org/wiki/Ed_Drewett","pop","","","","","","","","","","","",""
"66360","Madsen","https://en.wikipedia.org/wiki/Madsen_(band)","alternative rock","indie rock","punk rock","pop punk","","","","","","","","",""
"66407","Nick Littlemore","https://en.wikipedia.org/wiki/Nick_Littlemore","alternative rock","electronica","","","","","","","","","","",""
"66408","Luke Steele","https://en.wikipedia.org/wiki/Luke_Steele_(musician)","electronic","pop","","","","","","","","","","",""
"66422","Three Days Grace","https://en.wikipedia.org/wiki/Three_Days_Grace","post-grunge","hard rock","alternative rock","alternative metal","nu metal","","","","","","","",""
"66443","Di Leva","https://en.wikipedia.org/wiki/Thomas_Di_Leva","","","","","","","","","","","","",""
"66513","Zaho","https://en.wikipedia.org/wiki/Zaho","r&b","","","","","","","","","","","",""
"66522","Corina Chiriac","https://en.wikipedia.org/wiki/Corina_Chiriac","","","","","","","","","","","","",""
"66525","Carly Rae Jepsen","https://en.wikipedia.org/wiki/Carly_Rae_Jepsen","pop","disco","folk","","","","","","","","","",""
"66530","Rita Ora","https://en.wikipedia.org/wiki/Rita_Ora","pop","electropop","r&b","","","","","","","","","",""
"66539","Ladislav taidl","https://en.wikipedia.org/wiki/Ladislav_Štaidl","","","","","","","","","","","","",""
"66640","Thomas Mars","https://en.wikipedia.org/wiki/Thomas_Mars","alternative rock","","","","","","","","","","","",""
"66640","Thomas Mars","https://en.wikipedia.org/wiki/Thomas_Mars","alternative rock","","","","","","","","","","","",""
"66640","Thomas Mars","https://en.wikipedia.org/wiki/Thomas_Mars","alternative rock","","","","","","","","","","","",""
"66720","Zeus","https://en.wikipedia.org/wiki/Zeus_(band)","rock","alternative","indie rock","","","","","","","","","",""
"66722","Margaret Singana","https://en.wikipedia.org/wiki/Margaret_Singana","world music","afro-soul","","","","","","","","","","",""
"66724","Don Snow","https://en.wikipedia.org/wiki/Don_Snow","rock","pop","new wave","","","","","","","","","",""
"66762","Klaus Lage","https://en.wikipedia.org/wiki/Klaus_Lage","","","","","","","","","","","","",""
"66771","Julia Holter","https://en.wikipedia.org/wiki/Julia_Holter","art pop","chamber pop","ambient","modern classical","","","","","","","","",""
"66802","Lars Berghagen","https://en.wikipedia.org/wiki/Lasse_Berghagen","pop","schlager","","","","","","","","","","",""
"66848","Jeniferever","https://en.wikipedia.org/wiki/Jeniferever","post-rock","","","","","","","","","","","",""
"66866","Kate Winslet","https://en.wikipedia.org/wiki/Kate_Winslet","","","","","","","","","","","","",""
"66924","J.G. Hargreaves","https://en.wikipedia.org/wiki/George_Hargreaves_(politician)","","","","","","","","","","","","",""
"66990","Münchener Freiheit","https://en.wikipedia.org/wiki/Münchener_Freiheit_(band)","pop","rock","pop rock","schlager","neue deutsche welle","synthpop","","","","","","",""
"67068","Pentatonix","https://en.wikipedia.org/wiki/Pentatonix","a cappella","pop","christmas music","","","","","","","","","",""
"67075","Rob Fischer","https://en.wikipedia.org/wiki/Rob_Fisher_(British_musician)","new wave","synth-pop","","","","","","","","","","",""
"67078","Curtis Lewis","https://en.wikipedia.org/wiki/Curtis_Reginald_Lewis","","","","","","","","","","","","",""
"67086","Erkki Pohjanheimo","https://en.wikipedia.org/wiki/Erkki_Pohjanheimo","","","","","","","","","","","","",""
"67195","Nobuo Hara","https://en.wikipedia.org/wiki/Nobuo_Hara","","","","","","","","","","","","",""
"67220","Foy Vance","https://en.wikipedia.org/wiki/Foy_Vance","alternative rock","folk","blues","","","","","","","","","",""
"67226","Kauko Käyhkö","https://en.wikipedia.org/wiki/Kauko_Käyhkö","schlager","couplet","opera","folk music","","","","","","","","",""
"67282","Haircut One Hundred","https://en.wikipedia.org/wiki/Haircut_One_Hundred","new pop","new wave","jazz-funk","brit funk","","","","","","","","",""
"67301","Sabrina Sabrok","https://en.wikipedia.org/wiki/Sabrina_Sabrok","","","","","","","","","","","","",""
"67363","Jordan Hill","https://en.wikipedia.org/wiki/Jordan_Hill_(singer)","pop","soul","r&b","","","","","","","","","",""
"67387","Emanuel Kiriakou","https://en.wikipedia.org/wiki/Emanuel_Kiriakou","pop rock","pop","acoustic","r&b","hip hop","","","","","","","",""
"67457","Michelle Visage","https://en.wikipedia.org/wiki/Michelle_Visage","r&b","dance","pop","","","","","","","","","",""
"67558","Eino Grön","https://en.wikipedia.org/wiki/Eino_Grön","tango","jazz","schlager","religious music","","","","","","","","",""
"67559","Eila Pellinen","https://en.wikipedia.org/wiki/Eila_Pellinen","","","","","","","","","","","","",""
"67591","Sam Roberts","https://en.wikipedia.org/wiki/Sam_Roberts_(singer-songwriter)","indie rock","alternative rock","","","","","","","","","","",""
"67602","One Direction","https://en.wikipedia.org/wiki/One_Direction","pop","pop rock","","","","","","","","","","",""
"67660","David Holt","https://en.wikipedia.org/wiki/David_Holt_(American_actor)","","","","","","","","","","","","",""
"67661","Glennis Grace","https://en.wikipedia.org/wiki/Glennis_Grace","","","","","","","","","","","","",""
"67715","Creamy","https://en.wikipedia.org/wiki/Creamy","pop","eurodance","","","","","","","","","","",""
"67718","Simone [1]","https://en.wikipedia.org/wiki/Simone_Egeriis","pop","dance","schlager","","","","","","","","","",""
"67733","El Perro del Mar","https://en.wikipedia.org/wiki/El_Perro_del_Mar","indie pop","","","","","","","","","","","",""
"67802","The Darcys","https://en.wikipedia.org/wiki/The_Darcys","alternative rock","","","","","","","","","","","",""
"67806","Theo Hutchcraft","https://en.wikipedia.org/wiki/Theo_Hutchcraft","synthpop","electropop","new wave","soft rock","","","","","","","","",""
"67808","Hurts","https://en.wikipedia.org/wiki/Hurts_(duo)","synth-pop","electropop","pop rock","","","","","","","","","",""
"67808","Hurts","https://en.wikipedia.org/wiki/Adam_Anderson_(musician)","synth-pop","electropop","pop rock","","","","","","","","","",""
"67815","Sleigh Bells","https://en.wikipedia.org/wiki/Alexis_Krauss","noise pop","","","","","","","","","","","",""
"67815","Sleigh Bells","https://en.wikipedia.org/wiki/Sleigh_Bells_(band)","noise pop","","","","","","","","","","","",""
"67820","Friendly Fires","https://en.wikipedia.org/wiki/Friendly_Fires","indie rock","indietronica","nu-disco","dance-punk","shoegazing","funk","","","","","","",""
"67880","Charles Danvers","https://en.wikipedia.org/wiki/Charles_Danvers_(songwriter)","","","","","","","","","","","","",""
"67882","Sophie Barker","https://en.wikipedia.org/wiki/Sophie_Barker","alternative rock","trip hop","","","","","","","","","","",""
"67938","UA","https://en.wikipedia.org/wiki/Ua_(singer)","pop","jazz","electronica","alternative rock","reggae","folk","","","","","","",""
"68002","The Paris Match","https://en.wikipedia.org/wiki/Paris_Match_(band)","shibuya-kei","jazz","soul","","","","","","","","","",""
"68024","Death Angel","https://en.wikipedia.org/wiki/Death_Angel","thrash metal","","","","","","","","","","","",""
"68068","Mike Finnigan","https://en.wikipedia.org/wiki/Mike_Finnigan","rock","r&b","jazz","blues","","","","","","","","",""
"68132","Thomas Zwijsen","https://en.wikipedia.org/wiki/Thomas_Zwijsen","classical","flamenco","heavy metal","instrumental rock","progressive rock","jazz fusion","","","","","","",""
"68157","Hanns Eisler","https://en.wikipedia.org/wiki/Hanns_Eisler","","","","","","","","","","","","",""
"68287","Washed Out","https://en.wikipedia.org/wiki/Washed_Out","chillwave","synth-pop","dream pop","bedroom pop","","","","","","","","",""
"68300","Sandy Wilhelm","https://en.wikipedia.org/wiki/Sandy_Vee","house","","","","","","","","","","","",""
"68340","Daniel Bedingfield","https://en.wikipedia.org/wiki/Daniel_Bedingfield","r&b","pop","garage","rock","blue-eyed soul","","","","","","","",""
"68400","Jazmine Sullivan","https://en.wikipedia.org/wiki/Jazmine_Sullivan","r&b","neo soul","","","","","","","","","","",""
"68401","Soulja Boy","https://en.wikipedia.org/wiki/Soulja_Boy","southern hip-hop","gangsta rap","snap","pop rap","","","","","","","","",""
"68424","José Guardiola","https://en.wikipedia.org/wiki/José_Guardiola","","","","","","","","","","","","",""
"68427","Los TNT","https://en.wikipedia.org/wiki/Los_TNT","rock and roll","traditional pop","","","","","","","","","","",""
"68555","Clint Eastwood [1]","https://en.wikipedia.org/wiki/Clint_Eastwood_&_General_Saint","","","","","","","","","","","","",""
"68557","The Sting-Rays","https://en.wikipedia.org/wiki/The_Sting-rays","garage rock","garage punk","psychobilly","","","","","","","","","",""
"68609","The Corries","https://en.wikipedia.org/wiki/The_Corries","scottish folk","","","","","","","","","","","",""
"68609","The Corries","https://en.wikipedia.org/wiki/The_Corries","scottish folk","","","","","","","","","","","",""
"68842","Del Palmer","https://en.wikipedia.org/wiki/Del_Palmer","alternative rock","art rock","r&b","jazz","","","","","","","","",""
"68923","Dominique Walter","https://en.wikipedia.org/wiki/Dominique_Walter","","","","","","","","","","","","",""
"68927","Pig [1]","https://en.wikipedia.org/wiki/Pig_(musical_project)","industrial rock","","","","","","","","","","","",""
"68935","David Alexandre Winter","https://en.wikipedia.org/wiki/David_Alexandre_Winter","french pop","","","","","","","","","","","",""
"68946","Irwin Goodman","https://en.wikipedia.org/wiki/Irwin_Goodman","rock","folk","blues","","","","","","","","","",""
"68961","Evergrey","https://en.wikipedia.org/wiki/Evergrey","progressive metal","power metal","","","","","","","","","","",""
"68973","Joseph Gordon-Levitt","https://en.wikipedia.org/wiki/Joseph_Gordon-Levitt","","","","","","","","","","","","",""
"68995","Peter Fox","https://en.wikipedia.org/wiki/Peter_Fox_(musician)","reggae","hip-hop","pop","dancehall","alternative hip-hop","","","","","","","",""
"69007","Clueso","https://en.wikipedia.org/wiki/Clueso","pop","german hip-hop","electronic","reggae","","","","","","","","",""
"69010","Absolute Beginner","https://en.wikipedia.org/wiki/Beginner_(band)","german hip hop","","","","","","","","","","","",""
"69011","Dennis Lisk","https://en.wikipedia.org/wiki/Denyo","hip hop","soul","","","","","","","","","","",""
"69028","Lana Del Rey","https://en.wikipedia.org/wiki/Lana_Del_Rey","alt-pop","baroque pop","dream pop","indie pop","rock","","","","","","","",""
"69042","Emeli Sandé","https://en.wikipedia.org/wiki/Emeli_Sandé","r&b","soul","gospel","","","","","","","","","",""
"69130","David Campbell","https://en.wikipedia.org/wiki/David_Campbell_(singer)","swing","musical theatre","pop","rock","jazz","","","","","","","",""
"69168","Diane Birch","https://en.wikipedia.org/wiki/Diane_Birch","soul","blues","rock","synth-pop","","","","","","","","",""
"69184","Dendemann","https://en.wikipedia.org/wiki/Dendemann","german hip hop","","","","","","","","","","","",""
"69186","Saori Yuki","https://en.wikipedia.org/wiki/Saori_Yuki","pop","jazz","chanson","","","","","","","","","",""
"69252","Ayumi Ishida","https://en.wikipedia.org/wiki/Ayumi_Ishida_(actress)","enka","kaykyoku","","","","","","","","","","",""
"69254","Kyohei Tsutsumi","https://en.wikipedia.org/wiki/Kyōhei_Tsutsumi","pop","rock","kayokyoku","soft rock","enka","easy listening","","","","","","",""
"69262","Jun Mayuzumi","https://en.wikipedia.org/wiki/Jun_Mayuzumi","","","","","","","","","","","","",""
"69387","Chris Baio","https://en.wikipedia.org/wiki/Chris_Baio","worldbeat","indie rock","","","","","","","","","","",""
"69416","Madilyn Bailey","https://en.wikipedia.org/wiki/Madilyn_Bailey","pop","","","","","","","","","","","",""
"69426","Youn Sun Nah","https://en.wikipedia.org/wiki/Na_Yoon-sun","jazz","","","","","","","","","","","",""
"69450","Michael Angelakos","https://en.wikipedia.org/wiki/Michael_Angelakos","electropop","synth-pop","indie pop","indie electronic","art pop","","","","","","","",""
"69454","Joe Jonas","https://en.wikipedia.org/wiki/Joe_Jonas","pop","pop rock","r&b","","","","","","","","","",""
"69492","Hot Hot Heat","https://en.wikipedia.org/wiki/Hot_Hot_Heat","alternative rock","indie rock","art punk","dance-punk","post-punk revival","","","","","","","",""
"69503","The Brown Derbies","https://en.wikipedia.org/wiki/The_Brown_Derbies","collegiate a cappella","","","","","","","","","","","",""
"69565","Mike Posner","https://en.wikipedia.org/wiki/Mike_Posner","pop rap","pop","r&b","dance","electronic","","","","","","","",""
"69573","Alex Goot","https://en.wikipedia.org/wiki/Alex_Goot","pop","soft rock","","","","","","","","","","",""
"69592","Evan Cranley","https://en.wikipedia.org/wiki/Evan_Cranley","","","","","","","","","","","","",""
"69594","Amy Millen","https://en.wikipedia.org/wiki/Amy_Millan","indie rock","","","","","","","","","","","",""
"69610","Géraldine Gaulier","https://en.wikipedia.org/wiki/Géraldine_Gogly","","","","","","","","","","","","",""
"69673","Anna Sosenko","https://en.wikipedia.org/wiki/Anna_Sosenko","","","","","","","","","","","","",""
"69679","Anders Glenmark","https://en.wikipedia.org/wiki/Anders_Glenmark","rock","pop","","","","","","","","","","",""
"69715","Fela Kuti","https://en.wikipedia.org/wiki/Fela_Kuti","afrobeat","","","","","","","","","","","",""
"69718","Toshinori Kondo","https://en.wikipedia.org/wiki/Toshinori_Kondo","jazz","jazz fusion","avant-garde jazz","","","","","","","","","",""
"69720","Akua Naru","https://en.wikipedia.org/wiki/Akua_Naru","","","","","","","","","","","","",""
"69726","Devon Allman","https://en.wikipedia.org/wiki/Devon_Allman","blues rock","rock","","","","","","","","","","",""
"69733","Lena Andersson","https://en.wikipedia.org/wiki/Lena_Andersson_(singer)","gospel","schlager","pop","","","","","","","","","",""
"69774","Kathy Kosins","https://en.wikipedia.org/wiki/Kathy_Kosins","jazz","blues","r&b","disco","traditional pop","","","","","","","",""
"69831","Mats Wester","https://en.wikipedia.org/wiki/Mats_Wester","","","","","","","","","","","","",""
"69916","Slim Dunlap","https://en.wikipedia.org/wiki/Slim_Dunlap","rock music","","","","","","","","","","","",""
"69957","Active Child","https://en.wikipedia.org/wiki/Active_Child","r&b","new wave","ambient","electronic","soul","experimental","","","","","","",""
"69973","Hildegard Knef","https://en.wikipedia.org/wiki/Hildegard_Knef","","","","","","","","","","","","",""
"70112","Troye Sivan","https://en.wikipedia.org/wiki/Troye_Sivan","pop","synth-pop","electropop","dance-pop","","","","","","","","",""
"70118","Gary O'","https://en.wikipedia.org/wiki/Gary_O'","rock","","","","","","","","","","","",""
"70153","Neon Trees","https://en.wikipedia.org/wiki/Neon_Trees","pop rock","new wave","synth-pop","indie rock","alternative rock","","","","","","","",""
"70176","Chevelle","https://en.wikipedia.org/wiki/Chevelle_(band)","hard rock","alternative metal","alternative rock","post-grunge","nu metal","","","","","","","",""
"70215","Stacy Barthe","https://en.wikipedia.org/wiki/Stacy_Barthe","r&b","pop","soul","","","","","","","","","",""
"70263","Weeping Willows","https://en.wikipedia.org/wiki/Weeping_Willows_(band)","indie rock","indie pop","alternative country","","","","","","","","","",""
"70337","Mieke Telkamp","https://en.wikipedia.org/wiki/Mieke_Telkamp","","","","","","","","","","","","",""
"70377","Awolnation","https://en.wikipedia.org/wiki/Awolnation","alternative rock","electronic rock","indie rock","electropop","pop rock","dance-rock","","","","","","",""
"70429","Love & Death","https://en.wikipedia.org/wiki/Love_and_Death_(band)","christian metal","nu metal","alternative metal","","","","","","","","","",""
"70469","Louise Hoffsten","https://en.wikipedia.org/wiki/Louise_Hoffsten","blues","rock","jazz","","","","","","","","","",""
"70472","Johnny Jewel","https://en.wikipedia.org/wiki/Johnny_Jewel","electronic","ambient","synthwave","film score","synth-pop","","","","","","","",""
"70475","Isabella Summers","https://en.wikipedia.org/wiki/Isabella_Summers","indie rock","indie pop","art rock","alternative rock","experimental","","","","","","","",""
"70553","Fantômas","https://en.wikipedia.org/wiki/Fantômas_(band)","avant-garde metal","experimental rock","","","","","","","","","","",""
"70557","Black Rebel Motorcycle Club","https://en.wikipedia.org/wiki/Black_Rebel_Motorcycle_Club","alternative rock","garage rock revival","indie rock","blues rock","psychedelic rock","","","","","","","",""
"70714","Matthias Reim","https://en.wikipedia.org/wiki/Matthias_Reim","schlager","pop","rock","","","","","","","","","",""
"70751","Liane Augustin","https://en.wikipedia.org/wiki/Liane_Augustin","","","","","","","","","","","","",""
"70772","Sven-Ingvars","https://en.wikipedia.org/wiki/Sven-Ingvars","dansband music","pop","rock","","","","","","","","","",""
"70808","Freeman","https://en.wikipedia.org/wiki/Freeman_(singer)","","","","","","","","","","","","",""
"70854","Elizabeth Shepherd","https://en.wikipedia.org/wiki/Elizabeth_Shepherd_(musician)","vocal jazz","soul","pop","r&b","","","","","","","","",""
"71052","Abney Park","https://en.wikipedia.org/wiki/Abney_Park_(band)","industrial","darkwave","","","","","","","","","","",""
"71097","Johnny Mathis [1]","https://en.wikipedia.org/wiki/""Country""_Johnny_Mathis","country","","","","","","","","","","","",""
"71130","Carlos Lyra","https://en.wikipedia.org/wiki/Carlos_Lyra","bossa nova","","","","","","","","","","","",""
"71184","Justin Parker","https://en.wikipedia.org/wiki/Justin_Parker","","","","","","","","","","","","",""
"71190","Mat Musto","https://en.wikipedia.org/wiki/Blackbear_(musician)","pop","emo","r&b","hip-hop","","","","","","","","",""
"71238","Geraldo Vandré","https://en.wikipedia.org/wiki/Geraldo_Vandré","msica popular brasileira","bossa nova","","","","","","","","","","",""
"71258","Nora Orlandi","https://en.wikipedia.org/wiki/Nora_Orlandi","film music","easy listening","lounge music","","","","","","","","","",""
"71283","Jane Turzy","https://en.wikipedia.org/wiki/Jane_Turzy","","","","","","","","","","","","",""
"71459","Crimson Glory","https://en.wikipedia.org/wiki/Crimson_Glory","heavy metal","progressive metal","power metal","","","","","","","","","",""
"71509","The Jezabels","https://en.wikipedia.org/wiki/The_Jezabels","indie rock","alternative rock","","","","","","","","","","",""
"71512","Hayden Panettiere","https://en.wikipedia.org/wiki/Hayden_Panettiere","","","","","","","","","","","","",""
"71513","Lucas Grabeel","https://en.wikipedia.org/wiki/Lucas_Grabeel","pop","dance-pop","","","","","","","","","","",""
"71529","Ramblin' Tommy Scott","https://en.wikipedia.org/wiki/Ramblin'_Tommy_Scott","country music","rockabilly","","","","","","","","","","",""
"71603","Mark Olson","https://en.wikipedia.org/wiki/Mark_Olson_(musician)","folk","americana","alternative country","","","","","","","","","",""
"71604","Gary Louris","https://en.wikipedia.org/wiki/Gary_Louris","folk","americana","alt-country","","","","","","","","","",""
"71631","Vicious Rumors","https://en.wikipedia.org/wiki/Vicious_Rumors","power metal","heavy metal","groove metal","","","","","","","","","",""
"71711","Herman Düne","https://en.wikipedia.org/wiki/Herman_Dune","folk rock","indie rock","alternative rock","indie folk","americana","alternative country","","","","","","",""
"71721","Young the Giant","https://en.wikipedia.org/wiki/Young_the_Giant","alternative rock","indie rock","indie pop","","","","","","","","","",""
"71729","Flemming Quist Møller","https://en.wikipedia.org/wiki/Flemming_Quist_Møller","","","","","","","","","","","","",""
"71754","Thomas G:son","https://en.wikipedia.org/wiki/Thomas_G:son","pop","schlager","dance-pop","electropop","","","","","","","","",""
"71757","Amy Heidemann","https://en.wikipedia.org/wiki/Qveen_Herby","hip hop","r&b","soul","pop-rap","trap","","","","","","","",""
"71836","Michel Teló","https://en.wikipedia.org/wiki/Michel_Teló","sertanejo","country","","","","","","","","","","",""
"71926","Brandon Lowry","https://en.wikipedia.org/wiki/Sterling_Fox","","","","","","","","","","","","",""
"71981","The Joy Formidable","https://en.wikipedia.org/wiki/The_Joy_Formidable","alternative rock","dream pop","shoegazing","indie rock","post-punk","","","","","","","",""
"72022","Priscilla Renea","https://en.wikipedia.org/wiki/Muni_Long","pop","r&b","soul","","","","","","","","","",""
"72214","Big Sean","https://en.wikipedia.org/wiki/Big_Sean","midwestern hip-hop","","","","","","","","","","","",""
"72241","Drake","https://en.wikipedia.org/wiki/Drake_(musician)","hip-hop","pop rap","r&b","pop","trap","","","","","","","",""
"72249","The Klingonz","https://en.wikipedia.org/wiki/Klingonz","psychobilly","","","","","","","","","","","",""
"72256","Anaïs Mitchell","https://en.wikipedia.org/wiki/Anaïs_Mitchell","indie folk","americana","country folk","","","","","","","","","",""
"72262","Ratatat","https://en.wikipedia.org/wiki/Ratatat","electronic rock","","","","","","","","","","","",""
"72470","Incubus","https://en.wikipedia.org/wiki/Incubus_(band)","alternative rock","alternative metal","pop rock","nu metal","","","","","","","","",""
"72504","Ali Brustofski","https://en.wikipedia.org/wiki/Ali_Brustofski","pop","","","","","","","","","","","",""
"72507","?","https://en.wikipedia.org/wiki/Alt-J","indie rock","indie pop","art rock","folktronica","","","","","","","","",""
"72539","Rea Garvey","https://en.wikipedia.org/wiki/Rea_Garvey","pop rock","alternative rock","","","","","","","","","","",""
"72608","Andy M. Stewart","https://en.wikipedia.org/wiki/Andy_M._Stewart","","","","","","","","","","","","",""
"72626","Makoto Ozone","https://en.wikipedia.org/wiki/Makoto_Ozone","jazz","","","","","","","","","","","",""
"72662","Planxty","https://en.wikipedia.org/wiki/Planxty","irish folk music","","","","","","","","","","","",""
"72683","Neil Hannon","https://en.wikipedia.org/wiki/Neil_Hannon","alternative rock","britpop","art rock","baroque pop","art pop","chamber pop","jangle pop","orchestral pop","alt-pop","film score","","",""
"72687","Tameka Cottle","https://en.wikipedia.org/wiki/Tameka_Cottle","r&b","soul","","","","","","","","","","",""
"72698","Bobby Byrd","https://en.wikipedia.org/wiki/Bobby_Byrd","soul","r&b","funk","","","","","","","","","",""
"72702","Sam Tsui","https://en.wikipedia.org/wiki/Sam_Tsui","pop","soul","acoustic","synthpop","","","","","","","","",""
"72709","Peter Posa","https://en.wikipedia.org/wiki/Peter_Posa","","","","","","","","","","","","",""
"72724","Don Grashey","https://en.wikipedia.org/wiki/Don_Grashey","","","","","","","","","","","","",""
"72725","Johnny Wright","https://en.wikipedia.org/wiki/Johnnie_Wright","country","","","","","","","","","","","",""
"72792","Ryan Lewis","https://en.wikipedia.org/wiki/Ryan_Lewis","hip hop","","","","","","","","","","","",""
"72881","Kenichi Hagiwara","https://en.wikipedia.org/wiki/Kenichi_Hagiwara","","","","","","","","","","","","",""
"72882","Masatoshi Nakamura","https://en.wikipedia.org/wiki/Masatoshi_Nakamura","","","","","","","","","","","","",""
"72891","Freundeskreis","https://en.wikipedia.org/wiki/Freundeskreis","german hip hop","hip hop","rap","","","","","","","","","",""
"72904","Player","https://en.wikipedia.org/wiki/Player_(band)","soft rock","","","","","","","","","","","",""
"72988","Joe Henry [1]","https://en.wikipedia.org/wiki/Joe_Henry","alternative country","americana","country folk","","","","","","","","","",""
"73000","Imagine Dragons","https://en.wikipedia.org/wiki/Imagine_Dragons","pop rock","electropop","pop","arena rock","alternative rock","indie pop","","","","","","",""
"73018","Katharine Whalen","https://en.wikipedia.org/wiki/Katharine_Whalen","","","","","","","","","","","","",""
"73019","Josh Freese","https://en.wikipedia.org/wiki/Josh_Freese","hard rock","heavy metal","punk rock","nu metal","new wave","industrial rock","alternative rock","pop","pop rock","","","",""
"73057","Vain","https://en.wikipedia.org/wiki/Vain_(band)","glam metal","hard rock","","","","","","","","","","",""
"73131","Jaki Graham","https://en.wikipedia.org/wiki/Jaki_Graham","r&b","dance-pop","british soul","house","pop","","","","","","","",""
"73142","Kidz Bop","https://en.wikipedia.org/wiki/Kidz_Bop","","","","","","","","","","","","",""
"73153","Icona Pop","https://en.wikipedia.org/wiki/Aino_Jawo","synth-pop","electropop","dance-pop","electro house","","","","","","","","",""
"73153","Icona Pop","https://en.wikipedia.org/wiki/Icona_Pop","synth-pop","electropop","dance-pop","electro house","","","","","","","","",""
"73154","Charli XCX","https://en.wikipedia.org/wiki/Charli_XCX","dance-pop","electropop","pop-punk","alternative pop","hyperpop","","","","","","","",""
"73162","Olly Murs","https://en.wikipedia.org/wiki/Olly_Murs","pop","ska","disco","r&b","","","","","","","","",""
"73190","Wally Ingram","https://en.wikipedia.org/wiki/Wally_Ingram","","","","","","","","","","","","",""
"73303","Scott Bradlee's Postmodern Jukebox","https://en.wikipedia.org/wiki/Postmodern_Jukebox","jazz","ragtime","swing","","","","","","","","","",""
"73304","Psy","https://en.wikipedia.org/wiki/Psy","k-pop","k-hip hop","","","","","","","","","","",""
"73306","Swedish House Mafia","https://en.wikipedia.org/wiki/Swedish_House_Mafia","progressive house","electro house","","","","","","","","","","",""
"73307","John Martin","https://en.wikipedia.org/wiki/John_Martin_(singer)","house","progressive house","indie pop","","","","","","","","","",""
"73308","Axwell","https://en.wikipedia.org/wiki/Axwell","progressive house","electro house","funky house","","","","","","","","","",""
"73309","Sebastian Ingrosso","https://en.wikipedia.org/wiki/Sebastian_Ingrosso","progressive house","electro house","","","","","","","","","","",""
"73311","Michel Zitron","https://en.wikipedia.org/wiki/Michel_Zitron","house","progressive house","dance-pop","","","","","","","","","",""
"73386","Taneli Mäkelä","https://en.wikipedia.org/wiki/Taneli_Mäkelä","","","","","","","","","","","","",""
"73455","Brand New","https://en.wikipedia.org/wiki/Brand_New_(band)","emo","alternative rock","indie rock","post-hardcore","pop-punk","","","","","","","",""
"73471","X-Japan","https://en.wikipedia.org/wiki/X_Japan","rock","heavy metal","speed metal","power metal","glam metal","progressive metal","symphonic metal","","","","","",""
"73494","Rebecca Ferguson","https://en.wikipedia.org/wiki/Rebecca_Ferguson_(singer)","r&b","soul","gospel","pop","jazz","","","","","","","",""
"73546","Hieroglyphics","https://en.wikipedia.org/wiki/Hieroglyphics_(group)","hip hop","","","","","","","","","","","",""
"73565","Five Star","https://en.wikipedia.org/wiki/Five_Star","r&b","pop","soul","disco","funk","","","","","","","",""
"73584","Soprano","https://en.wikipedia.org/wiki/Soprano_(rapper)","hip hop","pop","chanson","r&b","pop rap","","","","","","","",""
"73605","Masaki Yamada","https://en.wikipedia.org/wiki/Masaki_Yamada_(musician)","heavy metal","glam metal","thrash metal","","","","","","","","","",""
"73643","Miúcha","https://en.wikipedia.org/wiki/Miúcha","bossa nova","samba","mpb","","","","","","","","","",""
"73678","Takeshi Inomata","https://en.wikipedia.org/wiki/Takeshi_Inomata","","","","","","","","","","","","",""
"73697","Tommy Whittle","https://en.wikipedia.org/wiki/Tommy_Whittle","jazz","","","","","","","","","","","",""
"73730","Mo-Dettes","https://en.wikipedia.org/wiki/Mo-dettes","post-punk","","","","","","","","","","","",""
"73740","Joel Little","https://en.wikipedia.org/wiki/Joel_Little","","","","","","","","","","","","",""
"73801","Terry Bradshaw","https://en.wikipedia.org/wiki/Terry_Bradshaw","","","","","","","","","","","","",""
"73922","Stephan Moccio","https://en.wikipedia.org/wiki/Stephan_Moccio","","","","","","","","","","","","",""
"73941","Blindside","https://en.wikipedia.org/wiki/Blindside_(band)","christian metal","alternative metal","alternative rock","post-hardcore","nu metal","","","","","","","",""
"73952","Allison Weiss","https://en.wikipedia.org/wiki/John-Allison_Weiss","indie pop","folk rock","country","","","","","","","","","",""
"74003","Taryn Southern","https://en.wikipedia.org/wiki/Taryn_Southern","","","","","","","","","","","","",""
"74032","Joe Thomas [1]","https://en.wikipedia.org/wiki/Joe_Thomas_(alto_saxophonist)","","","","","","","","","","","","",""
"74075","Vince Giordano","https://en.wikipedia.org/wiki/Vince_Giordano","jazz","early jazz","","","","","","","","","","",""
"74154","Majid Al Maskati","https://en.wikipedia.org/wiki/Majid_Jordan","r&b","alternative r&b","synth-pop","synthwave","","","","","","","","",""
"74159","Amy Parry-Williams","https://en.wikipedia.org/wiki/Amy_Parry-Williams","folk","","","","","","","","","","","",""
"74162","Lina Nyberg","https://en.wikipedia.org/wiki/Lina_Nyberg","jazz","","","","","","","","","","","",""
"74228","Passenger","https://en.wikipedia.org/wiki/Passenger_(singer)","folk rock","indie folk","indie pop","","","","","","","","","",""
"74241","Phillip Phillips","https://en.wikipedia.org/wiki/Phillip_Phillips","pop rock","folk rock","","","","","","","","","","",""
"74258","Iron Horse [1]","https://en.wikipedia.org/wiki/Iron_Horse_(band)","bluegrass","rock","","","","","","","","","","",""
"74264","Alexander von Schlippenbach","https://en.wikipedia.org/wiki/Alexander_von_Schlippenbach","jazz","avant-garde jazz","free jazz","free improvisation","","","","","","","","",""
"74265","Axel Dörner","https://en.wikipedia.org/wiki/Axel_Dörner","free improvisation","","","","","","","","","","","",""
"74314","Dynamite Hack","https://en.wikipedia.org/wiki/Dynamite_Hack","post-grunge","","","","","","","","","","","",""
"74396","Avicii","https://en.wikipedia.org/wiki/Avicii","edm","progressive house","electro house","","","","","","","","","",""
"74400","Sam Smith","https://en.wikipedia.org/wiki/Sam_Smith","pop","r&b","soul","dance","","","","","","","","",""
"74407","John Newman","https://en.wikipedia.org/wiki/John_Newman_(singer)","soul","pop","breakbeat","northern soul","","","","","","","","",""
"74408","Salem Al Fakir","https://en.wikipedia.org/wiki/Salem_Al_Fakir","pop","dance","edm","soul","jazz","","","","","","","",""
"74424","Jesse & Joy","https://en.wikipedia.org/wiki/Jesse_&_Joy","pop rock","latin pop","folk","","","","","","","","","",""
"74489","Jason Chen","https://en.wikipedia.org/wiki/Jason_Chen_(singer)","","","","","","","","","","","","",""
"74557","Tolchard Evans","https://en.wikipedia.org/wiki/Tolchard_Evans","traditional pop","","","","","","","","","","","",""
"74645","Julie Roberts [1]","https://en.wikipedia.org/wiki/Julie_Roberts","country","","","","","","","","","","","",""
"74809","Lasse Stefanz","https://en.wikipedia.org/wiki/Lasse_Stefanz","dansband","country","","","","","","","","","","",""
"74923","Kick Axe","https://en.wikipedia.org/wiki/Kick_Axe","heavy metal","glam metal","hard rock","","","","","","","","","",""
"74933","Little Mix","https://en.wikipedia.org/wiki/Little_Mix","pop","r&b","dance-pop","","","","","","","","","",""
"74937","The 1975","https://en.wikipedia.org/wiki/The_1975","pop rock","alternative pop","art pop","synth-pop","new wave","indie rock","","","","","","",""
"74938","London Grammar","https://en.wikipedia.org/wiki/London_Grammar","indie pop","dream pop","trip hop","electronica","art rock","art pop","","","","","","",""
"74944","Globe","https://en.wikipedia.org/wiki/Globe_(band)","synthpop","trance","alternative","eurobeat","","","","","","","","",""
"75045","Q. Lazzarus","https://en.wikipedia.org/wiki/Q_Lazzarus","rock","new wave","synth-pop","dance","electronic","dark wave","","","","","","",""
"75206","Russian Red","https://en.wikipedia.org/wiki/Russian_Red","indie","folk","","","","","","","","","","",""
"75261","Ylvis","https://en.wikipedia.org/wiki/Vegard_Ylvisåker","sketch comedy","satire","parody","comedy music","","","","","","","","",""
"75261","Ylvis","https://en.wikipedia.org/wiki/Ylvis","sketch comedy","satire","parody","comedy music","","","","","","","","",""
"75317","Hideki Saijo","https://en.wikipedia.org/wiki/Hideki_Saijo","city pop","contemporary r&b","funk","new jack swing","j-pop","rock glam metal lounge","","","","","","",""
"75342","Keiko Fuji","https://en.wikipedia.org/wiki/Keiko_Fuji","enka","pop","","","","","","","","","","",""
"75364","Iain James","https://en.wikipedia.org/wiki/Iain_James","","","","","","","","","","","","",""
"75453","Jan Johansson","https://en.wikipedia.org/wiki/Jan_Johansson_(jazz_musician)","jazz","","","","","","","","","","","",""
"75519","Asei Kobayashi","https://en.wikipedia.org/wiki/Asei_Kobayashi","anime","film score","","","","","","","","","","",""
"75521","Kiyohiko Ozaki","https://en.wikipedia.org/wiki/Kiyohiko_Ozaki","pop","","","","","","","","","","","",""
"75563","Carlos Toshiki","https://en.wikipedia.org/wiki/Carlos_Toshiki","city pop","j-pop","","","","","","","","","","",""
"75601","The Neighbourhood","https://en.wikipedia.org/wiki/The_Neighbourhood","alternative rock","indie rock","indie pop","pop rock","","","","","","","","",""
"75615","Pages","https://en.wikipedia.org/wiki/Pages_(band)","soft rock","jazz rock","","","","","","","","","","",""
"75621","Thomas Laub","https://en.wikipedia.org/wiki/Thomas_Laub","","","","","","","","","","","","",""
"75654","Adam Rafferty","https://en.wikipedia.org/wiki/Adam_Rafferty","","","","","","","","","","","","",""
"75673","The Weeknd","https://en.wikipedia.org/wiki/The_Weeknd","alternative r&b","r&b","pop","dance","new wave","","","","","","","",""
"75677","Taproot","https://en.wikipedia.org/wiki/Taproot_(band)","alternative metal","nu metal","alternative rock","","","","","","","","","",""
"75694","Foxes","https://en.wikipedia.org/wiki/Foxes_(singer)","pop","indie pop","electropop","dance-pop","synth-pop","","","","","","","",""
"75723","Slaughter [2]","https://en.wikipedia.org/wiki/Slaughter_(band)","glam metal","hard rock","","","","","","","","","","",""
"75866","Paul Johnson [1]","https://en.wikipedia.org/wiki/Paul_Johnson_(guitarist)","surf music","","","","","","","","","","","",""
"76065","Ariana Grande","https://en.wikipedia.org/wiki/Ariana_Grande","pop","r&b","","","","","","","","","","",""
"76095","Kimberly Wyatt","https://en.wikipedia.org/wiki/Kimberly_Wyatt","pop","","","","","","","","","","","",""
"76143","Massiel","https://en.wikipedia.org/wiki/Massiel","pop","protest song","","","","","","","","","","",""
"76157","Kerli","https://en.wikipedia.org/wiki/Kerli","pop","alternative rock","electronic","dance-pop","goth-pop","","","","","","","",""
"76179","Jess Moskaluke","https://en.wikipedia.org/wiki/Jess_Moskaluke","country","country pop","","","","","","","","","","",""
"76203","Of Monsters and Men","https://en.wikipedia.org/wiki/Of_Monsters_and_Men","indie folk","chamber pop","folk pop","folk rock","indie rock","","","","","","","",""
"76361","Jeff Fenholt","https://en.wikipedia.org/wiki/Jeff_Fenholt","ccm","christian rock","metal","hard rock","heavy metal","","","","","","","",""
"76410","Magnus Carlson","https://en.wikipedia.org/wiki/Magnus_Carlson","soul","indie rock","jazz","indie pop","","","","","","","","",""
"76462","Brittany Howard","https://en.wikipedia.org/wiki/Brittany_Howard","americana","garage rock","experimental rock","roots rock","","","","","","","","",""
"76488","Shunzo Ohno","https://en.wikipedia.org/wiki/Shunzo_Ohno","","","","","","","","","","","","",""
"76587","Lotta Engberg","https://en.wikipedia.org/wiki/Lotta_Engberg","dansband","pop","schlager","","","","","","","","","",""
"76647","Jim Self","https://en.wikipedia.org/wiki/Jim_Self","classical","film score","rock and roll","jazz","pop","","","","","","","",""
"76826","Hyolyn","https://en.wikipedia.org/wiki/Hyolyn","k-pop","r&b","","","","","","","","","","",""
"76832","Julian Lage","https://en.wikipedia.org/wiki/Julian_Lage","jazz","","","","","","","","","","","",""
"76941","Manchester Orchestra","https://en.wikipedia.org/wiki/Manchester_Orchestra","indie rock","alternative rock","post-hardcore","progressive rock","emo","","","","","","","",""
"76954","Powerwolf","https://en.wikipedia.org/wiki/Powerwolf","power metal","heavy metal","","","","","","","","","","",""
"77017","Jasmine Thompson","https://en.wikipedia.org/wiki/Jasmine_Thompson","pop","teen pop","dance-pop","r&b","","","","","","","","",""
"77026","Rival Schools","https://en.wikipedia.org/wiki/Rival_Schools_(band)","post-hardcore","alternative rock","punk rock","indie rock","emo","","","","","","","",""
"77125","Courtney Barnett","https://en.wikipedia.org/wiki/Courtney_Barnett","indie rock","alternative rock","dolewave","slacker rock","","","","","","","","",""
"77315","Circus Maximus","https://en.wikipedia.org/wiki/Circus_Maximus_(Norwegian_band)","progressive metal","","","","","","","","","","","",""
"77362","Ray Whitley [1]","https://en.wikipedia.org/wiki/Ray_Whitley_(songwriter)","","","","","","","","","","","","",""
"77444","Anita Traversi","https://en.wikipedia.org/wiki/Anita_Traversi","pop","","","","","","","","","","","",""
"77463","Bastille","https://en.wikipedia.org/wiki/Bastille_(band)","indie pop","pop rock","synth-pop","electropop","alternative rock","","","","","","","",""
"77535","Rhino Bucket","https://en.wikipedia.org/wiki/Rhino_Bucket","hard rock","","","","","","","","","","","",""
"77562","Serenity","https://en.wikipedia.org/wiki/Serenity_(band)","symphonic metal","power metal","progressive metal","","","","","","","","","",""
"77625","Chvrches","https://en.wikipedia.org/wiki/Chvrches","synth-pop","electropop","indie pop","indietronica","electronic rock","","","","","","","",""
"77647","Sune Wagner","https://en.wikipedia.org/wiki/Sune_Rose_Wagner","garage rock","indie rock","noise pop","surf rock","","","","","","","","",""
"77729","Garrison Keillor","https://en.wikipedia.org/wiki/Garrison_Keillor","observational comedy","storytelling","","","","","","","","","","",""
"77938","Yasuaki Shimizu","https://en.wikipedia.org/wiki/Yasuaki_Shimizu","jazz","classical","","","","","","","","","","",""
"78034","Mats Ronander","https://en.wikipedia.org/wiki/Mats_Ronander","rock","","","","","","","","","","","",""
"78036","Irma","https://en.wikipedia.org/wiki/Irma_Schultz","swedish pop","","","","","","","","","","","",""
"78088","Modern Life Is War","https://en.wikipedia.org/wiki/Modern_Life_Is_War","melodic hardcore","hardcore punk","","","","","","","","","","",""
"78157","Barbados","https://en.wikipedia.org/wiki/Barbados_(band)","dansband","","","","","","","","","","","",""
"78194","Pickettywitch","https://en.wikipedia.org/wiki/Pickettywitch","pop music","","","","","","","","","","","",""
"78355","The Black Angels","https://en.wikipedia.org/wiki/The_Black_Angels_(band)","psychedelic rock","neo-psychedelia","garage rock","","","","","","","","","",""
"78374","The Streaplers","https://en.wikipedia.org/wiki/Streaplers","dansband","pop","","","","","","","","","","",""
"78463","Anubis Gate","https://en.wikipedia.org/wiki/Anubis_Gate","progressive metal","power metal","","","","","","","","","","",""
"78465","Sarah Hudson","https://en.wikipedia.org/wiki/Sarah_Hudson_(singer)","pop","rock","club","electronica","","","","","","","","",""
"78522","Cécile Corbel","https://en.wikipedia.org/wiki/Cécile_Corbel","celtic","world","","","","","","","","","","",""
"78533","På Slaget 12","https://en.wikipedia.org/wiki/På_Slaget_12","","","","","","","","","","","","",""
"78602","Waylon [1]","https://en.wikipedia.org/wiki/Waylon_(singer)","country","pop","rock","soul","","","","","","","","",""
"78738","Tatsuya Takahashi","https://en.wikipedia.org/wiki/Tatsuya_Takahashi_(saxophonist)","","","","","","","","","","","","",""
"78746","5 Seconds of Summer","https://en.wikipedia.org/wiki/5_Seconds_of_Summer","pop rock","pop","pop-punk","power pop","new wave","","","","","","","",""
"78830","Stefan Borsch","https://en.wikipedia.org/wiki/Stefan_Borsch","dansband","schlager","","","","","","","","","","",""
"78993","Nancy Boyd","https://en.wikipedia.org/wiki/Nancy_Boyd_(singer)","","","","","","","","","","","","",""
"79059","Artists United Against Apartheid","https://en.wikipedia.org/wiki/Artists_United_Against_Apartheid","various-rock","hip hop","jazz","","","","","","","","","",""
"79091","Mic Michaeli","https://en.wikipedia.org/wiki/Mic_Michaeli","heavy metal","hard rock","glam metal","","","","","","","","","",""
"79105","Uke-Hunt","https://en.wikipedia.org/wiki/Uke-Hunt","folk music","","","","","","","","","","","",""
"79117","Tatsuro Yamashita","https://en.wikipedia.org/wiki/Tatsuro_Yamashita","city pop","disco","funk","kaykyoku","r&b","soft rock","soul","","","","","",""
"79121","Kurt Schneider","https://en.wikipedia.org/wiki/Kurt_Hugo_Schneider","pop","acoustic","synthpop","","","","","","","","","",""
"79122","Against the Current","https://en.wikipedia.org/wiki/Against_the_Current_(band)","pop rock","pop-punk","alternative rock","synth-pop","","","","","","","","",""
"79156","Tori Kelly","https://en.wikipedia.org/wiki/Tori_Kelly","r&b","pop","hip hop","soul","gospel","","","","","","","",""
"79241","The Narrative","https://en.wikipedia.org/wiki/The_Narrative","indie rock","indie pop","soft rock","","","","","","","","","",""
"79254","Amy Diamond","https://en.wikipedia.org/wiki/Amy_Deasismont","pop","indie pop","","","","","","","","","","",""
"79303","Dea Norberg","https://en.wikipedia.org/wiki/Dea_Norberg","pop","soul","r&b","rock","","","","","","","","",""
"79313","Miho Fukuhara","https://en.wikipedia.org/wiki/Miho_Fukuhara","j-pop","pop","","","","","","","","","","",""
"79324","Peter Plate","https://en.wikipedia.org/wiki/Peter_Plate","pop","","","","","","","","","","","",""
"79504","Fat Larry's Band","https://en.wikipedia.org/wiki/Fat_Larry's_Band","funk","r&b","","","","","","","","","","",""
"79667","Clammbon","https://en.wikipedia.org/wiki/Clammbon","alternative rock","indie pop","progressive rock","shibuya-kei","","","","","","","","",""
"79674","Angel Olsen","https://en.wikipedia.org/wiki/Angel_Olsen","art pop","indie folk","indie rock","alternative country","","","","","","","","",""
"79734","Anna Bergendahl","https://en.wikipedia.org/wiki/Anna_Bergendahl","pop","folk-pop","country pop","","","","","","","","","",""
"80154","Olle Adolphson","https://en.wikipedia.org/wiki/Olle_Adolphson","","","","","","","","","","","","",""
"80246","Oceansize","https://en.wikipedia.org/wiki/Oceansize","new prog","post-rock","alternative rock","space rock","","","","","","","","",""
"80312","Dik Fraser","https://en.wikipedia.org/wiki/Richard_Fraser_(lyricist)","","","","","","","","","","","","",""
"80400","Ricky Reed","https://en.wikipedia.org/wiki/Ricky_Reed","hip hop","pop","electronic","","","","","","","","","",""
"80441","M83","https://en.wikipedia.org/wiki/M83_(band)","synth-pop","shoegaze","dream pop","post-rock","ambient","electronic rock","","","","","","",""
"80446","Ilya","https://en.wikipedia.org/wiki/Ilya_Salmanzadeh","pop","europop","hip hop","r&b","","","","","","","","",""
"80462","Anna Vissi","https://en.wikipedia.org/wiki/Anna_Vissi","lako","pop","dance","entehno","pop rock","","","","","","","",""
"80487","Jodi Benson","https://en.wikipedia.org/wiki/Jodi_Benson","","","","","","","","","","","","",""
"80521","TRF","https://en.wikipedia.org/wiki/TRF_(group)","j-pop","rave","techno","house","","","","","","","","",""
"80782","Human Highway","https://en.wikipedia.org/wiki/Human_Highway_(band)","indie rock","","","","","","","","","","","",""
"80808","Sabur? Kitajima","https://en.wikipedia.org/wiki/Saburō_Kitajima","enka","","","","","","","","","","","",""
"80814","Jeff Wayne","https://en.wikipedia.org/wiki/Jeff_Wayne","progressive rock","rock","pop","","","","","","","","","",""
"80859","Miki Nakatani","https://en.wikipedia.org/wiki/Miki_Nakatani","","","","","","","","","","","","",""
"80884","Mischief Brew","https://en.wikipedia.org/wiki/Mischief_Brew","folk punk","anarcho-punk","","","","","","","","","","",""
"80980","Cashmere Cat","https://en.wikipedia.org/wiki/Cashmere_Cat","r&b","alternative r&b","electronic","future bass","hip hop","dancehall","","","","","","",""
"81001","Neck Deep","https://en.wikipedia.org/wiki/Neck_Deep","pop-punk","","","","","","","","","","","",""
"81002","You Me at Six","https://en.wikipedia.org/wiki/You_Me_at_Six","pop-punk","alternative rock","pop rock","post-hardcore","","","","","","","","",""
"81005","State Champs [1]","https://en.wikipedia.org/wiki/State_Champs","pop-punk","","","","","","","","","","","",""
"81041","Crazy Ken Band","https://en.wikipedia.org/wiki/Crazy_Ken_Band","funk","rock and roll","pop","","","","","","","","","",""
"81045","Seeed","https://en.wikipedia.org/wiki/Seeed","dancehall","reggae fusion","reggae","hip hop","","","","","","","","",""
"81269","Fred Åkerström","https://en.wikipedia.org/wiki/Fred_Åkerström","folk music","","","","","","","","","","","",""
"81444","Lucius","https://en.wikipedia.org/wiki/Lucius_(band)","indie pop","country pop","","","","","","","","","","",""
"81447","Ina Wroldsen","https://en.wikipedia.org/wiki/Ina_Wroldsen","electropop","folktronica","house","","","","","","","","","",""
"81457","Alex Delicata","https://en.wikipedia.org/wiki/Alex_Delicata","pop","country","hip-hop","r&b","","","","","","","","",""
"81562","Karen Mok","https://en.wikipedia.org/wiki/Karen_Mok","cantopop","c-rock","alternative pop","pop rock","jazz","mandopop","","","","","","",""
"81610","Leslie Cheung","https://en.wikipedia.org/wiki/Leslie_Cheung","cantopop","mandopop","","","","","","","","","","",""
"81630","Nanne Grönvall","https://en.wikipedia.org/wiki/Nanne_Grönvall","pop","schlager","","","","","","","","","","",""
"81711","Momoe Yamaguchi","https://en.wikipedia.org/wiki/Momoe_Yamaguchi","pop","kaykyoku","","","","","","","","","","",""
"81725","Sally Yeh","https://en.wikipedia.org/wiki/Sally_Yeh","cantopop","mandopop","","","","","","","","","","",""
"81778","Elisa Fiorillo","https://en.wikipedia.org/wiki/Elisa_Fiorillo","funk","soul","pop","rock","","","","","","","","",""
"81786","Frans Bauer","https://en.wikipedia.org/wiki/Frans_Bauer","pop","schlager","","","","","","","","","","",""
"81804","Neil Thrasher","https://en.wikipedia.org/wiki/Neil_Thrasher","country","","","","","","","","","","","",""
"81875","Akina Nakamori","https://en.wikipedia.org/wiki/Akina_Nakamori","j-pop","kaykyoku","","","","","","","","","","",""
"81883","Masahiko Kondo","https://en.wikipedia.org/wiki/Masahiko_Kondō","j-pop","hard rock","kaykyoku","","","","","","","","","",""
"81910","Nasty Kutt","https://en.wikipedia.org/wiki/William_Wiik_Larsen","pop","hip hop","country music","world music","reggae","rock music","electronic dance music","","","","","",""
"81970","Tove Lo","https://en.wikipedia.org/wiki/Tove_Lo","electropop","synth-pop","dance-pop","indie pop","","","","","","","","",""
"82081","The Cadillac Three","https://en.wikipedia.org/wiki/The_Cadillac_Three","southern rock","hard rock","country rock","","","","","","","","","",""
"82191","Clean Bandit","https://en.wikipedia.org/wiki/Clean_Bandit","electronic","classical crossover","electropop","dance-pop","","","","","","","","",""
"82211","André Brasseur","https://en.wikipedia.org/wiki/André_Brasseur","","","","","","","","","","","","",""
"82243","George Ezra","https://en.wikipedia.org/wiki/George_Ezra","folk rock","folk pop","soul","blues","","","","","","","","",""
"82343","FKA Twigs","https://en.wikipedia.org/wiki/FKA_Twigs","avant-pop","electronic","art pop","r&b","trip hop","techno","","","","","","",""
"82421","Curiosity Killed the Cat","https://en.wikipedia.org/wiki/Curiosity_Killed_the_Cat","sophisti-pop","funk","","","","","","","","","","",""
"82424","Jay Smith","https://en.wikipedia.org/wiki/Jay_Smith_(singer)","alternative rock","hard rock","blues rock","pop rock","country","","","","","","","",""
"82425","Amanda Fondell","https://en.wikipedia.org/wiki/Amanda_Fondell","pop","soul","rock","","","","","","","","","",""
"82456","Paul Nelson","https://en.wikipedia.org/wiki/Paul_Nelson_(musician)","blues","rock","pop","funk","jam","r&b","","","","","","",""
"82468","Ali Tamposi","https://en.wikipedia.org/wiki/Ali_Tamposi","pop","","","","","","","","","","","",""
"82530","Buffy Lawson","https://en.wikipedia.org/wiki/Buffy_Lawson","country","","","","","","","","","","","",""
"82616","Kayah","https://en.wikipedia.org/wiki/Kayah_(singer)","pop","soul","jazz","world","dance","","","","","","","",""
"82736","MØ","https://en.wikipedia.org/wiki/MØ","electronic","electropop","synth-pop","indie pop","","","","","","","","",""
"82763","Kim Patton Johnston","https://en.wikipedia.org/wiki/Kim_McLean","americana","gospel","country","bluegrass","","","","","","","","",""
"82795","Alex","https://en.wikipedia.org/wiki/Alex_(singer)","","","","","","","","","","","","",""
"82981","Eric Morena","https://en.wikipedia.org/wiki/Éric_Morena","pop","","","","","","","","","","","",""
"83049","The Sons of Champlin","https://en.wikipedia.org/wiki/Sons_of_Champlin","psychedelia","r&b","funk","","","","","","","","","",""
"83124","F.S.K.","https://en.wikipedia.org/wiki/F.S.K._(band)","","","","","","","","","","","","",""
"83325","Boowy","https://en.wikipedia.org/wiki/Boøwy","power pop","post-punk","new wave","punk rock","","","","","","","","",""
"83326","Kyosuke Himuro","https://en.wikipedia.org/wiki/Kyosuke_Himuro","rock","pop","","","","","","","","","","",""
"83350","Phantogram","https://en.wikipedia.org/wiki/Phantogram_(band)","electronic rock","dream pop","electronica","trip hop","psychedelic pop","","","","","","","",""
"83441","Izhar Cohen","https://en.wikipedia.org/wiki/Izhar_Cohen","pop","","","","","","","","","","","",""
"83449","Darin","https://en.wikipedia.org/wiki/Darin_(singer)","pop","dance","","","","","","","","","","",""
"83469","Ulf Lundell","https://en.wikipedia.org/wiki/Ulf_Lundell","rock","","","","","","","","","","","",""
"83635","Tinie Tempah","https://en.wikipedia.org/wiki/Tinie_Tempah","hip hop","electronic","dance-pop","uk rap","","","","","","","","",""
"83650","Py Bäckman","https://en.wikipedia.org/wiki/Py_Bäckman","pop","","","","","","","","","","","",""
"83683","Set It Off","https://en.wikipedia.org/wiki/Set_It_Off_(band)","pop rock","pop-punk","alternative rock","alternative metal","post-hardcore","","","","","","","",""
"83687","Knuckle Puck","https://en.wikipedia.org/wiki/Knuckle_Puck","pop punk","emo","","","","","","","","","","",""
"83737","Tilda Swinton","https://en.wikipedia.org/wiki/Tilda_Swinton","","","","","","","","","","","","",""
"83797","Jenny Silver","https://en.wikipedia.org/wiki/Jenny_Silver","pop","electropop","soul","rock","","","","","","","","",""
"83798","Plura Jonsson","https://en.wikipedia.org/wiki/Plura_Jonsson","rock","","","","","","","","","","","",""
"83801","Eldkvarn","https://en.wikipedia.org/wiki/Eldkvarn_(band)","rock","","","","","","","","","","","",""
"83803","Sister Cristina","https://en.wikipedia.org/wiki/Cristina_Scuccia","pop","rock","soul","","","","","","","","","",""
"83816","Peter LeMarc","https://en.wikipedia.org/wiki/Peter_LeMarc","pop","rock","country","soul","","","","","","","","",""
"83818","Mauro Scocco","https://en.wikipedia.org/wiki/Mauro_Scocco","pop","","","","","","","","","","","",""
"83835","Glass Animals","https://en.wikipedia.org/wiki/Glass_Animals","indie rock","psychedelic pop","indie pop","electronic rock","alternative pop","","","","","","","",""
"83841","Martin Mull","https://en.wikipedia.org/wiki/Martin_Mull","","","","","","","","","","","","",""
"83855","Tomas Andersson Wij","https://en.wikipedia.org/wiki/Tomas_Andersson_Wij","pop","","","","","","","","","","","",""
"83859","Freddie Wadling","https://en.wikipedia.org/wiki/Freddie_Wadling","rock","punk","","","","","","","","","","",""
"83921","Lone Star","https://en.wikipedia.org/wiki/Lone_Star_(band)","progressive rock","hard rock","symphonic rock","heavy metal","","","","","","","","",""
"83926","Zodiac Mindwarp","https://en.wikipedia.org/wiki/Zodiac_Mindwarp_and_the_Love_Reaction","hard rock","","","","","","","","","","","",""
"84071","Jaime Morey","https://en.wikipedia.org/wiki/Jaime_Morey","","","","","","","","","","","","",""
"84158","Otto","https://en.wikipedia.org/wiki/Otto_Waalkes","","","","","","","","","","","","",""
"84242","Melinda Schneider","https://en.wikipedia.org/wiki/Melinda_Schneider","country","","","","","","","","","","","",""
"84247","Ola Magnell","https://en.wikipedia.org/wiki/Ola_Magnell","","","","","","","","","","","","",""
"84257","Hiroshi Sato","https://en.wikipedia.org/wiki/Hiroshi_Sato_(musician)","city pop","electronic","jazz","jazz fusion","j-pop","soft rock","","","","","","",""
"84292","Svika Pick","https://en.wikipedia.org/wiki/Svika_Pick","pop","rock","disco","eurodance","","","","","","","","",""
"84296","Tanel Padar","https://en.wikipedia.org/wiki/Tanel_Padar","pop","rock","","","","","","","","","","",""
"84322","Juno Reactor","https://en.wikipedia.org/wiki/Juno_Reactor","electronica","psytrance","goa trance","trip hop","industrial","world","","","","","","",""
"84402","Lasse Wellander","https://en.wikipedia.org/wiki/Lasse_Wellander","","","","","","","","","","","","",""
"84582","Lower Than Atlantis","https://en.wikipedia.org/wiki/Lower_Than_Atlantis","alternative rock","pop rock","punk rock","post-hardcore","","","","","","","","",""
"84588","Magnus Uggla","https://en.wikipedia.org/wiki/Magnus_Uggla","rock","pop","punk rock","glam rock","","","","","","","","",""
"84639","Joseph Brackett, Jr.","https://en.wikipedia.org/wiki/Joseph_Brackett","","","","","","","","","","","","",""
"84640","Sydney Carter","https://en.wikipedia.org/wiki/Sydney_Carter","","","","","","","","","","","","",""
"84655","Joe Glazer","https://en.wikipedia.org/wiki/Joe_Glazer","folk music","protest music","","","","","","","","","","",""
"84704","Anca Parghel","https://en.wikipedia.org/wiki/Anca_Parghel","jazz","vocal jazz","","","","","","","","","","",""
"84753","Fischerspooner","https://en.wikipedia.org/wiki/Fischerspooner","electroclash","","","","","","","","","","","",""
"84847","Susan Sarandon","https://en.wikipedia.org/wiki/Susan_Sarandon","","","","","","","","","","","","",""
"84895","Lotta","https://en.wikipedia.org/wiki/Lotta_Hedlund","pop","rock","schlager","","","","","","","","","",""
"84972","Zarah Leander","https://en.wikipedia.org/wiki/Zarah_Leander","","","","","","","","","","","","",""
"85015","Annett Louisan","https://en.wikipedia.org/wiki/Annett_Louisan","german pop","chanson","acoustic pop","","","","","","","","","",""
"85016","LaBrassBanda","https://en.wikipedia.org/wiki/LaBrassBanda","neue volksmusik","bavarian folk","wind band","punk","gypsy punk","reggae","brass","","","","","",""
"85035","Ina Müller","https://en.wikipedia.org/wiki/Ina_Müller","pop","chanson","","","","","","","","","","",""
"85156","Hans Albers","https://en.wikipedia.org/wiki/Hans_Albers","","","","","","","","","","","","",""
"85174","The Avener","https://en.wikipedia.org/wiki/The_Avener","deep house","electro","","","","","","","","","","",""
"85195","Molly Sandén","https://en.wikipedia.org/wiki/Molly_Sandén","pop","dance-pop","r&b","","","","","","","","","",""
"85196","E.M.D.","https://en.wikipedia.org/wiki/E.M.D.","teen pop","pop","","","","","","","","","","",""
"85249","Astrid Williamson","https://en.wikipedia.org/wiki/Astrid_Williamson","pop","rock","","","","","","","","","","",""
"85365","Gavin James","https://en.wikipedia.org/wiki/Gavin_James_(singer)","pop","acoustic","","","","","","","","","","",""
"85436","Damien Jurado","https://en.wikipedia.org/wiki/Damien_Jurado","indie rock","","","","","","","","","","","",""
"85531","???? ??????","https://en.wikipedia.org/wiki/Ilya_Reznik","","","","","","","","","","","","",""
"85679","The Vacant Lots","https://en.wikipedia.org/wiki/The_Vacant_Lots","electro","psychedelic rock","garage rock","neo-psychedelia","minimal","shoegazing","","","","","","",""
"85838","Tank [2]","https://en.wikipedia.org/wiki/Tank_(American_singer)","r&b","soul","","","","","","","","","","",""
"85866","Jhené Aiko","https://en.wikipedia.org/wiki/Jhené_Aiko","r&b","neo soul","","","","","","","","","","",""
"85926","Gabriella Ferri","https://en.wikipedia.org/wiki/Gabriella_Ferri","","","","","","","","","","","","",""
"85995","Piers Faccini","https://en.wikipedia.org/wiki/Piers_Faccini","world music","folk music","","","","","","","","","","",""
"86064","The Dear Hunter","https://en.wikipedia.org/wiki/The_Dear_Hunter","progressive rock","indie rock","experimental rock","art rock","symphonic rock","baroque pop","","","","","","",""
"86261","Nordman","https://en.wikipedia.org/wiki/Nordman","neo folk rock","","","","","","","","","","","",""
"86265","One More Time","https://en.wikipedia.org/wiki/One_More_Time_(band)","pop","","","","","","","","","","","",""
"86280","Sunny Day Real Estate","https://en.wikipedia.org/wiki/Sunny_Day_Real_Estate","emo","alternative rock","post-hardcore","indie rock","","","","","","","","",""
"86345","Phyllis Kinney","https://en.wikipedia.org/wiki/Phyllis_Kinney","","","","","","","","","","","","",""
"86426","Santana","https://en.wikipedia.org/wiki/Santana_(band)","latin rock","blues rock","psychedelic rock","acid rock","chicano rock","jazz fusion","yacht rock","","","","","",""
"86442","Major Lazer","https://en.wikipedia.org/wiki/Major_Lazer","edm","dancehall","reggae","hip hop","moombahton","trap","reggae fusion","electro house","soca","rocksteady","reggaeton","",""
"86613","Keith Nichols","https://en.wikipedia.org/wiki/Keith_Nichols","jazz","","","","","","","","","","","",""
"86710","Soul Coughing","https://en.wikipedia.org/wiki/Soul_Coughing","alternative rock","alternative hip hop","electronic","","","","","","","","","",""
"86741","Harry Styles","https://en.wikipedia.org/wiki/Harry_Styles","pop rock","soft rock","synth-pop","britpop","","","","","","","","",""
"86776","James Newman","https://en.wikipedia.org/wiki/James_Newman_(singer)","","","","","","","","","","","","",""
"86811","Ed Kirkeby","https://en.wikipedia.org/wiki/Ed_Kirkeby","","","","","","","","","","","","",""
"86851","Alesso","https://en.wikipedia.org/wiki/Alesso","progressive house","pop","","","","","","","","","","",""
"86890","Y & T","https://en.wikipedia.org/wiki/Y&T","heavy metal","hard rock","glam metal","","","","","","","","","",""
"87304","Coppelius","https://en.wikipedia.org/wiki/Coppelius","cello metal","","","","","","","","","","","",""
"87388","Takeshi Kitano","https://en.wikipedia.org/wiki/Takeshi_Kitano","","","","","","","","","","","","",""
"87411","Peter, Sue & Marc","https://en.wikipedia.org/wiki/Peter,_Sue_and_Marc","","","","","","","","","","","","",""
"87424","Katzenjammer","https://en.wikipedia.org/wiki/Katzenjammer_(band)","rock","country","balkan","dark cabaret","","","","","","","","",""
"87632","Yuya Uchida","https://en.wikipedia.org/wiki/Yuya_Uchida_(singer)","rock","","","","","","","","","","","",""
"87684","James Cleveland","https://en.wikipedia.org/wiki/James_Cleveland","gospel","traditional black gospel","urban contemporary gospel","soul music","","","","","","","","",""
"87711","Double Trouble","https://en.wikipedia.org/wiki/Double_Trouble_(band)","texas blues","blues rock","electric blues","instrumental rock","","","","","","","","",""
"87745","Twin Atlantic","https://en.wikipedia.org/wiki/Twin_Atlantic","alternative rock","power pop","emo pop","indie rock","","","","","","","","",""
"87747","As It Is","https://en.wikipedia.org/wiki/As_It_Is_(band)","pop punk","emo","pop rock","post-hardcore","","","","","","","","",""
"87779","Negicco","https://en.wikipedia.org/wiki/Negicco","j-pop","indie pop","","","","","","","","","","",""
"87784","Armand Piron","https://en.wikipedia.org/wiki/Armand_J._Piron","jazz","dixieland","","","","","","","","","","",""
"87912","Irma Pany","https://en.wikipedia.org/wiki/Irma_(singer)","folk","pop","","","","","","","","","","",""
"87923","Johnny McDaid","https://en.wikipedia.org/wiki/Johnny_McDaid","britpop","indie rock","alternative rock","pop","dance","","","","","","","",""
"88082","Real Friends","https://en.wikipedia.org/wiki/Real_Friends_(band)","alternative rock","pop punk","emo pop","post-hardcore","","","","","","","","",""
"88336","James Bay","https://en.wikipedia.org/wiki/James_Bay_(singer)","rock","pop","soul","americana","","","","","","","","",""
"88399","Miriam Bryant","https://en.wikipedia.org/wiki/Miriam_Bryant","pop","soul","","","","","","","","","","",""
"88400","Daniel Lemma","https://en.wikipedia.org/wiki/Daniel_Lemma","","","","","","","","","","","","",""
"88402","Måns Zelmerlöw","https://en.wikipedia.org/wiki/Måns_Zelmerlöw","pop","","","","","","","","","","","",""
"88405","Wintergatan","https://en.wikipedia.org/wiki/Wintergatan","folktronica","experimental pop","post-rock","","","","","","","","","",""
"88476","Vessels","https://en.wikipedia.org/wiki/Vessels_(band)","post-rock","electronic","tech house","","","","","","","","","",""
"88518","Monica Törnell","https://en.wikipedia.org/wiki/Monica_Törnell","folk","rock","pop","","","","","","","","","",""
"88524","Svidden","https://en.wikipedia.org/wiki/Svidden","","","","","","","","","","","","",""
"88554","Jim Bailey","https://en.wikipedia.org/wiki/Jim_Bailey_(entertainer)","","","","","","","","","","","","",""
"88588","Ultima Thule","https://en.wikipedia.org/wiki/Ultima_Thule_(Swedish_band)","rock","viking rock","","","","","","","","","","",""
"88603","Jack Vreeswijk","https://en.wikipedia.org/wiki/Jack_Vreeswijk","folk music","","","","","","","","","","","",""
"88622","Björn J:son Lindh","https://en.wikipedia.org/wiki/Björn_J:son_Lindh","","","","","","","","","","","","",""
"88663","Tourist Lemc","https://en.wikipedia.org/wiki/Tourist_LeMC","hip hop","cabaret","reggae","folk","","","","","","","","",""
"88664","Georg Riedel","https://en.wikipedia.org/wiki/Georg_Riedel_(jazz_musician)","jazz","classical music","music for children","","","","","","","","","",""
"88723","Bill Kaulitz","https://en.wikipedia.org/wiki/Bill_Kaulitz","pop rock","alternative rock","electropop","synth-pop","","","","","","","","",""
"88725","Sido","https://en.wikipedia.org/wiki/Sido_(rapper)","german hip hop","hardcore rap","pop rap","","","","","","","","","",""
"88872","PVRIS","https://en.wikipedia.org/wiki/Pvris","electropop","synth-pop","alternative rock","pop rock","post-hardcore","","","","","","","",""
"88905","Shaznay Lewis","https://en.wikipedia.org/wiki/Shaznay_Lewis","pop","r&b","","","","","","","","","","",""
"88966","Lisa Nilsson","https://en.wikipedia.org/wiki/Lisa_Nilsson","pop","jazz","","","","","","","","","","",""
"89045","Hiroshi Kamayatsu","https://en.wikipedia.org/wiki/Hiroshi_Kamayatsu","group sounds","contemporary folk","rock","rock and roll","","","","","","","","",""
"89074","Paul Verlaine","https://en.wikipedia.org/wiki/Paul_Verlaine","poetry","short stories","criticism","journalism","non-fiction","","","","","","","",""
"89129","Douglas Trendle","https://en.wikipedia.org/wiki/Buster_Bloodvessel","ska","two-tone","","","","","","","","","","",""
"89129","Douglas Trendle","https://en.wikipedia.org/wiki/Buster_Bloodvessel","ska","two-tone","","","","","","","","","","",""
"89203","Sandra & Andres","https://en.wikipedia.org/wiki/Sandra_and_Andres","pop music","","","","","","","","","","","",""
"89215","Lisa Simone","https://en.wikipedia.org/wiki/Lisa_Simone","r&b","neo soul","traditional pop","jazz","folk","acid jazz","broadway theatre","","","","","",""
"89287","Monster Mike Welch","https://en.wikipedia.org/wiki/Monster_Mike_Welch","electric blues","","","","","","","","","","","",""
"89497","Moonbootica","https://en.wikipedia.org/wiki/Moonbootica","","","","","","","","","","","","",""
"89627","Carlos Mendes","https://en.wikipedia.org/wiki/Carlos_Mendes_(singer)","pop","","","","","","","","","","","",""
"89657","Karina","https://en.wikipedia.org/wiki/Karina_(Spanish_singer)","y-y","","","","","","","","","","","",""
"89750","Uschi Glas","https://en.wikipedia.org/wiki/Uschi_Glas","","","","","","","","","","","","",""
"89840","Alana Filippi","https://en.wikipedia.org/wiki/Alana_Filippi","","","","","","","","","","","","",""
"89959","Amir","https://en.wikipedia.org/wiki/Amir_Haddad","pop","","","","","","","","","","","",""
"90011","Charlotte Nilsson","https://en.wikipedia.org/wiki/Charlotte_Perrelli","dansband","disco","pop","schlager","","","","","","","","",""
"90106","Sumo Cyco","https://en.wikipedia.org/wiki/Sumo_Cyco","alternative metal","hard rock","punk rock","alternative rock","","","","","","","","",""
"90124","Franck Fernandel","https://en.wikipedia.org/wiki/Franck_Fernandel","","","","","","","","","","","","",""
"90284","Nadia Cassini","https://en.wikipedia.org/wiki/Nadia_Cassini","","","","","","","","","","","","",""
"90337","Iiro Rantala","https://en.wikipedia.org/wiki/Iiro_Rantala","jazz","classical","","","","","","","","","","",""
"90361","Mr Hudson","https://en.wikipedia.org/wiki/Mr_Hudson","r&b","pop","rock","new wave","alternative hip hop","","","","","","","",""
"90387","Jean Philippe","https://en.wikipedia.org/wiki/Jean_Philippe","","","","","","","","","","","","",""
"90418","??????  {Arléta}","https://en.wikipedia.org/wiki/Arleta_(musician)","greek new wave","ntekhno","","","","","","","","","","",""
"90440","Rikard Wolff","https://en.wikipedia.org/wiki/Rikard_Wolff","","","","","","","","","","","","",""
"90447","Alessia Cara","https://en.wikipedia.org/wiki/Alessia_Cara","pop","r&b","","","","","","","","","","",""
"90468","Ichiko Aoba","https://en.wikipedia.org/wiki/Ichiko_Aoba","folk","","","","","","","","","","","",""
"90529","Mike Burstyn","https://en.wikipedia.org/wiki/Mike_Burstyn","","","","","","","","","","","","",""
"90619","Tauchen - Prokopetz","https://en.wikipedia.org/wiki/Deutsch-Österreichisches_Feingefühl","","","","","","","","","","","","",""
"90624","Kobra and The Lotus","https://en.wikipedia.org/wiki/Kobra_and_the_Lotus","heavy metal","hard rock","","","","","","","","","","",""
"90653","Fool Moon","https://en.wikipedia.org/wiki/Fool_Moon_(band)","a cappella","vocal pop","","","","","","","","","","",""
"90698","Rachel Platten","https://en.wikipedia.org/wiki/Rachel_Platten","pop","indie pop","","","","","","","","","","",""
"90746","Bo Winberg","https://en.wikipedia.org/wiki/Bo_Winberg","pop","rock","","","","","","","","","","",""
"90908","Jerry Joseph","https://en.wikipedia.org/wiki/Jerry_Joseph","rock","pop","country","americana","","","","","","","","",""
"90982","Maki Ohguro","https://en.wikipedia.org/wiki/Maki_Ohguro","j-pop","","","","","","","","","","","",""
"90992","Maren Kroymann","https://en.wikipedia.org/wiki/Maren_Kroymann","","","","","","","","","","","","",""
"91199","Cajsa Stina Åkerström","https://en.wikipedia.org/wiki/CajsaStina_Åkerström","","","","","","","","","","","","",""
"91274","Brita Borg","https://en.wikipedia.org/wiki/Brita_Borg","","","","","","","","","","","","",""
"91378","Henry Sullivan","https://en.wikipedia.org/wiki/Henry_Sullivan_(composer)","","","","","","","","","","","","",""
"91416","Dead By April","https://en.wikipedia.org/wiki/Dead_by_April","metalcore","electronicore","alternative metal","post-hardcore","pop metal","","","","","","","",""
"91525","Los Sirex","https://en.wikipedia.org/wiki/Los_Sírex","","","","","","","","","","","","",""
"91580","Alessandra Amoroso","https://en.wikipedia.org/wiki/Alessandra_Amoroso","pop","soul","","","","","","","","","","",""
"91674","Sass Jordan","https://en.wikipedia.org/wiki/Sass_Jordan","rock","","","","","","","","","","","",""
"91700","Stoned Jesus","https://en.wikipedia.org/wiki/Stoned_Jesus","stoner metal","stoner rock","doom metal","psychedelic rock","","","","","","","","",""
"91722","Rival Sons","https://en.wikipedia.org/wiki/Rival_Sons","blues rock","hard rock","classic rock revival","","","","","","","","","",""
"91809","Oscar and the Wolf","https://en.wikipedia.org/wiki/Oscar_and_the_Wolf","electropop","dream pop","indie rock","baroque pop","","","","","","","","",""
"91858","Four Jacks and a Jill","https://en.wikipedia.org/wiki/Four_Jacks_and_a_Jill","folk rock","","","","","","","","","","","",""
"91864","Thore Skogman","https://en.wikipedia.org/wiki/Thore_Skogman","schlager","classical","","","","","","","","","","",""
"91885","Yumi Arai","https://en.wikipedia.org/wiki/Yumi_Matsutoya","pop rock","jazz fusion","folk rock","kaykyoku","city pop","","","","","","","",""
"91887","Hi-Fi Set","https://en.wikipedia.org/wiki/Hi-Fi_Set","folk","new music","pops","","","","","","","","","",""
"91893","Jessie Ware","https://en.wikipedia.org/wiki/Jessie_Ware","pop","disco","r&b","electronic","soul","","","","","","","",""
"91902","Violeta Parra","https://en.wikipedia.org/wiki/Violeta_Parra","folk","experimental","nueva cancin","cueca","","","","","","","","",""
"91911","Anna Hanski","https://en.wikipedia.org/wiki/Anna_Hanski","pop","schlager","","","","","","","","","","",""
"92006","Lolita Pop","https://en.wikipedia.org/wiki/Lolita_Pop","pop rock","","","","","","","","","","","",""
"92056","Trouble [1]","https://en.wikipedia.org/wiki/Trouble_(band)","doom metal","","","","","","","","","","","",""
"92106","Nana Visitor","https://en.wikipedia.org/wiki/Nana_Visitor","","","","","","","","","","","","",""
"92144","Darude","https://en.wikipedia.org/wiki/Darude","edm","trance","house","","","","","","","","","",""
"92155","Andrew McMahon","https://en.wikipedia.org/wiki/Andrew_McMahon","alternative rock","pop punk","indie rock","","","","","","","","","",""
"92218","The Candymen","https://en.wikipedia.org/wiki/The_Candymen","","","","","","","","","","","","",""
"92259","Ralph Chaplin","https://en.wikipedia.org/wiki/Ralph_Chaplin","","","","","","","","","","","","",""
"92365","Helge Schneider","https://en.wikipedia.org/wiki/Helge_Schneider","comedy","pop","jazz","free improvisation","spoken word","","","","","","","",""
"92550","Cristina Zavalloni","https://en.wikipedia.org/wiki/Cristina_Zavalloni","","","","","","","","","","","","",""
"92562","Sun Dial","https://en.wikipedia.org/wiki/Sun_Dial_(band)","","","","","","","","","","","","",""
"92695","David Buskin","https://en.wikipedia.org/wiki/David_Buskin","","","","","","","","","","","","",""
"92829","Alain Romans","https://en.wikipedia.org/wiki/Alain_Romans","","","","","","","","","","","","",""
"92848","Al Sherman","https://en.wikipedia.org/wiki/Al_Sherman","tin pan alley","","","","","","","","","","","",""
"92867","SOAK","https://en.wikipedia.org/wiki/Soak_(singer)","indie folk","dream pop","","","","","","","","","","",""
"92872","Nevada Van Der Veer","https://en.wikipedia.org/wiki/Nevada_Van_der_Veer","","","","","","","","","","","","",""
"92993","Takashi Furuya","https://en.wikipedia.org/wiki/Takashi_Furuya","","","","","","","","","","","","",""
"93050","The Marvels","https://en.wikipedia.org/wiki/The_Marvels_(band)","reggae","","","","","","","","","","","",""
"93155","Connie Talbot","https://en.wikipedia.org/wiki/Connie_Talbot","pop","ballad","prog rock","","","","","","","","","",""
"93178","Jussi Björling","https://en.wikipedia.org/wiki/Jussi_Björling","","","","","","","","","","","","",""
"93185","Cats On Trees","https://en.wikipedia.org/wiki/Cats_on_Trees","pop","","","","","","","","","","","",""
"93212","Yoshiaki Miyanoue","https://en.wikipedia.org/wiki/Yoshiaki_Miyanoue","jazz","","","","","","","","","","","",""
"93317","Lars Ekborg","https://en.wikipedia.org/wiki/Lars_Ekborg","","","","","","","","","","","","",""
"93362","Joseph Santley","https://en.wikipedia.org/wiki/Joseph_Santley","","","","","","","","","","","","",""
"93368","King Khan & His Shrines","https://en.wikipedia.org/wiki/King_Khan_(musician)","garage rock","garage punk","rhythm and blues","psychedelic rock","","","","","","","","",""
"93374","Mary Ocher","https://en.wikipedia.org/wiki/Mariya_Ocher","avant pop","experimental","post-punk","art rock","garage punk","folk","","","","","","",""
"93413","George Lam","https://en.wikipedia.org/wiki/George_Lam","cantopop","english pop","","","","","","","","","","",""
"93474","Vixen","https://en.wikipedia.org/wiki/Vixen_(band)","hard rock","glam metal","aor","","","","","","","","","",""
"93509","Otomo Yoshihide","https://en.wikipedia.org/wiki/Otomo_Yoshihide","jazz","noise","avant-garde jazz","","","","","","","","","",""
"93836","Max Werner","https://en.wikipedia.org/wiki/Max_Werner","rock","","","","","","","","","","","",""
"93994","Maria João","https://en.wikipedia.org/wiki/Maria_João_(singer)","jazz","world","avant-garde","electronica","","","","","","","","",""
"94148","Charlie Black","https://en.wikipedia.org/wiki/Charlie_Black","country","","","","","","","","","","","",""
"94181","Haley Bonar","https://en.wikipedia.org/wiki/Haley_McCallum","folk","slowcore","indie rock","","","","","","","","","",""
"94210","The Belairs","https://en.wikipedia.org/wiki/The_Bel-Airs","surf music","","","","","","","","","","","",""
"94255","Josefin Nilsson","https://en.wikipedia.org/wiki/Josefin_Nilsson","","","","","","","","","","","","",""
"94373","Chisu","https://en.wikipedia.org/wiki/Chisu","pop","","","","","","","","","","","",""
"94743","Hoyt Curtin","https://en.wikipedia.org/wiki/Hoyt_Curtin","","","","","","","","","","","","",""
"94828","Sharon Dyall","https://en.wikipedia.org/wiki/Sharon_Dyall","","","","","","","","","","","","",""
"94840","Teho Teardo","https://en.wikipedia.org/wiki/Teho_Teardo","electronic music","","","","","","","","","","","",""
"94976","Tinashe","https://en.wikipedia.org/wiki/Tinashe","r&b","pop","alternative r&b","","","","","","","","","",""
"94997","Gabriel Yared","https://en.wikipedia.org/wiki/Gabriel_Yared","","","","","","","","","","","","",""
"95029","PUP","https://en.wikipedia.org/wiki/PUP_(band)","punk rock","hardcore punk","pop-punk","post-hardcore","indie rock","","","","","","","",""
"95034","Eddie Meduza","https://en.wikipedia.org/wiki/Eddie_Meduza","rockabilly","dansband","punk rock","","","","","","","","","",""
"95052","Rainhard Fendrich","https://en.wikipedia.org/wiki/Rainhard_Fendrich","pop","folk rock","new wave","austropop","","","","","","","","",""
"95207","The War on Drugs","https://en.wikipedia.org/wiki/The_War_on_Drugs_(band)","indie rock","heartland rock","neo-psychedelia","americana","","","","","","","","",""
"95230","Charlie Puth","https://en.wikipedia.org/wiki/Charlie_Puth","pop","r&b","","","","","","","","","","",""
"95278","Walk The Moon","https://en.wikipedia.org/wiki/Walk_the_Moon","pop rock","synth-rock","indie rock","new wave","dance-rock","","","","","","","",""
"95279","Jun Fukamachi","https://en.wikipedia.org/wiki/Jun_Fukamachi","jazz fusion","j-pop","progressive rock","","","","","","","","","",""
"95280","Shuichi Murakami","https://en.wikipedia.org/wiki/Shuichi_Murakami","jazz","","","","","","","","","","","",""
"95346","Dami Im","https://en.wikipedia.org/wiki/Dami_Im","pop","r&b","soul","gospel","","","","","","","","",""
"95381","Jin Jin","https://en.wikipedia.org/wiki/Jin_Jin_(musician)","pop","electro","r&b","","","","","","","","","",""
"95429","Junior English","https://en.wikipedia.org/wiki/Junior_English","reggae","","","","","","","","","","","",""
"95472","Monica Dominique","https://en.wikipedia.org/wiki/Monica_Dominique","","","","","","","","","","","","",""
"95498","Evynne Hollens","https://en.wikipedia.org/wiki/Evynne_Hollens","a cappella","show tunes","pop covers","broadway","","","","","","","","",""
"95551","Jonas Blue","https://en.wikipedia.org/wiki/Jonas_Blue","dance-pop","tropical house","","","","","","","","","","",""
"95552","Dakota [4]","https://en.wikipedia.org/wiki/Dakota_(singer)","pop","","","","","","","","","","","",""
"95554","Sampha","https://en.wikipedia.org/wiki/Sampha","electronic","neo soul","alternative r&b","","","","","","","","","",""
"95556","Ola Svensson","https://en.wikipedia.org/wiki/Ola_Svensson","pop","","","","","","","","","","","",""
"95983","Irv Williams","https://en.wikipedia.org/wiki/Irv_Williams","jazz","swing","blues","","","","","","","","","",""
"95988","Kiesza","https://en.wikipedia.org/wiki/Kiesza","house","pop","electronic","","","","","","","","","",""
"96004","Michelle Pfeiffer","https://en.wikipedia.org/wiki/Michelle_Pfeiffer","","","","","","","","","","","","",""
"96007","Jack Savoretti","https://en.wikipedia.org/wiki/Jack_Savoretti","folk rock","indie pop","acoustic","americana","alternative rock","","","","","","","",""
"96095","Liquid Tension Experiment","https://en.wikipedia.org/wiki/Liquid_Tension_Experiment","progressive metal","progressive rock","instrumental rock","jazz fusion","","","","","","","","",""
"96098","Allan Botschinsky","https://en.wikipedia.org/wiki/Allan_Botschinsky","","","","","","","","","","","","",""
"96100","Candice Parise","https://en.wikipedia.org/wiki/Candice_Parise","","","","","","","","","","","","",""
"96151","Avi Kaplan","https://en.wikipedia.org/wiki/Avi_Kaplan","folk","a cappella","pop","","","","","","","","","",""
"96177","Night Beats","https://en.wikipedia.org/wiki/Night_Beats","garage rock","psychedelic rock","soul","surf rock","","","","","","","","",""
"96235","George Kawaguchi","https://en.wikipedia.org/wiki/George_Kawaguchi","","","","","","","","","","","","",""
"96249","Laleh Pourkarim","https://en.wikipedia.org/wiki/Laleh_(singer)","pop","folk","","","","","","","","","","",""
"96413","Blood Diamonds","https://en.wikipedia.org/wiki/BloodPop","electropop","","","","","","","","","","","",""
"96436","Jarkko ja Laura","https://en.wikipedia.org/wiki/Jarkko_and_Laura","schlager","pop music","","","","","","","","","","",""
"96518","Gentle Giant","https://en.wikipedia.org/wiki/Gentle_Giant","progressive rock","","","","","","","","","","","",""
"96544","Benny Borg","https://en.wikipedia.org/wiki/Benny_Borg","","","","","","","","","","","","",""
"96573","Siobhan Donaghy","https://en.wikipedia.org/wiki/Siobhán_Donaghy","pop","electropop","trip hop","","","","","","","","","",""
"96584","17 Hippies","https://en.wikipedia.org/wiki/17_Hippies","pop","folk","","","","","","","","","","",""
"96592","Sofia Karlsson","https://en.wikipedia.org/wiki/Sofia_Karlsson_(singer)","","","","","","","","","","","","",""
"96640","Myrra Malmberg","https://en.wikipedia.org/wiki/Myrra_Malmberg","","","","","","","","","","","","",""
"96710","Alexi Laiho","https://en.wikipedia.org/wiki/Alexi_Laiho","melodic death metal","power metal","neoclassical metal","thrash metal","symphonic black metal","","","","","","","",""
"96741","Mari Iijima","https://en.wikipedia.org/wiki/Mari_Iijima","j-pop","pop","city pop","synthpop","","","","","","","","",""
"96913","Zac Efron","https://en.wikipedia.org/wiki/Zac_Efron","","","","","","","","","","","","",""
"96969","Hellyeah","https://en.wikipedia.org/wiki/Hellyeah","groove metal","alternative metal","","","","","","","","","","",""
"96999","David Thibault","https://en.wikipedia.org/wiki/David_Thibault","","","","","","","","","","","","",""
"97018","Ryoko Moriyama","https://en.wikipedia.org/wiki/Ryoko_Moriyama","","","","","","","","","","","","",""
"97024","Inger Nilsson","https://en.wikipedia.org/wiki/Inger_Nilsson","","","","","","","","","","","","",""
"97093","Antarctigo Vespucci","https://en.wikipedia.org/wiki/Antarctigo_Vespucci","power pop","indie rock","","","","","","","","","","",""
"97153","Evert Taube","https://en.wikipedia.org/wiki/Evert_Taube","","","","","","","","","","","","",""
"97155","Sven-Bertil Taube","https://en.wikipedia.org/wiki/Sven-Bertil_Taube","folk music","","","","","","","","","","","",""
"97164","Edward Ross","https://en.wikipedia.org/wiki/Milton_Samuels","","","","","","","","","","","","",""
"97165","James Petrillo","https://en.wikipedia.org/wiki/James_Petrillo","","","","","","","","","","","","",""
"97176","Niklas Hjulström","https://en.wikipedia.org/wiki/Niklas_Hjulström","","","","","","","","","","","","",""
"97223","Honor Blackman","https://en.wikipedia.org/wiki/Honor_Blackman","","","","","","","","","","","","",""
"97228","Esther Bigeou","https://en.wikipedia.org/wiki/Esther_Bigeou","","","","","","","","","","","","",""
"97282","Dom Minasi","https://en.wikipedia.org/wiki/Dom_Minasi","","","","","","","","","","","","",""
"97522","Wanda","https://en.wikipedia.org/wiki/Wanda_(band)","indie rock","pop","rock n roll","","","","","","","","","",""
"97705","Ted Gärdestad","https://en.wikipedia.org/wiki/Ted_Gärdestad","rock","pop","","","","","","","","","","",""
"97918","The Chainsmokers","https://en.wikipedia.org/wiki/The_Chainsmokers","edm","pop","electropop","future bass","","","","","","","","",""
"97925","Kygo","https://en.wikipedia.org/wiki/Kygo","tropical house","dance-pop","progressive house","","","","","","","","","",""
"97977","Shigeharu Mukai","https://en.wikipedia.org/wiki/Shigeharu_Mukai","","","","","","","","","","","","",""
"98062","Julien Baker","https://en.wikipedia.org/wiki/Julien_Baker","alternative rock","indie folk","slowcore","indie rock","emo","post-rock","","","","","","",""
"98099","Maria Rådsten","https://en.wikipedia.org/wiki/Maria_Rådsten","ethnopop","","","","","","","","","","","",""
"98101","Cecilia Vennersten","https://en.wikipedia.org/wiki/Cecilia_Vennersten","schlager","soul pop","","","","","","","","","","",""
"98116","Chase Holfelder","https://en.wikipedia.org/wiki/Chase_Holfelder","","","","","","","","","","","","",""
"98169","Chad Morgan","https://en.wikipedia.org/wiki/Chad_Morgan","country","folk","novelty","","","","","","","","","",""
"98214","Hollace Shaw","https://en.wikipedia.org/wiki/Hollace_Shaw","","","","","","","","","","","","",""
"98223","Herreys","https://en.wikipedia.org/wiki/Herreys","pop","","","","","","","","","","","",""
"98227","Arja Saijonmaa","https://en.wikipedia.org/wiki/Arja_Saijonmaa","pop","schlager","","","","","","","","","","",""
"98305","Lena Philipsson","https://en.wikipedia.org/wiki/Lena_Philipsson","pop","schlager","","","","","","","","","","",""
"98339","Marianne Mendt","https://en.wikipedia.org/wiki/Marianne_Mendt","jazz","pop","","","","","","","","","","",""
"98343","Monique Melsen","https://en.wikipedia.org/wiki/Monique_Melsen","pop","","","","","","","","","","","",""
"98435","John B. Matthias","https://en.wikipedia.org/wiki/John_B._Matthias","","","","","","","","","","","","",""
"98454","Sunrise","https://en.wikipedia.org/wiki/Sunrise_(German_band)","pop","","","","","","","","","","","",""
"98461","Petra Frey","https://en.wikipedia.org/wiki/Petra_Frey","","","","","","","","","","","","",""
"98464","Maggie Mae","https://en.wikipedia.org/wiki/Maggie_Mae","","","","","","","","","","","","",""
"98483","Jacques Kluger","https://en.wikipedia.org/wiki/Jack_Kluger","","","","","","","","","","","","",""
"98558","MNEK","https://en.wikipedia.org/wiki/MNEK","pop","dance-pop","house","uk garage","r&b","","","","","","","",""
"98559","Zara Larsson","https://en.wikipedia.org/wiki/Zara_Larsson","pop","r&b","house","dance","dance-pop","electropop","","","","","","",""
"98562","Twenty One Pilots","https://en.wikipedia.org/wiki/Twenty_One_Pilots","alternative rock","electropop","alternative hip-hop","pop rap","indie pop","pop rock","","","","","","",""
"98620","Madalena Alberto","https://en.wikipedia.org/wiki/Madalena_Alberto","","","","","","","","","","","","",""
"98628","Camel","https://en.wikipedia.org/wiki/Camel_(band)","progressive rock","","","","","","","","","","","",""
"98680","Carmela Corren","https://en.wikipedia.org/wiki/Carmela_Corren","","","","","","","","","","","","",""
"98781","Lukas Graham","https://en.wikipedia.org/wiki/Lukas_Graham","pop","soul","blue-eyed soul","","","","","","","","","",""
"98791","Arjen Lubach","https://en.wikipedia.org/wiki/Arjen_Lubach","","","","","","","","","","","","",""
"98824","PartyNextDoor","https://en.wikipedia.org/wiki/PartyNextDoor","alternative r&b","hip hop","r&b","dancehall","","","","","","","","",""
"98897","Beequeen","https://en.wikipedia.org/wiki/Beequeen","experimental rock","","","","","","","","","","","",""
"99138","Johnny Jordaan","https://en.wikipedia.org/wiki/Johnny_Jordaan","popular music","levenslied","","","","","","","","","","",""
"99156","Johannes Oerding","https://en.wikipedia.org/wiki/Johannes_Oerding","pop","","","","","","","","","","","",""
"99171","Grace LeBoy Kahn","https://en.wikipedia.org/wiki/Grace_Leboy","","","","","","","","","","","","",""
"99188","AJ Rafael","https://en.wikipedia.org/wiki/AJ_Rafael","pop rock","","","","","","","","","","","",""
"99260","Gunilla Backman","https://en.wikipedia.org/wiki/Gunilla_Backman","musical","rock","","","","","","","","","","",""
"99268","Ilsey Juber","https://en.wikipedia.org/wiki/Ilsey_Juber","","","","","","","","","","","","",""
"99289","Ellen McLain","https://en.wikipedia.org/wiki/Ellen_McLain","","","","","","","","","","","","",""
"99487","Tapio Rautavaara","https://en.wikipedia.org/wiki/Tapio_Rautavaara","","","","","","","","","","","","",""
"99560","Joe Hill","https://en.wikipedia.org/wiki/Joe_Hill_(activist)","","","","","","","","","","","","",""
"99605","Jennifer Brown","https://en.wikipedia.org/wiki/Jennifer_Brown_(singer)","r&b","pop","","","","","","","","","","",""
"99621","Owe Thörnqvist","https://en.wikipedia.org/wiki/Owe_Thörnqvist","pop","rock","schlager","","","","","","","","","",""
"99799","Killerpilze","https://en.wikipedia.org/wiki/Killerpilze","pop rock","pop punk","","","","","","","","","","",""
"99802","Sabrina Setlur","https://en.wikipedia.org/wiki/Sabrina_Setlur","hip-hop","pop rap","","","","","","","","","","",""
"99810","Delain","https://en.wikipedia.org/wiki/Delain","symphonic metal","","","","","","","","","","","",""
"99968","Hajime Mizoguchi","https://en.wikipedia.org/wiki/Hajime_Mizoguchi","new age","","","","","","","","","","","",""
"100030","Chisako Moritaka","https://en.wikipedia.org/wiki/Chisato_Moritaka","j-pop","dance-pop","pop rock","folk-pop","city pop","","","","","","","",""
"100031","Hideo Saito","https://en.wikipedia.org/wiki/Hideo_Saitō_(musician,_born_1958)","j-pop","city pop","pop rock","dance-pop","folk-pop","","","","","","","",""
"100048","Namie Amuro","https://en.wikipedia.org/wiki/Namie_Amuro","pop","dance","r&b","","","","","","","","","",""
"100050","ANRI","https://en.wikipedia.org/wiki/Anri","jazz","r&b","j-pop","city pop","","","","","","","","",""
"100077","Masayuki Suzuki","https://en.wikipedia.org/wiki/Masayuki_Suzuki","j-pop","r&b","funk","","","","","","","","","",""
"100196","Stooshe","https://en.wikipedia.org/wiki/Stooshe","r&b","soul","hip hop","","","","","","","","","",""
"100317","Halsey","https://en.wikipedia.org/wiki/Halsey_(singer)","electropop","art pop","r&b","alternative pop","alternative rock","","","","","","","",""
"100329","Ry X","https://en.wikipedia.org/wiki/RY_X","alt-pop","indietronica","indie folk","","","","","","","","","",""
"100378","Basement Jaxx","https://en.wikipedia.org/wiki/Basement_Jaxx","house","electronic","uk garage","big beat","","","","","","","","",""
"100382","Catfish and The Bottlemen","https://en.wikipedia.org/wiki/Catfish_and_the_Bottlemen","alternative rock","indie rock","post-punk revival","","","","","","","","","",""
"100390","Anne-Marie","https://en.wikipedia.org/wiki/Anne-Marie","pop","r&b","dance-pop","","","","","","","","","",""
"100414","Corbin Bleu","https://en.wikipedia.org/wiki/Corbin_Bleu","pop","r&b","dance","dance-pop","teen pop","electropop","pop rock","","","","","",""
"100525","New Years Day","https://en.wikipedia.org/wiki/New_Years_Day_(band)","alternative metal","alternative rock","gothic metal","pop punk","","","","","","","","",""
"100553","Phoebe Cates","https://en.wikipedia.org/wiki/Phoebe_Cates","","","","","","","","","","","","",""
"100572","Thundercat","https://en.wikipedia.org/wiki/Thundercat_(musician)","funk","progressive r&b","soul","electronica","acid jazz","psychedelia","crossover thrash","yacht rock","astral jazz","","","",""
"100611","Claes Malmberg","https://en.wikipedia.org/wiki/Claes_Malmberg","","","","","","","","","","","","",""
"100761","Bill Purcell","https://en.wikipedia.org/wiki/Bill_Pursell","","","","","","","","","","","","",""
"100765","Henry Jackman","https://en.wikipedia.org/wiki/Henry_Jackman","film and television scores","video game score","edm","big beat","synth-pop","pop rock","hard rock","classical","jazz","","","",""
"100863","Kjell Höglund","https://en.wikipedia.org/wiki/Kjell_Höglund","","","","","","","","","","","","",""
"100866","Jennie Abrahamson","https://en.wikipedia.org/wiki/Jennie_Abrahamson","","","","","","","","","","","","",""
"100867","Oscar Zia","https://en.wikipedia.org/wiki/Oscar_Zia","pop","","","","","","","","","","","",""
"100869","Caroline af Ugglas","https://en.wikipedia.org/wiki/Caroline_af_Ugglas","soul","pop","","","","","","","","","","",""
"100903","Black Jack [1]","https://en.wikipedia.org/wiki/BlackJack_(Swedish_band)","dansband","","","","","","","","","","","",""
"100992","American Football","https://en.wikipedia.org/wiki/American_Football_(band)","midwest emo","math rock","post-rock","indie rock","","","","","","","","",""
"101123","Les Charts","https://en.wikipedia.org/wiki/Charts_(French_group)","pop","rock","","","","","","","","","","",""
"101276","Vicky McGehee","https://en.wikipedia.org/wiki/Vicky_McGehee","country","","","","","","","","","","","",""
"101360","Pain of Salvation","https://en.wikipedia.org/wiki/Pain_of_Salvation","progressive metal","progressive rock","","","","","","","","","","",""
"101538","Christian Bale","https://en.wikipedia.org/wiki/Christian_Bale","","","","","","","","","","","","",""
"101586","Agnes [1]","https://en.wikipedia.org/wiki/Agnes_(singer)","r&b","electropop","pop","dance-pop","","","","","","","","",""
"101604","Anna Book","https://en.wikipedia.org/wiki/Anna_Book","schlager","","","","","","","","","","","",""
"101673","Theory of a Deadman","https://en.wikipedia.org/wiki/Theory_of_a_Deadman","post-grunge","hard rock","alternative rock","alternative metal","pop rock","","","","","","","",""
"101720","Iron Fire","https://en.wikipedia.org/wiki/Iron_Fire","power metal","heavy metal","","","","","","","","","","",""
"101733","LaGaylia Frazier","https://en.wikipedia.org/wiki/LaGaylia_Frazier","jazz","pop","","","","","","","","","","",""
"101769","Mari Hamada","https://en.wikipedia.org/wiki/Mari_Hamada","heavy metal","hard rock","aor","pop rock","","","","","","","","",""
"101797","António Calvário","https://en.wikipedia.org/wiki/António_Calvário","","","","","","","","","","","","",""
