YEAR,WEEK,TW,LW,TITLE,ARTIST,LABEL,WEEKS_ON_CHART,PEAK_POSITION,WEEKS_AT_1
1960,1,1,2,WHY,Frankie Avalon,Chancellor,6,1,1 week at #1
1960,1,2,3,EL PASO,Marty Robbins,Columbia,8,2,
1960,1,3,4,THE BIG HURT,Miss Toni Fisher,Signet,7,3,
1960,1,4,6,IT’S TIME TO CRY,Paul Anka,ABC-Paramount,6,4,
1960,1,5,5,WAY DOWN YONDER IN NEW ORLEANS,Freddy Cannon,Swan,6,5,
1960,1,6,1,HEARTACHES BY THE NUMBER,Guy Mitchell,Columbia,13,1,
1960,1,7,9,AMONG MY SOUVENIRS,Connie Francis,MGM,6,7,
1960,1,9,10,HOUND DOG MAN,Fabian,Chancellor,7,9,
1960,1,10,19,PRETTY BLUE EYES,Steve Lawrence,ABC-Paramount,6,10,
1960,1,11,24,RUNNING BEAR,Johnny Preston,Mercury,11,11,
1960,1,12,8,WE GOT LOVE,Bobby Rydell,Cameo,12,6,
1960,1,13,14,SCARLET RIBBONS (For Her Hair),The Browns,RCA Victor,9,13,
1960,1,14,18,UH OH (Part 2),The Nutty Squirrels,Hanover,8,14,
1960,1,15,47,THE LITTLE DRUMMER BOY,The Harry Simeone Chorale,20th Fox,12,13,
1960,1,16,29,SANDY,Larry Hall,Strand,6,16,
1960,1,17,15,SO MANY WAYS,Brook Benton,Mercury,11,6,
1960,1,18,11,IN THE MOOD,Ernie Fields,Rendezvous,15,4,
1960,1,19,35,"GO, JIMMY, GO",Jimmy Clanton,Ace,4,19,
1960,1,20,12,THIS FRIENDLY WORLD,Fabian,Chancellor,6,12,
1960,1,21,13,DON’T YOU KNOW,Della Reese,RCA Victor,15,2,
1960,1,22,17,MR. BLUE,The Fleetwoods,Dolton,17,1,
1960,1,23,28,SMOKIE (Part 2),Bill Black’s Combo,Hi,5,23,
1960,1,25,16,OH CAROL,Neil Sedaka,RCA Victor,12,9,
1960,1,27,25,YOU GOT WHAT IT TAKES,Marv Johnson,United Artists,9,25,
1960,1,28,56,THE VILLAGE OF ST. BERNADETTE,Andy Williams,Cadence,3,28,
1960,1,29,32,FIRST NAME INITIAL,Annette with the Afterbeats,Buena Vista,10,29,
1960,1,30,23,TEAR DROP,Santo and Johnny,Canadian American,5,23,
1960,1,32,52,NOT ONE MINUTE MORE,Della Reese,RCA Victor,3,32,
1960,1,33,27,DANNY BOY,Conway Twitty,MGM,14,10,
1960,1,34,76,THE HAPPY REINDEER,"Dancer, Prancer and Nervous",Capitol,4,34,
1960,1,35,31,MARINA,Rocco Granata and the International Quintet,Laurie,8,31,
1960,1,36,22,MISTY,Johnny Mathis,Columbia,13,12,
1960,1,38,37,JUST AS MUCH AS EVER,Bob Beckham,Decca,20,32,
1960,1,39,36,GOD BLESS AMERICA,Connie Francis,MGM,7,36,
1960,1,40,34,ALWAYS,Sammy Turner,Big Top,9,19,
1960,1,44,30,REVEILLE ROCK,Johnny and the Hurricanes,Warwick,9,25,
1960,1,45,38,MIGHTY GOOD,Ricky Nelson,Imperial,5,38,
1960,1,47,40,BELIEVE ME,The Royal Teens,Capitol,10,26,
1960,1,56,39,"(If You Cry) TRUE LOVE, TRUE LOVE",The Drifters,Atlantic,8,33,
1960,1,41,68,THE CHIPMUNK SONG (Christmas Don’t Be Late),The Chipmunks with the Music Of David Seville,Liberty,16,1,
1960,1,42,46,MARINA,Willy Alberti,London,5,42,
1960,1,46,51,THE CLOUDS,The Spacemen,Alton,11,41,
1960,1,48,93,SWINGIN’ ON A RAINBOW,Frankie Avalon,Chancellor,2,48,
1960,1,49,61,HOW ABOUT THAT,Dee Clark,Abner,4,49,
1960,1,50,100,TEEN ANGEL,Mark Dinning,MGM,2,50,
1960,2,1,2,EL PASO,Marty Robbins,Columbia,9,1,1 week at #1
1960,2,2,1,WHY,Frankie Avalon,Chancellor,7,1,
1960,2,3,3,THE BIG HURT,Miss Toni Fisher,Signet,8,3,
1960,2,4,11,RUNNING BEAR,Johnny Preston,Mercury,12,4,
1960,2,5,5,WAY DOWN YONDER IN NEW ORLEANS,Freddy Cannon,Swan,7,5,
1960,2,6,6,HEARTACHES BY THE NUMBER,Guy Mitchell,Columbia,14,1,
1960,2,7,4,IT’S TIME TO CRY,Paul Anka,ABC-Paramount,7,4,
1960,2,8,7,AMONG MY SOUVENIRS,Connie Francis,MGM,7,7,
1960,2,9,10,PRETTY BLUE EYES,Steve Lawrence,ABC-Paramount,7,9,
1960,2,10,19,"GO, JIMMY, GO",Jimmy Clanton,Ace,5,10,
1960,2,11,12,WE GOT LOVE,Bobby Rydell,Cameo,13,6,
1960,2,12,8,MACK THE KNIFE,Bobby Darin,Atco,20,1,
1960,2,13,28,THE VILLAGE OF ST. BERNADETTE,Andy Williams,Cadence,4,13,
1960,2,14,14,UH OH (Part 2),The Nutty Squirrels,Hanover,9,14,
1960,2,15,16,SANDY,Larry Hall,Strand,7,15,
1960,2,16,9,HOUND DOG MAN,Fabian,Chancellor,8,9,
1960,2,17,13,SCARLET RIBBONS (For Her Hair),The Browns,RCA Victor,10,13,
1960,2,18,23,SMOKIE (Part 2),Bill Black’s Combo,Hi,6,18,
1960,2,19,32,NOT ONE MINUTE MORE,Della Reese,RCA Victor,4,19,
1960,2,20,20,THIS FRIENDLY WORLD,Fabian,Chancellor,7,12,
1960,2,21,18,IN THE MOOD,Ernie Fields,Rendezvous,16,4,
1960,2,22,15,THE LITTLE DRUMMER BOY,The Harry Simeone Chorale,20th Fox,13,13,
1960,2,23,27,YOU GOT WHAT IT TAKES,Marv Johnson,United Artists,10,23,
1960,2,24,29,FIRST NAME INITIAL,Annette with the Afterbeats,Buena Vista,11,24,
1960,2,25,17,SO MANY WAYS,Brook Benton,Mercury,12,6,
1960,2,26,25,OH CAROL,Neil Sedaka,RCA Victor,13,9,
1960,2,27,24,BE MY GUEST,Fats Domino,Imperial,11,8,
1960,2,28,30,TEAR DROP,Santo and Johnny,Canadian American,6,23,
1960,2,29,50,TEEN ANGEL,Mark Dinning,MGM,3,29,
1960,2,30,31,COME INTO MY HEART,Lloyd Price,ABC-Paramount,11,20,
1960,2,31,22,MR. BLUE,The Fleetwoods,Dolton,18,1,
1960,2,32,26,I WANNA BE LOVED,Ricky Nelson,Imperial,6,20,
1960,2,33,33,DANNY BOY,Conway Twitty,MGM,15,10,
1960,2,34,21,DON’T YOU KNOW,Della Reese,RCA Victor,16,2,
1960,2,35,43,TALK THAT TALK,Jackie Wilson,Brunswick,7,35,
1960,2,36,35,MARINA,Rocco Granata and the International Quintet,Laurie,9,31,
1960,2,37,55,JUST COME HOME,Hugo and Luigi,RCA Victor,4,37,
1960,2,38,49,HOW ABOUT THAT,Dee Clark,Abner,5,38,
1960,2,39,48,SWINGIN’ ON A RAINBOW,Frankie Avalon,Chancellor,3,39,
1960,2,40,36,MISTY,Johnny Mathis,Columbia,14,12,
1960,2,43,37,DANCE WITH ME,The Drifters,Atlantic,13,15,
1960,2,44,38,JUST AS MUCH AS EVER,Bob Beckham,Decca,21,32,
1960,2,45,34,THE HAPPY REINDEER,"Dancer, Prancer and Nervous",Capitol,5,34,
1960,2,59,40,ALWAYS,Sammy Turner,Big Top,10,19,
1960,2,89,39,GOD BLESS AMERICA,Connie Francis,MGM,8,36,
1960,2,41,58,HE’LL HAVE TO GO,Jim Reeves,RCA Victor,2,41,
1960,2,42,47,BELIEVE ME,The Royal Teens,Capitol,11,26,
1960,2,46,83,BONNIE CAME BACK,Duane Eddy,Jamie,2,46,
1960,2,47,53,(New In) THE WAYS OF LOVE,Tommy Edwards,MGM,8,47,
1960,2,48,62,IF I HAD A GIRL,Rod Lauren,RCA Victor,3,48,
1960,2,49,45,MIGHTY GOOD,Ricky Nelson,Imperial,6,38,
1960,3,1,1,EL PASO,Marty Robbins,Columbia,10,1,2 weeks at #1
1960,3,2,2,WHY,Frankie Avalon,Chancellor,8,1,
1960,3,3,5,WAY DOWN YONDER IN NEW ORLEANS,Freddy Cannon,Swan,8,3,
1960,3,4,4,RUNNING BEAR,Johnny Preston,Mercury,13,4,
1960,3,5,3,THE BIG HURT,Miss Toni Fisher,Signet,9,3,
1960,3,6,7,IT’S TIME TO CRY,Paul Anka,ABC-Paramount,8,4,
1960,3,7,10,"GO, JIMMY, GO",Jimmy Clanton,Ace,6,7,
1960,3,8,8,AMONG MY SOUVENIRS,Connie Francis,MGM,8,7,
1960,3,9,9,PRETTY BLUE EYES,Steve Lawrence,ABC-Paramount,8,9,
1960,3,10,6,HEARTACHES BY THE NUMBER,Guy Mitchell,Columbia,15,1,
1960,3,11,16,HOUND DOG MAN,Fabian,Chancellor,9,9,
1960,3,12,13,THE VILLAGE OF ST. BERNADETTE,Andy Williams,Cadence,5,12,
1960,3,13,12,MACK THE KNIFE,Bobby Darin,Atco,21,1,
1960,3,14,29,TEEN ANGEL,Mark Dinning,MGM,4,14,
1960,3,15,23,YOU GOT WHAT IT TAKES,Marv Johnson,United Artists,11,15,
1960,3,16,19,NOT ONE MINUTE MORE,Della Reese,RCA Victor,5,16,
1960,3,17,18,SMOKIE (Part 2),Bill Black’s Combo,Hi,7,17,
1960,3,18,11,WE GOT LOVE,Bobby Rydell,Cameo,14,6,
1960,3,19,15,SANDY,Larry Hall,Strand,8,15,
1960,3,20,24,FIRST NAME INITIAL,Annette with the Afterbeats,Buena Vista,12,20,
1960,3,21,20,THIS FRIENDLY WORLD,Fabian,Chancellor,8,12,
1960,3,22,22,THE LITTLE DRUMMER BOY,The Harry Simeone Chorale,20th Fox,14,13,
1960,3,23,17,SCARLET RIBBONS (For Her Hair),The Browns,RCA Victor,11,13,
1960,3,24,14,UH OH (Part 2),The Nutty Squirrels,Hanover,10,14,
1960,3,25,21,IN THE MOOD,Ernie Fields,Rendezvous,17,4,
1960,3,26,32,I WANNA BE LOVED,Ricky Nelson,Imperial,7,20,
1960,3,27,26,OH CAROL,Neil Sedaka,RCA Victor,14,9,
1960,3,28,51,WHERE OR WHEN,Dion and the Belmonts,Laurie,3,28,
1960,3,29,41,HE’LL HAVE TO GO,Jim Reeves,RCA Victor,3,29,
1960,3,30,28,TEAR DROP,Santo and Johnny,Canadian American,7,23,
1960,3,31,30,COME INTO MY HEART,Lloyd Price,ABC-Paramount,12,20,
1960,3,32,25,SO MANY WAYS,Brook Benton,Mercury,13,6,
1960,3,33,62,DOWN BY THE STATION,The Four Preps,Capitol,3,33,
1960,3,34,35,TALK THAT TALK,Jackie Wilson,Brunswick,8,34,
1960,3,35,37,JUST COME HOME,Hugo and Luigi,RCA Victor,5,35,
1960,3,36,48,IF I HAD A GIRL,Rod Lauren,RCA Victor,4,36,
1960,3,37,38,HOW ABOUT THAT,Dee Clark,Abner,6,37,
1960,3,38,27,BE MY GUEST,Fats Domino,Imperial,12,8,
1960,3,39,34,DON’T YOU KNOW,Della Reese,RCA Victor,17,2,
1960,3,40,46,BONNIE CAME BACK,Duane Eddy,Jamie,3,40,
1960,3,52,33,DANNY BOY,Conway Twitty,MGM,16,10,
1960,3,54,36,MARINA,Rocco Granata and the International Quintet,Laurie,10,31,
1960,3,58,40,MISTY,Johnny Mathis,Columbia,15,12,
1960,3,69,39,SWINGIN’ ON A RAINBOW,Frankie Avalon,Chancellor,4,39,
1960,3,73,31,MR. BLUE,The Fleetwoods,Dolton,19,1,
1960,3,41,53,MARY DON’T YOU WEEP,Stonewall Jackson,Columbia,3,41,
1960,3,42,67,HANDY MAN,Jimmy Jones,Cub,3,42,
1960,3,43,70,LUCKY DEVIL,"Carl Dobkins, Jr.",Decca,6,43,
1960,3,46,80,RUN RED RUN,The Coasters,Atco,4,46,
1960,3,47,50,WHAT ABOUT US,The Coasters,Atco,6,47,
1960,3,49,49,MIGHTY GOOD,Ricky Nelson,Imperial,7,38,
1960,3,50,52,THE CLOUDS,The Spacemen,Alton,13,41,
1960,4,1,4,RUNNING BEAR,Johnny Preston,Mercury,14,1,1 week at #1
1960,4,2,2,WHY,Frankie Avalon,Chancellor,9,1,
1960,4,3,1,EL PASO,Marty Robbins,Columbia,11,1,
1960,4,4,5,THE BIG HURT,Miss Toni Fisher,Signet,10,3,
1960,4,5,3,WAY DOWN YONDER IN NEW ORLEANS,Freddy Cannon,Swan,9,3,
1960,4,6,7,"GO, JIMMY, GO",Jimmy Clanton,Ace,7,6,
1960,4,7,14,TEEN ANGEL,Mark Dinning,MGM,5,7,
1960,4,8,12,THE VILLAGE OF ST. BERNADETTE,Andy Williams,Cadence,6,8,
1960,4,9,9,PRETTY BLUE EYES,Steve Lawrence,ABC-Paramount,9,9,
1960,4,10,8,AMONG MY SOUVENIRS,Connie Francis,MGM,9,7,
1960,4,11,6,IT’S TIME TO CRY,Paul Anka,ABC-Paramount,9,4,
1960,4,12,10,HEARTACHES BY THE NUMBER,Guy Mitchell,Columbia,16,1,
1960,4,13,28,WHERE OR WHEN,Dion and the Belmonts,Laurie,4,13,
1960,4,14,15,YOU GOT WHAT IT TAKES,Marv Johnson,United Artists,12,14,
1960,4,15,11,HOUND DOG MAN,Fabian,Chancellor,10,9,
1960,4,16,19,SANDY,Larry Hall,Strand,9,15,
1960,4,17,17,SMOKIE (Part 2),Bill Black’s Combo,Hi,8,17,
1960,4,18,16,NOT ONE MINUTE MORE,Della Reese,RCA Victor,6,16,
1960,4,19,13,MACK THE KNIFE,Bobby Darin,Atco,22,1,
1960,4,20,33,DOWN BY THE STATION,The Four Preps,Capitol,4,20,
1960,4,21,21,THIS FRIENDLY WORLD,Fabian,Chancellor,9,12,
1960,4,22,20,FIRST NAME INITIAL,Annette with the Afterbeats,Buena Vista,13,20,
1960,4,23,18,WE GOT LOVE,Bobby Rydell,Cameo,15,6,
1960,4,24,29,HE’LL HAVE TO GO,Jim Reeves,RCA Victor,4,24,
1960,4,25,42,HANDY MAN,Jimmy Jones,Cub,4,25,
1960,4,26,40,BONNIE CAME BACK,Duane Eddy,Jamie,4,26,
1960,4,27,43,LUCKY DEVIL,"Carl Dobkins, Jr.",Decca,7,27,
1960,4,28,23,SCARLET RIBBONS (For Her Hair),The Browns,RCA Victor,12,13,
1960,4,29,60,TRACY’S THEME,Spencer Ross,Columbia,3,29,
1960,4,30,75,WHAT IN THE WORLD’S COME OVER YOU,Jack Scott,Top Rank,2,30,
1960,4,31,61,LONELY BLUE BOY,Conway Twitty,MGM,4,31,
1960,4,32,30,TEAR DROP,Santo and Johnny,Canadian American,8,23,
1960,4,33,36,IF I HAD A GIRL,Rod Lauren,RCA Victor,5,33,
1960,4,34,44,"SHIMMY, SHIMMY, KO-KO-BOP",Little Anthony and the Imperials,End,7,34,
1960,4,35,35,JUST COME HOME,Hugo and Luigi,RCA Victor,6,35,
1960,4,36,26,I WANNA BE LOVED,Ricky Nelson,Imperial,8,20,
1960,4,37,32,SO MANY WAYS,Brook Benton,Mercury,14,6,
1960,4,38,37,HOW ABOUT THAT,Dee Clark,Abner,7,37,
1960,4,39,31,COME INTO MY HEART,Lloyd Price,ABC-Paramount,13,20,
1960,4,40,27,OH CAROL,Neil Sedaka,RCA Victor,15,9,
1960,4,41,34,TALK THAT TALK,Jackie Wilson,Brunswick,9,34,
1960,4,44,25,IN THE MOOD,Ernie Fields,Rendezvous,18,4,
1960,4,46,24,UH OH (Part 2),The Nutty Squirrels,Hanover,11,14,
1960,4,54,22,THE LITTLE DRUMMER BOY,The Harry Simeone Chorale,20th Fox,15,13,
1960,4,63,38,BE MY GUEST,Fats Domino,Imperial,13,8,
1960,4,92,39,DON’T YOU KNOW,Della Reese,RCA Victor,18,2,
1960,4,42,45,A YEAR AGO TONIGHT,The Crests,Coed,7,42,
1960,4,43,96,THE THEME FROM “A SUMMER PLACE”,Percy Faith and His Orchestra,Columbia,2,43,
1960,4,45,46,RUN RED RUN,The Coasters,Atco,5,45,
1960,4,47,59,LITTLE THINGS MEAN A LOT,Joni James,MGM,4,47,
1960,4,48,48,LET’S TRY AGAIN,Clyde McPhatter,MGM,5,48,
1960,4,49,55,BACIARE BACIARE (Kissing Kissing),Dorothy Collins,Top Rank,5,49,
1960,5,1,1,RUNNING BEAR,Johnny Preston,Mercury,15,1,2 weeks at #1
1960,5,2,3,EL PASO,Marty Robbins,Columbia,12,1,
1960,5,3,2,WHY,Frankie Avalon,Chancellor,10,1,
1960,5,4,7,TEEN ANGEL,Mark Dinning,MGM,6,4,
1960,5,5,5,WAY DOWN YONDER IN NEW ORLEANS,Freddy Cannon,Swan,10,3,
1960,5,6,4,THE BIG HURT,Miss Toni Fisher,Signet,11,3,
1960,5,7,8,THE VILLAGE OF ST. BERNADETTE,Andy Williams,Cadence,7,7,
1960,5,8,6,"GO, JIMMY, GO",Jimmy Clanton,Ace,8,6,
1960,5,9,9,PRETTY BLUE EYES,Steve Lawrence,ABC-Paramount,10,9,
1960,5,10,13,WHERE OR WHEN,Dion and the Belmonts,Laurie,5,10,
1960,5,11,14,YOU GOT WHAT IT TAKES,Marv Johnson,United Artists,13,11,
1960,5,12,11,IT’S TIME TO CRY,Paul Anka,ABC-Paramount,10,4,
1960,5,13,10,AMONG MY SOUVENIRS,Connie Francis,MGM,10,7,
1960,5,14,25,HANDY MAN,Jimmy Jones,Cub,5,14,
1960,5,15,16,SANDY,Larry Hall,Strand,10,15,
1960,5,16,30,WHAT IN THE WORLD’S COME OVER YOU,Jack Scott,Top Rank,3,16,
1960,5,17,20,DOWN BY THE STATION,The Four Preps,Capitol,5,17,
1960,5,18,15,HOUND DOG MAN,Fabian,Chancellor,11,9,
1960,5,19,18,NOT ONE MINUTE MORE,Della Reese,RCA Victor,7,16,
1960,5,20,24,HE’LL HAVE TO GO,Jim Reeves,RCA Victor,5,20,
1960,5,21,31,LONELY BLUE BOY,Conway Twitty,MGM,5,21,
1960,5,22,12,HEARTACHES BY THE NUMBER,Guy Mitchell,Columbia,17,1,
1960,5,23,61,LET IT BE ME,The Everly Brothers,Cadence,3,23,
1960,5,24,29,TRACY’S THEME,Spencer Ross,Columbia,4,24,
1960,5,25,27,LUCKY DEVIL,"Carl Dobkins, Jr.",Decca,8,25,
1960,5,26,21,THIS FRIENDLY WORLD,Fabian,Chancellor,10,12,
1960,5,27,17,SMOKIE (Part 2),Bill Black’s Combo,Hi,9,17,
1960,5,28,43,THE THEME FROM “A SUMMER PLACE”,Percy Faith and His Orchestra,Columbia,3,28,
1960,5,29,26,BONNIE CAME BACK,Duane Eddy,Jamie,5,26,
1960,5,30,22,FIRST NAME INITIAL,Annette with the Afterbeats,Buena Vista,14,20,
1960,5,31,33,IF I HAD A GIRL,Rod Lauren,RCA Victor,6,31,
1960,5,32,19,MACK THE KNIFE,Bobby Darin,Atco,23,1,
1960,5,33,38,HOW ABOUT THAT,Dee Clark,Abner,8,33,
1960,5,34,74,BEYOND THE SEA,Bobby Darin,Atco,2,34,
1960,5,35,23,WE GOT LOVE,Bobby Rydell,Cameo,16,6,
1960,5,36,45,RUN RED RUN,The Coasters,Atco,6,36,
1960,5,37,32,TEAR DROP,Santo and Johnny,Canadian American,9,23,
1960,5,38,47,LITTLE THINGS MEAN A LOT,Joni James,MGM,5,38,
1960,5,39,41,TALK THAT TALK,Jackie Wilson,Brunswick,10,34,
1960,5,40,36,I WANNA BE LOVED,Ricky Nelson,Imperial,9,20,
1960,5,41,34,"SHIMMY, SHIMMY, KO-KO-BOP",Little Anthony and the Imperials,End,8,34,
1960,5,43,28,SCARLET RIBBONS (For Her Hair),The Browns,RCA Victor,13,13,
1960,5,49,40,OH CAROL,Neil Sedaka,RCA Victor,16,9,
1960,5,51,35,JUST COME HOME,Hugo and Luigi,RCA Victor,7,35,
1960,5,54,37,SO MANY WAYS,Brook Benton,Mercury,15,6,
1960,5,63,39,COME INTO MY HEART,Lloyd Price,ABC-Paramount,14,20,
1960,5,42,60,T.L.C. TENDER LOVE AND CARE,Jimmie Rodgers,Roulette,3,42,
1960,5,44,50,SWEET NOTHIN’S,Brenda Lee,Decca,6,44,
1960,5,45,49,BACIARE BACIARE (Kissing Kissing),Dorothy Collins,Top Rank,6,45,
1960,5,46,52,LITTLE COCO PALM,Jerry Wallace,Challenge,4,46,
1960,5,47,42,A YEAR AGO TONIGHT,The Crests,Coed,8,42,
1960,5,48,69,BULLDOG,The Fireballs,Top Rank,3,48,
1960,5,50,75,WALTZING MATILDA,Jimmie Rodgers,Roulette,2,50,
1960,6,1,1,RUNNING BEAR,Johnny Preston,Mercury,16,1,3 weeks at #1
1960,6,2,4,TEEN ANGEL,Mark Dinning,MGM,7,2,
1960,6,3,2,EL PASO,Marty Robbins,Columbia,13,1,
1960,6,4,10,WHERE OR WHEN,Dion and the Belmonts,Laurie,6,4,
1960,6,5,8,"GO, JIMMY, GO",Jimmy Clanton,Ace,9,5,
1960,6,6,3,WHY,Frankie Avalon,Chancellor,11,1,
1960,6,7,14,HANDY MAN,Jimmy Jones,Cub,6,7,
1960,6,8,6,THE BIG HURT,Miss Toni Fisher,Signet,12,3,
1960,6,9,5,WAY DOWN YONDER IN NEW ORLEANS,Freddy Cannon,Swan,11,3,
1960,6,10,9,PRETTY BLUE EYES,Steve Lawrence,ABC-Paramount,11,9,
1960,6,11,7,THE VILLAGE OF ST. BERNADETTE,Andy Williams,Cadence,8,7,
1960,6,12,16,WHAT IN THE WORLD’S COME OVER YOU,Jack Scott,Top Rank,4,12,
1960,6,13,11,YOU GOT WHAT IT TAKES,Marv Johnson,United Artists,14,11,
1960,6,14,21,LONELY BLUE BOY,Conway Twitty,MGM,6,14,
1960,6,15,17,DOWN BY THE STATION,The Four Preps,Capitol,6,15,
1960,6,16,23,LET IT BE ME,The Everly Brothers,Cadence,4,16,
1960,6,17,20,HE’LL HAVE TO GO,Jim Reeves,RCA Victor,6,17,
1960,6,18,12,IT’S TIME TO CRY,Paul Anka,ABC-Paramount,11,4,
1960,6,19,28,THE THEME FROM “A SUMMER PLACE”,Percy Faith and His Orchestra,Columbia,4,19,
1960,6,20,24,TRACY’S THEME,Spencer Ross,Columbia,5,20,
1960,6,21,15,SANDY,Larry Hall,Strand,11,15,
1960,6,22,13,AMONG MY SOUVENIRS,Connie Francis,MGM,11,7,
1960,6,23,34,BEYOND THE SEA,Bobby Darin,Atco,3,23,
1960,6,24,18,HOUND DOG MAN,Fabian,Chancellor,12,9,
1960,6,25,30,FIRST NAME INITIAL,Annette with the Afterbeats,Buena Vista,15,20,
1960,6,26,42,T.L.C. TENDER LOVE AND CARE,Jimmie Rodgers,Roulette,4,26,
1960,6,27,19,NOT ONE MINUTE MORE,Della Reese,RCA Victor,8,16,
1960,6,28,22,HEARTACHES BY THE NUMBER,Guy Mitchell,Columbia,18,1,
1960,6,29,25,LUCKY DEVIL,"Carl Dobkins, Jr.",Decca,9,25,
1960,6,30,27,SMOKIE (Part 2),Bill Black’s Combo,Hi,10,17,
1960,6,31,31,IF I HAD A GIRL,Rod Lauren,RCA Victor,7,31,
1960,6,32,41,"SHIMMY, SHIMMY, KO-KO-BOP",Little Anthony and the Imperials,End,9,32,
1960,6,33,29,BONNIE CAME BACK,Duane Eddy,Jamie,6,26,
1960,6,34,57,ROCKIN’ LITTLE ANGEL,Ray Smith,Judd,5,34,
1960,6,35,38,LITTLE THINGS MEAN A LOT,Joni James,MGM,6,35,
1960,6,36,46,LITTLE COCO PALM,Jerry Wallace,Challenge,5,36,
1960,6,37,26,THIS FRIENDLY WORLD,Fabian,Chancellor,11,12,
1960,6,38,48,BULLDOG,The Fireballs,Top Rank,4,38,
1960,6,39,33,HOW ABOUT THAT,Dee Clark,Abner,9,33,
1960,6,40,32,MACK THE KNIFE,Bobby Darin,Atco,24,1,
1960,6,42,36,RUN RED RUN,The Coasters,Atco,7,36,
1960,6,47,37,TEAR DROP,Santo and Johnny,Canadian American,10,23,
1960,6,49,39,TALK THAT TALK,Jackie Wilson,Brunswick,11,34,
1960,6,66,40,I WANNA BE LOVED,Ricky Nelson,Imperial,10,20,
1960,6,68,35,WE GOT LOVE,Bobby Rydell,Cameo,17,6,
1960,6,41,50,WALTZING MATILDA,Jimmie Rodgers,Roulette,3,41,
1960,6,43,45,BACIARE BACIARE (Kissing Kissing),Dorothy Collins,Top Rank,7,43,
1960,6,44,80,AM I THAT EASY TO FORGET,Debbie Reynolds,Dot,3,44,
1960,6,45,75,TOO MUCH TEQUILA,The Champs,Challenge,3,45,
1960,6,46,77,FOREVER,The Little Dippers,University,2,46,
1960,6,48,44,SWEET NOTHIN’S,Brenda Lee,Decca,7,44,
1960,6,50,65,WHY DO I LOVE YOU SO,Johnny Tillotson,Cadence,3,50,
1960,7,1,2,TEEN ANGEL,Mark Dinning,MGM,8,1,1 week at #1
1960,7,2,1,RUNNING BEAR,Johnny Preston,Mercury,17,1,
1960,7,3,4,WHERE OR WHEN,Dion and the Belmonts,Laurie,7,3,
1960,7,4,3,EL PASO,Marty Robbins,Columbia,14,1,
1960,7,5,7,HANDY MAN,Jimmy Jones,Cub,7,5,
1960,7,6,14,LONELY BLUE BOY,Conway Twitty,MGM,7,6,
1960,7,7,12,WHAT IN THE WORLD’S COME OVER YOU,Jack Scott,Top Rank,5,7,
1960,7,8,17,HE’LL HAVE TO GO,Jim Reeves,RCA Victor,7,8,
1960,7,9,6,WHY,Frankie Avalon,Chancellor,12,1,
1960,7,10,13,YOU GOT WHAT IT TAKES,Marv Johnson,United Artists,15,10,
1960,7,11,5,"GO, JIMMY, GO",Jimmy Clanton,Ace,10,5,
1960,7,12,19,THE THEME FROM “A SUMMER PLACE”,Percy Faith and His Orchestra,Columbia,5,12,
1960,7,13,16,LET IT BE ME,The Everly Brothers,Cadence,5,13,
1960,7,14,10,PRETTY BLUE EYES,Steve Lawrence,ABC-Paramount,12,9,
1960,7,15,11,THE VILLAGE OF ST. BERNADETTE,Andy Williams,Cadence,9,7,
1960,7,16,15,DOWN BY THE STATION,The Four Preps,Capitol,7,15,
1960,7,17,8,THE BIG HURT,Miss Toni Fisher,Signet,13,3,
1960,7,18,9,WAY DOWN YONDER IN NEW ORLEANS,Freddy Cannon,Swan,12,3,
1960,7,19,23,BEYOND THE SEA,Bobby Darin,Atco,4,19,
1960,7,20,20,TRACY’S THEME,Spencer Ross,Columbia,6,20,
1960,7,21,18,IT’S TIME TO CRY,Paul Anka,ABC-Paramount,12,4,
1960,7,22,22,AMONG MY SOUVENIRS,Connie Francis,MGM,12,7,
1960,7,23,21,SANDY,Larry Hall,Strand,12,15,
1960,7,24,32,"SHIMMY, SHIMMY, KO-KO-BOP",Little Anthony and the Imperials,End,10,24,
1960,7,25,26,T.L.C. TENDER LOVE AND CARE,Jimmie Rodgers,Roulette,5,25,
1960,7,26,34,ROCKIN’ LITTLE ANGEL,Ray Smith,Judd,6,26,
1960,7,27,46,FOREVER,The Little Dippers,University,3,27,
1960,7,28,29,LUCKY DEVIL,"Carl Dobkins, Jr.",Decca,10,25,
1960,7,29,72,WILD ONE,Bobby Rydell,Cameo,2,29,
1960,7,30,27,NOT ONE MINUTE MORE,Della Reese,RCA Victor,9,16,
1960,7,31,24,HOUND DOG MAN,Fabian,Chancellor,13,9,
1960,7,32,25,FIRST NAME INITIAL,Annette with the Afterbeats,Buena Vista,16,20,
1960,7,33,33,BONNIE CAME BACK,Duane Eddy,Jamie,7,26,
1960,7,34,38,BULLDOG,The Fireballs,Top Rank,5,34,
1960,7,35,30,SMOKIE (Part 2),Bill Black’s Combo,Hi,11,17,
1960,7,36,35,LITTLE THINGS MEAN A LOT,Joni James,MGM,7,35,
1960,7,37,67,BABY (You’ve Got What It Takes),Dinah Washington and Brook Benton,Mercury,3,37,
1960,7,38,36,LITTLE COCO PALM,Jerry Wallace,Challenge,6,36,
1960,7,39,45,TOO MUCH TEQUILA,The Champs,Challenge,4,39,
1960,7,40,31,IF I HAD A GIRL,Rod Lauren,RCA Victor,8,31,
1960,7,47,28,HEARTACHES BY THE NUMBER,Guy Mitchell,Columbia,19,1,
1960,7,52,37,THIS FRIENDLY WORLD,Fabian,Chancellor,12,12,
1960,7,57,39,HOW ABOUT THAT,Dee Clark,Abner,10,33,
1960,7,59,40,MACK THE KNIFE,Bobby Darin,Atco,25,1,
1960,7,41,60,HARBOR LIGHTS,The Platters,Mercury,3,41,
1960,7,42,48,SWEET NOTHIN’S,Brenda Lee,Decca,8,42,
1960,7,43,41,WALTZING MATILDA,Jimmie Rodgers,Roulette,4,41,
1960,7,44,44,AM I THAT EASY TO FORGET,Debbie Reynolds,Dot,4,44,
1960,7,45,58,MIDNIGHT SPECIAL,Paul Evans,Guaranteed,3,45,
1960,7,46,50,WHY DO I LOVE YOU SO,Johnny Tillotson,Cadence,4,46,
1960,7,48,70,CHINA DOLL,The Ames Brothers,RCA Victor,2,48,
1960,7,49,51,DARLING LORRAINE,The Knockouts,Shad,7,49,
1960,7,50,83,TIME AND THE RIVER,Nat King Cole,Capitol,2,50,
1960,8,1,1,TEEN ANGEL,Mark Dinning,MGM,9,1,2 weeks at #1
1960,8,2,2,RUNNING BEAR,Johnny Preston,Mercury,18,1,
1960,8,3,5,HANDY MAN,Jimmy Jones,Cub,8,3,
1960,8,4,8,HE’LL HAVE TO GO,Jim Reeves,RCA Victor,8,4,
1960,8,5,3,WHERE OR WHEN,Dion and the Belmonts,Laurie,8,3,
1960,8,6,12,THE THEME FROM “A SUMMER PLACE”,Percy Faith and His Orchestra,Columbia,6,6,
1960,8,7,7,WHAT IN THE WORLD’S COME OVER YOU,Jack Scott,Top Rank,6,7,
1960,8,8,6,LONELY BLUE BOY,Conway Twitty,MGM,8,6,
1960,8,9,13,LET IT BE ME,The Everly Brothers,Cadence,6,9,
1960,8,10,4,EL PASO,Marty Robbins,Columbia,15,1,
1960,8,11,19,BEYOND THE SEA,Bobby Darin,Atco,5,11,
1960,8,12,14,PRETTY BLUE EYES,Steve Lawrence,ABC-Paramount,13,9,
1960,8,13,16,DOWN BY THE STATION,The Four Preps,Capitol,8,13,
1960,8,14,10,YOU GOT WHAT IT TAKES,Marv Johnson,United Artists,16,10,
1960,8,15,11,"GO, JIMMY, GO",Jimmy Clanton,Ace,11,5,
1960,8,16,9,WHY,Frankie Avalon,Chancellor,13,1,
1960,8,17,15,THE VILLAGE OF ST. BERNADETTE,Andy Williams,Cadence,10,7,
1960,8,18,17,THE BIG HURT,Miss Toni Fisher,Signet,14,3,
1960,8,19,20,TRACY’S THEME,Spencer Ross,Columbia,7,19,
1960,8,20,37,BABY (You’ve Got What It Takes),Dinah Washington and Brook Benton,Mercury,4,20,
1960,8,21,27,FOREVER,The Little Dippers,University,4,21,
1960,8,22,18,WAY DOWN YONDER IN NEW ORLEANS,Freddy Cannon,Swan,13,3,
1960,8,23,29,WILD ONE,Bobby Rydell,Cameo,3,23,
1960,8,24,26,ROCKIN’ LITTLE ANGEL,Ray Smith,Judd,7,24,
1960,8,25,25,T.L.C. TENDER LOVE AND CARE,Jimmie Rodgers,Roulette,6,25,
1960,8,26,24,"SHIMMY, SHIMMY, KO-KO-BOP",Little Anthony and the Imperials,End,11,24,
1960,8,27,41,HARBOR LIGHTS,The Platters,Mercury,4,27,
1960,8,28,23,SANDY,Larry Hall,Strand,13,15,
1960,8,29,34,BULLDOG,The Fireballs,Top Rank,6,29,
1960,8,30,42,SWEET NOTHIN’S,Brenda Lee,Decca,9,30,
1960,8,31,28,LUCKY DEVIL,"Carl Dobkins, Jr.",Decca,11,25,
1960,8,32,22,AMONG MY SOUVENIRS,Connie Francis,MGM,13,7,
1960,8,33,45,MIDNIGHT SPECIAL,Paul Evans,Guaranteed,4,33,
1960,8,34,50,TIME AND THE RIVER,Nat King Cole,Capitol,3,34,
1960,8,35,51,LADY LUCK,Lloyd Price,ABC-Paramount,3,35,
1960,8,36,39,TOO MUCH TEQUILA,The Champs,Challenge,5,36,
1960,8,37,55,COUNTRY BOY,Fats Domino,Imperial,3,37,
1960,8,38,30,NOT ONE MINUTE MORE,Della Reese,RCA Victor,10,16,
1960,8,39,21,IT’S TIME TO CRY,Paul Anka,ABC-Paramount,13,4,
1960,8,40,32,FIRST NAME INITIAL,Annette with the Afterbeats,Buena Vista,17,20,
1960,8,45,40,IF I HAD A GIRL,Rod Lauren,RCA Victor,9,31,
1960,8,46,38,LITTLE COCO PALM,Jerry Wallace,Challenge,7,36,
1960,8,49,33,BONNIE CAME BACK,Duane Eddy,Jamie,8,26,
1960,8,51,31,HOUND DOG MAN,Fabian,Chancellor,14,9,
1960,8,53,36,LITTLE THINGS MEAN A LOT,Joni James,MGM,8,35,
1960,8,55,35,SMOKIE (Part 2),Bill Black’s Combo,Hi,12,17,
1960,8,41,54,LITTLE BITTY GIRL,Bobby Rydell,Cameo,3,41,
1960,8,42,48,CHINA DOLL,The Ames Brothers,RCA Victor,3,42,
1960,8,43,46,WHY DO I LOVE YOU SO,Johnny Tillotson,Cadence,5,43,
1960,8,44,71,DELAWARE,Perry Como,RCA Victor,2,44,
1960,8,47,44,AM I THAT EASY TO FORGET,Debbie Reynolds,Dot,5,44,
1960,8,48,58,CRAZY ARMS,Bob Beckham,Decca,7,48,
1960,8,50,74,(There Was a) TALL OAK TREE,Dorsey Burnette,Era,3,50,
1960,9,1,6,THE THEME FROM “A SUMMER PLACE”,Percy Faith and His Orchestra,Columbia,7,1,1 week at #1
1960,9,2,1,TEEN ANGEL,Mark Dinning,MGM,10,1,
1960,9,3,3,HANDY MAN,Jimmy Jones,Cub,9,3,
1960,9,4,4,HE’LL HAVE TO GO,Jim Reeves,RCA Victor,9,4,
1960,9,5,7,WHAT IN THE WORLD’S COME OVER YOU,Jack Scott,Top Rank,7,5,
1960,9,6,2,RUNNING BEAR,Johnny Preston,Mercury,19,1,
1960,9,7,9,LET IT BE ME,The Everly Brothers,Cadence,7,7,
1960,9,8,11,BEYOND THE SEA,Bobby Darin,Atco,6,8,
1960,9,9,8,LONELY BLUE BOY,Conway Twitty,MGM,9,6,
1960,9,10,5,WHERE OR WHEN,Dion and the Belmonts,Laurie,9,3,
1960,9,11,23,WILD ONE,Bobby Rydell,Cameo,4,11,
1960,9,12,20,BABY (You’ve Got What It Takes),Dinah Washington and Brook Benton,Mercury,5,12,
1960,9,13,19,TRACY’S THEME,Spencer Ross,Columbia,8,13,
1960,9,14,13,DOWN BY THE STATION,The Four Preps,Capitol,9,13,
1960,9,15,14,YOU GOT WHAT IT TAKES,Marv Johnson,United Artists,17,10,
1960,9,16,10,EL PASO,Marty Robbins,Columbia,16,1,
1960,9,17,21,FOREVER,The Little Dippers,University,5,17,
1960,9,18,12,PRETTY BLUE EYES,Steve Lawrence,ABC-Paramount,14,9,
1960,9,19,33,MIDNIGHT SPECIAL,Paul Evans,Guaranteed,5,19,
1960,9,20,35,LADY LUCK,Lloyd Price,ABC-Paramount,4,20,
1960,9,21,27,HARBOR LIGHTS,The Platters,Mercury,5,21,
1960,9,22,24,ROCKIN’ LITTLE ANGEL,Ray Smith,Judd,8,22,
1960,9,23,15,"GO, JIMMY, GO",Jimmy Clanton,Ace,12,5,
1960,9,24,25,T.L.C. TENDER LOVE AND CARE,Jimmie Rodgers,Roulette,7,24,
1960,9,25,29,BULLDOG,The Fireballs,Top Rank,7,25,
1960,9,26,30,SWEET NOTHIN’S,Brenda Lee,Decca,10,26,
1960,9,27,41,LITTLE BITTY GIRL,Bobby Rydell,Cameo,4,27,
1960,9,28,16,WHY,Frankie Avalon,Chancellor,14,1,
1960,9,29,37,COUNTRY BOY,Fats Domino,Imperial,4,29,
1960,9,30,34,TIME AND THE RIVER,Nat King Cole,Capitol,4,30,
1960,9,31,31,LUCKY DEVIL,"Carl Dobkins, Jr.",Decca,12,25,
1960,9,32,36,TOO MUCH TEQUILA,The Champs,Challenge,6,32,
1960,9,33,26,"SHIMMY, SHIMMY, KO-KO-BOP",Little Anthony and the Imperials,End,12,24,
1960,9,34,44,DELAWARE,Perry Como,RCA Victor,3,34,
1960,9,35,50,(There Was a) TALL OAK TREE,Dorsey Burnette,Era,4,35,
1960,9,36,69,BEATNIK FLY,Johnny and the Hurricanes,Warwick,2,36,
1960,9,37,18,THE BIG HURT,Miss Toni Fisher,Signet,15,3,
1960,9,38,17,THE VILLAGE OF ST. BERNADETTE,Andy Williams,Cadence,11,7,
1960,9,39,47,AM I THAT EASY TO FORGET,Debbie Reynolds,Dot,6,39,
1960,9,40,42,CHINA DOLL,The Ames Brothers,RCA Victor,4,40,
1960,9,44,22,WAY DOWN YONDER IN NEW ORLEANS,Freddy Cannon,Swan,14,3,
1960,9,54,28,SANDY,Larry Hall,Strand,14,15,
1960,9,57,39,IT’S TIME TO CRY,Paul Anka,ABC-Paramount,14,4,
1960,9,59,32,AMONG MY SOUVENIRS,Connie Francis,MGM,14,7,
1960,9,71,40,FIRST NAME INITIAL,Annette with the Afterbeats,Buena Vista,18,20,
1960,9,87,38,NOT ONE MINUTE MORE,Della Reese,RCA Victor,11,16,
1960,9,41,52,ETERNALLY,Sarah Vaughan,Mercury,3,41,
1960,9,42,43,WHY DO I LOVE YOU SO,Johnny Tillotson,Cadence,6,42,
1960,9,43,48,CRAZY ARMS,Bob Beckham,Decca,8,43,
1960,9,45,62,BAD BOY,Marty Wilde,Epic,3,45,
1960,9,46,60,DARLING LORRAINE,The Knockouts,Shad,9,46,
1960,9,47,59,ON THE BEACH,Frank Chacksfield and His Orchestra,London,5,47,
1960,9,48,74,OUTSIDE MY WINDOW,The Fleetwoods,Dolton,2,48,
1960,9,49,56,MONEY (That’s What I Want),Barrett Strong,Anna,4,49,
1960,9,50,82,BABY WHAT YOU WANT ME TO DO,Jimmy Reed,Vee-Jay,2,50,
1960,10,1,1,THE THEME FROM “A SUMMER PLACE”,Percy Faith and His Orchestra,Columbia,8,1,2 weeks at #1
1960,10,2,3,HANDY MAN,Jimmy Jones,Cub,10,2,
1960,10,3,4,HE’LL HAVE TO GO,Jim Reeves,RCA Victor,10,3,
1960,10,4,2,TEEN ANGEL,Mark Dinning,MGM,11,1,
1960,10,5,5,WHAT IN THE WORLD’S COME OVER YOU,Jack Scott,Top Rank,8,5,
1960,10,6,8,BEYOND THE SEA,Bobby Darin,Atco,7,6,
1960,10,7,6,RUNNING BEAR,Johnny Preston,Mercury,20,1,
1960,10,8,7,LET IT BE ME,The Everly Brothers,Cadence,8,7,
1960,10,9,12,BABY (You’ve Got What It Takes),Dinah Washington and Brook Benton,Mercury,6,9,
1960,10,10,11,WILD ONE,Bobby Rydell,Cameo,5,10,
1960,10,12,9,LONELY BLUE BOY,Conway Twitty,MGM,10,6,
1960,10,13,17,FOREVER,The Little Dippers,University,6,13,
1960,10,14,14,DOWN BY THE STATION,The Four Preps,Capitol,10,13,
1960,10,15,21,HARBOR LIGHTS,The Platters,Mercury,6,15,
1960,10,16,26,SWEET NOTHIN’S,Brenda Lee,Decca,11,16,
1960,10,17,13,TRACY’S THEME,Spencer Ross,Columbia,9,13,
1960,10,18,19,MIDNIGHT SPECIAL,Paul Evans,Guaranteed,6,18,
1960,10,19,20,LADY LUCK,Lloyd Price,ABC-Paramount,5,19,
1960,10,20,15,YOU GOT WHAT IT TAKES,Marv Johnson,United Artists,18,10,
1960,10,21,18,PRETTY BLUE EYES,Steve Lawrence,ABC-Paramount,15,9,
1960,10,22,22,ROCKIN’ LITTLE ANGEL,Ray Smith,Judd,9,22,
1960,10,23,34,DELAWARE,Perry Como,RCA Victor,4,23,
1960,10,24,25,BULLDOG,The Fireballs,Top Rank,8,24,
1960,10,25,29,COUNTRY BOY,Fats Domino,Imperial,5,25,
1960,10,26,24,T.L.C. TENDER LOVE AND CARE,Jimmie Rodgers,Roulette,8,24,
1960,10,27,36,BEATNIK FLY,Johnny and the Hurricanes,Warwick,3,27,
1960,10,28,27,LITTLE BITTY GIRL,Bobby Rydell,Cameo,5,27,
1960,10,29,16,EL PASO,Marty Robbins,Columbia,17,1,
1960,10,30,32,TOO MUCH TEQUILA,The Champs,Challenge,7,30,
1960,10,31,31,LUCKY DEVIL,"Carl Dobkins, Jr.",Decca,13,25,
1960,10,32,23,"GO, JIMMY, GO",Jimmy Clanton,Ace,13,5,
1960,10,33,33,"SHIMMY, SHIMMY, KO-KO-BOP",Little Anthony and the Imperials,End,13,24,
1960,10,34,35,(There Was a) TALL OAK TREE,Dorsey Burnett,Era,5,34,
1960,10,35,30,TIME AND THE RIVER,Nat King Cole,Capitol,5,30,
1960,10,36,43,CRAZY ARMS,Bob Beckham,Decca,9,36,
1960,10,37,50,BABY WHAT YOU WANT ME TO DO,Jimmy Reed,Vee-Jay,3,37,
1960,10,38,40,CHINA DOLL,The Ames Brothers,RCA Victor,5,38,
1960,10,39,39,AM I THAT EASY TO FORGET,Debbie Reynolds,Dot,7,39,
1960,10,40,48,OUTSIDE MY WINDOW,The Fleetwoods,Dolton,3,40,
1960,10,44,28,WHY,Frankie Avalon,Chancellor,15,1,
1960,10,45,37,THE BIG HURT,Miss Toni Fisher,Signet,16,3,
1960,10,59,38,THE VILLAGE OF ST. BERNADETTE,Andy Williams,Cadence,12,7,
1960,10,41,62,PUPPY LOVE,Paul Anka,ABC-Paramount,2,41,
1960,10,42,51,TOO POOPED TO POP,Chuck Berry,Chess,3,42,
1960,10,43,49,MONEY (That’s What I Want),Barrett Strong,Anna,5,43,
1960,10,46,41,ETERNALLY,Sarah Vaughan,Mercury,4,41,
1960,10,47,67,THIS MAGIC MOMENT,The Drifters,Atlantic,2,47,
1960,10,48,47,ON THE BEACH,Frank Chacksfield,London,6,47,
1960,10,49,45,BAD BOY,Marty Wilde,Epic,4,45,
1960,10,50,60,(Welcome) NEW LOVERS,Pat Boone,Dot,2,50,
1960,11,1,1,THE THEME FROM “A SUMMER PLACE”,Percy Faith and His Orchestra,Columbia,9,1,3 weeks at #1
1960,11,2,3,HE’LL HAVE TO GO,Jim Reeves,RCA Victor,11,2,
1960,11,3,2,HANDY MAN,Jimmy Jones,Cub,11,2,
1960,11,4,10,WILD ONE,Bobby Rydell,Cameo,6,4,
1960,11,5,5,WHAT IN THE WORLD’S COME OVER YOU,Jack Scott,Top Rank,9,5,
1960,11,6,4,TEEN ANGEL,Mark Dinning,MGM,12,1,
1960,11,7,6,BEYOND THE SEA,Bobby Darin,Atco,8,6,
1960,11,8,9,BABY (You’ve Got What It Takes),Dinah Washington and Brook Benton,Mercury,7,8,
1960,11,9,8,LET IT BE ME,The Everly Brothers,Cadence,9,7,
1960,11,10,7,RUNNING BEAR,Johnny Preston,Mercury,21,1,
1960,11,11,13,FOREVER,The Little Dippers,University,7,11,
1960,11,12,15,HARBOR LIGHTS,The Platters,Mercury,7,12,
1960,11,13,16,SWEET NOTHIN’S,Brenda Lee,Decca,12,13,
1960,11,14,12,LONELY BLUE BOY,Conway Twitty,MGM,11,6,
1960,11,15,11,WHERE OR WHEN,Dion and the Belmonts,Laurie,11,3,
1960,11,16,19,LADY LUCK,Lloyd Price,ABC-Paramount,6,16,
1960,11,17,41,PUPPY LOVE,Paul Anka,ABC-Paramount,3,17,
1960,11,18,14,DOWN BY THE STATION,The Four Preps,Capitol,11,13,
1960,11,19,27,BEATNIK FLY,Johnny and the Hurricanes,Warwick,4,19,
1960,11,20,17,TRACY’S THEME,Spencer Ross,Columbia,10,13,
1960,11,21,18,MIDNIGHT SPECIAL,Paul Evans,Guaranteed,7,18,
1960,11,22,23,DELAWARE,Perry Como,RCA Victor,5,22,
1960,11,23,34,(There Was a) TALL OAK TREE,Dorsey Burnett,Era,6,23,
1960,11,24,20,YOU GOT WHAT IT TAKES,Marv Johnson,United Artists,19,10,
1960,11,25,25,COUNTRY BOY,Fats Domino,Imperial,6,25,
1960,11,26,22,ROCKIN’ LITTLE ANGEL,Ray Smith,Judd,10,22,
1960,11,27,28,LITTLE BITTY GIRL,Bobby Rydell,Cameo,6,27,
1960,11,28,21,PRETTY BLUE EYES,Steve Lawrence,ABC-Paramount,16,9,
1960,11,29,61,O DIO MIO,Annette,Buena Vista,3,29,
1960,11,30,40,OUTSIDE MY WINDOW,The Fleetwoods,Dolton,4,30,
1960,11,31,29,EL PASO,Marty Robbins,Columbia,18,1,
1960,11,32,31,LUCKY DEVIL,"Carl Dobkins, Jr.",Decca,14,25,
1960,11,33,71,ALVIN’S ORCHESTRA,David Seville and the Chipmunks,Liberty,3,33,
1960,11,34,50,(Welcome) NEW LOVERS,Pat Boone,Dot,3,34,
1960,11,35,52,CHATTANOOGA SHOE SHINE BOY,Freddy Cannon,Swan,3,35,
1960,11,36,24,BULLDOG,The Fireballs,Top Rank,9,24,
1960,11,37,30,TOO MUCH TEQUILA,The Champs,Challenge,8,30,
1960,11,38,37,BABY WHAT YOU WANT ME TO DO,Jimmy Reed,Vee-Jay,4,37,
1960,11,39,39,AM I THAT EASY TO FORGET,Debbie Reynolds,Dot,8,39,
1960,11,40,33,"SHIMMY, SHIMMY, KO-KO-BOP",Little Anthony and the Imperials,End,14,24,
1960,11,42,36,CRAZY ARMS,Bob Beckham,Decca,10,36,
1960,11,43,32,"GO, JIMMY, GO",Jimmy Clanton,Ace,14,5,
1960,11,51,26,T.L.C. TENDER LOVE AND CARE,Jimmie Rodgers,Roulette,9,24,
1960,11,52,35,TIME AND THE RIVER,Nat King Cole,Capitol,6,30,
1960,11,53,38,CHINA DOLL,The Ames Brothers,RCA Victor,6,38,
1960,11,41,53,ABOUT THIS THING CALLED LOVE,Fabian,Chancellor,2,41,
1960,11,44,42,TOO POOPED TO POP,Chuck Berry,Chess,4,42,
1960,11,45,43,MONEY (That’s What I Want),Barrett Strong,Anna,6,43,
1960,11,46,62,MAMA,Connie Francis,MGM,3,46,
1960,11,47,47,THIS MAGIC MOMENT,The Drifters,Atlantic,3,47,
1960,11,48,49,BAD BOY,Marty Wilde,Epic,5,45,
1960,11,49,70,EL MATADOR,The Kingston Trio,Capitol,3,49,
1960,11,50,55,SIXTEEN REASONS,Connie Stevens,Warner Brothers,6,50,
1960,12,1,1,THE THEME FROM “A SUMMER PLACE”,Percy Faith and His Orchestra,Columbia,10,1,4 weeks at #1
1960,12,2,2,HE’LL HAVE TO GO,Jim Reeves,RCA Victor,12,2,
1960,12,3,4,WILD ONE,Bobby Rydell,Cameo,7,3,
1960,12,4,3,HANDY MAN,Jimmy Jones,Cub,12,2,
1960,12,5,5,WHAT IN THE WORLD’S COME OVER YOU,Jack Scott,Top Rank,10,5,
1960,12,6,8,BABY (You’ve Got What It Takes),Dinah Washington and Brook Benton,Mercury,8,6,
1960,12,7,6,TEEN ANGEL,Mark Dinning,MGM,13,1,
1960,12,8,7,BEYOND THE SEA,Bobby Darin,Atco,9,6,
1960,12,9,17,PUPPY LOVE,Paul Anka,ABC-Paramount,4,9,
1960,12,10,12,HARBOR LIGHTS,The Platters,Mercury,8,10,
1960,12,11,13,SWEET NOTHIN’S,Brenda Lee,Decca,13,11,
1960,12,12,11,FOREVER,The Little Dippers,University,8,11,
1960,12,13,9,LET IT BE ME,The Everly Brothers,Cadence,10,7,
1960,12,14,10,RUNNING BEAR,Johnny Preston,Mercury,22,1,
1960,12,15,16,LADY LUCK,Lloyd Price,ABC-Paramount,7,15,
1960,12,16,19,BEATNIK FLY,Johnny and the Hurricanes,Warwick,5,16,
1960,12,17,15,WHERE OR WHEN,Dion and the Belmonts,Laurie,12,3,
1960,12,18,21,MIDNIGHT SPECIAL,Paul Evans,Guaranteed,8,18,
1960,12,19,29,O DIO MIO,Annette,Buena Vista,4,19,
1960,12,20,20,TRACY’S THEME,Spencer Ross,Columbia,11,13,
1960,12,21,47,THIS MAGIC MOMENT,The Drifters,Atlantic,4,21,
1960,12,22,27,LITTLE BITTY GIRL,Bobby Rydell,Cameo,7,22,
1960,12,23,26,ROCKIN’ LITTLE ANGEL,Ray Smith,Judd,11,22,
1960,12,24,34,(Welcome) NEW LOVERS,Pat Boone,Dot,4,24,
1960,12,25,22,DELAWARE,Perry Como,RCA Victor,6,22,
1960,12,26,18,DOWN BY THE STATION,The Four Preps,Capitol,12,13,
1960,12,27,14,LONELY BLUE BOY,Conway Twitty,MGM,12,6,
1960,12,28,30,OUTSIDE MY WINDOW,The Fleetwoods,Dolton,5,28,
1960,12,29,46,MAMA,Connie Francis,MGM,4,29,
1960,12,30,69,SINK THE BISMARCK,Johnny Horton,Columbia,2,30,
1960,12,31,23,(There Was a) TALL OAK TREE,Dorsey Burnett,Era,7,23,
1960,12,32,50,SIXTEEN REASONS,Connie Stevens,Warner Brothers,7,32,
1960,12,33,33,ALVIN’S ORCHESTRA,David Seville and the Chipmunks,Liberty,4,33,
1960,12,34,35,CHATTANOOGA SHOE SHINE BOY,Freddy Cannon,Swan,4,34,
1960,12,35,41,ABOUT THIS THING CALLED LOVE,Fabian,Chancellor,3,35,
1960,12,36,39,AM I THAT EASY TO FORGET,Debbie Reynolds,Dot,9,36,
1960,12,37,25,COUNTRY BOY,Fats Domino,Imperial,7,25,
1960,12,38,31,EL PASO,Marty Robbins,Columbia,19,1,
1960,12,39,66,STRING ALONG,Fabian,Chancellor,4,39,
1960,12,40,49,EL MATADOR,The Kingston Trio,Capitol,4,40,
1960,12,41,38,BABY WHAT YOU WANT ME TO DO,Jimmy Reed,Vee-Jay,5,37,
1960,12,43,28,PRETTY BLUE EYES,Steve Lawrence,ABC-Paramount,17,9,
1960,12,46,32,LUCKY DEVIL,"Carl Dobkins, Jr.",Decca,15,25,
1960,12,48,37,TOO MUCH TEQUILA,The Champs,Challenge,9,30,
1960,12,49,36,BULLDOG,The Fireballs,Top Rank,10,24,
1960,12,55,24,YOU GOT WHAT IT TAKES,Marv Johnson,United Artists,20,10,
1960,12,70,40,"SHIMMY, SHIMMY, KO-KO-BOP",Little Anthony and the Imperials,End,15,24,
1960,12,42,70,WHITE SILVER SANDS,Bill Black’s Combo,Hi,2,42,
1960,12,44,64,GREENFIELDS,The Brothers Four,Columbia,4,44,
1960,12,45,57,FANNIE MAE,Buster Brown,Fire,7,45,
1960,12,47,56,LAWDY MISS CLAWDY,Gary Stites,Carlton,4,47,
1960,12,50,74,DON’T FENCE ME IN,Tommy Edwards,MGM,4,50,
1960,13,1,1,THE THEME FROM “A SUMMER PLACE”,Percy Faith and His Orchestra,Columbia,11,1,5 weeks at #1
1960,13,2,2,HE’LL HAVE TO GO,Jim Reeves,RCA Victor,13,2,
1960,13,3,3,WILD ONE,Bobby Rydell,Cameo,8,3,
1960,13,4,4,HANDY MAN,Jimmy Jones,Cub,13,2,
1960,13,5,6,BABY (You’ve Got What It Takes),Dinah Washington and Brook Benton,Mercury,9,5,
1960,13,6,5,WHAT IN THE WORLD’S COME OVER YOU,Jack Scott,Top Rank,11,5,
1960,13,7,9,PUPPY LOVE,Paul Anka,ABC-Paramount,5,7,
1960,13,8,11,SWEET NOTHIN’S,Brenda Lee,Decca,14,8,
1960,13,9,7,TEEN ANGEL,Mark Dinning,MGM,14,1,
1960,13,10,10,HARBOR LIGHTS,The Platters,Mercury,9,10,
1960,13,11,8,BEYOND THE SEA,Bobby Darin,Atco,10,6,
1960,13,12,12,FOREVER,The Little Dippers,University,9,11,
1960,13,13,13,LET IT BE ME,The Everly Brothers,Cadence,11,7,
1960,13,14,15,LADY LUCK,Lloyd Price,ABC-Paramount,8,14,
1960,13,15,16,BEATNIK FLY,Johnny and the Hurricanes,Warwick,6,15,
1960,13,16,18,MIDNIGHT SPECIAL,Paul Evans,Guaranteed,9,16,
1960,13,17,19,O DIO MIO,Annette,Buena Vista,5,17,
1960,13,18,24,(Welcome) NEW LOVERS,Pat Boone,Dot,5,18,
1960,13,19,21,THIS MAGIC MOMENT,The Drifters,Atlantic,5,19,
1960,13,20,22,LITTLE BITTY GIRL,Bobby Rydell,Cameo,8,20,
1960,13,21,29,MAMA,Connie Francis,MGM,5,21,
1960,13,22,44,GREENFIELDS,The Brothers Four,Columbia,5,22,
1960,13,23,14,RUNNING BEAR,Johnny Preston,Mercury,23,1,
1960,13,24,25,DELAWARE,Perry Como,RCA Victor,7,22,
1960,13,25,36,AM I THAT EASY TO FORGET,Debbie Reynolds,Dot,10,25,
1960,13,26,27,LONELY BLUE BOY,Conway Twitty,MGM,13,6,
1960,13,27,52,MONEY (That’s What I Want),Barrett Strong,Anna,8,27,
1960,13,28,30,SINK THE BISMARCK,Johnny Horton,Columbia,3,28,
1960,13,29,32,SIXTEEN REASONS,Connie Stevens,Warner Brothers,8,29,
1960,13,30,42,WHITE SILVER SANDS,Bill Black’s Combo,Hi,3,30,
1960,13,31,17,WHERE OR WHEN,Dion and the Belmonts,Laurie,13,3,
1960,13,32,40,EL MATADOR,The Kingston Trio,Capitol,5,32,
1960,13,33,23,ROCKIN’ LITTLE ANGEL,Ray Smith,Judd,12,22,
1960,13,34,35,ABOUT THIS THING CALLED LOVE,Fabian,Chancellor,4,34,
1960,13,35,26,DOWN BY THE STATION,The Four Preps,Capitol,13,13,
1960,13,36,20,TRACY’S THEME,Spencer Ross,Columbia,12,13,
1960,13,37,34,CHATTANOOGA SHOE SHINE BOY,Freddy Cannon,Swan,5,34,
1960,13,38,53,I LOVE THE WAY YOU LOVE,Marv Johnson,United Artists,3,38,
1960,13,39,39,STRING ALONG,Fabian,Chancellor,5,39,
1960,13,40,31,(There Was a) TALL OAK TREE,Dorsey Burnett,Era,8,23,
1960,13,41,28,OUTSIDE MY WINDOW,The Fleetwoods,Dolton,6,28,
1960,13,42,38,EL PASO,Marty Robbins,Columbia,20,1,
1960,13,45,37,COUNTRY BOY,Fats Domino,Imperial,8,25,
1960,13,60,33,ALVIN’S ORCHESTRA,David Seville and the Chipmunks,Liberty,5,33,
1960,13,43,68,FOOTSTEPS,Steve Lawrence,ABC-Paramount,3,43,
1960,13,44,60,STARBRIGHT,Johnny Mathis,Columbia,4,44,
1960,13,46,64,JUST ONE TIME,Don Gibson,RCA Victor,3,46,
1960,13,47,54,TEDDY,Connie Francis,MGM,4,47,
1960,13,48,49,BULLDOG,The Fireballs,Top Rank,11,24,
1960,13,49,50,DON’T FENCE ME IN,Tommy Edwards,MGM,5,49,
1960,13,50,51,ANYWAY THE WIND BLOWS,Doris Day,Columbia,5,50,
1960,14,1,1,THE THEME FROM “A SUMMER PLACE”,Percy Faith and His Orchestra,Columbia,12,1,6 weeks at #1
1960,14,2,3,WILD ONE,Bobby Rydell,Cameo,9,2,
1960,14,3,2,HE’LL HAVE TO GO,Jim Reeves,RCA Victor,14,2,
1960,14,4,7,PUPPY LOVE,Paul Anka,ABC-Paramount,6,4,
1960,14,5,8,SWEET NOTHIN’S,Brenda Lee,Decca,15,5,
1960,14,6,5,BABY (You’ve Got What It Takes),Dinah Washington and Brook Benton,Mercury,10,5,
1960,14,7,4,HANDY MAN,Jimmy Jones,Cub,14,2,
1960,14,8,10,HARBOR LIGHTS,The Platters,Mercury,10,8,
1960,14,9,12,FOREVER,The Little Dippers,University,10,9,
1960,14,10,17,O DIO MIO,Annette,Buena Vista,6,10,
1960,14,11,21,MAMA,Connie Francis,MGM,6,11,
1960,14,12,6,WHAT IN THE WORLD’S COME OVER YOU,Jack Scott,Top Rank,12,5,
1960,14,13,11,BEYOND THE SEA,Bobby Darin,Atco,11,6,
1960,14,14,28,SINK THE BISMARCK,Johnny Horton,Columbia,4,14,
1960,14,15,38,I LOVE THE WAY YOU LOVE,Marv Johnson,United Artists,4,15,
1960,14,16,19,THIS MAGIC MOMENT,The Drifters,Atlantic,6,16,
1960,14,17,15,BEATNIK FLY,Johnny and the Hurricanes,Warwick,7,15,
1960,14,18,14,LADY LUCK,Lloyd Price,ABC-Paramount,9,14,
1960,14,19,20,LITTLE BITTY GIRL,Bobby Rydell,Cameo,9,19,
1960,14,20,30,WHITE SILVER SANDS,Bill Black’s Combo,Hi,4,20,
1960,14,21,22,GREENFIELDS,The Brothers Four,Columbia,6,21,
1960,14,22,18,(Welcome) NEW LOVERS,Pat Boone,Dot,6,18,
1960,14,23,29,SIXTEEN REASONS,Connie Stevens,Warner Brothers,9,23,
1960,14,24,9,TEEN ANGEL,Mark Dinning,MGM,15,1,
1960,14,25,43,FOOTSTEPS,Steve Lawrence,ABC-Paramount,4,25,
1960,14,26,27,MONEY (That’s What I Want),Barrett Strong,Anna,9,26,
1960,14,27,13,LET IT BE ME,The Everly Brothers,Cadence,12,7,
1960,14,28,44,STARBRIGHT,Johnny Mathis,Columbia,5,28,
1960,14,29,47,TEDDY,Connie Francis,MGM,5,29,
1960,14,30,24,DELAWARE,Perry Como,RCA Victor,8,22,
1960,14,31,34,ABOUT THIS THING CALLED LOVE,Fabian,Chancellor,5,31,
1960,14,32,16,MIDNIGHT SPECIAL,Paul Evans,Guaranteed,10,16,
1960,14,33,25,AM I THAT EASY TO FORGET,Debbie Reynolds,Dot,11,25,
1960,14,34,62,LET THE LITTLE GIRL DANCE,Billy Bland,Old Town,7,34,
1960,14,35,81,THE OLD LAMPLIGHTER,The Browns Featuring Jim Edward Brown,RCA Victor,3,35,
1960,14,36,32,EL MATADOR,The Kingston Trio,Capitol,6,32,
1960,14,37,46,JUST ONE TIME,Don Gibson,RCA Victor,4,37,
1960,14,38,53,DON’T THROW AWAY ALL THOSE TEARDROPS,Frankie Avalon,Chancellor,3,38,
1960,14,39,54,FANNIE MAE,Buster Brown,Fire,9,39,
1960,14,40,40,(There Was a) TALL OAK TREE,Dorsey Burnett,Era,9,23,
1960,14,41,39,STRING ALONG,Fabian,Chancellor,6,39,
1960,14,48,33,ROCKIN’ LITTLE ANGEL,Ray Smith,Judd,13,22,
1960,14,52,37,CHATTANOOGA SHOE SHINE BOY,Freddy Cannon,Swan,6,34,
1960,14,53,23,RUNNING BEAR,Johnny Preston,Mercury,24,1,
1960,14,54,31,WHERE OR WHEN,Dion and the Belmonts,Laurie,14,3,
1960,14,56,26,LONELY BLUE BOY,Conway Twitty,MGM,14,6,
1960,14,58,36,TRACY’S THEME,Spencer Ross,Columbia,13,13,
1960,14,67,35,DOWN BY THE STATION,The Four Preps,Capitol,14,13,
1960,14,42,58,SUMMER SET,Monty Kelly and His Orchestra,Carlton,5,42,
1960,14,43,71,STEP BY STEP,The Crests,Coed,5,43,
1960,14,44,86,CLEMENTINE,Bobby Darin,Atco,2,44,
1960,14,45,49,DON’T FENCE ME IN,Tommy Edwards,MGM,6,45,
1960,14,46,80,PARADISE,Sammy Turner,Big Top,7,46,
1960,14,47,41,OUTSIDE MY WINDOW,The Fleetwoods,Dolton,7,28,
1960,14,49,55,LAWDY MISS CLAWDY,Gary Stites,Carlton,6,47,
1960,14,50,50,ANYWAY THE WIND BLOWS,Doris Day,Columbia,6,50,
1960,15,1,1,THE THEME FROM “A SUMMER PLACE”,Percy Faith and His Orchestra,Columbia,13,1,7 weeks at #1
1960,15,2,4,PUPPY LOVE,Paul Anka,ABC-Paramount,7,2,
1960,15,3,2,WILD ONE,Bobby Rydell,Cameo,10,2,
1960,15,4,3,HE’LL HAVE TO GO,Jim Reeves,RCA Victor,15,2,
1960,15,5,5,SWEET NOTHIN’S,Brenda Lee,Decca,16,5,
1960,15,6,14,SINK THE BISMARCK,Johnny Horton,Columbia,5,6,
1960,15,7,25,FOOTSTEPS,Steve Lawrence,ABC-Paramount,5,7,
1960,15,8,8,HARBOR LIGHTS,The Platters,Mercury,11,8,
1960,15,9,11,MAMA,Connie Francis,MGM,7,9,
1960,15,10,6,BABY (You’ve Got What It Takes),Dinah Washington and Brook Benton,Mercury,11,5,
1960,15,11,10,O DIO MIO,Annette,Buena Vista,7,10,
1960,15,12,21,GREENFIELDS,The Brothers Four,Columbia,7,12,
1960,15,13,7,HANDY MAN,Jimmy Jones,Cub,15,2,
1960,15,14,15,I LOVE THE WAY YOU LOVE,Marv Johnson,United Artists,5,14,
1960,15,15,20,WHITE SILVER SANDS,Bill Black’s Combo,Hi,5,15,
1960,15,16,23,SIXTEEN REASONS,Connie Stevens,Warner Brothers,10,16,
1960,15,17,29,TEDDY,Connie Francis,MGM,6,17,
1960,15,18,22,(Welcome) NEW LOVERS,Pat Boone,Dot,7,18,
1960,15,19,17,BEATNIK FLY,Johnny and the Hurricanes,Warwick,8,15,
1960,15,20,18,LADY LUCK,Lloyd Price,ABC-Paramount,10,14,
1960,15,21,16,THIS MAGIC MOMENT,The Drifters,Atlantic,7,16,
1960,15,22,12,WHAT IN THE WORLD’S COME OVER YOU,Jack Scott,Top Rank,13,5,
1960,15,23,9,FOREVER,The Little Dippers,University,11,9,
1960,15,24,35,THE OLD LAMPLIGHTER,The Browns Featuring Jim Edward Brown,RCA Victor,4,24,
1960,15,25,28,STARBRIGHT,Johnny Mathis,Columbia,6,25,
1960,15,26,13,BEYOND THE SEA,Bobby Darin,Atco,12,6,
1960,15,27,38,DON’T THROW AWAY ALL THOSE TEARDROPS,Frankie Avalon,Chancellor,4,27,
1960,15,28,34,LET THE LITTLE GIRL DANCE,Billy Bland,Old Town,8,28,
1960,15,29,19,LITTLE BITTY GIRL,Bobby Rydell,Cameo,10,19,
1960,15,30,42,SUMMER SET,Monty Kelly and His Orchestra,Carlton,6,30,
1960,15,31,26,MONEY (That’s What I Want),Barrett Strong,Anna,10,26,
1960,15,32,33,AM I THAT EASY TO FORGET,Debbie Reynolds,Dot,12,25,
1960,15,33,43,STEP BY STEP,The Crests,Coed,6,33,
1960,15,34,44,CLEMENTINE,Bobby Darin,Atco,3,34,
1960,15,35,24,TEEN ANGEL,Mark Dinning,MGM,16,1,
1960,15,36,37,JUST ONE TIME,Don Gibson,RCA Victor,5,36,
1960,15,37,40,(There Was A) TALL OAK TREE,Dorsey Burnette,Era,10,23,
1960,15,38,76,CRADLE OF LOVE,Johnny Preston,Mercury,2,38,
1960,15,39,36,EL MATADOR,The Kingston Trio,Capitol,7,32,
1960,15,40,27,LET IT BE ME,The Everly Brothers,Cadence,13,7,
1960,15,41,32,MIDNIGHT SPECIAL,Paul Evans,Guaranteed,11,16,
1960,15,44,31,ABOUT THIS THING CALLED LOVE,Fabian,Chancellor,6,31,
1960,15,47,30,DELAWARE,Perry Como,RCA Victor,9,22,
1960,15,48,39,FANNIE MAE,Buster Brown,Fire,10,39,
1960,15,42,59,BIG IRON,Marty Robbins,Columbia,4,42,
1960,15,43,41,STRING ALONG,Fabian,Chancellor,7,39,
1960,15,45,47,OUTSIDE MY WINDOW,The Fleetwoods,Dolton,8,28,
1960,15,46,46,PARADISE,Sammy Turner,Big Top,8,46,
1960,15,49,57,APPLE GREEN,June Valli,Mercury,5,49,
1960,15,50,55,TEENAGE SONATA,Sam Cooke,RCA Victor,4,50,
1960,16,1,1,THE THEME FROM “A SUMMER PLACE”,Percy Faith and His Orchestra,Columbia,14,1,8 weeks at #1
1960,16,2,2,PUPPY LOVE,Paul Anka,ABC-Paramount,8,2,
1960,16,3,4,HE’LL HAVE TO GO,Jim Reeves,RCA Victor,16,2,
1960,16,4,3,WILD ONE,Bobby Rydell,Cameo,11,2,
1960,16,5,12,GREENFIELDS,The Brothers Four,Columbia,8,5,
1960,16,6,5,SWEET NOTHIN’S,Brenda Lee,Decca,17,5,
1960,16,7,6,SINK THE BISMARCK,Johnny Horton,Columbia,6,6,
1960,16,8,9,MAMA,Connie Francis,MGM,8,8,
1960,16,9,14,I LOVE THE WAY YOU LOVE,Marv Johnson,United Artists,6,9,
1960,16,10,7,FOOTSTEPS,Steve Lawrence,ABC-Paramount,6,7,
1960,16,11,16,SIXTEEN REASONS,Connie Stevens,Warner Brothers,11,11,
1960,16,12,15,WHITE SILVER SANDS,Bill Black’s Combo,Hi,6,12,
1960,16,13,10,BABY (You’ve Got What It Takes),Dinah Washington and Brook Benton,Mercury,12,5,
1960,16,14,11,O DIO MIO,Annette,Buena Vista,8,10,
1960,16,15,8,HARBOR LIGHTS,The Platters,Mercury,12,8,
1960,16,16,24,THE OLD LAMPLIGHTER,The Browns Featuring Jim Edward Brown,RCA Victor,5,16,
1960,16,17,84,STUCK ON YOU,Elvis Presley,RCA Victor,2,17,
1960,16,18,33,STEP BY STEP,The Crests,Coed,7,18,
1960,16,19,38,CRADLE OF LOVE,Johnny Preston,Mercury,3,19,
1960,16,20,13,HANDY MAN,Jimmy Jones,Cub,16,2,
1960,16,21,19,BEATNIK FLY,Johnny and the Hurricanes,Warwick,9,15,
1960,16,22,18,(Welcome) NEW LOVERS,Pat Boone,Dot,8,18,
1960,16,23,27,DON’T THROW AWAY ALL THOSE TEARDROPS,Frankie Avalon,Chancellor,5,23,
1960,16,24,31,MONEY (That’s What I Want),Barrett Strong,Anna,11,24,
1960,16,25,25,STARBRIGHT,Johnny Mathis,Columbia,7,25,
1960,16,26,28,LET THE LITTLE GIRL DANCE,Billy Bland,Old Town,9,26,
1960,16,27,17,TEDDY,Connie Francis,MGM,7,17,
1960,16,28,53,NIGHT,Jackie Wilson,Brunswick,4,28,
1960,16,29,21,THIS MAGIC MOMENT,The Drifters,Atlantic,8,16,
1960,16,30,34,CLEMENTINE,Bobby Darin,Atco,4,30,
1960,16,31,30,SUMMER SET,Monty Kelly and His Orchestra,Carlton,7,30,
1960,16,32,20,LADY LUCK,Lloyd Price,ABC-Paramount,11,14,
1960,16,33,29,LITTLE BITTY GIRL,Bobby Rydell,Cameo,11,19,
1960,16,34,22,WHAT IN THE WORLD’S COME OVER YOU,Jack Scott,Top Rank,14,5,
1960,16,35,36,JUST ONE TIME,Don Gibson,RCA Victor,6,35,
1960,16,36,23,FOREVER,The Little Dippers,University,12,9,
1960,16,37,37,(There Was a) TALL OAK TREE,Dorsey Burnett,Era,11,23,
1960,16,38,39,EL MATADOR,The Kingston Trio,Capitol,8,32,
1960,16,39,42,BIG IRON,Marty Robbins,Columbia,5,39,
1960,16,40,32,AM I THAT EASY TO FORGET,Debbie Reynolds,Dot,13,25,
1960,16,41,26,BEYOND THE SEA,Bobby Darin,Atco,13,6,
1960,16,48,40,LET IT BE ME,The Everly Brothers,Cadence,14,7,
1960,16,69,35,TEEN ANGEL,Mark Dinning,MGM,17,1,
1960,16,42,75,STAIRWAY TO HEAVEN,Neil Sedaka,RCA Victor,3,42,
1960,16,43,48,FANNIE MAE,Buster Brown,Fire,11,39,
1960,16,44,61,MOUNTAIN OF LOVE,Harold Dorman,Rita,7,44,
1960,16,45,49,APPLE GREEN,June Valli,Mercury,6,45,
1960,16,46,58,ANGELA JONES,Johnny Ferguson,MGM,8,46,
1960,16,47,46,PARADISE,Sammy Turner,Big Top,9,46,
1960,16,49,81,DOGGIN’ AROUND,Jackie Wilson,Brunswick,2,49,
1960,16,50,51,CARAVAN,Santo and Johnny,Canadian American,5,50,
1960,17,1,1,THE THEME FROM “A SUMMER PLACE”,Percy Faith and His Orchestra,Columbia,15,1,9 weeks at #1
1960,17,2,5,GREENFIELDS,The Brothers Four,Columbia,9,2,
1960,17,3,2,PUPPY LOVE,Paul Anka,ABC-Paramount,9,2,
1960,17,4,6,SWEET NOTHIN’S,Brenda Lee,Decca,18,4,
1960,17,5,7,SINK THE BISMARCK,Johnny Horton,Columbia,7,5,
1960,17,6,17,STUCK ON YOU,Elvis Presley,RCA Victor,3,6,
1960,17,7,4,WILD ONE,Bobby Rydell,Cameo,12,2,
1960,17,8,3,HE’LL HAVE TO GO,Jim Reeves,RCA Victor,17,2,
1960,17,9,11,SIXTEEN REASONS,Connie Stevens,Warner Brothers,12,9,
1960,17,10,8,MAMA,Connie Francis,MGM,9,8,
1960,17,11,10,FOOTSTEPS,Steve Lawrence,ABC-Paramount,7,7,
1960,17,12,12,WHITE SILVER SANDS,Bill Black’s Combo,Hi,7,12,
1960,17,13,9,I LOVE THE WAY YOU LOVE,Marv Johnson,United Artists,7,9,
1960,17,14,19,CRADLE OF LOVE,Johnny Preston,Mercury,4,14,
1960,17,15,18,STEP BY STEP,The Crests,Coed,8,15,
1960,17,16,16,THE OLD LAMPLIGHTER,The Browns Featuring Jim Edward Brown,RCA Victor,6,16,
1960,17,17,13,BABY (You’ve Got What It Takes),Dinah Washington and Brook Benton,Mercury,13,5,
1960,17,18,26,LET THE LITTLE GIRL DANCE,Billy Bland,Old Town,10,18,
1960,17,19,28,NIGHT,Jackie Wilson,Brunswick,5,19,
1960,17,20,15,HARBOR LIGHTS,The Platters,Mercury,13,8,
1960,17,21,30,CLEMENTINE,Bobby Darin,Atco,5,21,
1960,17,22,23,DON’T THROW AWAY ALL THOSE TEARDROPS,Frankie Avalon,Chancellor,6,22,
1960,17,23,24,MONEY (That’s What I Want),Barrett Strong,Anna,12,23,
1960,17,24,14,O DIO MIO,Annette,Buena Vista,9,10,
1960,17,25,27,TEDDY,Connie Francis,MGM,8,17,
1960,17,26,39,BIG IRON,Marty Robbins,Columbia,6,26,
1960,17,27,42,STAIRWAY TO HEAVEN,Neil Sedaka,RCA Victor,4,27,
1960,17,28,21,BEATNIK FLY,Johnny and the Hurricanes,Warwick,10,15,
1960,17,29,35,JUST ONE TIME,Don Gibson,RCA Victor,7,29,
1960,17,30,25,STARBRIGHT,Johnny Mathis,Columbia,8,25,
1960,17,31,46,ANGELA JONES,Johnny Ferguson,MGM,9,31,
1960,17,32,33,LITTLE BITTY GIRL,Bobby Rydell,Cameo,12,19,
1960,17,33,79,MR. LUCKY,Henry Mancini and His Orchestra,RCA Victor,3,33,
1960,17,34,31,SUMMER SET,Monty Kelly and His Orchestra,Carlton,8,30,
1960,17,35,22,(Welcome) NEW LOVERS,Pat Boone,Dot,9,18,
1960,17,36,45,APPLE GREEN,June Valli,Mercury,7,36,
1960,17,37,20,HANDY MAN,Jimmy Jones,Cub,17,2,
1960,17,38,29,THIS MAGIC MOMENT,The Drifters,Atlantic,9,16,
1960,17,39,44,MOUNTAIN OF LOVE,Harold Dorman,Rita,8,39,
1960,17,40,37,(There Was a) TALL OAK TREE,Dorsey Burnett,Era,12,23,
1960,17,42,36,FOREVER,The Little Dippers,University,13,9,
1960,17,43,40,AM I THAT EASY TO FORGET,Debbie Reynolds,Dot,14,25,
1960,17,50,38,EL MATADOR,The Kingston Trio,Capitol,9,32,
1960,17,53,34,WHAT IN THE WORLD’S COME OVER YOU,Jack Scott,Top Rank,15,5,
1960,17,69,32,LADY LUCK,Lloyd Price,ABC-Paramount,12,14,
1960,17,41,52,LOVE YOU SO,Ron Holden,Donna,3,41,
1960,17,44,71,FAME AND FORTUNE,Elvis Presley,RCA Victor,2,44,
1960,17,45,54,SHAZAM,Duane Eddy,Jamie,5,45,
1960,17,46,49,DOGGIN’ AROUND,Jackie Wilson,Brunswick,3,46,
1960,17,47,63,WHAT AM I LIVING FOR,Conway Twitty,MGM,4,47,
1960,17,48,50,CARAVAN,Santo and Johnny,Canadian American,6,48,
1960,17,49,43,FANNIE MAE,Buster Brown,Fire,12,39,
1960,18,1,6,STUCK ON YOU,Elvis Presley,RCA Victor,4,1,1 week at #1
1960,18,2,2,GREENFIELDS,The Brothers Four,Columbia,10,2,
1960,18,3,5,SINK THE BISMARCK,Johnny Horton,Columbia,8,3,
1960,18,4,1,THE THEME FROM “A SUMMER PLACE”,Percy Faith and His Orchestra,Columbia,16,1,
1960,18,5,8,HE’LL HAVE TO GO,Jim Reeves,RCA Victor,18,2,
1960,18,6,9,SIXTEEN REASONS,Connie Stevens,Warner Brothers,13,6,
1960,18,7,3,PUPPY LOVE,Paul Anka,ABC-Paramount,10,2,
1960,18,8,16,THE OLD LAMPLIGHTER,The Browns Featuring Jim Edward Brown,RCA Victor,7,8,
1960,18,9,12,WHITE SILVER SANDS,Bill Black’s Combo,Hi,8,9,
1960,18,10,4,SWEET NOTHIN’S,Brenda Lee,Decca,19,4,
1960,18,11,13,I LOVE THE WAY YOU LOVE,Marv Johnson,United Artists,8,9,
1960,18,12,14,CRADLE OF LOVE,Johnny Preston,Mercury,5,12,
1960,18,13,19,NIGHT,Jackie Wilson,Brunswick,6,13,
1960,18,14,11,FOOTSTEPS,Steve Lawrence,ABC-Paramount,8,7,
1960,18,15,10,MAMA,Connie Francis,MGM,10,8,
1960,18,16,7,WILD ONE,Bobby Rydell,Cameo,13,2,
1960,18,17,15,STEP BY STEP,The Crests,Coed,9,15,
1960,18,18,18,LET THE LITTLE GIRL DANCE,Billy Bland,Old Town,11,18,
1960,18,19,27,STAIRWAY TO HEAVEN,Neil Sedaka,RCA Victor,5,19,
1960,18,20,44,FAME AND FORTUNE,Elvis Presley,RCA Victor,3,20,
1960,18,21,21,CLEMENTINE,Bobby Darin,Atco,6,21,
1960,18,22,33,MR. LUCKY,Henry Mancini and His Orchestra,RCA Victor,4,22,
1960,18,23,22,DON’T THROW AWAY ALL THOSE TEARDROPS,Frankie Avalon,Chancellor,7,22,
1960,18,24,25,TEDDY,Connie Francis,MGM,9,17,
1960,18,25,23,MONEY (That’s What I Want),Barrett Strong,Anna,13,23,
1960,18,26,46,DOGGIN’ AROUND,Jackie Wilson,Brunswick,4,26,
1960,18,27,28,BEATNIK FLY,Johnny and the Hurricanes,Warwick,11,15,
1960,18,28,31,ANGELA JONES,Johnny Ferguson,MGM,10,28,
1960,18,29,36,APPLE GREEN,June Valli,Mercury,8,29,
1960,18,30,26,BIG IRON,Marty Robbins,Columbia,7,26,
1960,18,31,29,JUST ONE TIME,Don Gibson,RCA Victor,8,29,
1960,18,32,30,STARBRIGHT,Johnny Mathis,Columbia,9,25,
1960,18,33,24,O DIO MIO,Annette,Buena Vista,10,10,
1960,18,34,20,HARBOR LIGHTS,The Platters,Mercury,14,8,
1960,18,35,51,CHERRY PIE,Skip and Flip,Brent,4,35,
1960,18,36,47,WHAT AM I LIVING FOR,Conway Twitty,MGM,5,36,
1960,18,37,32,LITTLE BITTY GIRL,Bobby Rydell,Cameo,13,19,
1960,18,38,17,BABY (You’ve Got What It Takes),Dinah Washington and Brook Benton,Mercury,14,5,
1960,18,39,41,LOVE YOU SO,Ron Holden,Donna,4,39,
1960,18,40,39,MOUNTAIN OF LOVE,Harold Dorman,Rita,9,39,
1960,18,43,34,SUMMER SET,Monty Kelly and His Orchestra,Carlton,9,30,
1960,18,46,35,(Welcome) NEW LOVERS,Pat Boone,Dot,10,18,
1960,18,51,40,(There Was a) TALL OAK TREE,Dorsey Burnett,Era,13,23,
1960,18,59,37,HANDY MAN,Jimmy Jones,Cub,18,2,
1960,18,68,38,THIS MAGIC MOMENT,The Drifters,Atlantic,10,16,
1960,18,41,61,LONELY WEEKENDS,Charlie Rich,Phillips International,7,41,
1960,18,42,43,AM I THAT EASY TO FORGET,Debbie Reynolds,Dot,15,25,
1960,18,44,79,THE MADISON,Al Brown’s Tunetoppers Featuring Cookie Brown,Amy,4,44,
1960,18,45,49,FANNIE MAE,Buster Brown,Fire,13,39,
1960,18,47,52,TEEN-EX,The Browns Featuring Jim Edward Brown,RCA Victor,5,47,
1960,18,48,67,GOOD TIMIN’,Jimmy Jones,Cub,2,48,
1960,18,49,57,YOU DON’T KNOW ME,Lenny Welch,Cadence,9,49,
1960,18,50,48,CARAVAN,Santo and Johnny,Canadian American,7,48,
1960,19,1,1,STUCK ON YOU,Elvis Presley,RCA Victor,5,1,2 weeks at #1
1960,19,2,2,GREENFIELDS,The Brothers Four,Columbia,11,2,
1960,19,3,6,SIXTEEN REASONS,Connie Stevens,Warner Brothers,14,3,
1960,19,4,3,SINK THE BISMARCK,Johnny Horton,Columbia,9,3,
1960,19,5,8,THE OLD LAMPLIGHTER,The Browns Featuring Jim Edward Brown,RCA Victor,8,5,
1960,19,6,13,NIGHT,Jackie Wilson,Brunswick,7,6,
1960,19,7,12,CRADLE OF LOVE,Johnny Preston,Mercury,6,7,
1960,19,8,18,LET THE LITTLE GIRL DANCE,Billy Bland,Old Town,12,8,
1960,19,9,4,THE THEME FROM “A SUMMER PLACE”,Percy Faith and His Orchestra,Columbia,17,1,
1960,19,10,10,SWEET NOTHIN’S,Brenda Lee,Decca,20,4,
1960,19,11,19,STAIRWAY TO HEAVEN,Neil Sedaka,RCA Victor,6,11,
1960,19,12,5,HE’LL HAVE TO GO,Jim Reeves,RCA Victor,19,2,
1960,19,13,11,I LOVE THE WAY YOU LOVE,Marv Johnson,United Artists,9,9,
1960,19,14,9,WHITE SILVER SANDS,Bill Black’s Combo,Hi,9,9,
1960,19,15,74,CATHY’S CLOWN,The Everly Brothers,Warner Brothers,3,15,
1960,19,16,7,PUPPY LOVE,Paul Anka,ABC-Paramount,11,2,
1960,19,17,17,STEP BY STEP,The Crests,Coed,10,15,
1960,19,18,14,FOOTSTEPS,Steve Lawrence,ABC-Paramount,9,7,
1960,19,19,35,CHERRY PIE,Skip and Flip,Brent,5,19,
1960,19,20,20,FAME AND FORTUNE,Elvis Presley,RCA Victor,4,20,
1960,19,21,22,MR. LUCKY,Henry Mancini and His Orchestra,RCA Victor,5,21,
1960,19,22,15,MAMA,Connie Francis,MGM,11,8,
1960,19,23,16,WILD ONE,Bobby Rydell,Cameo,14,2,
1960,19,24,21,CLEMENTINE,Bobby Darin,Atco,7,21,
1960,19,25,41,LONELY WEEKENDS,Charlie Rich,Phillips International,8,25,
1960,19,26,36,WHAT AM I LIVING FOR,Conway Twitty,MGM,6,26,
1960,19,27,28,ANGELA JONES,Johnny Ferguson,MGM,11,27,
1960,19,28,25,MONEY (That’s What I Want),Barrett Strong,Anna,14,23,
1960,19,29,23,DON’T THROW AWAY ALL THOSE TEARDROPS,Frankie Avalon,Chancellor,8,22,
1960,19,30,44,THE MADISON,Al Brown’s Tunetoppers Featuring Cookie Brown,Amy,5,30,
1960,19,31,29,APPLE GREEN,June Valli,Mercury,9,29,
1960,19,32,30,BIG IRON,Marty Robbins,Columbia,8,26,
1960,19,33,39,LOVE YOU SO,Ron Holden,Donna,5,33,
1960,19,34,57,PAPER ROSES,Anita Bryant,Carlton,4,34,
1960,19,35,26,DOGGIN’ AROUND,Jackie Wilson,Brunswick,5,26,
1960,19,36,40,MOUNTAIN OF LOVE,Harold Dorman,Rita,10,36,
1960,19,38,45,FANNIE MAE,Buster Brown,Fire,14,38,
1960,19,39,31,JUST ONE TIME,Don Gibson,RCA Victor,9,29,
1960,19,40,24,TEDDY,Connie Francis,MGM,10,17,
1960,19,46,33,O DIO MIO,Annette,Buena Vista,11,10,
1960,19,49,32,STARBRIGHT,Johnny Mathis,Columbia,10,25,
1960,19,54,37,LITTLE BITTY GIRL,Bobby Rydell,Cameo,14,19,
1960,19,56,27,BEATNIK FLY,Johnny and the Hurricanes,Warwick,12,15,
1960,19,58,34,HARBOR LIGHTS,The Platters,Mercury,15,8,
1960,19,65,38,BABY (You’ve Got What It Takes),Dinah Washington and Brook Benton,Mercury,15,5,
1960,19,41,64,OOH POO PAH DOO (Part 2),Jessie Hill,Minit,6,41,
1960,19,42,48,GOOD TIMIN’,Jimmy Jones,Cub,3,42,
1960,19,43,42,AM I THAT EASY TO FORGET,Debbie Reynolds,Dot,16,25,
1960,19,44,52,JUST A CLOSER WALK WITH THEE,Jimmie Rodgers,Roulette,4,44,
1960,19,45,66,THE TIES THAT BIND,Brook Benton,Mercury,4,45,
1960,19,47,43,SUMMER SET,Monty Kelly and His Orchestra,Carlton,10,30,
1960,19,48,49,YOU DON’T KNOW ME,Lenny Welch,Cadence,10,48,
1960,19,50,54,WAKE ME WHEN IT’S OVER,Andy Williams,Cadence,7,50,
1960,20,1,1,STUCK ON YOU,Elvis Presley,RCA Victor,6,1,3 weeks at #1
1960,20,2,2,GREENFIELDS,The Brothers Four,Columbia,12,2,
1960,20,3,15,CATHY’S CLOWN,The Everly Brothers,Warner Brothers,4,3,
1960,20,4,6,NIGHT,Jackie Wilson,Brunswick,8,4,
1960,20,5,3,SIXTEEN REASONS,Connie Stevens,Warner Brothers,15,3,
1960,20,6,4,SINK THE BISMARCK,Johnny Horton,Columbia,10,3,
1960,20,7,5,THE OLD LAMPLIGHTER,The Browns Featuring Jim Edward Brown,RCA Victor,9,5,
1960,20,8,7,CRADLE OF LOVE,Johnny Preston,Mercury,7,7,
1960,20,9,11,STAIRWAY TO HEAVEN,Neil Sedaka,RCA Victor,7,9,
1960,20,10,8,LET THE LITTLE GIRL DANCE,Billy Bland,Old Town,13,8,
1960,20,11,14,WHITE SILVER SANDS,Bill Black’s Combo,Hi,10,9,
1960,20,12,13,I LOVE THE WAY YOU LOVE,Marv Johnson,United Artists,10,9,
1960,20,13,42,GOOD TIMIN’,Jimmy Jones,Cub,4,13,
1960,20,14,17,STEP BY STEP,The Crests,Coed,11,14,
1960,20,15,35,DOGGIN’ AROUND,Jackie Wilson,Brunswick,6,15,
1960,20,16,10,SWEET NOTHIN’S,Brenda Lee,Decca,21,4,
1960,20,17,20,FAME AND FORTUNE,Elvis Presley,RCA Victor,5,17,
1960,20,18,9,THE THEME FROM “A SUMMER PLACE”,Percy Faith and His Orchestra,Columbia,18,1,
1960,20,19,18,FOOTSTEPS,Steve Lawrence,ABC-Paramount,10,7,
1960,20,20,12,HE’LL HAVE TO GO,Jim Reeves,RCA Victor,20,2,
1960,20,21,37,HE’LL HAVE TO STAY,Jeanne Black,Capitol,2,21,
1960,20,22,19,CHERRY PIE,Skip and Flip,Brent,6,19,
1960,20,23,34,PAPER ROSES,Anita Bryant,Carlton,5,23,
1960,20,24,16,PUPPY LOVE,Paul Anka,ABC-Paramount,12,2,
1960,20,25,25,LONELY WEEKENDS,Charlie Rich,Phillips International,9,25,
1960,20,26,36,MOUNTAIN OF LOVE,Harold Dorman,Rita,11,26,
1960,20,27,33,LOVE YOU SO,Ron Holden,Donna,6,27,
1960,20,28,21,MR. LUCKY,Henry Mancini and His Orchestra,RCA Victor,6,21,
1960,20,29,26,WHAT AM I LIVING FOR,Conway Twitty,MGM,7,26,
1960,20,30,59,BURNING BRIDGES,Jack Scott,Top Rank,4,30,
1960,20,31,51,BARBARA,The Temptations,Goldisc,4,31,
1960,20,32,30,THE MADISON,Al Brown’s Tunetoppers Featuring Cookie Brown,Amy,6,30,
1960,20,33,57,YOUNG EMOTIONS,Ricky Nelson,Imperial,3,33,
1960,20,34,41,OOH POO PAH DOO (Part 2),Jessie Hill,Minit,7,34,
1960,20,35,22,MAMA,Connie Francis,MGM,12,8,
1960,20,36,28,MONEY (That’s What I Want),Barrett Strong,Anna,15,23,
1960,20,37,45,THE TIES THAT BIND,Brook Benton,Mercury,5,37,
1960,20,38,53,THE MADISON TIME (Part 1),The Ray Bryant Combo,Columbia,5,38,
1960,20,39,24,CLEMENTINE,Bobby Darin,Atco,8,21,
1960,20,40,38,FANNIE MAE,Buster Brown,Fire,15,38,
1960,20,41,27,ANGELA JONES,Johnny Ferguson,MGM,12,27,
1960,20,42,29,DON’T THROW AWAY ALL THOSE TEARDROPS,Frankie Avalon,Chancellor,9,22,
1960,20,43,32,BIG IRON,Marty Robbins,Columbia,9,26,
1960,20,44,31,APPLE GREEN,June Valli,Mercury,10,29,
1960,20,46,39,JUST ONE TIME,Don Gibson,RCA Victor,10,29,
1960,20,47,23,WILD ONE,Bobby Rydell,Cameo,15,2,
1960,20,57,40,TEDDY,Connie Francis,MGM,11,17,
1960,20,45,48,YOU DON’T KNOW ME,Lenny Welch,Cadence,11,45,
1960,20,48,77,GOT A GIRL,The Four Preps,Capitol,4,48,
1960,20,49,62,NOBODY LOVES ME LIKE YOU,The Flamingos,End,4,49,
1960,20,50,47,SUMMER SET,Monty Kelly and His Orchestra,Carlton,11,30,
1960,21,1,1,STUCK ON YOU,Elvis Presley,RCA Victor,7,1,4 weeks at #1
1960,21,2,3,CATHY’S CLOWN,The Everly Brothers,Warner Brothers,5,2,
1960,21,3,2,GREENFIELDS,The Brothers Four,Columbia,13,2,
1960,21,4,4,NIGHT,Jackie Wilson,Brunswick,9,4,
1960,21,5,13,GOOD TIMIN’,Jimmy Jones,Cub,5,5,
1960,21,6,5,SIXTEEN REASONS,Connie Stevens,Warner Brothers,16,3,
1960,21,7,10,LET THE LITTLE GIRL DANCE,Billy Bland,Old Town,14,7,
1960,21,8,8,CRADLE OF LOVE,Johnny Preston,Mercury,8,7,
1960,21,9,6,SINK THE BISMARCK,Johnny Horton,Columbia,11,3,
1960,21,10,21,HE’LL HAVE TO STAY,Jeanne Black,Capitol,3,10,
1960,21,11,7,THE OLD LAMPLIGHTER,The Browns Featuring Jim Edward Brown,RCA Victor,10,5,
1960,21,12,23,PAPER ROSES,Anita Bryant,Carlton,6,12,
1960,21,13,9,STAIRWAY TO HEAVEN,Neil Sedaka,RCA Victor,8,9,
1960,21,14,11,WHITE SILVER SANDS,Bill Black’s Combo,Hi,11,9,
1960,21,15,22,CHERRY PIE,Skip and Flip,Brent,7,15,
1960,21,16,27,LOVE YOU SO,Ron Holden,Donna,7,16,
1960,21,17,30,BURNING BRIDGES,Jack Scott,Top Rank,5,17,
1960,21,18,14,STEP BY STEP,The Crests,Coed,12,14,
1960,21,19,12,I LOVE THE WAY YOU LOVE,Marv Johnson,United Artists,11,9,
1960,21,20,17,FAME AND FORTUNE,Elvis Presley,RCA Victor,6,17,
1960,21,21,16,SWEET NOTHIN’S,Brenda Lee,Decca,22,4,
1960,21,22,33,YOUNG EMOTIONS,Ricky Nelson,Imperial,4,22,
1960,21,23,32,THE MADISON,Al Brown’s Tunetoppers Featuring Cookie Brown,Amy,7,23,
1960,21,24,28,MR. LUCKY,Henry Mancini and His Orchestra,RCA Victor,7,21,
1960,21,25,25,LONELY WEEKENDS,Charlie Rich,Phillips International,10,25,
1960,21,26,26,MOUNTAIN OF LOVE,Harold Dorman,Rita,12,26,
1960,21,27,19,FOOTSTEPS,Steve Lawrence,ABC-Paramount,11,7,
1960,21,28,15,DOGGIN’ AROUND,Jackie Wilson,Brunswick,7,15,
1960,21,29,31,BARBARA,The Temptations,Goldisc,5,29,
1960,21,30,38,THE MADISON TIME (Part 1),The Ray Bryant Combo,Columbia,6,30,
1960,21,31,56,WHEN YOU WISH UPON A STAR,Dion and the Belmonts,Laurie,4,31,
1960,21,32,48,GOT A GIRL,The Four Preps,Capitol,5,32,
1960,21,33,34,OOH POO PAH DOO (Part 2),Jessie Hill,Minit,8,33,
1960,21,34,20,HE’LL HAVE TO GO,Jim Reeves,RCA Victor,21,2,
1960,21,35,18,THE THEME FROM “A SUMMER PLACE”,Percy Faith and His Orchestra,Columbia,19,1,
1960,21,36,44,APPLE GREEN,June Valli,Mercury,11,29,
1960,21,37,54,DING-A-LING,Bobby Rydell,Cameo,2,37,
1960,21,38,29,WHAT AM I LIVING FOR,Conway Twitty,MGM,8,26,
1960,21,39,52,EVERYBODY’S SOMEBODY’S FOOL,Connie Francis,MGM,2,39,
1960,21,40,24,PUPPY LOVE,Paul Anka,ABC-Paramount,13,2,
1960,21,42,36,MONEY (That’s What I Want),Barrett Strong,Anna,16,23,
1960,21,44,35,MAMA,Connie Francis,MGM,13,8,
1960,21,45,39,CLEMENTINE,Bobby Darin,Atco,9,21,
1960,21,46,37,THE TIES THAT BIND,Brook Benton,Mercury,6,37,
1960,21,48,40,FANNIE MAE,Buster Brown,Fire,16,38,
1960,21,41,71,SWINGIN’ SCHOOL,Bobby Rydell,Cameo,2,41,
1960,21,43,51,FOR LOVE,Lloyd Price,ABC-Paramount,3,43,
1960,21,47,41,ANGELA JONES,Johnny Ferguson,MGM,13,27,
1960,21,49,49,NOBODY LOVES ME LIKE YOU,The Flamingos,End,5,49,
1960,21,50,63,THE WAY OF A CLOWN,Teddy Randazzo,ABC-Paramount,5,50,
1960,22,1,2,CATHY’S CLOWN,The Everly Brothers,Warner Brothers,6,1,1 week at #1
1960,22,2,1,STUCK ON YOU,Elvis Presley,RCA Victor,8,1,
1960,22,3,5,GOOD TIMIN’,Jimmy Jones,Cub,6,3,
1960,22,4,3,GREENFIELDS,The Brothers Four,Columbia,14,2,
1960,22,5,4,NIGHT,Jackie Wilson,Brunswick,10,4,
1960,22,6,6,SIXTEEN REASONS,Connie Stevens,Warner Brothers,17,3,
1960,22,7,8,CRADLE OF LOVE,Johnny Preston,Mercury,9,7,
1960,22,8,10,HE’LL HAVE TO STAY,Jeanne Black,Capitol,4,8,
1960,22,9,7,LET THE LITTLE GIRL DANCE,Billy Bland,Old Town,15,7,
1960,22,10,12,PAPER ROSES,Anita Bryant,Carlton,7,10,
1960,22,11,17,BURNING BRIDGES,Jack Scott,Top Rank,6,11,
1960,22,12,16,LOVE YOU SO,Ron Holden,Donna,8,12,
1960,22,13,15,CHERRY PIE,Skip and Flip,Brent,8,13,
1960,22,14,13,STAIRWAY TO HEAVEN,Neil Sedaka,RCA Victor,9,9,
1960,22,15,9,SINK THE BISMARCK,Johnny Horton,Columbia,12,3,
1960,22,16,22,YOUNG EMOTIONS,Ricky Nelson,Imperial,5,16,
1960,22,17,11,THE OLD LAMPLIGHTER,The Browns Featuring Jim Edward Brown,RCA Victor,11,5,
1960,22,18,41,SWINGIN’ SCHOOL,Bobby Rydell,Cameo,3,18,
1960,22,19,14,WHITE SILVER SANDS,Bill Black’s Combo,Hi,12,9,
1960,22,20,20,FAME AND FORTUNE,Elvis Presley,RCA Victor,7,17,
1960,22,21,26,MOUNTAIN OF LOVE,Harold Dorman,Rita,13,21,
1960,22,22,25,LONELY WEEKENDS,Charlie Rich,Phillips International,11,22,
1960,22,23,24,MR. LUCKY,Henry Mancini and His Orchestra,RCA Victor,8,21,
1960,22,24,32,GOT A GIRL,The Four Preps,Capitol,6,24,
1960,22,25,37,DING-A-LING,Bobby Rydell,Cameo,3,25,
1960,22,26,28,DOGGIN’ AROUND,Jackie Wilson,Brunswick,8,15,
1960,22,27,39,EVERYBODY’S SOMEBODY’S FOOL,Connie Francis,MGM,3,27,
1960,22,28,33,OOH POO PAH DOO (Part 2),Jessie Hill,Minit,9,28,
1960,22,29,56,WONDERFUL WORLD,Sam Cooke,Keen,3,29,
1960,22,30,31,WHEN YOU WISH UPON A STAR,Dion and the Belmonts,Laurie,5,30,
1960,22,31,23,THE MADISON,Al Brown’s Tunetoppers Featuring Cookie Brown,Amy,8,23,
1960,22,32,21,SWEET NOTHIN’S,Brenda Lee,Decca,23,4,
1960,22,33,27,FOOTSTEPS,Steve Lawrence,ABC-Paramount,12,7,
1960,22,34,30,THE MADISON TIME (Part 1),The Ray Bryant Combo,Columbia,7,30,
1960,22,35,38,WHAT AM I LIVING FOR,Conway Twitty,MGM,9,26,
1960,22,36,29,BARBARA,The Temptations,Goldisc,6,29,
1960,22,37,34,HE’LL HAVE TO GO,Jim Reeves,RCA Victor,22,2,
1960,22,38,49,NOBODY LOVES ME LIKE YOU,The Flamingos,End,6,38,
1960,22,39,18,STEP BY STEP,The Crests,Coed,13,14,
1960,22,40,19,I LOVE THE WAY YOU LOVE,Marv Johnson,United Artists,12,9,
1960,22,43,36,APPLE GREEN,June Valli,Mercury,12,29,
1960,22,52,35,THE THEME FROM “A SUMMER PLACE”,Percy Faith and His Orchestra,Columbia,20,1,
1960,22,63,40,PUPPY LOVE,Paul Anka,ABC-Paramount,14,2,
1960,22,41,73,HAPPY-GO-LUCKY-ME,Paul Evans,Guaranteed,4,41,
1960,22,42,54,ANOTHER SLEEPLESS NIGHT,Jimmy Clanton,Ace,5,42,
1960,22,44,65,DUTCHMAN’S GOLD,Walter Brennan with Billy Vaughn and His Orchestra,Dot,5,44,
1960,22,45,53,THINK,James Brown,Federal,4,45,
1960,22,46,43,FOR LOVE,Lloyd Price,ABC-Paramount,4,43,
1960,22,47,52,MACK THE KNIFE,Ella Fitzgerald,Verve,4,47,
1960,22,48,47,ANGELA JONES,Johnny Ferguson,MGM,14,27,
1960,22,49,68,"OH, LITTLE ONE",Jack Scott,Top Rank,4,49,
1960,22,50,50,THE WAY OF A CLOWN,Teddy Randazzo,ABC-Paramount,6,50,
1960,23,1,1,CATHY’S CLOWN,The Everly Brothers,Warner Brothers,7,1,2 weeks at #1
1960,23,2,2,STUCK ON YOU,Elvis Presley,RCA Victor,9,1,
1960,23,3,3,GOOD TIMIN’,Jimmy Jones,Cub,7,3,
1960,23,4,8,HE’LL HAVE TO STAY,Jeanne Black,Capitol,5,4,
1960,23,5,4,GREENFIELDS,The Brothers Four,Columbia,15,2,
1960,23,6,5,NIGHT,Jackie Wilson,Brunswick,11,4,
1960,23,7,10,PAPER ROSES,Anita Bryant,Carlton,8,7,
1960,23,8,6,SIXTEEN REASONS,Connie Stevens,Warner Brothers,18,3,
1960,23,9,11,BURNING BRIDGES,Jack Scott,Top Rank,7,9,
1960,23,10,7,CRADLE OF LOVE,Johnny Preston,Mercury,10,7,
1960,23,11,13,CHERRY PIE,Skip and Flip,Brent,9,11,
1960,23,12,16,YOUNG EMOTIONS,Ricky Nelson,Imperial,6,12,
1960,23,13,9,LET THE LITTLE GIRL DANCE,Billy Bland,Old Town,16,7,
1960,23,14,12,LOVE YOU SO,Ron Holden,Donna,9,12,
1960,23,15,18,SWINGIN’ SCHOOL,Bobby Rydell,Cameo,4,15,
1960,23,16,15,SINK THE BISMARCK,Johnny Horton,Columbia,13,3,
1960,23,17,14,STAIRWAY TO HEAVEN,Neil Sedaka,RCA Victor,10,9,
1960,23,18,25,DING-A-LING,Bobby Rydell,Cameo,4,18,
1960,23,19,17,THE OLD LAMPLIGHTER,The Browns Featuring Jim Edward Brown,RCA Victor,12,5,
1960,23,20,27,EVERYBODY’S SOMEBODY’S FOOL,Connie Francis,MGM,4,20,
1960,23,21,29,WONDERFUL WORLD,Sam Cooke,Keen,4,21,
1960,23,22,21,MOUNTAIN OF LOVE,Harold Dorman,Rita,14,21,
1960,23,23,20,FAME AND FORTUNE,Elvis Presley,RCA Victor,8,17,
1960,23,24,19,WHITE SILVER SANDS,Bill Black’s Combo,Hi,13,9,
1960,23,25,26,DOGGIN’ AROUND,Jackie Wilson,Brunswick,9,15,
1960,23,26,22,LONELY WEEKENDS,Charlie Rich,Phillips International,12,22,
1960,23,27,41,HAPPY-GO-LUCKY-ME,Paul Evans,Guaranteed,5,27,
1960,23,28,31,THE MADISON,Al Brown’s Tunetoppers Featuring Cookie Brown,Amy,9,23,
1960,23,29,24,GOT A GIRL,The Four Preps,Capitol,7,24,
1960,23,30,38,NOBODY LOVES ME LIKE YOU,The Flamingos,End,7,30,
1960,23,31,44,DUTCHMAN’S GOLD,Walter Brennan with Billy Vaughn and His Orchestra,Dot,6,31,
1960,23,32,53,JUMP OVER,Freddy Cannon,Swan,4,32,
1960,23,33,34,THE MADISON TIME (Part 1),The Ray Bryant Combo,Columbia,8,30,
1960,23,34,28,OOH POO PAH DOO (Part 2),Jessie Hill,Minit,10,28,
1960,23,35,45,THINK,James Brown,Federal,5,35,
1960,23,36,47,MACK THE KNIFE,Ella Fitzgerald,Verve,5,36,
1960,23,37,49,"OH, LITTLE ONE",Jack Scott,Top Rank,5,37,
1960,23,38,42,ANOTHER SLEEPLESS NIGHT,Jimmy Clanton,Ace,6,38,
1960,23,39,23,MR. LUCKY,Henry Mancini and His Orchestra,RCA Victor,9,21,
1960,23,40,54,NO IF’S – NO AND’S,Lloyd Price,ABC-Paramount,6,40,
1960,23,41,39,STEP BY STEP,The Crests,Coed,14,14,
1960,23,44,35,WHAT AM I LIVING FOR,Conway Twitty,MGM,10,26,
1960,23,45,40,I LOVE THE WAY YOU LOVE,Marv Johnson,United Artists,13,9,
1960,23,46,36,BARBARA,The Temptations,Goldisc,7,29,
1960,23,50,30,WHEN YOU WISH UPON A STAR,Dion and the Belmonts,Laurie,6,30,
1960,23,54,37,HE’LL HAVE TO GO,Jim Reeves,RCA Victor,23,2,
1960,23,55,33,FOOTSTEPS,Steve Lawrence,ABC-Paramount,13,7,
1960,23,63,32,SWEET NOTHIN’S,Brenda Lee,Decca,24,4,
1960,23,42,85,BECAUSE THEY’RE YOUNG,Duane Eddy,Jamie,2,42,
1960,23,43,75,JEALOUS OF YOU (Tango Della Gelosia),Connie Francis,MGM,2,43,
1960,23,47,50,THE WAY OF A CLOWN,Teddy Randazzo,ABC-Paramount,7,47,
1960,23,48,58,ALL I COULD DO WAS CRY,Etta James,Argo,5,48,
1960,23,49,61,A ROCKIN’ GOOD WAY (To Mess Around and Fall In Love),Dinah Washington and Brook Benton,Mercury,2,49,
1960,24,1,1,CATHY’S CLOWN,The Everly Brothers,Warner Brothers,8,1,3 weeks at #1
1960,24,2,2,STUCK ON YOU,Elvis Presley,RCA Victor,10,1,
1960,24,3,3,GOOD TIMIN’,Jimmy Jones,Cub,8,3,
1960,24,4,4,HE’LL HAVE TO STAY,Jeanne Black,Capitol,6,4,
1960,24,5,9,BURNING BRIDGES,Jack Scott,Top Rank,8,5,
1960,24,6,7,PAPER ROSES,Anita Bryant,Carlton,9,6,
1960,24,7,6,NIGHT,Jackie Wilson,Brunswick,12,4,
1960,24,8,20,EVERYBODY’S SOMEBODY’S FOOL,Connie Francis,MGM,5,8,
1960,24,9,14,LOVE YOU SO,Ron Holden,Donna,10,9,
1960,24,10,5,GREENFIELDS,The Brothers Four,Columbia,16,2,
1960,24,11,8,SIXTEEN REASONS,Connie Stevens,Warner Brothers,19,3,
1960,24,12,10,CRADLE OF LOVE,Johnny Preston,Mercury,11,7,
1960,24,13,15,SWINGIN’ SCHOOL,Bobby Rydell,Cameo,5,13,
1960,24,14,12,YOUNG EMOTIONS,Ricky Nelson,Imperial,7,12,
1960,24,15,13,LET THE LITTLE GIRL DANCE,Billy Bland,Old Town,17,7,
1960,24,16,11,CHERRY PIE,Skip and Flip,Brent,10,11,
1960,24,17,27,HAPPY-GO-LUCKY-ME,Paul Evans,Guaranteed,6,17,
1960,24,18,18,DING-A-LING,Bobby Rydell,Cameo,5,18,
1960,24,19,21,WONDERFUL WORLD,Sam Cooke,Keen,5,19,
1960,24,20,17,STAIRWAY TO HEAVEN,Neil Sedaka,RCA Victor,11,9,
1960,24,21,25,DOGGIN’ AROUND,Jackie Wilson,Brunswick,10,15,
1960,24,22,43,JEALOUS OF YOU (Tango Della Gelosia),Connie Francis,MGM,3,22,
1960,24,23,42,BECAUSE THEY’RE YOUNG,Duane Eddy,Jamie,3,23,
1960,24,24,22,MOUNTAIN OF LOVE,Harold Dorman,Rita,15,21,
1960,24,25,23,FAME AND FORTUNE,Elvis Presley,RCA Victor,9,17,
1960,24,26,19,THE OLD LAMPLIGHTER,The Browns Featuring Jim Edward Brown,RCA Victor,13,5,
1960,24,27,49,A ROCKIN’ GOOD WAY (To Mess Around and Fall In Love),Dinah Washington and Brook Benton,Mercury,3,27,
1960,24,28,16,SINK THE BISMARCK,Johnny Horton,Columbia,14,3,
1960,24,29,32,JUMP OVER,Freddy Cannon,Swan,5,29,
1960,24,30,31,DUTCHMAN’S GOLD,Walter Brennan with Billy Vaughn and His Orchestra,Dot,7,30,
1960,24,31,36,MACK THE KNIFE,Ella Fitzgerald,Verve,6,31,
1960,24,32,38,ANOTHER SLEEPLESS NIGHT,Jimmy Clanton,Ace,7,32,
1960,24,33,35,THINK,James Brown,Federal,6,33,
1960,24,34,37,"OH, LITTLE ONE",Jack Scott,Top Rank,6,34,
1960,24,35,26,LONELY WEEKENDS,Charlie Rich,Phillips International,13,22,
1960,24,36,30,NOBODY LOVES ME LIKE YOU,The Flamingos,End,8,30,
1960,24,37,57,MY HOME TOWN,Paul Anka,ABC-Paramount,3,37,
1960,24,38,76,I’M SORRY,Brenda Lee,Decca,2,38,
1960,24,39,48,ALL I COULD DO WAS CRY,Etta James,Argo,6,39,
1960,24,40,64,I REALLY DON’T WANT TO KNOW,Tommy Edwards,MGM,3,40,
1960,24,41,39,MR. LUCKY,Henry Mancini and His Orchestra,RCA Victor,10,21,
1960,24,48,34,OOH POO PAH DOO (Part 2),Jessie Hill,Minit,11,28,
1960,24,51,24,WHITE SILVER SANDS,Bill Black’s Combo,Hi,14,9,
1960,24,52,28,THE MADISON,Al Brown’s Tunetoppers Featuring Cookie Brown,Amy,10,23,
1960,24,58,33,THE MADISON TIME (Part 1),The Ray Bryant Combo,Columbia,9,30,
1960,24,61,29,GOT A GIRL,The Four Preps,Capitol,8,24,
1960,24,73,40,NO IF’S – NO AND’S,Lloyd Price,ABC-Paramount,7,40,
1960,24,42,53,"PLEASE HELP ME, I’M FALLING",Hank Locklin,RCA Victor,3,42,
1960,24,43,52,WON’T YOU COME HOME BILL BAILEY,Bobby Darin,Atco,3,43,
1960,24,44,47,THE WAY OF A CLOWN,Teddy Randazzo,ABC-Paramount,8,44,
1960,24,45,65,THEME FOR YOUNG LOVERS,Percy Faith and His Orchestra,Columbia,5,45,
1960,24,46,46,BARBARA,The Temptations,Goldisc,8,29,
1960,24,47,50,WHEN YOU WISH UPON A STAR,Dion and the Belmonts,Laurie,7,30,
1960,24,49,41,STEP BY STEP,The Crests,Coed,15,14,
1960,24,50,77,THEME FROM “THE UNFORGIVEN” (The Need For Love),Don Costa,United Artists,6,50,
1960,25,1,1,CATHY’S CLOWN,The Everly Brothers,Warner Brothers,9,1,4 weeks at #1
1960,25,2,8,EVERYBODY’S SOMEBODY’S FOOL,Connie Francis,MGM,6,2,
1960,25,3,5,BURNING BRIDGES,Jack Scott,Top Rank,9,3,
1960,25,4,3,GOOD TIMIN’,Jimmy Jones,Cub,9,3,
1960,25,5,6,PAPER ROSES,Anita Bryant,Carlton,10,5,
1960,25,6,4,HE’LL HAVE TO STAY,Jeanne Black,Capitol,7,4,
1960,25,7,9,LOVE YOU SO,Ron Holden,Donna,11,7,
1960,25,8,2,STUCK ON YOU,Elvis Presley,RCA Victor,11,1,
1960,25,9,13,SWINGIN’ SCHOOL,Bobby Rydell,Cameo,6,9,
1960,25,10,17,HAPPY-GO-LUCKY-ME,Paul Evans,Guaranteed,7,10,
1960,25,11,7,NIGHT,Jackie Wilson,Brunswick,13,4,
1960,25,12,55,ALLEY-OOP,Hollywood Argyles,Lute,3,12,
1960,25,13,23,BECAUSE THEY’RE YOUNG,Duane Eddy,Jamie,4,13,
1960,25,14,14,YOUNG EMOTIONS,Ricky Nelson,Imperial,8,12,
1960,25,15,10,GREENFIELDS,The Brothers Four,Columbia,17,2,
1960,25,16,37,MY HOME TOWN,Paul Anka,ABC-Paramount,4,16,
1960,25,17,11,SIXTEEN REASONS,Connie Stevens,Warner Brothers,20,3,
1960,25,18,16,CHERRY PIE,Skip and Flip,Brent,11,11,
1960,25,19,19,WONDERFUL WORLD,Sam Cooke,Keen,6,19,
1960,25,20,27,A ROCKIN’ GOOD WAY (To Mess Around and Fall In Love),Dinah Washington and Brook Benton,Mercury,4,20,
1960,25,21,21,DOGGIN’ AROUND,Jackie Wilson,Brunswick,11,15,
1960,25,22,18,DING-A-LING,Bobby Rydell,Cameo,6,18,
1960,25,23,38,I’M SORRY,Brenda Lee,Decca,3,23,
1960,25,24,22,JEALOUS OF YOU (Tango Della Gelosia),Connie Francis,MGM,4,22,
1960,25,25,57,MULE SKINNER BLUES,The Fendermen,Soma,4,25,
1960,25,26,15,LET THE LITTLE GIRL DANCE,Billy Bland,Old Town,18,7,
1960,25,27,12,CRADLE OF LOVE,Johnny Preston,Mercury,12,7,
1960,25,28,75,ALLEY-OOP,Dante and the Evergreens,Madison,3,28,
1960,25,29,29,JUMP OVER,Freddy Cannon,Swan,6,29,
1960,25,30,32,ANOTHER SLEEPLESS NIGHT,Jimmy Clanton,Ace,8,30,
1960,25,31,31,MACK THE KNIFE,Ella Fitzgerald,Verve,7,31,
1960,25,32,35,LONELY WEEKENDS,Charlie Rich,Phillips International,14,22,
1960,25,33,39,ALL I COULD DO WAS CRY,Etta James,Argo,7,33,
1960,25,34,40,I REALLY DON’T WANT TO KNOW,Tommy Edwards,MGM,4,34,
1960,25,35,24,MOUNTAIN OF LOVE,Harold Dorman,Rita,16,21,
1960,25,36,30,DUTCHMAN’S GOLD,Walter Brennan with Billy Vaughn and His Orchestra,Dot,8,30,
1960,25,37,41,MR. LUCKY,Henry Mancini and His Orchestra,RCA Victor,11,21,
1960,25,38,42,"PLEASE HELP ME, I’M FALLING",Hank Locklin,RCA Victor,4,38,
1960,25,39,20,STAIRWAY TO HEAVEN,Neil Sedaka,RCA Victor,12,9,
1960,25,40,26,THE OLD LAMPLIGHTER,The Browns Featuring Jim Edward Brown,RCA Victor,14,5,
1960,25,46,33,THINK,James Brown,Federal,7,33,
1960,25,48,28,SINK THE BISMARCK,Johnny Horton,Columbia,15,3,
1960,25,53,34,"OH, LITTLE ONE",Jack Scott,Top Rank,7,34,
1960,25,65,36,NOBODY LOVES ME LIKE YOU,The Flamingos,End,9,30,
1960,25,67,25,FAME AND FORTUNE,Elvis Presley,RCA Victor,10,17,
1960,25,41,43,WON’T YOU COME HOME BILL BAILEY,Bobby Darin,Atco,4,41,
1960,25,42,71,RUNAROUND,The Fleetwoods,Dolton,4,42,
1960,25,43,45,THEME FOR YOUNG LOVERS,Percy Faith and His Orchestra,Columbia,6,43,
1960,25,44,88,ONLY THE LONELY (Know How I Feel),Roy Orbison,Monument,2,44,
1960,25,45,90,TRAIN OF LOVE,Annette with the Afterbeats,Buena Vista,2,45,
1960,25,47,56,WALKING THE FLOOR OVER YOU,Pat Boone,Dot,4,47,
1960,25,49,50,THEME FROM “THE UNFORGIVEN” (The Need For Love),Don Costa,United Artists,7,49,
1960,25,50,67,PENNIES FROM HEAVEN,The Skyliners,Calico,6,50,
1960,26,1,1,CATHY’S CLOWN,The Everly Brothers,Warner Brothers,10,1,5 weeks at #1
1960,26,2,2,EVERYBODY’S SOMEBODY’S FOOL,Connie Francis,MGM,7,2,
1960,26,3,3,BURNING BRIDGES,Jack Scott,Top Rank,10,3,
1960,26,4,4,GOOD TIMIN’,Jimmy Jones,Cub,10,3,
1960,26,5,9,SWINGIN’ SCHOOL,Bobby Rydell,Cameo,7,5,
1960,26,6,12,ALLEY-OOP,Hollywood Argyles,Lute,4,6,
1960,26,7,5,PAPER ROSES,Anita Bryant,Carlton,11,5,
1960,26,8,7,LOVE YOU SO,Ron Holden,Donna,12,7,
1960,26,9,6,HE’LL HAVE TO STAY,Jeanne Black,Capitol,8,4,
1960,26,10,8,STUCK ON YOU,Elvis Presley,RCA Victor,12,1,
1960,26,11,13,BECAUSE THEY’RE YOUNG,Duane Eddy,Jamie,5,11,
1960,26,12,16,MY HOME TOWN,Paul Anka,ABC-Paramount,5,12,
1960,26,13,20,A ROCKIN’ GOOD WAY (To Mess Around and Fall In Love),Dinah Washington and Brook Benton,Mercury,5,13,
1960,26,14,23,I’M SORRY,Brenda Lee,Decca,4,14,
1960,26,15,19,WONDERFUL WORLD,Sam Cooke,Keen,7,15,
1960,26,16,10,HAPPY-GO-LUCKY-ME,Paul Evans,Guaranteed,8,10,
1960,26,17,11,NIGHT,Jackie Wilson,Brunswick,14,4,
1960,26,18,14,YOUNG EMOTIONS,Ricky Nelson,Imperial,9,12,
1960,26,19,24,JEALOUS OF YOU (Tango Della Gelosia),Connie Francis,MGM,5,19,
1960,26,20,28,ALLEY-OOP,Dante and the Evergreens,Madison,4,20,
1960,26,21,25,MULE SKINNER BLUES,The Fendermen,Soma,5,21,
1960,26,22,30,ANOTHER SLEEPLESS NIGHT,Jimmy Clanton,Ace,9,22,
1960,26,23,15,GREENFIELDS,The Brothers Four,Columbia,18,2,
1960,26,24,17,SIXTEEN REASONS,Connie Stevens,Warner Brothers,21,3,
1960,26,25,32,LONELY WEEKENDS,Charlie Rich,Phillips International,15,22,
1960,26,26,18,CHERRY PIE,Skip and Flip,Brent,12,11,
1960,26,27,22,DING-A-LING,Bobby Rydell,Cameo,7,18,
1960,26,28,29,JUMP OVER,Freddy Cannon,Swan,7,28,
1960,26,29,31,MACK THE KNIFE,Ella Fitzgerald,Verve,8,29,
1960,26,30,34,I REALLY DON’T WANT TO KNOW,Tommy Edwards,MGM,5,30,
1960,26,31,44,ONLY THE LONELY (Know How I Feel),Roy Orbison,Monument,3,31,
1960,26,32,27,CRADLE OF LOVE,Johnny Preston,Mercury,13,7,
1960,26,33,41,WON’T YOU COME HOME BILL BAILEY,Bobby Darin,Atco,5,33,
1960,26,34,38,"PLEASE HELP ME, I’M FALLING",Hank Locklin,RCA Victor,5,34,
1960,26,35,21,DOGGIN’ AROUND,Jackie Wilson,Brunswick,12,15,
1960,26,36,55,THAT’S ALL YOU GOTTA DO,Brenda Lee,Decca,3,36,
1960,26,37,45,TRAIN OF LOVE,Annette with the Afterbeats,Buena Vista,3,37,
1960,26,38,26,LET THE LITTLE GIRL DANCE,Billy Bland,Old Town,19,7,
1960,26,39,50,PENNIES FROM HEAVEN,The Skyliners,Calico,7,39,
1960,26,40,33,ALL I COULD DO WAS CRY,Etta James,Argo,8,33,
1960,26,46,36,DUTCHMAN’S GOLD,Walter Brennan with Billy Vaughn and His Orchestra,Dot,9,30,
1960,26,48,37,MR. LUCKY,Henry Mancini and His Orchestra,RCA Victor,12,21,
1960,26,51,39,STAIRWAY TO HEAVEN,Neil Sedaka,RCA Victor,13,9,
1960,26,54,40,THE OLD LAMPLIGHTER,The Browns Featuring Jim Edward Brown,RCA Victor,15,5,
1960,26,55,35,MOUNTAIN OF LOVE,Harold Dorman,Rita,17,21,
1960,26,41,42,RUNAROUND,The Fleetwoods,Dolton,5,41,
1960,26,42,43,THEME FOR YOUNG LOVERS,Percy Faith and His Orchestra,Columbia,7,42,
1960,26,43,48,SINK THE BISMARCK,Johnny Horton,Columbia,16,3,
1960,26,44,49,THEME FROM “THE UNFORGIVEN” (The Need For Love),Don Costa,United Artists,8,44,
1960,26,45,47,WALKING THE FLOOR OVER YOU,Pat Boone,Dot,5,45,
1960,26,47,52,SOMETHING HAPPENED,Paul Anka,ABC-Paramount,4,47,
1960,26,49,63,DOWN YONDER,Johnny and the Hurricanes,Big Top,4,49,
1960,26,50,54,SPRING RAIN,Pat Boone,Dot,4,50,
1960,27,1,2,EVERYBODY’S SOMEBODY’S FOOL,Connie Francis,MGM,8,1,1 week at #1
1960,27,2,1,CATHY’S CLOWN,The Everly Brothers,Warner Brothers,11,1,
1960,27,3,6,ALLEY-OOP,Hollywood Argyles,Lute,5,3,
1960,27,4,3,BURNING BRIDGES,Jack Scott,Top Rank,11,3,
1960,27,5,11,BECAUSE THEY’RE YOUNG,Duane Eddy,Jamie,6,5,
1960,27,6,14,I’M SORRY,Brenda Lee,Decca,5,6,
1960,27,7,13,A ROCKIN’ GOOD WAY (To Mess Around and Fall In Love),Dinah Washington and Brook Benton,Mercury,6,7,
1960,27,8,7,PAPER ROSES,Anita Bryant,Carlton,12,5,
1960,27,9,4,GOOD TIMIN’,Jimmy Jones,Cub,11,3,
1960,27,10,5,SWINGIN’ SCHOOL,Bobby Rydell,Cameo,8,5,
1960,27,11,12,MY HOME TOWN,Paul Anka,ABC-Paramount,6,11,
1960,27,12,15,WONDERFUL WORLD,Sam Cooke,Keen,8,12,
1960,27,13,8,LOVE YOU SO,Ron Holden,Donna,13,7,
1960,27,14,16,HAPPY-GO-LUCKY-ME,Paul Evans,Guaranteed,9,10,
1960,27,15,21,MULE SKINNER BLUES,The Fendermen,Soma,6,15,
1960,27,16,20,ALLEY-OOP,Dante and the Evergreens,Madison,5,16,
1960,27,17,36,THAT’S ALL YOU GOTTA DO,Brenda Lee,Decca,4,17,
1960,27,18,18,YOUNG EMOTIONS,Ricky Nelson,Imperial,10,12,
1960,27,19,9,HE’LL HAVE TO STAY,Jeanne Black,Capitol,9,4,
1960,27,20,19,JEALOUS OF YOU (Tango Della Gelosia),Connie Francis,MGM,6,19,
1960,27,21,33,WON’T YOU COME HOME BILL BAILEY,Bobby Darin,Atco,6,21,
1960,27,22,10,STUCK ON YOU,Elvis Presley,RCA Victor,13,1,
1960,27,23,31,ONLY THE LONELY (Know How I Feel),Roy Orbison,Monument,4,23,
1960,27,24,34,"PLEASE HELP ME, I’M FALLING",Hank Locklin,RCA Victor,6,24,
1960,27,25,30,I REALLY DON’T WANT TO KNOW,Tommy Edwards,MGM,6,25,
1960,27,26,27,DING-A-LING,Bobby Rydell,Cameo,8,18,
1960,27,27,29,MACK THE KNIFE,Ella Fitzgerald,Verve,9,27,
1960,27,28,22,ANOTHER SLEEPLESS NIGHT,Jimmy Clanton,Ace,10,22,
1960,27,29,41,RUNAROUND,The Fleetwoods,Dolton,6,29,
1960,27,30,17,NIGHT,Jackie Wilson,Brunswick,15,4,
1960,27,31,24,SIXTEEN REASONS,Connie Stevens,Warner Brothers,22,3,
1960,27,32,39,PENNIES FROM HEAVEN,The Skyliners,Calico,8,32,
1960,27,33,26,CHERRY PIE,Skip and Flip,Brent,13,11,
1960,27,34,25,LONELY WEEKENDS,Charlie Rich,Phillips International,16,22,
1960,27,35,42,THEME FOR YOUNG LOVERS,Percy Faith and His Orchestra,Columbia,8,35,
1960,27,36,63,WHEN WILL I BE LOVED,The Everly Brothers,Cadence,5,36,
1960,27,37,44,THEME FROM “THE UNFORGIVEN” (The Need For Love),Don Costa,United Artists,9,37,
1960,27,38,23,GREENFIELDS,The Brothers Four,Columbia,19,2,
1960,27,39,40,ALL I COULD DO WAS CRY,Etta James,Argo,9,33,
1960,27,40,72,TELL LAURA I LOVE HER,Ray Peterson,RCA Victor,3,40,
1960,27,43,37,TRAIN OF LOVE,Annette with the Afterbeats,Buena Vista,4,37,
1960,27,45,32,CRADLE OF LOVE,Johnny Preston,Mercury,14,7,
1960,27,52,28,JUMP OVER,Freddy Cannon,Swan,8,28,
1960,27,55,35,DOGGIN’ AROUND,Jackie Wilson,Brunswick,13,15,
1960,27,56,38,LET THE LITTLE GIRL DANCE,Billy Bland,Old Town,20,7,
1960,27,41,47,SOMETHING HAPPENED,Paul Anka,ABC-Paramount,5,41,
1960,27,42,52,ONE OF US (Will Weep Tonight),Patti Page,Mercury,4,42,
1960,27,44,45,WALKING THE FLOOR OVER YOU,Pat Boone,Dot,6,44,
1960,27,46,57,WALKING TO NEW ORLEANS,Fats Domino,Imperial,2,46,
1960,27,47,55,MOUNTAIN OF LOVE,Harold Dorman,Rita,18,21,
1960,27,48,60,I’M GETTIN’ BETTER,Jim Reeves,RCA Victor,2,48,
1960,27,49,49,DOWN YONDER,Johnny and the Hurricanes,Big Top,5,49,
1960,27,50,50,SPRING RAIN,Pat Boone,Dot,5,50,
1960,28,1,1,EVERYBODY’S SOMEBODY’S FOOL,Connie Francis,MGM,9,1,2 weeks at #1
1960,28,2,3,ALLEY-OOP,Hollywood Argyles,Lute,6,2,
1960,28,3,6,I’M SORRY,Brenda Lee,Decca,6,3,
1960,28,4,5,BECAUSE THEY’RE YOUNG,Duane Eddy,Jamie,7,4,
1960,28,5,2,CATHY’S CLOWN,The Everly Brothers,Warner Brothers,12,1,
1960,28,6,17,THAT’S ALL YOU GOTTA DO,Brenda Lee,Decca,5,6,
1960,28,7,4,BURNING BRIDGES,Jack Scott,Top Rank,12,3,
1960,28,8,11,MY HOME TOWN,Paul Anka,ABC-Paramount,7,8,
1960,28,9,15,MULE SKINNER BLUES,The Fendermen,Soma,7,9,
1960,28,10,7,A ROCKIN’ GOOD WAY (To Mess Around and Fall In Love),Dinah Washington and Brook Benton,Mercury,7,7,
1960,28,11,23,ONLY THE LONELY (Know How I Feel),Roy Orbison,Monument,5,11,
1960,28,12,12,WONDERFUL WORLD,Sam Cooke,Keen,9,12,
1960,28,13,8,PAPER ROSES,Anita Bryant,Carlton,13,5,
1960,28,14,14,HAPPY-GO-LUCKY-ME,Paul Evans,Guaranteed,10,10,
1960,28,15,16,ALLEY-OOP,Dante and the Evergreens,Madison,6,15,
1960,28,16,24,"PLEASE HELP ME, I’M FALLING",Hank Locklin,RCA Victor,7,16,
1960,28,17,9,GOOD TIMIN’,Jimmy Jones,Cub,12,3,
1960,28,18,25,I REALLY DON’T WANT TO KNOW,Tommy Edwards,MGM,7,18,
1960,28,19,21,WON’T YOU COME HOME BILL BAILEY,Bobby Darin,Atco,7,19,
1960,28,20,36,WHEN WILL I BE LOVED,The Everly Brothers,Cadence,6,20,
1960,28,21,10,SWINGIN’ SCHOOL,Bobby Rydell,Cameo,9,5,
1960,28,22,40,TELL LAURA I LOVE HER,Ray Peterson,RCA Victor,4,22,
1960,28,23,20,JEALOUS OF YOU (Tango Della Gelosia),Connie Francis,MGM,7,19,
1960,28,24,13,LOVE YOU SO,Ron Holden,Donna,14,7,
1960,28,25,29,RUNAROUND,The Fleetwoods,Dolton,7,25,
1960,28,26,18,YOUNG EMOTIONS,Ricky Nelson,Imperial,11,12,
1960,28,27,37,THEME FROM “THE UNFORGIVEN” (The Need For Love),Don Costa,United Artists,10,27,
1960,28,28,27,MACK THE KNIFE,Ella Fitzgerald,Verve,10,27,
1960,28,29,32,PENNIES FROM HEAVEN,The Skyliners,Calico,9,29,
1960,28,30,19,HE’LL HAVE TO STAY,Jeanne Black,Capitol,10,4,
1960,28,31,46,WALKING TO NEW ORLEANS,Fats Domino,Imperial,3,31,
1960,28,32,26,DING-A-LING,Bobby Rydell,Cameo,9,18,
1960,28,33,71,JOSEPHINE,Bill Black’s Combo,Hi,2,33,
1960,28,34,42,ONE OF US (Will Weep Tonight),Patti Page,Mercury,5,34,
1960,28,35,66,LOOK FOR A STAR,Garry Miles,Liberty,3,35,
1960,28,36,28,ANOTHER SLEEPLESS NIGHT,Jimmy Clanton,Ace,11,22,
1960,28,37,68,LOOK FOR A STAR,Deane Hawley,Dore,3,37,
1960,28,38,43,TRAIN OF LOVE,Annette with the Afterbeats,Buena Vista,5,37,
1960,28,39,22,STUCK ON YOU,Elvis Presley,RCA Victor,14,1,
1960,28,40,31,SIXTEEN REASONS,Connie Stevens,Warner Brothers,23,3,
1960,28,44,30,NIGHT,Jackie Wilson,Brunswick,16,4,
1960,28,45,38,GREENFIELDS,The Brothers Four,Columbia,20,2,
1960,28,47,34,LONELY WEEKENDS,Charlie Rich,Phillips International,17,22,
1960,28,51,39,ALL I COULD DO WAS CRY,Etta James,Argo,10,33,
1960,28,52,35,THEME FOR YOUNG LOVERS,Percy Faith and His Orchestra,Columbia,9,35,
1960,28,57,33,CHERRY PIE,Skip and Flip,Brent,14,11,
1960,28,41,41,SOMETHING HAPPENED,Paul Anka,ABC-Paramount,6,41,
1960,28,42,48,I’M GETTIN’ BETTER,Jim Reeves,RCA Victor,3,42,
1960,28,43,53,IMAGE OF A GIRL,The Safaris,Eldo,5,43,
1960,28,46,80,THERE’S SOMETHING ON YOUR MIND (Part 2),Bobby Marchan,Fire,4,46,
1960,28,48,49,DOWN YONDER,Johnny and the Hurricanes,Big Top,6,48,
1960,28,49,51,CLAP YOUR HANDS,The Beau-Marks,Shad,8,49,
1960,28,50,61,IS A BLUE BIRD BLUE,Conway Twitty,MGM,4,50,
1960,29,1,2,ALLEY-OOP,Hollywood Argyles,Lute,7,1,1 week at #1
1960,29,2,3,I’M SORRY,Brenda Lee,Decca,7,2,
1960,29,3,1,EVERYBODY’S SOMEBODY’S FOOL,Connie Francis,MGM,10,1,
1960,29,4,4,BECAUSE THEY’RE YOUNG,Duane Eddy,Jamie,8,4,
1960,29,5,9,MULE SKINNER BLUES,The Fendermen,Soma,8,5,
1960,29,6,11,ONLY THE LONELY (Know How I Feel),Roy Orbison,Monument,6,6,
1960,29,7,6,THAT’S ALL YOU GOTTA DO,Brenda Lee,Decca,6,6,
1960,29,8,8,MY HOME TOWN,Paul Anka,ABC-Paramount,8,8,
1960,29,9,10,A ROCKIN’ GOOD WAY (To Mess Around and Fall In Love),Dinah Washington and Brook Benton,Mercury,8,7,
1960,29,10,20,WHEN WILL I BE LOVED,The Everly Brothers,Cadence,7,10,
1960,29,11,7,BURNING BRIDGES,Jack Scott,Top Rank,13,3,
1960,29,12,22,TELL LAURA I LOVE HER,Ray Peterson,RCA Victor,5,12,
1960,29,13,5,CATHY’S CLOWN,The Everly Brothers,Warner Brothers,13,1,
1960,29,14,16,"PLEASE HELP ME, I’M FALLING",Hank Locklin,RCA Victor,8,14,
1960,29,15,15,ALLEY-OOP,Dante and the Evergreens,Madison,7,15,
1960,29,16,13,PAPER ROSES,Anita Bryant,Carlton,14,5,
1960,29,17,43,IMAGE OF A GIRL,The Safaris,Eldo,6,17,
1960,29,18,12,WONDERFUL WORLD,Sam Cooke,Keen,10,12,
1960,29,19,14,HAPPY-GO-LUCKY-ME,Paul Evans,Guaranteed,11,10,
1960,29,20,59,ITSY BITSY TEENIE WEENIE YELLOW POLKA DOT BIKINI,Brian Hyland,Leader/Kapp,2,20,
1960,29,21,31,WALKING TO NEW ORLEANS,Fats Domino,Imperial,4,21,
1960,29,22,24,LOVE YOU SO,Ron Holden,Donna,15,7,
1960,29,23,25,RUNAROUND,The Fleetwoods,Dolton,8,23,
1960,29,24,23,JEALOUS OF YOU (Tango Della Gelosia),Connie Francis,MGM,8,19,
1960,29,25,35,LOOK FOR A STAR,Garry Miles,Liberty,4,25,
1960,29,26,29,PENNIES FROM HEAVEN,The Skyliners,Calico,10,26,
1960,29,27,27,THEME FROM “THE UNFORGIVEN” (The Need For Love),Don Costa,United Artists,11,27,
1960,29,28,33,JOSEPHINE,Bill Black’s Combo,Hi,3,28,
1960,29,29,18,I REALLY DON’T WANT TO KNOW,Tommy Edwards,MGM,8,18,
1960,29,30,19,WON’T YOU COME HOME BILL BAILEY,Bobby Darin,Atco,8,19,
1960,29,31,34,ONE OF US (Will Weep Tonight),Patti Page,Mercury,6,31,
1960,29,32,37,LOOK FOR A STAR,Deane Hawley,Dore,4,32,
1960,29,33,46,THERE’S SOMETHING ON YOUR MIND (Part 2),Bobby Marchan,Fire,5,33,
1960,29,34,79,MISSION BELL,Donnie Brooks,Era,5,34,
1960,29,35,17,GOOD TIMIN’,Jimmy Jones,Cub,13,3,
1960,29,36,38,TRAIN OF LOVE,Annette with the Afterbeats,Buena Vista,6,36,
1960,29,37,42,I’M GETTIN’ BETTER,Jim Reeves,RCA Victor,4,37,
1960,29,38,21,SWINGIN’ SCHOOL,Bobby Rydell,Cameo,10,5,
1960,29,39,28,MACK THE KNIFE,Ella Fitzgerald,Verve,11,27,
1960,29,40,50,IS A BLUE BIRD BLUE,Conway Twitty,MGM,5,40,
1960,29,41,26,YOUNG EMOTIONS,Ricky Nelson,Imperial,12,12,
1960,29,43,32,DING-A-LING,Bobby Rydell,Cameo,10,18,
1960,29,44,36,ANOTHER SLEEPLESS NIGHT,Jimmy Clanton,Ace,12,22,
1960,29,49,30,HE’LL HAVE TO STAY,Jeanne Black,Capitol,11,4,
1960,29,50,39,STUCK ON YOU,Elvis Presley,RCA Victor,15,1,
1960,29,61,40,SIXTEEN REASONS,Connie Stevens,Warner Brothers,24,3,
1960,29,42,75,THIS BITTER EARTH,Dinah Washington,Mercury,4,42,
1960,29,45,49,CLAP YOUR HANDS,The Beau-Marks,Shad,9,45,
1960,29,46,56,LOOK FOR A STAR,Billy Vaughn and His Orchestra,Dot,4,46,
1960,29,47,55,DOGGIN’ AROUND,Jackie Wilson,Brunswick,15,15,
1960,29,48,51,ALL I COULD DO WAS CRY,Etta James,Argo,11,33,
1960,30,1,2,I’M SORRY,Brenda Lee,Decca,8,1,1 week at #1
1960,30,2,1,ALLEY-OOP,Hollywood Argyles,Lute,8,1,
1960,30,3,3,EVERYBODY’S SOMEBODY’S FOOL,Connie Francis,MGM,11,1,
1960,30,4,6,ONLY THE LONELY (Know How I Feel),Roy Orbison,Monument,7,4,
1960,30,5,4,BECAUSE THEY’RE YOUNG,Duane Eddy,Jamie,9,4,
1960,30,6,7,THAT’S ALL YOU GOTTA DO,Brenda Lee,Decca,7,6,
1960,30,7,5,MULE SKINNER BLUES,The Fendermen,Soma,9,5,
1960,30,8,10,WHEN WILL I BE LOVED,The Everly Brothers,Cadence,8,8,
1960,30,9,12,TELL LAURA I LOVE HER,Ray Peterson,RCA Victor,6,9,
1960,30,10,20,ITSY BITSY TEENIE WEENIE YELLOW POLKA DOT BIKINI,Brian Hyland,Leader/Kapp,3,10,
1960,30,11,9,A ROCKIN’ GOOD WAY (To Mess Around and Fall In Love),Dinah Washington and Brook Benton,Mercury,9,7,
1960,30,12,8,MY HOME TOWN,Paul Anka,ABC-Paramount,9,8,
1960,30,13,21,WALKING TO NEW ORLEANS,Fats Domino,Imperial,5,13,
1960,30,14,17,IMAGE OF A GIRL,The Safaris,Eldo,7,14,
1960,30,15,14,"PLEASE HELP ME, I’M FALLING",Hank Locklin,RCA Victor,9,14,
1960,30,16,13,CATHY’S CLOWN,The Everly Brothers,Warner Brothers,14,1,
1960,30,17,18,WONDERFUL WORLD,Sam Cooke,Keen,11,12,
1960,30,18,28,JOSEPHINE,Bill Black’s Combo,Hi,4,18,
1960,30,19,11,BURNING BRIDGES,Jack Scott,Top Rank,14,3,
1960,30,20,15,ALLEY-OOP,Dante and the Evergreens,Madison,8,15,
1960,30,21,22,LOVE YOU SO,Ron Holden,Donna,16,7,
1960,30,22,25,LOOK FOR A STAR,Garry Miles,Liberty,5,22,
1960,30,23,16,PAPER ROSES,Anita Bryant,Carlton,15,5,
1960,30,24,26,PENNIES FROM HEAVEN,The Skyliners,Calico,11,24,
1960,30,25,34,MISSION BELL,Donnie Brooks,Era,6,25,
1960,30,26,57,TROUBLE IN PARADISE,The Crests Featuring Johnny Maestro,Coed,6,26,
1960,30,27,24,JEALOUS OF YOU (Tango Della Gelosia),Connie Francis,MGM,9,19,
1960,30,28,53,FINGER POPPIN’ TIME,Hank Ballard and the Midnighters,King,10,28,
1960,30,29,19,HAPPY-GO-LUCKY-ME,Paul Evans,Guaranteed,12,10,
1960,30,30,32,LOOK FOR A STAR,Deane Hawley,Dore,5,30,
1960,30,31,33,THERE’S SOMETHING ON YOUR MIND (Part 2),Bobby Marchan,Fire,6,31,
1960,30,32,30,WON’T YOU COME HOME BILL BAILEY,Bobby Darin,Atco,9,19,
1960,30,33,23,RUNAROUND,The Fleetwoods,Dolton,9,23,
1960,30,34,27,THEME FROM “THE UNFORGIVEN” (The Need For Love),Don Costa,United Artists,12,27,
1960,30,35,40,IS A BLUE BIRD BLUE,Conway Twitty,MGM,6,35,
1960,30,36,58,QUESTION,Lloyd Price,ABC-Paramount,4,36,
1960,30,37,42,THIS BITTER EARTH,Dinah Washington,Mercury,5,37,
1960,30,38,52,DON’T COME KNOCKIN’,Fats Domino,Imperial,4,38,
1960,30,39,46,LOOK FOR A STAR,Billy Vaughn and His Orchestra,Dot,5,39,
1960,30,40,56,LOOK FOR A STAR (Part 1),Garry Mills,Imperial,5,40,
1960,30,42,37,I’M GETTIN’ BETTER,Jim Reeves,RCA Victor,5,37,
1960,30,45,29,I REALLY DON’T WANT TO KNOW,Tommy Edwards,MGM,9,18,
1960,30,46,38,SWINGIN’ SCHOOL,Bobby Rydell,Cameo,11,5,
1960,30,48,31,ONE OF US (Will Weep Tonight),Patti Page,Mercury,7,31,
1960,30,52,39,MACK THE KNIFE,Ella Fitzgerald,Verve,12,27,
1960,30,53,35,GOOD TIMIN’,Jimmy Jones,Cub,14,3,
1960,30,54,36,TRAIN OF LOVE,Annette with the Afterbeats,Buena Vista,7,36,
1960,30,41,73,FEELS SO FINE,Johnny Preston,Mercury,5,41,
1960,30,43,66,STICKS AND STONES,Ray Charles,ABC-Paramount,4,43,
1960,30,47,51,SOMETHING HAPPENED,Paul Anka,ABC-Paramount,8,41,
1960,30,49,45,CLAP YOUR HANDS,The Beau-Marks,Shad,10,45,
1960,30,50,55,HEY LITTLE ONE,Dorsey Burnette,Era,7,50,
1960,31,1,1,I’M SORRY,Brenda Lee,Decca,9,1,2 weeks at #1
1960,31,2,4,ONLY THE LONELY (Know How I Feel),Roy Orbison,Monument,8,2,
1960,31,3,2,ALLEY-OOP,Hollywood Argyles,Lute,9,1,
1960,31,4,3,EVERYBODY’S SOMEBODY’S FOOL,Connie Francis,MGM,12,1,
1960,31,5,10,ITSY BITSY TEENIE WEENIE YELLOW POLKA DOT BIKINI,Brian Hyland,Leader/Kapp,4,5,
1960,31,6,7,MULE SKINNER BLUES,The Fendermen,Soma,10,5,
1960,31,7,14,IMAGE OF A GIRL,The Safaris,Eldo,8,7,
1960,31,8,9,TELL LAURA I LOVE HER,Ray Peterson,RCA Victor,7,8,
1960,31,9,15,"PLEASE HELP ME, I’M FALLING",Hank Locklin,RCA Victor,10,9,
1960,31,10,6,THAT’S ALL YOU GOTTA DO,Brenda Lee,Decca,8,6,
1960,31,11,8,WHEN WILL I BE LOVED,The Everly Brothers,Cadence,9,8,
1960,31,12,5,BECAUSE THEY’RE YOUNG,Duane Eddy,Jamie,10,4,
1960,31,13,13,WALKING TO NEW ORLEANS,Fats Domino,Imperial,6,13,
1960,31,14,44,IT’S NOW OR NEVER,Elvis Presley,RCA Victor,2,14,
1960,31,15,11,A ROCKIN’ GOOD WAY (To Mess Around and Fall In Love),Dinah Washington and Brook Benton,Mercury,10,7,
1960,31,16,12,MY HOME TOWN,Paul Anka,ABC-Paramount,10,8,
1960,31,17,28,FINGER POPPIN’ TIME,Hank Ballard and the Midnighters,King,11,17,
1960,31,18,22,LOOK FOR A STAR,Garry Miles,Liberty,6,18,
1960,31,19,18,JOSEPHINE,Bill Black’s Combo,Hi,5,18,
1960,31,20,25,MISSION BELL,Donnie Brooks,Era,7,20,
1960,31,21,26,TROUBLE IN PARADISE,The Crests Featuring Johnny Maestro,Coed,7,21,
1960,31,22,38,DON’T COME KNOCKIN’,Fats Domino,Imperial,5,22,
1960,31,23,36,QUESTION,Lloyd Price,ABC-Paramount,5,23,
1960,31,24,39,LOOK FOR A STAR,Billy Vaughn and His Orchestra,Dot,6,24,
1960,31,25,41,FEELS SO FINE,Johnny Preston,Mercury,6,25,
1960,31,26,40,LOOK FOR A STAR (Part 1),Garry Mills,Imperial,6,26,
1960,31,27,37,THIS BITTER EARTH,Dinah Washington,Mercury,6,27,
1960,31,28,20,ALLEY-OOP,Dante and the Evergreens,Madison,9,15,
1960,31,29,30,LOOK FOR A STAR,Deane Hawley,Dore,6,29,
1960,31,30,17,WONDERFUL WORLD,Sam Cooke,Keen,12,12,
1960,31,31,16,CATHY’S CLOWN,The Everly Brothers,Warner Brothers,15,1,
1960,31,32,24,PENNIES FROM HEAVEN,The Skyliners,Calico,12,24,
1960,31,33,19,BURNING BRIDGES,Jack Scott,Top Rank,15,3,
1960,31,34,45,I REALLY DON’T WANT TO KNOW,Tommy Edwards,MGM,10,18,
1960,31,35,48,ONE OF US (Will Weep Tonight),Patti Page,Mercury,8,31,
1960,31,36,27,JEALOUS OF YOU (Tango Della Gelosia),Connie Francis,MGM,10,19,
1960,31,37,35,IS A BLUE BIRD BLUE,Conway Twitty,MGM,7,35,
1960,31,38,75,HEARTBREAK (It’s Hurtin’ Me),Little Willie John,King,8,38,
1960,31,39,88,WALK–DON’T RUN,The Ventures,Dolton,2,39,
1960,31,40,31,THERE’S SOMETHING ON YOUR MIND (Part 2),Bobby Marchan,Fire,7,31,
1960,31,42,21,LOVE YOU SO,Ron Holden,Donna,17,7,
1960,31,44,23,PAPER ROSES,Anita Bryant,Carlton,16,5,
1960,31,46,33,RUNAROUND,The Fleetwoods,Dolton,10,23,
1960,31,47,29,HAPPY-GO-LUCKY-ME,Paul Evans,Guaranteed,13,10,
1960,31,54,32,WON’T YOU COME HOME BILL BAILEY,Bobby Darin,Atco,10,19,
1960,31,90,34,THEME FROM “THE UNFORGIVEN” (The Need For Love),Don Costa,United Artists,13,27,
1960,31,41,66,IS THERE ANY CHANCE,Marty Robbins,Columbia,6,41,
1960,31,43,42,I’M GETTIN’ BETTER,Jim Reeves,RCA Victor,6,37,
1960,31,45,51,WHERE ARE YOU,Frankie Avalon,Chancellor,7,45,
1960,31,48,60,VOLARE (Nel Blu Di Pinto Di Blu),Bobby Rydell,Cameo,2,48,
1960,31,49,62,(You Were Made For) ALL MY LOVE,Jackie Wilson,Brunswick,3,49,
1960,31,50,61,IN MY LITTLE CORNER OF THE WORLD,Anita Bryant,Carlton,3,50,
1960,32,1,1,I’M SORRY,Brenda Lee,Decca,10,1,3 weeks at #1
1960,32,2,5,ITSY BITSY TEENIE WEENIE YELLOW POLKA DOT BIKINI,Brian Hyland,Leader/Kapp,5,2,
1960,32,3,14,IT’S NOW OR NEVER,Elvis Presley,RCA Victor,3,3,
1960,32,4,2,ONLY THE LONELY (Know How I Feel),Roy Orbison,Monument,9,2,
1960,32,5,3,ALLEY-OOP,Hollywood Argyles,Lute,10,1,
1960,32,6,7,IMAGE OF A GIRL,The Safaris,Eldo,9,6,
1960,32,7,8,TELL LAURA I LOVE HER,Ray Peterson,RCA Victor,8,7,
1960,32,8,9,"PLEASE HELP ME, I’M FALLING",Hank Locklin,RCA Victor,11,8,
1960,32,9,6,MULE SKINNER BLUES,The Fendermen,Soma,11,5,
1960,32,10,10,THAT’S ALL YOU GOTTA DO,Brenda Lee,Decca,9,6,
1960,32,11,4,EVERYBODY’S SOMEBODY’S FOOL,Connie Francis,MGM,13,1,
1960,32,12,11,WHEN WILL I BE LOVED,The Everly Brothers,Cadence,10,8,
1960,32,13,13,WALKING TO NEW ORLEANS,Fats Domino,Imperial,7,13,
1960,32,14,17,FINGER POPPIN’ TIME,Hank Ballard and the Midnighters,King,12,14,
1960,32,15,25,FEELS SO FINE,Johnny Preston,Mercury,7,15,
1960,32,16,18,LOOK FOR A STAR,Garry Miles,Liberty,7,16,
1960,32,17,12,BECAUSE THEY’RE YOUNG,Duane Eddy,Jamie,11,4,
1960,32,18,39,WALK–DON’T RUN,The Ventures,Dolton,3,18,
1960,32,19,24,LOOK FOR A STAR,Billy Vaughn and His Orchestra,Dot,7,19,
1960,32,20,21,TROUBLE IN PARADISE,The Crests Featuring Johnny Maestro,Coed,8,20,
1960,32,21,22,DON’T COME KNOCKIN’,Fats Domino,Imperial,6,21,
1960,32,22,23,QUESTION,Lloyd Price,ABC-Paramount,6,22,
1960,32,23,19,JOSEPHINE,Bill Black’s Combo,Hi,6,18,
1960,32,24,20,MISSION BELL,Donnie Brooks,Era,8,20,
1960,32,25,15,A ROCKIN’ GOOD WAY (To Mess Around and Fall In Love),Dinah Washington and Brook Benton,Mercury,11,7,
1960,32,26,49,(You Were Made For) ALL MY LOVE,Jackie Wilson,Brunswick,4,26,
1960,32,27,16,MY HOME TOWN,Paul Anka,ABC-Paramount,11,8,
1960,32,28,28,ALLEY-OOP,Dante and the Evergreens,Madison,10,15,
1960,32,29,26,LOOK FOR A STAR (Part 1),Garry Mills,Imperial,7,26,
1960,32,30,48,VOLARE (Nel Blu Di Pinto Di Blu),Bobby Rydell,Cameo,3,30,
1960,32,31,27,THIS BITTER EARTH,Dinah Washington,Mercury,7,27,
1960,32,32,45,WHERE ARE YOU,Frankie Avalon,Chancellor,8,32,
1960,32,33,41,IS THERE ANY CHANCE,Marty Robbins,Columbia,7,33,
1960,32,34,80,"A WOMAN, A LOVER, A FRIEND",Jackie Wilson,Brunswick,4,34,
1960,32,35,40,THERE’S SOMETHING ON YOUR MIND (Part 2),Bobby Marchan,Fire,8,31,
1960,32,36,29,LOOK FOR A STAR,Deane Hawley,Dore,7,29,
1960,32,37,37,IS A BLUE BIRD BLUE,Conway Twitty,MGM,8,35,
1960,32,38,30,WONDERFUL WORLD,Sam Cooke,Keen,13,12,
1960,32,39,35,ONE OF US (Will Weep Tonight),Patti Page,Mercury,9,31,
1960,32,40,53,A MESS OF BLUES,Elvis Presley,RCA Victor,2,40,
1960,32,42,38,HEARTBREAK (It’s Hurtin’ Me),Little Willie John,King,9,38,
1960,32,44,34,I REALLY DON’T WANT TO KNOW,Tommy Edwards,MGM,11,18,
1960,32,45,31,CATHY’S CLOWN,The Everly Brothers,Warner Brothers,16,1,
1960,32,46,33,BURNING BRIDGES,Jack Scott,Top Rank,16,3,
1960,32,51,36,JEALOUS OF YOU (Tango Della Gelosia),Connie Francis,MGM,11,19,
1960,32,64,32,PENNIES FROM HEAVEN,The Skyliners,Calico,13,24,
1960,32,41,50,IN MY LITTLE CORNER OF THE WORLD,Anita Bryant,Carlton,4,41,
1960,32,43,62,BAD MAN BLUNDER,The Kingston Trio,Capitol,7,43,
1960,32,47,46,RUNAROUND,The Fleetwoods,Dolton,11,23,
1960,32,48,56,HEY LITTLE ONE,Dorsey Burnette,Era,9,48,
1960,32,50,43,I’M GETTIN’ BETTER,Jim Reeves,RCA Victor,7,37,
1960,33,1,2,ITSY BITSY TEENIE WEENIE YELLOW POLKA DOT BIKINI,Brian Hyland,Leader/Kapp,6,1,1 week at #1
1960,33,2,1,I’M SORRY,Brenda Lee,Decca,11,1,
1960,33,3,3,IT’S NOW OR NEVER,Elvis Presley,RCA Victor,4,3,
1960,33,4,4,ONLY THE LONELY (Know How I Feel),Roy Orbison,Monument,10,2,
1960,33,5,5,ALLEY-OOP,Hollywood Argyles,Lute,11,1,
1960,33,6,6,IMAGE OF A GIRL,The Safaris,Eldo,10,6,
1960,33,7,18,WALK–DON’T RUN,The Ventures,Dolton,4,7,
1960,33,8,7,TELL LAURA I LOVE HER,Ray Peterson,RCA Victor,9,7,
1960,33,9,8,"PLEASE HELP ME, I’M FALLING",Hank Locklin,RCA Victor,12,8,
1960,33,10,13,WALKING TO NEW ORLEANS,Fats Domino,Imperial,8,10,
1960,33,11,49,THE TWIST,Chubby Checker,Parkway,2,11,
1960,33,12,11,EVERYBODY’S SOMEBODY’S FOOL,Connie Francis,MGM,14,1,
1960,33,13,9,MULE SKINNER BLUES,The Fendermen,Soma,12,5,
1960,33,14,15,FEELS SO FINE,Johnny Preston,Mercury,8,14,
1960,33,15,14,FINGER POPPIN’ TIME,Hank Ballard and the Midnighters,King,13,14,
1960,33,16,16,LOOK FOR A STAR,Garry Miles,Liberty,8,16,
1960,33,17,17,BECAUSE THEY’RE YOUNG,Duane Eddy,Jamie,12,4,
1960,33,18,24,MISSION BELL,Donnie Brooks,Era,9,18,
1960,33,19,22,QUESTION,Lloyd Price,ABC-Paramount,7,19,
1960,33,20,20,TROUBLE IN PARADISE,The Crests Featuring Johnny Maestro,Coed,9,20,
1960,33,21,12,WHEN WILL I BE LOVED,The Everly Brothers,Cadence,11,8,
1960,33,22,23,JOSEPHINE,Bill Black’s Combo,Hi,7,18,
1960,33,23,41,IN MY LITTLE CORNER OF THE WORLD,Anita Bryant,Carlton,5,23,
1960,33,24,26,(You Were Made For) ALL MY LOVE,Jackie Wilson,Brunswick,5,24,
1960,33,25,58,OVER THE RAINBOW,The Demensions,Mohawk,6,25,
1960,33,26,31,THIS BITTER EARTH,Dinah Washington,Mercury,8,26,
1960,33,27,30,VOLARE (Nel Blu Di Pinto Di Blu),Bobby Rydell,Cameo,4,27,
1960,33,28,19,LOOK FOR A STAR,Billy Vaughn and His Orchestra,Dot,8,19,
1960,33,29,34,"A WOMAN, A LOVER, A FRIEND",Jackie Wilson,Brunswick,5,29,
1960,33,30,21,DON’T COME KNOCKIN’,Fats Domino,Imperial,7,21,
1960,33,31,33,IS THERE ANY CHANCE,Marty Robbins,Columbia,8,31,
1960,33,32,32,WHERE ARE YOU,Frankie Avalon,Chancellor,9,32,
1960,33,33,10,THAT’S ALL YOU GOTTA DO,Brenda Lee,Decca,10,6,
1960,33,34,25,A ROCKIN’ GOOD WAY (To Mess Around and Fall In Love),Dinah Washington and Brook Benton,Mercury,12,7,
1960,33,35,29,LOOK FOR A STAR (Part 1),Garry Mills,Imperial,8,26,
1960,33,36,85,THEME FROM “THE APARTMENT”,Ferrante and Teicher,United Artists,3,36,
1960,33,37,43,BAD MAN BLUNDER,The Kingston Trio,Capitol,8,37,
1960,33,38,37,IS A BLUE BIRD BLUE,Conway Twitty,MGM,9,35,
1960,33,39,57,HOT ROD LINCOLN,Charlie Ryan and the Timberline Riders,4 Star,11,39,
1960,33,40,67,STICKS AND STONES,Ray Charles,ABC-Paramount,7,40,
1960,33,42,28,ALLEY-OOP,Dante and the Evergreens,Madison,11,15,
1960,33,43,36,LOOK FOR A STAR,Deane Hawley,Dore,8,29,
1960,33,44,39,ONE OF US (Will Weep Tonight),Patti Page,Mercury,10,31,
1960,33,45,35,THERE’S SOMETHING ON YOUR MIND (Part 2),Bobby Marchan,Fire,9,31,
1960,33,51,40,A MESS OF BLUES,Elvis Presley,RCA Victor,3,40,
1960,33,54,27,MY HOME TOWN,Paul Anka,ABC-Paramount,12,8,
1960,33,68,38,WONDERFUL WORLD,Sam Cooke,Keen,14,12,
1960,33,41,59,DREAMIN’,Johnny Burnette,Liberty,3,41,
1960,33,46,66,IN THE STILL OF THE NIGHT,Dion and the Belmonts,Laurie,4,46,
1960,33,47,44,I REALLY DON’T WANT TO KNOW,Tommy Edwards,MGM,12,18,
1960,33,48,55,HEARTBREAK (It’s Hurtin’ Me),Jon Thomas,ABC-Paramount,8,48,
1960,33,49,42,HEARTBREAK (It’s Hurtin’ Me),Little Willie John,King,10,38,
1960,33,50,60,MY TANI,The Brothers Four,Columbia,6,50,
1960,34,1,3,IT’S NOW OR NEVER,Elvis Presley,RCA Victor,5,1,1 week at #1
1960,34,2,1,ITSY BITSY TEENIE WEENIE YELLOW POLKA DOT BIKINI,Brian Hyland,Leader/Kapp,7,1,
1960,34,3,2,I’M SORRY,Brenda Lee,Decca,12,1,
1960,34,4,4,ONLY THE LONELY (Know How I Feel),Roy Orbison,Monument,11,2,
1960,34,5,7,WALK–DON’T RUN,The Ventures,Dolton,5,5,
1960,34,6,10,WALKING TO NEW ORLEANS,Fats Domino,Imperial,9,6,
1960,34,7,15,FINGER POPPIN’ TIME,Hank Ballard and the Midnighters,King,14,7,
1960,34,8,11,THE TWIST,Chubby Checker,Parkway,3,8,
1960,34,9,8,TELL LAURA I LOVE HER,Ray Peterson,RCA Victor,10,7,
1960,34,10,6,IMAGE OF A GIRL,The Safaris,Eldo,11,6,
1960,34,11,27,VOLARE (Nel Blu Di Pinto Di Blu),Bobby Rydell,Cameo,5,11,
1960,34,12,18,MISSION BELL,Donnie Brooks,Era,10,12,
1960,34,13,9,"PLEASE HELP ME, I’M FALLING",Hank Locklin,RCA Victor,13,8,
1960,34,14,24,(You Were Made For) ALL MY LOVE,Jackie Wilson,Brunswick,6,14,
1960,34,15,23,IN MY LITTLE CORNER OF THE WORLD,Anita Bryant,Carlton,6,15,
1960,34,16,5,ALLEY-OOP,Hollywood Argyles,Lute,12,1,
1960,34,17,13,MULE SKINNER BLUES,The Fendermen,Soma,13,5,
1960,34,18,14,FEELS SO FINE,Johnny Preston,Mercury,9,14,
1960,34,19,29,"A WOMAN, A LOVER, A FRIEND",Jackie Wilson,Brunswick,6,19,
1960,34,20,12,EVERYBODY’S SOMEBODY’S FOOL,Connie Francis,MGM,15,1,
1960,34,21,20,TROUBLE IN PARADISE,The Crests Featuring Johnny Maestro,Coed,10,20,
1960,34,22,16,LOOK FOR A STAR,Garry Miles,Liberty,9,16,
1960,34,23,36,THEME FROM “THE APARTMENT”,Ferrante and Teicher,United Artists,4,23,
1960,34,24,26,THIS BITTER EARTH,Dinah Washington,Mercury,9,24,
1960,34,25,17,BECAUSE THEY’RE YOUNG,Duane Eddy,Jamie,13,4,
1960,34,26,19,QUESTION,Lloyd Price,ABC-Paramount,8,19,
1960,34,27,25,OVER THE RAINBOW,The Demensions,Mohawk,7,25,
1960,34,28,41,DREAMIN’,Johnny Burnette,Liberty,4,28,
1960,34,29,22,JOSEPHINE,Bill Black’s Combo,Hi,8,18,
1960,34,30,21,WHEN WILL I BE LOVED,The Everly Brothers,Cadence,12,8,
1960,34,31,28,LOOK FOR A STAR,Billy Vaughn and His Orchestra,Dot,9,19,
1960,34,32,51,A MESS OF BLUES,Elvis Presley,RCA Victor,4,32,
1960,34,33,30,DON’T COME KNOCKIN’,Fats Domino,Imperial,8,21,
1960,34,34,32,WHERE ARE YOU,Frankie Avalon,Chancellor,10,32,
1960,34,35,33,THAT’S ALL YOU GOTTA DO,Brenda Lee,Decca,11,6,
1960,34,36,31,IS THERE ANY CHANCE,Marty Robbins,Columbia,9,31,
1960,34,37,44,ONE OF US (Will Weep Tonight),Patti Page,Mercury,11,31,
1960,34,38,46,IN THE STILL OF THE NIGHT,Dion and the Belmonts,Laurie,5,38,
1960,34,39,35,LOOK FOR A STAR (Part 1),Garry Mills,Imperial,9,26,
1960,34,40,37,BAD MAN BLUNDER,The Kingston Trio,Capitol,9,37,
1960,34,43,38,IS A BLUE BIRD BLUE,Conway Twitty,MGM,10,35,
1960,34,50,39,HOT ROD LINCOLN,Charlie Ryan and the Timberline Riders,4 Star,12,39,
1960,34,67,34,A ROCKIN’ GOOD WAY (To Mess Around and Fall In Love),Dinah Washington and Brook Benton,Mercury,13,7,
1960,34,70,40,STICKS AND STONES,Ray Charles,ABC-Paramount,8,40,
1960,34,41,59,KIDDIO,Brook Benton,Mercury,2,41,
1960,34,42,93,HOT ROD LINCOLN,Johnny Bond,Republic,2,42,
1960,34,44,58,RED SAILS IN THE SUNSET,The Platters Featuring Tony Williams,Mercury,3,44,
1960,34,45,42,ALLEY-OOP,Dante and The Evergreens,Madison,12,15,
1960,34,46,49,HEARTBREAK (It’s Hurtin’ Me),Little Willie John,King,11,38,
1960,34,47,55,TA TA,Clyde McPhatter,Mercury,5,47,
1960,34,48,43,LOOK FOR A STAR,Deane Hawley,Dore,9,29,
1960,34,49,48,HEARTBREAK (It’s Hurtin’ Me),Jon Thomas,ABC-Paramount,9,48,
1960,35,1,1,IT’S NOW OR NEVER,Elvis Presley,RCA Victor,6,1,2 weeks at #1
1960,35,2,2,ITSY BITSY TEENIE WEENIE YELLOW POLKA DOT BIKINI,Brian Hyland,Leader/Kapp,8,1,
1960,35,3,5,WALK–DON’T RUN,The Ventures,Dolton,6,3,
1960,35,4,8,THE TWIST,Chubby Checker,Parkway,4,4,
1960,35,5,3,I’M SORRY,Brenda Lee,Decca,13,1,
1960,35,6,4,ONLY THE LONELY (Know How I Feel),Roy Orbison,Monument,12,2,
1960,35,7,11,VOLARE (Nel Blu Di Pinto Di Blu),Bobby Rydell,Cameo,6,7,
1960,35,8,7,FINGER POPPIN’ TIME,Hank Ballard and the Midnighters,King,15,7,
1960,35,9,12,MISSION BELL,Donnie Brooks,Era,11,9,
1960,35,10,10,IMAGE OF A GIRL,The Safaris,Eldo,12,6,
1960,35,11,6,WALKING TO NEW ORLEANS,Fats Domino,Imperial,10,6,
1960,35,12,14,(You Were Made For) ALL MY LOVE,Jackie Wilson,Brunswick,7,12,
1960,35,13,13,"PLEASE HELP ME, I’M FALLING",Hank Locklin,RCA Victor,14,8,
1960,35,14,15,IN MY LITTLE CORNER OF THE WORLD,Anita Bryant,Carlton,7,14,
1960,35,15,19,"A WOMAN, A LOVER, A FRIEND",Jackie Wilson,Brunswick,7,15,
1960,35,16,9,TELL LAURA I LOVE HER,Ray Peterson,RCA Victor,11,7,
1960,35,17,28,DREAMIN’,Johnny Burnette,Liberty,5,17,
1960,35,18,17,MULE SKINNER BLUES,The Fendermen,Soma,14,5,
1960,35,19,18,FEELS SO FINE,Johnny Preston,Mercury,10,14,
1960,35,20,27,OVER THE RAINBOW,The Demensions,Mohawk,8,20,
1960,35,21,31,LOOK FOR A STAR,Billy Vaughn and His Orchestra,Dot,10,19,
1960,35,22,22,LOOK FOR A STAR,Garry Miles,Liberty,10,16,
1960,35,23,16,ALLEY-OOP,Hollywood Argyles,Lute,13,1,
1960,35,24,20,EVERYBODY’S SOMEBODY’S FOOL,Connie Francis,MGM,16,1,
1960,35,25,47,TA TA,Clyde McPhatter,Mercury,6,25,
1960,35,26,21,TROUBLE IN PARADISE,The Crests Featuring Johnny Maestro,Coed,11,20,
1960,35,27,23,THEME FROM “THE APARTMENT”,Ferrante and Teicher,United Artists,5,23,
1960,35,28,25,BECAUSE THEY’RE YOUNG,Duane Eddy,Jamie,14,4,
1960,35,29,26,QUESTION,Lloyd Price,ABC-Paramount,9,19,
1960,35,30,29,JOSEPHINE,Bill Black’s Combo,Hi,9,18,
1960,35,31,41,KIDDIO,Brook Benton,Mercury,3,31,
1960,35,32,42,HOT ROD LINCOLN,Johnny Bond,Republic,3,32,
1960,35,33,33,DON’T COME KNOCKIN’,Fats Domino,Imperial,9,21,
1960,35,34,56,MY HEART HAS A MIND OF ITS OWN,Connie Francis,MGM,2,34,
1960,35,35,51,HELLO YOUNG LOVERS,Paul Anka,ABC-Paramount,4,35,
1960,35,36,44,RED SAILS IN THE SUNSET,The Platters Featuring Tony Williams,Mercury,4,36,
1960,35,37,24,THIS BITTER EARTH,Dinah Washington,Mercury,10,24,
1960,35,38,34,WHERE ARE YOU,Frankie Avalon,Chancellor,11,32,
1960,35,39,30,WHEN WILL I BE LOVED,The Everly Brothers,Cadence,13,8,
1960,35,40,39,LOOK FOR A STAR (Part 1),Garry Mills,Imperial,10,26,
1960,35,41,38,IN THE STILL OF THE NIGHT,Dion and the Belmonts,Laurie,6,38,
1960,35,42,35,THAT’S ALL YOU GOTTA DO,Brenda Lee,Decca,12,6,
1960,35,43,36,IS THERE ANY CHANCE,Marty Robbins,Columbia,10,31,
1960,35,44,40,BAD MAN BLUNDER,The Kingston Trio,Capitol,10,37,
1960,35,45,32,A MESS OF BLUES,Elvis Presley,RCA Victor,5,32,
1960,35,55,37,ONE OF US (Will Weep Tonight),Patti Page,Mercury,12,31,
1960,35,46,43,IS A BLUE BIRD BLUE,Conway Twitty,MGM,11,35,
1960,35,47,57,YOGI,The Ivy Three,Shell,3,47,
1960,35,48,45,ALLEY-OOP,Dante and The Evergreens,Madison,13,15,
1960,35,49,62,MY LOVE,Nat King Cole-Stan Kenton,Capitol,4,49,
1960,35,50,64,IT ONLY HAPPENED YESTERDAY,Jack Scott,Top Rank,4,50,
1960,36,1,1,IT’S NOW OR NEVER,Elvis Presley,RCA Victor,7,1,3 weeks at #1
1960,36,2,3,WALK–DON’T RUN,The Ventures,Dolton,7,2,
1960,36,3,4,THE TWIST,Chubby Checker,Parkway,5,3,
1960,36,4,5,I’M SORRY,Brenda Lee,Decca,14,1,
1960,36,5,7,VOLARE (Nel Blu Di Pinto Di Blu),Bobby Rydell,Cameo,7,5,
1960,36,6,2,ITSY BITSY TEENIE WEENIE YELLOW POLKA DOT BIKINI,Brian Hyland,Leader/Kapp,9,1,
1960,36,7,8,FINGER POPPIN’ TIME,Hank Ballard and the Midnighters,King,16,7,
1960,36,8,9,MISSION BELL,Donnie Brooks,Era,12,8,
1960,36,9,6,ONLY THE LONELY (Know How I Feel),Roy Orbison,Monument,13,2,
1960,36,10,14,IN MY LITTLE CORNER OF THE WORLD,Anita Bryant,Carlton,8,10,
1960,36,11,17,DREAMIN’,Johnny Burnette,Liberty,6,11,
1960,36,12,27,THEME FROM “THE APARTMENT”,Ferrante and Teicher,United Artists,6,12,
1960,36,13,11,WALKING TO NEW ORLEANS,Fats Domino,Imperial,11,6,
1960,36,14,13,"PLEASE HELP ME, I’M FALLING",Hank Locklin,RCA Victor,15,8,
1960,36,15,47,YOGI,The Ivy Three,Shell,4,15,
1960,36,16,34,MY HEART HAS A MIND OF ITS OWN,Connie Francis,MGM,3,16,
1960,36,17,20,OVER THE RAINBOW,The Demensions,Mohawk,9,17,
1960,36,18,10,IMAGE OF A GIRL,The Safaris,Eldo,13,6,
1960,36,19,12,(You Were Made For) ALL MY LOVE,Jackie Wilson,Brunswick,8,12,
1960,36,20,19,FEELS SO FINE,Johnny Preston,Mercury,11,14,
1960,36,21,15,"A WOMAN, A LOVER, A FRIEND",Jackie Wilson,Brunswick,8,15,
1960,36,22,21,LOOK FOR A STAR,Billy Vaughn and His Orchestra,Dot,11,19,
1960,36,23,35,HELLO YOUNG LOVERS,Paul Anka,ABC-Paramount,5,23,
1960,36,24,22,LOOK FOR A STAR,Garry Miles,Liberty,11,16,
1960,36,25,25,TA TA,Clyde McPhatter,Mercury,7,25,
1960,36,26,16,TELL LAURA I LOVE HER,Ray Peterson,RCA Victor,12,7,
1960,36,27,31,KIDDIO,Brook Benton,Mercury,4,27,
1960,36,28,60,NEVER ON SUNDAY,Don Costa and His Orchestra and Chorus,United Artists,4,28,
1960,36,29,32,HOT ROD LINCOLN,Johnny Bond,Republic,4,29,
1960,36,30,24,EVERYBODY’S SOMEBODY’S FOOL,Connie Francis,MGM,17,1,
1960,36,31,23,ALLEY-OOP,Hollywood Argyles,Lute,14,1,
1960,36,32,18,MULE SKINNER BLUES,The Fendermen,Soma,15,5,
1960,36,33,54,CHAIN GANG,Sam Cooke,RCA Victor,3,33,
1960,36,34,29,QUESTION,Lloyd Price,ABC-Paramount,10,19,
1960,36,35,26,TROUBLE IN PARADISE,The Crests Featuring Johnny Maestro,Coed,12,20,
1960,36,36,57,YOU MEAN EVERYTHING TO ME,Neil Sedaka,RCA Victor,4,36,
1960,36,37,33,DON’T COME KNOCKIN’,Fats Domino,Imperial,10,21,
1960,36,38,53,HOT ROD LINCOLN,Charlie Ryan and the Timberline Riders,4 Star,14,38,
1960,36,39,61,THE SAME ONE,Brook Benton,Mercury,2,39,
1960,36,40,58,THE TWIST,Hank Ballard and the Midnighters,King,7,40,
1960,36,46,36,RED SAILS IN THE SUNSET,The Platters Featuring Tony Williams,Mercury,5,36,
1960,36,49,37,THIS BITTER EARTH,Dinah Washington,Mercury,11,24,
1960,36,53,38,WHERE ARE YOU,Frankie Avalon,Chancellor,12,32,
1960,36,56,40,LOOK FOR A STAR (Part 1),Garry Mills,Imperial,11,26,
1960,36,76,30,JOSEPHINE,Bill Black’s Combo,Hi,10,18,
1960,36,41,51,I LOVE YOU IN THE SAME OLD WAY,Paul Anka,ABC-Paramount,5,41,
1960,36,42,74,(I Can’t Help You) I’M FALLING TOO,Skeeter Davis,RCA Victor,2,42,
1960,36,43,42,THAT’S ALL YOU GOTTA DO,Brenda Lee,Decca,13,6,
1960,36,44,50,IT ONLY HAPPENED YESTERDAY,Jack Scott,Top Rank,5,44,
1960,36,45,76,DEVIL OR ANGEL,Bobby Vee,Liberty,5,45,
1960,36,47,49,MY LOVE,Nat King Cole-Stan Kenton,Capitol,5,47,
1960,36,48,43,IS THERE ANY CHANCE,Marty Robbins,Columbia,11,31,
1960,36,50,41,IN THE STILL OF THE NIGHT,Dion and The Belmonts,Laurie,7,38,
1960,37,1,1,IT’S NOW OR NEVER,Elvis Presley,RCA Victor,8,1,4 weeks at #1
1960,37,2,3,THE TWIST,Chubby Checker,Parkway,6,2,
1960,37,3,2,WALK–DON’T RUN,The Ventures,Dolton,8,2,
1960,37,4,5,VOLARE (Nel Blu Di Pinto Di Blu),Bobby Rydell,Cameo,8,4,
1960,37,5,4,I’M SORRY,Brenda Lee,Decca,15,1,
1960,37,6,6,ITSY BITSY TEENIE WEENIE YELLOW POLKA DOT BIKINI,Brian Hyland,Leader/Kapp,10,1,
1960,37,7,8,MISSION BELL,Donnie Brooks,Era,13,7,
1960,37,8,7,FINGER POPPIN’ TIME,Hank Ballard and the Midnighters,King,17,7,
1960,37,9,16,MY HEART HAS A MIND OF ITS OWN,Connie Francis,MGM,4,9,
1960,37,10,12,THEME FROM “THE APARTMENT”,Ferrante and Teicher,United Artists,7,10,
1960,37,11,10,IN MY LITTLE CORNER OF THE WORLD,Anita Bryant,Carlton,9,10,
1960,37,12,9,ONLY THE LONELY (Know How I Feel),Roy Orbison,Monument,14,2,
1960,37,13,65,MR. CUSTER,Larry Verne,Era,2,13,
1960,37,14,15,YOGI,The Ivy Three,Shell,5,14,
1960,37,15,14,"PLEASE HELP ME, I’M FALLING",Hank Locklin,RCA Victor,16,8,
1960,37,16,17,OVER THE RAINBOW,The Demensions,Mohawk,10,16,
1960,37,17,27,KIDDIO,Brook Benton,Mercury,5,17,
1960,37,18,11,DREAMIN’,Johnny Burnette,Liberty,7,11,
1960,37,19,19,(You Were Made For) ALL MY LOVE,Jackie Wilson,Brunswick,9,12,
1960,37,20,52,A MILLION TO ONE,Jimmy Charles,Promo,3,20,
1960,37,21,39,THE SAME ONE,Brook Benton,Mercury,3,21,
1960,37,22,33,CHAIN GANG,Sam Cooke,RCA Victor,4,22,
1960,37,23,23,HELLO YOUNG LOVERS,Paul Anka,ABC-Paramount,6,23,
1960,37,24,25,TA TA,Clyde McPhatter,Mercury,8,24,
1960,37,25,13,WALKING TO NEW ORLEANS,Fats Domino,Imperial,12,6,
1960,37,26,28,NEVER ON SUNDAY,Don Costa and His Orchestra and Chorus,United Artists,5,26,
1960,37,27,18,IMAGE OF A GIRL,The Safaris,Eldo,14,6,
1960,37,28,36,YOU MEAN EVERYTHING TO ME,Neil Sedaka,RCA Victor,5,28,
1960,37,29,20,FEELS SO FINE,Johnny Preston,Mercury,12,14,
1960,37,30,21,"A WOMAN, A LOVER, A FRIEND",Jackie Wilson,Brunswick,9,15,
1960,37,31,40,THE TWIST,Hank Ballard and the Midnighters,King,8,31,
1960,37,32,45,DEVIL OR ANGEL,Bobby Vee,Liberty,6,32,
1960,37,33,38,HOT ROD LINCOLN,Charlie Ryan and the Timberline Riders,4 Star,15,33,
1960,37,34,32,MULE SKINNER BLUES,The Fendermen,Soma,16,5,
1960,37,35,26,TELL LAURA I LOVE HER,Ray Peterson,RCA Victor,13,7,
1960,37,36,29,HOT ROD LINCOLN,Johnny Bond,Republic,5,29,
1960,37,37,57,PINEAPPLE PRINCESS,Annette with the Afterbeats,Buena Vista,4,37,
1960,37,38,44,IT ONLY HAPPENED YESTERDAY,Jack Scott,Top Rank,6,38,
1960,37,39,42,(I Can’t Help You) I’M FALLING TOO,Skeeter Davis,RCA Victor,3,39,
1960,37,40,35,TROUBLE IN PARADISE,The Crests Featuring Johnny Maestro,Coed,13,20,
1960,37,41,31,ALLEY-OOP,Hollywood Argyles,Lute,15,1,
1960,37,42,30,EVERYBODY’S SOMEBODY’S FOOL,Connie Francis,MGM,18,1,
1960,37,45,24,LOOK FOR A STAR,Garry Miles,Liberty,12,16,
1960,37,48,34,QUESTION,Lloyd Price,ABC-Paramount,11,19,
1960,37,49,37,DON’T COME KNOCKIN’,Fats Domino,Imperial,11,21,
1960,37,50,22,LOOK FOR A STAR,Billy Vaughn and His Orchestra,Dot,12,19,
1960,37,43,58,LISA,Jeanne Black,Capitol,7,43,
1960,37,44,41,I LOVE YOU IN THE SAME OLD WAY,Paul Anka,ABC-Paramount,6,41,
1960,37,46,54,ANYMORE,Teresa Brewer,Coral,5,46,
1960,38,1,1,IT’S NOW OR NEVER,Elvis Presley,RCA Victor,9,1,5 weeks at #1
1960,38,2,2,THE TWIST,Chubby Checker,Parkway,7,2,
1960,38,3,9,MY HEART HAS A MIND OF ITS OWN,Connie Francis,MGM,5,3,
1960,38,4,13,MR. CUSTER,Larry Verne,Era,3,4,
1960,38,5,3,WALK–DON’T RUN,The Ventures,Dolton,9,2,
1960,38,6,22,CHAIN GANG,Sam Cooke,RCA Victor,5,6,
1960,38,7,4,VOLARE (Nel Blu Di Pinto Di Blu),Bobby Rydell,Cameo,9,4,
1960,38,8,17,KIDDIO,Brook Benton,Mercury,6,8,
1960,38,9,14,YOGI,The Ivy Three,Shell,6,9,
1960,38,10,7,MISSION BELL,Donnie Brooks,Era,14,7,
1960,38,11,18,DREAMIN’,Johnny Burnette,Liberty,8,11,
1960,38,12,10,THEME FROM “THE APARTMENT”,Ferrante and Teicher,United Artists,8,10,
1960,38,13,20,A MILLION TO ONE,Jimmy Charles,Promo,4,13,
1960,38,14,6,ITSY BITSY TEENIE WEENIE YELLOW POLKA DOT BIKINI,Brian Hyland,Leader/Kapp,11,1,
1960,38,15,8,FINGER POPPIN’ TIME,Hank Ballard and the Midnighters,King,18,7,
1960,38,16,11,IN MY LITTLE CORNER OF THE WORLD,Anita Bryant,Carlton,10,10,
1960,38,17,47,SO SAD (To Watch Good Love Go Bad),The Everly Brothers,Warner Brothers,2,17,
1960,38,18,16,OVER THE RAINBOW,The Demensions,Mohawk,11,16,
1960,38,19,21,THE SAME ONE,Brook Benton,Mercury,4,19,
1960,38,20,5,I’M SORRY,Brenda Lee,Decca,16,1,
1960,38,21,15,"PLEASE HELP ME, I’M FALLING",Hank Locklin,RCA Victor,17,8,
1960,38,22,28,YOU MEAN EVERYTHING TO ME,Neil Sedaka,RCA Victor,6,22,
1960,38,23,24,TA TA,Clyde McPhatter,Mercury,9,23,
1960,38,24,23,HELLO YOUNG LOVERS,Paul Anka,ABC-Paramount,7,23,
1960,38,25,12,ONLY THE LONELY (Know How I Feel),Roy Orbison,Monument,15,2,
1960,38,26,32,DEVIL OR ANGEL,Bobby Vee,Liberty,7,26,
1960,38,27,19,(You Were Made For) ALL MY LOVE,Jackie Wilson,Brunswick,10,12,
1960,38,28,37,PINEAPPLE PRINCESS,Annette with the Afterbeats,Buena Vista,5,28,
1960,38,29,31,THE TWIST,Hank Ballard and the Midnighters,King,9,29,
1960,38,30,27,IMAGE OF A GIRL,The Safaris,Eldo,15,6,
1960,38,31,30,"A WOMAN, A LOVER, A FRIEND",Jackie Wilson,Brunswick,10,15,
1960,38,32,25,WALKING TO NEW ORLEANS,Fats Domino,Imperial,13,6,
1960,38,33,66,LUCILLE,The Everly Brothers,Warner Brothers,2,33,
1960,38,34,46,ANYMORE,Teresa Brewer,Coral,6,34,
1960,38,35,76,THREE NIGHTS A WEEK,Fats Domino,Imperial,2,35,
1960,38,36,33,HOT ROD LINCOLN,Charlie Ryan and the Timberline Riders,4 Star,16,33,
1960,38,37,26,NEVER ON SUNDAY,Don Costa and His Orchestra and Chorus,United Artists,6,26,
1960,38,38,36,HOT ROD LINCOLN,Johnny Bond,Republic,6,29,
1960,38,39,38,IT ONLY HAPPENED YESTERDAY,Jack Scott,Top Rank,7,38,
1960,38,40,44,I LOVE YOU IN THE SAME OLD WAY,Paul Anka,ABC-Paramount,7,40,
1960,38,41,39,(I Can’t Help You) I’M FALLING TOO,Skeeter Davis,RCA Victor,4,39,
1960,38,42,29,FEELS SO FINE,Johnny Preston,Mercury,13,14,
1960,38,43,34,MULE SKINNER BLUES,The Fendermen,Soma,16,5,
1960,38,56,35,TELL LAURA I LOVE HER,Ray Peterson,RCA Victor,14,7,
1960,38,44,78,SAVE THE LAST DANCE FOR ME,The Drifters,Atlantic,2,44,
1960,38,45,53,MY SHOES KEEP WALKING BACK TO YOU,Guy Mitchell,Columbia,7,45,
1960,38,46,58,(I Do the) SHIMMY SHIMMY,Bobby Freeman,King,5,46,
1960,38,48,60,LET THE GOOD TIMES ROLL,Shirley and Lee,Warwick,2,48,
1960,38,49,43,LISA,Jeanne Black,Capitol,8,43,
1960,38,50,54,BIG BOY PETE,The Olympics,Arvee,11,50,
1960,39,1,2,THE TWIST,Chubby Checker,Parkway,8,1,1 week at #1
1960,39,2,3,MY HEART HAS A MIND OF ITS OWN,Connie Francis,MGM,6,2,
1960,39,3,1,IT’S NOW OR NEVER,Elvis Presley,RCA Victor,10,1,
1960,39,4,4,MR. CUSTER,Larry Verne,Era,4,4,
1960,39,5,6,CHAIN GANG,Sam Cooke,RCA Victor,6,5,
1960,39,6,5,WALK–DON’T RUN,The Ventures,Dolton,10,2,
1960,39,7,8,KIDDIO,Brook Benton,Mercury,7,7,
1960,39,8,9,YOGI,The Ivy Three,Shell,7,8,
1960,39,9,7,VOLARE (Nel Blu Di Pinto Di Blu),Bobby Rydell,Cameo,10,4,
1960,39,10,13,A MILLION TO ONE,Jimmy Charles,Promo,5,10,
1960,39,11,17,SO SAD (To Watch Good Love Go Bad),The Everly Brothers,Warner Brothers,3,11,
1960,39,12,12,THEME FROM “THE APARTMENT”,Ferrante and Teicher,United Artists,9,10,
1960,39,13,11,DREAMIN’,Johnny Burnette,Liberty,9,11,
1960,39,14,10,MISSION BELL,Donnie Brooks,Era,15,7,
1960,39,15,26,DEVIL OR ANGEL,Bobby Vee,Liberty,8,15,
1960,39,16,19,THE SAME ONE,Brook Benton,Mercury,5,16,
1960,39,17,28,PINEAPPLE PRINCESS,Annette with the Afterbeats,Buena Vista,6,17,
1960,39,18,44,SAVE THE LAST DANCE FOR ME,The Drifters,Atlantic,3,18,
1960,39,19,15,FINGER POPPIN’ TIME,Hank Ballard and the Midnighters,King,19,7,
1960,39,20,16,IN MY LITTLE CORNER OF THE WORLD,Anita Bryant,Carlton,11,10,
1960,39,21,18,OVER THE RAINBOW,The Demensions,Mohawk,12,16,
1960,39,22,35,THREE NIGHTS A WEEK,Fats Domino,Imperial,3,22,
1960,39,23,22,YOU MEAN EVERYTHING TO ME,Neil Sedaka,RCA Victor,7,22,
1960,39,24,20,I’M SORRY,Brenda Lee,Decca,17,1,
1960,39,25,14,ITSY BITSY TEENIE WEENIE YELLOW POLKA DOT BIKINI,Brian Hyland,Leader/Kapp,12,1,
1960,39,26,38,HOT ROD LINCOLN,Johnny Bond,Republic,7,26,
1960,39,27,33,LUCILLE,The Everly Brothers,Warner Brothers,3,27,
1960,39,28,29,THE TWIST,Hank Ballard and the Midnighters,King,10,28,
1960,39,29,27,(You Were Made For) ALL MY LOVE,Jackie Wilson,Brunswick,11,12,
1960,39,30,25,ONLY THE LONELY (Know How I Feel),Roy Orbison,Monument,16,2,
1960,39,31,37,NEVER ON SUNDAY,Don Costa and His Orchestra and Chorus,United Artists,7,26,
1960,39,32,24,HELLO YOUNG LOVERS,Paul Anka,ABC-Paramount,8,23,
1960,39,33,67,I WANT TO BE WANTED,Brenda Lee,Decca,2,33,
1960,39,34,34,ANYMORE,Teresa Brewer,Coral,7,34,
1960,39,35,30,IMAGE OF A GIRL,The Safaris,Eldo,16,6,
1960,39,36,23,TA TA,Clyde McPhatter,Mercury,10,23,
1960,39,37,31,"A WOMAN, A LOVER, A FRIEND",Jackie Wilson,Brunswick,11,15,
1960,39,38,63,I’M NOT AFRAID,Ricky Nelson,Imperial,3,38,
1960,39,39,59,HONEST I DO,The Innocents,Indigo,6,39,
1960,39,40,21,"PLEASE HELP ME, I’M FALLING",Hank Locklin,RCA Victor,18,8,
1960,39,41,39,IT ONLY HAPPENED YESTERDAY,Jack Scott,Top Rank,8,38,
1960,39,44,32,WALKING TO NEW ORLEANS,Fats Domino,Imperial,14,6,
1960,39,45,36,HOT ROD LINCOLN,Charlie Ryan and the Timberline Riders,4 Star,17,33,
1960,39,46,40,I LOVE YOU IN THE SAME OLD WAY,Paul Anka,ABC-Paramount,8,40,
1960,39,42,41,(I Can’t Help You) I’M FALLING TOO,Skeeter Davis,RCA Victor,5,39,
1960,39,43,80,"YES SIR, THAT’S MY BABY",Ricky Nelson,Imperial,2,43,
1960,39,47,46,(I Do The) SHIMMY SHIMMY,Bobby Freeman,King,6,46,
1960,39,48,74,RUN SAMSON RUN,Neil Sedaka,RCA Victor,3,48,
1960,39,49,47,A FOOL IN LOVE,Ike and Tina Turner,Sue,4,47,
1960,39,50,55,YOU’RE LOOKING GOOD,Dee Clark,Vee-Jay,6,50,
1960,40,1,2,MY HEART HAS A MIND OF ITS OWN,Connie Francis,MGM,7,1,1 week at #1
1960,40,2,1,THE TWIST,Chubby Checker,Parkway,9,1,
1960,40,3,5,CHAIN GANG,Sam Cooke,RCA Victor,7,3,
1960,40,4,4,MR. CUSTER,Larry Verne,Era,5,4,
1960,40,5,10,A MILLION TO ONE,Jimmy Charles,Promo,6,5,
1960,40,6,3,IT’S NOW OR NEVER,Elvis Presley,RCA Victor,11,1,
1960,40,7,6,WALK–DON’T RUN,The Ventures,Dolton,11,2,
1960,40,8,7,KIDDIO,Brook Benton,Mercury,8,7,
1960,40,9,11,SO SAD (To Watch Good Love Go Bad),The Everly Brothers,Warner Brothers,4,9,
1960,40,10,18,SAVE THE LAST DANCE FOR ME,The Drifters,Atlantic,4,10,
1960,40,11,17,PINEAPPLE PRINCESS,Annette with the Afterbeats,Buena Vista,7,11,
1960,40,12,12,THEME FROM “THE APARTMENT”,Ferrante and Teicher,United Artists,10,10,
1960,40,13,15,DEVIL OR ANGEL,Bobby Vee,Liberty,9,13,
1960,40,14,9,VOLARE (Nel Blu Di Pinto Di Blu),Bobby Rydell,Cameo,11,4,
1960,40,15,13,DREAMIN’,Johnny Burnette,Liberty,10,11,
1960,40,16,8,YOGI,The Ivy Three,Shell,8,8,
1960,40,17,16,THE SAME ONE,Brook Benton,Mercury,6,16,
1960,40,18,14,MISSION BELL,Donnie Brooks,Era,16,7,
1960,40,19,23,YOU MEAN EVERYTHING TO ME,Neil Sedaka,RCA Victor,8,19,
1960,40,20,19,FINGER POPPIN’ TIME,Hank Ballard and the Midnighters,King,20,7,
1960,40,21,22,THREE NIGHTS A WEEK,Fats Domino,Imperial,4,21,
1960,40,22,27,LUCILLE,The Everly Brothers,Warner Brothers,4,22,
1960,40,23,33,I WANT TO BE WANTED,Brenda Lee,Decca,3,23,
1960,40,24,21,OVER THE RAINBOW,The Demensions,Mohawk,13,16,
1960,40,25,20,IN MY LITTLE CORNER OF THE WORLD,Anita Bryant,Carlton,12,10,
1960,40,26,31,NEVER ON SUNDAY,Don Costa and His Orchestra and Chorus,United Artists,8,26,
1960,40,27,38,I’M NOT AFRAID,Ricky Nelson,Imperial,4,27,
1960,40,28,39,HONEST I DO,The Innocents,Indigo,7,28,
1960,40,29,25,ITSY BITSY TEENIE WEENIE YELLOW POLKA DOT BIKINI,Brian Hyland,Leader/Kapp,13,1,
1960,40,30,24,I’M SORRY,Brenda Lee,Decca,18,1,
1960,40,31,34,ANYMORE,Teresa Brewer,Coral,8,31,
1960,40,32,26,HOT ROD LINCOLN,Johnny Bond,Republic,8,26,
1960,40,33,56,LET’S THINK ABOUT LIVING,Bob Luman,Warner Brothers,4,33,
1960,40,34,43,"YES SIR, THAT’S MY BABY",Ricky Nelson,Imperial,3,34,
1960,40,35,28,THE TWIST,Hank Ballard and the Midnighters,King,11,28,
1960,40,36,29,(You Were Made For) ALL MY LOVE,Jackie Wilson,Brunswick,12,12,
1960,40,37,60,DIAMONDS AND PEARLS,The Paradons,Milestone,6,37,
1960,40,38,30,ONLY THE LONELY (Know How I Feel),Roy Orbison,Monument,17,2,
1960,40,39,32,HELLO YOUNG LOVERS,Paul Anka,ABC-Paramount,9,23,
1960,40,40,47,(I Do the) SHIMMY SHIMMY,Bobby Freeman,King,7,40,
1960,40,41,36,TA TA,Clyde McPhatter,Mercury,11,23,
1960,40,42,37,"A WOMAN, A LOVER, A FRIEND",Jackie Wilson,Brunswick,12,15,
1960,40,46,40,"PLEASE HELP ME, I’M FALLING",Hank Locklin,RCA Victor,19,8,
1960,40,49,35,IMAGE OF A GIRL,The Safaris,Eldo,17,6,
1960,40,43,50,YOU’RE LOOKING GOOD,Dee Clark,Vee-Jay,7,43,
1960,40,44,49,A FOOL IN LOVE,Ike and Tina Turner,Sue,5,44,
1960,40,45,51,LET’S HAVE A PARTY,Wanda Jackson,Capitol,5,45,
1960,40,47,76,DON’T BE CRUEL,Bill Black’s Combo,Hi,3,47,
1960,40,48,46,I LOVE YOU IN THE SAME OLD WAY,Paul Anka,ABC-Paramount,9,40,
1960,40,50,53,BIG BOY PETE,The Olympics,Arvee,13,50,
1960,41,1,1,MY HEART HAS A MIND OF ITS OWN,Connie Francis,MGM,8,1,2 weeks at #1
1960,41,2,3,CHAIN GANG,Sam Cooke,RCA Victor,8,2,
1960,41,3,4,MR. CUSTER,Larry Verne,Era,6,3,
1960,41,4,2,THE TWIST,Chubby Checker,Parkway,10,1,
1960,41,5,5,A MILLION TO ONE,Jimmy Charles,Promo,7,5,
1960,41,6,10,SAVE THE LAST DANCE FOR ME,The Drifters,Atlantic,5,6,
1960,41,7,6,IT’S NOW OR NEVER,Elvis Presley,RCA Victor,12,1,
1960,41,8,7,WALK–DON’T RUN,The Ventures,Dolton,12,2,
1960,41,9,9,SO SAD (To Watch Good Love Go Bad),The Everly Brothers,Warner Brothers,5,9,
1960,41,10,12,THEME FROM “THE APARTMENT”,Ferrante and Teicher,United Artists,11,10,
1960,41,11,8,KIDDIO,Brook Benton,Mercury,9,7,
1960,41,12,13,DEVIL OR ANGEL,Bobby Vee,Liberty,10,12,
1960,41,13,11,PINEAPPLE PRINCESS,Annette with the Afterbeats,Buena Vista,8,11,
1960,41,14,23,I WANT TO BE WANTED,Brenda Lee,Decca,4,14,
1960,41,15,14,VOLARE (Nel Blu Di Pinto Di Blu),Bobby Rydell,Cameo,12,4,
1960,41,16,17,THE SAME ONE,Brook Benton,Mercury,7,16,
1960,41,17,19,YOU MEAN EVERYTHING TO ME,Neil Sedaka,RCA Victor,9,17,
1960,41,18,15,DREAMIN’,Johnny Burnette,Liberty,11,11,
1960,41,19,33,LET’S THINK ABOUT LIVING,Bob Luman,Warner Brothers,5,19,
1960,41,20,16,YOGI,The Ivy Three,Shell,9,8,
1960,41,21,21,THREE NIGHTS A WEEK,Fats Domino,Imperial,5,21,
1960,41,22,37,DIAMONDS AND PEARLS,The Paradons,Milestone,7,22,
1960,41,23,47,DON’T BE CRUEL,Bill Black’s Combo,Hi,4,23,
1960,41,24,20,FINGER POPPIN’ TIME,Hank Ballard and the Midnighters,King,21,7,
1960,41,25,26,NEVER ON SUNDAY,Don Costa and His Orchestra and Chorus,United Artists,9,25,
1960,41,26,22,LUCILLE,The Everly Brothers,Warner Brothers,5,22,
1960,41,27,24,OVER THE RAINBOW,The Demensions,Mohawk,14,16,
1960,41,28,18,MISSION BELL,Donnie Brooks,Era,17,7,
1960,41,29,27,I’M NOT AFRAID,Ricky Nelson,Imperial,5,27,
1960,41,30,35,THE TWIST,Hank Ballard and the Midnighters,King,12,28,
1960,41,31,28,HONEST I DO,The Innocents,Indigo,8,28,
1960,41,32,25,IN MY LITTLE CORNER OF THE WORLD,Anita Bryant,Carlton,13,10,
1960,41,33,32,HOT ROD LINCOLN,Johnny Bond,Republic,9,26,
1960,41,34,34,"YES SIR, THAT’S MY BABY",Ricky Nelson,Imperial,4,34,
1960,41,35,54,RUN SAMSON RUN,Neil Sedaka,RCA Victor,5,35,
1960,41,36,31,ANYMORE,Teresa Brewer,Coral,9,31,
1960,41,37,40,(I Do the) SHIMMY SHIMMY,Bobby Freeman,King,8,37,
1960,41,38,30,I’M SORRY,Brenda Lee,Decca,19,1,
1960,41,39,29,ITSY BITSY TEENIE WEENIE YELLOW POLKA DOT BIKINI,Brian Hyland,Leader/Kapp,14,1,
1960,41,40,44,A FOOL IN LOVE,Ike and Tina Turner,Sue,6,40,
1960,41,45,39,HELLO YOUNG LOVERS,Paul Anka,ABC-Paramount,10,23,
1960,41,46,38,ONLY THE LONELY (Know How I Feel),Roy Orbison,Monument,18,2,
1960,41,52,36,(You Were Made For) ALL MY LOVE,Jackie Wilson,Brunswick,13,12,
1960,41,41,53,SLEEP,Little Willie John,King,5,41,
1960,41,42,55,MALAGUENA,Connie Francis,MGM,7,42,
1960,41,43,41,TA TA,Clyde McPhatter,Mercury,12,23,
1960,41,44,60,(You’ve Got To) MOVE TWO MOUNTAINS,Marv Johnson,United Artists,5,44,
1960,41,47,45,LET’S HAVE A PARTY,Wanda Jackson,Capitol,6,45,
1960,41,48,48,I LOVE YOU IN THE SAME OLD WAY,Paul Anka,ABC-Paramount,10,40,
1960,41,49,56,YOU TALK TOO MUCH,Joe Jones,RIC/Roulette,3,49,
1960,41,50,46,"PLEASE HELP ME, I’M FALLING",Hank Locklin,RCA Victor,20,8,
1960,42,1,3,MR. CUSTER,Larry Verne,Era,7,1,1 week at #1
1960,42,2,2,CHAIN GANG,Sam Cooke,RCA Victor,9,2,
1960,42,3,1,MY HEART HAS A MIND OF ITS OWN,Connie Francis,MGM,9,1,
1960,42,4,6,SAVE THE LAST DANCE FOR ME,The Drifters,Atlantic,6,4,
1960,42,5,4,THE TWIST,Chubby Checker,Parkway,11,1,
1960,42,6,5,A MILLION TO ONE,Jimmy Charles,Promo,8,5,
1960,42,7,9,SO SAD (To Watch Good Love Go Bad),The Everly Brothers,Warner Brothers,6,7,
1960,42,8,12,DEVIL OR ANGEL,Bobby Vee,Liberty,11,8,
1960,42,9,14,I WANT TO BE WANTED,Brenda Lee,Decca,5,9,
1960,42,10,11,KIDDIO,Brook Benton,Mercury,10,7,
1960,42,11,7,IT’S NOW OR NEVER,Elvis Presley,RCA Victor,13,1,
1960,42,12,8,WALK–DON’T RUN,The Ventures,Dolton,13,2,
1960,42,13,19,LET’S THINK ABOUT LIVING,Bob Luman,Warner Brothers,6,13,
1960,42,14,10,THEME FROM “THE APARTMENT”,Ferrante and Teicher,United Artists,12,10,
1960,42,15,21,THREE NIGHTS A WEEK,Fats Domino,Imperial,6,15,
1960,42,16,13,PINEAPPLE PRINCESS,Annette with the Afterbeats,Buena Vista,9,11,
1960,42,17,17,YOU MEAN EVERYTHING TO ME,Neil Sedaka,RCA Victor,10,17,
1960,42,18,23,DON’T BE CRUEL,Bill Black’s Combo,Hi,5,18,
1960,42,19,22,DIAMONDS AND PEARLS,The Paradons,Milestone,8,19,
1960,42,20,16,THE SAME ONE,Brook Benton,Mercury,8,16,
1960,42,21,26,LUCILLE,The Everly Brothers,Warner Brothers,6,21,
1960,42,22,25,NEVER ON SUNDAY,Don Costa and His Orchestra and Chorus,United Artists,10,22,
1960,42,23,18,DREAMIN’,Johnny Burnette,Liberty,12,11,
1960,42,24,59,GEORGIA ON MY MIND,Ray Charles,ABC-Paramount,3,24,
1960,42,25,20,YOGI,The Ivy Three,Shell,10,8,
1960,42,26,41,SLEEP,Little Willie John,King,6,26,
1960,42,27,61,TWISTIN’ U.S.A.,Danny and the Juniors,Swan,4,27,
1960,42,28,28,MISSION BELL,Donnie Brooks,Era,18,7,
1960,42,29,44,(You’ve Got To) MOVE TWO MOUNTAINS,Marv Johnson,United Artists,6,29,
1960,42,30,40,A FOOL IN LOVE,Ike and Tina Turner,Sue,7,30,
1960,42,31,15,VOLARE (Nel Blu Di Pinto Di Blu),Bobby Rydell,Cameo,13,4,
1960,42,32,35,RUN SAMSON RUN,Neil Sedaka,RCA Victor,6,32,
1960,42,33,49,YOU TALK TOO MUCH,Joe Jones,RIC/Roulette,4,33,
1960,42,34,24,FINGER POPPIN’ TIME,Hank Ballard and the Midnighters,King,22,7,
1960,42,35,36,ANYMORE,Teresa Brewer,Coral,10,31,
1960,42,36,69,SUMMER’S GONE,Paul Anka,ABC-Paramount,3,36,
1960,42,37,47,LET’S HAVE A PARTY,Wanda Jackson,Capitol,7,37,
1960,42,38,29,I’M NOT AFRAID,Ricky Nelson,Imperial,6,27,
1960,42,39,37,(I Do the) SHIMMY SHIMMY,Bobby Freeman,King,9,37,
1960,42,40,86,STAY,Maurice Williams and the Zodiacs,Herald,2,40,
1960,42,42,31,HONEST I DO,The Innocents,Indigo,9,28,
1960,42,45,30,THE TWIST,Hank Ballard and the Midnighters,King,13,28,
1960,42,46,38,I’M SORRY,Brenda Lee,Decca,20,1,
1960,42,52,34,"YES SIR, THAT’S MY BABY",Ricky Nelson,Imperial,5,34,
1960,42,54,39,ITSY BITSY TEENIE WEENIE YELLOW POLKA DOT BIKINI,Brian Hyland,Leader/Kapp,15,1,
1960,42,55,32,IN MY LITTLE CORNER OF THE WORLD,Anita Bryant,Carlton,14,10,
1960,42,56,27,OVER THE RAINBOW,The Demensions,Mohawk,15,16,
1960,42,57,33,HOT ROD LINCOLN,Johnny Bond,Republic,10,26,
1960,42,41,55,ARTIFICIAL FLOWERS,Bobby Darin,Atco,3,41,
1960,42,43,57,TOGETHERNESS,Frankie Avalon,Chancellor,4,43,
1960,42,44,42,MALAGUENA,Connie Francis,MGM,8,42,
1960,42,47,56,MY LOVE FOR YOU,Johnny Mathis,Columbia,7,47,
1960,42,48,68,BLUE ANGEL,Roy Orbison,Monument,4,48,
1960,42,49,65,"LET’S GO, LET’S GO, LET’S GO",Hank Ballard and the Midnighters,King,4,49,
1960,42,50,53,SHIMMY LIKE KATE,The Olympics,Arvee,5,50,
1960,43,1,4,SAVE THE LAST DANCE FOR ME,The Drifters,Atlantic,7,1,1 week at #1
1960,43,2,3,MY HEART HAS A MIND OF ITS OWN,Connie Francis,MGM,10,1,
1960,43,3,2,CHAIN GANG,Sam Cooke,RCA Victor,10,2,
1960,43,4,9,I WANT TO BE WANTED,Brenda Lee,Decca,6,4,
1960,43,5,5,THE TWIST,Chubby Checker,Parkway,12,1,
1960,43,6,8,DEVIL OR ANGEL,Bobby Vee,Liberty,12,6,
1960,43,7,1,MR. CUSTER,Larry Verne,Era,8,1,
1960,43,8,6,A MILLION TO ONE,Jimmy Charles,Promo,9,5,
1960,43,9,7,SO SAD (To Watch Good Love Go Bad),The Everly Brothers,Warner Brothers,7,7,
1960,43,10,11,IT’S NOW OR NEVER,Elvis Presley,RCA Victor,14,1,
1960,43,11,13,LET’S THINK ABOUT LIVING,Bob Luman,Warner Brothers,7,11,
1960,43,12,10,KIDDIO,Brook Benton,Mercury,11,7,
1960,43,13,24,GEORGIA ON MY MIND,Ray Charles,ABC-Paramount,4,13,
1960,43,14,14,THEME FROM “THE APARTMENT”,Ferrante and Teicher,United Artists,13,10,
1960,43,15,12,WALK–DON’T RUN,The Ventures,Dolton,14,2,
1960,43,16,15,THREE NIGHTS A WEEK,Fats Domino,Imperial,7,15,
1960,43,17,16,PINEAPPLE PRINCESS,Annette with the Afterbeats,Buena Vista,10,11,
1960,43,18,18,DON’T BE CRUEL,Bill Black’s Combo,Hi,6,18,
1960,43,19,19,DIAMONDS AND PEARLS,The Paradons,Milestone,9,19,
1960,43,20,29,(You’ve Got To) MOVE TWO MOUNTAINS,Marv Johnson,United Artists,7,20,
1960,43,21,26,SLEEP,Little Willie John,King,7,21,
1960,43,22,22,NEVER ON SUNDAY,Don Costa and His Orchestra and Chorus,United Artists,11,22,
1960,43,23,17,YOU MEAN EVERYTHING TO ME,Neil Sedaka,RCA Victor,11,17,
1960,43,24,36,SUMMER’S GONE,Paul Anka,ABC-Paramount,4,24,
1960,43,25,33,YOU TALK TOO MUCH,Joe Jones,RIC/Roulette,5,25,
1960,43,26,41,ARTIFICIAL FLOWERS,Bobby Darin,Atco,4,26,
1960,43,27,30,A FOOL IN LOVE,Ike and Tina Turner,Sue,8,27,
1960,43,28,32,RUN SAMSON RUN,Neil Sedaka,RCA Victor,7,28,
1960,43,29,27,TWISTIN’ U.S.A.,Danny and the Juniors,Swan,5,27,
1960,43,30,23,DREAMIN’,Johnny Burnette,Liberty,13,11,
1960,43,31,43,TOGETHERNESS,Frankie Avalon,Chancellor,5,31,
1960,43,32,21,LUCILLE,The Everly Brothers,Warner Brothers,7,21,
1960,43,33,48,BLUE ANGEL,Roy Orbison,Monument,5,33,
1960,43,34,49,"LET’S GO, LET’S GO, LET’S GO",Hank Ballard and the Midnighters,King,5,34,
1960,43,35,20,THE SAME ONE,Brook Benton,Mercury,9,16,
1960,43,36,40,STAY,Maurice Williams and the Zodiacs,Herald,3,36,
1960,43,37,59,NORTH TO ALASKA,Johnny Horton,Columbia,5,37,
1960,43,38,28,MISSION BELL,Donnie Brooks,Era,19,7,
1960,43,39,35,ANYMORE,Teresa Brewer,Coral,11,31,
1960,43,40,53,TONIGHTS THE NIGHT,The Shirelles,Scepter,6,40,
1960,43,42,34,FINGER POPPIN’ TIME,Hank Ballard and the Midnighters,King,23,7,
1960,43,43,31,VOLARE (Nel Blu Di Pinto Di Blu),Bobby Rydell,Cameo,14,4,
1960,43,46,39,(I Do the) SHIMMY SHIMMY,Bobby Freeman,King,10,37,
1960,43,48,37,LET’S HAVE A PARTY,Wanda Jackson,Capitol,8,37,
1960,43,57,38,I’M NOT AFRAID,Ricky Nelson,Imperial,7,27,
1960,43,41,76,POETRY IN MOTION,Johnny Tillotson,Cadence,2,41,
1960,43,44,42,HONEST I DO,The Innocents,Indigo,10,28,
1960,43,45,75,ALONE AT LAST,Jackie Wilson,Brunswick,2,45,
1960,43,47,50,SHIMMY LIKE KATE,The Olympics,Arvee,6,47,
1960,43,49,72,TO EACH HIS OWN,The Platters,Mercury,2,49,
1960,43,50,45,THE TWIST,Hank Ballard and The Midnighters,King,14,28,
1960,44,1,4,I WANT TO BE WANTED,Brenda Lee,Decca,7,1,1 week at #1
1960,44,2,1,SAVE THE LAST DANCE FOR ME,The Drifters,Atlantic,8,1,
1960,44,3,5,THE TWIST,Chubby Checker,Parkway,13,1,
1960,44,4,2,MY HEART HAS A MIND OF ITS OWN,Connie Francis,MGM,11,1,
1960,44,5,3,CHAIN GANG,Sam Cooke,RCA Victor,11,2,
1960,44,6,6,DEVIL OR ANGEL,Bobby Vee,Liberty,13,6,
1960,44,7,11,LET’S THINK ABOUT LIVING,Bob Luman,Warner Brothers,8,7,
1960,44,8,9,SO SAD (To Watch Good Love Go Bad),The Everly Brothers,Warner Brothers,8,7,
1960,44,9,7,MR. CUSTER,Larry Verne,Era,9,1,
1960,44,10,14,THEME FROM “THE APARTMENT”,Ferrante and Teicher,United Artists,14,10,
1960,44,11,13,GEORGIA ON MY MIND,Ray Charles,ABC-Paramount,5,11,
1960,44,12,25,YOU TALK TOO MUCH,Joe Jones,RIC/Roulette,6,12,
1960,44,13,12,KIDDIO,Brook Benton,Mercury,12,7,
1960,44,14,8,A MILLION TO ONE,Jimmy Charles,Promo,10,5,
1960,44,15,18,DON’T BE CRUEL,Bill Black’s Combo,Hi,7,15,
1960,44,16,10,IT’S NOW OR NEVER,Elvis Presley,RCA Victor,15,1,
1960,44,17,16,THREE NIGHTS A WEEK,Fats Domino,Imperial,8,15,
1960,44,18,19,DIAMONDS AND PEARLS,The Paradons,Milestone,10,18,
1960,44,19,22,NEVER ON SUNDAY,Don Costa and His Orchestra and Chorus,United Artists,12,19,
1960,44,20,24,SUMMER’S GONE,Paul Anka,ABC-Paramount,5,20,
1960,44,21,21,SLEEP,Little Willie John,King,8,21,
1960,44,22,33,BLUE ANGEL,Roy Orbison,Monument,6,22,
1960,44,23,26,ARTIFICIAL FLOWERS,Bobby Darin,Atco,5,23,
1960,44,24,20,(You’ve Got To) MOVE TWO MOUNTAINS,Marv Johnson,United Artists,8,20,
1960,44,25,34,"LET’S GO, LET’S GO, LET’S GO",Hank Ballard and the Midnighters,King,6,25,
1960,44,26,41,POETRY IN MOTION,Johnny Tillotson,Cadence,3,26,
1960,44,27,36,STAY,Maurice Williams and the Zodiacs,Herald,4,27,
1960,44,28,30,DREAMIN’,Johnny Burnette,Liberty,14,11,
1960,44,29,17,PINEAPPLE PRINCESS,Annette with the Afterbeats,Buena Vista,11,11,
1960,44,30,31,TOGETHERNESS,Frankie Avalon,Chancellor,6,30,
1960,44,31,37,NORTH TO ALASKA,Johnny Horton,Columbia,6,31,
1960,44,32,49,TO EACH HIS OWN,The Platters,Mercury,3,32,
1960,44,33,32,LUCILLE,The Everly Brothers,Warner Brothers,8,21,
1960,44,34,15,WALK–DON’T RUN,The Ventures,Dolton,15,2,
1960,44,35,29,TWISTIN’ U.S.A.,Danny and the Juniors,Swan,6,27,
1960,44,36,45,ALONE AT LAST,Jackie Wilson,Brunswick,3,36,
1960,44,37,35,THE SAME ONE,Brook Benton,Mercury,10,16,
1960,44,38,23,YOU MEAN EVERYTHING TO ME,Neil Sedaka,RCA Victor,12,17,
1960,44,39,40,TONIGHTS THE NIGHT,The Shirelles,Scepter,7,39,
1960,44,40,27,A FOOL IN LOVE,Ike and Tina Turner,Sue,9,27,
1960,44,44,39,ANYMORE,Teresa Brewer,Coral,12,31,
1960,44,47,28,RUN SAMSON RUN,Neil Sedaka,RCA Victor,8,28,
1960,44,64,38,MISSION BELL,Donnie Brooks,Era,20,7,
1960,44,41,67,PETER GUNN,Duane Eddy,Jamie,3,41,
1960,44,42,47,SHIMMY LIKE KATE,The Olympics,Arvee,7,42,
1960,44,43,55,JUST A LITTLE,Brenda Lee,Decca,4,43,
1960,44,45,53,SOMEBODY TO LOVE,Bobby Darin,Atco,5,45,
1960,44,46,46,(I Do the) SHIMMY SHIMMY,Bobby Freeman,King,11,37,
1960,44,48,71,NEW ORLEANS,Gary (U.S.) Bonds,Legrand,2,48,
1960,44,49,48,LET’S HAVE A PARTY,Wanda Jackson,Capitol,9,37,
1960,44,50,54,MY DEAREST DARLING,Etta James,Argo,6,50,
1960,45,1,2,SAVE THE LAST DANCE FOR ME,The Drifters,Atlantic,9,1,2 weeks at #1
1960,45,2,1,I WANT TO BE WANTED,Brenda Lee,Decca,8,1,
1960,45,3,4,MY HEART HAS A MIND OF ITS OWN,Connie Francis,MGM,12,1,
1960,45,4,3,THE TWIST,Chubby Checker,Parkway,14,1,
1960,45,5,5,CHAIN GANG,Sam Cooke,RCA Victor,12,2,
1960,45,6,12,YOU TALK TOO MUCH,Joe Jones,RIC/Roulette,7,6,
1960,45,7,6,DEVIL OR ANGEL,Bobby Vee,Liberty,14,6,
1960,45,8,7,LET’S THINK ABOUT LIVING,Bob Luman,Warner Brothers,9,7,
1960,45,9,26,POETRY IN MOTION,Johnny Tillotson,Cadence,4,9,
1960,45,10,11,GEORGIA ON MY MIND,Ray Charles,ABC-Paramount,6,10,
1960,45,11,20,SUMMER’S GONE,Paul Anka,ABC-Paramount,6,11,
1960,45,12,15,DON’T BE CRUEL,Bill Black’s Combo,Hi,8,12,
1960,45,13,8,SO SAD (To Watch Good Love Go Bad),The Everly Brothers,Warner Brothers,9,7,
1960,45,14,25,"LET’S GO, LET’S GO, LET’S GO",Hank Ballard and the Midnighters,King,7,14,
1960,45,15,22,BLUE ANGEL,Roy Orbison,Monument,7,15,
1960,45,16,14,A MILLION TO ONE,Jimmy Charles,Promo,11,5,
1960,45,17,10,THEME FROM “THE APARTMENT”,Ferrante and Teicher,United Artists,15,10,
1960,45,18,21,SLEEP,Little Willie John,King,9,18,
1960,45,19,27,STAY,Maurice Williams and the Zodiacs,Herald,5,19,
1960,45,20,23,ARTIFICIAL FLOWERS,Bobby Darin,Atco,6,20,
1960,45,21,9,MR. CUSTER,Larry Verne,Era,10,1,
1960,45,22,13,KIDDIO,Brook Benton,Mercury,13,7,
1960,45,23,31,NORTH TO ALASKA,Johnny Horton,Columbia,7,23,
1960,45,24,32,TO EACH HIS OWN,The Platters,Mercury,4,24,
1960,45,25,36,ALONE AT LAST,Jackie Wilson,Brunswick,4,25,
1960,45,26,30,TOGETHERNESS,Frankie Avalon,Chancellor,7,26,
1960,45,27,16,IT’S NOW OR NEVER,Elvis Presley,RCA Victor,16,1,
1960,45,28,55,LAST DATE,Floyd Cramer,RCA Victor,4,28,
1960,45,29,19,NEVER ON SUNDAY,Don Costa and His Orchestra and Chorus,United Artists,13,19,
1960,45,30,48,NEW ORLEANS,Gary (U.S.) Bonds,Legrand,3,30,
1960,45,31,17,THREE NIGHTS A WEEK,Fats Domino,Imperial,9,15,
1960,45,32,41,PETER GUNN,Duane Eddy,Jamie,4,32,
1960,45,33,18,DIAMONDS AND PEARLS,The Paradons,Milestone,11,18,
1960,45,34,40,A FOOL IN LOVE,Ike and Tina Turner,Sue,10,27,
1960,45,35,24,(You’ve Got To) MOVE TWO MOUNTAINS,Marv Johnson,United Artists,9,20,
1960,45,36,51,THE HUCKLEBUCK,Chubby Checker,Parkway,4,36,
1960,45,37,67,A THOUSAND STARS,Kathy Young and the Innocents,Indigo,2,37,
1960,45,38,37,THE SAME ONE,Brook Benton,Mercury,11,16,
1960,45,39,29,PINEAPPLE PRINCESS,Annette with the Afterbeats,Buena Vista,12,11,
1960,45,40,43,JUST A LITTLE,Brenda Lee,Decca,5,40,
1960,45,42,33,LUCILLE,The Everly Brothers,Warner Brothers,9,21,
1960,45,43,34,WALK–DON’T RUN,The Ventures,Dolton,16,2,
1960,45,45,35,TWISTIN’ U.S.A.,Danny and the Juniors,Swan,7,27,
1960,45,48,39,TONIGHTS THE NIGHT,The Shirelles,Scepter,8,39,
1960,45,51,38,YOU MEAN EVERYTHING TO ME,Neil Sedaka,RCA Victor,13,17,
1960,45,60,28,DREAMIN’,Johnny Burnette,Liberty,15,11,
1960,45,41,50,MY DEAREST DARLING,Etta James,Argo,7,41,
1960,45,44,44,ANYMORE,Teresa Brewer,Coral,13,31,
1960,45,46,45,SOMEBODY TO LOVE,Bobby Darin,Atco,6,45,
1960,45,47,42,SHIMMY LIKE KATE,The Olympics,Arvee,8,42,
1960,45,49,47,RUN SAMSON RUN,Neil Sedaka,RCA Victor,9,28,
1960,45,50,65,WHOLE LOTTA SHAKIN’ GOIN’ ON,Chubby Checker,Parkway,4,50,
1960,46,1,1,SAVE THE LAST DANCE FOR ME,The Drifters,Atlantic,10,1,3 weeks at #1
1960,46,2,2,I WANT TO BE WANTED,Brenda Lee,Decca,9,1,
1960,46,3,9,POETRY IN MOTION,Johnny Tillotson,Cadence,5,3,
1960,46,4,10,GEORGIA ON MY MIND,Ray Charles,ABC-Paramount,7,4,
1960,46,5,6,YOU TALK TOO MUCH,Joe Jones,RIC/Roulette,8,5,
1960,46,6,3,MY HEART HAS A MIND OF ITS OWN,Connie Francis,MGM,13,1,
1960,46,7,19,STAY,Maurice Williams and the Zodiacs,Herald,6,7,
1960,46,8,14,"LET’S GO, LET’S GO, LET’S GO",Hank Ballard and the Midnighters,King,8,8,
1960,46,9,15,BLUE ANGEL,Roy Orbison,Monument,8,9,
1960,46,10,7,DEVIL OR ANGEL,Bobby Vee,Liberty,15,6,
1960,46,11,12,DON’T BE CRUEL,Bill Black’s Combo,Hi,9,11,
1960,46,12,5,CHAIN GANG,Sam Cooke,RCA Victor,13,2,
1960,46,13,8,LET’S THINK ABOUT LIVING,Bob Luman,Warner Brothers,10,7,
1960,46,14,18,SLEEP,Little Willie John,King,10,14,
1960,46,15,11,SUMMER’S GONE,Paul Anka,ABC-Paramount,7,11,
1960,46,16,28,LAST DATE,Floyd Cramer,RCA Victor,5,16,
1960,46,17,30,NEW ORLEANS,Gary (U.S.) Bonds,Legrand,4,17,
1960,46,18,23,NORTH TO ALASKA,Johnny Horton,Columbia,8,18,
1960,46,19,25,ALONE AT LAST,Jackie Wilson,Brunswick,5,19,
1960,46,20,17,THEME FROM “THE APARTMENT”,Ferrante and Teicher,United Artists,16,10,
1960,46,21,24,TO EACH HIS OWN,The Platters,Mercury,5,21,
1960,46,22,37,A THOUSAND STARS,Kathy Young and the Innocents,Indigo,3,22,
1960,46,23,20,ARTIFICIAL FLOWERS,Bobby Darin,Atco,7,20,
1960,46,24,4,THE TWIST,Chubby Checker,Parkway,15,1,
1960,46,25,22,KIDDIO,Brook Benton,Mercury,14,7,
1960,46,26,13,SO SAD (To Watch Good Love Go Bad),The Everly Brothers,Warner Brothers,10,7,
1960,46,27,26,TOGETHERNESS,Frankie Avalon,Chancellor,8,26,
1960,46,28,16,A MILLION TO ONE,Jimmy Charles,Promo,12,5,
1960,46,29,36,THE HUCKLEBUCK,Chubby Checker,Parkway,5,29,
1960,46,30,32,PETER GUNN,Duane Eddy,Jamie,5,30,
1960,46,31,29,NEVER ON SUNDAY,Don Costa and His Orchestra and Chorus,United Artists,14,19,
1960,46,32,27,IT’S NOW OR NEVER,Elvis Presley,RCA Victor,17,1,
1960,46,33,34,A FOOL IN LOVE,Ike and Tina Turner,Sue,11,27,
1960,46,34,21,MR. CUSTER,Larry Verne,Era,11,1,
1960,46,35,63,HE WILL BREAK YOUR HEART,Jerry Butler,Vee-Jay,2,35,
1960,46,36,31,THREE NIGHTS A WEEK,Fats Domino,Imperial,10,15,
1960,46,37,33,DIAMONDS AND PEARLS,The Paradons,Milestone,12,18,
1960,46,38,55,LOVE WALKED IN,Dinah Washington,Mercury,6,38,
1960,46,39,59,I’LL SAVE THE LAST DANCE FOR YOU,Damita Jo,Mercury,3,39,
1960,46,40,48,TONIGHTS THE NIGHT,The Shirelles,Scepter,9,39,
1960,46,47,35,(You’ve Got To) MOVE TWO MOUNTAINS,Marv Johnson,United Artists,10,20,
1960,46,49,39,PINEAPPLE PRINCESS,Annette with the Afterbeats,Buena Vista,13,11,
1960,46,98,38,THE SAME ONE,Brook Benton,Mercury,12,16,
1960,46,41,52,MY GIRL JOSEPHINE,Fats Domino,Imperial,3,41,
1960,46,42,50,WHOLE LOTTA SHAKIN’ GOIN’ ON,Chubby Checker,Parkway,5,42,
1960,46,43,41,MY DEAREST DARLING,Etta James,Argo,8,41,
1960,46,44,78,PERFIDIA,The Ventures,Dolton,2,44,
1960,46,45,46,SOMEBODY TO LOVE,Bobby Darin,Atco,7,45,
1960,46,46,44,ANYMORE,Teresa Brewer,Coral,14,31,
1960,46,48,72,WAIT FOR ME,The Playmates,Roulette,3,48,
1960,46,50,70,LONELY TEENAGER,Dion,Laurie,4,50,
1960,47,1,4,GEORGIA ON MY MIND,Ray Charles,ABC-Paramount,8,1,1 week at #1
1960,47,2,3,POETRY IN MOTION,Johnny Tillotson,Cadence,6,2,
1960,47,3,5,YOU TALK TOO MUCH,Joe Jones,RIC/Roulette,9,3,
1960,47,4,2,I WANT TO BE WANTED,Brenda Lee,Decca,10,1,
1960,47,5,1,SAVE THE LAST DANCE FOR ME,The Drifters,Atlantic,11,1,
1960,47,6,7,STAY,Maurice Williams and the Zodiacs,Herald,7,6,
1960,47,7,8,"LET’S GO, LET’S GO, LET’S GO",Hank Ballard and the Midnighters,King,9,7,
1960,47,8,16,LAST DATE,Floyd Cramer,RCA Victor,6,8,
1960,47,9,22,A THOUSAND STARS,Kathy Young and the Innocents,Indigo,4,9,
1960,47,10,9,BLUE ANGEL,Roy Orbison,Monument,9,9,
1960,47,11,17,NEW ORLEANS,Gary (U.S.) Bonds,Legrand,5,11,
1960,47,12,18,NORTH TO ALASKA,Johnny Horton,Columbia,9,12,
1960,47,13,14,SLEEP,Little Willie John,King,11,13,
1960,47,14,11,DON’T BE CRUEL,Bill Black’s Combo,Hi,10,11,
1960,47,15,19,ALONE AT LAST,Jackie Wilson,Brunswick,6,15,
1960,47,16,13,LET’S THINK ABOUT LIVING,Bob Luman,Warner Brothers,11,7,
1960,47,17,10,DEVIL OR ANGEL,Bobby Vee,Liberty,16,6,
1960,47,18,29,THE HUCKLEBUCK,Chubby Checker,Parkway,6,18,
1960,47,19,6,MY HEART HAS A MIND OF ITS OWN,Connie Francis,MGM,14,1,
1960,47,20,12,CHAIN GANG,Sam Cooke,RCA Victor,14,2,
1960,47,21,23,ARTIFICIAL FLOWERS,Bobby Darin,Atco,8,20,
1960,47,22,21,TO EACH HIS OWN,The Platters,Mercury,6,21,
1960,47,23,35,HE WILL BREAK YOUR HEART,Jerry Butler,Vee-Jay,3,23,
1960,47,24,15,SUMMER’S GONE,Paul Anka,ABC-Paramount,8,11,
1960,47,25,20,THEME FROM “THE APARTMENT”,Ferrante and Teicher,United Artists,17,10,
1960,47,26,25,KIDDIO,Brook Benton,Mercury,15,7,
1960,47,27,30,PETER GUNN,Duane Eddy,Jamie,6,27,
1960,47,28,39,I’LL SAVE THE LAST DANCE FOR YOU,Damita Jo,Mercury,4,28,
1960,47,29,24,THE TWIST,Chubby Checker,Parkway,16,1,
1960,47,30,38,LOVE WALKED IN,Dinah Washington,Mercury,7,30,
1960,47,31,44,PERFIDIA,The Ventures,Dolton,3,31,
1960,47,32,26,SO SAD (To Watch Good Love Go Bad),The Everly Brothers,Warner Brothers,11,7,
1960,47,33,27,TOGETHERNESS,Frankie Avalon,Chancellor,9,26,
1960,47,34,65,SAILOR (Your Home Is the Sea),Lolita,Kapp,4,34,
1960,47,36,50,LONELY TEENAGER,Dion,Laurie,5,36,
1960,47,37,41,MY GIRL JOSEPHINE,Fats Domino,Imperial,4,37,
1960,47,38,64,RUBY DUBY DU,Tobin Mathews & Co.,Chief,3,38,
1960,47,39,28,A MILLION TO ONE,Jimmy Charles,Promo,13,5,
1960,47,40,54,SWAY,Bobby Rydell,Cameo,2,40,
1960,47,45,40,TONIGHTS THE NIGHT,The Shirelles,Scepter,10,39,
1960,47,46,37,DIAMONDS AND PEARLS,The Paradons,Milestone,13,18,
1960,47,47,32,IT’S NOW OR NEVER,Elvis Presley,RCA Victor,18,1,
1960,47,48,34,MR. CUSTER,Larry Verne,Era,12,1,
1960,47,56,33,A FOOL IN LOVE,Ike and Tina Turner,Sue,12,27,
1960,47,60,36,THREE NIGHTS A WEEK,Fats Domino,Imperial,11,15,
1960,47,79,31,NEVER ON SUNDAY,Don Costa and His Orchestra and Chorus,United Artists,15,19,
1960,47,41,62,YOU’RE SIXTEEN,Johnny Burnette,Liberty,3,41,
1960,47,42,61,AM I THE MAN,Jackie Wilson,Brunswick,4,42,
1960,47,43,43,MY DEAREST DARLING,Etta James,Argo,9,41,
1960,47,44,48,WAIT FOR ME,The Playmates,Roulette,4,44,
1960,47,49,79,MANY TEARS AGO,Connie Francis,MGM,2,49,
1960,48,1,6,STAY,Maurice Williams and the Zodiacs,Herald,8,1,1 week at #1
1960,48,2,35,ARE YOU LONESOME TO-NIGHT,Elvis Presley,RCA Victor,2,2,
1960,48,3,2,POETRY IN MOTION,Johnny Tillotson,Cadence,7,2,
1960,48,4,8,LAST DATE,Floyd Cramer,RCA Victor,7,4,
1960,48,5,1,GEORGIA ON MY MIND,Ray Charles,ABC-Paramount,9,1,
1960,48,6,7,"LET’S GO, LET’S GO, LET’S GO",Hank Ballard and the Midnighters,King,10,6,
1960,48,7,9,A THOUSAND STARS,Kathy Young and the Innocents,Indigo,5,7,
1960,48,8,11,NEW ORLEANS,Gary (U.S.) Bonds,Legrand,6,8,
1960,48,9,3,YOU TALK TOO MUCH,Joe Jones,RIC/Roulette,10,3,
1960,48,10,5,SAVE THE LAST DANCE FOR ME,The Drifters,Atlantic,12,1,
1960,48,11,4,I WANT TO BE WANTED,Brenda Lee,Decca,11,1,
1960,48,12,12,NORTH TO ALASKA,Johnny Horton,Columbia,10,12,
1960,48,13,15,ALONE AT LAST,Jackie Wilson,Brunswick,7,13,
1960,48,14,18,THE HUCKLEBUCK,Chubby Checker,Parkway,7,14,
1960,48,15,23,HE WILL BREAK YOUR HEART,Jerry Butler,Vee-Jay,4,15,
1960,48,16,14,DON’T BE CRUEL,Bill Black’s Combo,Hi,11,11,
1960,48,17,10,BLUE ANGEL,Roy Orbison,Monument,10,9,
1960,48,18,13,SLEEP,Little Willie John,King,12,13,
1960,48,19,49,MANY TEARS AGO,Connie Francis,MGM,3,19,
1960,48,20,40,SWAY,Bobby Rydell,Cameo,3,20,
1960,48,21,31,PERFIDIA,The Ventures,Dolton,4,21,
1960,48,22,22,TO EACH HIS OWN,The Platters,Mercury,7,21,
1960,48,23,17,DEVIL OR ANGEL,Bobby Vee,Liberty,17,6,
1960,48,24,34,SAILOR (Your Home Is the Sea),Lolita,Kapp,5,24,
1960,48,25,20,CHAIN GANG,Sam Cooke,RCA Victor,15,2,
1960,48,26,50,WONDERLAND BY NIGHT,Bert Kaempfert,Decca,2,26,
1960,48,27,37,MY GIRL JOSEPHINE,Fats Domino,Imperial,5,27,
1960,48,28,19,MY HEART HAS A MIND OF ITS OWN,Connie Francis,MGM,15,1,
1960,48,29,16,LET’S THINK ABOUT LIVING,Bob Luman,Warner Brothers,12,7,
1960,48,30,28,I’LL SAVE THE LAST DANCE FOR YOU,Damita Jo,Mercury,5,28,
1960,48,31,21,ARTIFICIAL FLOWERS,Bobby Darin,Atco,9,20,
1960,48,32,41,YOU’RE SIXTEEN,Johnny Burnette,Liberty,4,32,
1960,48,33,38,RUBY DUBY DU,Tobin Mathews & Co.,Chief,4,33,
1960,48,34,36,LONELY TEENAGER,Dion,Laurie,6,34,
1960,48,35,27,PETER GUNN,Duane Eddy,Jamie,7,27,
1960,48,36,33,TOGETHERNESS,Frankie Avalon,Chancellor,10,26,
1960,48,37,44,WAIT FOR ME,The Playmates,Roulette,5,37,
1960,48,38,43,MY DEAREST DARLING,Etta James,Argo,10,38,
1960,48,39,24,SUMMER’S GONE,Paul Anka,ABC-Paramount,9,11,
1960,48,40,54,FOOLS RUSH IN (Where Angels Fear To Tread),Brook Benton,Mercury,2,40,
1960,48,42,32,SO SAD (To Watch Good Love Go Bad),The Everly Brothers,Warner Brothers,12,7,
1960,48,44,30,LOVE WALKED IN,Dinah Washington,Mercury,8,30,
1960,48,45,25,THEME FROM “THE APARTMENT”,Ferrante and Teicher,United Artists,18,10,
1960,48,47,26,KIDDIO,Brook Benton,Mercury,16,7,
1960,48,48,39,A MILLION TO ONE,Jimmy Charles,Promo,14,5,
1960,48,52,29,THE TWIST,Chubby Checker,Parkway,17,1,
1960,48,41,53,AM I LOSING YOU,Jim Reeves,RCA Victor,5,41,
1960,48,43,51,OL’ MACDONALD,Frank Sinatra,Capitol,3,43,
1960,48,46,52,DEAR JOHN,Pat Boone,Dot,5,46,
1960,48,49,42,AM I THE MAN,Jackie Wilson,Brunswick,5,42,
1960,48,50,66,LIKE STRANGERS,The Everly Brothers,Cadence,4,50,
1960,49,1,2,ARE YOU LONESOME TO-NIGHT,Elvis Presley,RCA Victor,3,1,1 week at #1
1960,49,2,4,LAST DATE,Floyd Cramer,RCA Victor,8,2,
1960,49,3,1,STAY,Maurice Williams and the Zodiacs,Herald,9,1,
1960,49,4,3,POETRY IN MOTION,Johnny Tillotson,Cadence,8,2,
1960,49,5,7,A THOUSAND STARS,Kathy Young and the Innocents,Indigo,6,5,
1960,49,6,8,NEW ORLEANS,Gary (U.S.) Bonds,Legrand,7,6,
1960,49,7,12,NORTH TO ALASKA,Johnny Horton,Columbia,11,7,
1960,49,8,13,ALONE AT LAST,Jackie Wilson,Brunswick,8,8,
1960,49,9,6,"LET’S GO, LET’S GO, LET’S GO",Hank Ballard and the Midnighters,King,11,6,
1960,49,10,5,GEORGIA ON MY MIND,Ray Charles,ABC-Paramount,10,1,
1960,49,11,15,HE WILL BREAK YOUR HEART,Jerry Butler,Vee-Jay,5,11,
1960,49,12,24,SAILOR (Your Home Is the Sea),Lolita,Kapp,6,12,
1960,49,13,10,SAVE THE LAST DANCE FOR ME,The Drifters,Atlantic,13,1,
1960,49,14,19,MANY TEARS AGO,Connie Francis,MGM,4,14,
1960,49,15,14,THE HUCKLEBUCK,Chubby Checker,Parkway,8,14,
1960,49,16,20,SWAY,Bobby Rydell,Cameo,4,16,
1960,49,17,11,I WANT TO BE WANTED,Brenda Lee,Decca,12,1,
1960,49,18,21,PERFIDIA,The Ventures,Dolton,5,18,
1960,49,19,9,YOU TALK TOO MUCH,Joe Jones,RIC/Roulette,11,3,
1960,49,20,26,WONDERLAND BY NIGHT,Bert Kaempfert,Decca,3,20,
1960,49,21,32,YOU’RE SIXTEEN,Johnny Burnette,Liberty,5,21,
1960,49,22,50,LIKE STRANGERS,The Everly Brothers,Cadence,5,22,
1960,49,23,18,SLEEP,Little Willie John,King,13,13,
1960,49,24,27,MY GIRL JOSEPHINE,Fats Domino,Imperial,6,24,
1960,49,25,43,OL’ MACDONALD,Frank Sinatra,Capitol,4,25,
1960,49,26,23,DEVIL OR ANGEL,Bobby Vee,Liberty,18,6,
1960,49,27,17,BLUE ANGEL,Roy Orbison,Monument,11,9,
1960,49,28,22,TO EACH HIS OWN,The Platters,Mercury,8,21,
1960,49,29,30,I’LL SAVE THE LAST DANCE FOR YOU,Damita Jo,Mercury,6,28,
1960,49,30,33,RUBY DUBY DU,Tobin Mathews & Co.,Chief,5,30,
1960,49,31,40,FOOLS RUSH IN (Where Angels Fear To Tread),Brook Benton,Mercury,3,31,
1960,49,32,34,LONELY TEENAGER,Dion,Laurie,7,32,
1960,49,33,41,AM I LOSING YOU,Jim Reeves,RCA Victor,6,33,
1960,49,34,56,I GOTTA KNOW,Elvis Presley,RCA Victor,3,34,
1960,49,35,16,DON’T BE CRUEL,Bill Black’s Combo,Hi,12,11,
1960,49,36,36,TOGETHERNESS,Frankie Avalon,Chancellor,11,26,
1960,49,37,49,AM I THE MAN,Jackie Wilson,Brunswick,6,37,
1960,49,38,31,ARTIFICIAL FLOWERS,Bobby Darin,Atco,10,20,
1960,49,39,37,WAIT FOR ME,The Playmates,Roulette,6,37,
1960,49,40,51,EXODUS,Ferrante and Teicher,United Artists,3,40,
1960,49,42,38,MY DEAREST DARLING,Etta James,Argo,11,38,
1960,49,43,29,LET’S THINK ABOUT LIVING,Bob Luman,Warner Brothers,13,7,
1960,49,45,28,MY HEART HAS A MIND OF ITS OWN,Connie Francis,MGM,16,1,
1960,49,46,25,CHAIN GANG,Sam Cooke,RCA Victor,16,2,
1960,49,51,39,SUMMER’S GONE,Paul Anka,ABC-Paramount,10,11,
1960,49,52,35,PETER GUNN,Duane Eddy,Jamie,8,27,
1960,49,41,65,RUBY DUBY DU (From “KEY WITNESS”),Charles Wolcott,MGM,5,41,
1960,49,44,46,DEAR JOHN,Pat Boone,Dot,6,44,
1960,49,47,44,LOVE WALKED IN,Dinah Washington,Mercury,9,30,
1960,49,48,53,BALLAD OF THE ALAMO,Marty Robbins,Columbia,7,48,
1960,49,49,60,GONZO,James Booker,Peacock,4,49,
1960,49,50,58,NATURAL BORN LOVER,Fats Domino,Imperial,5,50,
1960,50,1,1,ARE YOU LONESOME TO-NIGHT,Elvis Presley,RCA Victor,4,1,2 weeks at #1
1960,50,2,2,LAST DATE,Floyd Cramer,RCA Victor,9,2,
1960,50,3,4,POETRY IN MOTION,Johnny Tillotson,Cadence,9,2,
1960,50,4,3,STAY,Maurice Williams and the Zodiacs,Herald,10,1,
1960,50,5,5,A THOUSAND STARS,Kathy Young and the Innocents,Indigo,7,5,
1960,50,6,7,NORTH TO ALASKA,Johnny Horton,Columbia,12,6,
1960,50,7,11,HE WILL BREAK YOUR HEART,Jerry Butler,Vee-Jay,6,7,
1960,50,8,6,NEW ORLEANS,Gary (U.S.) Bonds,Legrand,8,6,
1960,50,9,12,SAILOR (Your Home Is the Sea),Lolita,Kapp,7,9,
1960,50,10,9,"LET’S GO, LET’S GO, LET’S GO",Hank Ballard and the Midnighters,King,12,6,
1960,50,11,14,MANY TEARS AGO,Connie Francis,MGM,5,11,
1960,50,12,8,ALONE AT LAST,Jackie Wilson,Brunswick,9,8,
1960,50,13,20,WONDERLAND BY NIGHT,Bert Kaempfert,Decca,4,13,
1960,50,14,24,MY GIRL JOSEPHINE,Fats Domino,Imperial,7,14,
1960,50,15,10,GEORGIA ON MY MIND,Ray Charles,ABC-Paramount,11,1,
1960,50,16,16,SWAY,Bobby Rydell,Cameo,5,16,
1960,50,17,21,YOU’RE SIXTEEN,Johnny Burnette,Liberty,6,17,
1960,50,18,13,SAVE THE LAST DANCE FOR ME,The Drifters,Atlantic,14,1,
1960,50,19,18,PERFIDIA,The Ventures,Dolton,6,18,
1960,50,20,15,THE HUCKLEBUCK,Chubby Checker,Parkway,9,14,
1960,50,21,32,LONELY TEENAGER,Dion,Laurie,8,21,
1960,50,22,29,I’LL SAVE THE LAST DANCE FOR YOU,Damita Jo,Mercury,7,22,
1960,50,23,22,LIKE STRANGERS,The Everly Brothers,Cadence,6,22,
1960,50,24,31,FOOLS RUSH IN (Where Angels Fear To Tread),Brook Benton,Mercury,4,24,
1960,50,25,17,I WANT TO BE WANTED,Brenda Lee,Decca,13,1,
1960,50,26,28,TO EACH HIS OWN,The Platters,Mercury,9,21,
1960,50,27,34,I GOTTA KNOW,Elvis Presley,RCA Victor,4,27,
1960,50,28,19,YOU TALK TOO MUCH,Joe Jones,RIC/Roulette,12,3,
1960,50,29,23,SLEEP,Little Willie John,King,14,13,
1960,50,30,40,EXODUS,Ferrante and Teicher,United Artists,4,30,
1960,50,31,25,OL’ MACDONALD,Frank Sinatra,Capitol,5,25,
1960,50,32,37,AM I THE MAN,Jackie Wilson,Brunswick,7,32,
1960,50,33,38,ARTIFICIAL FLOWERS,Bobby Darin,Atco,11,20,
1960,50,34,42,MY DEAREST DARLING,Etta James,Argo,12,34,
1960,50,35,30,RUBY DUBY DU,Tobin Mathews & Co.,Chief,6,30,
1960,50,36,27,BLUE ANGEL,Roy Orbison,Monument,12,9,
1960,50,37,33,AM I LOSING YOU,Jim Reeves,RCA Victor,7,33,
1960,50,38,50,NATURAL BORN LOVER,Fats Domino,Imperial,6,38,
1960,50,39,70,LAST DATE,Lawrence Welk and His Orchestra,Dot,4,39,
1960,50,40,48,BALLAD OF THE ALAMO,Marty Robbins,Columbia,8,40,
1960,50,42,36,TOGETHERNESS,Frankie Avalon,Chancellor,12,26,
1960,50,44,39,WAIT FOR ME,The Playmates,Roulette,7,37,
1960,50,48,26,DEVIL OR ANGEL,Bobby Vee,Liberty,19,6,
1960,50,52,35,DON’T BE CRUEL,Bill Black’s Combo,Hi,13,11,
1960,50,41,75,BLUE TANGO,Bill Black’s Combo,Hi,2,41,
1960,50,43,49,GONZO,James Booker,Peacock,5,43,
1960,50,45,61,RUBY,Ray Charles,ABC-Paramount,3,45,
1960,50,46,44,DEAR JOHN,Pat Boone,Dot,7,44,
1960,50,47,54,ALABAM,Pat Boone,Dot,7,47,
1960,50,49,53,I MISSED ME,Jim Reeves,RCA Victor,4,49,
1960,50,50,41,RUBY DUBY DU (From “KEY WITNESS”),Charles Wolcott,MGM,6,41,
1960,51,1,1,ARE YOU LONESOME TO-NIGHT,Elvis Presley,RCA Victor,5,1,3 weeks at #1
1960,51,2,2,LAST DATE,Floyd Cramer,RCA Victor,10,2,
1960,51,3,5,A THOUSAND STARS,Kathy Young and the Innocents,Indigo,8,3,
1960,51,4,13,WONDERLAND BY NIGHT,Bert Kaempfert,Decca,5,4,
1960,51,5,6,NORTH TO ALASKA,Johnny Horton,Columbia,13,5,
1960,51,6,9,SAILOR (Your Home Is the Sea),Lolita,Kapp,8,6,
1960,51,7,7,HE WILL BREAK YOUR HEART,Jerry Butler,Vee-Jay,7,7,
1960,51,8,11,MANY TEARS AGO,Connie Francis,MGM,6,8,
1960,51,9,3,POETRY IN MOTION,Johnny Tillotson,Cadence,10,2,
1960,51,10,30,EXODUS,Ferrante and Teicher,United Artists,5,10,
1960,51,11,4,STAY,Maurice Williams and the Zodiacs,Herald,11,1,
1960,51,12,17,YOU’RE SIXTEEN,Johnny Burnette,Liberty,7,12,
1960,51,13,8,NEW ORLEANS,Gary (U.S.) Bonds,Legrand,9,6,
1960,51,14,16,SWAY,Bobby Rydell,Cameo,6,14,
1960,51,15,10,"LET’S GO, LET’S GO, LET’S GO",Hank Ballard and the Midnighters,King,13,6,
1960,51,16,12,ALONE AT LAST,Jackie Wilson,Brunswick,10,8,
1960,51,17,14,MY GIRL JOSEPHINE,Fats Domino,Imperial,8,14,
1960,51,18,21,LONELY TEENAGER,Dion,Laurie,9,18,
1960,51,19,19,PERFIDIA,The Ventures,Dolton,7,18,
1960,51,20,27,I GOTTA KNOW,Elvis Presley,RCA Victor,5,20,
1960,51,21,39,LAST DATE,Lawrence Welk and His Orchestra,Dot,5,21,
1960,51,22,41,BLUE TANGO,Bill Black’s Combo,Hi,3,22,
1960,51,23,53,RUBBER BALL,Bobby Vee,Liberty,3,23,
1960,51,24,20,THE HUCKLEBUCK,Chubby Checker,Parkway,10,14,
1960,51,25,51,WONDERLAND BY NIGHT,Louis Prima,Dot,5,25,
1960,51,26,24,FOOLS RUSH IN (Where Angels Fear To Tread),Brook Benton,Mercury,5,24,
1960,51,27,22,I’LL SAVE THE LAST DANCE FOR YOU,Damita Jo,Mercury,8,22,
1960,51,28,15,GEORGIA ON MY MIND,Ray Charles,ABC-Paramount,12,1,
1960,51,29,18,SAVE THE LAST DANCE FOR ME,The Drifters,Atlantic,15,1,
1960,51,30,23,LIKE STRANGERS,The Everly Brothers,Cadence,7,22,
1960,51,31,37,AM I LOSING YOU,Jim Reeves,RCA Victor,8,31,
1960,51,32,25,I WANT TO BE WANTED,Brenda Lee,Decca,14,1,
1960,51,33,58,WILL YOU LOVE ME TOMORROW,The Shirelles,Scepter,4,33,
1960,51,34,40,BALLAD OF THE ALAMO,Marty Robbins,Columbia,9,34,
1960,51,35,45,RUBY,Ray Charles,ABC-Paramount,4,35,
1960,51,36,74,DON’T GO TO STRANGERS,Etta Jones,Prestige,6,36,
1960,51,37,26,TO EACH HIS OWN,The Platters,Mercury,10,21,
1960,51,38,29,SLEEP,Little Willie John,King,15,13,
1960,51,39,38,NATURAL BORN LOVER,Fats Domino,Imperial,7,38,
1960,51,41,36,BLUE ANGEL,Roy Orbison,Monument,13,9,
1960,51,43,32,AM I THE MAN,Jackie Wilson,Brunswick,8,32,
1960,51,46,35,RUBY DUBY DU,Tobin Mathews & Co.,Chief,6,30,
1960,51,47,31,OL’ MACDONALD,Frank Sinatra,Capitol,6,25,
1960,51,48,28,YOU TALK TOO MUCH,Joe Jones,RIC/Roulette,13,3,
1960,51,56,33,ARTIFICIAL FLOWERS,Bobby Darin,Atco,12,20,
1960,51,63,34,MY DEAREST DARLING,Etta James,Argo,13,34,
1960,51,42,71,"CORINNA, CORINNA",Ray Peterson,Dunes,4,42,
1960,51,44,49,I MISSED ME,Jim Reeves,RCA Victor,5,44,
1960,51,45,54,MAIN THEME FROM EXODUS (Ari’s Theme),Mantovani and His Orchestra,London,4,45,
1960,51,49,59,ONCE IN AWHILE,The Chimes,Tag,7,49,
1960,51,50,43,GONZO,James Booker,Peacock,6,43,
1960,52,1,1,ARE YOU LONESOME TO-NIGHT,Elvis Presley,RCA Victor,6,1,4 weeks at #1
1960,52,2,2,LAST DATE,Floyd Cramer,RCA Victor,11,2,
1960,52,3,4,WONDERLAND BY NIGHT,Bert Kaempfert,Decca,6,3,
1960,52,4,5,NORTH TO ALASKA,Johnny Horton,Columbia,14,4,
1960,52,5,6,SAILOR (Your Home Is the Sea),Lolita,Kapp,9,5,
1960,52,6,10,EXODUS,Ferrante and Teicher,United Artists,6,6,
1960,52,7,3,A THOUSAND STARS,Kathy Young and the Innocents,Indigo,9,3,
1960,52,8,8,MANY TEARS AGO,Connie Francis,MGM,7,8,
1960,52,9,12,YOU’RE SIXTEEN,Johnny Burnette,Liberty,8,9,
1960,52,10,7,HE WILL BREAK YOUR HEART,Jerry Butler,Vee-Jay,8,7,
1960,52,11,9,POETRY IN MOTION,Johnny Tillotson,Cadence,11,2,
1960,52,12,18,LONELY TEENAGER,Dion,Laurie,10,12,
1960,52,13,11,STAY,Maurice Williams and the Zodiacs,Herald,12,1,
1960,52,14,14,SWAY,Bobby Rydell,Cameo,7,14,
1960,52,15,23,RUBBER BALL,Bobby Vee,Liberty,4,15,
1960,52,16,22,BLUE TANGO,Bill Black’s Combo,Hi,4,16,
1960,52,17,19,PERFIDIA,The Ventures,Dolton,8,17,
1960,52,18,13,NEW ORLEANS,Gary (U.S.) Bonds,Legrand,10,6,
1960,52,19,17,MY GIRL JOSEPHINE,Fats Domino,Imperial,9,14,
1960,52,20,25,WONDERLAND BY NIGHT,Louis Prima,Dot,6,20,
1960,52,21,16,ALONE AT LAST,Jackie Wilson,Brunswick,11,8,
1960,52,22,33,WILL YOU LOVE ME TOMORROW,The Shirelles,Scepter,5,22,
1960,52,23,40,ANGEL BABY,Rosie and the Originals,Highland,2,23,
1960,52,24,21,LAST DATE,Lawrence Welk and His Orchestra,Dot,6,21,
1960,52,25,15,"LET’S GO, LET’S GO, LET’S GO",Hank Ballard and the Midnighters,King,14,6,
1960,52,26,64,ROCKIN’ AROUND THE CHRISTMAS TREE,Brenda Lee,Decca,2,26,
1960,52,27,42,"CORINNA, CORINNA",Ray Peterson,Dunes,5,27,
1960,52,28,53,THE LITTLE DRUMMER BOY,The Harry Simeone Chorale,20th Fox,18,13,
1960,52,29,51,SAD MOOD,Sam Cooke,RCA Victor,3,29,
1960,52,30,20,I GOTTA KNOW,Elvis Presley,RCA Victor,6,20,
1960,52,31,27,I’LL SAVE THE LAST DANCE FOR YOU,Damita Jo,Mercury,9,22,
1960,52,32,55,WHITE CHRISTMAS,Bing Crosby,Decca,69,1,
1960,52,33,26,FOOLS RUSH IN (Where Angels Fear To Tread),Brook Benton,Mercury,6,24,
1960,52,34,34,BALLAD OF THE ALAMO,Marty Robbins,Columbia,10,34,
1960,52,35,29,SAVE THE LAST DANCE FOR ME,The Drifters,Atlantic,16,1,
1960,52,36,35,RUBY,Ray Charles,ABC-Paramount,5,35,
1960,52,37,30,LIKE STRANGERS,The Everly Brothers,Cadence,8,22,
1960,52,38,24,THE HUCKLEBUCK,Chubby Checker,Parkway,11,14,
1960,52,39,31,AM I LOSING YOU,Jim Reeves,RCA Victor,9,31,
1960,52,40,39,NATURAL BORN LOVER,Fats Domino,Imperial,8,38,
1960,52,49,28,GEORGIA ON MY MIND,Ray Charles,ABC-Paramount,13,1,
1960,52,52,32,I WANT TO BE WANTED,Brenda Lee,Decca,15,1,
1960,52,55,36,DON’T GO TO STRANGERS,Etta Jones,Prestige,7,36,
1960,52,63,38,SLEEP,Little Willie John,King,16,13,
1960,52,70,37,TO EACH HIS OWN,The Platters,Mercury,11,21,
1960,52,41,65,DOLL HOUSE,Donnie Brooks,Era,4,41,
1960,52,42,59,WINGS OF A DOVE,Ferlin Husky,Capitol,4,42,
1960,52,43,58,THE HOOCHI COOCHI COO,Hank Ballard and the Midnighters,King,3,43,
1960,52,44,49,ONCE IN AWHILE,The Chimes,Tag,8,44,
1960,52,45,66,THE CHIPMUNK SONG (Christmas Don’t Be Late),The Chipmunks with the Music Of David Seville,Liberty,20,1,
1960,52,46,69,JINGLE BELL ROCK,Bobby Helms,Decca,12,6,
1960,52,47,57,WONDERLAND BY NIGHT,Anita Bryant,Carlton,3,47,
1960,52,48,54,WALK SLOW,Little Willie John,King,4,48,
1960,52,50,45,MAIN THEME FROM EXODUS (Ari’s Theme),Mantovani and His Orchestra,London,5,45,
