YEAR,WEEK,TW,LW,TITLE,ARTIST,LABEL,WEEKS_ON_CHART,PEAK_POSITION,WEEKS_AT_1
1961,1,2,3,WONDERLAND BY NIGHT,Bert Kaempfert,Decca,7,2,
1961,1,3,2,LAST DATE,Floyd Cramer,RCA Victor,12,2,
1961,1,4,7,A THOUSAND STARS,Kathy Young and the Innocents,Indigo,10,3,
1961,1,5,6,EXODUS,Ferrante and Teicher,United Artists,7,5,
1961,1,6,4,NORTH TO ALASKA,Johnny Horton,Columbia,15,4,
1961,1,7,8,MANY TEARS AGO,Connie Francis,MGM,8,7,
1961,1,8,9,YOU’RE SIXTEEN,Johnny Burnette,Liberty,9,8,
1961,1,9,5,SAILOR (Your Home Is the Sea),Lolita,Kapp,10,5,
1961,1,10,27,"CORINNA, CORINNA",Ray Peterson,Dunes,6,10,
1961,1,12,12,LONELY TEENAGER,Dion,Laurie,11,12,
1961,1,13,23,ANGEL BABY,Rosie and the Originals,Highland,3,13,
1961,1,16,15,RUBBER BALL,Bobby Vee,Liberty,5,15,
1961,1,17,20,WONDERLAND BY NIGHT,Louis Prima,Dot,7,17,
1961,1,18,11,POETRY IN MOTION,Johnny Tillotson,Cadence,12,2,
1961,1,19,18,NEW ORLEANS,Gary (U.S.) Bonds,Legrand,11,6,
1961,1,21,62,RUDOLPH THE RED NOSED REINDEER,David Seville and the Chipmunks,Liberty,2,21,
1961,1,23,14,SWAY,Bobby Rydell,Cameo,8,14,
1961,1,24,28,THE LITTLE DRUMMER BOY,The Harry Simeone Chorale,20th Fox,19,13,
1961,1,25,16,BLUE TANGO,Bill Black’s Combo,Hi,5,16,
1961,1,27,47,WONDERLAND BY NIGHT,Anita Bryant,Carlton,4,27,
1961,1,29,33,FOOLS RUSH IN (Where Angels Fear To Tread),Brook Benton,Mercury,7,24,
1961,1,30,13,STAY,Maurice Williams and the Zodiacs,Herald,13,1,
1961,1,31,41,DOLL HOUSE,Donnie Brooks,Era,5,31,
1961,1,35,42,WINGS OF A DOVE,Ferlin Husky,Capitol,5,35,
1961,1,36,46,JINGLE BELL ROCK,Bobby Helms,Decca,13,6,
1961,1,37,31,I’LL SAVE THE LAST DANCE FOR YOU,Damita Jo,Mercury,10,22,
1961,1,38,34,BALLAD OF THE ALAMO,Marty Robbins,Columbia,11,34,
1961,1,39,30,I GOTTA KNOW,Elvis Presley,RCA Victor,7,20,
1961,1,41,24,LAST DATE,Lawrence Welk and His Orchestra,Dot,7,21,
1961,1,43,39,AM I LOSING YOU,Jim Reeves,RCA Victor,10,31,
1961,1,65,40,NATURAL BORN LOVER,Fats Domino,Imperial,9,38,
1961,1,42,65,CALCUTTA,Lawrence Welk and His Orchestra,Dot,3,42,
1961,1,45,58,"ADESTE FIDELES (Oh, Come, All Ye Faithful)",Bing Crosby,Decca,3,45,
1961,1,46,66,OL’ MACDONALD,Frank Sinatra,Capitol,8,25,
1961,1,48,54,GEE WHIZ,The Innocents,Indigo,6,48,
1961,1,49,44,ONCE IN AWHILE,The Chimes,Tag,9,44,
1961,1,50,75,A PERFECT LOVE,Frankie Avalon,Chancellor,3,50,
1961,2,1,1,ARE YOU LONESOME TO-NIGHT,Elvis Presley,RCA Victor,8,1,6 weeks at #1
1961,2,2,2,WONDERLAND BY NIGHT,Bert Kaempfert,Decca,8,2,
1961,2,3,3,LAST DATE,Floyd Cramer,RCA Victor,13,2,
1961,2,4,5,EXODUS,Ferrante and Teicher,United Artists,8,4,
1961,2,5,4,A THOUSAND STARS,Kathy Young and The Innocents,Indigo,11,3,
1961,2,6,6,NORTH TO ALASKA,Johnny Horton,Columbia,16,4,
1961,2,7,7,MANY TEARS AGO,Connie Francis,MGM,9,7,
1961,2,8,8,YOU’RE SIXTEEN,Johnny Burnette,Liberty,10,8,
1961,2,9,13,ANGEL BABY,Rosie and The Originals,Highland,4,9,
1961,2,10,10,"CORRINA, CORRINA",Ray Peterson,Dunes,7,10,
1961,2,11,16,RUBBER BALL,Bobby Vee,Liberty,6,11,
1961,2,12,9,SAILOR (Your Home Is The Sea),Lolita,Kapp,11,5,
1961,2,13,11,HE WILL BREAK YOUR HEART,Jerry Butler,Vee-Jay,10,7,
1961,2,14,20,WILL YOU LOVE ME TOMORROW,The Shirelles,Scepter,7,14,
1961,2,15,12,LONELY TEENAGER,Dion,Laurie,12,12,
1961,2,16,17,WONDERLAND BY NIGHT,Louis Prima,Dot,8,16,
1961,2,17,15,PERFIDIA,The Ventures,Dolton,10,15,
1961,2,18,14,ROCKIN’ AROUND THE CHRISTMAS TREE,Brenda Lee,Decca,4,14,
1961,2,19,27,WONDERLAND BY NIGHT,Anita Bryant,Carlton,5,19,
1961,2,20,23,SWAY,Bobby Rydell,Cameo,9,14,
1961,2,21,18,POETRY IN MOTION,Johnny Tillotson,Cadence,13,2,
1961,2,22,42,CALCUTTA,Lawrence Welk and His Orchestra,Dot,4,22,
1961,2,23,35,WINGS OF A DOVE,Ferlin Husky,Capitol,6,23,
1961,2,24,19,NEW ORLEANS,Gary (U.S.) Bonds,Legrand,12,6,
1961,2,25,22,MY GIRL JOSEPHINE,Fats Domino,Imperial,11,14,
1961,2,26,25,BLUE TANGO,Bill Black’s Combo,Hi,6,16,
1961,2,27,62,BABY OH BABY,The Shells,Johnson,3,27,
1961,2,28,32,RUBY,Ray Charles,ABC-Paramount,7,28,
1961,2,29,24,THE LITTLE DRUMMER BOY,The Harry Simeone Chorale,20th Fox,20,13,
1961,2,30,29,FOOLS RUSH IN (Where Angels Fear To Tread),Brook Benton,Mercury,8,24,
1961,2,31,28,ALONE AT LAST,Jackie Wilson,Brunswick,13,8,
1961,2,32,53,SHOP AROUND,The Miracles (Featuring Bill “Smokey” Robinson),Tamla,4,32,
1961,2,33,39,I GOTTA KNOW,Elvis Presley,RCA Victor,8,20,
1961,2,34,31,DOLL HOUSE,Donnie Brooks,Era,6,31,
1961,2,35,30,STAY,Maurice Williams and The Zodiacs,Herald,14,1,
1961,2,36,34,SAD MOOD,Sam Cooke,RCA Victor,5,29,
1961,2,37,55,I COUNT THE TEARS,The Drifters,Atlantic,3,37,
1961,2,38,57,CALENDAR GIRL,Neil Sedaka,RCA Victor,3,38,
1961,2,39,38,BALLAD OF THE ALAMO,Marty Robbins,Columbia,12,34,
1961,2,41,37,I’LL SAVE THE LAST DANCE FOR YOU,Damita Jo,Mercury,11,22,
1961,2,45,40,THE HUCKLEBUCK,Chubby Checker,Parkway,13,14,
1961,2,52,33,"LET’S GO, LET’S GO, LET’s GO",Hank Ballard and The Midnighters,King,16,6,
1961,2,42,63,YOU ARE THE ONLY ONE,Ricky Nelson,Imperial,2,42,
1961,2,43,52,GONZO,James Booker,Peacock,9,43,
1961,2,44,48,GEE WHIZ,The Innocents,Indigo,7,44,
1961,2,47,56,DANCE BY THE LIGHT OF THE MOON,The Olympics,Arvee,5,47,
1961,2,48,43,AM I LOSING YOU,Jim Reeves,RCA Victor,11,31,
1961,2,49,61,TWISTIN’ BELLS,Santo and Johnny,Canadian American,3,49,
1961,2,50,49,ONCE IN AWHILE,The Chimes,Tag,10,44,
1961,3,1,2,WONDERLAND BY NIGHT,Bert Kaempfert,Decca,9,1,1 week at #1
1961,3,2,1,ARE YOU LONESOME TO-NIGHT,Elvis Presley,RCA Victor,9,1,
1961,3,3,4,EXODUS,Ferrante and Teicher,United Artists,9,3,
1961,3,4,3,LAST DATE,Floyd Cramer,RCA Victor,14,2,
1961,3,5,14,WILL YOU LOVE ME TOMORROW,The Shirelles,Scepter,8,5,
1961,3,6,11,RUBBER BALL,Bobby Vee,Liberty,7,6,
1961,3,7,9,ANGEL BABY,Rosie and the Originals,Highland,5,7,
1961,3,8,6,NORTH TO ALASKA,Johnny Horton,Columbia,17,4,
1961,3,9,10,"CORINNA, CORINNA",Ray Peterson,Dunes,8,9,
1961,3,10,8,YOU’RE SIXTEEN,Johnny Burnette,Liberty,11,8,
1961,3,11,5,A THOUSAND STARS,Kathy Young and the Innocents,Indigo,12,3,
1961,3,12,7,MANY TEARS AGO,Connie Francis,MGM,10,7,
1961,3,13,22,CALCUTTA,Lawrence Welk and His Orchestra,Dot,5,13,
1961,3,14,13,HE WILL BREAK YOUR HEART,Jerry Butler,Vee-Jay,11,7,
1961,3,15,16,WONDERLAND BY NIGHT,Louis Prima,Dot,9,15,
1961,3,16,12,SAILOR (Your Home Is the Sea),Lolita,Kapp,12,5,
1961,3,17,15,LONELY TEENAGER,Dion,Laurie,13,12,
1961,3,18,19,WONDERLAND BY NIGHT,Anita Bryant,Carlton,6,18,
1961,3,19,32,SHOP AROUND,The Miracles (Featuring Bill “Smokey” Robinson),Tamla,5,19,
1961,3,20,23,WINGS OF A DOVE,Ferlin Husky,Capitol,7,20,
1961,3,21,26,BLUE TANGO,Bill Black’s Combo,Hi,7,16,
1961,3,22,27,BABY OH BABY,The Shells,Johnson,4,22,
1961,3,23,38,CALENDAR GIRL,Neil Sedaka,RCA Victor,4,23,
1961,3,24,17,PERFIDIA,The Ventures,Dolton,11,15,
1961,3,25,42,YOU ARE THE ONLY ONE,Ricky Nelson,Imperial,3,25,
1961,3,26,20,SWAY,Bobby Rydell,Cameo,10,14,
1961,3,27,40,I’M HURTIN’,Roy Orbison,Monument,5,27,
1961,3,28,28,RUBY,Ray Charles,ABC-Paramount,8,28,
1961,3,29,25,MY GIRL JOSEPHINE,Fats Domino,Imperial,12,14,
1961,3,30,37,I COUNT THE TEARS,The Drifters,Atlantic,4,30,
1961,3,31,21,POETRY IN MOTION,Johnny Tillotson,Cadence,14,2,
1961,3,32,33,I GOTTA KNOW,Elvis Presley,RCA Victor,9,20,
1961,3,33,24,NEW ORLEANS,Gary (U.S.) Bonds,Legrand,13,6,
1961,3,34,44,GEE WHIZ,The Innocents,Indigo,8,34,
1961,3,35,35,STAY,Maurice Williams and the Zodiacs,Herald,15,1,
1961,3,36,60,LOVEY DOVEY,Buddy Knox,Liberty,4,36,
1961,3,37,34,DOLL HOUSE,Donnie Brooks,Era,7,31,
1961,3,38,36,SAD MOOD,Sam Cooke,RCA Victor,6,29,
1961,3,39,31,ALONE AT LAST,Jackie Wilson,Brunswick,14,8,
1961,3,40,61,THERE SHE GOES,Jerry Wallace,Challenge,3,40,
1961,3,46,39,BALLAD OF THE ALAMO,Marty Robbins,Columbia,13,34,
1961,3,51,30,FOOLS RUSH IN (Where Angels Fear To Tread),Brook Benton,Mercury,9,24,
1961,3,41,50,ONCE IN AWHILE,The Chimes,Tag,11,41,
1961,3,43,62,THE HOOCHI COOCHI COO,Hank Ballard and the Midnighters,King,6,43,
1961,3,44,58,THE MAGNIFICENT SEVEN,Al Caiola and His Orchestra,United Artists,6,44,
1961,3,45,57,MY LAST DATE (With You),Skeeter Davis,RCA Victor,5,45,
1961,3,47,54,A PERFECT LOVE,Frankie Avalon,Chancellor,5,47,
1961,3,48,83,EMOTIONS,Brenda Lee,Decca,2,48,
1961,3,49,46,BUMBLE BEE,LaVern Baker,Atlantic,9,46,
1961,3,50,47,DANCE BY THE LIGHT OF THE MOON,The Olympics,Arvee,6,47,
1961,4,1,1,WONDERLAND BY NIGHT,Bert Kaempfert,Decca,10,1,2 weeks at #1
1961,4,2,2,ARE YOU LONESOME TO-NIGHT,Elvis Presley,RCA Victor,10,1,
1961,4,3,3,EXODUS,Ferrante and Teicher,United Artists,10,3,
1961,4,4,5,WILL YOU LOVE ME TOMORROW,The Shirelles,Scepter,9,4,
1961,4,5,13,CALCUTTA,Lawrence Welk and His Orchestra,Dot,6,5,
1961,4,6,7,ANGEL BABY,Rosie and the Originals,Highland,6,6,
1961,4,7,6,RUBBER BALL,Bobby Vee,Liberty,8,6,
1961,4,8,4,LAST DATE,Floyd Cramer,RCA Victor,15,2,
1961,4,9,9,"CORINNA, CORINNA",Ray Peterson,Dunes,9,9,
1961,4,10,8,NORTH TO ALASKA,Johnny Horton,Columbia,18,4,
1961,4,11,11,A THOUSAND STARS,Kathy Young and the Innocents,Indigo,13,3,
1961,4,12,19,SHOP AROUND,The Miracles (Featuring Bill “Smokey” Robinson),Tamla,6,12,
1961,4,13,10,YOU’RE SIXTEEN,Johnny Burnette,Liberty,12,8,
1961,4,14,23,CALENDAR GIRL,Neil Sedaka,RCA Victor,5,14,
1961,4,15,15,WONDERLAND BY NIGHT,Louis Prima,Dot,10,15,
1961,4,16,16,SAILOR (Your Home Is the Sea),Lolita,Kapp,13,5,
1961,4,17,12,MANY TEARS AGO,Connie Francis,MGM,11,7,
1961,4,18,14,HE WILL BREAK YOUR HEART,Jerry Butler,Vee-Jay,12,7,
1961,4,19,17,LONELY TEENAGER,Dion,Laurie,14,12,
1961,4,20,18,WONDERLAND BY NIGHT,Anita Bryant,Carlton,7,18,
1961,4,21,22,BABY OH BABY,The Shells,Johnson,5,21,
1961,4,22,21,BLUE TANGO,Bill Black’s Combo,Hi,8,16,
1961,4,23,20,WINGS OF A DOVE,Ferlin Husky,Capitol,8,20,
1961,4,24,30,I COUNT THE TEARS,The Drifters,Atlantic,5,24,
1961,4,25,41,ONCE IN AWHILE,The Chimes,Tag,12,25,
1961,4,26,48,EMOTIONS,Brenda Lee,Decca,3,26,
1961,4,27,25,YOU ARE THE ONLY ONE,Ricky Nelson,Imperial,4,25,
1961,4,28,34,GEE WHIZ,The Innocents,Indigo,9,28,
1961,4,29,60,MY EMPTY ARMS,Jackie Wilson,Brunswick,2,29,
1961,4,30,27,I’M HURTIN’,Roy Orbison,Monument,6,27,
1961,4,31,36,LOVEY DOVEY,Buddy Knox,Liberty,5,31,
1961,4,32,29,MY GIRL JOSEPHINE,Fats Domino,Imperial,13,14,
1961,4,33,24,PERFIDIA,The Ventures,Dolton,12,15,
1961,4,34,45,MY LAST DATE (With You),Skeeter Davis,RCA Victor,6,34,
1961,4,35,43,THE HOOCHI COOCHI COO,Hank Ballard and the Midnighters,King,7,35,
1961,4,36,26,SWAY,Bobby Rydell,Cameo,11,14,
1961,4,37,32,I GOTTA KNOW,Elvis Presley,RCA Victor,10,20,
1961,4,38,42,“PEPE”,Duane Eddy,Jamie,5,38,
1961,4,39,57,C’EST SI BON (It’s So Good),Conway Twitty,MGM,3,39,
1961,4,40,44,THE MAGNIFICENT SEVEN,Al Caiola and His Orchestra,United Artists,7,40,
1961,4,42,40,THERE SHE GOES,Jerry Wallace,Challenge,4,40,
1961,4,43,37,DOLL HOUSE,Donnie Brooks,Era,8,31,
1961,4,44,35,STAY,Maurice Williams and the Zodiacs,Herald,16,1,
1961,4,47,31,POETRY IN MOTION,Johnny Tillotson,Cadence,15,2,
1961,4,49,38,SAD MOOD,Sam Cooke,RCA Victor,7,29,
1961,4,50,28,RUBY,Ray Charles,ABC-Paramount,9,28,
1961,4,56,39,ALONE AT LAST,Jackie Wilson,Brunswick,15,8,
1961,4,97,33,NEW ORLEANS,Gary (U.S.) Bonds,Legrand,14,6,
1961,4,41,53,MAIN THEME FROM EXODUS (Ari’s Theme),Mantovani and His Orchestra,London,9,41,
1961,4,45,55,MY LAST DATE (With You),Joni James,MGM,5,45,
1961,4,46,73,THERE’S A MOON OUT TONIGHT,The Capris,Old Town,3,46,
1961,4,48,81,WHEELS,The String-A-Longs,Warwick,2,48,
1961,5,1,1,WONDERLAND BY NIGHT,Bert Kaempfert,Decca,11,1,3 weeks at #1
1961,5,2,3,EXODUS,Ferrante and Teicher,United Artists,11,2,
1961,5,3,5,CALCUTTA,Lawrence Welk and His Orchestra,Dot,7,3,
1961,5,4,4,WILL YOU LOVE ME TOMORROW,The Shirelles,Scepter,10,4,
1961,5,5,6,ANGEL BABY,Rosie and the Originals,Highland,7,5,
1961,5,6,2,ARE YOU LONESOME TO-NIGHT,Elvis Presley,RCA Victor,11,1,
1961,5,7,12,SHOP AROUND,The Miracles (Featuring Bill “Smokey” Robinson),Tamla,7,7,
1961,5,8,14,CALENDAR GIRL,Neil Sedaka,RCA Victor,6,8,
1961,5,9,7,RUBBER BALL,Bobby Vee,Liberty,9,6,
1961,5,10,9,"CORINNA, CORINNA",Ray Peterson,Dunes,10,9,
1961,5,11,8,LAST DATE,Floyd Cramer,RCA Victor,16,2,
1961,5,12,10,NORTH TO ALASKA,Johnny Horton,Columbia,19,4,
1961,5,13,26,EMOTIONS,Brenda Lee,Decca,4,13,
1961,5,14,25,ONCE IN AWHILE,The Chimes,Tag,13,14,
1961,5,15,11,A THOUSAND STARS,Kathy Young and the Innocents,Indigo,14,3,
1961,5,16,23,WINGS OF A DOVE,Ferlin Husky,Capitol,9,16,
1961,5,17,29,MY EMPTY ARMS,Jackie Wilson,Brunswick,3,17,
1961,5,18,16,SAILOR (Your Home Is the Sea),Lolita,Kapp,14,5,
1961,5,19,15,WONDERLAND BY NIGHT,Louis Prima,Dot,11,15,
1961,5,20,13,YOU’RE SIXTEEN,Johnny Burnette,Liberty,13,8,
1961,5,21,18,HE WILL BREAK YOUR HEART,Jerry Butler,Vee-Jay,13,7,
1961,5,22,24,I COUNT THE TEARS,The Drifters,Atlantic,6,22,
1961,5,23,19,LONELY TEENAGER,Dion,Laurie,15,12,
1961,5,24,21,BABY OH BABY,The Shells,Johnson,6,21,
1961,5,25,31,LOVEY DOVEY,Buddy Knox,Liberty,6,25,
1961,5,26,34,MY LAST DATE (With You),Skeeter Davis,RCA Victor,7,26,
1961,5,27,20,WONDERLAND BY NIGHT,Anita Bryant,Carlton,8,18,
1961,5,28,32,MY GIRL JOSEPHINE,Fats Domino,Imperial,14,14,
1961,5,29,38,“PEPE”,Duane Eddy,Jamie,6,29,
1961,5,30,35,THE HOOCHI COOCHI COO,Hank Ballard and the Midnighters,King,8,30,
1961,5,31,41,MAIN THEME FROM EXODUS (Ari’s Theme),Mantovani and His Orchestra,London,10,31,
1961,5,32,39,C’EST SI BON (It’s So Good),Conway Twitty,MGM,4,32,
1961,5,33,27,YOU ARE THE ONLY ONE,Ricky Nelson,Imperial,5,25,
1961,5,34,48,WHEELS,The String-A-Longs,Warwick,3,34,
1961,5,35,40,THE MAGNIFICENT SEVEN,Al Caiola and His Orchestra,United Artists,8,35,
1961,5,36,46,THERE’S A MOON OUT TONIGHT,The Capris,Old Town,4,36,
1961,5,37,17,MANY TEARS AGO,Connie Francis,MGM,12,7,
1961,5,38,45,MY LAST DATE (With You),Joni James,MGM,6,38,
1961,5,39,28,GEE WHIZ,The Innocents,Indigo,10,28,
1961,5,40,22,BLUE TANGO,Bill Black’s Combo,Hi,9,16,
1961,5,43,37,I GOTTA KNOW,Elvis Presley,RCA Victor,11,20,
1961,5,46,30,I’M HURTIN’,Roy Orbison,Monument,7,27,
1961,5,54,33,PERFIDIA,The Ventures,Dolton,13,15,
1961,5,41,42,THERE SHE GOES,Jerry Wallace,Challenge,5,40,
1961,5,42,90,WHERE THE BOYS ARE,Connie Francis,MGM,2,42,
1961,5,44,52,UTOPIA,Frank Gari,Crusade,6,44,
1961,5,45,59,SPANISH HARLEM,Ben E. King,Atco,4,45,
1961,5,47,54,ALL IN MY MIND,Maxine Brown,Nomar,4,47,
1961,5,48,43,DOLL HOUSE,Donnie Brooks,Era,9,31,
1961,5,50,79,IF I DIDN’T CARE,The Platters,Mercury,3,50,
1961,6,1,4,WILL YOU LOVE ME TOMORROW,The Shirelles,Scepter,11,1,1 week at #1
1961,6,2,3,CALCUTTA,Lawrence Welk and His Orchestra,Dot,8,2,
1961,6,3,2,EXODUS,Ferrante and Teicher,United Artists,12,2,
1961,6,4,1,WONDERLAND BY NIGHT,Bert Kaempfert,Decca,12,1,
1961,6,5,7,SHOP AROUND,The Miracles (Featuring Bill “Smokey” Robinson),Tamla,8,5,
1961,6,6,5,ANGEL BABY,Rosie and the Originals,Highland,8,5,
1961,6,7,8,CALENDAR GIRL,Neil Sedaka,RCA Victor,7,7,
1961,6,8,13,EMOTIONS,Brenda Lee,Decca,5,8,
1961,6,9,9,RUBBER BALL,Bobby Vee,Liberty,10,6,
1961,6,10,6,ARE YOU LONESOME TO-NIGHT,Elvis Presley,RCA Victor,12,1,
1961,6,11,10,"CORINNA, CORINNA",Ray Peterson,Dunes,11,9,
1961,6,12,14,ONCE IN AWHILE,The Chimes,Tag,14,12,
1961,6,13,12,NORTH TO ALASKA,Johnny Horton,Columbia,20,4,
1961,6,14,11,LAST DATE,Floyd Cramer,RCA Victor,17,2,
1961,6,15,17,MY EMPTY ARMS,Jackie Wilson,Brunswick,4,15,
1961,6,16,16,WINGS OF A DOVE,Ferlin Husky,Capitol,10,16,
1961,6,17,22,I COUNT THE TEARS,The Drifters,Atlantic,7,17,
1961,6,18,15,A THOUSAND STARS,Kathy Young and the Innocents,Indigo,15,3,
1961,6,19,18,SAILOR (Your Home Is the Sea),Lolita,Kapp,15,5,
1961,6,20,29,“PEPE”,Duane Eddy,Jamie,7,20,
1961,6,21,36,THERE’S A MOON OUT TONIGHT,The Capris,Old Town,5,21,
1961,6,22,34,WHEELS,The String-A-Longs,Warwick,4,22,
1961,6,23,30,THE HOOCHI COOCHI COO,Hank Ballard and the Midnighters,King,9,23,
1961,6,24,20,YOU’RE SIXTEEN,Johnny Burnette,Liberty,14,8,
1961,6,25,32,C’EST SI BON (It’s So Good),Conway Twitty,MGM,5,25,
1961,6,26,41,THERE SHE GOES,Jerry Wallace,Challenge,6,26,
1961,6,27,21,HE WILL BREAK YOUR HEART,Jerry Butler,Vee-Jay,14,7,
1961,6,28,19,WONDERLAND BY NIGHT,Louis Prima,Dot,12,15,
1961,6,29,24,BABY OH BABY,The Shells,Johnson,7,21,
1961,6,30,42,WHERE THE BOYS ARE,Connie Francis,MGM,3,30,
1961,6,31,49,PONY TIME,Chubby Checker,Parkway,2,31,
1961,6,32,27,WONDERLAND BY NIGHT,Anita Bryant,Carlton,9,18,
1961,6,33,47,ALL IN MY MIND,Maxine Brown,Nomar,5,33,
1961,6,34,45,SPANISH HARLEM,Ben E. King,Atco,5,34,
1961,6,35,55,BABY SITTIN’ BOOGIE,Buzz Clifford,Columbia,4,35,
1961,6,36,25,LOVEY DOVEY,Buddy Knox,Liberty,7,25,
1961,6,37,31,MAIN THEME FROM EXODUS (Ari’s Theme),Mantovani and His Orchestra,London,11,31,
1961,6,38,33,YOU ARE THE ONLY ONE,Ricky Nelson,Imperial,6,25,
1961,6,39,35,THE MAGNIFICENT SEVEN,Al Caiola and His Orchestra,United Artists,9,35,
1961,6,40,50,IF I DIDN’T CARE,The Platters,Mercury,4,40,
1961,6,48,37,MANY TEARS AGO,Connie Francis,MGM,13,7,
1961,6,65,23,LONELY TEENAGER,Dion,Laurie,16,12,
1961,6,70,26,MY LAST DATE (With You),Skeeter Davis,RCA Victor,8,26,
1961,6,74,40,BLUE TANGO,Bill Black’s Combo,Hi,10,16,
1961,6,75,39,GEE WHIZ,The Innocents,Indigo,11,28,
1961,6,88,38,MY LAST DATE (With You),Joni James,MGM,7,38,
1961,6,94,28,MY GIRL JOSEPHINE,Fats Domino,Imperial,15,14,
1961,6,41,51,"DON’T BELIEVE HIM, DONNA",Lenny Miles,Scepter,5,41,
1961,6,42,53,GOOD TIME BABY,Bobby Rydell,Cameo,2,42,
1961,6,44,60,THE TEAR OF THE YEAR,Jackie Wilson,Brunswick,2,44,
1961,6,45,44,UTOPIA,Frank Gari,Crusade,7,44,
1961,6,46,67,THE STORY OF MY LOVE,Paul Anka,ABC-Paramount,3,46,
1961,6,47,68,DEDICATED TO THE ONE I LOVE,The Shirelles,Scepter,6,47,
1961,6,49,64,AT LAST,Etta James,Argo,3,49,
1961,6,50,56,WHAT AM I GONNA DO,Jimmy Clanton,Ace,4,50,
1961,7,1,1,WILL YOU LOVE ME TOMORROW,The Shirelles,Scepter,12,1,2 weeks at #1
1961,7,2,2,CALCUTTA,Lawrence Welk and His Orchestra,Dot,9,2,
1961,7,3,3,EXODUS,Ferrante and Teicher,United Artists,13,2,
1961,7,4,5,SHOP AROUND,The Miracles (Featuring Bill “Smokey” Robinson),Tamla,9,4,
1961,7,5,7,CALENDAR GIRL,Neil Sedaka,RCA Victor,8,5,
1961,7,6,4,WONDERLAND BY NIGHT,Bert Kaempfert,Decca,13,1,
1961,7,7,6,ANGEL BABY,Rosie and the Originals,Highland,9,5,
1961,7,8,8,EMOTIONS,Brenda Lee,Decca,6,8,
1961,7,9,15,MY EMPTY ARMS,Jackie Wilson,Brunswick,5,9,
1961,7,10,9,RUBBER BALL,Bobby Vee,Liberty,11,6,
1961,7,11,10,ARE YOU LONESOME TO-NIGHT,Elvis Presley,RCA Victor,13,1,
1961,7,12,12,ONCE IN AWHILE,The Chimes,Tag,15,12,
1961,7,13,16,WINGS OF A DOVE,Ferlin Husky,Capitol,11,13,
1961,7,14,11,"CORINNA, CORINNA",Ray Peterson,Dunes,12,9,
1961,7,15,31,PONY TIME,Chubby Checker,Parkway,3,15,
1961,7,16,21,THERE’S A MOON OUT TONIGHT,The Capris,Old Town,6,16,
1961,7,17,17,I COUNT THE TEARS,The Drifters,Atlantic,8,17,
1961,7,18,20,“PEPE”,Duane Eddy,Jamie,8,18,
1961,7,19,13,NORTH TO ALASKA,Johnny Horton,Columbia,21,4,
1961,7,20,30,WHERE THE BOYS ARE,Connie Francis,MGM,4,20,
1961,7,21,46,THE STORY OF MY LOVE,Paul Anka,ABC-Paramount,4,21,
1961,7,22,25,C’EST SI BON (It’s So Good),Conway Twitty,MGM,6,22,
1961,7,23,14,LAST DATE,Floyd Cramer,RCA Victor,18,2,
1961,7,24,35,BABY SITTIN’ BOOGIE,Buzz Clifford,Columbia,5,24,
1961,7,25,19,SAILOR (Your Home Is the Sea),Lolita,Kapp,16,5,
1961,7,26,26,THERE SHE GOES,Jerry Wallace,Challenge,7,26,
1961,7,27,47,DEDICATED TO THE ONE I LOVE,The Shirelles,Scepter,7,27,
1961,7,28,33,ALL IN MY MIND,Maxine Brown,Nomar,6,28,
1961,7,29,34,SPANISH HARLEM,Ben E. King,Atco,6,29,
1961,7,30,40,IF I DIDN’T CARE,The Platters,Mercury,5,30,
1961,7,31,42,GOOD TIME BABY,Bobby Rydell,Cameo,3,31,
1961,7,32,22,WHEELS,The String-A-Longs,Warwick,5,22,
1961,7,33,43,I’M LEARNING ABOUT LOVE,Brenda Lee,Decca,2,33,
1961,7,34,23,THE HOOCHI COOCHI COO,Hank Ballard and the Midnighters,King,10,23,
1961,7,35,57,LOST LOVE,H.B. Barnum,Eldo,5,35,
1961,7,36,39,THE MAGNIFICENT SEVEN,Al Caiola and His Orchestra,United Artists,10,35,
1961,7,37,53,ANGEL ON MY SHOULDER,Shelby Flint,Valiant,7,37,
1961,7,38,52,WHAT A PRICE,Fats Domino,Imperial,3,38,
1961,7,39,18,A THOUSAND STARS,Kathy Young and the Innocents,Indigo,16,3,
1961,7,40,71,JIMMY’S GIRL,Johnny Tillotson,Cadence,5,40,
1961,7,43,37,MAIN THEME FROM EXODUS (Ari’s Theme),Mantovani and His Orchestra,London,12,31,
1961,7,57,29,BABY OH BABY,The Shells,Johnson,8,21,
1961,7,59,28,WONDERLAND BY NIGHT,Louis Prima,Dot,13,15,
1961,7,60,36,LOVEY DOVEY,Buddy Knox,Liberty,8,25,
1961,7,63,38,YOU ARE THE ONLY ONE,Ricky Nelson,Imperial,7,25,
1961,7,68,27,HE WILL BREAK YOUR HEART,Jerry Butler,Vee-Jay,15,7,
1961,7,72,32,WONDERLAND BY NIGHT,Anita Bryant,Carlton,10,18,
1961,7,93,24,YOU’RE SIXTEEN,Johnny Burnette,Liberty,15,8,
1961,7,41,45,UTOPIA,Frank Gari,Crusade,8,41,
1961,7,42,59,AIN’T THAT JUST LIKE A WOMAN,Fats Domino,Imperial,3,42,
1961,7,44,62,YOU CAN HAVE HER,Roy Hamilton,Epic,2,44,
1961,7,45,41,"DON’T BELIEVE HIM, DONNA",Lenny Miles,Scepter,6,41,
1961,7,46,51,NO ONE,Connie Francis,MGM,4,46,
1961,7,47,49,AT LAST,Etta James,Argo,4,47,
1961,7,48,72,DON’T WORRY,Marty Robbins,Columbia,2,48,
1961,7,49,73,RAM-BUNK-SHUSH,The Ventures,Dolton,3,49,
1961,7,50,64,WHAT WOULD I DO,Mickey and Sylvia,RCA Victor,6,50,
1961,8,1,2,CALCUTTA,Lawrence Welk and His Orchestra,Dot,10,1,1 week at #1
1961,8,2,1,WILL YOU LOVE ME TOMORROW,The Shirelles,Scepter,13,1,
1961,8,3,4,SHOP AROUND,The Miracles (Featuring Bill “Smokey” Robinson),Tamla,10,3,
1961,8,4,5,CALENDAR GIRL,Neil Sedaka,RCA Victor,9,4,
1961,8,5,3,EXODUS,Ferrante and Teicher,United Artists,14,2,
1961,8,6,7,ANGEL BABY,Rosie and the Originals,Highland,10,5,
1961,8,7,8,EMOTIONS,Brenda Lee,Decca,7,7,
1961,8,8,6,WONDERLAND BY NIGHT,Bert Kaempfert,Decca,14,1,
1961,8,9,15,PONY TIME,Chubby Checker,Parkway,4,9,
1961,8,10,16,THERE’S A MOON OUT TONIGHT,The Capris,Old Town,7,10,
1961,8,11,12,ONCE IN AWHILE,The Chimes,Tag,16,11,
1961,8,12,13,WINGS OF A DOVE,Ferlin Husky,Capitol,12,12,
1961,8,13,27,DEDICATED TO THE ONE I LOVE,The Shirelles,Scepter,8,13,
1961,8,14,24,BABY SITTIN’ BOOGIE,Buzz Clifford,Columbia,6,14,
1961,8,15,32,WHEELS,The String-A-Longs,Warwick,6,15,
1961,8,16,20,WHERE THE BOYS ARE,Connie Francis,MGM,5,16,
1961,8,17,21,THE STORY OF MY LOVE,Paul Anka,ABC-Paramount,5,17,
1961,8,18,9,MY EMPTY ARMS,Jackie Wilson,Brunswick,6,9,
1961,8,19,28,ALL IN MY MIND,Maxine Brown,Nomar,7,19,
1961,8,20,10,RUBBER BALL,Bobby Vee,Liberty,12,6,
1961,8,21,11,ARE YOU LONESOME TO-NIGHT,Elvis Presley,RCA Victor,14,1,
1961,8,22,18,“PEPE”,Duane Eddy,Jamie,9,18,
1961,8,23,17,I COUNT THE TEARS,The Drifters,Atlantic,9,17,
1961,8,24,14,"CORINNA, CORINNA",Ray Peterson,Dunes,13,9,
1961,8,25,31,GOOD TIME BABY,Bobby Rydell,Cameo,4,25,
1961,8,26,29,SPANISH HARLEM,Ben E. King,Atco,7,26,
1961,8,27,38,WHAT A PRICE,Fats Domino,Imperial,4,27,
1961,8,28,48,DON’T WORRY,Marty Robbins,Columbia,3,28,
1961,8,29,26,THERE SHE GOES,Jerry Wallace,Challenge,8,26,
1961,8,30,22,C’EST SI BON (It’s So Good),Conway Twitty,MGM,7,22,
1961,8,31,40,JIMMY’S GIRL,Johnny Tillotson,Cadence,6,31,
1961,8,32,44,YOU CAN HAVE HER,Roy Hamilton,Epic,3,32,
1961,8,33,33,I’M LEARNING ABOUT LOVE,Brenda Lee,Decca,3,33,
1961,8,34,37,ANGEL ON MY SHOULDER,Shelby Flint,Valiant,8,34,
1961,8,35,19,NORTH TO ALASKA,Johnny Horton,Columbia,22,4,
1961,8,36,42,AIN’T THAT JUST LIKE A WOMAN,Fats Domino,Imperial,4,36,
1961,8,37,25,SAILOR (Your Home Is the Sea),Lolita,Kapp,17,5,
1961,8,38,41,UTOPIA,Frank Gari,Crusade,9,38,
1961,8,39,49,RAM-BUNK-SHUSH,The Ventures,Dolton,4,39,
1961,8,40,52,EBONY EYES,The Everly Brothers,Warner Brothers,3,40,
1961,8,42,35,LOST LOVE,H.B. Barnum,Eldo,6,35,
1961,8,54,36,THE MAGNIFICENT SEVEN,Al Caiola and His Orchestra,United Artists,11,35,
1961,8,56,23,LAST DATE,Floyd Cramer,RCA Victor,19,2,
1961,8,57,39,A THOUSAND STARS,Kathy Young and the Innocents,Indigo,17,3,
1961,8,59,30,IF I DIDN’T CARE,The Platters,Mercury,6,30,
1961,8,62,34,THE HOOCHI COOCHI COO,Hank Ballard and the Midnighters,King,11,23,
1961,8,41,46,NO ONE,Connie Francis,MGM,5,41,
1961,8,43,55,(Ghost) RIDERS IN THE SKY,The Ramrods,Amy,6,43,
1961,8,44,71,WALK RIGHT BACK,The Everly Brothers,Warner Brothers,2,44,
1961,8,45,78,GEE WHIZ (Look At His Eyes),Carla Thomas,Atlantic,3,45,
1961,8,46,66,LITTLE BOY SAD,Johnny Burnette,Liberty,2,46,
1961,8,47,50,WHAT WOULD I DO,Mickey and Sylvia,RCA Victor,7,47,
1961,8,48,67,APACHE,Jørgen Ingmann and His Guitar,Atco,4,48,
1961,8,49,80,WAIT A MINUTE,The Coasters,Atco,3,49,
1961,8,50,94,LAZY RIVER,Bobby Darin,Atco,2,50,
1961,9,1,1,CALCUTTA,Lawrence Welk and His Orchestra,Dot,11,1,2 weeks at #1
1961,9,2,3,SHOP AROUND,The Miracles (Featuring Bill “Smokey” Robinson),Tamla,11,2,
1961,9,3,2,WILL YOU LOVE ME TOMORROW,The Shirelles,Scepter,14,1,
1961,9,4,9,PONY TIME,Chubby Checker,Parkway,5,4,
1961,9,5,10,THERE’S A MOON OUT TONIGHT,The Capris,Old Town,8,5,
1961,9,6,4,CALENDAR GIRL,Neil Sedaka,RCA Victor,10,4,
1961,9,7,7,EMOTIONS,Brenda Lee,Decca,8,7,
1961,9,8,5,EXODUS,Ferrante and Teicher,United Artists,15,2,
1961,9,9,13,DEDICATED TO THE ONE I LOVE,The Shirelles,Scepter,9,9,
1961,9,10,15,WHEELS,The String-A-Longs,Warwick,7,10,
1961,9,11,16,WHERE THE BOYS ARE,Connie Francis,MGM,6,11,
1961,9,12,14,BABY SITTIN’ BOOGIE,Buzz Clifford,Columbia,7,12,
1961,9,13,12,WINGS OF A DOVE,Ferlin Husky,Capitol,13,12,
1961,9,14,25,GOOD TIME BABY,Bobby Rydell,Cameo,5,14,
1961,9,15,28,DON’T WORRY,Marty Robbins,Columbia,4,15,
1961,9,17,6,ANGEL BABY,Rosie and the Originals,Highland,11,5,
1961,9,18,40,EBONY EYES,The Everly Brothers,Warner Brothers,4,18,
1961,9,19,19,ALL IN MY MIND,Maxine Brown,Nomar,8,19,
1961,9,20,8,WONDERLAND BY NIGHT,Bert Kaempfert,Decca,15,1,
1961,9,21,26,SPANISH HARLEM,Ben E. King,Atco,8,21,
1961,9,22,27,WHAT A PRICE,Fats Domino,Imperial,5,22,
1961,9,23,18,MY EMPTY ARMS,Jackie Wilson,Brunswick,7,9,
1961,9,25,46,LITTLE BOY SAD,Johnny Burnette,Liberty,3,25,
1961,9,26,48,APACHE,Jørgen Ingmann and His Guitar,Atco,5,26,
1961,9,27,31,JIMMY’S GIRL,Johnny Tillotson,Cadence,7,27,
1961,9,28,34,ANGEL ON MY SHOULDER,Shelby Flint,Valiant,9,28,
1961,9,29,11,ONCE IN AWHILE,The Chimes,Tag,17,11,
1961,9,30,43,(Ghost) RIDERS IN THE SKY,The Ramrods,Amy,7,30,
1961,9,31,32,YOU CAN HAVE HER,Roy Hamilton,Epic,4,31,
1961,9,32,39,RAM-BUNK-SHUSH,The Ventures,Dolton,5,32,
1961,9,33,22,“PEPE”,Duane Eddy,Jamie,10,18,
1961,9,34,38,UTOPIA,Frank Gari,Crusade,10,34,
1961,9,35,36,AIN’T THAT JUST LIKE A WOMAN,Fats Domino,Imperial,5,35,
1961,9,36,20,RUBBER BALL,Bobby Vee,Liberty,13,6,
1961,9,37,50,LAZY RIVER,Bobby Darin,Atco,3,37,
1961,9,38,41,NO ONE,Connie Francis,MGM,6,38,
1961,9,39,44,WALK RIGHT BACK,The Everly Brothers,Warner Brothers,3,39,
1961,9,40,45,GEE WHIZ (Look At His Eyes),Carla Thomas,Atlantic,4,40,
1961,9,42,24,"CORINNA, CORINNA",Ray Peterson,Dunes,14,9,
1961,9,44,23,I COUNT THE TEARS,The Drifters,Atlantic,10,17,
1961,9,48,29,THERE SHE GOES,Jerry Wallace,Challenge,9,26,
1961,9,50,35,NORTH TO ALASKA,Johnny Horton,Columbia,23,4,
1961,9,51,33,I’M LEARNING ABOUT LOVE,Brenda Lee,Decca,4,33,
1961,9,52,30,C’EST SI BON (It’s So Good),Conway Twitty,MGM,8,22,
1961,9,58,21,ARE YOU LONESOME TO-NIGHT,Elvis Presley,RCA Victor,15,1,
1961,9,82,37,SAILOR (Your Home Is the Sea),Lolita,Kapp,18,5,
1961,9,41,49,WAIT A MINUTE,The Coasters,Atco,4,41,
1961,9,43,55,(I Wanna) LOVE MY LIFE AWAY,Gene Pitney,Musicor,4,43,
1961,9,45,69,STAYIN’ IN,Bobby Vee,Liberty,2,45,
1961,9,46,47,WHAT WOULD I DO,Mickey and Sylvia,RCA Victor,8,46,
1961,9,47,51,THE AGE FOR LOVE,Jimmy Charles,Promo,11,47,
1961,9,49,42,LOST LOVE,H.B. Barnum,Eldo,7,35,
1961,10,1,4,PONY TIME,Chubby Checker,Parkway,6,1,1 week at #1
1961,10,2,1,CALCUTTA,Lawrence Welk and His Orchestra,Dot,12,1,
1961,10,3,5,THERE’S A MOON OUT TONIGHT,The Capris,Old Town,9,3,
1961,10,4,24,SURRENDER,Elvis Presley,RCA Victor,2,4,
1961,10,5,15,DON’T WORRY,Marty Robbins,Columbia,5,5,
1961,10,6,9,DEDICATED TO THE ONE I LOVE,The Shirelles,Scepter,10,6,
1961,10,7,11,WHERE THE BOYS ARE,Connie Francis,MGM,7,7,
1961,10,8,2,SHOP AROUND,The Miracles (Featuring Bill “Smokey” Robinson),Tamla,12,2,
1961,10,9,18,EBONY EYES,The Everly Brothers,Warner Brothers,5,9,
1961,10,10,10,WHEELS,The String-A-Longs,Warwick,8,10,
1961,10,11,3,WILL YOU LOVE ME TOMORROW,The Shirelles,Scepter,15,1,
1961,10,12,12,BABY SITTIN’ BOOGIE,Buzz Clifford,Columbia,8,12,
1961,10,13,14,GOOD TIME BABY,Bobby Rydell,Cameo,6,13,
1961,10,14,8,EXODUS,Ferrante and Teicher,United Artists,16,2,
1961,10,15,6,CALENDAR GIRL,Neil Sedaka,RCA Victor,11,4,
1961,10,16,7,EMOTIONS,Brenda Lee,Decca,9,7,
1961,10,17,13,WINGS OF A DOVE,Ferlin Husky,Capitol,14,12,
1961,10,18,21,SPANISH HARLEM,Ben E. King,Atco,9,18,
1961,10,19,19,ALL IN MY MIND,Maxine Brown,Nomar,9,19,
1961,10,20,26,APACHE,Jørgen Ingmann and His Guitar,Atco,6,20,
1961,10,21,25,LITTLE BOY SAD,Johnny Burnette,Liberty,4,21,
1961,10,22,28,ANGEL ON MY SHOULDER,Shelby Flint,Valiant,10,22,
1961,10,24,31,YOU CAN HAVE HER,Roy Hamilton,Epic,5,24,
1961,10,25,27,JIMMY’S GIRL,Johnny Tillotson,Cadence,8,25,
1961,10,26,40,GEE WHIZ (Look At His Eyes),Carla Thomas,Atlantic,5,26,
1961,10,27,22,WHAT A PRICE,Fats Domino,Imperial,6,22,
1961,10,28,39,WALK RIGHT BACK,The Everly Brothers,Warner Brothers,4,28,
1961,10,29,56,THINK TWICE,Brook Benton,Mercury,3,29,
1961,10,30,17,ANGEL BABY,Rosie and the Originals,Highland,12,5,
1961,10,31,32,RAM-BUNK-SHUSH,The Ventures,Dolton,6,31,
1961,10,32,34,UTOPIA,Frank Gari,Crusade,11,32,
1961,10,33,35,AIN’T THAT JUST LIKE A WOMAN,Fats Domino,Imperial,6,33,
1961,10,34,38,NO ONE,Connie Francis,MGM,7,34,
1961,10,35,37,LAZY RIVER,Bobby Darin,Atco,4,35,
1961,10,36,20,WONDERLAND BY NIGHT,Bert Kaempfert,Decca,16,1,
1961,10,37,41,WAIT A MINUTE,The Coasters,Atco,5,37,
1961,10,38,45,STAYIN’ IN,Bobby Vee,Liberty,3,38,
1961,10,39,43,(I Wanna) LOVE MY LIFE AWAY,Gene Pitney,Musicor,5,39,
1961,10,40,33,“PEPE”,Duane Eddy,Jamie,11,18,
1961,10,41,23,MY EMPTY ARMS,Jackie Wilson,Brunswick,8,9,
1961,10,45,36,RUBBER BALL,Bobby Vee,Liberty,14,6,
1961,10,47,29,ONCE IN AWHILE,The Chimes,Tag,18,11,
1961,10,48,30,(Ghost) RIDERS IN THE SKY,The Ramrods,Amy,8,30,
1961,10,42,53,YOUR FRIENDS,Dee Clark,Vee-Jay,4,42,
1961,10,43,55,WHEELS,Billy Vaughn and His Orchestra,Dot,4,43,
1961,10,44,70,HEARTS OF STONE,Bill Black’s Combo,Hi,2,44,
1961,10,46,75,ASIA MINOR,Kokomo,Felsted,2,46,
1961,10,49,54,HAVIN’ FUN,Dion,Laurie,4,49,
1961,10,50,68,FOR MY BABY,Brook Benton,Mercury,4,50,
1961,11,1,1,PONY TIME,Chubby Checker,Parkway,7,1,2 weeks at #1
1961,11,2,4,SURRENDER,Elvis Presley,RCA Victor,3,2,
1961,11,3,10,WHEELS,The String-A-Longs,Warwick,9,3,
1961,11,4,5,DON’T WORRY,Marty Robbins,Columbia,6,4,
1961,11,5,7,WHERE THE BOYS ARE,Connie Francis,MGM,8,5,
1961,11,6,2,CALCUTTA,Lawrence Welk and His Orchestra,Dot,13,1,
1961,11,7,12,BABY SITTIN’ BOOGIE,Buzz Clifford,Columbia,9,7,
1961,11,8,6,DEDICATED TO THE ONE I LOVE,The Shirelles,Scepter,11,6,
1961,11,9,3,THERE’S A MOON OUT TONIGHT,The Capris,Old Town,10,3,
1961,11,10,9,EBONY EYES,The Everly Brothers,Warner Brothers,6,9,
1961,11,11,13,GOOD TIME BABY,Bobby Rydell,Cameo,7,11,
1961,11,12,24,YOU CAN HAVE HER,Roy Hamilton,Epic,6,12,
1961,11,13,18,SPANISH HARLEM,Ben E. King,Atco,10,13,
1961,11,14,8,SHOP AROUND,The Miracles (Featuring Bill “Smokey” Robinson),Tamla,13,2,
1961,11,15,20,APACHE,Jørgen Ingmann and His Guitar,Atco,7,15,
1961,11,16,11,WILL YOU LOVE ME TOMORROW,The Shirelles,Scepter,16,1,
1961,11,17,28,WALK RIGHT BACK,The Everly Brothers,Warner Brothers,5,17,
1961,11,18,14,EXODUS,Ferrante and Teicher,United Artists,17,2,
1961,11,19,15,CALENDAR GIRL,Neil Sedaka,RCA Victor,12,4,
1961,11,20,17,WINGS OF A DOVE,Ferlin Husky,Capitol,15,12,
1961,11,21,21,LITTLE BOY SAD,Johnny Burnette,Liberty,5,21,
1961,11,22,26,GEE WHIZ (Look At His Eyes),Carla Thomas,Atlantic,6,22,
1961,11,23,29,THINK TWICE,Brook Benton,Mercury,4,23,
1961,11,24,16,EMOTIONS,Brenda Lee,Decca,10,7,
1961,11,25,19,ALL IN MY MIND,Maxine Brown,Nomar,10,19,
1961,11,26,44,HEARTS OF STONE,Bill Black’s Combo,Hi,3,26,
1961,11,27,27,WHAT A PRICE,Fats Domino,Imperial,7,22,
1961,11,28,22,ANGEL ON MY SHOULDER,Shelby Flint,Valiant,11,22,
1961,11,29,31,RAM-BUNK-SHUSH,The Ventures,Dolton,7,29,
1961,11,30,32,UTOPIA,Frank Gari,Crusade,12,30,
1961,11,31,35,LAZY RIVER,Bobby Darin,Atco,5,31,
1961,11,32,58,HAPPY BIRTHDAY BLUES,Kathy Young and the Innocents,Indigo,3,32,
1961,11,33,25,JIMMY’S GIRL,Johnny Tillotson,Cadence,9,25,
1961,11,34,38,STAYIN’ IN,Bobby Vee,Liberty,4,34,
1961,11,35,71,PLEASE LOVE ME FOREVER,Cathy Jean and the Roommates,Valmor,2,35,
1961,11,36,42,YOUR FRIENDS,Dee Clark,Vee-Jay,5,36,
1961,11,37,43,WHEELS,Billy Vaughn and His Orchestra,Dot,5,37,
1961,11,38,37,WAIT A MINUTE,The Coasters,Atco,6,37,
1961,11,39,46,ASIA MINOR,Kokomo,Felsted,3,39,
1961,11,41,34,NO ONE,Connie Francis,MGM,8,34,
1961,11,43,33,AIN’T THAT JUST LIKE A WOMAN,Fats Domino,Imperial,7,33,
1961,11,45,36,WONDERLAND BY NIGHT,Bert Kaempfert,Decca,17,1,
1961,11,50,40,“PEPE”,Duane Eddy,Jamie,12,18,
1961,11,52,39,(I Wanna) LOVE MY LIFE AWAY,Gene Pitney,Musicor,6,39,
1961,11,54,30,ANGEL BABY,Rosie and the Originals,Highland,13,5,
1961,11,42,49,HAVIN’ FUN,Dion,Laurie,5,42,
1961,11,44,84,LONELY MAN,Elvis Presley,RCA Victor,2,44,
1961,11,46,50,FOR MY BABY,Brook Benton,Mercury,5,46,
1961,11,47,61,I DON’T WANT TO CRY,Chuck Jackson,Wand,3,47,
1961,11,48,57,ONCE UPON A TIME,Rochell and the Candles with Johnny Wyatt,Swingin’,5,48,
1961,11,49,60,THE WATUSI,The Vibrations,Checker,3,49,
1961,12,1,1,PONY TIME,Chubby Checker,Parkway,8,1,3 weeks at #1
1961,12,2,2,SURRENDER,Elvis Presley,RCA Victor,4,2,
1961,12,3,3,WHEELS,The String-A-Longs,Warwick,10,3,
1961,12,4,4,DON’T WORRY,Marty Robbins,Columbia,7,4,
1961,12,5,5,WHERE THE BOYS ARE,Connie Francis,MGM,9,5,
1961,12,6,7,BABY SITTIN’ BOOGIE,Buzz Clifford,Columbia,10,6,
1961,12,7,8,DEDICATED TO THE ONE I LOVE,The Shirelles,Scepter,12,6,
1961,12,8,6,CALCUTTA,Lawrence Welk and His Orchestra,Dot,14,1,
1961,12,9,10,EBONY EYES,The Everly Brothers,Warner Brothers,7,9,
1961,12,10,13,SPANISH HARLEM,Ben E. King,Atco,11,10,
1961,12,11,15,APACHE,Jørgen Ingmann and His Guitar,Atco,8,11,
1961,12,12,11,GOOD TIME BABY,Bobby Rydell,Cameo,8,11,
1961,12,13,17,WALK RIGHT BACK,The Everly Brothers,Warner Brothers,6,13,
1961,12,14,9,THERE’S A MOON OUT TONIGHT,The Capris,Old Town,11,3,
1961,12,15,22,GEE WHIZ (Look At His Eyes),Carla Thomas,Atlantic,7,15,
1961,12,16,12,YOU CAN HAVE HER,Roy Hamilton,Epic,7,12,
1961,12,17,21,LITTLE BOY SAD,Johnny Burnette,Liberty,6,17,
1961,12,18,16,WILL YOU LOVE ME TOMORROW,The Shirelles,Scepter,17,1,
1961,12,19,18,EXODUS,Ferrante and Teicher,United Artists,18,2,
1961,12,20,23,THINK TWICE,Brook Benton,Mercury,5,20,
1961,12,21,26,HEARTS OF STONE,Bill Black’s Combo,Hi,4,21,
1961,12,22,35,PLEASE LOVE ME FOREVER,Cathy Jean and the Roommates,Valmor,3,22,
1961,12,23,14,SHOP AROUND,The Miracles (Featuring Bill “Smokey” Robinson),Tamla,14,2,
1961,12,24,51,ON THE REBOUND,Floyd Cramer,RCA Victor,2,24,
1961,12,25,31,LAZY RIVER,Bobby Darin,Atco,6,25,
1961,12,26,19,CALENDAR GIRL,Neil Sedaka,RCA Victor,13,4,
1961,12,27,30,UTOPIA,Frank Gari,Crusade,13,27,
1961,12,28,37,WHEELS,Billy Vaughn and His Orchestra,Dot,6,28,
1961,12,29,27,WHAT A PRICE,Fats Domino,Imperial,8,22,
1961,12,30,20,WINGS OF A DOVE,Ferlin Husky,Capitol,16,12,
1961,12,31,29,RAM-BUNK-SHUSH,The Ventures,Dolton,8,29,
1961,12,32,32,HAPPY BIRTHDAY BLUES,Kathy Young and the Innocents,Indigo,4,32,
1961,12,33,34,STAYIN’ IN,Bobby Vee,Liberty,5,33,
1961,12,34,24,EMOTIONS,Brenda Lee,Decca,11,7,
1961,12,35,44,LONELY MAN,Elvis Presley,RCA Victor,3,35,
1961,12,36,39,ASIA MINOR,Kokomo,Felsted,4,36,
1961,12,37,43,AIN’T THAT JUST LIKE A WOMAN,Fats Domino,Imperial,8,33,
1961,12,38,36,YOUR FRIENDS,Dee Clark,Vee-Jay,6,36,
1961,12,39,49,THE WATUSI,The Vibrations,Checker,4,39,
1961,12,40,47,I DON’T WANT TO CRY,Chuck Jackson,Wand,4,40,
1961,12,42,28,ANGEL ON MY SHOULDER,Shelby Flint,Valiant,12,22,
1961,12,43,38,WAIT A MINUTE,The Coasters,Atco,7,37,
1961,12,44,25,ALL IN MY MIND,Maxine Brown,Nomar,11,19,
1961,12,48,33,JIMMY’S GIRL,Johnny Tillotson,Cadence,10,25,
1961,12,41,55,MODEL GIRL,Johnny Maestro,Coed,6,41,
1961,12,45,48,ONCE UPON A TIME,Rochell and the Candles with Johnny Wyatt,Swingin’,6,45,
1961,12,46,53,I PITY THE FOOL,Bobby Bland,Duke,4,46,
1961,12,47,66,THAT’S IT-I QUIT-I’M MOVIN’ ON,Sam Cooke,RCA Victor,2,47,
1961,12,49,46,FOR MY BABY,Brook Benton,Mercury,6,46,
1961,12,50,64,LET’S GO AGAIN (Where We Went Last Night),Hank Ballard and the Midnighters,King,4,50,
1961,13,1,2,SURRENDER,Elvis Presley,RCA Victor,5,1,1 week at #1
1961,13,2,1,PONY TIME,Chubby Checker,Parkway,9,1,
1961,13,3,4,DON’T WORRY,Marty Robbins,Columbia,8,3,
1961,13,4,5,WHERE THE BOYS ARE,Connie Francis,MGM,10,4,
1961,13,5,7,DEDICATED TO THE ONE I LOVE,The Shirelles,Scepter,13,5,
1961,13,6,11,APACHE,Jørgen Ingmann and His Guitar,Atco,9,6,
1961,13,7,3,WHEELS,The String-A-Longs,Warwick,11,3,
1961,13,8,9,EBONY EYES,The Everly Brothers,Warner Brothers,8,8,
1961,13,9,13,WALK RIGHT BACK,The Everly Brothers,Warner Brothers,7,9,
1961,13,10,6,BABY SITTIN’ BOOGIE,Buzz Clifford,Columbia,11,6,
1961,13,11,10,SPANISH HARLEM,Ben E. King,Atco,12,10,
1961,13,12,15,GEE WHIZ (Look At His Eyes),Carla Thomas,Atlantic,8,12,
1961,13,13,20,THINK TWICE,Brook Benton,Mercury,6,13,
1961,13,14,8,CALCUTTA,Lawrence Welk and His Orchestra,Dot,15,1,
1961,13,15,24,ON THE REBOUND,Floyd Cramer,RCA Victor,3,15,
1961,13,16,12,GOOD TIME BABY,Bobby Rydell,Cameo,9,11,
1961,13,17,17,LITTLE BOY SAD,Johnny Burnette,Liberty,7,17,
1961,13,18,25,LAZY RIVER,Bobby Darin,Atco,7,18,
1961,13,19,14,THERE’S A MOON OUT TONIGHT,The Capris,Old Town,12,3,
1961,13,20,21,HEARTS OF STONE,Bill Black’s Combo,Hi,5,20,
1961,13,21,59,BLUE MOON,The Marcels,Colpix,3,21,
1961,13,22,22,PLEASE LOVE ME FOREVER,Cathy Jean and the Roommates,Valmor,4,22,
1961,13,23,16,YOU CAN HAVE HER,Roy Hamilton,Epic,8,12,
1961,13,24,18,WILL YOU LOVE ME TOMORROW,The Shirelles,Scepter,18,1,
1961,13,25,39,THE WATUSI,The Vibrations,Checker,5,25,
1961,13,26,23,SHOP AROUND,The Miracles (Featuring Bill “Smokey” Robinson),Tamla,15,2,
1961,13,27,19,EXODUS,Ferrante and Teicher,United Artists,19,2,
1961,13,28,49,FOR MY BABY,Brook Benton,Mercury,7,28,
1961,13,29,41,MODEL GIRL,Johnny Maestro,Coed,7,29,
1961,13,30,32,HAPPY BIRTHDAY BLUES,Kathy Young and the Innocents,Indigo,5,30,
1961,13,31,28,WHEELS,Billy Vaughn and His Orchestra,Dot,7,28,
1961,13,32,35,LONELY MAN,Elvis Presley,RCA Victor,4,32,
1961,13,33,36,ASIA MINOR,Kokomo,Felsted,5,33,
1961,13,34,38,YOUR FRIENDS,Dee Clark,Vee-Jay,7,34,
1961,13,35,26,CALENDAR GIRL,Neil Sedaka,RCA Victor,14,4,
1961,13,36,40,I DON’T WANT TO CRY,Chuck Jackson,Wand,5,36,
1961,13,37,47,THAT’S IT-I QUIT-I’M MOVIN’ ON,Sam Cooke,RCA Victor,3,37,
1961,13,38,30,WINGS OF A DOVE,Ferlin Husky,Capitol,17,12,
1961,13,39,50,LET’S GO AGAIN (Where We Went Last Night),Hank Ballard and the Midnighters,King,5,39,
1961,13,40,52,BUT I DO,Clarence (Frogman) Henry,Argo,5,40,
1961,13,46,29,WHAT A PRICE,Fats Domino,Imperial,9,22,
1961,13,49,33,STAYIN’ IN,Bobby Vee,Liberty,6,33,
1961,13,51,31,RAM-BUNK-SHUSH,The Ventures,Dolton,9,29,
1961,13,58,34,EMOTIONS,Brenda Lee,Decca,12,7,
1961,13,76,27,UTOPIA,Frank Gari,Crusade,14,27,
1961,13,41,51,BABY BLUE,The Echoes,Seg-way,3,41,
1961,13,42,45,ONCE UPON A TIME,Rochell and the Candles with Johnny Wyatt,Swingin’,7,42,
1961,13,43,63,TAKE GOOD CARE OF HER,Adam Wade,Coed,2,43,
1961,13,44,54,ONE MINT JULEP,Ray Charles,Impulse,3,44,
1961,13,45,56,"TONIGHT MY LOVE, TONIGHT",Paul Anka,ABC-Paramount,2,45,
1961,13,47,57,RUNAWAY,Del Shannon,Big Top,3,47,
1961,13,48,46,I PITY THE FOOL,Bobby Bland,Duke,5,46,
1961,13,50,55,FIND ANOTHER GIRL,Jerry Butler,Vee-Jay,3,50,
1961,14,1,1,SURRENDER,Elvis Presley,RCA Victor,6,1,2 weeks at #1
1961,14,2,2,PONY TIME,Chubby Checker,Parkway,10,1,
1961,14,3,5,DEDICATED TO THE ONE I LOVE,The Shirelles,Scepter,14,3,
1961,14,4,6,APACHE,Jørgen Ingmann and His Guitar,Atco,10,4,
1961,14,5,3,DON’T WORRY,Marty Robbins,Columbia,9,3,
1961,14,6,21,BLUE MOON,The Marcels,Colpix,4,6,
1961,14,7,9,WALK RIGHT BACK,The Everly Brothers,Warner Brothers,8,7,
1961,14,8,7,WHEELS,The String-A-Longs,Warwick,12,3,
1961,14,9,4,WHERE THE BOYS ARE,Connie Francis,MGM,11,4,
1961,14,10,12,GEE WHIZ (Look At His Eyes),Carla Thomas,Atlantic,9,10,
1961,14,11,15,ON THE REBOUND,Floyd Cramer,RCA Victor,4,11,
1961,14,12,13,THINK TWICE,Brook Benton,Mercury,7,12,
1961,14,13,8,EBONY EYES,The Everly Brothers,Warner Brothers,9,8,
1961,14,14,18,LAZY RIVER,Bobby Darin,Atco,8,14,
1961,14,15,33,ASIA MINOR,Kokomo,Felsted,6,15,
1961,14,16,11,SPANISH HARLEM,Ben E. King,Atco,13,10,
1961,14,17,40,BUT I DO,Clarence (Frogman) Henry,Argo,6,17,
1961,14,18,17,LITTLE BOY SAD,Johnny Burnette,Liberty,8,17,
1961,14,19,10,BABY SITTIN’ BOOGIE,Buzz Clifford,Columbia,12,6,
1961,14,20,29,MODEL GIRL,Johnny Maestro,Coed,8,20,
1961,14,21,47,RUNAWAY,Del Shannon,Big Top,4,21,
1961,14,22,22,PLEASE LOVE ME FOREVER,Cathy Jean and the Roommates,Valmor,5,22,
1961,14,23,14,CALCUTTA,Lawrence Welk and His Orchestra,Dot,16,1,
1961,14,24,43,TAKE GOOD CARE OF HER,Adam Wade,Coed,3,24,
1961,14,25,16,GOOD TIME BABY,Bobby Rydell,Cameo,10,11,
1961,14,26,20,HEARTS OF STONE,Bill Black’s Combo,Hi,6,20,
1961,14,27,41,BABY BLUE,The Echoes,Seg-way,4,27,
1961,14,28,25,THE WATUSI,The Vibrations,Checker,6,25,
1961,14,29,19,THERE’S A MOON OUT TONIGHT,The Capris,Old Town,13,3,
1961,14,30,23,YOU CAN HAVE HER,Roy Hamilton,Epic,9,12,
1961,14,31,37,THAT’S IT-I QUIT-I’M MOVIN’ ON,Sam Cooke,RCA Victor,4,31,
1961,14,32,44,ONE MINT JULEP,Ray Charles,Impulse,4,32,
1961,14,33,52,PLEASE TELL ME WHY,Jackie Wilson,Brunswick,3,33,
1961,14,34,45,"TONIGHT MY LOVE, TONIGHT",Paul Anka,ABC-Paramount,3,34,
1961,14,35,42,ONCE UPON A TIME,Rochell and the Candles with Johnny Wyatt,Swingin’,8,35,
1961,14,36,27,EXODUS,Ferrante and Teicher,United Artists,20,2,
1961,14,37,30,HAPPY BIRTHDAY BLUES,Kathy Young and the Innocents,Indigo,6,30,
1961,14,38,26,SHOP AROUND,The Miracles (Featuring Bill “Smokey” Robinson),Tamla,16,2,
1961,14,39,34,YOUR FRIENDS,Dee Clark,Vee-Jay,8,34,
1961,14,40,64,YOUR ONE AND ONLY LOVE,Jackie Wilson,Brunswick,3,40,
1961,14,42,24,WILL YOU LOVE ME TOMORROW,The Shirelles,Scepter,19,1,
1961,14,44,39,LET’S GO AGAIN (Where We Went Last Night),Hank Ballard and the Midnighters,King,6,39,
1961,14,52,31,WHEELS,Billy Vaughn and His Orchestra,Dot,8,28,
1961,14,53,36,I DON’T WANT TO CRY,Chuck Jackson,Wand,6,36,
1961,14,57,38,WINGS OF A DOVE,Ferlin Husky,Capitol,18,12,
1961,14,58,28,FOR MY BABY,Brook Benton,Mercury,8,28,
1961,14,63,32,LONELY MAN,Elvis Presley,RCA Victor,5,32,
1961,14,67,35,CALENDAR GIRL,Neil Sedaka,RCA Victor,15,4,
1961,14,41,84,FELL IN LOVE ON MONDAY,Fats Domino,Imperial,2,41,
1961,14,43,67,TRUST IN ME,Etta James,Argo,3,43,
1961,14,45,53,HIDE AWAY,Freddy King,Federal,4,45,
1961,14,46,65,I’VE TOLD EVERY LITTLE STAR,Linda Scott,Canadian American,3,46,
1961,14,47,48,I PITY THE FOOL,Bobby Bland,Duke,6,46,
1961,14,48,54,PORTRAIT OF MY LOVE,Steve Lawrence,United Artists,4,48,
1961,14,49,59,BEWILDERED,James Brown and the Famous Flames,King,5,49,
1961,14,50,55,BLUE MOON,Herb Lance and the Classics,Promo,4,50,
1961,15,1,6,BLUE MOON,The Marcels,Colpix,5,1,1 week at #1
1961,15,2,4,APACHE,Jørgen Ingmann and His Guitar,Atco,11,2,
1961,15,3,1,SURRENDER,Elvis Presley,RCA Victor,7,1,
1961,15,4,2,PONY TIME,Chubby Checker,Parkway,11,1,
1961,15,5,3,DEDICATED TO THE ONE I LOVE,The Shirelles,Scepter,15,3,
1961,15,6,5,DON’T WORRY,Marty Robbins,Columbia,10,3,
1961,15,7,11,ON THE REBOUND,Floyd Cramer,RCA Victor,5,7,
1961,15,8,7,WALK RIGHT BACK,The Everly Brothers,Warner Brothers,9,7,
1961,15,9,21,RUNAWAY,Del Shannon,Big Top,5,9,
1961,15,10,17,BUT I DO,Clarence (Frogman) Henry,Argo,7,10,
1961,15,11,12,THINK TWICE,Brook Benton,Mercury,8,11,
1961,15,12,8,WHEELS,The String-A-Longs,Warwick,13,3,
1961,15,13,15,ASIA MINOR,Kokomo,Felsted,7,13,
1961,15,14,10,GEE WHIZ (Look At His Eyes),Carla Thomas,Atlantic,10,10,
1961,15,15,9,WHERE THE BOYS ARE,Connie Francis,MGM,12,4,
1961,15,16,22,PLEASE LOVE ME FOREVER,Cathy Jean and the Roommates,Valmor,6,16,
1961,15,17,13,EBONY EYES,The Everly Brothers,Warner Brothers,10,8,
1961,15,18,24,TAKE GOOD CARE OF HER,Adam Wade,Coed,4,18,
1961,15,19,27,BABY BLUE,The Echoes,Seg-way,5,19,
1961,15,20,20,MODEL GIRL,Johnny Maestro,Coed,9,20,
1961,15,21,32,ONE MINT JULEP,Ray Charles,Impulse,5,21,
1961,15,22,34,"TONIGHT MY LOVE, TONIGHT",Paul Anka,ABC-Paramount,4,22,
1961,15,23,55,MOTHER-IN-LAW,Ernie K-Doe,Minit,2,23,
1961,15,24,16,SPANISH HARLEM,Ben E. King,Atco,14,10,
1961,15,25,46,I’VE TOLD EVERY LITTLE STAR,Linda Scott,Canadian American,4,25,
1961,15,26,71,A HUNDRED POUNDS OF CLAY,Gene McDaniels,Liberty,3,26,
1961,15,27,33,PLEASE TELL ME WHY,Jackie Wilson,Brunswick,4,27,
1961,15,28,14,LAZY RIVER,Bobby Darin,Atco,9,14,
1961,15,29,62,YOU CAN DEPEND ON ME,Brenda Lee,Decca,2,29,
1961,15,30,35,ONCE UPON A TIME,Rochell and the Candles with Johnny Wyatt,Swingin’,9,30,
1961,15,31,31,THAT’S IT-I QUIT-I’M MOVIN’ ON,Sam Cooke,RCA Victor,5,31,
1961,15,32,41,FELL IN LOVE ON MONDAY,Fats Domino,Imperial,3,32,
1961,15,33,37,HAPPY BIRTHDAY BLUES,Kathy Young and the Innocents,Indigo,7,30,
1961,15,34,56,FIND ANOTHER GIRL,Jerry Butler,Vee-Jay,5,34,
1961,15,35,45,HIDE AWAY,Freddy King,Federal,5,35,
1961,15,36,19,BABY SITTIN’ BOOGIE,Buzz Clifford,Columbia,13,6,
1961,15,37,48,PORTRAIT OF MY LOVE,Steve Lawrence,United Artists,5,37,
1961,15,38,43,TRUST IN ME,Etta James,Argo,4,38,
1961,15,39,28,THE WATUSI,The Vibrations,Checker,7,25,
1961,15,40,49,BEWILDERED,James Brown and the Famous Flames,King,6,40,
1961,15,41,26,HEARTS OF STONE,Bill Black’s Combo,Hi,7,20,
1961,15,42,23,CALCUTTA,Lawrence Welk and His Orchestra,Dot,17,1,
1961,15,43,18,LITTLE BOY SAD,Johnny Burnette,Liberty,9,17,
1961,15,44,40,YOUR ONE AND ONLY LOVE,Jackie Wilson,Brunswick,4,40,
1961,15,45,30,YOU CAN HAVE HER,Roy Hamilton,Epic,10,12,
1961,15,48,25,GOOD TIME BABY,Bobby Rydell,Cameo,11,11,
1961,15,49,36,EXODUS,Ferrante and Teicher,United Artists,21,2,
1961,15,51,29,THERE’S A MOON OUT TONIGHT,The Capris,Old Town,14,3,
1961,15,77,39,YOUR FRIENDS,Dee Clark,Vee-Jay,9,34,
1961,15,46,64,SOME KIND OF WONDERFUL,The Drifters,Atlantic,3,46,
1961,15,47,54,SHU RAH,Fats Domino,Imperial,3,47,
1961,15,50,65,THE SECOND TIME AROUND,Frank Sinatra,Reprise,5,50,
1961,16,1,1,BLUE MOON,The Marcels,Colpix,6,1,2 weeks at #1
1961,16,2,2,APACHE,Jørgen Ingmann and His Guitar,Atco,12,2,
1961,16,3,5,DEDICATED TO THE ONE I LOVE,The Shirelles,Scepter,16,3,
1961,16,4,9,RUNAWAY,Del Shannon,Big Top,6,4,
1961,16,5,7,ON THE REBOUND,Floyd Cramer,RCA Victor,6,5,
1961,16,6,10,BUT I DO,Clarence (Frogman) Henry,Argo,8,6,
1961,16,7,3,SURRENDER,Elvis Presley,RCA Victor,8,1,
1961,16,8,6,DON’T WORRY,Marty Robbins,Columbia,11,3,
1961,16,9,23,MOTHER-IN-LAW,Ernie K-Doe,Minit,3,9,
1961,16,10,8,WALK RIGHT BACK,The Everly Brothers,Warner Brothers,10,7,
1961,16,11,4,PONY TIME,Chubby Checker,Parkway,12,1,
1961,16,12,13,ASIA MINOR,Kokomo,Felsted,8,12,
1961,16,13,18,TAKE GOOD CARE OF HER,Adam Wade,Coed,5,13,
1961,16,14,16,PLEASE LOVE ME FOREVER,Cathy Jean and the Roommates,Valmor,7,14,
1961,16,15,11,THINK TWICE,Brook Benton,Mercury,9,11,
1961,16,16,21,ONE MINT JULEP,Ray Charles,Impulse,6,16,
1961,16,17,14,GEE WHIZ (Look At His Eyes),Carla Thomas,Atlantic,11,10,
1961,16,18,19,BABY BLUE,The Echoes,Seg-way,6,18,
1961,16,19,29,YOU CAN DEPEND ON ME,Brenda Lee,Decca,3,19,
1961,16,20,26,A HUNDRED POUNDS OF CLAY,Gene McDaniels,Liberty,4,20,
1961,16,21,12,WHEELS,The String-A-Longs,Warwick,14,3,
1961,16,22,27,PLEASE TELL ME WHY,Jackie Wilson,Brunswick,5,22,
1961,16,23,25,I’VE TOLD EVERY LITTLE STAR,Linda Scott,Canadian American,5,23,
1961,16,24,37,PORTRAIT OF MY LOVE,Steve Lawrence,United Artists,6,24,
1961,16,25,15,WHERE THE BOYS ARE,Connie Francis,MGM,13,4,
1961,16,26,30,ONCE UPON A TIME,Rochell and the Candles with Johnny Wyatt,Swingin’,10,26,
1961,16,27,20,MODEL GIRL,Johnny Maestro,Coed,10,20,
1961,16,28,22,"TONIGHT MY LOVE, TONIGHT",Paul Anka,ABC-Paramount,5,22,
1961,16,29,35,HIDE AWAY,Freddy King,Federal,6,29,
1961,16,30,34,FIND ANOTHER GIRL,Jerry Butler,Vee-Jay,6,30,
1961,16,31,17,EBONY EYES,The Everly Brothers,Warner Brothers,11,8,
1961,16,32,38,TRUST IN ME,Etta James,Argo,5,32,
1961,16,33,32,FELL IN LOVE ON MONDAY,Fats Domino,Imperial,4,32,
1961,16,34,33,HAPPY BIRTHDAY BLUES,Kathy Young and the Innocents,Indigo,8,30,
1961,16,35,59,TENDERLY,Bert Kaempfert,Decca,3,35,
1961,16,36,46,SOME KIND OF WONDERFUL,The Drifters,Atlantic,4,36,
1961,16,37,60,DADDY’S HOME,Shep and the Limelites,Hull,3,37,
1961,16,38,55,GINNIE BELL,Paul Dino,Promo,11,38,
1961,16,39,31,THAT’S IT-I QUIT-I’M MOVIN’ ON,Sam Cooke,RCA Victor,6,31,
1961,16,40,40,BEWILDERED,James Brown and the Famous Flames,King,7,40,
1961,16,44,24,SPANISH HARLEM,Ben E. King,Atco,15,10,
1961,16,55,28,LAZY RIVER,Bobby Darin,Atco,10,14,
1961,16,58,36,BABY SITTIN’ BOOGIE,Buzz Clifford,Columbia,14,6,
1961,16,67,39,THE WATUSI,The Vibrations,Checker,8,25,
1961,16,41,54,JUST FOR OLD TIME’S SAKE,The McGuire Sisters,Coral,5,41,
1961,16,42,47,SHU RAH,Fats Domino,Imperial,4,42,
1961,16,43,57,(Love Theme From) ONE EYED JACKS,Ferrante and Teicher,United Artists,4,43,
1961,16,45,65,BYE BYE BABY,Mary Wells,Motown,10,45,
1961,16,46,53,THEME FROM DIXIE,Duane Eddy,Jamie,4,46,
1961,16,47,56,TONIGHT I FELL IN LOVE,The Tokens,Warwick,6,47,
1961,16,48,83,LIKE LONG HAIR,Paul Revere and the Raiders,Gardena,3,48,
1961,16,49,64,BRASS BUTTONS,The String-A-Longs,Warwick,3,49,
1961,16,50,52,TO BE LOVED (Forever),The Pentagons,Donna,8,50,
1961,17,1,1,BLUE MOON,The Marcels,Colpix,7,1,3 weeks at #1
1961,17,2,4,RUNAWAY,Del Shannon,Big Top,7,2,
1961,17,3,9,MOTHER-IN-LAW,Ernie K-Doe,Minit,4,3,
1961,17,4,5,ON THE REBOUND,Floyd Cramer,RCA Victor,7,4,
1961,17,5,6,BUT I DO,Clarence (Frogman) Henry,Argo,9,5,
1961,17,6,2,APACHE,Jørgen Ingmann and His Guitar,Atco,13,2,
1961,17,7,3,DEDICATED TO THE ONE I LOVE,The Shirelles,Scepter,17,3,
1961,17,8,12,ASIA MINOR,Kokomo,Felsted,9,8,
1961,17,9,20,A HUNDRED POUNDS OF CLAY,Gene McDaniels,Liberty,5,9,
1961,17,10,7,SURRENDER,Elvis Presley,RCA Victor,9,1,
1961,17,11,13,TAKE GOOD CARE OF HER,Adam Wade,Coed,6,11,
1961,17,12,8,DON’T WORRY,Marty Robbins,Columbia,12,3,
1961,17,13,14,PLEASE LOVE ME FOREVER,Cathy Jean and the Roommates,Valmor,8,13,
1961,17,14,16,ONE MINT JULEP,Ray Charles,Impulse,7,14,
1961,17,15,11,PONY TIME,Chubby Checker,Parkway,13,1,
1961,17,16,19,YOU CAN DEPEND ON ME,Brenda Lee,Decca,4,16,
1961,17,17,18,BABY BLUE,The Echoes,Seg-way,7,17,
1961,17,18,23,I’VE TOLD EVERY LITTLE STAR,Linda Scott,Canadian American,6,18,
1961,17,19,28,"TONIGHT MY LOVE, TONIGHT",Paul Anka,ABC-Paramount,6,19,
1961,17,20,22,PLEASE TELL ME WHY,Jackie Wilson,Brunswick,6,20,
1961,17,21,10,WALK RIGHT BACK,The Everly Brothers,Warner Brothers,11,7,
1961,17,22,15,THINK TWICE,Brook Benton,Mercury,10,11,
1961,17,23,24,PORTRAIT OF MY LOVE,Steve Lawrence,United Artists,7,23,
1961,17,24,17,GEE WHIZ (Look At His Eyes),Carla Thomas,Atlantic,12,10,
1961,17,25,41,JUST FOR OLD TIME’S SAKE,The McGuire Sisters,Coral,6,25,
1961,17,26,21,WHEELS,The String-A-Longs,Warwick,15,3,
1961,17,27,37,DADDY’S HOME,Shep and the Limelites,Hull,4,27,
1961,17,28,26,ONCE UPON A TIME,Rochell and the Candles with Johnny Wyatt,Swingin’,11,26,
1961,17,29,25,WHERE THE BOYS ARE,Connie Francis,MGM,14,4,
1961,17,30,32,TRUST IN ME,Etta James,Argo,6,30,
1961,17,31,30,FIND ANOTHER GIRL,Jerry Butler,Vee-Jay,7,30,
1961,17,32,35,TENDERLY,Bert Kaempfert,Decca,4,32,
1961,17,33,29,HIDE AWAY,Freddy King,Federal,7,29,
1961,17,34,42,SHU RAH,Fats Domino,Imperial,5,34,
1961,17,35,49,BRASS BUTTONS,The String-A-Longs,Warwick,4,35,
1961,17,36,36,SOME KIND OF WONDERFUL,The Drifters,Atlantic,5,36,
1961,17,37,43,(Love Theme From) ONE EYED JACKS,Ferrante and Teicher,United Artists,5,37,
1961,17,38,48,LIKE LONG HAIR,Paul Revere and the Raiders,Gardena,4,38,
1961,17,39,46,THEME FROM DIXIE,Duane Eddy,Jamie,5,39,
1961,17,40,27,MODEL GIRL,Johnny Maestro,Coed,11,20,
1961,17,41,31,EBONY EYES,The Everly Brothers,Warner Brothers,12,8,
1961,17,43,33,FELL IN LOVE ON MONDAY,Fats Domino,Imperial,5,32,
1961,17,49,39,THAT’S IT-I QUIT-I’M MOVIN’ ON,Sam Cooke,RCA Victor,7,31,
1961,17,50,38,GINNIE BELL,Paul Dino,Promo,12,38,
1961,17,57,34,HAPPY BIRTHDAY BLUES,Kathy Young and the Innocents,Indigo,9,30,
1961,17,65,40,BEWILDERED,James Brown and the Famous Flames,King,8,40,
1961,17,42,57,BUMBLE BOOGIE,B. Bumble and the Stingers,Rendezvous,4,42,
1961,17,44,47,TONIGHT I FELL IN LOVE,The Tokens,Warwick,7,44,
1961,17,45,53,I’M IN THE MOOD FOR LOVE,The Chimes,Tag,4,45,
1961,17,46,52,FUNNY,Maxine Brown,Nomar,4,46,
1961,17,47,62,FROGG,The Brothers Four,Columbia,2,47,
1961,17,48,50,TO BE LOVED (Forever),The Pentagons,Donna,9,48,
1961,18,1,2,RUNAWAY,Del Shannon,Big Top,8,1,1 week at #1
1961,18,2,1,BLUE MOON,The Marcels,Colpix,8,1,
1961,18,3,3,MOTHER-IN-LAW,Ernie K-Doe,Minit,5,3,
1961,18,4,5,BUT I DO,Clarence (Frogman) Henry,Argo,10,4,
1961,18,5,4,ON THE REBOUND,Floyd Cramer,RCA Victor,8,4,
1961,18,6,9,A HUNDRED POUNDS OF CLAY,Gene McDaniels,Liberty,6,6,
1961,18,7,18,I’VE TOLD EVERY LITTLE STAR,Linda Scott,Canadian American,7,7,
1961,18,8,16,YOU CAN DEPEND ON ME,Brenda Lee,Decca,5,8,
1961,18,9,11,TAKE GOOD CARE OF HER,Adam Wade,Coed,7,9,
1961,18,10,14,ONE MINT JULEP,Ray Charles,Impulse,8,10,
1961,18,11,6,APACHE,Jørgen Ingmann and His Guitar,Atco,14,2,
1961,18,12,13,PLEASE LOVE ME FOREVER,Cathy Jean and the Roommates,Valmor,9,12,
1961,18,13,7,DEDICATED TO THE ONE I LOVE,The Shirelles,Scepter,18,3,
1961,18,14,17,BABY BLUE,The Echoes,Seg-way,8,14,
1961,18,15,8,ASIA MINOR,Kokomo,Felsted,10,8,
1961,18,16,19,"TONIGHT MY LOVE, TONIGHT",Paul Anka,ABC-Paramount,7,16,
1961,18,17,23,PORTRAIT OF MY LOVE,Steve Lawrence,United Artists,8,17,
1961,18,18,12,DON’T WORRY,Marty Robbins,Columbia,13,3,
1961,18,19,10,SURRENDER,Elvis Presley,RCA Victor,10,1,
1961,18,20,27,DADDY’S HOME,Shep and the Limelites,Hull,5,20,
1961,18,21,56,BREAKIN’ IN A BRAND NEW BROKEN HEART,Connie Francis,MGM,2,21,
1961,18,22,20,PLEASE TELL ME WHY,Jackie Wilson,Brunswick,7,20,
1961,18,23,15,PONY TIME,Chubby Checker,Parkway,14,1,
1961,18,24,21,WALK RIGHT BACK,The Everly Brothers,Warner Brothers,12,7,
1961,18,25,24,GEE WHIZ (Look At His Eyes),Carla Thomas,Atlantic,13,10,
1961,18,26,25,JUST FOR OLD TIME’S SAKE,The McGuire Sisters,Coral,7,25,
1961,18,27,31,FIND ANOTHER GIRL,Jerry Butler,Vee-Jay,8,27,
1961,18,28,44,TONIGHT I FELL IN LOVE,The Tokens,Warwick,8,28,
1961,18,29,22,THINK TWICE,Brook Benton,Mercury,11,11,
1961,18,30,46,FUNNY,Maxine Brown,Nomar,5,30,
1961,18,31,32,TENDERLY,Bert Kaempfert,Decca,5,31,
1961,18,32,34,SHU RAH,Fats Domino,Imperial,6,32,
1961,18,33,42,BUMBLE BOOGIE,B. Bumble and the Stingers,Rendezvous,5,33,
1961,18,34,85,FLAMING STAR (From the “Elvis By Request” EP),Elvis Presley,RCA Victor,2,34,
1961,18,35,47,FROGG,The Brothers Four,Columbia,3,35,
1961,18,36,35,BRASS BUTTONS,The String-A-Longs,Warwick,5,35,
1961,18,37,33,HIDE AWAY,Freddy King,Federal,8,29,
1961,18,38,54,RUNNING SCARED,Roy Orbison,Monument,3,38,
1961,18,39,53,WHAT’D I SAY,Jerry Lee Lewis,Sun,4,39,
1961,18,40,30,TRUST IN ME,Etta James,Argo,7,30,
1961,18,41,28,ONCE UPON A TIME,Rochell and the Candles with Johnny Wyatt,Swingin’,12,26,
1961,18,43,29,WHERE THE BOYS ARE,Connie Francis,MGM,15,4,
1961,18,44,36,SOME KIND OF WONDERFUL,The Drifters,Atlantic,6,36,
1961,18,45,26,WHEELS,The String-A-Longs,Warwick,16,3,
1961,18,48,38,LIKE LONG HAIR,Paul Revere and the Raiders,Gardena,5,38,
1961,18,50,37,(Love Theme From) ONE EYED JACKS,Ferrante and Teicher,United Artists,6,37,
1961,18,52,39,THEME FROM DIXIE,Duane Eddy,Jamie,6,39,
1961,18,76,40,MODEL GIRL,Johnny Maestro,Coed,12,20,
1961,18,42,78,MAMA SAID,The Shirelles,Scepter,2,42,
1961,18,46,43,FELL IN LOVE ON MONDAY,Fats Domino,Imperial,6,32,
1961,18,47,51,THE CONTINENTAL WALK,Hank Ballard and the Midnighters,King,4,47,
1961,18,49,52,"AIN’T IT, BABY",The Miracles,Tamla,5,49,
1961,19,1,1,RUNAWAY,Del Shannon,Big Top,9,1,2 weeks at #1
1961,19,2,3,MOTHER-IN-LAW,Ernie K-Doe,Minit,6,2,
1961,19,3,7,I’VE TOLD EVERY LITTLE STAR,Linda Scott,Canadian American,8,3,
1961,19,4,6,A HUNDRED POUNDS OF CLAY,Gene McDaniels,Liberty,7,4,
1961,19,5,2,BLUE MOON,The Marcels,Colpix,9,1,
1961,19,6,4,BUT I DO,Clarence (Frogman) Henry,Argo,11,4,
1961,19,7,9,TAKE GOOD CARE OF HER,Adam Wade,Coed,8,7,
1961,19,8,10,ONE MINT JULEP,Ray Charles,Impulse,9,8,
1961,19,9,8,YOU CAN DEPEND ON ME,Brenda Lee,Decca,6,8,
1961,19,10,5,ON THE REBOUND,Floyd Cramer,RCA Victor,9,4,
1961,19,11,17,PORTRAIT OF MY LOVE,Steve Lawrence,United Artists,9,11,
1961,19,12,14,BABY BLUE,The Echoes,Seg-way,9,12,
1961,19,13,16,"TONIGHT MY LOVE, TONIGHT",Paul Anka,ABC-Paramount,8,13,
1961,19,14,11,APACHE,Jørgen Ingmann and His Guitar,Atco,15,2,
1961,19,15,20,DADDY’S HOME,Shep and the Limelites,Hull,6,15,
1961,19,16,21,BREAKIN’ IN A BRAND NEW BROKEN HEART,Connie Francis,MGM,3,16,
1961,19,17,28,TONIGHT I FELL IN LOVE,The Tokens,Warwick,9,17,
1961,19,18,42,MAMA SAID,The Shirelles,Scepter,3,18,
1961,19,19,34,FLAMING STAR (From the “Elvis By Request” EP),Elvis Presley,RCA Victor,3,19,
1961,19,20,12,PLEASE LOVE ME FOREVER,Cathy Jean and the Roommates,Valmor,10,12,
1961,19,21,15,ASIA MINOR,Kokomo,Felsted,11,8,
1961,19,22,18,DON’T WORRY,Marty Robbins,Columbia,14,3,
1961,19,23,26,JUST FOR OLD TIME’S SAKE,The McGuire Sisters,Coral,8,23,
1961,19,24,38,RUNNING SCARED,Roy Orbison,Monument,4,24,
1961,19,25,19,SURRENDER,Elvis Presley,RCA Victor,11,1,
1961,19,26,33,BUMBLE BOOGIE,B. Bumble and the Stingers,Rendezvous,6,26,
1961,19,27,13,DEDICATED TO THE ONE I LOVE,The Shirelles,Scepter,19,3,
1961,19,28,79,(Dance the) MESS AROUND,Chubby Checker,Parkway,2,28,
1961,19,29,30,FUNNY,Maxine Brown,Nomar,6,29,
1961,19,30,23,PONY TIME,Chubby Checker,Parkway,15,1,
1961,19,31,39,WHAT’D I SAY,Jerry Lee Lewis,Sun,5,31,
1961,19,32,35,FROGG,The Brothers Four,Columbia,4,32,
1961,19,33,58,BONANZA,Al Caiola and His Orchestra,United Artists,5,33,
1961,19,34,71,TRAVELIN’ MAN,Ricky Nelson,Imperial,2,34,
1961,19,35,31,TENDERLY,Bert Kaempfert,Decca,6,31,
1961,19,36,55,GIRL OF MY BEST FRIEND,Ral Donner and the Starfires,Gone,3,36,
1961,19,37,47,THE CONTINENTAL WALK,Hank Ballard and the Midnighters,King,5,37,
1961,19,38,54,SAVED,LaVern Baker,Atlantic,4,38,
1961,19,39,62,HELLO WALLS,Faron Young,Capitol,4,39,
1961,19,40,44,SOME KIND OF WONDERFUL,The Drifters,Atlantic,7,36,
1961,19,42,40,TRUST IN ME,Etta James,Argo,8,30,
1961,19,44,27,FIND ANOTHER GIRL,Jerry Butler,Vee-Jay,9,27,
1961,19,47,37,HIDE AWAY,Freddy King,Federal,9,29,
1961,19,50,24,WALK RIGHT BACK,The Everly Brothers,Warner Brothers,13,7,
1961,19,51,36,BRASS BUTTONS,The String-A-Longs,Warwick,6,35,
1961,19,52,22,PLEASE TELL ME WHY,Jackie Wilson,Brunswick,8,20,
1961,19,59,29,THINK TWICE,Brook Benton,Mercury,12,11,
1961,19,65,32,SHU RAH,Fats Domino,Imperial,7,32,
1961,19,68,25,GEE WHIZ (Look At His Eyes),Carla Thomas,Atlantic,14,10,
1961,19,41,51,I’M IN THE MOOD FOR LOVE,The Chimes,Tag,6,41,
1961,19,43,53,"GOOD, GOOD LOVIN’",Chubby Checker,Parkway,3,43,
1961,19,45,64,AFRICAN WALTZ,Cannonball Adderley Orchestra,Riverside,4,45,
1961,19,46,74,TRAGEDY,The Fleetwoods,Dolton,3,46,
1961,19,48,65,TRIANGLE,Janie Grant,Caprice,6,48,
1961,19,49,59,FOOLIN’ AROUND,Kay Starr,Capitol,7,49,
1961,20,1,1,RUNAWAY,Del Shannon,Big Top,10,1,3 weeks at #1
1961,20,2,2,MOTHER-IN-LAW,Ernie K-Doe,Minit,7,2,
1961,20,3,4,A HUNDRED POUNDS OF CLAY,Gene McDaniels,Liberty,8,3,
1961,20,4,3,I’VE TOLD EVERY LITTLE STAR,Linda Scott,Canadian American,9,3,
1961,20,5,5,BLUE MOON,The Marcels,Colpix,10,1,
1961,20,6,9,YOU CAN DEPEND ON ME,Brenda Lee,Decca,7,6,
1961,20,7,7,TAKE GOOD CARE OF HER,Adam Wade,Coed,9,7,
1961,20,8,8,ONE MINT JULEP,Ray Charles,Impulse,10,8,
1961,20,9,11,PORTRAIT OF MY LOVE,Steve Lawrence,United Artists,10,9,
1961,20,10,10,ON THE REBOUND,Floyd Cramer,RCA Victor,10,4,
1961,20,11,6,BUT I DO,Clarence (Frogman) Henry,Argo,12,4,
1961,20,12,15,DADDY’S HOME,Shep and the Limelites,Hull,7,12,
1961,20,13,16,BREAKIN’ IN A BRAND NEW BROKEN HEART,Connie Francis,MGM,4,13,
1961,20,14,18,MAMA SAID,The Shirelles,Scepter,4,14,
1961,20,15,17,TONIGHT I FELL IN LOVE,The Tokens,Warwick,10,15,
1961,20,16,19,FLAMING STAR (From the “Elvis By Request” EP),Elvis Presley,RCA Victor,4,16,
1961,20,17,13,"TONIGHT MY LOVE, TONIGHT",Paul Anka,ABC-Paramount,9,13,
1961,20,18,34,TRAVELIN’ MAN,Ricky Nelson,Imperial,3,18,
1961,20,19,24,RUNNING SCARED,Roy Orbison,Monument,5,19,
1961,20,20,12,BABY BLUE,The Echoes,Seg-way,10,12,
1961,20,21,26,BUMBLE BOOGIE,B. Bumble and the Stingers,Rendezvous,7,21,
1961,20,22,23,JUST FOR OLD TIME’S SAKE,The McGuire Sisters,Coral,9,22,
1961,20,23,33,BONANZA,Al Caiola and His Orchestra,United Artists,6,23,
1961,20,24,28,(Dance the) MESS AROUND,Chubby Checker,Parkway,3,24,
1961,20,25,29,FUNNY,Maxine Brown,Nomar,7,25,
1961,20,26,36,GIRL OF MY BEST FRIEND,Ral Donner and the Starfires,Gone,4,26,
1961,20,27,73,HELLO MARY LOU,Ricky Nelson,Imperial,2,27,
1961,20,28,21,ASIA MINOR,Kokomo,Felsted,12,8,
1961,20,29,39,HELLO WALLS,Faron Young,Capitol,5,29,
1961,20,30,31,WHAT’D I SAY,Jerry Lee Lewis,Sun,6,30,
1961,20,31,46,TRAGEDY,The Fleetwoods,Dolton,4,31,
1961,20,32,14,APACHE,Jørgen Ingmann and His Guitar,Atco,16,2,
1961,20,33,20,PLEASE LOVE ME FOREVER,Cathy Jean and the Roommates,Valmor,11,12,
1961,20,34,56,LITTLE DEVIL,Neil Sedaka,RCA Victor,2,34,
1961,20,35,37,THE CONTINENTAL WALK,Hank Ballard and the Midnighters,King,6,35,
1961,20,36,40,SOME KIND OF WONDERFUL,The Drifters,Atlantic,8,36,
1961,20,37,38,SAVED,LaVern Baker,Atlantic,5,37,
1961,20,38,53,THAT OLD BLACK MAGIC,Bobby Rydell,Cameo,2,38,
1961,20,39,32,FROGG,The Brothers Four,Columbia,5,32,
1961,20,40,27,DEDICATED TO THE ONE I LOVE,The Shirelles,Scepter,20,3,
1961,20,42,25,SURRENDER,Elvis Presley,RCA Victor,12,1,
1961,20,54,30,PONY TIME,Chubby Checker,Parkway,16,1,
1961,20,59,22,DON’T WORRY,Marty Robbins,Columbia,15,3,
1961,20,64,35,TENDERLY,Bert Kaempfert,Decca,7,31,
1961,20,41,45,AFRICAN WALTZ,Cannonball Adderley Orchestra,Riverside,5,41,
1961,20,43,55,LULLABYE OF LOVE,Frank Gari,Crusade,5,43,
1961,20,44,64,UNDERWATER,The Frogmen,Candix,6,44,
1961,20,45,43,"GOOD, GOOD LOVIN’",Chubby Checker,Parkway,4,43,
1961,20,46,57,EXODUS,Eddie Harris,Vee-Jay,5,46,
1961,20,47,41,I’M IN THE MOOD FOR LOVE,The Chimes,Tag,7,41,
1961,20,48,48,TRIANGLE,Janie Grant,Caprice,7,48,
1961,20,49,49,FOOLIN’ AROUND,Kay Starr,Capitol,8,49,
1961,20,50,72,THE TOUCHABLES IN BROOKLYN,Dickie Goodman,Mark-X,3,50,
1961,21,1,1,RUNAWAY,Del Shannon,Big Top,11,1,4 weeks at #1
1961,21,2,2,MOTHER-IN-LAW,Ernie K-Doe,Minit,8,2,
1961,21,3,3,A HUNDRED POUNDS OF CLAY,Gene McDaniels,Liberty,9,3,
1961,21,4,4,I’VE TOLD EVERY LITTLE STAR,Linda Scott,Canadian American,10,3,
1961,21,5,12,DADDY’S HOME,Shep and the Limelites,Hull,8,5,
1961,21,6,6,YOU CAN DEPEND ON ME,Brenda Lee,Decca,8,6,
1961,21,7,5,BLUE MOON,The Marcels,Colpix,11,1,
1961,21,8,18,TRAVELIN’ MAN,Ricky Nelson,Imperial,4,8,
1961,21,9,14,MAMA SAID,The Shirelles,Scepter,5,9,
1961,21,10,7,TAKE GOOD CARE OF HER,Adam Wade,Coed,10,7,
1961,21,11,13,BREAKIN’ IN A BRAND NEW BROKEN HEART,Connie Francis,MGM,5,11,
1961,21,12,9,PORTRAIT OF MY LOVE,Steve Lawrence,United Artists,11,9,
1961,21,13,8,ONE MINT JULEP,Ray Charles,Impulse,11,8,
1961,21,14,16,FLAMING STAR (From the “Elvis By Request” EP),Elvis Presley,RCA Victor,5,14,
1961,21,15,27,HELLO MARY LOU,Ricky Nelson,Imperial,3,15,
1961,21,16,19,RUNNING SCARED,Roy Orbison,Monument,6,16,
1961,21,17,10,ON THE REBOUND,Floyd Cramer,RCA Victor,11,4,
1961,21,18,15,TONIGHT I FELL IN LOVE,The Tokens,Warwick,11,15,
1961,21,19,23,BONANZA,Al Caiola and His Orchestra,United Artists,7,19,
1961,21,20,22,JUST FOR OLD TIME’S SAKE,The McGuire Sisters,Coral,10,20,
1961,21,21,11,BUT I DO,Clarence (Frogman) Henry,Argo,13,4,
1961,21,22,31,TRAGEDY,The Fleetwoods,Dolton,5,22,
1961,21,23,34,LITTLE DEVIL,Neil Sedaka,RCA Victor,3,23,
1961,21,24,26,GIRL OF MY BEST FRIEND,Ral Donner and the Starfires,Gone,5,24,
1961,21,25,25,FUNNY,Maxine Brown,Nomar,8,25,
1961,21,26,29,HELLO WALLS,Faron Young,Capitol,6,26,
1961,21,27,24,(Dance the) MESS AROUND,Chubby Checker,Parkway,4,24,
1961,21,28,21,BUMBLE BOOGIE,B. Bumble and the Stingers,Rendezvous,8,21,
1961,21,29,20,BABY BLUE,The Echoes,Seg-way,11,12,
1961,21,30,17,"TONIGHT MY LOVE, TONIGHT",Paul Anka,ABC-Paramount,10,13,
1961,21,31,38,THAT OLD BLACK MAGIC,Bobby Rydell,Cameo,3,31,
1961,21,32,36,SOME KIND OF WONDERFUL,The Drifters,Atlantic,9,32,
1961,21,33,35,THE CONTINENTAL WALK,Hank Ballard and the Midnighters,King,7,33,
1961,21,34,30,WHAT’D I SAY,Jerry Lee Lewis,Sun,7,30,
1961,21,35,43,LULLABYE OF LOVE,Frank Gari,Crusade,6,35,
1961,21,36,48,TRIANGLE,Janie Grant,Caprice,8,36,
1961,21,37,28,ASIA MINOR,Kokomo,Felsted,13,8,
1961,21,38,47,I’M IN THE MOOD FOR LOVE,The Chimes,Tag,8,38,
1961,21,39,32,APACHE,Jørgen Ingmann and His Guitar,Atco,17,2,
1961,21,40,37,SAVED,LaVern Baker,Atlantic,6,37,
1961,21,50,33,PLEASE LOVE ME FOREVER,Cathy Jean and the Roommates,Valmor,12,12,
1961,21,41,75,STAND BY ME,Ben E. King,Atco,2,41,
1961,21,42,56,WHAT A SURPRISE,Johnny Maestro,Coed,4,42,
1961,21,44,46,EXODUS,Eddie Harris,Vee-Jay,6,44,
1961,21,45,50,THE TOUCHABLES IN BROOKLYN,Dickie Goodman,Mark-X,4,45,
1961,21,46,52,(It Never Happens) IN REAL LIFE,Chuck Jackson,Wand,6,46,
1961,21,47,45,"GOOD, GOOD LOVIN’",Chubby Checker,Parkway,5,43,
1961,21,48,51,PEANUT BUTTER,The Marathons,Arvee,4,48,
1961,21,49,44,UNDERWATER,The Frogmen,Candix,7,44,
1961,22,1,2,MOTHER-IN-LAW,Ernie K-Doe,Minit,9,1,1 week at #1
1961,22,2,1,RUNAWAY,Del Shannon,Big Top,12,1,
1961,22,3,5,DADDY’S HOME,Shep and the Limelites,Hull,9,3,
1961,22,4,3,A HUNDRED POUNDS OF CLAY,Gene McDaniels,Liberty,10,3,
1961,22,5,8,TRAVELIN’ MAN,Ricky Nelson,Imperial,5,5,
1961,22,6,9,MAMA SAID,The Shirelles,Scepter,6,6,
1961,22,7,16,RUNNING SCARED,Roy Orbison,Monument,7,7,
1961,22,8,11,BREAKIN’ IN A BRAND NEW BROKEN HEART,Connie Francis,MGM,6,8,
1961,22,9,15,HELLO MARY LOU,Ricky Nelson,Imperial,4,9,
1961,22,10,4,I’VE TOLD EVERY LITTLE STAR,Linda Scott,Canadian American,11,3,
1961,22,11,6,YOU CAN DEPEND ON ME,Brenda Lee,Decca,9,6,
1961,22,12,7,BLUE MOON,The Marcels,Colpix,12,1,
1961,22,13,12,PORTRAIT OF MY LOVE,Steve Lawrence,United Artists,12,9,
1961,22,14,10,TAKE GOOD CARE OF HER,Adam Wade,Coed,11,7,
1961,22,15,23,LITTLE DEVIL,Neil Sedaka,RCA Victor,4,15,
1961,22,16,22,TRAGEDY,The Fleetwoods,Dolton,6,16,
1961,22,17,43,I FEEL SO BAD,Elvis Presley,RCA Victor,2,17,
1961,22,18,26,HELLO WALLS,Faron Young,Capitol,7,18,
1961,22,19,18,TONIGHT I FELL IN LOVE,The Tokens,Warwick,12,15,
1961,22,20,19,BONANZA,Al Caiola and His Orchestra,United Artists,8,19,
1961,22,21,20,JUST FOR OLD TIME’S SAKE,The McGuire Sisters,Coral,11,20,
1961,22,22,24,GIRL OF MY BEST FRIEND,Ral Donner and the Starfires,Gone,6,22,
1961,22,23,17,ON THE REBOUND,Floyd Cramer,RCA Victor,12,4,
1961,22,24,21,BUT I DO,Clarence (Frogman) Henry,Argo,14,4,
1961,22,25,31,THAT OLD BLACK MAGIC,Bobby Rydell,Cameo,4,25,
1961,22,26,13,ONE MINT JULEP,Ray Charles,Impulse,12,8,
1961,22,27,14,FLAMING STAR (From the “Elvis By Request” EP),Elvis Presley,RCA Victor,6,14,
1961,22,28,41,STAND BY ME,Ben E. King,Atco,3,28,
1961,22,29,25,FUNNY,Maxine Brown,Nomar,9,25,
1961,22,30,28,BUMBLE BOOGIE,B. Bumble and the Stingers,Rendezvous,9,21,
1961,22,31,54,MOODY RIVER,Pat Boone,Dot,4,31,
1961,22,32,27,(Dance the) MESS AROUND,Chubby Checker,Parkway,5,24,
1961,22,33,35,LULLABYE OF LOVE,Frank Gari,Crusade,7,33,
1961,22,34,36,TRIANGLE,Janie Grant,Caprice,9,34,
1961,22,35,59,BARBARA-ANN,The Regents,Gee,2,35,
1961,22,36,48,PEANUT BUTTER,The Marathons,Arvee,5,36,
1961,22,37,32,SOME KIND OF WONDERFUL,The Drifters,Atlantic,10,32,
1961,22,38,51,RAINDROPS,Dee Clark,Vee-Jay,4,38,
1961,22,39,42,WHAT A SURPRISE,Johnny Maestro,Coed,5,39,
1961,22,40,29,BABY BLUE,The Echoes,Seg-way,12,12,
1961,22,49,33,THE CONTINENTAL WALK,Hank Ballard and the Midnighters,King,8,33,
1961,22,50,30,"TONIGHT MY LOVE, TONIGHT",Paul Anka,ABC-Paramount,11,13,
1961,22,51,37,ASIA MINOR,Kokomo,Felsted,14,8,
1961,22,75,34,WHAT’D I SAY,Jerry Lee Lewis,Sun,8,30,
1961,22,85,40,SAVED,LaVern Baker,Atlantic,7,37,
1961,22,88,38,I’M IN THE MOOD FOR LOVE,The Chimes,Tag,9,38,
1961,22,41,44,EXODUS,Eddie Harris,Vee-Jay,7,41,
1961,22,42,45,THE TOUCHABLES IN BROOKLYN,Dickie Goodman,Mark-X,5,42,
1961,22,43,58,RAMA LAMA DING DONG,The Edsels,Twin,4,43,
1961,22,44,55,TOSSIN’ AND TURNIN’,Bobby Lewis,Beltone,5,44,
1961,22,45,52,I’M A FOOL TO CARE,Joe Barry,Smash,5,45,
1961,22,46,57,THOSE OLDIES BUT GOODIES (Remind Me Of You),Little Caesar and the Romans,Del-Fi,4,46,
1961,22,47,46,(It Never Happens) IN REAL LIFE,Chuck Jackson,Wand,7,46,
1961,22,48,76,YOU ALWAYS HURT THE ONE YOU LOVE,Clarence (Frogman) Henry,Argo,2,48,
1961,23,1,5,TRAVELIN’ MAN,Ricky Nelson,Imperial,6,1,1 week at #1
1961,23,2,3,DADDY’S HOME,Shep and the Limelites,Hull,10,2,
1961,23,3,7,RUNNING SCARED,Roy Orbison,Monument,8,3,
1961,23,4,6,MAMA SAID,The Shirelles,Scepter,7,4,
1961,23,5,1,MOTHER-IN-LAW,Ernie K-Doe,Minit,10,1,
1961,23,6,2,RUNAWAY,Del Shannon,Big Top,13,1,
1961,23,7,8,BREAKIN’ IN A BRAND NEW BROKEN HEART,Connie Francis,MGM,7,7,
1961,23,8,4,A HUNDRED POUNDS OF CLAY,Gene McDaniels,Liberty,11,3,
1961,23,9,17,I FEEL SO BAD,Elvis Presley,RCA Victor,3,9,
1961,23,10,16,TRAGEDY,The Fleetwoods,Dolton,7,10,
1961,23,11,15,LITTLE DEVIL,Neil Sedaka,RCA Victor,5,11,
1961,23,12,18,HELLO WALLS,Faron Young,Capitol,8,12,
1961,23,13,28,STAND BY ME,Ben E. King,Atco,4,13,
1961,23,14,31,MOODY RIVER,Pat Boone,Dot,5,14,
1961,23,15,38,RAINDROPS,Dee Clark,Vee-Jay,5,15,
1961,23,16,9,HELLO MARY LOU,Ricky Nelson,Imperial,5,9,
1961,23,17,10,I’VE TOLD EVERY LITTLE STAR,Linda Scott,Canadian American,12,3,
1961,23,18,13,PORTRAIT OF MY LOVE,Steve Lawrence,United Artists,13,9,
1961,23,19,22,GIRL OF MY BEST FRIEND,Ral Donner and the Starfires,Gone,7,19,
1961,23,20,35,BARBARA-ANN,The Regents,Gee,3,20,
1961,23,21,25,THAT OLD BLACK MAGIC,Bobby Rydell,Cameo,5,21,
1961,23,22,11,YOU CAN DEPEND ON ME,Brenda Lee,Decca,10,6,
1961,23,23,19,TONIGHT I FELL IN LOVE,The Tokens,Warwick,13,15,
1961,23,24,33,LULLABYE OF LOVE,Frank Gari,Crusade,8,24,
1961,23,25,48,YOU ALWAYS HURT THE ONE YOU LOVE,Clarence (Frogman) Henry,Argo,3,25,
1961,23,26,12,BLUE MOON,The Marcels,Colpix,13,1,
1961,23,27,21,JUST FOR OLD TIME’S SAKE,The McGuire Sisters,Coral,12,20,
1961,23,28,14,TAKE GOOD CARE OF HER,Adam Wade,Coed,12,7,
1961,23,29,34,TRIANGLE,Janie Grant,Caprice,10,29,
1961,23,30,36,PEANUT BUTTER,The Marathons,Arvee,6,30,
1961,23,31,20,BONANZA,Al Caiola and His Orchestra,United Artists,9,19,
1961,23,32,56,THE WRITING ON THE WALL,Adam Wade,Coed,3,32,
1961,23,33,46,THOSE OLDIES BUT GOODIES (Remind Me Of You),Little Caesar and the Romans,Del-Fi,5,33,
1961,23,34,44,TOSSIN’ AND TURNIN’,Bobby Lewis,Beltone,6,34,
1961,23,35,45,I’M A FOOL TO CARE,Joe Barry,Smash,6,35,
1961,23,36,39,WHAT A SURPRISE,Johnny Maestro,Coed,6,36,
1961,23,37,41,EXODUS,Eddie Harris,Vee-Jay,8,37,
1961,23,38,57,LITTLE EGYPT (Ying-Yang),The Coasters,Atco,6,38,
1961,23,39,24,BUT I DO,Clarence (Frogman) Henry,Argo,15,4,
1961,23,40,65,HALFWAY TO PARADISE,Tony Orlando,Epic,5,40,
1961,23,46,32,(Dance the) MESS AROUND,Chubby Checker,Parkway,6,24,
1961,23,47,27,FLAMING STAR (From the “Elvis By Request” EP),Elvis Presley,RCA Victor,7,14,
1961,23,48,37,SOME KIND OF WONDERFUL,The Drifters,Atlantic,11,32,
1961,23,56,26,ONE MINT JULEP,Ray Charles,Impulse,13,8,
1961,23,60,30,BUMBLE BOOGIE,B. Bumble and the Stingers,Rendezvous,10,21,
1961,23,61,29,FUNNY,Maxine Brown,Nomar,10,25,
1961,23,63,23,ON THE REBOUND,Floyd Cramer,RCA Victor,13,4,
1961,23,41,43,RAMA LAMA DING DONG,The Edsels,Twin,5,41,
1961,23,42,71,THE BOLL WEEVIL SONG,Brook Benton,Mercury,3,42,
1961,23,43,63,EVERY BEAT OF MY HEART,The Pips,Vee-Jay,3,43,
1961,23,44,59,THE BILBAO SONG,Andy Williams,Cadence,6,44,
1961,23,45,52,NEVER ON SUNDAY,Don Costa and His Orchestra and Chorus,United Artists,19,19,
1961,23,49,53,GLORY OF LOVE,The Roommates,Valmor,8,49,
1961,23,50,55,YOU’D BETTER COME HOME,Russell Byrd,Wand,4,50,
1961,24,1,3,RUNNING SCARED,Roy Orbison,Monument,9,1,1 week at #1
1961,24,2,1,TRAVELIN’ MAN,Ricky Nelson,Imperial,7,1,
1961,24,3,2,DADDY’S HOME,Shep and the Limelites,Hull,11,2,
1961,24,4,4,MAMA SAID,The Shirelles,Scepter,8,4,
1961,24,5,9,I FEEL SO BAD,Elvis Presley,RCA Victor,4,5,
1961,24,6,13,STAND BY ME,Ben E. King,Atco,5,6,
1961,24,7,14,MOODY RIVER,Pat Boone,Dot,6,7,
1961,24,8,8,A HUNDRED POUNDS OF CLAY,Gene McDaniels,Liberty,12,3,
1961,24,9,15,RAINDROPS,Dee Clark,Vee-Jay,6,9,
1961,24,10,7,BREAKIN’ IN A BRAND NEW BROKEN HEART,Connie Francis,MGM,8,7,
1961,24,11,10,TRAGEDY,The Fleetwoods,Dolton,8,10,
1961,24,12,12,HELLO WALLS,Faron Young,Capitol,9,12,
1961,24,13,11,LITTLE DEVIL,Neil Sedaka,RCA Victor,6,11,
1961,24,14,16,HELLO MARY LOU,Ricky Nelson,Imperial,6,9,
1961,24,15,6,RUNAWAY,Del Shannon,Big Top,14,1,
1961,24,16,20,BARBARA-ANN,The Regents,Gee,4,16,
1961,24,17,25,YOU ALWAYS HURT THE ONE YOU LOVE,Clarence (Frogman) Henry,Argo,4,17,
1961,24,18,32,THE WRITING ON THE WALL,Adam Wade,Coed,4,18,
1961,24,19,5,MOTHER-IN-LAW,Ernie K-Doe,Minit,11,1,
1961,24,20,19,GIRL OF MY BEST FRIEND,Ral Donner and the Starfires,Gone,8,19,
1961,24,21,43,EVERY BEAT OF MY HEART,The Pips,Vee-Jay,4,21,
1961,24,22,33,THOSE OLDIES BUT GOODIES (Remind Me Of You),Little Caesar and the Romans,Del-Fi,6,22,
1961,24,23,24,LULLABYE OF LOVE,Frank Gari,Crusade,9,23,
1961,24,24,34,TOSSIN’ AND TURNIN’,Bobby Lewis,Beltone,7,24,
1961,24,25,35,I’M A FOOL TO CARE,Joe Barry,Smash,7,25,
1961,24,26,42,THE BOLL WEEVIL SONG,Brook Benton,Mercury,4,26,
1961,24,27,38,LITTLE EGYPT (Ying-Yang),The Coasters,Atco,7,27,
1961,24,28,30,PEANUT BUTTER,The Marathons,Arvee,7,28,
1961,24,29,29,TRIANGLE,Janie Grant,Caprice,11,29,
1961,24,30,18,PORTRAIT OF MY LOVE,Steve Lawrence,United Artists,14,9,
1961,24,31,41,RAMA LAMA DING DONG,The Edsels,Twin,6,31,
1961,24,32,21,THAT OLD BLACK MAGIC,Bobby Rydell,Cameo,6,21,
1961,24,33,65,QUARTER TO THREE,Gary (U.S.) Bonds,Legrand,3,33,
1961,24,34,17,I’VE TOLD EVERY LITTLE STAR,Linda Scott,Canadian American,13,3,
1961,24,35,36,WHAT A SURPRISE,Johnny Maestro,Coed,7,35,
1961,24,36,37,EXODUS,Eddie Harris,Vee-Jay,9,36,
1961,24,37,44,THE BILBAO SONG,Andy Williams,Cadence,7,37,
1961,24,38,45,NEVER ON SUNDAY,Don Costa and His Orchestra and Chorus,United Artists,20,19,
1961,24,39,40,HALFWAY TO PARADISE,Tony Orlando,Epic,6,39,
1961,24,40,22,YOU CAN DEPEND ON ME,Brenda Lee,Decca,11,6,
1961,24,41,28,TAKE GOOD CARE OF HER,Adam Wade,Coed,13,7,
1961,24,43,23,TONIGHT I FELL IN LOVE,The Tokens,Warwick,14,15,
1961,24,44,27,JUST FOR OLD TIME’S SAKE,The McGuire Sisters,Coral,13,20,
1961,24,47,26,BLUE MOON,The Marcels,Colpix,14,1,
1961,24,52,31,BONANZA,Al Caiola and His Orchestra,United Artists,10,19,
1961,24,53,39,BUT I DO,Clarence (Frogman) Henry,Argo,16,4,
1961,24,42,71,YELLOW BIRD,Arthur Lyman Group,Hi Fi,2,42,
1961,24,45,53,COUNT EVERY STAR,Donnie and the Dreamers,Whale,6,45,
1961,24,46,57,EVERY BEAT OF MY HEART,Gladys Knight and the Pips,Fury,4,46,
1961,24,48,67,DANCE ON LITTLE GIRL,Paul Anka,ABC-Paramount,2,48,
1961,24,49,54,BETTER TELL HIM NO,The Starlets,PAM,7,49,
1961,24,50,55,THE WAYWARD WIND,Gogi Grant,Era,35,1,
1961,25,1,2,TRAVELIN’ MAN,Ricky Nelson,Imperial,8,1,2 weeks at #1
1961,25,2,7,MOODY RIVER,Pat Boone,Dot,7,2,
1961,25,3,1,RUNNING SCARED,Roy Orbison,Monument,10,1,
1961,25,4,6,STAND BY ME,Ben E. King,Atco,6,4,
1961,25,5,9,RAINDROPS,Dee Clark,Vee-Jay,7,5,
1961,25,6,18,THE WRITING ON THE WALL,Adam Wade,Coed,5,6,
1961,25,7,5,I FEEL SO BAD,Elvis Presley,RCA Victor,5,5,
1961,25,8,21,EVERY BEAT OF MY HEART,The Pips,Vee-Jay,5,8,
1961,25,9,33,QUARTER TO THREE,Gary (U.S.) Bonds,Legrand,4,9,
1961,25,10,26,THE BOLL WEEVIL SONG,Brook Benton,Mercury,5,10,
1961,25,11,22,THOSE OLDIES BUT GOODIES (Remind Me Of You),Little Caesar and the Romans,Del-Fi,7,11,
1961,25,12,4,MAMA SAID,The Shirelles,Scepter,9,4,
1961,25,13,16,BARBARA-ANN,The Regents,Gee,5,13,
1961,25,14,17,YOU ALWAYS HURT THE ONE YOU LOVE,Clarence (Frogman) Henry,Argo,5,14,
1961,25,15,14,HELLO MARY LOU,Ricky Nelson,Imperial,7,9,
1961,25,16,3,DADDY’S HOME,Shep and the Limelites,Hull,12,2,
1961,25,17,24,TOSSIN’ AND TURNIN’,Bobby Lewis,Beltone,8,17,
1961,25,18,12,HELLO WALLS,Faron Young,Capitol,10,12,
1961,25,19,8,A HUNDRED POUNDS OF CLAY,Gene McDaniels,Liberty,13,3,
1961,25,20,11,TRAGEDY,The Fleetwoods,Dolton,9,10,
1961,25,21,48,DANCE ON LITTLE GIRL,Paul Anka,ABC-Paramount,3,21,
1961,25,22,19,MOTHER-IN-LAW,Ernie K-Doe,Minit,12,1,
1961,25,23,42,YELLOW BIRD,Arthur Lyman Group,Hi Fi,3,23,
1961,25,24,28,PEANUT BUTTER,The Marathons,Arvee,8,24,
1961,25,25,27,LITTLE EGYPT (Ying-Yang),The Coasters,Atco,8,25,
1961,25,26,31,RAMA LAMA DING DONG,The Edsels,Twin,7,26,
1961,25,27,25,I’M A FOOL TO CARE,Joe Barry,Smash,8,25,
1961,25,28,10,BREAKIN’ IN A BRAND NEW BROKEN HEART,Connie Francis,MGM,9,7,
1961,25,29,15,RUNAWAY,Del Shannon,Big Top,15,1,
1961,25,30,13,LITTLE DEVIL,Neil Sedaka,RCA Victor,7,11,
1961,25,31,23,LULLABYE OF LOVE,Frank Gari,Crusade,10,23,
1961,25,32,59,TEMPTATION,The Everly Brothers,Warner Brothers,3,32,
1961,25,33,35,WHAT A SURPRISE,Johnny Maestro,Coed,8,33,
1961,25,34,20,GIRL OF MY BEST FRIEND,Ral Donner and the Starfires,Gone,9,19,
1961,25,35,29,TRIANGLE,Janie Grant,Caprice,12,29,
1961,25,36,36,EXODUS,Eddie Harris,Vee-Jay,10,36,
1961,25,37,38,NEVER ON SUNDAY,Don Costa and His Orchestra and Chorus,United Artists,21,19,
1961,25,38,45,COUNT EVERY STAR,Donnie and the Dreamers,Whale,7,38,
1961,25,39,37,THE BILBAO SONG,Andy Williams,Cadence,8,37,
1961,25,40,49,BETTER TELL HIM NO,The Starlets,PAM,8,40,
1961,25,42,39,HALFWAY TO PARADISE,Tony Orlando,Epic,7,39,
1961,25,46,30,PORTRAIT OF MY LOVE,Steve Lawrence,United Artists,15,9,
1961,25,47,32,THAT OLD BLACK MAGIC,Bobby Rydell,Cameo,7,21,
1961,25,49,34,I’VE TOLD EVERY LITTLE STAR,Linda Scott,Canadian American,14,3,
1961,25,56,40,YOU CAN DEPEND ON ME,Brenda Lee,Decca,12,6,
1961,25,41,58,TELL ME WHY,The Belmonts,Sabrina,4,41,
1961,25,43,55,HEART AND SOUL,The Cleftones,Gee,4,43,
1961,25,44,54,IT KEEPS RAININ’,Fats Domino,Imperial,5,44,
1961,25,45,46,EVERY BEAT OF MY HEART,Gladys Knight and the Pips,Fury,5,45,
1961,25,48,73,WILD IN THE COUNTRY,Elvis Presley,RCA Victor,2,48,
1961,25,50,97,STICK WITH ME BABY,The Everly Brothers,Warner Brothers,2,50,
1961,26,1,2,MOODY RIVER,Pat Boone,Dot,8,1,1 week at #1
1961,26,2,1,TRAVELIN’ MAN,Ricky Nelson,Imperial,9,1,
1961,26,3,9,QUARTER TO THREE,Gary (U.S.) Bonds,Legrand,5,3,
1961,26,4,4,STAND BY ME,Ben E. King,Atco,7,4,
1961,26,5,5,RAINDROPS,Dee Clark,Vee-Jay,8,5,
1961,26,6,6,THE WRITING ON THE WALL,Adam Wade,Coed,6,6,
1961,26,7,17,TOSSIN’ AND TURNIN’,Bobby Lewis,Beltone,9,7,
1961,26,8,8,EVERY BEAT OF MY HEART,The Pips,Vee-Jay,6,8,
1961,26,9,10,THE BOLL WEEVIL SONG,Brook Benton,Mercury,6,9,
1961,26,10,11,THOSE OLDIES BUT GOODIES (Remind Me Of You),Little Caesar and the Romans,Del-Fi,8,10,
1961,26,11,3,RUNNING SCARED,Roy Orbison,Monument,11,1,
1961,26,12,14,YOU ALWAYS HURT THE ONE YOU LOVE,Clarence (Frogman) Henry,Argo,6,12,
1961,26,13,13,BARBARA-ANN,The Regents,Gee,6,13,
1961,26,14,7,I FEEL SO BAD,Elvis Presley,RCA Victor,6,5,
1961,26,15,23,YELLOW BIRD,Arthur Lyman Group,Hi Fi,4,15,
1961,26,16,21,DANCE ON LITTLE GIRL,Paul Anka,ABC-Paramount,4,16,
1961,26,17,15,HELLO MARY LOU,Ricky Nelson,Imperial,8,9,
1961,26,18,43,HEART AND SOUL,The Cleftones,Gee,5,18,
1961,26,19,18,HELLO WALLS,Faron Young,Capitol,11,12,
1961,26,20,24,PEANUT BUTTER,The Marathons,Arvee,9,20,
1961,26,21,26,RAMA LAMA DING DONG,The Edsels,Twin,8,21,
1961,26,22,12,MAMA SAID,The Shirelles,Scepter,10,4,
1961,26,23,25,LITTLE EGYPT (Ying-Yang),The Coasters,Atco,9,23,
1961,26,24,16,DADDY’S HOME,Shep and the Limelites,Hull,13,2,
1961,26,25,27,I’M A FOOL TO CARE,Joe Barry,Smash,9,25,
1961,26,26,19,A HUNDRED POUNDS OF CLAY,Gene McDaniels,Liberty,14,3,
1961,26,27,48,WILD IN THE COUNTRY,Elvis Presley,RCA Victor,3,27,
1961,26,28,22,MOTHER-IN-LAW,Ernie K-Doe,Minit,13,1,
1961,26,29,32,TEMPTATION,The Everly Brothers,Warner Brothers,4,29,
1961,26,30,41,TELL ME WHY,The Belmonts,Sabrina,5,30,
1961,26,31,20,TRAGEDY,The Fleetwoods,Dolton,10,10,
1961,26,32,30,LITTLE DEVIL,Neil Sedaka,RCA Victor,8,11,
1961,26,33,70,HATS OFF TO LARRY,Del Shannon,Big Top,3,33,
1961,26,34,28,BREAKIN’ IN A BRAND NEW BROKEN HEART,Connie Francis,MGM,10,7,
1961,26,35,38,COUNT EVERY STAR,Donnie and the Dreamers,Whale,8,35,
1961,26,36,34,GIRL OF MY BEST FRIEND,Ral Donner and the Starfires,Gone,10,19,
1961,26,37,31,LULLABYE OF LOVE,Frank Gari,Crusade,11,23,
1961,26,38,40,BETTER TELL HIM NO,The Starlets,PAM,9,38,
1961,26,39,37,NEVER ON SUNDAY,Don Costa and His Orchestra and Chorus,United Artists,22,19,
1961,26,40,44,IT KEEPS RAININ’,Fats Domino,Imperial,6,40,
1961,26,42,29,RUNAWAY,Del Shannon,Big Top,16,1,
1961,26,44,39,THE BILBAO SONG,Andy Williams,Cadence,9,37,
1961,26,45,35,TRIANGLE,Janie Grant,Caprice,13,29,
1961,26,50,33,WHAT A SURPRISE,Johnny Maestro,Coed,9,33,
1961,26,56,36,EXODUS,Eddie Harris,Vee-Jay,11,36,
1961,26,41,50,STICK WITH ME BABY,The Everly Brothers,Warner Brothers,3,41,
1961,26,43,74,SAN ANTONIO ROSE,Floyd Cramer,RCA Victor,3,43,
1961,26,46,51,MY KIND OF GIRL,Matt Monro,Warwick,4,46,
1961,26,47,64,CUPID,Sam Cooke,RCA Victor,3,47,
1961,26,48,61,THREE HEARTS IN A TANGLE,Roy Drusky,Decca,11,48,
1961,26,49,72,I’M COMIN’ ON BACK TO YOU,Jackie Wilson,Brunswick,2,49,
1961,27,1,3,QUARTER TO THREE,Gary (U.S.) Bonds,Legrand,6,1,1 week at #1
1961,27,2,5,RAINDROPS,Dee Clark,Vee-Jay,9,2,
1961,27,3,1,MOODY RIVER,Pat Boone,Dot,9,1,
1961,27,4,7,TOSSIN’ AND TURNIN’,Bobby Lewis,Beltone,10,4,
1961,27,5,2,TRAVELIN’ MAN,Ricky Nelson,Imperial,10,1,
1961,27,6,6,THE WRITING ON THE WALL,Adam Wade,Coed,7,6,
1961,27,7,9,THE BOLL WEEVIL SONG,Brook Benton,Mercury,7,7,
1961,27,8,8,EVERY BEAT OF MY HEART,The Pips,Vee-Jay,7,8,
1961,27,9,10,THOSE OLDIES BUT GOODIES (Remind Me Of You),Little Caesar and the Romans,Del-Fi,9,9,
1961,27,10,4,STAND BY ME,Ben E. King,Atco,8,4,
1961,27,11,15,YELLOW BIRD,Arthur Lyman Group,Hi Fi,5,11,
1961,27,12,12,YOU ALWAYS HURT THE ONE YOU LOVE,Clarence (Frogman) Henry,Argo,7,12,
1961,27,13,16,DANCE ON LITTLE GIRL,Paul Anka,ABC-Paramount,5,13,
1961,27,14,11,RUNNING SCARED,Roy Orbison,Monument,12,1,
1961,27,15,14,I FEEL SO BAD,Elvis Presley,RCA Victor,7,5,
1961,27,16,17,HELLO MARY LOU,Ricky Nelson,Imperial,9,9,
1961,27,17,13,BARBARA-ANN,The Regents,Gee,7,13,
1961,27,18,33,HATS OFF TO LARRY,Del Shannon,Big Top,4,18,
1961,27,19,43,SAN ANTONIO ROSE,Floyd Cramer,RCA Victor,4,19,
1961,27,20,30,TELL ME WHY,The Belmonts,Sabrina,6,20,
1961,27,21,19,HELLO WALLS,Faron Young,Capitol,12,12,
1961,27,22,18,HEART AND SOUL,The Cleftones,Gee,6,18,
1961,27,23,20,PEANUT BUTTER,The Marathons,Arvee,10,20,
1961,27,24,25,I’M A FOOL TO CARE,Joe Barry,Smash,10,24,
1961,27,25,21,RAMA LAMA DING DONG,The Edsels,Twin,9,21,
1961,27,26,27,WILD IN THE COUNTRY,Elvis Presley,RCA Victor,4,26,
1961,27,27,29,TEMPTATION,The Everly Brothers,Warner Brothers,5,27,
1961,27,28,40,IT KEEPS RAININ’,Fats Domino,Imperial,7,28,
1961,27,29,23,LITTLE EGYPT (Ying-Yang),The Coasters,Atco,10,23,
1961,27,30,57,TONIGHT (Could Be the Night),The Velvets,Monument,5,30,
1961,27,31,69,DUM DUM,Brenda Lee,Decca,2,31,
1961,27,32,49,I’M COMIN’ ON BACK TO YOU,Jackie Wilson,Brunswick,3,32,
1961,27,33,46,MY KIND OF GIRL,Matt Monro,Warwick,5,33,
1961,27,34,55,OLE BUTTERMILK SKY,Bill Black’s Combo,Hi,4,34,
1961,27,35,48,THREE HEARTS IN A TANGLE,Roy Drusky,Decca,12,35,
1961,27,36,47,CUPID,Sam Cooke,RCA Victor,4,36,
1961,27,37,31,TRAGEDY,The Fleetwoods,Dolton,11,10,
1961,27,38,53,PLEASE STAY,The Drifters,Atlantic,4,38,
1961,27,39,68,YOU CAN’T SIT DOWN (Part 2),The Philip Upchurch Combo,Boyd,2,39,
1961,27,40,35,COUNT EVERY STAR,Donnie and the Dreamers,Whale,9,35,
1961,27,42,24,DADDY’S HOME,Shep and the Limelites,Hull,14,2,
1961,27,44,38,BETTER TELL HIM NO,The Starlets,PAM,10,38,
1961,27,45,26,A HUNDRED POUNDS OF CLAY,Gene McDaniels,Liberty,15,3,
1961,27,46,28,MOTHER-IN-LAW,Ernie K-Doe,Minit,14,1,
1961,27,49,32,LITTLE DEVIL,Neil Sedaka,RCA Victor,9,11,
1961,27,53,22,MAMA SAID,The Shirelles,Scepter,11,4,
1961,27,57,36,GIRL OF MY BEST FRIEND,Ral Donner and the Starfires,Gone,11,19,
1961,27,58,37,LULLABYE OF LOVE,Frank Gari,Crusade,12,23,
1961,27,59,39,NEVER ON SUNDAY,Don Costa and His Orchestra and Chorus,United Artists,23,19,
1961,27,41,71,I LIKE IT LIKE THAT (Part 1),Chris Kenner,Instant,5,41,
1961,27,43,62,JURA (I Swear I Love You),Les Paul and Mary Ford,Columbia,8,43,
1961,27,47,52,I DON’T MIND,James Brown and the Famous Flames,King,7,47,
1961,27,50,61,SACRED,The Castells,Era,5,50,
1961,27,1,1,QUARTER TO THREE,Gary (U.S.) Bonds,Legrand,7,1,2 weeks at #1
1961,27,2,4,TOSSIN’ AND TURNIN’,Bobby Lewis,Beltone,11,2,
1961,27,3,7,THE BOLL WEEVIL SONG,Brook Benton,Mercury,8,3,
1961,27,4,2,RAINDROPS,Dee Clark,Vee-Jay,10,2,
1961,27,5,6,THE WRITING ON THE WALL,Adam Wade,Coed,8,5,
1961,27,6,3,MOODY RIVER,Pat Boone,Dot,10,1,
1961,27,7,5,TRAVELIN’ MAN,Ricky Nelson,Imperial,11,1,
1961,27,8,8,EVERY BEAT OF MY HEART,The Pips,Vee-Jay,8,8,
1961,27,9,9,THOSE OLDIES BUT GOODIES (Remind Me Of You),Little Caesar and the Romans,Del-Fi,10,9,
1961,27,10,11,YELLOW BIRD,Arthur Lyman Group,Hi Fi,6,10,
1961,27,11,10,STAND BY ME,Ben E. King,Atco,9,4,
1961,27,12,13,DANCE ON LITTLE GIRL,Paul Anka,ABC-Paramount,6,12,
1961,27,13,18,HATS OFF TO LARRY,Del Shannon,Big Top,5,13,
1961,27,14,14,RUNNING SCARED,Roy Orbison,Monument,13,1,
1961,27,15,16,HELLO MARY LOU,Ricky Nelson,Imperial,10,9,
1961,27,16,19,SAN ANTONIO ROSE,Floyd Cramer,RCA Victor,5,16,
1961,27,17,12,YOU ALWAYS HURT THE ONE YOU LOVE,Clarence (Frogman) Henry,Argo,8,12,
1961,27,18,17,BARBARA-ANN,The Regents,Gee,8,13,
1961,27,19,20,TELL ME WHY,The Belmonts,Sabrina,7,19,
1961,27,20,31,DUM DUM,Brenda Lee,Decca,3,20,
1961,27,21,38,PLEASE STAY,The Drifters,Atlantic,5,21,
1961,27,22,22,HEART AND SOUL,The Cleftones,Gee,7,18,
1961,27,23,32,I’M COMIN’ ON BACK TO YOU,Jackie Wilson,Brunswick,4,23,
1961,27,24,28,IT KEEPS RAININ’,Fats Domino,Imperial,8,24,
1961,27,25,41,I LIKE IT LIKE THAT (Part 1),Chris Kenner,Instant,6,25,
1961,27,26,34,OLE BUTTERMILK SKY,Bill Black’s Combo,Hi,5,26,
1961,27,27,21,HELLO WALLS,Faron Young,Capitol,13,12,
1961,27,28,30,TONIGHT (Could Be the Night),The Velvets,Monument,6,28,
1961,27,29,39,YOU CAN’T SIT DOWN (Part 2),The Philip Upchurch Combo,Boyd,3,29,
1961,27,30,25,RAMA LAMA DING DONG,The Edsels,Twin,10,21,
1961,27,31,23,PEANUT BUTTER,The Marathons,Arvee,11,20,
1961,27,32,33,MY KIND OF GIRL,Matt Monro,Warwick,6,32,
1961,27,33,48,TOGETHER,Connie Francis,MGM,2,33,
1961,27,34,36,CUPID,Sam Cooke,RCA Victor,5,34,
1961,27,35,15,I FEEL SO BAD,Elvis Presley,RCA Victor,8,5,
1961,27,36,68,NEVER ON SUNDAY,The Chordettes,Cadence,3,36,
1961,27,37,43,JURA (I Swear I Love You),Les Paul and Mary Ford,Columbia,9,37,
1961,27,38,50,SACRED,The Castells,Era,6,38,
1961,27,39,62,LET’S TWIST AGAIN,Chubby Checker,Parkway,3,39,
1961,27,40,29,LITTLE EGYPT (Ying-Yang),The Coasters,Atco,11,23,
1961,27,41,35,THREE HEARTS IN A TANGLE,Roy Drusky,Decca,13,35,
1961,27,42,24,I’M A FOOL TO CARE,Joe Barry,Smash,11,24,
1961,27,44,27,TEMPTATION,The Everly Brothers,Warner Brothers,6,27,
1961,27,54,26,WILD IN THE COUNTRY,Elvis Presley,RCA Victor,5,26,
1961,27,62,40,COUNT EVERY STAR,Donnie and the Dreamers,Whale,10,35,
1961,27,64,37,TRAGEDY,The Fleetwoods,Dolton,12,10,
1961,27,43,63,(The Graduation Song…) POMP AND CIRCUMSTANCE,Adrian Kimberly (Don Everly),Calliope,2,43,
1961,27,45,59,NEVER ON SUNDAY,Don Costa and His Orchestra and Chorus,United Artists,24,19,
1961,27,46,44,BETTER TELL HIM NO,The Starlets,PAM,11,38,
1961,27,47,51,NATURE BOY,Bobby Darin,Atco,4,47,
1961,27,48,87,HEART AND SOUL,Jan and Dean,Challenge,2,48,
1961,27,49,54,I FALL TO PIECES,Patsy Cline,Decca,7,49,
1961,27,50,61,FOOL THAT I AM,Etta James,Argo,4,50,
1961,28,1,2,TOSSIN’ AND TURNIN’,Bobby Lewis,Beltone,12,1,1 week at #1
1961,28,2,3,THE BOLL WEEVIL SONG,Brook Benton,Mercury,9,2,
1961,28,3,1,QUARTER TO THREE,Gary (U.S.) Bonds,Legrand,8,1,
1961,28,4,4,RAINDROPS,Dee Clark,Vee-Jay,11,2,
1961,28,5,5,THE WRITING ON THE WALL,Adam Wade,Coed,9,5,
1961,28,6,8,EVERY BEAT OF MY HEART,The Pips,Vee-Jay,9,6,
1961,28,7,6,MOODY RIVER,Pat Boone,Dot,11,1,
1961,28,8,10,YELLOW BIRD,Arthur Lyman Group,Hi Fi,7,8,
1961,28,9,13,HATS OFF TO LARRY,Del Shannon,Big Top,6,9,
1961,28,10,12,DANCE ON LITTLE GIRL,Paul Anka,ABC-Paramount,7,10,
1961,28,11,16,SAN ANTONIO ROSE,Floyd Cramer,RCA Victor,6,11,
1961,28,12,7,TRAVELIN’ MAN,Ricky Nelson,Imperial,12,1,
1961,28,13,20,DUM DUM,Brenda Lee,Decca,4,13,
1961,28,14,25,I LIKE IT LIKE THAT (Part 1),Chris Kenner,Instant,7,14,
1961,28,15,9,THOSE OLDIES BUT GOODIES (Remind Me Of You),Little Caesar and the Romans,Del-Fi,11,9,
1961,28,16,11,STAND BY ME,Ben E. King,Atco,10,4,
1961,28,17,21,PLEASE STAY,The Drifters,Atlantic,6,17,
1961,28,18,19,TELL ME WHY,The Belmonts,Sabrina,8,18,
1961,28,19,23,I’M COMIN’ ON BACK TO YOU,Jackie Wilson,Brunswick,5,19,
1961,28,20,33,TOGETHER,Connie Francis,MGM,3,20,
1961,28,21,15,HELLO MARY LOU,Ricky Nelson,Imperial,11,9,
1961,28,22,14,RUNNING SCARED,Roy Orbison,Monument,14,1,
1961,28,23,24,IT KEEPS RAININ’,Fats Domino,Imperial,9,23,
1961,28,24,36,NEVER ON SUNDAY,The Chordettes,Cadence,4,24,
1961,28,25,26,OLE BUTTERMILK SKY,Bill Black’s Combo,Hi,6,25,
1961,28,26,28,TONIGHT (Could Be the Night),The Velvets,Monument,7,26,
1961,28,27,39,LET’S TWIST AGAIN,Chubby Checker,Parkway,4,27,
1961,28,28,34,CUPID,Sam Cooke,RCA Victor,6,28,
1961,28,29,29,YOU CAN’T SIT DOWN (Part 2),The Philip Upchurch Combo,Boyd,4,29,
1961,28,30,22,HEART AND SOUL,The Cleftones,Gee,8,18,
1961,28,31,38,SACRED,The Castells,Era,7,31,
1961,28,32,32,MY KIND OF GIRL,Matt Monro,Warwick,7,32,
1961,28,33,48,HEART AND SOUL,Jan and Dean,Challenge,3,33,
1961,28,34,43,(The Graduation Song…) POMP AND CIRCUMSTANCE,Adrian Kimberly (Don Everly),Calliope,3,34,
1961,28,35,17,YOU ALWAYS HURT THE ONE YOU LOVE,Clarence (Frogman) Henry,Argo,9,12,
1961,28,36,59,RAININ’ IN MY HEART,Slim Harpo,Excello,6,36,
1961,28,37,60,THE FISH,Bobby Rydell,Cameo,2,37,
1961,28,38,58,SEA OF HEARTBREAK,Don Gibson,RCA Victor,4,38,
1961,28,39,27,HELLO WALLS,Faron Young,Capitol,14,12,
1961,28,40,47,NATURE BOY,Bobby Darin,Atco,5,40,
1961,28,42,18,BARBARA-ANN,The Regents,Gee,9,13,
1961,28,48,31,PEANUT BUTTER,The Marathons,Arvee,12,20,
1961,28,52,37,JURA (I Swear I Love You),Les Paul and Mary Ford,Columbia,10,37,
1961,28,70,30,RAMA LAMA DING DONG,The Edsels,Twin,11,21,
1961,28,82,40,LITTLE EGYPT (Ying-Yang),The Coasters,Atco,12,23,
1961,28,86,35,I FEEL SO BAD,Elvis Presley,RCA Victor,9,5,
1961,28,41,52,THE SWITCH-A-ROO,Hank Ballard and the Midnighters,King,3,41,
1961,28,43,68,LAST NIGHT,The Mar-Keys,Satellite,2,43,
1961,28,44,49,I FALL TO PIECES,Patsy Cline,Decca,8,44,
1961,28,45,61,THAT’S WHAT GIRLS ARE MADE FOR,The Spinners,Tri-Phi,3,45,
1961,28,46,74,PRETTY LITTLE ANGEL EYES,Curtis Lee,Dunes,2,46,
1961,28,47,53,YOU’LL ANSWER TO ME,Patti Page,Mercury,3,47,
1961,28,49,51,SHOULD I,The String-A-Longs,Warwick,5,49,
1961,28,50,46,BETTER TELL HIM NO,The Starlets,PAM,12,38,
1961,29,1,1,TOSSIN’ AND TURNIN’,Bobby Lewis,Beltone,13,1,2 weeks at #1
1961,29,2,2,THE BOLL WEEVIL SONG,Brook Benton,Mercury,10,2,
1961,29,3,3,QUARTER TO THREE,Gary (U.S.) Bonds,Legrand,9,1,
1961,29,4,4,RAINDROPS,Dee Clark,Vee-Jay,12,2,
1961,29,5,8,YELLOW BIRD,Arthur Lyman Group,Hi Fi,8,5,
1961,29,6,9,HATS OFF TO LARRY,Del Shannon,Big Top,7,6,
1961,29,7,6,EVERY BEAT OF MY HEART,The Pips,Vee-Jay,10,6,
1961,29,8,11,SAN ANTONIO ROSE,Floyd Cramer,RCA Victor,7,8,
1961,29,9,14,I LIKE IT LIKE THAT (Part 1),Chris Kenner,Instant,8,9,
1961,29,10,13,DUM DUM,Brenda Lee,Decca,5,10,
1961,29,11,10,DANCE ON LITTLE GIRL,Paul Anka,ABC-Paramount,8,10,
1961,29,12,7,MOODY RIVER,Pat Boone,Dot,12,1,
1961,29,13,5,THE WRITING ON THE WALL,Adam Wade,Coed,10,5,
1961,29,14,20,TOGETHER,Connie Francis,MGM,4,14,
1961,29,15,27,LET’S TWIST AGAIN,Chubby Checker,Parkway,5,15,
1961,29,16,17,PLEASE STAY,The Drifters,Atlantic,7,16,
1961,29,17,12,TRAVELIN’ MAN,Ricky Nelson,Imperial,13,1,
1961,29,18,18,TELL ME WHY,The Belmonts,Sabrina,9,18,
1961,29,19,24,NEVER ON SUNDAY,The Chordettes,Cadence,5,19,
1961,29,20,15,THOSE OLDIES BUT GOODIES (Remind Me Of You),Little Caesar and the Romans,Del-Fi,12,9,
1961,29,21,19,I’M COMIN’ ON BACK TO YOU,Jackie Wilson,Brunswick,6,19,
1961,29,22,32,MY KIND OF GIRL,Matt Monro,Warwick,8,22,
1961,29,23,16,STAND BY ME,Ben E. King,Atco,11,4,
1961,29,24,22,RUNNING SCARED,Roy Orbison,Monument,15,1,
1961,29,25,21,HELLO MARY LOU,Ricky Nelson,Imperial,12,9,
1961,29,26,26,TONIGHT (Could Be the Night),The Velvets,Monument,8,26,
1961,29,27,28,CUPID,Sam Cooke,RCA Victor,7,27,
1961,29,28,23,IT KEEPS RAININ’,Fats Domino,Imperial,10,23,
1961,29,29,31,SACRED,The Castells,Era,8,29,
1961,29,30,43,LAST NIGHT,The Mar-Keys,Satellite,3,30,
1961,29,31,33,HEART AND SOUL,Jan and Dean,Challenge,4,31,
1961,29,32,37,THE FISH,Bobby Rydell,Cameo,3,32,
1961,29,33,41,THE SWITCH-A-ROO,Hank Ballard and the Midnighters,King,4,33,
1961,29,34,36,RAININ’ IN MY HEART,Slim Harpo,Excello,7,34,
1961,29,35,55,WOODEN HEART (Muss I Denn),Joe Dowell,Smash,4,35,
1961,29,36,46,PRETTY LITTLE ANGEL EYES,Curtis Lee,Dunes,3,36,
1961,29,37,45,THAT’S WHAT GIRLS ARE MADE FOR,The Spinners,Tri-Phi,4,37,
1961,29,38,38,SEA OF HEARTBREAK,Don Gibson,RCA Victor,5,38,
1961,29,39,57,I’LL BE THERE,Damita Jo,Mercury,3,39,
1961,29,40,25,OLE BUTTERMILK SKY,Bill Black’s Combo,Hi,7,25,
1961,29,41,30,HEART AND SOUL,The Cleftones,Gee,9,18,
1961,29,43,29,YOU CAN’T SIT DOWN (Part 2),The Philip Upchurch Combo,Boyd,5,29,
1961,29,44,34,(The Graduation Song…) POMP AND CIRCUMSTANCE,Adrian Kimberly (Don Everly),Calliope,4,34,
1961,29,47,35,YOU ALWAYS HURT THE ONE YOU LOVE,Clarence (Frogman) Henry,Argo,10,12,
1961,29,48,40,NATURE BOY,Bobby Darin,Atco,6,40,
1961,29,55,39,HELLO WALLS,Faron Young,Capitol,15,12,
1961,29,42,49,SHOULD I,The String-A-Longs,Warwick,6,42,
1961,29,45,53,THREE HEARTS IN A TANGLE,Roy Drusky,Decca,15,35,
1961,29,46,47,YOU’LL ANSWER TO ME,Patti Page,Mercury,4,46,
1961,29,49,66,DON’T BET MONEY HONEY,Linda Scott,Canadian American,3,49,
1961,29,50,61,"NO, NO, NO",The Chanters,DeLuxe,5,50,
1961,30,1,1,TOSSIN’ AND TURNIN’,Bobby Lewis,Beltone,14,1,3 weeks at #1
1961,30,2,2,THE BOLL WEEVIL SONG,Brook Benton,Mercury,11,2,
1961,30,3,3,QUARTER TO THREE,Gary (U.S.) Bonds,Legrand,10,1,
1961,30,4,5,YELLOW BIRD,Arthur Lyman Group,Hi Fi,9,4,
1961,30,5,9,I LIKE IT LIKE THAT (Part 1),Chris Kenner,Instant,9,5,
1961,30,6,6,HATS OFF TO LARRY,Del Shannon,Big Top,8,6,
1961,30,7,4,RAINDROPS,Dee Clark,Vee-Jay,13,2,
1961,30,8,10,DUM DUM,Brenda Lee,Decca,6,8,
1961,30,9,14,TOGETHER,Connie Francis,MGM,5,9,
1961,30,10,15,LET’S TWIST AGAIN,Chubby Checker,Parkway,6,10,
1961,30,11,8,SAN ANTONIO ROSE,Floyd Cramer,RCA Victor,8,8,
1961,30,12,30,LAST NIGHT,The Mar-Keys,Satellite,4,12,
1961,30,13,7,EVERY BEAT OF MY HEART,The Pips,Vee-Jay,11,6,
1961,30,14,16,PLEASE STAY,The Drifters,Atlantic,8,14,
1961,30,15,19,NEVER ON SUNDAY,The Chordettes,Cadence,6,15,
1961,30,16,12,MOODY RIVER,Pat Boone,Dot,13,1,
1961,30,17,27,CUPID,Sam Cooke,RCA Victor,8,17,
1961,30,18,35,WOODEN HEART (Muss I Denn),Joe Dowell,Smash,5,18,
1961,30,19,17,TRAVELIN’ MAN,Ricky Nelson,Imperial,14,1,
1961,30,20,29,SACRED,The Castells,Era,9,20,
1961,30,21,22,MY KIND OF GIRL,Matt Monro,Warwick,9,21,
1961,30,22,18,TELL ME WHY,The Belmonts,Sabrina,10,18,
1961,30,23,25,HELLO MARY LOU,Ricky Nelson,Imperial,13,9,
1961,30,24,36,PRETTY LITTLE ANGEL EYES,Curtis Lee,Dunes,4,24,
1961,30,25,31,HEART AND SOUL,Jan and Dean,Challenge,5,25,
1961,30,26,33,THE SWITCH-A-ROO,Hank Ballard and the Midnighters,King,5,26,
1961,30,27,32,THE FISH,Bobby Rydell,Cameo,4,27,
1961,30,28,39,I’LL BE THERE,Damita Jo,Mercury,4,28,
1961,30,29,23,STAND BY ME,Ben E. King,Atco,12,4,
1961,30,30,24,RUNNING SCARED,Roy Orbison,Monument,16,1,
1961,30,31,37,THAT’S WHAT GIRLS ARE MADE FOR,The Spinners,Tri-Phi,5,31,
1961,30,32,21,I’M COMIN’ ON BACK TO YOU,Jackie Wilson,Brunswick,7,19,
1961,30,33,38,SEA OF HEARTBREAK,Don Gibson,RCA Victor,6,33,
1961,30,34,11,DANCE ON LITTLE GIRL,Paul Anka,ABC-Paramount,9,10,
1961,30,35,57,YOU DON’T KNOW WHAT YOU’VE GOT (Until You Lose It),Ral Donner,Gone,3,35,
1961,30,36,49,DON’T BET MONEY HONEY,Linda Scott,Canadian American,4,36,
1961,30,37,51,I FALL TO PIECES,Patsy Cline,Decca,10,37,
1961,30,38,54,I’M GONNA KNOCK ON YOUR DOOR,Eddie Hodges,Cadence,6,38,
1961,30,39,20,THOSE OLDIES BUT GOODIES (Remind Me Of You),Little Caesar and the Romans,Del-Fi,13,9,
1961,30,40,13,THE WRITING ON THE WALL,Adam Wade,Coed,11,5,
1961,30,43,26,TONIGHT (Could Be the Night),The Velvets,Monument,9,26,
1961,30,67,34,RAININ’ IN MY HEART,Slim Harpo,Excello,8,34,
1961,30,82,28,IT KEEPS RAININ’,Fats Domino,Imperial,11,23,
1961,30,84,40,OLE BUTTERMILK SKY,Bill Black’s Combo,Hi,8,25,
1961,30,41,69,MICHAEL,The Highwaymen,United Artists,3,41,
1961,30,42,41,HEART AND SOUL,The Cleftones,Gee,10,18,
1961,30,44,43,YOU CAN’T SIT DOWN (Part 2),The Philip Upchurch Combo,Boyd,6,29,
1961,30,45,50,"NO, NO, NO",The Chanters,DeLuxe,6,45,
1961,30,46,46,YOU’LL ANSWER TO ME,Patti Page,Mercury,5,46,
1961,30,47,79,RUNAROUND,The Regents,Gee,3,47,
1961,30,48,42,SHOULD I,The String-A-Longs,Warwick,7,42,
1961,30,49,52,QUITE A PARTY,The Fireballs,Warwick,5,49,
1961,30,50,73,READY FOR YOUR LOVE,Shep and the Limelites,Hull,3,50,
1961,31,1,1,TOSSIN’ AND TURNIN’,Bobby Lewis,Beltone,15,1,4 weeks at #1
1961,31,2,5,I LIKE IT LIKE THAT (Part 1),Chris Kenner,Instant,10,2,
1961,31,3,2,THE BOLL WEEVIL SONG,Brook Benton,Mercury,12,2,
1961,31,4,8,DUM DUM,Brenda Lee,Decca,7,4,
1961,31,5,6,HATS OFF TO LARRY,Del Shannon,Big Top,9,5,
1961,31,6,3,QUARTER TO THREE,Gary (U.S.) Bonds,Legrand,11,1,
1961,31,7,12,LAST NIGHT,The Mar-Keys,Satellite,5,7,
1961,31,8,9,TOGETHER,Connie Francis,MGM,6,8,
1961,31,9,10,LET’S TWIST AGAIN,Chubby Checker,Parkway,7,9,
1961,31,10,4,YELLOW BIRD,Arthur Lyman Group,Hi Fi,10,4,
1961,31,11,11,SAN ANTONIO ROSE,Floyd Cramer,RCA Victor,9,8,
1961,31,12,7,RAINDROPS,Dee Clark,Vee-Jay,14,2,
1961,31,13,18,WOODEN HEART (Muss I Denn),Joe Dowell,Smash,6,13,
1961,31,14,15,NEVER ON SUNDAY,The Chordettes,Cadence,7,14,
1961,31,15,14,PLEASE STAY,The Drifters,Atlantic,9,14,
1961,31,16,24,PRETTY LITTLE ANGEL EYES,Curtis Lee,Dunes,5,16,
1961,31,17,17,CUPID,Sam Cooke,RCA Victor,9,17,
1961,31,18,21,MY KIND OF GIRL,Matt Monro,Warwick,10,18,
1961,31,19,28,I’LL BE THERE,Damita Jo,Mercury,5,19,
1961,31,20,20,SACRED,The Castells,Era,10,20,
1961,31,21,13,EVERY BEAT OF MY HEART,The Pips,Vee-Jay,12,6,
1961,31,22,16,MOODY RIVER,Pat Boone,Dot,14,1,
1961,31,23,41,MICHAEL,The Highwaymen,United Artists,4,23,
1961,31,24,35,YOU DON’T KNOW WHAT YOU’VE GOT (Until You Lose It),Ral Donner,Gone,4,24,
1961,31,25,27,THE FISH,Bobby Rydell,Cameo,5,25,
1961,31,26,26,THE SWITCH-A-ROO,Hank Ballard and the Midnighters,King,6,26,
1961,31,27,19,TRAVELIN’ MAN,Ricky Nelson,Imperial,15,1,
1961,31,28,52,SCHOOL IS OUT,Gary (U.S.) Bonds,Legrand,2,28,
1961,31,29,31,THAT’S WHAT GIRLS ARE MADE FOR,The Spinners,Tri-Phi,6,29,
1961,31,30,36,DON’T BET MONEY HONEY,Linda Scott,Canadian American,5,30,
1961,31,31,38,I’M GONNA KNOCK ON YOUR DOOR,Eddie Hodges,Cadence,7,31,
1961,31,32,23,HELLO MARY LOU,Ricky Nelson,Imperial,14,9,
1961,31,33,37,I FALL TO PIECES,Patsy Cline,Decca,11,33,
1961,31,34,33,SEA OF HEARTBREAK,Don Gibson,RCA Victor,7,33,
1961,31,35,66,HURT,Timi Yuro,Liberty,2,35,
1961,31,36,56,LET THE FOUR WINDS BLOW,Fats Domino,Imperial,2,36,
1961,31,37,47,RUNAROUND,The Regents,Gee,4,37,
1961,31,38,29,STAND BY ME,Ben E. King,Atco,13,4,
1961,31,40,30,RUNNING SCARED,Roy Orbison,Monument,17,1,
1961,31,44,22,TELL ME WHY,The Belmonts,Sabrina,11,18,
1961,31,49,32,I’M COMIN’ ON BACK TO YOU,Jackie Wilson,Brunswick,8,19,
1961,31,70,34,DANCE ON LITTLE GIRL,Paul Anka,ABC-Paramount,10,10,
1961,31,41,45,"NO, NO, NO",The Chanters,DeLuxe,7,41,
1961,31,42,50,READY FOR YOUR LOVE,Shep and the Limelites,Hull,4,42,
1961,31,43,51,A TEAR,Gene McDaniels,Liberty,5,43,
1961,31,45,49,QUITE A PARTY,The Fireballs,Warwick,6,45,
1961,31,46,54,MY TRUE STORY,The Jive Five,Beltone,5,46,
1961,31,47,48,SHOULD I,The String-A-Longs,Warwick,8,42,
1961,31,48,44,YOU CAN’T SIT DOWN (Part 2),The Philip Upchurch Combo,Boyd,7,29,
1961,31,50,53,BETTER TELL HIM NO,The Starlets,PAM,15,38,
1961,32,1,1,TOSSIN’ AND TURNIN’,Bobby Lewis,Beltone,16,1,5 weeks at #1
1961,32,2,2,I LIKE IT LIKE THAT (Part 1),Chris Kenner,Instant,11,2,
1961,32,3,7,LAST NIGHT,The Mar-Keys,Satellite,6,3,
1961,32,4,4,DUM DUM,Brenda Lee,Decca,8,4,
1961,32,5,5,HATS OFF TO LARRY,Del Shannon,Big Top,10,5,
1961,32,6,8,TOGETHER,Connie Francis,MGM,7,6,
1961,32,7,16,PRETTY LITTLE ANGEL EYES,Curtis Lee,Dunes,6,7,
1961,32,8,9,LET’S TWIST AGAIN,Chubby Checker,Parkway,8,8,
1961,32,9,13,WOODEN HEART (Muss I Denn),Joe Dowell,Smash,7,9,
1961,32,10,23,MICHAEL,The Highwaymen,United Artists,5,10,
1961,32,11,3,THE BOLL WEEVIL SONG,Brook Benton,Mercury,13,2,
1961,32,12,6,QUARTER TO THREE,Gary (U.S.) Bonds,Legrand,12,1,
1961,32,13,14,NEVER ON SUNDAY,The Chordettes,Cadence,8,13,
1961,32,14,19,I’LL BE THERE,Damita Jo,Mercury,6,14,
1961,32,15,24,YOU DON’T KNOW WHAT YOU’VE GOT (Until You Lose It),Ral Donner,Gone,5,15,
1961,32,16,28,SCHOOL IS OUT,Gary (U.S.) Bonds,Legrand,3,16,
1961,32,17,17,CUPID,Sam Cooke,RCA Victor,10,17,
1961,32,18,18,MY KIND OF GIRL,Matt Monro,Warwick,11,18,
1961,32,19,11,SAN ANTONIO ROSE,Floyd Cramer,RCA Victor,10,8,
1961,32,20,35,HURT,Timi Yuro,Liberty,3,20,
1961,32,21,10,YELLOW BIRD,Arthur Lyman Group,Hi Fi,11,4,
1961,32,22,36,LET THE FOUR WINDS BLOW,Fats Domino,Imperial,3,22,
1961,32,23,15,PLEASE STAY,The Drifters,Atlantic,10,14,
1961,32,24,20,SACRED,The Castells,Era,11,20,
1961,32,25,30,DON’T BET MONEY HONEY,Linda Scott,Canadian American,6,25,
1961,32,26,31,I’M GONNA KNOCK ON YOUR DOOR,Eddie Hodges,Cadence,8,26,
1961,32,27,29,THAT’S WHAT GIRLS ARE MADE FOR,The Spinners,Tri-Phi,7,27,
1961,32,28,33,I FALL TO PIECES,Patsy Cline,Decca,12,28,
1961,32,29,37,RUNAROUND,The Regents,Gee,5,29,
1961,32,30,25,THE FISH,Bobby Rydell,Cameo,6,25,
1961,32,31,12,RAINDROPS,Dee Clark,Vee-Jay,15,2,
1961,32,32,59,AS IF I DIDN’T KNOW,Adam Wade,Coed,3,32,
1961,32,33,45,QUITE A PARTY,The Fireballs,Warwick,7,33,
1961,32,34,61,I’M A TELLING YOU,Jerry Butler,Vee-Jay,3,34,
1961,32,35,26,THE SWITCH-A-ROO,Hank Ballard and the Midnighters,King,7,26,
1961,32,36,22,MOODY RIVER,Pat Boone,Dot,15,1,
1961,32,37,21,EVERY BEAT OF MY HEART,The Pips,Vee-Jay,13,6,
1961,32,38,27,TRAVELIN’ MAN,Ricky Nelson,Imperial,16,1,
1961,32,39,43,A TEAR,Gene McDaniels,Liberty,6,39,
1961,32,40,53,ONE SUMMER NIGHT,The Diamonds,Mercury,6,40,
1961,32,43,34,SEA OF HEARTBREAK,Don Gibson,RCA Victor,8,33,
1961,32,49,32,HELLO MARY LOU,Ricky Nelson,Imperial,15,9,
1961,32,55,38,STAND BY ME,Ben E. King,Atco,14,4,
1961,32,65,39,HEART AND SOUL,Jan and Dean,Challenge,7,25,
1961,32,41,46,MY TRUE STORY,The Jive Five,Beltone,6,41,
1961,32,42,52,PRINCESS,Frank Gari,Crusade,6,42,
1961,32,44,56,I DREAMED OF A HILL-BILLY HEAVEN,Tex Ritter,Capitol,6,44,
1961,32,45,57,TIME WAS,The Flamingos,End,6,45,
1961,32,46,55,RIGHT OR WRONG,Wanda Jackson,Capitol,7,46,
1961,32,47,50,BETTER TELL HIM NO,The Starlets,PAM,16,38,
1961,32,48,51,THE CHARLESTON,Ernie Fields Orchestra,Rendezvous,8,48,
1961,32,50,41,"NO, NO, NO",The Chanters,DeLuxe,8,41,
1961,33,1,1,TOSSIN’ AND TURNIN’,Bobby Lewis,Beltone,17,1,6 weeks at #1
1961,33,2,2,I LIKE IT LIKE THAT (Part 1),Chris Kenner,Instant,12,2,
1961,33,3,3,LAST NIGHT,The Mar-Keys,Satellite,7,3,
1961,33,4,4,DUM DUM,Brenda Lee,Decca,9,4,
1961,33,5,9,WOODEN HEART (Muss I Denn),Joe Dowell,Smash,8,5,
1961,33,6,10,MICHAEL,The Highwaymen,United Artists,6,6,
1961,33,7,7,PRETTY LITTLE ANGEL EYES,Curtis Lee,Dunes,7,7,
1961,33,8,8,LET’S TWIST AGAIN,Chubby Checker,Parkway,9,8,
1961,33,9,6,TOGETHER,Connie Francis,MGM,8,6,
1961,33,10,16,SCHOOL IS OUT,Gary (U.S.) Bonds,Legrand,4,10,
1961,33,11,15,YOU DON’T KNOW WHAT YOU’VE GOT (Until You Lose It),Ral Donner,Gone,6,11,
1961,33,12,14,I’LL BE THERE,Damita Jo,Mercury,7,12,
1961,33,13,13,NEVER ON SUNDAY,The Chordettes,Cadence,9,13,
1961,33,14,5,HATS OFF TO LARRY,Del Shannon,Big Top,11,5,
1961,33,15,20,HURT,Timi Yuro,Liberty,4,15,
1961,33,16,25,DON’T BET MONEY HONEY,Linda Scott,Canadian American,7,16,
1961,33,17,22,LET THE FOUR WINDS BLOW,Fats Domino,Imperial,4,17,
1961,33,18,18,MY KIND OF GIRL,Matt Monro,Warwick,12,18,
1961,33,19,12,QUARTER TO THREE,Gary (U.S.) Bonds,Legrand,13,1,
1961,33,20,11,THE BOLL WEEVIL SONG,Brook Benton,Mercury,14,2,
1961,33,21,32,AS IF I DIDN’T KNOW,Adam Wade,Coed,4,21,
1961,33,22,26,I’M GONNA KNOCK ON YOUR DOOR,Eddie Hodges,Cadence,9,22,
1961,33,23,17,CUPID,Sam Cooke,RCA Victor,11,17,
1961,33,24,28,I FALL TO PIECES,Patsy Cline,Decca,13,24,
1961,33,25,40,ONE SUMMER NIGHT,The Diamonds,Mercury,7,25,
1961,33,26,34,I’M A TELLING YOU,Jerry Butler,Vee-Jay,4,26,
1961,33,27,33,QUITE A PARTY,The Fireballs,Warwick,8,27,
1961,33,28,29,RUNAROUND,The Regents,Gee,6,28,
1961,33,29,19,SAN ANTONIO ROSE,Floyd Cramer,RCA Victor,11,8,
1961,33,30,23,PLEASE STAY,The Drifters,Atlantic,11,14,
1961,33,31,39,A TEAR,Gene McDaniels,Liberty,7,31,
1961,33,32,41,MY TRUE STORY,The Jive Five,Beltone,7,32,
1961,33,33,44,I DREAMED OF A HILL-BILLY HEAVEN,Tex Ritter,Capitol,7,33,
1961,33,34,21,YELLOW BIRD,Arthur Lyman Group,Hi Fi,12,4,
1961,33,35,24,SACRED,The Castells,Era,12,20,
1961,33,36,42,PRINCESS,Frank Gari,Crusade,7,36,
1961,33,37,27,THAT’S WHAT GIRLS ARE MADE FOR,The Spinners,Tri-Phi,8,27,
1961,33,38,45,RIGHT OR WRONG,Wanda Jackson,Capitol,8,38,
1961,33,39,43,SEA OF HEARTBREAK,Don Gibson,RCA Victor,9,33,
1961,33,40,75,DOES YOUR CHEWING GUM LOSE ITS FLAVOR (On the Bedpost Over Night),Lonnie Donegan and His Skiffle Group,Dot,2,40,
1961,33,50,31,RAINDROPS,Dee Clark,Vee-Jay,16,2,
1961,33,58,30,THE FISH,Bobby Rydell,Cameo,7,25,
1961,33,41,87,TAKE GOOD CARE OF MY BABY,Bobby Vee,Liberty,2,41,
1961,33,42,51,I DON’T WANT TO TAKE A CHANCE,Mary Wells,Motown,5,42,
1961,33,43,62,I JUST DON’T UNDERSTAND,Ann-Margret,RCA Victor,4,43,
1961,33,44,66,"WHO PUT THE BOMP (In the Bomp, Bomp, Bomp)",Barry Mann,ABC-Paramount,2,44,
1961,33,45,45,TIME WAS,The Flamingos,End,7,45,
1961,33,46,52,A THING OF THE PAST,The Shirelles,Scepter,6,46,
1961,33,47,48,THE CHARLESTON,Ernie Fields Orchestra,Rendezvous,9,47,
1961,33,48,58,AMOR,Ben E. King,Atco,3,48,
1961,33,49,84,I’LL NEVER SMILE AGAIN,The Platters,Mercury,3,49,
1961,34,1,1,TOSSIN’ AND TURNIN’,Bobby Lewis,Beltone,18,1,7 weeks at #1
1961,34,2,5,WOODEN HEART (Muss I Denn),Joe Dowell,Smash,9,2,
1961,34,3,6,MICHAEL,The Highwaymen,United Artists,7,3,
1961,34,4,3,LAST NIGHT,The Mar-Keys,Satellite,8,3,
1961,34,5,2,I LIKE IT LIKE THAT (Part 1),Chris Kenner,Instant,13,2,
1961,34,6,11,YOU DON’T KNOW WHAT YOU’VE GOT (Until You Lose It),Ral Donner,Gone,7,6,
1961,34,7,7,PRETTY LITTLE ANGEL EYES,Curtis Lee,Dunes,8,7,
1961,34,8,4,DUM DUM,Brenda Lee,Decca,10,4,
1961,34,9,8,LET’S TWIST AGAIN,Chubby Checker,Parkway,10,8,
1961,34,10,10,SCHOOL IS OUT,Gary (U.S.) Bonds,Legrand,5,10,
1961,34,11,16,DON’T BET MONEY HONEY,Linda Scott,Canadian American,8,11,
1961,34,12,15,HURT,Timi Yuro,Liberty,5,12,
1961,34,13,9,TOGETHER,Connie Francis,MGM,9,6,
1961,34,14,21,AS IF I DIDN’T KNOW,Adam Wade,Coed,5,14,
1961,34,15,17,LET THE FOUR WINDS BLOW,Fats Domino,Imperial,5,15,
1961,34,16,24,I FALL TO PIECES,Patsy Cline,Decca,14,16,
1961,34,17,22,I’M GONNA KNOCK ON YOUR DOOR,Eddie Hodges,Cadence,10,17,
1961,34,18,12,I’LL BE THERE,Damita Jo,Mercury,8,12,
1961,34,19,13,NEVER ON SUNDAY,The Chordettes,Cadence,10,13,
1961,34,20,14,HATS OFF TO LARRY,Del Shannon,Big Top,12,5,
1961,34,21,32,MY TRUE STORY,The Jive Five,Beltone,8,21,
1961,34,22,25,ONE SUMMER NIGHT,The Diamonds,Mercury,8,22,
1961,34,23,18,MY KIND OF GIRL,Matt Monro,Warwick,13,18,
1961,34,24,33,I DREAMED OF A HILL-BILLY HEAVEN,Tex Ritter,Capitol,8,24,
1961,34,25,26,I’M A TELLING YOU,Jerry Butler,Vee-Jay,5,25,
1961,34,26,40,DOES YOUR CHEWING GUM LOSE ITS FLAVOR (On the Bedpost Over Night),Lonnie Donegan and His Skiffle Group,Dot,3,26,
1961,34,27,19,QUARTER TO THREE,Gary (U.S.) Bonds,Legrand,14,1,
1961,34,28,20,THE BOLL WEEVIL SONG,Brook Benton,Mercury,15,2,
1961,34,29,38,RIGHT OR WRONG,Wanda Jackson,Capitol,9,29,
1961,34,30,27,QUITE A PARTY,The Fireballs,Warwick,9,27,
1961,34,31,41,TAKE GOOD CARE OF MY BABY,Bobby Vee,Liberty,3,31,
1961,34,32,36,PRINCESS,Frank Gari,Crusade,8,32,
1961,34,33,44,"WHO PUT THE BOMP (In the Bomp, Bomp, Bomp)",Barry Mann,ABC-Paramount,3,33,
1961,34,34,49,I’LL NEVER SMILE AGAIN,The Platters,Mercury,4,34,
1961,34,35,42,I DON’T WANT TO TAKE A CHANCE,Mary Wells,Motown,6,35,
1961,34,36,39,SEA OF HEARTBREAK,Don Gibson,RCA Victor,10,33,
1961,34,37,43,I JUST DON’T UNDERSTAND,Ann-Margret,RCA Victor,5,37,
1961,34,38,28,RUNAROUND,The Regents,Gee,7,28,
1961,34,39,23,CUPID,Sam Cooke,RCA Victor,12,17,
1961,34,40,48,AMOR,Ben E. King,Atco,4,40,
1961,34,50,30,PLEASE STAY,The Drifters,Atlantic,12,14,
1961,34,51,29,SAN ANTONIO ROSE,Floyd Cramer,RCA Victor,12,8,
1961,34,52,31,A TEAR,Gene McDaniels,Liberty,8,31,
1961,34,41,46,A THING OF THE PAST,The Shirelles,Scepter,7,41,
1961,34,42,68,THE MOUNTAIN’S HIGH,Dick and DeeDee,Liberty,4,42,
1961,34,43,54,NAG,The Halos,7 Arts,6,43,
1961,34,44,61,WITHOUT YOU,Johnny Tillotson,Cadence,3,44,
1961,34,45,52,"DON’T CRY, BABY",Etta James,Argo,3,45,
1961,34,46,76,WHEN WE GET MARRIED,The Dreamlovers,Heritage,4,46,
1961,34,47,53,"STARLIGHT, STARBRIGHT",Linda Scott,Canadian American,4,47,
1961,34,48,67,A LITTLE BIT OF SOAP,The Jarmels,Laurie,3,48,
1961,34,49,71,CRYING,Roy Orbison,Monument,2,49,
1961,35,1,2,WOODEN HEART (Muss I Denn),Joe Dowell,Smash,10,1,1 week at #1
1961,35,2,1,TOSSIN’ AND TURNIN’,Bobby Lewis,Beltone,19,1,
1961,35,3,3,MICHAEL,The Highwaymen,United Artists,8,3,
1961,35,4,4,LAST NIGHT,The Mar-Keys,Satellite,9,3,
1961,35,5,6,YOU DON’T KNOW WHAT YOU’VE GOT (Until You Lose It),Ral Donner,Gone,8,5,
1961,35,6,5,I LIKE IT LIKE THAT (Part 1),Chris Kenner,Instant,14,2,
1961,35,7,10,SCHOOL IS OUT,Gary (U.S.) Bonds,Legrand,6,7,
1961,35,8,7,PRETTY LITTLE ANGEL EYES,Curtis Lee,Dunes,9,7,
1961,35,9,11,DON’T BET MONEY HONEY,Linda Scott,Canadian American,9,9,
1961,35,10,12,HURT,Timi Yuro,Liberty,6,10,
1961,35,11,14,AS IF I DIDN’T KNOW,Adam Wade,Coed,6,11,
1961,35,12,17,I’M GONNA KNOCK ON YOUR DOOR,Eddie Hodges,Cadence,11,12,
1961,35,13,21,MY TRUE STORY,The Jive Five,Beltone,9,13,
1961,35,14,16,I FALL TO PIECES,Patsy Cline,Decca,15,14,
1961,35,15,15,LET THE FOUR WINDS BLOW,Fats Domino,Imperial,6,15,
1961,35,16,9,LET’S TWIST AGAIN,Chubby Checker,Parkway,11,8,
1961,35,17,8,DUM DUM,Brenda Lee,Decca,11,4,
1961,35,18,13,TOGETHER,Connie Francis,MGM,10,6,
1961,35,19,26,DOES YOUR CHEWING GUM LOSE ITS FLAVOR (On the Bedpost Over Night),Lonnie Donegan and His Skiffle Group,Dot,4,19,
1961,35,20,24,I DREAMED OF A HILL-BILLY HEAVEN,Tex Ritter,Capitol,9,20,
1961,35,21,36,SEA OF HEARTBREAK,Don Gibson,RCA Victor,11,21,
1961,35,22,40,AMOR,Ben E. King,Atco,5,22,
1961,35,23,31,TAKE GOOD CARE OF MY BABY,Bobby Vee,Liberty,4,23,
1961,35,24,33,"WHO PUT THE BOMP (In the Bomp, Bomp, Bomp)",Barry Mann,ABC-Paramount,4,24,
1961,35,25,25,I’M A TELLING YOU,Jerry Butler,Vee-Jay,6,25,
1961,35,26,61,LITTLE SISTER,Elvis Presley,RCA Victor,2,26,
1961,35,27,37,I JUST DON’T UNDERSTAND,Ann-Margret,RCA Victor,6,27,
1961,35,28,44,WITHOUT YOU,Johnny Tillotson,Cadence,4,28,
1961,35,29,49,CRYING,Roy Orbison,Monument,3,29,
1961,35,30,32,PRINCESS,Frank Gari,Crusade,9,30,
1961,35,31,34,I’LL NEVER SMILE AGAIN,The Platters,Mercury,5,31,
1961,35,32,42,THE MOUNTAIN’S HIGH,Dick and DeeDee,Liberty,5,32,
1961,35,33,35,I DON’T WANT TO TAKE A CHANCE,Mary Wells,Motown,7,33,
1961,35,34,46,WHEN WE GET MARRIED,The Dreamlovers,Heritage,5,34,
1961,35,35,48,A LITTLE BIT OF SOAP,The Jarmels,Laurie,4,35,
1961,35,36,43,NAG,The Halos,7 Arts,7,36,
1961,35,37,22,ONE SUMMER NIGHT,The Diamonds,Mercury,9,22,
1961,35,38,29,RIGHT OR WRONG,Wanda Jackson,Capitol,10,29,
1961,35,39,18,I’LL BE THERE,Damita Jo,Mercury,9,12,
1961,35,40,20,HATS OFF TO LARRY,Del Shannon,Big Top,13,5,
1961,35,41,19,NEVER ON SUNDAY,The Chordettes,Cadence,11,13,
1961,35,82,23,MY KIND OF GIRL,Matt Monro,Warwick,14,18,
1961,35,83,27,QUARTER TO THREE,Gary (U.S.) Bonds,Legrand,15,1,
1961,35,92,28,THE BOLL WEEVIL SONG,Brook Benton,Mercury,16,2,
1961,35,100,30,QUITE A PARTY,The Fireballs,Warwick,10,27,
1961,35,43,45,"DON’T CRY, BABY",Etta James,Argo,4,43,
1961,35,44,47,"STARLIGHT, STARBRIGHT",Linda Scott,Canadian American,5,44,
1961,35,45,75,FRANKIE AND JOHNNY,Brook Benton,Mercury,2,45,
1961,35,46,53,TRANSISTOR SISTER,Freddy Cannon,Swan,5,46,
1961,35,47,68,SAN-HO-ZAY,Freddy King,Federal,4,47,
1961,35,48,55,LET ME BELONG TO YOU,Brian Hyland,ABC-Paramount,4,48,
1961,35,49,74,NOTHING BUT GOOD,Hank Ballard and the Midnighters,King,2,49,
1961,35,50,57,LOVER’S ISLAND,The Blue Jays,Milestone,3,50,
1961,36,1,3,MICHAEL,The Highwaymen,United Artists,9,1,1 week at #1
1961,36,2,1,WOODEN HEART (Muss I Denn),Joe Dowell,Smash,11,1,
1961,36,3,2,TOSSIN’ AND TURNIN’,Bobby Lewis,Beltone,20,1,
1961,36,4,5,YOU DON’T KNOW WHAT YOU’VE GOT (Until You Lose It),Ral Donner,Gone,9,4,
1961,36,5,7,SCHOOL IS OUT,Gary (U.S.) Bonds,Legrand,7,5,
1961,36,6,23,TAKE GOOD CARE OF MY BABY,Bobby Vee,Liberty,5,6,
1961,36,7,13,MY TRUE STORY,The Jive Five,Beltone,10,7,
1961,36,8,10,HURT,Timi Yuro,Liberty,7,8,
1961,36,9,9,DON’T BET MONEY HONEY,Linda Scott,Canadian American,10,9,
1961,36,10,11,AS IF I DIDN’T KNOW,Adam Wade,Coed,7,10,
1961,36,11,19,DOES YOUR CHEWING GUM LOSE ITS FLAVOR (On the Bedpost Over Night),Lonnie Donegan and His Skiffle Group,Dot,5,11,
1961,36,12,14,I FALL TO PIECES,Patsy Cline,Decca,16,12,
1961,36,13,4,LAST NIGHT,The Mar-Keys,Satellite,10,3,
1961,36,14,24,"WHO PUT THE BOMP (In the Bomp, Bomp, Bomp)",Barry Mann,ABC-Paramount,5,14,
1961,36,15,26,LITTLE SISTER,Elvis Presley,RCA Victor,3,15,
1961,36,16,29,CRYING,Roy Orbison,Monument,4,16,
1961,36,17,12,I’M GONNA KNOCK ON YOUR DOOR,Eddie Hodges,Cadence,12,12,
1961,36,18,22,AMOR,Ben E. King,Atco,6,18,
1961,36,19,27,I JUST DON’T UNDERSTAND,Ann-Margret,RCA Victor,7,19,
1961,36,20,28,WITHOUT YOU,Johnny Tillotson,Cadence,5,20,
1961,36,21,32,THE MOUNTAIN’S HIGH,Dick and DeeDee,Liberty,6,21,
1961,36,22,6,I LIKE IT LIKE THAT (Part 1),Chris Kenner,Instant,15,2,
1961,36,23,34,WHEN WE GET MARRIED,The Dreamlovers,Heritage,6,23,
1961,36,24,35,A LITTLE BIT OF SOAP,The Jarmels,Laurie,5,24,
1961,36,25,8,PRETTY LITTLE ANGEL EYES,Curtis Lee,Dunes,10,7,
1961,36,26,20,I DREAMED OF A HILL-BILLY HEAVEN,Tex Ritter,Capitol,10,20,
1961,36,27,15,LET THE FOUR WINDS BLOW,Fats Domino,Imperial,7,15,
1961,36,28,21,SEA OF HEARTBREAK,Don Gibson,RCA Victor,12,21,
1961,36,29,31,I’LL NEVER SMILE AGAIN,The Platters,Mercury,6,29,
1961,36,30,36,NAG,The Halos,7 Arts,8,30,
1961,36,31,45,FRANKIE AND JOHNNY,Brook Benton,Mercury,3,31,
1961,36,32,66,(Marie’s the Name) HIS LATEST FLAME,Elvis Presley,RCA Victor,2,32,
1961,36,33,48,LET ME BELONG TO YOU,Brian Hyland,ABC-Paramount,5,33,
1961,36,34,53,BIG COLD WIND,Pat Boone,Dot,3,34,
1961,36,35,46,TRANSISTOR SISTER,Freddy Cannon,Swan,6,35,
1961,36,36,50,LOVER’S ISLAND,The Blue Jays,Milestone,4,36,
1961,36,37,33,I DON’T WANT TO TAKE A CHANCE,Mary Wells,Motown,8,33,
1961,36,38,42,IT’S GONNA WORK OUT FINE,Ike and Tina Turner,Sue,6,38,
1961,36,39,43,"DON’T CRY, BABY",Etta James,Argo,5,39,
1961,36,40,57,BLESS YOU,Tony Orlando,Epic,4,40,
1961,36,42,25,I’M A TELLING YOU,Jerry Butler,Vee-Jay,7,25,
1961,36,50,17,DUM DUM,Brenda Lee,Decca,12,4,
1961,36,52,16,LET’S TWIST AGAIN,Chubby Checker,Parkway,12,8,
1961,36,56,18,TOGETHER,Connie Francis,MGM,11,6,
1961,36,70,30,PRINCESS,Frank Gari,Crusade,10,30,
1961,36,98,38,RIGHT OR WRONG,Wanda Jackson,Capitol,11,29,
1961,36,41,52,MORE MONEY FOR YOU AND ME (Medley),The Four Preps,Capitol,4,41,
1961,36,43,60,KISSIN’ ON THE PHONE,Paul Anka,ABC-Paramount,2,43,
1961,36,44,59,MEXICO,Bob Moore and His Orchestra,Monument,4,44,
1961,36,45,69,ONE TRACK MIND,Bobby Lewis,Beltone,2,45,
1961,36,46,51,WATER BOY,Don Shirley Trio,Cadence,8,46,
1961,36,47,80,LOOK IN MY EYES,The Chantels,Carlton,2,47,
1961,36,48,58,NOW AND FOREVER,Bert Kaempfert,Decca,6,48,
1961,36,49,65,"BABY, YOU’RE RIGHT",James Brown and the Famous Flames,King,3,49,
1961,37,1,1,MICHAEL,The Highwaymen,United Artists,10,1,2 weeks at #1
1961,37,2,6,TAKE GOOD CARE OF MY BABY,Bobby Vee,Liberty,6,2,
1961,37,3,7,MY TRUE STORY,The Jive Five,Beltone,11,3,
1961,37,4,8,HURT,Timi Yuro,Liberty,8,4,
1961,37,5,4,YOU DON’T KNOW WHAT YOU’VE GOT (Until You Lose It),Ral Donner,Gone,10,4,
1961,37,6,2,WOODEN HEART (Muss I Denn),Joe Dowell,Smash,12,1,
1961,37,7,11,DOES YOUR CHEWING GUM LOSE ITS FLAVOR (On the Bedpost Over Night),Lonnie Donegan and His Skiffle Group,Dot,6,7,
1961,37,8,14,"WHO PUT THE BOMP (In the Bomp, Bomp, Bomp)",Barry Mann,ABC-Paramount,6,8,
1961,37,9,15,LITTLE SISTER,Elvis Presley,RCA Victor,4,9,
1961,37,10,10,AS IF I DIDN’T KNOW,Adam Wade,Coed,8,10,
1961,37,11,16,CRYING,Roy Orbison,Monument,5,11,
1961,37,12,21,THE MOUNTAIN’S HIGH,Dick and DeeDee,Liberty,7,12,
1961,37,13,23,WHEN WE GET MARRIED,The Dreamlovers,Heritage,7,13,
1961,37,14,20,WITHOUT YOU,Johnny Tillotson,Cadence,6,14,
1961,37,15,3,TOSSIN’ AND TURNIN’,Bobby Lewis,Beltone,21,1,
1961,37,16,5,SCHOOL IS OUT,Gary (U.S.) Bonds,Legrand,8,5,
1961,37,17,19,I JUST DON’T UNDERSTAND,Ann-Margret,RCA Victor,8,17,
1961,37,18,9,DON’T BET MONEY HONEY,Linda Scott,Canadian American,11,9,
1961,37,19,24,A LITTLE BIT OF SOAP,The Jarmels,Laurie,6,19,
1961,37,20,31,FRANKIE AND JOHNNY,Brook Benton,Mercury,4,20,
1961,37,21,12,I FALL TO PIECES,Patsy Cline,Decca,17,12,
1961,37,22,32,(Marie’s the Name) HIS LATEST FLAME,Elvis Presley,RCA Victor,3,22,
1961,37,23,34,BIG COLD WIND,Pat Boone,Dot,4,23,
1961,37,24,41,MORE MONEY FOR YOU AND ME (Medley),The Four Preps,Capitol,5,24,
1961,37,25,29,I’LL NEVER SMILE AGAIN,The Platters,Mercury,7,25,
1961,37,26,13,LAST NIGHT,The Mar-Keys,Satellite,11,3,
1961,37,27,18,AMOR,Ben E. King,Atco,7,18,
1961,37,28,30,NAG,The Halos,7 Arts,9,28,
1961,37,29,45,ONE TRACK MIND,Bobby Lewis,Beltone,3,29,
1961,37,30,40,BLESS YOU,Tony Orlando,Epic,5,30,
1961,37,31,38,IT’S GONNA WORK OUT FINE,Ike and Tina Turner,Sue,7,31,
1961,37,32,33,LET ME BELONG TO YOU,Brian Hyland,ABC-Paramount,6,32,
1961,37,33,44,MEXICO,Bob Moore and His Orchestra,Monument,5,33,
1961,37,34,67,YOU MUST HAVE BEEN A BEAUTIFUL BABY,Bobby Darin,Atco,2,34,
1961,37,35,43,KISSIN’ ON THE PHONE,Paul Anka,ABC-Paramount,3,35,
1961,37,36,36,LOVER’S ISLAND,The Blue Jays,Milestone,5,36,
1961,37,37,47,LOOK IN MY EYES,The Chantels,Carlton,3,37,
1961,37,38,17,I’M GONNA KNOCK ON YOUR DOOR,Eddie Hodges,Cadence,13,12,
1961,37,39,39,"DON’T CRY, BABY",Etta James,Argo,6,39,
1961,37,40,60,YEARS FROM NOW,Jackie Wilson,Brunswick,4,40,
1961,37,41,22,I LIKE IT LIKE THAT (Part 1),Chris Kenner,Instant,16,2,
1961,37,43,27,LET THE FOUR WINDS BLOW,Fats Domino,Imperial,8,15,
1961,37,44,35,TRANSISTOR SISTER,Freddy Cannon,Swan,7,35,
1961,37,45,28,SEA OF HEARTBREAK,Don Gibson,RCA Victor,13,21,
1961,37,47,26,I DREAMED OF A HILL-BILLY HEAVEN,Tex Ritter,Capitol,11,20,
1961,37,51,25,PRETTY LITTLE ANGEL EYES,Curtis Lee,Dunes,11,7,
1961,37,65,37,I DON’T WANT TO TAKE A CHANCE,Mary Wells,Motown,9,33,
1961,37,42,55,EVERY BREATH I TAKE,Gene Pitney,Musicor,6,42,
1961,37,46,64,JEREMIAH PEABODY’S POLY UNSATURATED QUICK DISSOLVING FAST ACTING PLEASANT TASTING GREEN AND PURPLE PILLS,Ray Stevens,Mercury,4,46,
1961,37,48,71,THE ASTRONAUT (Parts 1 and 2),Jose Jimenez (Bill Dana),Kapp,4,48,
1961,37,49,53,MAGIC MOON (Clair De Lune),The Rays,XYZ,5,49,
1961,37,50,51,MISSING YOU,Ray Peterson,Dunes,7,50,
1961,38,1,2,TAKE GOOD CARE OF MY BABY,Bobby Vee,Liberty,7,1,1 week at #1
1961,38,2,1,MICHAEL,The Highwaymen,United Artists,11,1,
1961,38,3,3,MY TRUE STORY,The Jive Five,Beltone,12,3,
1961,38,4,22,(Marie’s the Name) HIS LATEST FLAME,Elvis Presley,RCA Victor,4,4,
1961,38,5,11,CRYING,Roy Orbison,Monument,6,5,
1961,38,6,7,DOES YOUR CHEWING GUM LOSE ITS FLAVOR (On the Bedpost Over Night),Lonnie Donegan and His Skiffle Group,Dot,7,6,
1961,38,7,14,WITHOUT YOU,Johnny Tillotson,Cadence,7,7,
1961,38,8,6,WOODEN HEART (Muss I Denn),Joe Dowell,Smash,13,1,
1961,38,9,29,ONE TRACK MIND,Bobby Lewis,Beltone,4,9,
1961,38,10,13,WHEN WE GET MARRIED,The Dreamlovers,Heritage,8,10,
1961,38,11,5,YOU DON’T KNOW WHAT YOU’VE GOT (Until You Lose It),Ral Donner,Gone,11,4,
1961,38,12,19,A LITTLE BIT OF SOAP,The Jarmels,Laurie,7,12,
1961,38,13,9,LITTLE SISTER,Elvis Presley,RCA Victor,5,9,
1961,38,14,31,IT’S GONNA WORK OUT FINE,Ike and Tina Turner,Sue,8,14,
1961,38,15,12,THE MOUNTAIN’S HIGH,Dick and DeeDee,Liberty,8,12,
1961,38,16,15,TOSSIN’ AND TURNIN’,Bobby Lewis,Beltone,22,1,
1961,38,17,8,"WHO PUT THE BOMP (In the Bomp, Bomp, Bomp)",Barry Mann,ABC-Paramount,7,8,
1961,38,18,4,HURT,Timi Yuro,Liberty,9,4,
1961,38,19,23,BIG COLD WIND,Pat Boone,Dot,5,19,
1961,38,20,20,FRANKIE AND JOHNNY,Brook Benton,Mercury,5,20,
1961,38,21,24,MORE MONEY FOR YOU AND ME (Medley),The Four Preps,Capitol,6,21,
1961,38,22,33,MEXICO,Bob Moore and His Orchestra,Monument,6,22,
1961,38,23,34,YOU MUST HAVE BEEN A BEAUTIFUL BABY,Bobby Darin,Atco,3,23,
1961,38,24,21,I FALL TO PIECES,Patsy Cline,Decca,18,12,
1961,38,25,28,NAG,The Halos,7 Arts,10,25,
1961,38,26,18,DON’T BET MONEY HONEY,Linda Scott,Canadian American,12,9,
1961,38,27,55,HIT THE ROAD JACK,Ray Charles,ABC-Paramount,2,27,
1961,38,28,26,LAST NIGHT,The Mar-Keys,Satellite,12,3,
1961,38,29,16,SCHOOL IS OUT,Gary (U.S.) Bonds,Legrand,9,5,
1961,38,30,17,I JUST DON’T UNDERSTAND,Ann-Margret,RCA Victor,9,17,
1961,38,31,36,LOVER’S ISLAND,The Blue Jays,Milestone,6,31,
1961,38,32,10,AS IF I DIDN’T KNOW,Adam Wade,Coed,9,10,
1961,38,33,48,THE ASTRONAUT (Parts 1 and 2),Jose Jimenez (Bill Dana),Kapp,5,33,
1961,38,34,27,AMOR,Ben E. King,Atco,8,18,
1961,38,35,46,JEREMIAH PEABODY’S POLY UNSATURATED QUICK DISSOLVING FAST ACTING PLEASANT TASTING GREEN AND PURPLE PILLS,Ray Stevens,Mercury,5,35,
1961,38,36,37,LOOK IN MY EYES,The Chantels,Carlton,4,36,
1961,38,37,40,YEARS FROM NOW,Jackie Wilson,Brunswick,5,37,
1961,38,38,32,LET ME BELONG TO YOU,Brian Hyland,ABC-Paramount,7,32,
1961,38,39,74,BRISTOL STOMP,The Dovells,Parkway,2,39,
1961,38,40,69,LET’S GET TOGETHER,Hayley Mills,Buena Vista,3,40,
1961,38,41,30,BLESS YOU,Tony Orlando,Epic,6,30,
1961,38,42,35,KISSIN’ ON THE PHONE,Paul Anka,ABC-Paramount,4,35,
1961,38,43,25,I’LL NEVER SMILE AGAIN,The Platters,Mercury,8,25,
1961,38,47,39,"DON’T CRY, BABY",Etta James,Argo,7,39,
1961,38,44,73,THE WAY YOU LOOK TONIGHT,The Lettermen,Capitol,3,44,
1961,38,45,64,TAKE FIVE,Dave Brubeck Quartet,Columbia,2,45,
1961,38,46,42,EVERY BREATH I TAKE,Gene Pitney,Musicor,7,42,
1961,38,48,41,I LIKE IT LIKE THAT (Part 1),Chris Kenner,Instant,17,2,
1961,38,49,43,LET THE FOUR WINDS BLOW,Fats Domino,Imperial,9,15,
1961,38,50,54,MY BLUE HEAVEN,Duane Eddy,Jamie,4,50,
1961,39,1,1,TAKE GOOD CARE OF MY BABY,Bobby Vee,Liberty,8,1,2 weeks at #1
1961,39,2,15,THE MOUNTAIN’S HIGH,Dick and DeeDee,Liberty,9,2,
1961,39,3,2,MICHAEL,The Highwaymen,United Artists,12,1,
1961,39,4,5,CRYING,Roy Orbison,Monument,7,4,
1961,39,5,6,DOES YOUR CHEWING GUM LOSE ITS FLAVOR (On the Bedpost Over Night),Lonnie Donegan and His Skiffle Group,Dot,8,5,
1961,39,6,13,LITTLE SISTER,Elvis Presley,RCA Victor,6,6,
1961,39,7,17,"WHO PUT THE BOMP (In the Bomp, Bomp, Bomp)",Barry Mann,ABC-Paramount,8,7,
1961,39,8,3,MY TRUE STORY,The Jive Five,Beltone,13,3,
1961,39,9,7,WITHOUT YOU,Johnny Tillotson,Cadence,8,7,
1961,39,10,4,(Marie’s the Name) HIS LATEST FLAME,Elvis Presley,RCA Victor,5,4,
1961,39,11,9,ONE TRACK MIND,Bobby Lewis,Beltone,5,9,
1961,39,12,22,MEXICO,Bob Moore and His Orchestra,Monument,7,12,
1961,39,13,27,HIT THE ROAD JACK,Ray Charles,ABC-Paramount,3,13,
1961,39,14,39,BRISTOL STOMP,The Dovells,Parkway,3,14,
1961,39,15,10,WHEN WE GET MARRIED,The Dreamlovers,Heritage,9,10,
1961,39,16,23,YOU MUST HAVE BEEN A BEAUTIFUL BABY,Bobby Darin,Atco,4,16,
1961,39,17,21,MORE MONEY FOR YOU AND ME (Medley),The Four Preps,Capitol,7,17,
1961,39,18,14,IT’S GONNA WORK OUT FINE,Ike and Tina Turner,Sue,9,14,
1961,39,19,19,BIG COLD WIND,Pat Boone,Dot,6,19,
1961,39,20,38,LET ME BELONG TO YOU,Brian Hyland,ABC-Paramount,8,20,
1961,39,21,18,HURT,Timi Yuro,Liberty,10,4,
1961,39,22,41,BLESS YOU,Tony Orlando,Epic,7,22,
1961,39,23,8,WOODEN HEART (Muss I Denn),Joe Dowell,Smash,14,1,
1961,39,24,75,THIS TIME,Troy Shondell,Liberty,2,24,
1961,39,25,33,THE ASTRONAUT (Parts 1 and 2),Jose Jimenez (Bill Dana),Kapp,6,25,
1961,39,26,28,LAST NIGHT,The Mar-Keys,Satellite,13,3,
1961,39,27,12,A LITTLE BIT OF SOAP,The Jarmels,Laurie,8,12,
1961,39,28,20,FRANKIE AND JOHNNY,Brook Benton,Mercury,6,20,
1961,39,29,58,MISSING YOU,Ray Peterson,Dunes,9,29,
1961,39,30,40,LET’S GET TOGETHER,Hayley Mills,Buena Vista,4,30,
1961,39,31,24,I FALL TO PIECES,Patsy Cline,Decca,19,12,
1961,39,32,30,I JUST DON’T UNDERSTAND,Ann-Margret,RCA Victor,10,17,
1961,39,33,73,YA YA,Lee Dorsey,Fury,3,33,
1961,39,34,29,SCHOOL IS OUT,Gary (U.S.) Bonds,Legrand,10,5,
1961,39,35,31,LOVER’S ISLAND,The Blue Jays,Milestone,7,31,
1961,39,36,26,DON’T BET MONEY HONEY,Linda Scott,Canadian American,13,9,
1961,39,37,64,SWEETS FOR MY SWEET,The Drifters,Atlantic,3,37,
1961,39,38,44,THE WAY YOU LOOK TONIGHT,The Lettermen,Capitol,4,38,
1961,39,39,59,SAD MOVIES (Make Me Cry),Sue Thompson,Hickory,4,39,
1961,39,40,45,TAKE FIVE,Dave Brubeck Quartet,Columbia,3,40,
1961,39,43,34,AMOR,Ben E. King,Atco,9,18,
1961,39,44,11,YOU DON’T KNOW WHAT YOU’VE GOT (Until You Lose It),Ral Donner,Gone,12,4,
1961,39,48,37,YEARS FROM NOW,Jackie Wilson,Brunswick,6,37,
1961,39,49,35,JEREMIAH PEABODY’S POLY UNSATURATED QUICK DISSOLVING FAST ACTING PLEASANT TASTING GREEN AND PURPLE PILLS,Ray Stevens,Mercury,6,35,
1961,39,50,36,LOOK IN MY EYES,The Chantels,Carlton,5,36,
1961,39,51,32,AS IF I DIDN’T KNOW,Adam Wade,Coed,10,10,
1961,39,52,16,TOSSIN’ AND TURNIN’,Bobby Lewis,Beltone,23,1,
1961,39,64,25,NAG,The Halos,7 Arts,11,25,
1961,39,41,63,I LOVE HOW YOU LOVE ME,The Paris Sisters,Gregmark,4,41,
1961,39,45,49,LET THE FOUR WINDS BLOW,Fats Domino,Imperial,10,15,
1961,39,46,53,STICK SHIFT,The Duals,Sue,3,46,
1961,39,47,79,(He’s) THE GREAT IMPOSTER,The Fleetwoods,Dolton,3,47,
1961,40,1,1,TAKE GOOD CARE OF MY BABY,Bobby Vee,Liberty,9,1,3 weeks at #1
1961,40,2,2,THE MOUNTAIN’S HIGH,Dick and DeeDee,Liberty,10,2,
1961,40,3,4,CRYING,Roy Orbison,Monument,8,3,
1961,40,4,13,HIT THE ROAD JACK,Ray Charles,ABC-Paramount,4,4,
1961,40,5,6,LITTLE SISTER,Elvis Presley,RCA Victor,7,5,
1961,40,6,3,MICHAEL,The Highwaymen,United Artists,13,1,
1961,40,7,12,MEXICO,Bob Moore and His Orchestra,Monument,8,7,
1961,40,8,16,YOU MUST HAVE BEEN A BEAUTIFUL BABY,Bobby Darin,Atco,5,8,
1961,40,9,5,DOES YOUR CHEWING GUM LOSE ITS FLAVOR (On the Bedpost Over Night),Lonnie Donegan and His Skiffle Group,Dot,9,5,
1961,40,10,14,BRISTOL STOMP,The Dovells,Parkway,4,10,
1961,40,11,7,"WHO PUT THE BOMP (In the Bomp, Bomp, Bomp)",Barry Mann,ABC-Paramount,9,7,
1961,40,12,9,WITHOUT YOU,Johnny Tillotson,Cadence,9,7,
1961,40,13,11,ONE TRACK MIND,Bobby Lewis,Beltone,6,9,
1961,40,14,33,YA YA,Lee Dorsey,Fury,4,14,
1961,40,15,30,LET’S GET TOGETHER,Hayley Mills,Buena Vista,5,15,
1961,40,16,38,THE WAY YOU LOOK TONIGHT,The Lettermen,Capitol,5,16,
1961,40,17,24,THIS TIME,Troy Shondell,Liberty,3,17,
1961,40,18,22,BLESS YOU,Tony Orlando,Epic,8,18,
1961,40,19,25,THE ASTRONAUT (Parts 1 and 2),Jose Jimenez (Bill Dana),Kapp,7,19,
1961,40,20,8,MY TRUE STORY,The Jive Five,Beltone,14,3,
1961,40,21,42,RUNAROUND SUE,Dion,Laurie,2,21,
1961,40,22,17,MORE MONEY FOR YOU AND ME (Medley),The Four Preps,Capitol,8,17,
1961,40,23,50,LOOK IN MY EYES,The Chantels,Carlton,6,23,
1961,40,24,39,SAD MOVIES (Make Me Cry),Sue Thompson,Hickory,5,24,
1961,40,25,20,LET ME BELONG TO YOU,Brian Hyland,ABC-Paramount,9,20,
1961,40,26,10,(Marie’s the Name) HIS LATEST FLAME,Elvis Presley,RCA Victor,6,4,
1961,40,27,19,BIG COLD WIND,Pat Boone,Dot,7,19,
1961,40,28,37,SWEETS FOR MY SWEET,The Drifters,Atlantic,4,28,
1961,40,29,15,WHEN WE GET MARRIED,The Dreamlovers,Heritage,10,10,
1961,40,30,29,MISSING YOU,Ray Peterson,Dunes,10,29,
1961,40,31,21,HURT,Timi Yuro,Liberty,11,4,
1961,40,32,41,I LOVE HOW YOU LOVE ME,The Paris Sisters,Gregmark,5,32,
1961,40,33,46,STICK SHIFT,The Duals,Sue,4,33,
1961,40,34,26,LAST NIGHT,The Mar-Keys,Satellite,14,3,
1961,40,35,18,IT’S GONNA WORK OUT FINE,Ike and Tina Turner,Sue,10,14,
1961,40,36,60,THE FLY,Chubby Checker,Parkway,2,36,
1961,40,37,23,WOODEN HEART (Muss I Denn),Joe Dowell,Smash,15,1,
1961,40,38,40,TAKE FIVE,Dave Brubeck Quartet,Columbia,4,38,
1961,40,39,47,(He’s) THE GREAT IMPOSTER,The Fleetwoods,Dolton,4,39,
1961,40,40,27,A LITTLE BIT OF SOAP,The Jarmels,Laurie,9,12,
1961,40,41,32,I JUST DON’T UNDERSTAND,Ann-Margret,RCA Victor,11,17,
1961,40,42,35,LOVER’S ISLAND,The Blue Jays,Milestone,8,31,
1961,40,44,28,FRANKIE AND JOHNNY,Brook Benton,Mercury,7,20,
1961,40,45,34,SCHOOL IS OUT,Gary (U.S.) Bonds,Legrand,11,5,
1961,40,47,36,DON’T BET MONEY HONEY,Linda Scott,Canadian American,14,9,
1961,40,48,31,I FALL TO PIECES,Patsy Cline,Decca,20,12,
1961,40,43,68,SO LONG BABY,Del Shannon,Big Top,3,43,
1961,40,46,87,DON’T BLAME ME,The Everly Brothers,Warner Brothers,2,46,
1961,40,49,56,WATER BOY,Don Shirley Trio,Cadence,12,46,
1961,40,50,58,FOOT STOMPING (Part 1),The Flares,Felsted,5,50,
1961,41,1,4,HIT THE ROAD JACK,Ray Charles,ABC-Paramount,5,1,1 week at #1
1961,41,2,3,CRYING,Roy Orbison,Monument,9,2,
1961,41,3,1,TAKE GOOD CARE OF MY BABY,Bobby Vee,Liberty,10,1,
1961,41,4,21,RUNAROUND SUE,Dion,Laurie,3,4,
1961,41,5,10,BRISTOL STOMP,The Dovells,Parkway,5,5,
1961,41,6,8,YOU MUST HAVE BEEN A BEAUTIFUL BABY,Bobby Darin,Atco,6,6,
1961,41,7,2,THE MOUNTAIN’S HIGH,Dick and DeeDee,Liberty,11,2,
1961,41,8,5,LITTLE SISTER,Elvis Presley,RCA Victor,8,5,
1961,41,9,15,LET’S GET TOGETHER,Hayley Mills,Buena Vista,6,9,
1961,41,10,7,MEXICO,Bob Moore and His Orchestra,Monument,9,7,
1961,41,11,6,MICHAEL,The Highwaymen,United Artists,14,1,
1961,41,12,32,I LOVE HOW YOU LOVE ME,The Paris Sisters,Gregmark,6,12,
1961,41,13,17,THIS TIME,Troy Shondell,Liberty,4,13,
1961,41,14,14,YA YA,Lee Dorsey,Fury,5,14,
1961,41,15,18,BLESS YOU,Tony Orlando,Epic,9,15,
1961,41,16,16,THE WAY YOU LOOK TONIGHT,The Lettermen,Capitol,6,16,
1961,41,17,53,BIG BAD JOHN,Jimmy Dean,Columbia,2,17,
1961,41,18,24,SAD MOVIES (Make Me Cry),Sue Thompson,Hickory,6,18,
1961,41,19,23,LOOK IN MY EYES,The Chantels,Carlton,7,19,
1961,41,20,12,WITHOUT YOU,Johnny Tillotson,Cadence,10,7,
1961,41,21,26,(Marie’s the Name) HIS LATEST FLAME,Elvis Presley,RCA Victor,7,4,
1961,41,22,36,THE FLY,Chubby Checker,Parkway,3,22,
1961,41,23,9,DOES YOUR CHEWING GUM LOSE ITS FLAVOR (On the Bedpost Over Night),Lonnie Donegan and His Skiffle Group,Dot,10,5,
1961,41,24,28,SWEETS FOR MY SWEET,The Drifters,Atlantic,5,24,
1961,41,25,38,TAKE FIVE,Dave Brubeck Quartet,Columbia,5,25,
1961,41,26,33,STICK SHIFT,The Duals,Sue,5,26,
1961,41,27,11,"WHO PUT THE BOMP (In the Bomp, Bomp, Bomp)",Barry Mann,ABC-Paramount,10,7,
1961,41,28,46,DON’T BLAME ME,The Everly Brothers,Warner Brothers,3,28,
1961,41,29,55,CANDY MAN,Roy Orbison,Monument,7,29,
1961,41,30,13,ONE TRACK MIND,Bobby Lewis,Beltone,7,9,
1961,41,31,43,SO LONG BABY,Del Shannon,Big Top,4,31,
1961,41,32,59,(He’s My) DREAMBOAT,Connie Francis,MGM,3,32,
1961,41,33,20,MY TRUE STORY,The Jive Five,Beltone,15,3,
1961,41,34,30,MISSING YOU,Ray Peterson,Dunes,11,29,
1961,41,35,19,THE ASTRONAUT (Parts 1 and 2),Jose Jimenez (Bill Dana),Kapp,8,19,
1961,41,36,66,FOOL #1,Brenda Lee,Decca,2,36,
1961,41,37,50,FOOT STOMPING (Part 1),The Flares,Felsted,6,37,
1961,41,38,39,(He’s) THE GREAT IMPOSTER,The Fleetwoods,Dolton,5,38,
1961,41,39,68,EVERLOVIN’,Rick Nelson,Imperial,2,39,
1961,41,40,49,WATER BOY,Don Shirley Trio,Cadence,13,40,
1961,41,47,22,MORE MONEY FOR YOU AND ME (Medley),The Four Preps,Capitol,9,17,
1961,41,49,25,LET ME BELONG TO YOU,Brian Hyland,ABC-Paramount,10,20,
1961,41,50,29,WHEN WE GET MARRIED,The Dreamlovers,Heritage,11,10,
1961,41,53,27,BIG COLD WIND,Pat Boone,Dot,8,19,
1961,41,55,35,IT’S GONNA WORK OUT FINE,Ike and Tina Turner,Sue,11,14,
1961,41,61,40,A LITTLE BIT OF SOAP,The Jarmels,Laurie,10,12,
1961,41,62,31,HURT,Timi Yuro,Liberty,12,4,
1961,41,63,37,WOODEN HEART (Muss I Denn),Joe Dowell,Smash,16,1,
1961,41,41,57,MOVIN’,Bill Black’s Combo,Hi,3,41,
1961,41,42,67,I UNDERSTAND (Just How You Feel),The G-Clefs,Terrace,4,42,
1961,41,43,56,I REALLY LOVE YOU,The Stereos,Cub,3,43,
1961,41,44,63,WHAT A PARTY,Fats Domino,Imperial,2,44,
1961,41,45,84,TOWER OF STRENGTH,Gene McDaniels,Liberty,2,45,
1961,41,46,69,YOU’RE THE REASON,Bobby Edwards,Crest,7,46,
1961,41,48,51,HUMAN,Tommy Hunt,Scepter,6,48,
1961,42,1,1,HIT THE ROAD JACK,Ray Charles,ABC-Paramount,6,1,2 weeks at #1
1961,42,2,4,RUNAROUND SUE,Dion,Laurie,4,2,
1961,42,3,5,BRISTOL STOMP,The Dovells,Parkway,6,3,
1961,42,4,2,CRYING,Roy Orbison,Monument,10,2,
1961,42,5,6,YOU MUST HAVE BEEN A BEAUTIFUL BABY,Bobby Darin,Atco,7,5,
1961,42,6,3,TAKE GOOD CARE OF MY BABY,Bobby Vee,Liberty,11,1,
1961,42,7,18,SAD MOVIES (Make Me Cry),Sue Thompson,Hickory,7,7,
1961,42,8,17,BIG BAD JOHN,Jimmy Dean,Columbia,3,8,
1961,42,9,10,MEXICO,Bob Moore and His Orchestra,Monument,10,7,
1961,42,10,14,YA YA,Lee Dorsey,Fury,6,10,
1961,42,11,13,THIS TIME,Troy Shondell,Liberty,5,11,
1961,42,12,12,I LOVE HOW YOU LOVE ME,The Paris Sisters,Gregmark,7,12,
1961,42,13,9,LET’S GET TOGETHER,Hayley Mills,Buena Vista,7,9,
1961,42,14,22,THE FLY,Chubby Checker,Parkway,4,14,
1961,42,15,16,THE WAY YOU LOOK TONIGHT,The Lettermen,Capitol,7,15,
1961,42,16,7,THE MOUNTAIN’S HIGH,Dick and DeeDee,Liberty,12,2,
1961,42,17,8,LITTLE SISTER,Elvis Presley,RCA Victor,9,5,
1961,42,18,19,LOOK IN MY EYES,The Chantels,Carlton,8,18,
1961,42,19,24,SWEETS FOR MY SWEET,The Drifters,Atlantic,6,19,
1961,42,20,28,DON’T BLAME ME,The Everly Brothers,Warner Brothers,4,20,
1961,42,21,15,BLESS YOU,Tony Orlando,Epic,10,15,
1961,42,22,21,(Marie’s the Name) HIS LATEST FLAME,Elvis Presley,RCA Victor,8,4,
1961,42,23,45,TOWER OF STRENGTH,Gene McDaniels,Liberty,3,23,
1961,42,24,46,YOU’RE THE REASON,Bobby Edwards,Crest,8,24,
1961,42,25,32,(He’s My) DREAMBOAT,Connie Francis,MGM,4,25,
1961,42,26,26,STICK SHIFT,The Duals,Sue,6,26,
1961,42,27,33,MY TRUE STORY,The Jive Five,Beltone,16,3,
1961,42,28,31,SO LONG BABY,Del Shannon,Big Top,5,28,
1961,42,29,30,ONE TRACK MIND,Bobby Lewis,Beltone,8,9,
1961,42,30,38,(He’s) THE GREAT IMPOSTER,The Fleetwoods,Dolton,6,30,
1961,42,31,36,FOOL #1,Brenda Lee,Decca,3,31,
1961,42,32,37,FOOT STOMPING (Part 1),The Flares,Felsted,7,32,
1961,42,33,42,I UNDERSTAND (Just How You Feel),The G-Clefs,Terrace,5,33,
1961,42,34,39,EVERLOVIN’,Rick Nelson,Imperial,3,34,
1961,42,35,52,PLEASE MR. POSTMAN,The Marvelettes,Tamla,7,35,
1961,42,36,27,"WHO PUT THE BOMP (In the Bomp, Bomp, Bomp)",Barry Mann,ABC-Paramount,11,7,
1961,42,37,20,WITHOUT YOU,Johnny Tillotson,Cadence,11,7,
1961,42,38,58,ANYBODY BUT ME,Brenda Lee,Decca,3,38,
1961,42,39,54,A WONDER LIKE YOU,Rick Nelson,Imperial,3,39,
1961,42,40,43,I REALLY LOVE YOU,The Stereos,Cub,4,40,
1961,42,43,29,CANDY MAN,Roy Orbison,Monument,8,29,
1961,42,44,11,MICHAEL,The Highwaymen,United Artists,15,1,
1961,42,45,34,MISSING YOU,Ray Peterson,Dunes,12,29,
1961,42,46,25,TAKE FIVE,Dave Brubeck Quartet,Columbia,6,25,
1961,42,47,35,THE ASTRONAUT (Parts 1 and 2),Jose Jimenez (Bill Dana),Kapp,9,19,
1961,42,53,23,DOES YOUR CHEWING GUM LOSE ITS FLAVOR (On the Bedpost Over Night),Lonnie Donegan and His Skiffle Group,Dot,11,5,
1961,42,55,40,WATER BOY,Don Shirley Trio,Cadence,14,40,
1961,42,41,59,BIG JOHN,The Shirelles,Scepter,3,41,
1961,42,42,44,WHAT A PARTY,Fats Domino,Imperial,3,42,
1961,42,48,71,HOLLYWOOD,Connie Francis,MGM,4,48,
1961,42,49,55,IT’S GONNA WORK OUT FINE,Ike and Tina Turner,Sue,12,14,
1961,42,50,67,MOON RIVER,Jerry Butler,Vee-Jay,2,50,
1961,43,1,2,RUNAROUND SUE,Dion,Laurie,5,1,1 week at #1
1961,43,2,3,BRISTOL STOMP,The Dovells,Parkway,7,2,
1961,43,3,8,BIG BAD JOHN,Jimmy Dean,Columbia,4,3,
1961,43,4,1,HIT THE ROAD JACK,Ray Charles,ABC-Paramount,7,1,
1961,43,5,7,SAD MOVIES (Make Me Cry),Sue Thompson,Hickory,8,5,
1961,43,6,11,THIS TIME,Troy Shondell,Liberty,6,6,
1961,43,7,12,I LOVE HOW YOU LOVE ME,The Paris Sisters,Gregmark,8,7,
1961,43,8,13,LET’S GET TOGETHER,Hayley Mills,Buena Vista,8,8,
1961,43,9,10,YA YA,Lee Dorsey,Fury,7,9,
1961,43,10,14,THE FLY,Chubby Checker,Parkway,5,10,
1961,43,11,4,CRYING,Roy Orbison,Monument,11,2,
1961,43,12,9,MEXICO,Bob Moore and His Orchestra,Monument,11,7,
1961,43,13,15,THE WAY YOU LOOK TONIGHT,The Lettermen,Capitol,8,13,
1961,43,14,18,LOOK IN MY EYES,The Chantels,Carlton,9,14,
1961,43,15,6,TAKE GOOD CARE OF MY BABY,Bobby Vee,Liberty,12,1,
1961,43,16,5,YOU MUST HAVE BEEN A BEAUTIFUL BABY,Bobby Darin,Atco,8,5,
1961,43,17,23,TOWER OF STRENGTH,Gene McDaniels,Liberty,4,17,
1961,43,18,19,SWEETS FOR MY SWEET,The Drifters,Atlantic,7,18,
1961,43,19,25,(He’s My) DREAMBOAT,Connie Francis,MGM,5,19,
1961,43,20,33,I UNDERSTAND (Just How You Feel),The G-Clefs,Terrace,6,20,
1961,43,21,31,FOOL #1,Brenda Lee,Decca,4,21,
1961,43,22,34,EVERLOVIN’,Rick Nelson,Imperial,4,22,
1961,43,23,20,DON’T BLAME ME,The Everly Brothers,Warner Brothers,5,20,
1961,43,24,24,YOU’RE THE REASON,Bobby Edwards,Crest,9,24,
1961,43,25,26,STICK SHIFT,The Duals,Sue,7,25,
1961,43,26,16,THE MOUNTAIN’S HIGH,Dick and DeeDee,Liberty,13,2,
1961,43,27,39,A WONDER LIKE YOU,Rick Nelson,Imperial,4,27,
1961,43,28,32,FOOT STOMPING (Part 1),The Flares,Felsted,8,28,
1961,43,29,40,I REALLY LOVE YOU,The Stereos,Cub,5,29,
1961,43,30,35,PLEASE MR. POSTMAN,The Marvelettes,Tamla,8,30,
1961,43,31,38,ANYBODY BUT ME,Brenda Lee,Decca,4,31,
1961,43,32,27,MY TRUE STORY,The Jive Five,Beltone,17,3,
1961,43,33,41,BIG JOHN,The Shirelles,Scepter,4,33,
1961,43,34,17,LITTLE SISTER,Elvis Presley,RCA Victor,10,5,
1961,43,35,30,(He’s) THE GREAT IMPOSTER,The Fleetwoods,Dolton,7,30,
1961,43,36,29,ONE TRACK MIND,Bobby Lewis,Beltone,9,9,
1961,43,37,43,CANDY MAN,Roy Orbison,Monument,9,29,
1961,43,38,46,TAKE FIVE,Dave Brubeck Quartet,Columbia,7,25,
1961,43,39,42,WHAT A PARTY,Fats Domino,Imperial,4,39,
1961,43,40,21,BLESS YOU,Tony Orlando,Epic,11,15,
1961,43,41,22,(Marie’s the Name) HIS LATEST FLAME,Elvis Presley,RCA Victor,9,4,
1961,43,42,28,SO LONG BABY,Del Shannon,Big Top,6,28,
1961,43,48,37,WITHOUT YOU,Johnny Tillotson,Cadence,12,7,
1961,43,55,36,"WHO PUT THE BOMP (In the Bomp, Bomp, Bomp)",Barry Mann,ABC-Paramount,12,7,
1961,43,43,50,MOON RIVER,Jerry Butler,Vee-Jay,3,43,
1961,43,44,58,HEARTACHES,The Marcels,Colpix,3,44,
1961,43,45,52,IT’S JUST A HOUSE WITHOUT YOU,Brook Benton,Mercury,4,45,
1961,43,46,48,HOLLYWOOD,Connie Francis,MGM,5,46,
1961,43,47,49,IT’S GONNA WORK OUT FINE,Ike and Tina Turner,Sue,13,14,
1961,43,49,77,SEPTEMBER IN THE RAIN,Dinah Washington,Mercury,2,49,
1961,43,50,45,MISSING YOU,Ray Peterson,Dunes,13,29,
1961,44,1,1,RUNAROUND SUE,Dion,Laurie,6,1,2 weeks at #1
1961,44,2,2,BRISTOL STOMP,The Dovells,Parkway,8,2,
1961,44,3,3,BIG BAD JOHN,Jimmy Dean,Columbia,5,3,
1961,44,4,4,HIT THE ROAD JACK,Ray Charles,ABC-Paramount,8,1,
1961,44,5,7,I LOVE HOW YOU LOVE ME,The Paris Sisters,Gregmark,9,5,
1961,44,6,5,SAD MOVIES (Make Me Cry),Sue Thompson,Hickory,9,5,
1961,44,7,9,YA YA,Lee Dorsey,Fury,8,7,
1961,44,8,8,LET’S GET TOGETHER,Hayley Mills,Buena Vista,9,8,
1961,44,9,10,THE FLY,Chubby Checker,Parkway,6,9,
1961,44,10,6,THIS TIME,Troy Shondell,Liberty,7,6,
1961,44,11,17,TOWER OF STRENGTH,Gene McDaniels,Liberty,5,11,
1961,44,12,12,MEXICO,Bob Moore and His Orchestra,Monument,12,7,
1961,44,13,16,YOU MUST HAVE BEEN A BEAUTIFUL BABY,Bobby Darin,Atco,9,5,
1961,44,14,19,(He’s My) DREAMBOAT,Connie Francis,MGM,6,14,
1961,44,15,11,CRYING,Roy Orbison,Monument,12,2,
1961,44,16,18,SWEETS FOR MY SWEET,The Drifters,Atlantic,8,16,
1961,44,17,21,FOOL #1,Brenda Lee,Decca,5,17,
1961,44,18,24,YOU’RE THE REASON,Bobby Edwards,Crest,10,18,
1961,44,19,13,THE WAY YOU LOOK TONIGHT,The Lettermen,Capitol,9,13,
1961,44,20,14,LOOK IN MY EYES,The Chantels,Carlton,10,14,
1961,44,21,27,A WONDER LIKE YOU,Rick Nelson,Imperial,5,21,
1961,44,22,23,DON’T BLAME ME,The Everly Brothers,Warner Brothers,6,20,
1961,44,23,20,I UNDERSTAND (Just How You Feel),The G-Clefs,Terrace,7,20,
1961,44,24,33,BIG JOHN,The Shirelles,Scepter,5,24,
1961,44,25,28,FOOT STOMPING (Part 1),The Flares,Felsted,9,25,
1961,44,26,22,EVERLOVIN’,Rick Nelson,Imperial,5,22,
1961,44,27,25,STICK SHIFT,The Duals,Sue,8,25,
1961,44,28,15,TAKE GOOD CARE OF MY BABY,Bobby Vee,Liberty,13,1,
1961,44,29,44,HEARTACHES,The Marcels,Colpix,4,29,
1961,44,30,37,CANDY MAN,Roy Orbison,Monument,10,29,
1961,44,31,31,ANYBODY BUT ME,Brenda Lee,Decca,5,31,
1961,44,32,32,MY TRUE STORY,The Jive Five,Beltone,18,3,
1961,44,33,30,PLEASE MR. POSTMAN,The Marvelettes,Tamla,9,30,
1961,44,34,34,LITTLE SISTER,Elvis Presley,RCA Victor,11,5,
1961,44,35,42,SO LONG BABY,Del Shannon,Big Top,7,28,
1961,44,36,29,I REALLY LOVE YOU,The Stereos,Cub,6,29,
1961,44,37,39,WHAT A PARTY,Fats Domino,Imperial,5,37,
1961,44,38,38,TAKE FIVE,Dave Brubeck Quartet,Columbia,8,25,
1961,44,39,43,MOON RIVER,Jerry Butler,Vee-Jay,4,39,
1961,44,40,26,THE MOUNTAIN’S HIGH,Dick and DeeDee,Liberty,14,2,
1961,44,57,35,(He’s) THE GREAT IMPOSTER,The Fleetwoods,Dolton,8,30,
1961,44,58,36,ONE TRACK MIND,Bobby Lewis,Beltone,10,9,
1961,44,61,40,BLESS YOU,Tony Orlando,Epic,12,15,
1961,44,41,49,SEPTEMBER IN THE RAIN,Dinah Washington,Mercury,3,41,
1961,44,42,59,SCHOOL IS IN,Gary (U.S.) Bonds,Legrand,2,42,
1961,44,43,51,PLEASE DON’T GO,Ral Donner,Gone,6,43,
1961,44,44,46,HOLLYWOOD,Connie Francis,MGM,6,44,
1961,44,45,65,CRAZY,Patsy Cline,Decca,2,45,
1961,44,46,62,ROCK-A-BYE YOUR BABY WITH A DIXIE MELODY,Aretha Franklin,Columbia,4,46,
1961,44,47,53,MOVIN’,Bill Black’s Combo,Hi,6,41,
1961,44,48,69,GOODBYE CRUEL WORLD,James Darren,Colpix,3,48,
1961,44,49,66,TONIGHT,Ferrante and Teicher,United Artists,3,49,
1961,44,50,54,JUST OUT OF REACH (Of My Two Open Arms),Solomon Burke,Atlantic,7,50,
1961,45,1,3,BIG BAD JOHN,Jimmy Dean,Columbia,6,1,1 week at #1
1961,45,2,1,RUNAROUND SUE,Dion,Laurie,7,1,
1961,45,3,2,BRISTOL STOMP,The Dovells,Parkway,9,2,
1961,45,4,4,HIT THE ROAD JACK,Ray Charles,ABC-Paramount,9,1,
1961,45,5,17,FOOL #1,Brenda Lee,Decca,6,5,
1961,45,6,6,SAD MOVIES (Make Me Cry),Sue Thompson,Hickory,10,5,
1961,45,7,10,THIS TIME,Troy Shondell,Liberty,8,6,
1961,45,8,9,THE FLY,Chubby Checker,Parkway,7,8,
1961,45,9,5,I LOVE HOW YOU LOVE ME,The Paris Sisters,Gregmark,10,5,
1961,45,10,11,TOWER OF STRENGTH,Gene McDaniels,Liberty,6,10,
1961,45,11,8,LET’S GET TOGETHER,Hayley Mills,Buena Vista,10,8,
1961,45,12,7,YA YA,Lee Dorsey,Fury,9,7,
1961,45,13,21,A WONDER LIKE YOU,Rick Nelson,Imperial,6,13,
1961,45,14,19,THE WAY YOU LOOK TONIGHT,The Lettermen,Capitol,10,13,
1961,45,15,18,YOU’RE THE REASON,Bobby Edwards,Crest,11,15,
1961,45,16,14,(He’s My) DREAMBOAT,Connie Francis,MGM,7,14,
1961,45,17,33,PLEASE MR. POSTMAN,The Marvelettes,Tamla,10,17,
1961,45,18,15,CRYING,Roy Orbison,Monument,13,2,
1961,45,19,12,MEXICO,Bob Moore and His Orchestra,Monument,13,7,
1961,45,20,23,I UNDERSTAND (Just How You Feel),The G-Clefs,Terrace,8,20,
1961,45,21,16,SWEETS FOR MY SWEET,The Drifters,Atlantic,9,16,
1961,45,22,37,WHAT A PARTY,Fats Domino,Imperial,6,22,
1961,45,23,26,EVERLOVIN’,Rick Nelson,Imperial,6,22,
1961,45,24,24,BIG JOHN,The Shirelles,Scepter,6,24,
1961,45,25,30,CANDY MAN,Roy Orbison,Monument,11,25,
1961,45,26,45,CRAZY,Patsy Cline,Decca,3,26,
1961,45,27,48,GOODBYE CRUEL WORLD,James Darren,Colpix,4,27,
1961,45,28,29,HEARTACHES,The Marcels,Colpix,5,28,
1961,45,29,22,DON’T BLAME ME,The Everly Brothers,Warner Brothers,7,20,
1961,45,30,25,FOOT STOMPING (Part 1),The Flares,Felsted,10,25,
1961,45,31,27,STICK SHIFT,The Duals,Sue,9,25,
1961,45,32,42,SCHOOL IS IN,Gary (U.S.) Bonds,Legrand,3,32,
1961,45,33,20,LOOK IN MY EYES,The Chantels,Carlton,11,14,
1961,45,34,13,YOU MUST HAVE BEEN A BEAUTIFUL BABY,Bobby Darin,Atco,10,5,
1961,45,35,35,SO LONG BABY,Del Shannon,Big Top,8,28,
1961,45,36,38,TAKE FIVE,Dave Brubeck Quartet,Columbia,9,25,
1961,45,37,39,MOON RIVER,Jerry Butler,Vee-Jay,5,37,
1961,45,38,41,SEPTEMBER IN THE RAIN,Dinah Washington,Mercury,4,38,
1961,45,39,52,I WANNA THANK YOU,Bobby Rydell,Cameo,4,39,
1961,45,40,53,"GOD, COUNTRY AND MY BABY",Johnny Burnette,Liberty,4,40,
1961,45,43,31,ANYBODY BUT ME,Brenda Lee,Decca,6,31,
1961,45,47,28,TAKE GOOD CARE OF MY BABY,Bobby Vee,Liberty,14,1,
1961,45,48,34,LITTLE SISTER,Elvis Presley,RCA Victor,12,5,
1961,45,50,36,I REALLY LOVE YOU,The Stereos,Cub,7,29,
1961,45,51,40,THE MOUNTAIN’S HIGH,Dick and DeeDee,Liberty,15,2,
1961,45,52,32,MY TRUE STORY,The Jive Five,Beltone,19,3,
1961,45,41,43,PLEASE DON’T GO,Ral Donner,Gone,7,41,
1961,45,42,44,HOLLYWOOD,Connie Francis,MGM,7,42,
1961,45,44,46,ROCK-A-BYE YOUR BABY WITH A DIXIE MELODY,Aretha Franklin,Columbia,5,44,
1961,45,45,50,JUST OUT OF REACH (Of My Two Open Arms),Solomon Burke,Atlantic,8,45,
1961,45,46,49,TONIGHT,Ferrante and Teicher,United Artists,4,46,
1961,45,49,54,MOON RIVER,Henry Mancini and His Orchestra,RCA Victor,5,49,
1961,46,1,1,BIG BAD JOHN,Jimmy Dean,Columbia,7,1,2 weeks at #1
1961,46,2,2,RUNAROUND SUE,Dion,Laurie,8,1,
1961,46,3,5,FOOL #1,Brenda Lee,Decca,7,3,
1961,46,4,3,BRISTOL STOMP,The Dovells,Parkway,10,2,
1961,46,5,10,TOWER OF STRENGTH,Gene McDaniels,Liberty,7,5,
1961,46,6,4,HIT THE ROAD JACK,Ray Charles,ABC-Paramount,10,1,
1961,46,7,8,THE FLY,Chubby Checker,Parkway,8,7,
1961,46,8,7,THIS TIME,Troy Shondell,Liberty,9,6,
1961,46,9,17,PLEASE MR. POSTMAN,The Marvelettes,Tamla,11,9,
1961,46,10,6,SAD MOVIES (Make Me Cry),Sue Thompson,Hickory,11,5,
1961,46,11,13,A WONDER LIKE YOU,Rick Nelson,Imperial,7,11,
1961,46,12,27,GOODBYE CRUEL WORLD,James Darren,Colpix,5,12,
1961,46,13,15,YOU’RE THE REASON,Bobby Edwards,Crest,12,13,
1961,46,14,11,LET’S GET TOGETHER,Hayley Mills,Buena Vista,11,8,
1961,46,15,9,I LOVE HOW YOU LOVE ME,The Paris Sisters,Gregmark,11,5,
1961,46,16,23,EVERLOVIN’,Rick Nelson,Imperial,7,16,
1961,46,17,28,HEARTACHES,The Marcels,Colpix,6,17,
1961,46,18,12,YA YA,Lee Dorsey,Fury,10,7,
1961,46,19,26,CRAZY,Patsy Cline,Decca,4,19,
1961,46,20,20,I UNDERSTAND (Just How You Feel),The G-Clefs,Terrace,9,20,
1961,46,21,24,BIG JOHN,The Shirelles,Scepter,7,21,
1961,46,22,18,CRYING,Roy Orbison,Monument,14,2,
1961,46,23,21,SWEETS FOR MY SWEET,The Drifters,Atlantic,10,16,
1961,46,24,40,"GOD, COUNTRY AND MY BABY",Johnny Burnette,Liberty,5,24,
1961,46,25,14,THE WAY YOU LOOK TONIGHT,The Lettermen,Capitol,11,13,
1961,46,26,37,MOON RIVER,Jerry Butler,Vee-Jay,6,26,
1961,46,27,25,CANDY MAN,Roy Orbison,Monument,12,25,
1961,46,28,32,SCHOOL IS IN,Gary (U.S.) Bonds,Legrand,4,28,
1961,46,29,46,TONIGHT,Ferrante and Teicher,United Artists,5,29,
1961,46,30,39,I WANNA THANK YOU,Bobby Rydell,Cameo,5,30,
1961,46,31,19,MEXICO,Bob Moore and His Orchestra,Monument,14,7,
1961,46,32,38,SEPTEMBER IN THE RAIN,Dinah Washington,Mercury,5,32,
1961,46,33,16,(He’s My) DREAMBOAT,Connie Francis,MGM,8,14,
1961,46,34,45,JUST OUT OF REACH (Of My Two Open Arms),Solomon Burke,Atlantic,9,34,
1961,46,35,22,WHAT A PARTY,Fats Domino,Imperial,7,22,
1961,46,36,49,MOON RIVER,Henry Mancini and His Orchestra,RCA Victor,6,36,
1961,46,37,36,TAKE FIVE,Dave Brubeck Quartet,Columbia,10,25,
1961,46,38,30,FOOT STOMPING (Part 1),The Flares,Felsted,11,25,
1961,46,39,41,PLEASE DON’T GO,Ral Donner,Gone,8,39,
1961,46,40,29,DON’T BLAME ME,The Everly Brothers,Warner Brothers,8,20,
1961,46,41,35,SO LONG BABY,Del Shannon,Big Top,9,28,
1961,46,42,33,LOOK IN MY EYES,The Chantels,Carlton,12,14,
1961,46,45,31,STICK SHIFT,The Duals,Sue,10,25,
1961,46,47,34,YOU MUST HAVE BEEN A BEAUTIFUL BABY,Bobby Darin,Atco,11,5,
1961,46,43,44,ROCK-A-BYE YOUR BABY WITH A DIXIE MELODY,Aretha Franklin,Columbia,6,43,
1961,46,44,69,LET THERE BE DRUMS,Sandy Nelson,Imperial,3,44,
1961,46,46,89,WALK ON BY,Leroy Van Dyke,Mercury,3,46,
1961,46,48,43,ANYBODY BUT ME,Brenda Lee,Decca,7,31,
1961,46,49,64,GYPSY WOMAN,The Impressions,ABC-Paramount,5,49,
1961,46,50,56,UNDER THE MOON OF LOVE,Curtis Lee,Dunes,5,50,
1961,47,1,1,BIG BAD JOHN,Jimmy Dean,Columbia,8,1,3 weeks at #1
1961,47,2,2,RUNAROUND SUE,Dion,Laurie,9,1,
1961,47,3,3,FOOL #1,Brenda Lee,Decca,8,3,
1961,47,4,12,GOODBYE CRUEL WORLD,James Darren,Colpix,6,4,
1961,47,5,4,BRISTOL STOMP,The Dovells,Parkway,11,2,
1961,47,6,5,TOWER OF STRENGTH,Gene McDaniels,Liberty,8,5,
1961,47,7,6,HIT THE ROAD JACK,Ray Charles,ABC-Paramount,11,1,
1961,47,8,9,PLEASE MR. POSTMAN,The Marvelettes,Tamla,12,8,
1961,47,9,8,THIS TIME,Troy Shondell,Liberty,10,6,
1961,47,10,7,THE FLY,Chubby Checker,Parkway,9,7,
1961,47,11,13,YOU’RE THE REASON,Bobby Edwards,Crest,13,11,
1961,47,12,15,I LOVE HOW YOU LOVE ME,The Paris Sisters,Gregmark,12,5,
1961,47,13,29,TONIGHT,Ferrante and Teicher,United Artists,6,13,
1961,47,14,20,I UNDERSTAND (Just How You Feel),The G-Clefs,Terrace,10,14,
1961,47,15,19,CRAZY,Patsy Cline,Decca,5,15,
1961,47,16,16,EVERLOVIN’,Rick Nelson,Imperial,8,16,
1961,47,17,10,SAD MOVIES (Make Me Cry),Sue Thompson,Hickory,12,5,
1961,47,18,24,"GOD, COUNTRY AND MY BABY",Johnny Burnette,Liberty,6,18,
1961,47,19,17,HEARTACHES,The Marcels,Colpix,7,17,
1961,47,20,11,A WONDER LIKE YOU,Rick Nelson,Imperial,8,11,
1961,47,21,30,I WANNA THANK YOU,Bobby Rydell,Cameo,6,21,
1961,47,22,26,MOON RIVER,Jerry Butler,Vee-Jay,7,22,
1961,47,23,14,LET’S GET TOGETHER,Hayley Mills,Buena Vista,12,8,
1961,47,24,34,JUST OUT OF REACH (Of My Two Open Arms),Solomon Burke,Atlantic,10,24,
1961,47,25,18,YA YA,Lee Dorsey,Fury,11,7,
1961,47,26,36,MOON RIVER,Henry Mancini and His Orchestra,RCA Victor,7,26,
1961,47,27,55,THE TWIST,Chubby Checker,Parkway,20,1,
1961,47,28,32,SEPTEMBER IN THE RAIN,Dinah Washington,Mercury,6,28,
1961,47,29,57,RUN TO HIM,Bobby Vee,Liberty,2,29,
1961,47,30,44,LET THERE BE DRUMS,Sandy Nelson,Imperial,4,30,
1961,47,31,46,WALK ON BY,Leroy Van Dyke,Mercury,4,31,
1961,47,32,38,FOOT STOMPING (Part 1),The Flares,Felsted,12,25,
1961,47,33,21,BIG JOHN,The Shirelles,Scepter,8,21,
1961,47,34,22,CRYING,Roy Orbison,Monument,15,2,
1961,47,35,23,SWEETS FOR MY SWEET,The Drifters,Atlantic,11,16,
1961,47,36,25,THE WAY YOU LOOK TONIGHT,The Lettermen,Capitol,12,13,
1961,47,37,49,GYPSY WOMAN,The Impressions,ABC-Paramount,6,37,
1961,47,38,33,(He’s My) DREAMBOAT,Connie Francis,MGM,9,14,
1961,47,39,43,ROCK-A-BYE YOUR BABY WITH A DIXIE MELODY,Aretha Franklin,Columbia,7,39,
1961,47,40,41,SO LONG BABY,Del Shannon,Big Top,10,28,
1961,47,43,27,CANDY MAN,Roy Orbison,Monument,13,25,
1961,47,44,39,PLEASE DON’T GO,Ral Donner,Gone,9,39,
1961,47,46,28,SCHOOL IS IN,Gary (U.S.) Bonds,Legrand,5,28,
1961,47,49,35,WHAT A PARTY,Fats Domino,Imperial,8,22,
1961,47,62,37,TAKE FIVE,Dave Brubeck Quartet,Columbia,11,25,
1961,47,67,31,MEXICO,Bob Moore and His Orchestra,Monument,15,7,
1961,47,41,48,ANYBODY BUT ME,Brenda Lee,Decca,8,31,
1961,47,42,52,IN THE MIDDLE OF A HEARTACHE,Wanda Jackson,Capitol,6,42,
1961,47,45,62,"HAPPY BIRTHDAY, SWEET SIXTEEN",Neil Sedaka,RCA Victor,2,45,
1961,47,47,66,I DON’T KNOW WHY,Linda Scott,Canadian American,4,47,
1961,47,48,50,UNDER THE MOON OF LOVE,Curtis Lee,Dunes,6,48,
1961,47,50,53,THE BRIDGE OF LOVE,Joe Dowell,Smash,6,50,
1961,48,1,1,BIG BAD JOHN,Jimmy Dean,Columbia,9,1,4 weeks at #1
1961,48,2,2,RUNAROUND SUE,Dion,Laurie,10,1,
1961,48,3,8,PLEASE MR. POSTMAN,The Marvelettes,Tamla,13,3,
1961,48,4,4,GOODBYE CRUEL WORLD,James Darren,Colpix,7,4,
1961,48,5,3,FOOL #1,Brenda Lee,Decca,9,3,
1961,48,6,5,BRISTOL STOMP,The Dovells,Parkway,12,2,
1961,48,7,19,HEARTACHES,The Marcels,Colpix,8,7,
1961,48,8,6,TOWER OF STRENGTH,Gene McDaniels,Liberty,9,5,
1961,48,9,15,CRAZY,Patsy Cline,Decca,6,9,
1961,48,10,9,THIS TIME,Troy Shondell,Liberty,11,6,
1961,48,11,10,THE FLY,Chubby Checker,Parkway,10,7,
1961,48,12,31,WALK ON BY,Leroy Van Dyke,Mercury,5,12,
1961,48,13,13,TONIGHT,Ferrante and Teicher,United Artists,7,13,
1961,48,14,14,I UNDERSTAND (Just How You Feel),The G-Clefs,Terrace,11,14,
1961,48,15,11,YOU’RE THE REASON,Bobby Edwards,Crest,14,11,
1961,48,16,27,THE TWIST,Chubby Checker,Parkway,21,1,
1961,48,17,29,RUN TO HIM,Bobby Vee,Liberty,3,17,
1961,48,18,20,A WONDER LIKE YOU,Rick Nelson,Imperial,9,11,
1961,48,19,12,I LOVE HOW YOU LOVE ME,The Paris Sisters,Gregmark,13,5,
1961,48,20,22,MOON RIVER,Jerry Butler,Vee-Jay,8,20,
1961,48,21,21,I WANNA THANK YOU,Bobby Rydell,Cameo,7,21,
1961,48,22,7,HIT THE ROAD JACK,Ray Charles,ABC-Paramount,12,1,
1961,48,23,28,SEPTEMBER IN THE RAIN,Dinah Washington,Mercury,7,23,
1961,48,24,24,JUST OUT OF REACH (Of My Two Open Arms),Solomon Burke,Atlantic,11,24,
1961,48,25,18,"GOD, COUNTRY AND MY BABY",Johnny Burnette,Liberty,7,18,
1961,48,26,26,MOON RIVER,Henry Mancini and His Orchestra,RCA Victor,8,26,
1961,48,27,30,LET THERE BE DRUMS,Sandy Nelson,Imperial,5,27,
1961,48,28,45,"HAPPY BIRTHDAY, SWEET SIXTEEN",Neil Sedaka,RCA Victor,3,28,
1961,48,29,42,IN THE MIDDLE OF A HEARTACHE,Wanda Jackson,Capitol,7,29,
1961,48,30,16,EVERLOVIN’,Rick Nelson,Imperial,9,16,
1961,48,31,17,SAD MOVIES (Make Me Cry),Sue Thompson,Hickory,13,5,
1961,48,32,37,GYPSY WOMAN,The Impressions,ABC-Paramount,7,32,
1961,48,33,23,LET’S GET TOGETHER,Hayley Mills,Buena Vista,13,8,
1961,48,34,25,YA YA,Lee Dorsey,Fury,12,7,
1961,48,35,32,FOOT STOMPING (Part 1),The Flares,Felsted,13,25,
1961,48,36,55,THE LION SLEEPS TONIGHT,The Tokens,RCA Victor,3,36,
1961,48,37,39,ROCK-A-BYE YOUR BABY WITH A DIXIE MELODY,Aretha Franklin,Columbia,8,37,
1961,48,38,47,I DON’T KNOW WHY,Linda Scott,Canadian American,5,38,
1961,48,39,34,CRYING,Roy Orbison,Monument,16,2,
1961,48,40,65,LET’S TWIST AGAIN,Chubby Checker,Parkway,14,8,
1961,48,51,33,BIG JOHN,The Shirelles,Scepter,9,21,
1961,48,70,36,THE WAY YOU LOOK TONIGHT,The Lettermen,Capitol,13,13,
1961,48,41,61,LANGUAGE OF LOVE,John D. Loudermilk,RCA Victor,4,41,
1961,48,42,59,SMILE,Timi Yuro,Liberty,4,42,
1961,48,43,68,PEPPERMINT TWIST (Part 1),Joey Dee and the Starliters,Roulette,2,43,
1961,48,44,56,TOWN WITHOUT PITY,Gene Pitney,Musicor,5,44,
1961,48,45,51,UP A LAZY RIVER,Si Zentner and His Orchestra,Liberty,3,45,
1961,48,46,48,UNDER THE MOON OF LOVE,Curtis Lee,Dunes,7,46,
1961,48,47,57,‘TIL,The Angels,Caprice,6,47,
1961,48,48,41,ANYBODY BUT ME,Brenda Lee,Decca,9,31,
1961,48,49,43,CANDY MAN,Roy Orbison,Monument,14,25,
1961,48,50,53,YOUR MA SAID YOU CRIED IN YOUR SLEEP LAST NIGHT,Kenny Dino,Musicor,4,50,
1961,49,1,1,BIG BAD JOHN,Jimmy Dean,Columbia,10,1,5 weeks at #1
1961,49,2,3,PLEASE MR. POSTMAN,The Marvelettes,Tamla,14,2,
1961,49,3,4,GOODBYE CRUEL WORLD,James Darren,Colpix,8,3,
1961,49,4,2,RUNAROUND SUE,Dion,Laurie,11,1,
1961,49,5,5,FOOL #1,Brenda Lee,Decca,10,3,
1961,49,6,16,THE TWIST,Chubby Checker,Parkway,22,1,
1961,49,7,12,WALK ON BY,Leroy Van Dyke,Mercury,6,7,
1961,49,8,8,TOWER OF STRENGTH,Gene McDaniels,Liberty,10,5,
1961,49,9,14,I UNDERSTAND (Just How You Feel),The G-Clefs,Terrace,12,9,
1961,49,10,9,CRAZY,Patsy Cline,Decca,7,9,
1961,49,11,17,RUN TO HIM,Bobby Vee,Liberty,4,11,
1961,49,12,13,TONIGHT,Ferrante and Teicher,United Artists,8,12,
1961,49,13,7,HEARTACHES,The Marcels,Colpix,9,7,
1961,49,14,20,MOON RIVER,Jerry Butler,Vee-Jay,9,14,
1961,49,15,11,THE FLY,Chubby Checker,Parkway,11,7,
1961,49,16,27,LET THERE BE DRUMS,Sandy Nelson,Imperial,6,16,
1961,49,17,36,THE LION SLEEPS TONIGHT,The Tokens,RCA Victor,4,17,
1961,49,18,6,BRISTOL STOMP,The Dovells,Parkway,13,2,
1961,49,19,10,THIS TIME,Troy Shondell,Liberty,12,6,
1961,49,20,32,GYPSY WOMAN,The Impressions,ABC-Paramount,8,20,
1961,49,21,28,"HAPPY BIRTHDAY, SWEET SIXTEEN",Neil Sedaka,RCA Victor,4,21,
1961,49,22,19,I LOVE HOW YOU LOVE ME,The Paris Sisters,Gregmark,14,5,
1961,49,23,23,SEPTEMBER IN THE RAIN,Dinah Washington,Mercury,8,23,
1961,49,24,26,MOON RIVER,Henry Mancini and His Orchestra,RCA Victor,9,24,
1961,49,25,18,A WONDER LIKE YOU,Rick Nelson,Imperial,10,11,
1961,49,26,38,I DON’T KNOW WHY,Linda Scott,Canadian American,6,26,
1961,49,27,29,IN THE MIDDLE OF A HEARTACHE,Wanda Jackson,Capitol,8,27,
1961,49,28,15,YOU’RE THE REASON,Bobby Edwards,Crest,15,11,
1961,49,29,43,PEPPERMINT TWIST (Part 1),Joey Dee and the Starliters,Roulette,3,29,
1961,49,30,24,JUST OUT OF REACH (Of My Two Open Arms),Solomon Burke,Atlantic,12,24,
1961,49,31,21,I WANNA THANK YOU,Bobby Rydell,Cameo,8,21,
1961,49,32,40,LET’S TWIST AGAIN,Chubby Checker,Parkway,15,8,
1961,49,33,47,‘TIL,The Angels,Caprice,7,33,
1961,49,34,35,FOOT STOMPING (Part 1),The Flares,Felsted,14,25,
1961,49,35,55,WHEN I FALL IN LOVE,The Lettermen,Capitol,3,35,
1961,49,36,41,LANGUAGE OF LOVE,John D. Loudermilk,RCA Victor,5,36,
1961,49,37,54,WHEN THE BOY IN YOUR ARMS (Is the Boy In Your Heart),Connie Francis,MGM,3,37,
1961,49,38,62,UNCHAIN MY HEART,Ray Charles,ABC-Paramount,2,38,
1961,49,39,50,YOUR MA SAID YOU CRIED IN YOUR SLEEP LAST NIGHT,Kenny Dino,Musicor,5,39,
1961,49,40,31,SAD MOVIES (Make Me Cry),Sue Thompson,Hickory,14,5,
1961,49,42,25,"GOD, COUNTRY AND MY BABY",Johnny Burnette,Liberty,8,18,
1961,49,47,22,HIT THE ROAD JACK,Ray Charles,ABC-Paramount,13,1,
1961,49,48,30,EVERLOVIN’,Rick Nelson,Imperial,10,16,
1961,49,49,37,ROCK-A-BYE YOUR BABY WITH A DIXIE MELODY,Aretha Franklin,Columbia,9,37,
1961,49,51,33,LET’S GET TOGETHER,Hayley Mills,Buena Vista,14,8,
1961,49,52,34,YA YA,Lee Dorsey,Fury,13,7,
1961,49,41,60,"WELL, I TOLD YOU",The Chantels,Carlton,4,41,
1961,49,43,68,THERE’S NO OTHER (Like My Baby),The Crystals,Philles,3,43,
1961,49,44,44,TOWN WITHOUT PITY,Gene Pitney,Musicor,6,44,
1961,49,45,42,SMILE,Timi Yuro,Liberty,5,42,
1961,49,46,57,TONIGHT,Eddie Fisher,7 Arts,5,46,
1961,49,50,45,UP A LAZY RIVER,Si Zentner and His Orchestra,Liberty,4,45,
1961,50,1,2,PLEASE MR. POSTMAN,The Marvelettes,Tamla,15,1,1 week at #1
1961,50,2,1,BIG BAD JOHN,Jimmy Dean,Columbia,11,1,
1961,50,3,3,GOODBYE CRUEL WORLD,James Darren,Colpix,9,3,
1961,50,4,6,THE TWIST,Chubby Checker,Parkway,23,1,
1961,50,5,7,WALK ON BY,Leroy Van Dyke,Mercury,7,5,
1961,50,6,17,THE LION SLEEPS TONIGHT,The Tokens,RCA Victor,5,6,
1961,50,7,11,RUN TO HIM,Bobby Vee,Liberty,5,7,
1961,50,8,12,TONIGHT,Ferrante and Teicher,United Artists,9,8,
1961,50,9,16,LET THERE BE DRUMS,Sandy Nelson,Imperial,7,9,
1961,50,10,21,"HAPPY BIRTHDAY, SWEET SIXTEEN",Neil Sedaka,RCA Victor,5,10,
1961,50,11,14,MOON RIVER,Jerry Butler,Vee-Jay,10,11,
1961,50,12,4,RUNAROUND SUE,Dion,Laurie,12,1,
1961,50,13,5,FOOL #1,Brenda Lee,Decca,11,3,
1961,50,14,10,CRAZY,Patsy Cline,Decca,8,9,
1961,50,15,29,PEPPERMINT TWIST (Part 1),Joey Dee and the Starliters,Roulette,4,15,
1961,50,16,9,I UNDERSTAND (Just How You Feel),The G-Clefs,Terrace,13,9,
1961,50,17,24,MOON RIVER,Henry Mancini and His Orchestra,RCA Victor,10,17,
1961,50,18,8,TOWER OF STRENGTH,Gene McDaniels,Liberty,11,5,
1961,50,19,26,I DON’T KNOW WHY,Linda Scott,Canadian American,7,19,
1961,50,20,20,GYPSY WOMAN,The Impressions,ABC-Paramount,9,20,
1961,50,21,35,WHEN I FALL IN LOVE,The Lettermen,Capitol,4,21,
1961,50,22,15,THE FLY,Chubby Checker,Parkway,12,7,
1961,50,23,13,HEARTACHES,The Marcels,Colpix,10,7,
1961,50,24,37,WHEN THE BOY IN YOUR ARMS (Is the Boy In Your Heart),Connie Francis,MGM,4,24,
1961,50,25,32,LET’S TWIST AGAIN,Chubby Checker,Parkway,16,8,
1961,50,26,38,UNCHAIN MY HEART,Ray Charles,ABC-Paramount,3,26,
1961,50,27,18,BRISTOL STOMP,The Dovells,Parkway,14,2,
1961,50,28,23,SEPTEMBER IN THE RAIN,Dinah Washington,Mercury,9,23,
1961,50,29,33,‘TIL,The Angels,Caprice,8,29,
1961,50,30,27,IN THE MIDDLE OF A HEARTACHE,Wanda Jackson,Capitol,9,27,
1961,50,31,41,"WELL, I TOLD YOU",The Chantels,Carlton,5,31,
1961,50,32,36,LANGUAGE OF LOVE,John D. Loudermilk,RCA Victor,6,32,
1961,50,33,39,YOUR MA SAID YOU CRIED IN YOUR SLEEP LAST NIGHT,Kenny Dino,Musicor,6,33,
1961,50,34,43,THERE’S NO OTHER (Like My Baby),The Crystals,Philles,4,34,
1961,50,35,22,I LOVE HOW YOU LOVE ME,The Paris Sisters,Gregmark,15,5,
1961,50,36,19,THIS TIME,Troy Shondell,Liberty,13,6,
1961,50,37,28,YOU’RE THE REASON,Bobby Edwards,Crest,16,11,
1961,50,38,30,JUST OUT OF REACH (Of My Two Open Arms),Solomon Burke,Atlantic,13,24,
1961,50,39,25,A WONDER LIKE YOU,Rick Nelson,Imperial,11,11,
1961,50,40,31,I WANNA THANK YOU,Bobby Rydell,Cameo,9,21,
1961,50,45,34,FOOT STOMPING (Part 1),The Flares,Felsted,15,25,
1961,50,41,57,CAN’T HELP FALLING IN LOVE,Elvis Presley,RCA Victor,2,41,
1961,50,42,44,TOWN WITHOUT PITY,Gene Pitney,Musicor,7,42,
1961,50,43,50,UP A LAZY RIVER,Si Zentner and His Orchestra,Liberty,5,43,
1961,50,44,46,TONIGHT,Eddie Fisher,7 Arts,6,44,
1961,50,46,56,REVENGE,Brook Benton,Mercury,4,46,
1961,50,47,62,ROCK-A-HULA BABY (“Twist” Special),Elvis Presley,RCA Victor,2,47,
1961,50,48,64,THE MAJESTIC,Dion,Laurie,2,48,
1961,50,49,60,SOOTHE ME,The Sims Twins,Sar,5,49,
1961,50,50,55,JOHNNY WILL,Pat Boone,Dot,5,50,
1961,51,1,6,THE LION SLEEPS TONIGHT,The Tokens,RCA Victor,6,1,1 week at #1
1961,51,2,1,PLEASE MR. POSTMAN,The Marvelettes,Tamla,16,1,
1961,51,3,7,RUN TO HIM,Bobby Vee,Liberty,6,3,
1961,51,4,4,THE TWIST,Chubby Checker,Parkway,24,1,
1961,51,5,5,WALK ON BY,Leroy Van Dyke,Mercury,8,5,
1961,51,6,3,GOODBYE CRUEL WORLD,James Darren,Colpix,10,3,
1961,51,7,9,LET THERE BE DRUMS,Sandy Nelson,Imperial,8,7,
1961,51,8,10,"HAPPY BIRTHDAY, SWEET SIXTEEN",Neil Sedaka,RCA Victor,6,8,
1961,51,9,2,BIG BAD JOHN,Jimmy Dean,Columbia,12,1,
1961,51,10,15,PEPPERMINT TWIST (Part 1),Joey Dee and the Starliters,Roulette,5,10,
1961,51,11,8,TONIGHT,Ferrante and Teicher,United Artists,10,8,
1961,51,12,17,MOON RIVER,Henry Mancini and His Orchestra,RCA Victor,11,12,
1961,51,13,19,I DON’T KNOW WHY,Linda Scott,Canadian American,8,13,
1961,51,14,21,WHEN I FALL IN LOVE,The Lettermen,Capitol,5,14,
1961,51,15,11,MOON RIVER,Jerry Butler,Vee-Jay,11,11,
1961,51,16,24,WHEN THE BOY IN YOUR ARMS (Is the Boy In Your Heart),Connie Francis,MGM,5,16,
1961,51,17,26,UNCHAIN MY HEART,Ray Charles,ABC-Paramount,4,17,
1961,51,18,41,CAN’T HELP FALLING IN LOVE,Elvis Presley,RCA Victor,3,18,
1961,51,19,13,FOOL #1,Brenda Lee,Decca,12,3,
1961,51,20,12,RUNAROUND SUE,Dion,Laurie,13,1,
1961,51,21,20,GYPSY WOMAN,The Impressions,ABC-Paramount,10,20,
1961,51,22,25,LET’S TWIST AGAIN,Chubby Checker,Parkway,17,8,
1961,51,23,29,‘TIL,The Angels,Caprice,9,23,
1961,51,24,16,I UNDERSTAND (Just How You Feel),The G-Clefs,Terrace,14,9,
1961,51,25,14,CRAZY,Patsy Cline,Decca,9,9,
1961,51,26,34,THERE’S NO OTHER (Like My Baby),The Crystals,Philles,5,26,
1961,51,27,33,YOUR MA SAID YOU CRIED IN YOUR SLEEP LAST NIGHT,Kenny Dino,Musicor,7,27,
1961,51,28,46,REVENGE,Brook Benton,Mercury,5,28,
1961,51,29,31,"WELL, I TOLD YOU",The Chantels,Carlton,6,29,
1961,51,30,27,BRISTOL STOMP,The Dovells,Parkway,15,2,
1961,51,31,38,JUST OUT OF REACH (Of My Two Open Arms),Solomon Burke,Atlantic,14,24,
1961,51,32,47,ROCK-A-HULA BABY (“Twist” Special),Elvis Presley,RCA Victor,3,32,
1961,51,33,66,WHITE CHRISTMAS,Bing Crosby,Decca,72,1,
1961,51,34,18,TOWER OF STRENGTH,Gene McDaniels,Liberty,12,5,
1961,51,35,23,HEARTACHES,The Marcels,Colpix,11,7,
1961,51,36,48,THE MAJESTIC,Dion,Laurie,3,36,
1961,51,37,42,TOWN WITHOUT PITY,Gene Pitney,Musicor,8,37,
1961,51,38,56,I KNOW (You Don’t Love Me No More),Barbara George,A.F.O.,6,38,
1961,51,39,60,SMALL SAD SAM,Phil McLean,Versatile,3,39,
1961,51,40,32,LANGUAGE OF LOVE,John D. Loudermilk,RCA Victor,7,32,
1961,51,57,22,THE FLY,Chubby Checker,Parkway,13,7,
1961,51,59,37,YOU’RE THE REASON,Bobby Edwards,Crest,17,11,
1961,51,60,30,IN THE MIDDLE OF A HEARTACHE,Wanda Jackson,Capitol,10,27,
1961,51,61,28,SEPTEMBER IN THE RAIN,Dinah Washington,Mercury,10,23,
1961,51,41,63,JAMBALAYA (On the Bayou),Fats Domino,Imperial,2,41,
1961,51,42,49,SOOTHE ME,The Sims Twins,Sar,6,42,
1961,51,43,51,THE GYPSY ROVER,The Highwaymen,United Artists,7,43,
1961,51,44,53,FUNNY HOW TIME SLIPS AWAY,Jimmy Elledge,RCA Victor,6,44,
1961,51,45,71,JINGLE BELL ROCK,Bobby Rydell and Chubby Checker,Cameo,2,71,
1961,51,46,50,JOHNNY WILL,Pat Boone,Dot,6,46,
1961,51,47,58,POOR FOOL,Ike and Tina Turner,Sue,4,47,
1961,51,48,67,COTTON FIELDS,The Highwaymen,United Artists,4,48,
1961,51,49,61,IF YOU GOTTA MAKE A FOOL OF SOMEBODY,James Ray,Caprice,5,49,
1961,51,50,52,IT’S ALL BECAUSE,Linda Scott,Canadian American,6,50,
1961,52,1,1,THE LION SLEEPS TONIGHT,The Tokens,RCA Victor,7,1,2 weeks at #1
1961,52,2,3,RUN TO HIM,Bobby Vee,Liberty,7,2,
1961,52,3,4,THE TWIST,Chubby Checker,Parkway,25,1,
1961,52,4,6,GOODBYE CRUEL WORLD,James Darren,Colpix,11,3,
1961,52,5,5,WALK ON BY,Leroy Van Dyke,Mercury,9,5,
1961,52,6,10,PEPPERMINT TWIST (Part 1),Joey Dee and the Starliters,Roulette,6,6,
1961,52,7,2,PLEASE MR. POSTMAN,The Marvelettes,Tamla,17,1,
1961,52,8,8,"HAPPY BIRTHDAY, SWEET SIXTEEN",Neil Sedaka,RCA Victor,7,8,
1961,52,9,7,LET THERE BE DRUMS,Sandy Nelson,Imperial,9,7,
1961,52,10,18,CAN’T HELP FALLING IN LOVE,Elvis Presley,RCA Victor,4,10,
1961,52,11,12,MOON RIVER,Henry Mancini and His Orchestra,RCA Victor,12,11,
1961,52,12,13,I DON’T KNOW WHY,Linda Scott,Canadian American,9,12,
1961,52,13,14,WHEN I FALL IN LOVE,The Lettermen,Capitol,6,13,
1961,52,14,17,UNCHAIN MY HEART,Ray Charles,ABC-Paramount,5,14,
1961,52,15,16,WHEN THE BOY IN YOUR ARMS (Is the Boy In Your Heart),Connie Francis,MGM,6,15,
1961,52,16,15,MOON RIVER,Jerry Butler,Vee-Jay,12,11,
1961,52,17,23,‘TIL,The Angels,Caprice,10,17,
1961,52,18,11,TONIGHT,Ferrante and Teicher,United Artists,11,8,
1961,52,19,9,BIG BAD JOHN,Jimmy Dean,Columbia,13,1,
1961,52,20,33,WHITE CHRISTMAS,Bing Crosby,Decca,73,1,
1961,52,21,21,GYPSY WOMAN,The Impressions,ABC-Paramount,11,20,
1961,52,22,28,REVENGE,Brook Benton,Mercury,6,22,
1961,52,23,26,THERE’S NO OTHER (Like My Baby),The Crystals,Philles,6,23,
1961,52,24,27,YOUR MA SAID YOU CRIED IN YOUR SLEEP LAST NIGHT,Kenny Dino,Musicor,8,24,
1961,52,25,32,ROCK-A-HULA BABY (“Twist” Special),Elvis Presley,RCA Victor,4,25,
1961,52,26,38,I KNOW (You Don’t Love Me No More),Barbara George,A.F.O.,7,26,
1961,52,27,45,JINGLE BELL ROCK,Bobby Rydell and Chubby Checker,Cameo,3,27,
1961,52,28,19,FOOL #1,Brenda Lee,Decca,13,3,
1961,52,29,22,LET’S TWIST AGAIN,Chubby Checker,Parkway,18,8,
1961,52,30,31,JUST OUT OF REACH (Of My Two Open Arms),Solomon Burke,Atlantic,15,24,
1961,52,31,44,FUNNY HOW TIME SLIPS AWAY,Jimmy Elledge,RCA Victor,7,31,
1961,52,32,29,"WELL, I TOLD YOU",The Chantels,Carlton,7,29,
1961,52,33,39,SMALL SAD SAM,Phil McLean,Versatile,4,33,
1961,52,34,69,THE LITTLE DRUMMER BOY,The Harry Simeone Chorale,20th Fox,23,13,
1961,52,35,41,JAMBALAYA (On the Bayou),Fats Domino,Imperial,3,35,
1961,52,36,37,TOWN WITHOUT PITY,Gene Pitney,Musicor,9,36,
1961,52,37,48,COTTON FIELDS,The Highwaymen,United Artists,5,37,
1961,52,38,24,I UNDERSTAND (Just How You Feel),The G-Clefs,Terrace,15,9,
1961,52,39,49,IF YOU GOTTA MAKE A FOOL OF SOMEBODY,James Ray,Caprice,6,39,
1961,52,40,46,JOHNNY WILL,Pat Boone,Dot,7,40,
1961,52,54,36,THE MAJESTIC,Dion,Laurie,4,36,
1961,52,55,20,RUNAROUND SUE,Dion,Laurie,14,1,
1961,52,57,25,CRAZY,Patsy Cline,Decca,10,9,
1961,52,59,40,LANGUAGE OF LOVE,John D. Loudermilk,RCA Victor,8,32,
1961,52,77,30,BRISTOL STOMP,The Dovells,Parkway,16,2,
1961,52,79,35,HEARTACHES,The Marcels,Colpix,12,7,
1961,52,80,34,TOWER OF STRENGTH,Gene McDaniels,Liberty,13,5,
1961,52,41,56,THE WANDERER,Dion,Laurie,4,41,
1961,52,42,43,THE GYPSY ROVER,The Highwaymen,United Artists,8,42,
1961,52,43,54,BABY’S FIRST CHRISTMAS,Connie Francis,MGM,3,43,
1961,52,44,55,HEY! LITTLE GIRL,Del Shannon,Big Top,5,44,
1961,52,45,65,BABY IT’S YOU,The Shirelles,Scepter,2,45,
1961,52,46,47,POOR FOOL,Ike and Tina Turner,Sue,5,46,
1961,52,47,63,THE CHIPMUNK SONG (Christmas Don’t Be Late),The Chipmunks with the Music Of David Seville,Liberty,23,1,
1961,52,48,51,LITTLE ALTER BOY,Vic Dana,Dolton,5,48,
1961,52,49,58,JINGLE BELL ROCK,Bobby Helms,Decca,16,6,
1961,52,50,53,DEAR LADY TWIST,Gary (U.S.) Bonds,Legrand,3,50,
