YEAR,WEEK,TW,LW,TITLE,ARTIST,LABEL,WEEKS_ON_CHART,PEAK_POSITION,WEEKS_AT_1
1962,1,1,1,THE LION SLEEPS TONIGHT,The Tokens,RCA Victor,8,1,3 weeks at #1
1962,1,3,2,RUN TO HIM,Bobby Vee,Liberty,8,2,
1962,1,4,6,PEPPERMINT TWIST (Part 1),Joey Dee and the Starliters,Roulette,7,4,
1962,1,6,8,"HAPPY BIRTHDAY, SWEET SIXTEEN",Neil Sedaka,RCA Victor,8,6,
1962,1,7,4,GOODBYE CRUEL WORLD,James Darren,Colpix,12,3,
1962,1,8,5,WALK ON BY,Leroy Van Dyke,Mercury,10,5,
1962,1,9,13,WHEN I FALL IN LOVE,The Lettermen,Capitol,7,9,
1962,1,11,15,WHEN THE BOY IN YOUR ARMS (Is the Boy In Your Heart),Connie Francis,MGM,7,11,
1962,1,14,17,‘TIL,The Angels,Caprice,11,14,
1962,1,15,26,I KNOW (You Don’t Love Me No More),Barbara George,A.F.O.,8,15,
1962,1,16,12,I DON’T KNOW WHY,Linda Scott,Canadian American,10,12,
1962,1,17,9,LET THERE BE DRUMS,Sandy Nelson,Imperial,10,7,
1962,1,18,22,REVENGE,Brook Benton,Mercury,7,18,
1962,1,19,11,MOON RIVER,Henry Mancini and His Orchestra,RCA Victor,13,11,
1962,1,21,27,JINGLE BELL ROCK,Bobby Rydell and Chubby Checker,Cameo,4,21,
1962,1,22,34,THE LITTLE DRUMMER BOY,The Harry Simeone Chorale,20th Fox,24,13,
1962,1,23,25,ROCK-A-HULA BABY (“Twist” Special),Elvis Presley,RCA Victor,5,23,
1962,1,26,43,BABY’S FIRST CHRISTMAS,Connie Francis,MGM,4,26,
1962,1,28,52,A LITTLE BITTY TEAR,Burl Ives,Decca,3,28,
1962,1,29,39,IF YOU GOTTA MAKE A FOOL OF SOMEBODY,James Ray,Caprice,7,29,
1962,1,30,41,THE WANDERER,Dion,Laurie,5,30,
1962,1,31,31,FUNNY HOW TIME SLIPS AWAY,Jimmy Elledge,RCA Victor,8,31,
1962,1,32,37,COTTON FIELDS,The Highwaymen,United Artists,6,32,
1962,1,35,24,YOUR MA SAID YOU CRIED IN YOUR SLEEP LAST NIGHT,Kenny Dino,Musicor,9,24,
1962,1,36,18,TONIGHT,Ferrante and Teicher,United Artists,12,8,
1962,1,37,40,JOHNNY WILL,Pat Boone,Dot,8,37,
1962,1,39,47,THE CHIPMUNK SONG (Christmas Don’t Be Late),The Chipmunks with the Music Of David Seville,Liberty,24,1,
1962,1,40,19,BIG BAD JOHN,Jimmy Dean,Columbia,14,1,
1962,1,44,33,SMALL SAD SAM,Phil McLean,Versatile,5,33,
1962,1,65,29,LET’S TWIST AGAIN,Chubby Checker,Parkway,19,8,
1962,1,72,38,I UNDERSTAND (Just How You Feel),The G-Clefs,Terrace,16,9,
1962,1,41,49,JINGLE BELL ROCK,Bobby Helms,Decca,17,6,
1962,1,45,48,LITTLE ALTER BOY,Vic Dana,Dolton,6,45,
1962,1,46,60,NORMAN,Sue Thompson,Hickory,5,46,
1962,1,47,51,RUDOLPH THE RED NOSED REINDEER,David Seville and the Chipmunks,Liberty,5,21,
1962,1,48,50,DEAR LADY TWIST,Gary (U.S.) Bonds,Legrand,4,48,
1962,1,50,58,ROCKIN’ AROUND THE CHRISTMAS TREE,Brenda Lee,Decca,8,14,
1962,2,1,2,THE TWIST,Chubby Checker,Parkway,27,1,2 weeks at #1
1962,2,2,1,THE LION SLEEPS TONIGHT,The Tokens,RCA Victor,9,1,
1962,2,3,4,PEPPERMINT TWIST (Part 1),Joey Dee and the Starliters,Roulette,8,3,
1962,2,4,5,CAN’T HELP FALLING IN LOVE,Elvis Presley,RCA Victor,6,4,
1962,2,5,15,I KNOW (You Don’t Love Me No More),Barbara George,A.F.O.,9,5,
1962,2,6,6,"HAPPY BIRTHDAY, SWEET SIXTEEN",Neil Sedaka,RCA Victor,9,6,
1962,2,7,8,WALK ON BY,Leroy Van Dyke,Mercury,11,5,
1962,2,8,3,RUN TO HIM,Bobby Vee,Liberty,9,2,
1962,2,9,10,UNCHAIN MY HEART,Ray Charles,ABC-Paramount,7,9,
1962,2,10,11,WHEN THE BOY IN YOUR ARMS (Is the Boy In Your Heart),Connie Francis,MGM,8,10,
1962,2,11,7,GOODBYE CRUEL WORLD,James Darren,Colpix,13,3,
1962,2,12,9,WHEN I FALL IN LOVE,The Lettermen,Capitol,8,9,
1962,2,13,13,PLEASE MR. POSTMAN,The Marvelettes,Tamla,19,1,
1962,2,14,17,LET THERE BE DRUMS,Sandy Nelson,Imperial,11,7,
1962,2,15,18,REVENGE,Brook Benton,Mercury,8,15,
1962,2,16,34,BABY IT’S YOU,The Shirelles,Scepter,4,16,
1962,2,17,46,NORMAN,Sue Thompson,Hickory,6,17,
1962,2,18,28,A LITTLE BITTY TEAR,Burl Ives,Decca,4,18,
1962,2,19,32,COTTON FIELDS,The Highwaymen,United Artists,7,19,
1962,2,20,30,THE WANDERER,Dion,Laurie,6,20,
1962,2,21,24,TOWN WITHOUT PITY,Gene Pitney,Musicor,11,21,
1962,2,22,14,‘TIL,The Angels,Caprice,12,14,
1962,2,23,21,JINGLE BELL ROCK,Bobby Rydell and Chubby Checker,Cameo,5,21,
1962,2,24,25,GYPSY WOMAN,The Impressions,ABC-Paramount,13,20,
1962,2,25,20,THERE’S NO OTHER (Like My Baby),The Crystals,Philles,8,20,
1962,2,26,16,I DON’T KNOW WHY,Linda Scott,Canadian American,11,12,
1962,2,27,29,IF YOU GOTTA MAKE A FOOL OF SOMEBODY,James Ray,Caprice,8,27,
1962,2,28,44,SMALL SAD SAM,Phil McLean,Versatile,6,28,
1962,2,29,31,FUNNY HOW TIME SLIPS AWAY,Jimmy Elledge,RCA Victor,9,29,
1962,2,30,33,JAMBALAYA (On the Bayou),Fats Domino,Imperial,5,30,
1962,2,31,23,ROCK-A-HULA BABY (“Twist” Special),Elvis Presley,RCA Victor,6,23,
1962,2,32,19,MOON RIVER,Henry Mancini and His Orchestra,RCA Victor,14,11,
1962,2,33,48,DEAR LADY TWIST,Gary (U.S.) Bonds,Legrand,5,33,
1962,2,34,27,MOON RIVER,Jerry Butler,Vee-Jay,14,11,
1962,2,35,37,JOHNNY WILL,Pat Boone,Dot,9,35,
1962,2,37,65,LET’S TWIST AGAIN,Chubby Checker,Parkway,20,8,
1962,2,38,35,YOUR MA SAID YOU CRIED IN YOUR SLEEP LAST NIGHT,Kenny Dino,Musicor,10,24,
1962,2,40,38,HEY! LITTLE GIRL,Del Shannon,Big Top,7,38,
1962,2,45,36,TONIGHT,Ferrante and Teicher,United Artists,13,8,
1962,2,55,40,BIG BAD JOHN,Jimmy Dean,Columbia,15,1,
1962,2,71,26,BABY’S FIRST CHRISTMAS,Connie Francis,MGM,5,26,
1962,2,41,52,TWIST-HER,Bill Black’s Combo,Hi,4,41,
1962,2,42,55,DEAR IVAN,Jimmy Dean,Columbia,2,42,
1962,2,44,54,DREAMY EYES,Johnny Tillotson,Cadence,15,44,
1962,2,46,51,TURN ON YOUR LOVE LIGHT,Bobby Bland,Duke,6,46,
1962,2,47,58,POCKETFUL OF MIRACLES,Frank Sinatra,Reprise,4,47,
1962,2,48,45,LITTLE ALTER BOY,Vic Dana,Dolton,7,45,
1962,2,49,43,"WELL, I TOLD YOU",The Chantels,Carlton,9,29,
1962,2,50,63,MULTIPLICATION,Bobby Darin,Atco,4,50,
1962,3,1,1,THE TWIST,Chubby Checker,Parkway,28,1,3 weeks at #1
1962,3,2,3,PEPPERMINT TWIST (Part 1),Joey Dee and the Starliters,Roulette,9,2,
1962,3,3,2,THE LION SLEEPS TONIGHT,The Tokens,RCA Victor,10,1,
1962,3,4,4,CAN’T HELP FALLING IN LOVE,Elvis Presley,RCA Victor,7,4,
1962,3,5,5,I KNOW (You Don’t Love Me No More),Barbara George,A.F.O.,10,5,
1962,3,6,6,"HAPPY BIRTHDAY, SWEET SIXTEEN",Neil Sedaka,RCA Victor,10,6,
1962,3,7,7,WALK ON BY,Leroy Van Dyke,Mercury,12,5,
1962,3,8,8,RUN TO HIM,Bobby Vee,Liberty,10,2,
1962,3,9,12,WHEN I FALL IN LOVE,The Lettermen,Capitol,9,9,
1962,3,10,17,NORMAN,Sue Thompson,Hickory,7,10,
1962,3,11,9,UNCHAIN MY HEART,Ray Charles,ABC-Paramount,8,9,
1962,3,12,10,WHEN THE BOY IN YOUR ARMS (Is the Boy In Your Heart),Connie Francis,MGM,9,10,
1962,3,13,14,LET THERE BE DRUMS,Sandy Nelson,Imperial,12,7,
1962,3,14,21,TOWN WITHOUT PITY,Gene Pitney,Musicor,12,14,
1962,3,15,16,BABY IT’S YOU,The Shirelles,Scepter,5,15,
1962,3,16,19,COTTON FIELDS,The Highwaymen,United Artists,8,16,
1962,3,17,18,A LITTLE BITTY TEAR,Burl Ives,Decca,5,17,
1962,3,18,20,THE WANDERER,Dion,Laurie,7,18,
1962,3,19,13,PLEASE MR. POSTMAN,The Marvelettes,Tamla,20,1,
1962,3,20,11,GOODBYE CRUEL WORLD,James Darren,Colpix,14,3,
1962,3,21,28,SMALL SAD SAM,Phil McLean,Versatile,7,21,
1962,3,22,29,FUNNY HOW TIME SLIPS AWAY,Jimmy Elledge,RCA Victor,10,22,
1962,3,23,27,IF YOU GOTTA MAKE A FOOL OF SOMEBODY,James Ray,Caprice,9,23,
1962,3,24,42,DEAR IVAN,Jimmy Dean,Columbia,3,24,
1962,3,25,15,REVENGE,Brook Benton,Mercury,9,15,
1962,3,26,33,DEAR LADY TWIST,Gary (U.S.) Bonds,Legrand,6,26,
1962,3,27,36,IRRESISTIBLE YOU,Bobby Darin,Atco,6,27,
1962,3,28,32,MOON RIVER,Henry Mancini and His Orchestra,RCA Victor,15,11,
1962,3,29,56,BREAK IT TO ME GENTLY,Brenda Lee,Decca,2,29,
1962,3,30,31,ROCK-A-HULA BABY (“Twist” Special),Elvis Presley,RCA Victor,7,23,
1962,3,31,41,TWIST-HER,Bill Black’s Combo,Hi,5,31,
1962,3,32,43,DO-RE-MI,Lee Dorsey,Fury,5,32,
1962,3,33,51,LETTER FULL OF TEARS,Gladys Knight and the Pips,Fury,6,33,
1962,3,34,46,TURN ON YOUR LOVE LIGHT,Bobby Bland,Duke,7,34,
1962,3,35,44,DREAMY EYES,Johnny Tillotson,Cadence,16,35,
1962,3,36,47,POCKETFUL OF MIRACLES,Frank Sinatra,Reprise,5,36,
1962,3,37,25,THERE’S NO OTHER (Like My Baby),The Crystals,Philles,9,20,
1962,3,38,22,‘TIL,The Angels,Caprice,13,14,
1962,3,39,50,MULTIPLICATION,Bobby Darin,Atco,5,39,
1962,3,40,26,I DON’T KNOW WHY,Linda Scott,Canadian American,12,12,
1962,3,41,24,GYPSY WOMAN,The Impressions,ABC-Paramount,14,20,
1962,3,42,30,JAMBALAYA (On the Bayou),Fats Domino,Imperial,6,30,
1962,3,43,39,POOR FOOL,Ike and Tina Turner,Sue,8,39,
1962,3,55,40,HEY! LITTLE GIRL,Del Shannon,Big Top,8,38,
1962,3,56,34,MOON RIVER,Jerry Butler,Vee-Jay,15,11,
1962,3,58,37,LET’S TWIST AGAIN,Chubby Checker,Parkway,21,8,
1962,3,59,35,JOHNNY WILL,Pat Boone,Dot,10,35,
1962,3,66,38,YOUR MA SAID YOU CRIED IN YOUR SLEEP LAST NIGHT,Kenny Dino,Musicor,11,24,
1962,3,44,61,TUFF,Ace Cannon,Hi,4,44,
1962,3,45,62,SHADRACK,Brook Benton,Mercury,2,45,
1962,3,46,69,SMOKY PLACES,The Corsairs Featuring Jay “Bird” Uzzell,Tuff,4,46,
1962,3,47,54,FLYING CIRCLE,Frank Slay and His Orchestra,Swan,6,47,
1962,3,48,52,SHE’S EVERYTHING (I Wanted You To Be),Ral Donner,Gone,4,48,
1962,3,49,93,DUKE OF EARL,Gene Chandler,Vee-Jay,2,49,
1962,3,50,53,MARIA,Roger Williams,Kapp,6,50,
1962,4,1,2,PEPPERMINT TWIST (Part 1),Joey Dee and the Starliters,Roulette,10,1,1 week at #1
1962,4,2,1,THE TWIST,Chubby Checker,Parkway,29,1,
1962,4,3,5,I KNOW (You Don’t Love Me No More),Barbara George,A.F.O.,11,3,
1962,4,4,4,CAN’T HELP FALLING IN LOVE,Elvis Presley,RCA Victor,8,4,
1962,4,5,10,NORMAN,Sue Thompson,Hickory,8,5,
1962,4,6,3,THE LION SLEEPS TONIGHT,The Tokens,RCA Victor,11,1,
1962,4,7,9,WHEN I FALL IN LOVE,The Lettermen,Capitol,10,7,
1962,4,8,18,THE WANDERER,Dion,Laurie,8,8,
1962,4,9,15,BABY IT’S YOU,The Shirelles,Scepter,6,9,
1962,4,10,7,WALK ON BY,Leroy Van Dyke,Mercury,13,5,
1962,4,11,6,"HAPPY BIRTHDAY, SWEET SIXTEEN",Neil Sedaka,RCA Victor,11,6,
1962,4,12,8,RUN TO HIM,Bobby Vee,Liberty,11,2,
1962,4,13,14,TOWN WITHOUT PITY,Gene Pitney,Musicor,13,13,
1962,4,14,17,A LITTLE BITTY TEAR,Burl Ives,Decca,6,14,
1962,4,15,26,DEAR LADY TWIST,Gary (U.S.) Bonds,Legrand,7,15,
1962,4,16,11,UNCHAIN MY HEART,Ray Charles,ABC-Paramount,9,9,
1962,4,17,29,BREAK IT TO ME GENTLY,Brenda Lee,Decca,3,17,
1962,4,18,16,COTTON FIELDS,The Highwaymen,United Artists,9,16,
1962,4,19,12,WHEN THE BOY IN YOUR ARMS (Is the Boy In Your Heart),Connie Francis,MGM,10,10,
1962,4,20,49,DUKE OF EARL,Gene Chandler,Vee-Jay,3,20,
1962,4,21,13,LET THERE BE DRUMS,Sandy Nelson,Imperial,13,7,
1962,4,22,23,IF YOU GOTTA MAKE A FOOL OF SOMEBODY,James Ray,Caprice,10,22,
1962,4,23,27,IRRESISTIBLE YOU,Bobby Darin,Atco,7,23,
1962,4,24,24,DEAR IVAN,Jimmy Dean,Columbia,4,24,
1962,4,25,22,FUNNY HOW TIME SLIPS AWAY,Jimmy Elledge,RCA Victor,11,22,
1962,4,26,31,TWIST-HER,Bill Black’s Combo,Hi,6,26,
1962,4,27,33,LETTER FULL OF TEARS,Gladys Knight and the Pips,Fury,7,27,
1962,4,28,34,TURN ON YOUR LOVE LIGHT,Bobby Bland,Duke,8,28,
1962,4,29,21,SMALL SAD SAM,Phil McLean,Versatile,8,21,
1962,4,30,32,DO-RE-MI,Lee Dorsey,Fury,6,30,
1962,4,31,28,MOON RIVER,Henry Mancini and His Orchestra,RCA Victor,16,11,
1962,4,32,19,PLEASE MR. POSTMAN,The Marvelettes,Tamla,21,1,
1962,4,33,45,SHADRACK,Brook Benton,Mercury,3,33,
1962,4,34,36,POCKETFUL OF MIRACLES,Frank Sinatra,Reprise,6,34,
1962,4,35,44,TUFF,Ace Cannon,Hi,5,35,
1962,4,36,39,MULTIPLICATION,Bobby Darin,Atco,6,36,
1962,4,37,20,GOODBYE CRUEL WORLD,James Darren,Colpix,15,3,
1962,4,38,43,POOR FOOL,Ike and Tina Turner,Sue,9,38,
1962,4,39,46,SMOKY PLACES,The Corsairs Featuring Jay “Bird” Uzzell,Tuff,5,39,
1962,4,40,37,THERE’S NO OTHER (Like My Baby),The Crystals,Philles,10,20,
1962,4,43,30,ROCK-A-HULA BABY (“Twist” Special),Elvis Presley,RCA Victor,8,23,
1962,4,46,25,REVENGE,Brook Benton,Mercury,10,15,
1962,4,49,40,I DON’T KNOW WHY,Linda Scott,Canadian American,13,12,
1962,4,51,35,DREAMY EYES,Johnny Tillotson,Cadence,17,35,
1962,4,60,38,‘TIL,The Angels,Caprice,14,14,
1962,4,41,48,SHE’S EVERYTHING (I Wanted You To Be),Ral Donner,Gone,5,41,
1962,4,42,67,CRYING IN THE RAIN,The Everly Brothers,Warner Brothers,3,42,
1962,4,44,57,THE GREATEST HURT,Jackie Wilson,Brunswick,3,44,
1962,4,45,47,FLYING CIRCLE,Frank Slay and His Orchestra,Swan,7,45,
1962,4,47,54,GO ON HOME,Patti Page,Mercury,5,47,
1962,4,48,50,MARIA,Roger Williams,Kapp,7,48,
1962,4,50,63,I’M BLUE (The Gong-Gong Song),The Ikettes,Atco,3,50,
1962,5,1,1,PEPPERMINT TWIST (Part 1),Joey Dee and the Starliters,Roulette,11,1,2 weeks at #1
1962,5,2,4,CAN’T HELP FALLING IN LOVE,Elvis Presley,RCA Victor,9,2,
1962,5,3,2,THE TWIST,Chubby Checker,Parkway,30,1,
1962,5,4,5,NORMAN,Sue Thompson,Hickory,9,4,
1962,5,5,3,I KNOW (You Don’t Love Me No More),Barbara George,A.F.O.,12,3,
1962,5,6,8,THE WANDERER,Dion,Laurie,9,6,
1962,5,7,20,DUKE OF EARL,Gene Chandler,Vee-Jay,4,7,
1962,5,8,9,BABY IT’S YOU,The Shirelles,Scepter,7,8,
1962,5,9,17,BREAK IT TO ME GENTLY,Brenda Lee,Decca,4,9,
1962,5,10,6,THE LION SLEEPS TONIGHT,The Tokens,RCA Victor,12,1,
1962,5,11,15,DEAR LADY TWIST,Gary (U.S.) Bonds,Legrand,8,11,
1962,5,12,14,A LITTLE BITTY TEAR,Burl Ives,Decca,7,12,
1962,5,13,13,TOWN WITHOUT PITY,Gene Pitney,Musicor,14,13,
1962,5,14,7,WHEN I FALL IN LOVE,The Lettermen,Capitol,11,7,
1962,5,15,12,RUN TO HIM,Bobby Vee,Liberty,12,2,
1962,5,16,10,WALK ON BY,Leroy Van Dyke,Mercury,14,5,
1962,5,17,23,IRRESISTIBLE YOU,Bobby Darin,Atco,8,17,
1962,5,18,18,COTTON FIELDS,The Highwaymen,United Artists,10,16,
1962,5,19,11,"HAPPY BIRTHDAY, SWEET SIXTEEN",Neil Sedaka,RCA Victor,12,6,
1962,5,20,42,CRYING IN THE RAIN,The Everly Brothers,Warner Brothers,4,20,
1962,5,21,16,UNCHAIN MY HEART,Ray Charles,ABC-Paramount,10,9,
1962,5,22,33,SHADRACK,Brook Benton,Mercury,4,22,
1962,5,23,21,LET THERE BE DRUMS,Sandy Nelson,Imperial,14,7,
1962,5,24,22,IF YOU GOTTA MAKE A FOOL OF SOMEBODY,James Ray,Caprice,11,22,
1962,5,25,27,LETTER FULL OF TEARS,Gladys Knight and the Pips,Fury,8,25,
1962,5,26,26,TWIST-HER,Bill Black’s Combo,Hi,7,26,
1962,5,27,30,DO-RE-MI,Lee Dorsey,Fury,7,27,
1962,5,28,41,SHE’S EVERYTHING (I Wanted You To Be),Ral Donner,Gone,6,28,
1962,5,29,31,MOON RIVER,Henry Mancini and His Orchestra,RCA Victor,17,11,
1962,5,30,19,WHEN THE BOY IN YOUR ARMS (Is the Boy In Your Heart),Connie Francis,MGM,11,10,
1962,5,31,24,DEAR IVAN,Jimmy Dean,Columbia,5,24,
1962,5,32,28,TURN ON YOUR LOVE LIGHT,Bobby Bland,Duke,9,28,
1962,5,33,39,SMOKY PLACES,The Corsairs Featuring Jay “Bird” Uzzell,Tuff,6,33,
1962,5,34,50,I’M BLUE (The Gong-Gong Song),The Ikettes,Atco,4,34,
1962,5,35,36,MULTIPLICATION,Bobby Darin,Atco,7,35,
1962,5,36,25,FUNNY HOW TIME SLIPS AWAY,Jimmy Elledge,RCA Victor,12,22,
1962,5,37,35,TUFF,Ace Cannon,Hi,6,35,
1962,5,38,29,SMALL SAD SAM,Phil McLean,Versatile,9,21,
1962,5,39,34,POCKETFUL OF MIRACLES,Frank Sinatra,Reprise,7,34,
1962,5,40,44,THE GREATEST HURT,Jackie Wilson,Brunswick,4,40,
1962,5,44,38,POOR FOOL,Ike and Tina Turner,Sue,10,38,
1962,5,45,37,GOODBYE CRUEL WORLD,James Darren,Colpix,16,3,
1962,5,50,32,PLEASE MR. POSTMAN,The Marvelettes,Tamla,22,1,
1962,5,55,40,THERE’S NO OTHER (Like My Baby),The Crystals,Philles,11,20,
1962,5,41,69,THE CAJUN QUEEN,Jimmy Dean,Columbia,2,41,
1962,5,42,47,GO ON HOME,Patti Page,Mercury,6,42,
1962,5,43,56,LET ME IN,The Sensations,Argo,5,43,
1962,5,46,63,CHIP CHIP,Gene McDaniels,Liberty,3,46,
1962,5,47,61,TO A SLEEPING BEAUTY,Jimmy Dean,Columbia,3,47,
1962,5,49,43,ROCK-A-HULA BABY (“Twist” Special),Elvis Presley,RCA Victor,9,23,
1962,6,1,1,PEPPERMINT TWIST (Part 1),Joey Dee and the Starliters,Roulette,12,1,3 weeks at #1
1962,6,2,7,DUKE OF EARL,Gene Chandler,Vee-Jay,5,2,
1962,6,3,3,THE TWIST,Chubby Checker,Parkway,31,1,
1962,6,4,2,CAN’T HELP FALLING IN LOVE,Elvis Presley,RCA Victor,10,2,
1962,6,5,5,I KNOW (You Don’t Love Me No More),Barbara George,A.F.O.,13,3,
1962,6,6,4,NORMAN,Sue Thompson,Hickory,10,4,
1962,6,7,6,THE WANDERER,Dion,Laurie,10,6,
1962,6,8,9,BREAK IT TO ME GENTLY,Brenda Lee,Decca,5,8,
1962,6,9,12,A LITTLE BITTY TEAR,Burl Ives,Decca,8,9,
1962,6,10,11,DEAR LADY TWIST,Gary (U.S.) Bonds,Legrand,9,10,
1962,6,11,8,BABY IT’S YOU,The Shirelles,Scepter,8,8,
1962,6,12,10,THE LION SLEEPS TONIGHT,The Tokens,RCA Victor,13,1,
1962,6,13,18,COTTON FIELDS,The Highwaymen,United Artists,11,13,
1962,6,14,20,CRYING IN THE RAIN,The Everly Brothers,Warner Brothers,5,14,
1962,6,15,17,IRRESISTIBLE YOU,Bobby Darin,Atco,9,15,
1962,6,16,14,WHEN I FALL IN LOVE,The Lettermen,Capitol,12,7,
1962,6,17,13,TOWN WITHOUT PITY,Gene Pitney,Musicor,15,13,
1962,6,18,15,RUN TO HIM,Bobby Vee,Liberty,13,2,
1962,6,19,25,LETTER FULL OF TEARS,Gladys Knight and the Pips,Fury,9,19,
1962,6,20,28,SHE’S EVERYTHING (I Wanted You To Be),Ral Donner,Gone,7,20,
1962,6,21,52,HEY! BABY,Bruce Channel,Smash,3,21,
1962,6,22,22,SHADRACK,Brook Benton,Mercury,5,22,
1962,6,23,16,WALK ON BY,Leroy Van Dyke,Mercury,15,5,
1962,6,24,46,CHIP CHIP,Gene McDaniels,Liberty,4,24,
1962,6,25,33,SMOKY PLACES,The Corsairs Featuring Jay “Bird” Uzzell,Tuff,7,25,
1962,6,26,37,TUFF,Ace Cannon,Hi,7,26,
1962,6,27,24,IF YOU GOTTA MAKE A FOOL OF SOMEBODY,James Ray,Caprice,12,22,
1962,6,28,34,I’M BLUE (The Gong-Gong Song),The Ikettes,Atco,5,28,
1962,6,29,26,TWIST-HER,Bill Black’s Combo,Hi,8,26,
1962,6,30,29,MOON RIVER,Henry Mancini and His Orchestra,RCA Victor,18,11,
1962,6,31,27,DO-RE-MI,Lee Dorsey,Fury,8,27,
1962,6,32,35,MULTIPLICATION,Bobby Darin,Atco,8,32,
1962,6,33,23,LET THERE BE DRUMS,Sandy Nelson,Imperial,15,7,
1962,6,34,41,THE CAJUN QUEEN,Jimmy Dean,Columbia,3,34,
1962,6,35,43,LET ME IN,The Sensations,Argo,6,35,
1962,6,36,21,UNCHAIN MY HEART,Ray Charles,ABC-Paramount,11,9,
1962,6,37,40,THE GREATEST HURT,Jackie Wilson,Brunswick,5,37,
1962,6,38,19,"HAPPY BIRTHDAY, SWEET SIXTEEN",Neil Sedaka,RCA Victor,13,6,
1962,6,39,36,FUNNY HOW TIME SLIPS AWAY,Jimmy Elledge,RCA Victor,13,22,
1962,6,40,47,TO A SLEEPING BEAUTY,Jimmy Dean,Columbia,4,40,
1962,6,43,31,DEAR IVAN,Jimmy Dean,Columbia,6,24,
1962,6,53,39,POCKETFUL OF MIRACLES,Frank Sinatra,Reprise,8,34,
1962,6,55,32,TURN ON YOUR LOVE LIGHT,Bobby Bland,Duke,10,28,
1962,6,61,30,WHEN THE BOY IN YOUR ARMS (Is the Boy In Your Heart),Connie Francis,MGM,12,10,
1962,6,62,38,SMALL SAD SAM,Phil McLean,Versatile,10,21,
1962,6,41,48,SURFER’S STOMP,The Mar-Kets,Liberty,5,41,
1962,6,42,58,MY BOOMERANG WON’T COME BACK,Charlie Drake,United Artists,5,42,
1962,6,44,62,WHAT’S SO GOOD ABOUT GOOD-BY,The Miracles,Tamla,5,44,
1962,6,45,53,PERCOLATOR (Twist),Billy Joe and the Checkmates,Dore,5,45,
1962,6,46,42,GO ON HOME,Patti Page,Mercury,7,42,
1962,6,47,79,MIDNIGHT IN MOSCOW,Kenny Ball and His Jazzmen,Kapp,2,47,
1962,6,48,56,CHATTANOOGA CHOO CHOO,Floyd Cramer,RCA Victor,4,48,
1962,6,49,70,TWISTIN’ THE NIGHT AWAY,Sam Cooke,RCA Victor,2,49,
1962,6,50,66,HER ROYAL MAJESTY,James Darren,Colpix,2,50,
1962,7,1,2,DUKE OF EARL,Gene Chandler,Vee-Jay,6,1,1 week at #1
1962,7,2,1,PEPPERMINT TWIST (Part 1),Joey Dee and the Starliters,Roulette,13,1,
1962,7,3,3,THE TWIST,Chubby Checker,Parkway,32,1,
1962,7,4,6,NORMAN,Sue Thompson,Hickory,11,4,
1962,7,5,7,THE WANDERER,Dion,Laurie,11,5,
1962,7,6,8,BREAK IT TO ME GENTLY,Brenda Lee,Decca,6,6,
1962,7,7,5,I KNOW (You Don’t Love Me No More),Barbara George,A.F.O.,14,3,
1962,7,8,4,CAN’T HELP FALLING IN LOVE,Elvis Presley,RCA Victor,11,2,
1962,7,9,14,CRYING IN THE RAIN,The Everly Brothers,Warner Brothers,6,9,
1962,7,10,10,DEAR LADY TWIST,Gary (U.S.) Bonds,Legrand,10,10,
1962,7,11,9,A LITTLE BITTY TEAR,Burl Ives,Decca,9,9,
1962,7,12,11,BABY IT’S YOU,The Shirelles,Scepter,9,8,
1962,7,13,21,HEY! BABY,Bruce Channel,Smash,4,13,
1962,7,14,13,COTTON FIELDS,The Highwaymen,United Artists,12,13,
1962,7,15,24,CHIP CHIP,Gene McDaniels,Liberty,5,15,
1962,7,16,12,THE LION SLEEPS TONIGHT,The Tokens,RCA Victor,14,1,
1962,7,17,15,IRRESISTIBLE YOU,Bobby Darin,Atco,10,15,
1962,7,18,20,SHE’S EVERYTHING (I Wanted You To Be),Ral Donner,Gone,8,18,
1962,7,19,22,SHADRACK,Brook Benton,Mercury,6,19,
1962,7,20,28,I’M BLUE (The Gong-Gong Song),The Ikettes,Atco,6,20,
1962,7,21,19,LETTER FULL OF TEARS,Gladys Knight and the Pips,Fury,10,19,
1962,7,22,18,RUN TO HIM,Bobby Vee,Liberty,14,2,
1962,7,23,17,TOWN WITHOUT PITY,Gene Pitney,Musicor,16,13,
1962,7,24,16,WHEN I FALL IN LOVE,The Lettermen,Capitol,13,7,
1962,7,25,34,THE CAJUN QUEEN,Jimmy Dean,Columbia,4,25,
1962,7,26,26,TUFF,Ace Cannon,Hi,8,26,
1962,7,27,35,LET ME IN,The Sensations,Argo,7,27,
1962,7,28,25,SMOKY PLACES,The Corsairs Featuring Jay “Bird” Uzzell,Tuff,8,25,
1962,7,29,47,MIDNIGHT IN MOSCOW,Kenny Ball and His Jazzmen,Kapp,3,29,
1962,7,30,32,MULTIPLICATION,Bobby Darin,Atco,9,30,
1962,7,31,50,HER ROYAL MAJESTY,James Darren,Colpix,3,31,
1962,7,32,41,SURFER’S STOMP,The Mar-Kets,Liberty,6,32,
1962,7,33,45,PERCOLATOR (Twist),Billy Joe and the Checkmates,Dore,6,33,
1962,7,34,37,THE GREATEST HURT,Jackie Wilson,Brunswick,6,34,
1962,7,35,40,TO A SLEEPING BEAUTY,Jimmy Dean,Columbia,5,35,
1962,7,36,30,MOON RIVER,Henry Mancini and His Orchestra,RCA Victor,19,11,
1962,7,37,42,MY BOOMERANG WON’T COME BACK,Charlie Drake,United Artists,6,37,
1962,7,38,49,TWISTIN’ THE NIGHT AWAY,Sam Cooke,RCA Victor,3,38,
1962,7,39,31,DO-RE-MI,Lee Dorsey,Fury,9,27,
1962,7,40,44,WHAT’S SO GOOD ABOUT GOOD-BY,The Miracles,Tamla,6,40,
1962,7,41,29,TWIST-HER,Bill Black’s Combo,Hi,9,26,
1962,7,44,27,IF YOU GOTTA MAKE A FOOL OF SOMEBODY,James Ray,Caprice,13,22,
1962,7,52,33,LET THERE BE DRUMS,Sandy Nelson,Imperial,16,7,
1962,7,54,23,WALK ON BY,Leroy Van Dyke,Mercury,16,5,
1962,7,56,38,"HAPPY BIRTHDAY, SWEET SIXTEEN",Neil Sedaka,RCA Victor,14,6,
1962,7,57,36,UNCHAIN MY HEART,Ray Charles,ABC-Paramount,12,9,
1962,7,69,39,FUNNY HOW TIME SLIPS AWAY,Jimmy Elledge,RCA Victor,14,22,
1962,7,42,60,SHE’S GOT YOU,Patsy Cline,Decca,4,42,
1962,7,43,48,CHATTANOOGA CHOO CHOO,Floyd Cramer,RCA Victor,5,43,
1962,7,45,51,I’LL SEE YOU IN MY DREAMS,Pat Boone,Dot,4,45,
1962,7,46,66,DON’T BREAK THE HEART THAT LOVES YOU,Connie Francis,MGM,2,46,
1962,7,47,72,WHAT’S YOUR NAME,Don and Juan,Big Top,2,47,
1962,7,48,56,TWISTIN’ POSTMAN,The Marvelettes,Tamla,4,48,
1962,7,50,54,AFRIKAAN BEAT,Bert Kaempfert,Decca,5,50,
1962,8,1,1,DUKE OF EARL,Gene Chandler,Vee-Jay,7,1,2 weeks at #1
1962,8,2,5,THE WANDERER,Dion,Laurie,12,2,
1962,8,3,4,NORMAN,Sue Thompson,Hickory,12,3,
1962,8,4,3,THE TWIST,Chubby Checker,Parkway,33,1,
1962,8,5,13,HEY! BABY,Bruce Channel,Smash,5,5,
1962,8,6,6,BREAK IT TO ME GENTLY,Brenda Lee,Decca,7,6,
1962,8,7,2,PEPPERMINT TWIST (Part 1),Joey Dee and the Starliters,Roulette,14,1,
1962,8,8,9,CRYING IN THE RAIN,The Everly Brothers,Warner Brothers,7,8,
1962,8,9,10,DEAR LADY TWIST,Gary (U.S.) Bonds,Legrand,11,9,
1962,8,10,11,A LITTLE BITTY TEAR,Burl Ives,Decca,10,9,
1962,8,11,15,CHIP CHIP,Gene McDaniels,Liberty,6,11,
1962,8,12,8,CAN’T HELP FALLING IN LOVE,Elvis Presley,RCA Victor,12,2,
1962,8,13,14,COTTON FIELDS,The Highwaymen,United Artists,13,13,
1962,8,14,12,BABY IT’S YOU,The Shirelles,Scepter,10,8,
1962,8,15,7,I KNOW (You Don’t Love Me No More),Barbara George,A.F.O.,15,3,
1962,8,16,29,MIDNIGHT IN MOSCOW,Kenny Ball and His Jazzmen,Kapp,4,16,
1962,8,17,27,LET ME IN,The Sensations,Argo,8,17,
1962,8,18,26,TUFF,Ace Cannon,Hi,9,18,
1962,8,19,33,PERCOLATOR (Twist),Billy Joe and the Checkmates,Dore,7,19,
1962,8,20,20,I’M BLUE (The Gong-Gong Song),The Ikettes,Atco,7,20,
1962,8,21,31,HER ROYAL MAJESTY,James Darren,Colpix,4,21,
1962,8,22,25,THE CAJUN QUEEN,Jimmy Dean,Columbia,5,22,
1962,8,23,46,DON’T BREAK THE HEART THAT LOVES YOU,Connie Francis,MGM,3,23,
1962,8,24,28,SMOKY PLACES,The Corsairs Featuring Jay “Bird” Uzzell,Tuff,9,24,
1962,8,25,37,MY BOOMERANG WON’T COME BACK,Charlie Drake,United Artists,7,25,
1962,8,26,47,WHAT’S YOUR NAME,Don and Juan,Big Top,3,26,
1962,8,27,19,SHADRACK,Brook Benton,Mercury,7,19,
1962,8,28,18,SHE’S EVERYTHING (I Wanted You To Be),Ral Donner,Gone,9,18,
1962,8,29,35,TO A SLEEPING BEAUTY,Jimmy Dean,Columbia,6,29,
1962,8,30,17,IRRESISTIBLE YOU,Bobby Darin,Atco,11,15,
1962,8,31,32,SURFER’S STOMP,The Mar-Kets,Liberty,7,31,
1962,8,32,23,TOWN WITHOUT PITY,Gene Pitney,Musicor,17,13,
1962,8,33,38,TWISTIN’ THE NIGHT AWAY,Sam Cooke,RCA Victor,4,33,
1962,8,34,34,THE GREATEST HURT,Jackie Wilson,Brunswick,7,34,
1962,8,35,40,WHAT’S SO GOOD ABOUT GOOD-BY,The Miracles,Tamla,7,35,
1962,8,36,42,SHE’S GOT YOU,Patsy Cline,Decca,5,36,
1962,8,37,21,LETTER FULL OF TEARS,Gladys Knight and the Pips,Fury,11,19,
1962,8,38,43,CHATTANOOGA CHOO CHOO,Floyd Cramer,RCA Victor,6,38,
1962,8,39,16,THE LION SLEEPS TONIGHT,The Tokens,RCA Victor,15,1,
1962,8,40,45,I’LL SEE YOU IN MY DREAMS,Pat Boone,Dot,5,40,
1962,8,42,36,MOON RIVER,Henry Mancini and His Orchestra,RCA Victor,20,11,
1962,8,47,30,MULTIPLICATION,Bobby Darin,Atco,10,30,
1962,8,49,22,RUN TO HIM,Bobby Vee,Liberty,15,2,
1962,8,54,24,WHEN I FALL IN LOVE,The Lettermen,Capitol,14,7,
1962,8,41,55,DRUMS ARE MY BEAT,Sandy Nelson,Imperial,3,41,
1962,8,43,50,AFRIKAAN BEAT,Bert Kaempfert,Decca,6,43,
1962,8,44,48,TWISTIN’ POSTMAN,The Marvelettes,Tamla,5,44,
1962,8,45,51,WHERE HAVE ALL THE FLOWERS GONE,The Kingston Trio,Capitol,6,45,
1962,8,46,64,"HEY, LET’S TWIST",Joey Dee and the Starliters,Roulette,2,46,
1962,8,48,49,LOST SOMEONE,James Brown and the Famous Flames,King,10,48,
1962,8,50,53,HE KNOWS I LOVE HIM TOO MUCH,The Paris Sisters,Gregmark,5,50,
1962,9,1,1,DUKE OF EARL,Gene Chandler,Vee-Jay,8,1,3 weeks at #1
1962,9,2,5,HEY! BABY,Bruce Channel,Smash,6,2,
1962,9,3,2,THE WANDERER,Dion,Laurie,13,2,
1962,9,4,6,BREAK IT TO ME GENTLY,Brenda Lee,Decca,8,4,
1962,9,5,4,THE TWIST,Chubby Checker,Parkway,34,1,
1962,9,6,8,CRYING IN THE RAIN,The Everly Brothers,Warner Brothers,8,6,
1962,9,7,3,NORMAN,Sue Thompson,Hickory,13,3,
1962,9,8,16,MIDNIGHT IN MOSCOW,Kenny Ball and His Jazzmen,Kapp,5,8,
1962,9,9,7,PEPPERMINT TWIST (Part 1),Joey Dee and the Starliters,Roulette,15,1,
1962,9,10,11,CHIP CHIP,Gene McDaniels,Liberty,7,10,
1962,9,11,9,DEAR LADY TWIST,Gary (U.S.) Bonds,Legrand,12,9,
1962,9,12,17,LET ME IN,The Sensations,Argo,9,12,
1962,9,13,23,DON’T BREAK THE HEART THAT LOVES YOU,Connie Francis,MGM,4,13,
1962,9,14,10,A LITTLE BITTY TEAR,Burl Ives,Decca,11,9,
1962,9,15,14,BABY IT’S YOU,The Shirelles,Scepter,11,8,
1962,9,16,21,HER ROYAL MAJESTY,James Darren,Colpix,5,16,
1962,9,17,19,PERCOLATOR (Twist),Billy Joe and the Checkmates,Dore,8,17,
1962,9,18,18,TUFF,Ace Cannon,Hi,10,18,
1962,9,19,20,I’M BLUE (The Gong-Gong Song),The Ikettes,Atco,8,19,
1962,9,20,26,WHAT’S YOUR NAME,Don and Juan,Big Top,4,20,
1962,9,21,24,SMOKY PLACES,The Corsairs Featuring Jay “Bird” Uzzell,Tuff,10,21,
1962,9,22,25,MY BOOMERANG WON’T COME BACK,Charlie Drake,United Artists,8,22,
1962,9,23,15,I KNOW (You Don’t Love Me No More),Barbara George,A.F.O.,16,3,
1962,9,24,22,THE CAJUN QUEEN,Jimmy Dean,Columbia,6,22,
1962,9,25,13,COTTON FIELDS,The Highwaymen,United Artists,14,13,
1962,9,26,29,TO A SLEEPING BEAUTY,Jimmy Dean,Columbia,7,26,
1962,9,27,33,TWISTIN’ THE NIGHT AWAY,Sam Cooke,RCA Victor,5,27,
1962,9,28,36,SHE’S GOT YOU,Patsy Cline,Decca,6,28,
1962,9,29,12,CAN’T HELP FALLING IN LOVE,Elvis Presley,RCA Victor,13,2,
1962,9,30,53,DREAM BABY (How Long Must I Dream),Roy Orbison,Monument,3,30,
1962,9,31,46,"HEY, LET’S TWIST",Joey Dee and the Starliters,Roulette,3,31,
1962,9,32,40,I’LL SEE YOU IN MY DREAMS,Pat Boone,Dot,6,32,
1962,9,33,31,SURFER’S STOMP,The Mar-Kets,Liberty,8,31,
1962,9,34,44,TWISTIN’ POSTMAN,The Marvelettes,Tamla,6,34,
1962,9,35,41,DRUMS ARE MY BEAT,Sandy Nelson,Imperial,4,35,
1962,9,36,38,CHATTANOOGA CHOO CHOO,Floyd Cramer,RCA Victor,7,36,
1962,9,37,30,IRRESISTIBLE YOU,Bobby Darin,Atco,12,15,
1962,9,38,45,WHERE HAVE ALL THE FLOWERS GONE,The Kingston Trio,Capitol,7,38,
1962,9,39,50,HE KNOWS I LOVE HIM TOO MUCH,The Paris Sisters,Gregmark,6,39,
1962,9,40,52,(Do the New) CONTINENTAL,The Dovells,Parkway,6,40,
1962,9,43,35,WHAT’S SO GOOD ABOUT GOOD-BY,The Miracles,Tamla,8,35,
1962,9,46,27,SHADRACK,Brook Benton,Mercury,8,19,
1962,9,48,32,TOWN WITHOUT PITY,Gene Pitney,Musicor,18,13,
1962,9,49,28,SHE’S EVERYTHING (I Wanted You To Be),Ral Donner,Gone,10,18,
1962,9,50,34,THE GREATEST HURT,Jackie Wilson,Brunswick,8,34,
1962,9,62,37,LETTER FULL OF TEARS,Gladys Knight and the Pips,Fury,12,19,
1962,9,41,58,COME BACK SILLY GIRL,The Lettermen,Capitol,3,41,
1962,9,42,56,JAMIE,Eddie Holland,Motown,7,42,
1962,9,44,57,LIZZIE BORDEN,The Chad Mitchell Trio,Kapp,6,44,
1962,9,45,66,(I’ve Got) BONNIE,Bobby Rydell,Cameo,3,45,
1962,9,47,43,AFRIKAAN BEAT,Bert Kaempfert,Decca,7,43,
1962,10,1,2,HEY! BABY,Bruce Channel,Smash,7,1,1 week at #1
1962,10,2,1,DUKE OF EARL,Gene Chandler,Vee-Jay,9,1,
1962,10,3,8,MIDNIGHT IN MOSCOW,Kenny Ball and His Jazzmen,Kapp,6,3,
1962,10,4,13,DON’T BREAK THE HEART THAT LOVES YOU,Connie Francis,MGM,5,4,
1962,10,5,12,LET ME IN,The Sensations,Argo,10,5,
1962,10,6,6,CRYING IN THE RAIN,The Everly Brothers,Warner Brothers,9,6,
1962,10,7,4,BREAK IT TO ME GENTLY,Brenda Lee,Decca,9,4,
1962,10,8,16,HER ROYAL MAJESTY,James Darren,Colpix,6,8,
1962,10,9,3,THE WANDERER,Dion,Laurie,14,2,
1962,10,10,20,WHAT’S YOUR NAME,Don and Juan,Big Top,5,10,
1962,10,11,11,DEAR LADY TWIST,Gary (U.S.) Bonds,Legrand,13,9,
1962,10,12,17,PERCOLATOR (Twist),Billy Joe and the Checkmates,Dore,9,12,
1962,10,13,5,THE TWIST,Chubby Checker,Parkway,35,1,
1962,10,14,10,CHIP CHIP,Gene McDaniels,Liberty,8,10,
1962,10,15,7,NORMAN,Sue Thompson,Hickory,14,3,
1962,10,16,21,SMOKY PLACES,The Corsairs Featuring Jay “Bird” Uzzell,Tuff,11,16,
1962,10,17,18,TUFF,Ace Cannon,Hi,11,17,
1962,10,18,9,PEPPERMINT TWIST (Part 1),Joey Dee and the Starliters,Roulette,16,1,
1962,10,19,15,BABY IT’S YOU,The Shirelles,Scepter,12,8,
1962,10,20,28,SHE’S GOT YOU,Patsy Cline,Decca,7,20,
1962,10,21,27,TWISTIN’ THE NIGHT AWAY,Sam Cooke,RCA Victor,6,21,
1962,10,22,31,"HEY, LET’S TWIST",Joey Dee and the Starliters,Roulette,4,22,
1962,10,23,30,DREAM BABY (How Long Must I Dream),Roy Orbison,Monument,4,23,
1962,10,24,22,MY BOOMERANG WON’T COME BACK,Charlie Drake,United Artists,9,22,
1962,10,25,19,I’M BLUE (The Gong-Gong Song),The Ikettes,Atco,9,19,
1962,10,26,14,A LITTLE BITTY TEAR,Burl Ives,Decca,12,9,
1962,10,27,25,COTTON FIELDS,The Highwaymen,United Artists,15,13,
1962,10,28,26,TO A SLEEPING BEAUTY,Jimmy Dean,Columbia,8,26,
1962,10,29,38,WHERE HAVE ALL THE FLOWERS GONE,The Kingston Trio,Capitol,8,29,
1962,10,30,24,THE CAJUN QUEEN,Jimmy Dean,Columbia,7,22,
1962,10,31,41,COME BACK SILLY GIRL,The Lettermen,Capitol,4,31,
1962,10,32,42,JAMIE,Eddie Holland,Motown,8,32,
1962,10,33,35,DRUMS ARE MY BEAT,Sandy Nelson,Imperial,5,33,
1962,10,34,39,HE KNOWS I LOVE HIM TOO MUCH,The Paris Sisters,Gregmark,7,34,
1962,10,35,45,(I’ve Got) BONNIE,Bobby Rydell,Cameo,4,35,
1962,10,36,60,SLOW TWISTIN’,Chubby Checker (with Dee Dee Sharp),Parkway,2,36,
1962,10,37,40,(Do the New) CONTINENTAL,The Dovells,Parkway,7,37,
1962,10,38,32,I’LL SEE YOU IN MY DREAMS,Pat Boone,Dot,7,32,
1962,10,39,67,LOVE LETTERS,Ketty Lester,Era,3,39,
1962,10,40,29,CAN’T HELP FALLING IN LOVE,Elvis Presley,RCA Victor,14,2,
1962,10,41,23,I KNOW (You Don’t Love Me No More),Barbara George,A.F.O.,17,3,
1962,10,43,34,TWISTIN’ POSTMAN,The Marvelettes,Tamla,7,34,
1962,10,48,36,CHATTANOOGA CHOO CHOO,Floyd Cramer,RCA Victor,8,36,
1962,10,59,37,IRRESISTIBLE YOU,Bobby Darin,Atco,13,15,
1962,10,42,47,AFRIKAAN BEAT,Bert Kaempfert,Decca,8,42,
1962,10,44,54,YOU WIN AGAIN,Fats Domino,Imperial,3,44,
1962,10,45,57,PLEASE DON’T ASK ABOUT BARBARA,Bobby Vee,Liberty,3,45,
1962,10,46,52,CRY TO ME,Solomon Burke,Atlantic,7,46,
1962,10,47,64,LOVE ME WARM AND TENDER,Paul Anka,RCA Victor,3,47,
1962,10,49,77,MASHED POTATO TIME,Dee Dee Sharp,Cameo,2,49,
1962,10,50,81,JOHNNY ANGEL,Shelley Fabares,Colpix,2,50,
1962,11,1,1,HEY! BABY,Bruce Channel,Smash,8,1,2 weeks at #1
1962,11,2,3,MIDNIGHT IN MOSCOW,Kenny Ball and His Jazzmen,Kapp,7,2,
1962,11,3,4,DON’T BREAK THE HEART THAT LOVES YOU,Connie Francis,MGM,6,3,
1962,11,4,5,LET ME IN,The Sensations,Argo,11,4,
1962,11,5,2,DUKE OF EARL,Gene Chandler,Vee-Jay,10,1,
1962,11,6,8,HER ROYAL MAJESTY,James Darren,Colpix,7,6,
1962,11,7,10,WHAT’S YOUR NAME,Don and Juan,Big Top,6,7,
1962,11,8,6,CRYING IN THE RAIN,The Everly Brothers,Warner Brothers,10,6,
1962,11,9,7,BREAK IT TO ME GENTLY,Brenda Lee,Decca,10,4,
1962,11,10,12,PERCOLATOR (Twist),Billy Joe and the Checkmates,Dore,10,10,
1962,11,11,9,THE WANDERER,Dion,Laurie,15,2,
1962,11,12,16,SMOKY PLACES,The Corsairs Featuring Jay “Bird” Uzzell,Tuff,12,12,
1962,11,13,21,TWISTIN’ THE NIGHT AWAY,Sam Cooke,RCA Victor,7,13,
1962,11,14,36,SLOW TWISTIN’,Chubby Checker (with Dee Dee Sharp),Parkway,3,14,
1962,11,15,11,DEAR LADY TWIST,Gary (U.S.) Bonds,Legrand,14,9,
1962,11,16,20,SHE’S GOT YOU,Patsy Cline,Decca,8,16,
1962,11,17,17,TUFF,Ace Cannon,Hi,12,17,
1962,11,18,23,DREAM BABY (How Long Must I Dream),Roy Orbison,Monument,5,18,
1962,11,19,14,CHIP CHIP,Gene McDaniels,Liberty,9,10,
1962,11,20,22,"HEY, LET’S TWIST",Joey Dee and the Starliters,Roulette,5,20,
1962,11,21,24,MY BOOMERANG WON’T COME BACK,Charlie Drake,United Artists,10,21,
1962,11,22,35,(I’ve Got) BONNIE,Bobby Rydell,Cameo,5,22,
1962,11,23,39,LOVE LETTERS,Ketty Lester,Era,4,23,
1962,11,24,13,THE TWIST,Chubby Checker,Parkway,36,1,
1962,11,25,29,WHERE HAVE ALL THE FLOWERS GONE,The Kingston Trio,Capitol,9,25,
1962,11,26,15,NORMAN,Sue Thompson,Hickory,15,3,
1962,11,27,31,COME BACK SILLY GIRL,The Lettermen,Capitol,5,27,
1962,11,28,50,JOHNNY ANGEL,Shelley Fabares,Colpix,3,28,
1962,11,29,33,DRUMS ARE MY BEAT,Sandy Nelson,Imperial,6,29,
1962,11,30,27,COTTON FIELDS,The Highwaymen,United Artists,16,13,
1962,11,31,32,JAMIE,Eddie Holland,Motown,9,31,
1962,11,32,49,MASHED POTATO TIME,Dee Dee Sharp,Cameo,3,32,
1962,11,33,25,I’M BLUE (The Gong-Gong Song),The Ikettes,Atco,10,19,
1962,11,34,34,HE KNOWS I LOVE HIM TOO MUCH,The Paris Sisters,Gregmark,8,34,
1962,11,35,45,PLEASE DON’T ASK ABOUT BARBARA,Bobby Vee,Liberty,4,35,
1962,11,36,47,LOVE ME WARM AND TENDER,Paul Anka,RCA Victor,4,36,
1962,11,37,58,YOUNG WORLD,Rick Nelson,Imperial,3,37,
1962,11,38,26,A LITTLE BITTY TEAR,Burl Ives,Decca,13,9,
1962,11,39,44,YOU WIN AGAIN,Fats Domino,Imperial,4,39,
1962,11,40,19,BABY IT’S YOU,The Shirelles,Scepter,13,8,
1962,11,41,18,PEPPERMINT TWIST (Part 1),Joey Dee and the Starliters,Roulette,17,1,
1962,11,42,37,(Do the New) CONTINENTAL,The Dovells,Parkway,8,37,
1962,11,43,30,THE CAJUN QUEEN,Jimmy Dean,Columbia,8,22,
1962,11,45,38,I’LL SEE YOU IN MY DREAMS,Pat Boone,Dot,8,32,
1962,11,54,28,TO A SLEEPING BEAUTY,Jimmy Dean,Columbia,9,26,
1962,11,44,46,CRY TO ME,Solomon Burke,Atlantic,8,44,
1962,11,46,43,TWISTIN’ POSTMAN,The Marvelettes,Tamla,8,34,
1962,11,47,54,WALK ON THE WILD SIDE,Brook Benton,Mercury,5,47,
1962,11,48,41,I KNOW (You Don’t Love Me No More),Barbara George,A.F.O.,18,3,
1962,11,49,60,YOU BETTER MOVE ON,Arthur Alexander,Dot,4,49,
1962,11,50,42,AFRIKAAN BEAT,Bert Kaempfert,Decca,9,42,
1962,12,1,1,HEY! BABY,Bruce Channel,Smash,9,1,3 weeks at #1
1962,12,2,3,DON’T BREAK THE HEART THAT LOVES YOU,Connie Francis,MGM,7,2,
1962,12,3,2,MIDNIGHT IN MOSCOW,Kenny Ball and His Jazzmen,Kapp,8,2,
1962,12,4,4,LET ME IN,The Sensations,Argo,12,4,
1962,12,5,5,DUKE OF EARL,Gene Chandler,Vee-Jay,11,1,
1962,12,6,18,DREAM BABY (How Long Must I Dream),Roy Orbison,Monument,6,6,
1962,12,7,14,SLOW TWISTIN’,Chubby Checker (with Dee Dee Sharp),Parkway,4,7,
1962,12,8,7,WHAT’S YOUR NAME,Don and Juan,Big Top,7,7,
1962,12,9,13,TWISTIN’ THE NIGHT AWAY,Sam Cooke,RCA Victor,8,9,
1962,12,10,6,HER ROYAL MAJESTY,James Darren,Colpix,8,6,
1962,12,11,28,JOHNNY ANGEL,Shelley Fabares,Colpix,4,11,
1962,12,12,23,LOVE LETTERS,Ketty Lester,Era,5,12,
1962,12,13,8,CRYING IN THE RAIN,The Everly Brothers,Warner Brothers,11,6,
1962,12,14,51,GOOD LUCK CHARM,Elvis Presley,RCA Victor,2,14,
1962,12,15,16,SHE’S GOT YOU,Patsy Cline,Decca,9,15,
1962,12,16,37,YOUNG WORLD,Rick Nelson,Imperial,4,16,
1962,12,17,10,PERCOLATOR (Twist),Billy Joe and the Checkmates,Dore,11,10,
1962,12,18,9,BREAK IT TO ME GENTLY,Brenda Lee,Decca,11,4,
1962,12,19,11,THE WANDERER,Dion,Laurie,16,2,
1962,12,20,12,SMOKY PLACES,The Corsairs Featuring Jay “Bird” Uzzell,Tuff,13,12,
1962,12,21,17,TUFF,Ace Cannon,Hi,13,17,
1962,12,22,35,PLEASE DON’T ASK ABOUT BARBARA,Bobby Vee,Liberty,5,22,
1962,12,23,36,LOVE ME WARM AND TENDER,Paul Anka,RCA Victor,5,23,
1962,12,24,27,COME BACK SILLY GIRL,The Lettermen,Capitol,6,24,
1962,12,25,25,WHERE HAVE ALL THE FLOWERS GONE,The Kingston Trio,Capitol,10,25,
1962,12,26,32,MASHED POTATO TIME,Dee Dee Sharp,Cameo,4,26,
1962,12,27,15,DEAR LADY TWIST,Gary (U.S.) Bonds,Legrand,15,9,
1962,12,28,22,(I’ve Got) BONNIE,Bobby Rydell,Cameo,6,22,
1962,12,29,19,CHIP CHIP,Gene McDaniels,Liberty,10,10,
1962,12,30,31,JAMIE,Eddie Holland,Motown,10,30,
1962,12,31,21,MY BOOMERANG WON’T COME BACK,Charlie Drake,United Artists,11,21,
1962,12,32,24,THE TWIST,Chubby Checker,Parkway,37,1,
1962,12,33,39,YOU WIN AGAIN,Fats Domino,Imperial,5,33,
1962,12,34,29,DRUMS ARE MY BEAT,Sandy Nelson,Imperial,7,29,
1962,12,35,56,LOVER PLEASE,Clyde McPhatter,Mercury,4,35,
1962,12,36,30,COTTON FIELDS,The Highwaymen,United Artists,17,13,
1962,12,37,33,I’M BLUE (The Gong-Gong Song),The Ikettes,Atco,11,19,
1962,12,38,26,NORMAN,Sue Thompson,Hickory,16,3,
1962,12,39,52,WHEN MY LITTLE GIRL IS SMILING,The Drifters,Atlantic,5,39,
1962,12,40,20,"HEY, LET’S TWIST",Joey Dee and the Starliters,Roulette,6,20,
1962,12,41,34,HE KNOWS I LOVE HIM TOO MUCH,The Paris Sisters,Gregmark,9,34,
1962,12,46,40,BABY IT’S YOU,The Shirelles,Scepter,14,8,
1962,12,54,38,A LITTLE BITTY TEAR,Burl Ives,Decca,14,9,
1962,12,42,49,YOU BETTER MOVE ON,Arthur Alexander,Dot,5,42,
1962,12,43,47,WALK ON THE WILD SIDE,Brook Benton,Mercury,6,43,
1962,12,44,55,SOMETHING’S GOT A HOLD ON ME,Etta James,Argo,5,44,
1962,12,45,59,IF A WOMAN ANSWERS (Hang Up the Phone),Leroy Van Dyke,Mercury,3,45,
1962,12,47,44,CRY TO ME,Solomon Burke,Atlantic,9,44,
1962,12,48,62,NUT ROCKER,B. Bumble and the Stingers,Rendezvous,4,48,
1962,12,49,61,SHE CAN’T FIND HER KEYS,Paul Petersen,Colpix,4,49,
1962,12,50,68,DEAR ONE,Larry Finnegan,Old Town,5,50,
1962,13,1,2,DON’T BREAK THE HEART THAT LOVES YOU,Connie Francis,MGM,8,1,1 week at #1
1962,13,2,1,HEY! BABY,Bruce Channel,Smash,10,1,
1962,13,3,11,JOHNNY ANGEL,Shelley Fabares,Colpix,5,3,
1962,13,4,6,DREAM BABY (How Long Must I Dream),Roy Orbison,Monument,7,4,
1962,13,5,3,MIDNIGHT IN MOSCOW,Kenny Ball and His Jazzmen,Kapp,9,2,
1962,13,6,7,SLOW TWISTIN’,Chubby Checker (with Dee Dee Sharp),Parkway,5,6,
1962,13,7,8,WHAT’S YOUR NAME,Don and Juan,Big Top,8,7,
1962,13,8,4,LET ME IN,The Sensations,Argo,13,4,
1962,13,9,14,GOOD LUCK CHARM,Elvis Presley,RCA Victor,3,9,
1962,13,10,9,TWISTIN’ THE NIGHT AWAY,Sam Cooke,RCA Victor,9,9,
1962,13,11,12,LOVE LETTERS,Ketty Lester,Era,6,11,
1962,13,12,16,YOUNG WORLD,Rick Nelson,Imperial,5,12,
1962,13,13,5,DUKE OF EARL,Gene Chandler,Vee-Jay,12,1,
1962,13,14,15,SHE’S GOT YOU,Patsy Cline,Decca,10,14,
1962,13,15,26,MASHED POTATO TIME,Dee Dee Sharp,Cameo,5,15,
1962,13,16,23,LOVE ME WARM AND TENDER,Paul Anka,RCA Victor,6,16,
1962,13,17,24,COME BACK SILLY GIRL,The Lettermen,Capitol,7,17,
1962,13,18,10,HER ROYAL MAJESTY,James Darren,Colpix,9,6,
1962,13,19,22,PLEASE DON’T ASK ABOUT BARBARA,Bobby Vee,Liberty,6,19,
1962,13,20,35,LOVER PLEASE,Clyde McPhatter,Mercury,5,20,
1962,13,21,28,(I’ve Got) BONNIE,Bobby Rydell,Cameo,7,21,
1962,13,22,25,WHERE HAVE ALL THE FLOWERS GONE,The Kingston Trio,Capitol,11,22,
1962,13,23,33,YOU WIN AGAIN,Fats Domino,Imperial,6,23,
1962,13,24,13,CRYING IN THE RAIN,The Everly Brothers,Warner Brothers,12,6,
1962,13,25,19,THE WANDERER,Dion,Laurie,17,2,
1962,13,26,18,BREAK IT TO ME GENTLY,Brenda Lee,Decca,12,4,
1962,13,27,21,TUFF,Ace Cannon,Hi,14,17,
1962,13,28,20,SMOKY PLACES,The Corsairs Featuring Jay “Bird” Uzzell,Tuff,14,12,
1962,13,29,17,PERCOLATOR (Twist),Billy Joe and the Checkmates,Dore,12,10,
1962,13,30,48,NUT ROCKER,B. Bumble and the Stingers,Rendezvous,5,30,
1962,13,31,42,YOU BETTER MOVE ON,Arthur Alexander,Dot,6,31,
1962,13,32,50,DEAR ONE,Larry Finnegan,Old Town,6,32,
1962,13,33,30,JAMIE,Eddie Holland,Motown,11,30,
1962,13,34,63,SOLDIER BOY,The Shirelles,Scepter,2,34,
1962,13,35,39,WHEN MY LITTLE GIRL IS SMILING,The Drifters,Atlantic,6,35,
1962,13,36,68,SHOUT (Part 1),Joey Dee and the Starliters,Roulette,2,36,
1962,13,37,45,IF A WOMAN ANSWERS (Hang Up the Phone),Leroy Van Dyke,Mercury,4,37,
1962,13,38,49,SHE CAN’T FIND HER KEYS,Paul Petersen,Colpix,5,38,
1962,13,39,44,SOMETHING’S GOT A HOLD ON ME,Etta James,Argo,6,39,
1962,13,40,51,THE ALVIN TWIST,The Chipmunks with David Seville,Liberty,5,40,
1962,13,44,32,THE TWIST,Chubby Checker,Parkway,38,1,
1962,13,45,37,I’M BLUE (The Gong-Gong Song),The Ikettes,Atco,12,19,
1962,13,49,27,DEAR LADY TWIST,Gary (U.S.) Bonds,Legrand,16,9,
1962,13,55,36,COTTON FIELDS,The Highwaymen,United Artists,18,13,
1962,13,57,31,MY BOOMERANG WON’T COME BACK,Charlie Drake,United Artists,12,21,
1962,13,59,29,CHIP CHIP,Gene McDaniels,Liberty,11,10,
1962,13,41,59,SOUL TWIST,King Curtis and the Noble Knights,Enjoy,4,41,
1962,13,42,52,CRY BABY CRY,The Angels,Caprice,7,42,
1962,13,43,69,STRANGER ON THE SHORE,Mr. Acker Bilk,Atco,3,43,
1962,13,46,62,CINDERELLA,Jack Ross,Dot,3,46,
1962,13,47,61,PATTI ANN,Johnny Crawford,Del-Fi,5,47,
1962,13,48,58,ANYTHING THAT’S PART OF YOU,Elvis Presley,RCA Victor,3,48,
1962,13,50,60,GINNY COME LATELY,Brian Hyland,ABC-Paramount,4,50,
1962,14,1,3,JOHNNY ANGEL,Shelley Fabares,Colpix,6,1,1 week at #1
1962,14,2,1,DON’T BREAK THE HEART THAT LOVES YOU,Connie Francis,MGM,9,1,
1962,14,3,9,GOOD LUCK CHARM,Elvis Presley,RCA Victor,4,3,
1962,14,4,6,SLOW TWISTIN’,Chubby Checker (with Dee Dee Sharp),Parkway,6,4,
1962,14,5,4,DREAM BABY (How Long Must I Dream),Roy Orbison,Monument,8,4,
1962,14,6,2,HEY! BABY,Bruce Channel,Smash,11,1,
1962,14,7,5,MIDNIGHT IN MOSCOW,Kenny Ball and His Jazzmen,Kapp,10,2,
1962,14,8,12,YOUNG WORLD,Rick Nelson,Imperial,6,8,
1962,14,9,11,LOVE LETTERS,Ketty Lester,Era,7,9,
1962,14,10,15,MASHED POTATO TIME,Dee Dee Sharp,Cameo,6,10,
1962,14,11,7,WHAT’S YOUR NAME,Don and Juan,Big Top,9,7,
1962,14,12,16,LOVE ME WARM AND TENDER,Paul Anka,RCA Victor,7,12,
1962,14,13,8,LET ME IN,The Sensations,Argo,14,4,
1962,14,14,10,TWISTIN’ THE NIGHT AWAY,Sam Cooke,RCA Victor,10,9,
1962,14,15,19,PLEASE DON’T ASK ABOUT BARBARA,Bobby Vee,Liberty,7,15,
1962,14,16,20,LOVER PLEASE,Clyde McPhatter,Mercury,6,16,
1962,14,17,17,COME BACK SILLY GIRL,The Lettermen,Capitol,8,17,
1962,14,18,21,(I’ve Got) BONNIE,Bobby Rydell,Cameo,8,18,
1962,14,19,14,SHE’S GOT YOU,Patsy Cline,Decca,11,14,
1962,14,20,13,DUKE OF EARL,Gene Chandler,Vee-Jay,13,1,
1962,14,21,22,WHERE HAVE ALL THE FLOWERS GONE,The Kingston Trio,Capitol,12,21,
1962,14,22,23,YOU WIN AGAIN,Fats Domino,Imperial,7,22,
1962,14,23,30,NUT ROCKER,B. Bumble and the Stingers,Rendezvous,6,23,
1962,14,24,34,SOLDIER BOY,The Shirelles,Scepter,3,24,
1962,14,25,32,DEAR ONE,Larry Finnegan,Old Town,7,25,
1962,14,26,36,SHOUT (Part 1),Joey Dee and the Starliters,Roulette,3,26,
1962,14,27,31,YOU BETTER MOVE ON,Arthur Alexander,Dot,7,27,
1962,14,28,35,WHEN MY LITTLE GIRL IS SMILING,The Drifters,Atlantic,7,28,
1962,14,29,18,HER ROYAL MAJESTY,James Darren,Colpix,10,6,
1962,14,30,38,SHE CAN’T FIND HER KEYS,Paul Petersen,Colpix,6,30,
1962,14,31,43,STRANGER ON THE SHORE,Mr. Acker Bilk,Atco,4,31,
1962,14,32,68,"TWIST, TWIST SENORA",Gary (U.S.) Bonds,Legrand,2,32,
1962,14,33,41,SOUL TWIST,King Curtis and the Noble Knights,Enjoy,5,33,
1962,14,34,53,SHE CRIED,Jay and the Americans,United Artists,4,34,
1962,14,35,37,IF A WOMAN ANSWERS (Hang Up the Phone),Leroy Van Dyke,Mercury,5,35,
1962,14,36,48,ANYTHING THAT’S PART OF YOU,Elvis Presley,RCA Victor,4,36,
1962,14,37,50,GINNY COME LATELY,Brian Hyland,ABC-Paramount,5,37,
1962,14,38,42,CRY BABY CRY,The Angels,Caprice,8,38,
1962,14,39,39,SOMETHING’S GOT A HOLD ON ME,Etta James,Argo,7,39,
1962,14,40,46,CINDERELLA,Jack Ross,Dot,4,40,
1962,14,41,33,JAMIE,Eddie Holland,Motown,12,30,
1962,14,45,40,THE ALVIN TWIST,The Chipmunks with David Seville,Liberty,6,40,
1962,14,46,28,SMOKY PLACES,The Corsairs Featuring Jay “Bird” Uzzell,Tuff,15,12,
1962,14,48,27,TUFF,Ace Cannon,Hi,15,17,
1962,14,49,29,PERCOLATOR (Twist),Billy Joe and the Checkmates,Dore,13,10,
1962,14,50,25,THE WANDERER,Dion,Laurie,18,2,
1962,14,51,26,BREAK IT TO ME GENTLY,Brenda Lee,Decca,13,4,
1962,14,53,24,CRYING IN THE RAIN,The Everly Brothers,Warner Brothers,13,6,
1962,14,42,52,JOHNNY JINGO,Hayley Mills,Buena Vista,4,42,
1962,14,43,47,PATTI ANN,Johnny Crawford,Del-Fi,6,43,
1962,14,44,56,THE JAM (Part 1),Bobby Gregg and His Friends,Cotton,4,44,
1962,14,47,58,TELL ME,Dick and DeeDee,Liberty,4,47,
1962,15,1,1,JOHNNY ANGEL,Shelley Fabares,Colpix,7,1,2 weeks at #1
1962,15,2,3,GOOD LUCK CHARM,Elvis Presley,RCA Victor,5,2,
1962,15,3,4,SLOW TWISTIN’,Chubby Checker (with Dee Dee Sharp),Parkway,7,3,
1962,15,4,10,MASHED POTATO TIME,Dee Dee Sharp,Cameo,7,4,
1962,15,5,9,LOVE LETTERS,Ketty Lester,Era,8,5,
1962,15,6,8,YOUNG WORLD,Rick Nelson,Imperial,7,6,
1962,15,7,2,DON’T BREAK THE HEART THAT LOVES YOU,Connie Francis,MGM,10,1,
1962,15,8,16,LOVER PLEASE,Clyde McPhatter,Mercury,7,8,
1962,15,9,7,MIDNIGHT IN MOSCOW,Kenny Ball and His Jazzmen,Kapp,11,2,
1962,15,10,6,HEY! BABY,Bruce Channel,Smash,12,1,
1962,15,11,24,SOLDIER BOY,The Shirelles,Scepter,4,11,
1962,15,12,12,LOVE ME WARM AND TENDER,Paul Anka,RCA Victor,8,12,
1962,15,13,5,DREAM BABY (How Long Must I Dream),Roy Orbison,Monument,9,4,
1962,15,14,26,SHOUT (Part 1),Joey Dee and the Starliters,Roulette,4,14,
1962,15,15,13,LET ME IN,The Sensations,Argo,15,4,
1962,15,16,25,DEAR ONE,Larry Finnegan,Old Town,8,16,
1962,15,17,14,TWISTIN’ THE NIGHT AWAY,Sam Cooke,RCA Victor,11,9,
1962,15,18,11,WHAT’S YOUR NAME,Don and Juan,Big Top,10,7,
1962,15,19,31,STRANGER ON THE SHORE,Mr. Acker Bilk,Atco,5,19,
1962,15,20,32,"TWIST, TWIST SENORA",Gary (U.S.) Bonds,Legrand,3,20,
1962,15,21,40,CINDERELLA,Jack Ross,Dot,5,21,
1962,15,22,34,SHE CRIED,Jay and the Americans,United Artists,5,22,
1962,15,23,15,PLEASE DON’T ASK ABOUT BARBARA,Bobby Vee,Liberty,8,15,
1962,15,24,30,SHE CAN’T FIND HER KEYS,Paul Petersen,Colpix,7,24,
1962,15,25,27,YOU BETTER MOVE ON,Arthur Alexander,Dot,8,25,
1962,15,26,17,COME BACK SILLY GIRL,The Lettermen,Capitol,9,17,
1962,15,27,37,GINNY COME LATELY,Brian Hyland,ABC-Paramount,6,27,
1962,15,28,18,(I’ve Got) BONNIE,Bobby Rydell,Cameo,9,18,
1962,15,29,23,NUT ROCKER,B. Bumble and the Stingers,Rendezvous,7,23,
1962,15,30,19,SHE’S GOT YOU,Patsy Cline,Decca,12,14,
1962,15,31,33,SOUL TWIST,King Curtis and the Noble Knights,Enjoy,6,31,
1962,15,32,44,THE JAM (Part 1),Bobby Gregg and His Friends,Cotton,5,32,
1962,15,33,36,ANYTHING THAT’S PART OF YOU,Elvis Presley,RCA Victor,5,33,
1962,15,34,42,JOHNNY JINGO,Hayley Mills,Buena Vista,5,34,
1962,15,35,21,WHERE HAVE ALL THE FLOWERS GONE,The Kingston Trio,Capitol,13,21,
1962,15,36,22,YOU WIN AGAIN,Fats Domino,Imperial,8,22,
1962,15,37,39,SOMETHING’S GOT A HOLD ON ME,Etta James,Argo,8,37,
1962,15,38,28,WHEN MY LITTLE GIRL IS SMILING,The Drifters,Atlantic,8,28,
1962,15,39,70,P.T. 109,Jimmy Dean,Columbia,3,39,
1962,15,40,52,WHAT’D I SAY (Part 1),Bobby Darin,Atco,3,40,
1962,15,42,20,DUKE OF EARL,Gene Chandler,Vee-Jay,14,1,
1962,15,46,38,CRY BABY CRY,The Angels,Caprice,9,38,
1962,15,47,29,HER ROYAL MAJESTY,James Darren,Colpix,11,6,
1962,15,48,35,IF A WOMAN ANSWERS (Hang Up the Phone),Leroy Van Dyke,Mercury,6,35,
1962,15,41,65,FUNNY WAY OF LAUGHIN’,Burl Ives,Decca,2,41,
1962,15,43,64,SHOUT SHOUT (Knock Yourself Out),Ernie Maresca,Seville,3,43,
1962,15,44,45,THE ALVIN TWIST,The Chipmunks with David Seville,Liberty,7,40,
1962,15,45,47,TELL ME,Dick and DeeDee,Liberty,5,45,
1962,15,49,67,HIDE ‘NOR HAIR,Ray Charles,ABC-Paramount,2,49,
1962,15,50,55,TWO OF A KIND,Sue Thompson,Hickory,5,50,
1962,16,1,2,GOOD LUCK CHARM,Elvis Presley,RCA Victor,6,1,1 week at #1
1962,16,2,1,JOHNNY ANGEL,Shelley Fabares,Colpix,8,1,
1962,16,3,4,MASHED POTATO TIME,Dee Dee Sharp,Cameo,8,3,
1962,16,4,3,SLOW TWISTIN’,Chubby Checker (with Dee Dee Sharp),Parkway,8,3,
1962,16,5,6,YOUNG WORLD,Rick Nelson,Imperial,8,5,
1962,16,6,11,SOLDIER BOY,The Shirelles,Scepter,5,6,
1962,16,7,8,LOVER PLEASE,Clyde McPhatter,Mercury,8,7,
1962,16,8,5,LOVE LETTERS,Ketty Lester,Era,9,5,
1962,16,9,14,SHOUT (Part 1),Joey Dee and the Starliters,Roulette,5,9,
1962,16,10,19,STRANGER ON THE SHORE,Mr. Acker Bilk,Atco,6,10,
1962,16,11,16,DEAR ONE,Larry Finnegan,Old Town,9,11,
1962,16,12,20,"TWIST, TWIST SENORA",Gary (U.S.) Bonds,Legrand,4,12,
1962,16,13,7,DON’T BREAK THE HEART THAT LOVES YOU,Connie Francis,MGM,11,1,
1962,16,14,12,LOVE ME WARM AND TENDER,Paul Anka,RCA Victor,9,12,
1962,16,15,22,SHE CRIED,Jay and the Americans,United Artists,6,15,
1962,16,16,9,MIDNIGHT IN MOSCOW,Kenny Ball and His Jazzmen,Kapp,12,2,
1962,16,17,17,TWISTIN’ THE NIGHT AWAY,Sam Cooke,RCA Victor,12,9,
1962,16,18,10,HEY! BABY,Bruce Channel,Smash,13,1,
1962,16,19,21,CINDERELLA,Jack Ross,Dot,6,19,
1962,16,20,13,DREAM BABY (How Long Must I Dream),Roy Orbison,Monument,10,4,
1962,16,21,24,SHE CAN’T FIND HER KEYS,Paul Petersen,Colpix,8,21,
1962,16,22,39,P.T. 109,Jimmy Dean,Columbia,4,22,
1962,16,23,27,GINNY COME LATELY,Brian Hyland,ABC-Paramount,7,23,
1962,16,24,25,YOU BETTER MOVE ON,Arthur Alexander,Dot,9,24,
1962,16,25,29,NUT ROCKER,B. Bumble and the Stingers,Rendezvous,8,23,
1962,16,26,31,SOUL TWIST,King Curtis and the Noble Knights,Enjoy,7,26,
1962,16,27,34,JOHNNY JINGO,Hayley Mills,Buena Vista,6,27,
1962,16,28,15,LET ME IN,The Sensations,Argo,16,4,
1962,16,29,32,THE JAM (Part 1),Bobby Gregg and His Friends,Cotton,6,29,
1962,16,30,41,FUNNY WAY OF LAUGHIN’,Burl Ives,Decca,3,30,
1962,16,31,33,ANYTHING THAT’S PART OF YOU,Elvis Presley,RCA Victor,6,31,
1962,16,32,49,HIDE ‘NOR HAIR,Ray Charles,ABC-Paramount,3,32,
1962,16,33,43,SHOUT SHOUT (Knock Yourself Out),Ernie Maresca,Seville,4,33,
1962,16,34,18,WHAT’S YOUR NAME,Don and Juan,Big Top,11,7,
1962,16,35,40,WHAT’D I SAY (Part 1),Bobby Darin,Atco,4,35,
1962,16,36,28,(I’ve Got) BONNIE,Bobby Rydell,Cameo,10,18,
1962,16,37,23,PLEASE DON’T ASK ABOUT BARBARA,Bobby Vee,Liberty,9,15,
1962,16,38,53,I WISH THAT WE WERE MARRIED,Ronnie and the Hi-Lites,Joy,4,38,
1962,16,39,61,OLD RIVERS,Walter Brennan,Liberty,3,39,
1962,16,40,26,COME BACK SILLY GIRL,The Lettermen,Capitol,10,17,
1962,16,41,37,SOMETHING’S GOT A HOLD ON ME,Etta James,Argo,9,37,
1962,16,44,38,WHEN MY LITTLE GIRL IS SMILING,The Drifters,Atlantic,9,28,
1962,16,49,35,WHERE HAVE ALL THE FLOWERS GONE,The Kingston Trio,Capitol,14,21,
1962,16,54,30,SHE’S GOT YOU,Patsy Cline,Decca,13,14,
1962,16,57,36,YOU WIN AGAIN,Fats Domino,Imperial,9,22,
1962,16,42,50,TWO OF A KIND,Sue Thompson,Hickory,6,42,
1962,16,43,56,UPTOWN,The Crystals,Philles,4,43,
1962,16,45,45,TELL ME,Dick and DeeDee,Liberty,6,45,
1962,16,46,55,THE ONE WHO REALLY LOVES YOU,Mary Wells,Motown,5,46,
1962,16,47,66,EVERYBODY LOVES ME BUT YOU,Brenda Lee,Decca,2,47,
1962,16,48,60,CATERINA,Perry Como,RCA Victor,4,48,
1962,16,50,52,AT THE CLUB,Ray Charles,ABC-Paramount,4,50,
1962,17,1,1,GOOD LUCK CHARM,Elvis Presley,RCA Victor,7,1,2 weeks at #1
1962,17,2,2,JOHNNY ANGEL,Shelley Fabares,Colpix,9,1,
1962,17,3,3,MASHED POTATO TIME,Dee Dee Sharp,Cameo,9,3,
1962,17,4,6,SOLDIER BOY,The Shirelles,Scepter,6,4,
1962,17,5,4,SLOW TWISTIN’,Chubby Checker (with Dee Dee Sharp),Parkway,9,3,
1962,17,6,5,YOUNG WORLD,Rick Nelson,Imperial,9,5,
1962,17,7,10,STRANGER ON THE SHORE,Mr. Acker Bilk,Atco,7,7,
1962,17,8,7,LOVER PLEASE,Clyde McPhatter,Mercury,9,7,
1962,17,9,9,SHOUT (Part 1),Joey Dee and the Starliters,Roulette,6,9,
1962,17,10,12,"TWIST, TWIST SENORA",Gary (U.S.) Bonds,Legrand,5,10,
1962,17,11,8,LOVE LETTERS,Ketty Lester,Era,10,5,
1962,17,12,22,P.T. 109,Jimmy Dean,Columbia,5,12,
1962,17,13,11,DEAR ONE,Larry Finnegan,Old Town,10,11,
1962,17,14,15,SHE CRIED,Jay and the Americans,United Artists,7,14,
1962,17,15,14,LOVE ME WARM AND TENDER,Paul Anka,RCA Victor,10,12,
1962,17,16,19,CINDERELLA,Jack Ross,Dot,7,16,
1962,17,17,26,SOUL TWIST,King Curtis and the Noble Knights,Enjoy,8,17,
1962,17,18,17,TWISTIN’ THE NIGHT AWAY,Sam Cooke,RCA Victor,13,9,
1962,17,19,21,SHE CAN’T FIND HER KEYS,Paul Petersen,Colpix,9,19,
1962,17,20,30,FUNNY WAY OF LAUGHIN’,Burl Ives,Decca,4,20,
1962,17,21,23,GINNY COME LATELY,Brian Hyland,ABC-Paramount,8,21,
1962,17,22,27,JOHNNY JINGO,Hayley Mills,Buena Vista,7,22,
1962,17,23,32,HIDE ‘NOR HAIR,Ray Charles,ABC-Paramount,4,23,
1962,17,24,35,WHAT’D I SAY (Part 1),Bobby Darin,Atco,5,24,
1962,17,25,39,OLD RIVERS,Walter Brennan,Liberty,4,25,
1962,17,26,47,EVERYBODY LOVES ME BUT YOU,Brenda Lee,Decca,3,26,
1962,17,27,33,SHOUT SHOUT (Knock Yourself Out),Ernie Maresca,Seville,5,27,
1962,17,28,16,MIDNIGHT IN MOSCOW,Kenny Ball and His Jazzmen,Kapp,13,2,
1962,17,29,24,YOU BETTER MOVE ON,Arthur Alexander,Dot,10,24,
1962,17,30,25,NUT ROCKER,B. Bumble and the Stingers,Rendezvous,9,23,
1962,17,31,29,THE JAM (Part 1),Bobby Gregg and His Friends,Cotton,7,29,
1962,17,32,13,DON’T BREAK THE HEART THAT LOVES YOU,Connie Francis,MGM,12,1,
1962,17,33,38,I WISH THAT WE WERE MARRIED,Ronnie and the Hi-Lites,Joy,5,33,
1962,17,34,48,CATERINA,Perry Como,RCA Victor,5,34,
1962,17,35,31,ANYTHING THAT’S PART OF YOU,Elvis Presley,RCA Victor,7,31,
1962,17,36,28,LET ME IN,The Sensations,Argo,17,4,
1962,17,37,43,UPTOWN,The Crystals,Philles,5,37,
1962,17,38,20,DREAM BABY (How Long Must I Dream),Roy Orbison,Monument,11,4,
1962,17,39,41,SOMETHING’S GOT A HOLD ON ME,Etta James,Argo,10,37,
1962,17,40,18,HEY! BABY,Bruce Channel,Smash,14,1,
1962,17,44,37,PLEASE DON’T ASK ABOUT BARBARA,Bobby Vee,Liberty,10,15,
1962,17,51,34,WHAT’S YOUR NAME,Don and Juan,Big Top,12,7,
1962,17,53,36,(I’ve Got) BONNIE,Bobby Rydell,Cameo,11,18,
1962,17,55,40,COME BACK SILLY GIRL,The Lettermen,Capitol,11,17,
1962,17,41,46,THE ONE WHO REALLY LOVES YOU,Mary Wells,Motown,6,41,
1962,17,42,63,TWISTIN’ MATILDA,Jimmy Soul,S.P.Q.R.,5,42,
1962,17,43,62,CONSCIENCE,James Darren,Colpix,3,43,
1962,17,45,50,AT THE CLUB,Ray Charles,ABC-Paramount,5,45,
1962,17,46,52,YOU TALK ABOUT LOVE,Barbara George,A.F.O.,5,46,
1962,17,47,42,TWO OF A KIND,Sue Thompson,Hickory,7,42,
1962,17,48,45,TELL ME,Dick and DeeDee,Liberty,7,45,
1962,17,49,53,YOU ARE MINE,Frankie Avalon,Chancellor,6,49,
1962,17,50,56,TRA LA LA LA LA,Ike and Tina Turner,Sue,6,50,
1962,18,1,4,SOLDIER BOY,The Shirelles,Scepter,7,1,1 week at #1
1962,18,2,3,MASHED POTATO TIME,Dee Dee Sharp,Cameo,10,2,
1962,18,3,2,JOHNNY ANGEL,Shelley Fabares,Colpix,10,1,
1962,18,4,7,STRANGER ON THE SHORE,Mr. Acker Bilk,Atco,8,4,
1962,18,5,1,GOOD LUCK CHARM,Elvis Presley,RCA Victor,8,1,
1962,18,6,9,SHOUT (Part 1),Joey Dee and the Starliters,Roulette,7,6,
1962,18,7,8,LOVER PLEASE,Clyde McPhatter,Mercury,10,7,
1962,18,8,5,SLOW TWISTIN’,Chubby Checker (with Dee Dee Sharp),Parkway,10,3,
1962,18,9,12,P.T. 109,Jimmy Dean,Columbia,6,9,
1962,18,10,10,"TWIST, TWIST SENORA",Gary (U.S.) Bonds,Legrand,6,10,
1962,18,11,6,YOUNG WORLD,Rick Nelson,Imperial,10,5,
1962,18,12,13,DEAR ONE,Larry Finnegan,Old Town,11,11,
1962,18,13,14,SHE CRIED,Jay and the Americans,United Artists,8,13,
1962,18,14,20,FUNNY WAY OF LAUGHIN’,Burl Ives,Decca,5,14,
1962,18,15,25,OLD RIVERS,Walter Brennan,Liberty,5,15,
1962,18,16,27,SHOUT SHOUT (Knock Yourself Out),Ernie Maresca,Seville,6,16,
1962,18,17,17,SOUL TWIST,King Curtis and the Noble Knights,Enjoy,9,17,
1962,18,18,26,EVERYBODY LOVES ME BUT YOU,Brenda Lee,Decca,4,18,
1962,18,19,11,LOVE LETTERS,Ketty Lester,Era,11,5,
1962,18,20,23,HIDE ‘NOR HAIR,Ray Charles,ABC-Paramount,5,20,
1962,18,21,22,JOHNNY JINGO,Hayley Mills,Buena Vista,8,21,
1962,18,22,19,SHE CAN’T FIND HER KEYS,Paul Petersen,Colpix,10,19,
1962,18,23,15,LOVE ME WARM AND TENDER,Paul Anka,RCA Victor,11,12,
1962,18,24,37,UPTOWN,The Crystals,Philles,6,24,
1962,18,25,16,CINDERELLA,Jack Ross,Dot,8,16,
1962,18,26,43,CONSCIENCE,James Darren,Colpix,4,26,
1962,18,27,33,I WISH THAT WE WERE MARRIED,Ronnie and the Hi-Lites,Joy,6,27,
1962,18,28,24,WHAT’D I SAY (Part 1),Bobby Darin,Atco,6,24,
1962,18,29,34,CATERINA,Perry Como,RCA Victor,6,29,
1962,18,30,31,THE JAM (Part 1),Bobby Gregg and His Friends,Cotton,8,29,
1962,18,31,21,GINNY COME LATELY,Brian Hyland,ABC-Paramount,9,21,
1962,18,32,18,TWISTIN’ THE NIGHT AWAY,Sam Cooke,RCA Victor,14,9,
1962,18,33,64,LOVERS WHO WANDER,Dion,Laurie,3,33,
1962,18,34,41,THE ONE WHO REALLY LOVES YOU,Mary Wells,Motown,7,34,
1962,18,35,30,NUT ROCKER,B. Bumble and the Stingers,Rendezvous,10,23,
1962,18,36,42,TWISTIN’ MATILDA,Jimmy Soul,S.P.Q.R.,6,36,
1962,18,37,49,YOU ARE MINE,Frankie Avalon,Chancellor,7,37,
1962,18,38,29,YOU BETTER MOVE ON,Arthur Alexander,Dot,11,24,
1962,18,39,28,MIDNIGHT IN MOSCOW,Kenny Ball and His Jazzmen,Kapp,14,2,
1962,18,40,35,ANYTHING THAT’S PART OF YOU,Elvis Presley,RCA Victor,8,31,
1962,18,42,36,LET ME IN,The Sensations,Argo,18,4,
1962,18,45,38,DREAM BABY (How Long Must I Dream),Roy Orbison,Monument,12,4,
1962,18,49,39,SOMETHING’S GOT A HOLD ON ME,Etta James,Argo,11,37,
1962,18,57,40,HEY! BABY,Bruce Channel,Smash,15,1,
1962,18,63,32,DON’T BREAK THE HEART THAT LOVES YOU,Connie Francis,MGM,13,1,
1962,18,41,48,TELL ME,Dick and DeeDee,Liberty,8,41,
1962,18,43,47,TWO OF A KIND,Sue Thompson,Hickory,8,42,
1962,18,44,66,I SOLD MY HEART TO THE JUNKMAN,The Blue-Belles (The Starlets),Newtown,3,44,
1962,18,46,69,MOST PEOPLE GET MARRIED,Patti Page,Mercury,3,46,
1962,18,47,54,I WILL,Vic Dana,Dolton,6,47,
1962,18,48,45,AT THE CLUB,Ray Charles,ABC-Paramount,6,45,
1962,18,50,52,MOMENTS,Jennell Hawkins,Amazon,7,50,
1962,19,1,1,SOLDIER BOY,The Shirelles,Scepter,8,1,2 weeks at #1
1962,19,2,2,MASHED POTATO TIME,Dee Dee Sharp,Cameo,11,2,
1962,19,3,4,STRANGER ON THE SHORE,Mr. Acker Bilk,Atco,9,3,
1962,19,4,3,JOHNNY ANGEL,Shelley Fabares,Colpix,11,1,
1962,19,5,5,GOOD LUCK CHARM,Elvis Presley,RCA Victor,9,1,
1962,19,6,13,SHE CRIED,Jay and the Americans,United Artists,9,6,
1962,19,7,15,OLD RIVERS,Walter Brennan,Liberty,6,7,
1962,19,8,16,SHOUT SHOUT (Knock Yourself Out),Ernie Maresca,Seville,7,8,
1962,19,9,10,"TWIST, TWIST SENORA",Gary (U.S.) Bonds,Legrand,7,9,
1962,19,10,6,SHOUT (Part 1),Joey Dee and the Starliters,Roulette,8,6,
1962,19,11,9,P.T. 109,Jimmy Dean,Columbia,7,9,
1962,19,12,18,EVERYBODY LOVES ME BUT YOU,Brenda Lee,Decca,5,12,
1962,19,13,8,SLOW TWISTIN’,Chubby Checker (with Dee Dee Sharp),Parkway,11,3,
1962,19,14,14,FUNNY WAY OF LAUGHIN’,Burl Ives,Decca,6,14,
1962,19,15,7,LOVER PLEASE,Clyde McPhatter,Mercury,11,7,
1962,19,16,26,CONSCIENCE,James Darren,Colpix,5,16,
1962,19,17,34,THE ONE WHO REALLY LOVES YOU,Mary Wells,Motown,8,17,
1962,19,18,27,I WISH THAT WE WERE MARRIED,Ronnie and the Hi-Lites,Joy,7,18,
1962,19,19,33,LOVERS WHO WANDER,Dion,Laurie,4,19,
1962,19,20,24,UPTOWN,The Crystals,Philles,7,20,
1962,19,21,12,DEAR ONE,Larry Finnegan,Old Town,12,11,
1962,19,22,11,YOUNG WORLD,Rick Nelson,Imperial,11,5,
1962,19,23,17,SOUL TWIST,King Curtis and the Noble Knights,Enjoy,10,17,
1962,19,24,19,LOVE LETTERS,Ketty Lester,Era,12,5,
1962,19,25,29,CATERINA,Perry Como,RCA Victor,7,25,
1962,19,26,21,JOHNNY JINGO,Hayley Mills,Buena Vista,9,21,
1962,19,27,37,YOU ARE MINE,Frankie Avalon,Chancellor,8,27,
1962,19,28,36,TWISTIN’ MATILDA,Jimmy Soul,S.P.Q.R.,7,28,
1962,19,29,41,TELL ME,Dick and DeeDee,Liberty,9,29,
1962,19,30,44,I SOLD MY HEART TO THE JUNKMAN,The Blue-Belles (The Starlets),Newtown,4,30,
1962,19,31,31,GINNY COME LATELY,Brian Hyland,ABC-Paramount,10,21,
1962,19,32,20,HIDE ‘NOR HAIR,Ray Charles,ABC-Paramount,6,20,
1962,19,33,22,SHE CAN’T FIND HER KEYS,Paul Petersen,Colpix,11,19,
1962,19,34,23,LOVE ME WARM AND TENDER,Paul Anka,RCA Victor,12,12,
1962,19,35,46,MOST PEOPLE GET MARRIED,Patti Page,Mercury,4,35,
1962,19,36,25,CINDERELLA,Jack Ross,Dot,9,16,
1962,19,37,30,THE JAM (Part 1),Bobby Gregg and His Friends,Cotton,9,29,
1962,19,38,35,NUT ROCKER,B. Bumble and the Stingers,Rendezvous,11,23,
1962,19,39,32,TWISTIN’ THE NIGHT AWAY,Sam Cooke,RCA Victor,15,9,
1962,19,40,28,WHAT’D I SAY (Part 1),Bobby Darin,Atco,7,24,
1962,19,45,38,YOU BETTER MOVE ON,Arthur Alexander,Dot,12,24,
1962,19,41,54,ITTY BITTY PIECES,James Ray,Caprice,6,41,
1962,19,42,53,BLUES (Stay Away From Me),Ace Cannon,Hi,5,42,
1962,19,43,59,DON’T PLAY THAT SONG (You Lied),Ben E. King,Atco,4,43,
1962,19,44,48,AT THE CLUB,Ray Charles,ABC-Paramount,7,44,
1962,19,46,51,NIGHT TRAIN,James Brown and the Famous Flames,King,5,46,
1962,19,47,52,KING OF CLOWNS,Neil Sedaka,RCA Victor,7,47,
1962,19,48,43,TWO OF A KIND,Sue Thompson,Hickory,9,42,
1962,19,49,60,COUNT EVERY STAR,Linda Scott,Canadian American,6,49,
1962,19,50,64,MOON RIVER,Henry Mancini and His Orchestra,RCA Victor,22,11,
1962,20,1,1,SOLDIER BOY,The Shirelles,Scepter,9,1,3 weeks at #1
1962,20,2,3,STRANGER ON THE SHORE,Mr. Acker Bilk,Atco,10,2,
1962,20,3,2,MASHED POTATO TIME,Dee Dee Sharp,Cameo,12,2,
1962,20,4,4,JOHNNY ANGEL,Shelley Fabares,Colpix,12,1,
1962,20,5,6,SHE CRIED,Jay and the Americans,United Artists,10,5,
1962,20,6,8,SHOUT SHOUT (Knock Yourself Out),Ernie Maresca,Seville,8,6,
1962,20,7,7,OLD RIVERS,Walter Brennan,Liberty,7,7,
1962,20,8,12,EVERYBODY LOVES ME BUT YOU,Brenda Lee,Decca,6,8,
1962,20,9,11,P.T. 109,Jimmy Dean,Columbia,8,9,
1962,20,10,14,FUNNY WAY OF LAUGHIN’,Burl Ives,Decca,7,10,
1962,20,11,5,GOOD LUCK CHARM,Elvis Presley,RCA Victor,10,1,
1962,20,12,10,SHOUT (Part 1),Joey Dee and the Starliters,Roulette,9,6,
1962,20,13,19,LOVERS WHO WANDER,Dion,Laurie,5,13,
1962,20,14,17,THE ONE WHO REALLY LOVES YOU,Mary Wells,Motown,9,14,
1962,20,15,16,CONSCIENCE,James Darren,Colpix,6,15,
1962,20,16,9,"TWIST, TWIST SENORA",Gary (U.S.) Bonds,Legrand,8,9,
1962,20,17,18,I WISH THAT WE WERE MARRIED,Ronnie and the Hi-Lites,Joy,8,17,
1962,20,18,20,UPTOWN,The Crystals,Philles,8,18,
1962,20,19,13,SLOW TWISTIN’,Chubby Checker (with Dee Dee Sharp),Parkway,12,3,
1962,20,20,15,LOVER PLEASE,Clyde McPhatter,Mercury,12,7,
1962,20,21,53,I CAN’T STOP LOVING YOU,Ray Charles,ABC-Paramount,3,21,
1962,20,22,29,TELL ME,Dick and DeeDee,Liberty,10,22,
1962,20,23,25,CATERINA,Perry Como,RCA Victor,8,23,
1962,20,24,30,I SOLD MY HEART TO THE JUNKMAN,The Blue-Belles (The Starlets),Newtown,5,24,
1962,20,25,28,TWISTIN’ MATILDA,Jimmy Soul,S.P.Q.R.,8,25,
1962,20,26,27,YOU ARE MINE,Frankie Avalon,Chancellor,9,26,
1962,20,27,35,MOST PEOPLE GET MARRIED,Patti Page,Mercury,5,27,
1962,20,28,23,SOUL TWIST,King Curtis and the Noble Knights,Enjoy,11,17,
1962,20,29,26,JOHNNY JINGO,Hayley Mills,Buena Vista,10,21,
1962,20,30,21,DEAR ONE,Larry Finnegan,Old Town,13,11,
1962,20,31,22,YOUNG WORLD,Rick Nelson,Imperial,12,5,
1962,20,32,55,(The Man Who Shot) LIBERTY VALANCE,Gene Pitney,Musicor,4,32,
1962,20,33,43,DON’T PLAY THAT SONG (You Lied),Ben E. King,Atco,5,33,
1962,20,34,64,IT KEEPS RIGHT ON A-HURTIN’,Johnny Tillotson,Cadence,2,34,
1962,20,35,24,LOVE LETTERS,Ketty Lester,Era,13,5,
1962,20,36,42,BLUES (Stay Away From Me),Ace Cannon,Hi,6,36,
1962,20,37,50,MOON RIVER,Henry Mancini and His Orchestra,RCA Victor,23,11,
1962,20,38,58,FOLLOW THAT DREAM (From the “Follow That Dream” EP),Elvis Presley,RCA Victor,2,38,
1962,20,39,46,NIGHT TRAIN,James Brown and the Famous Flames,King,6,39,
1962,20,40,75,SECOND HAND LOVE,Connie Francis,MGM,2,40,
1962,20,48,32,HIDE ‘NOR HAIR,Ray Charles,ABC-Paramount,7,20,
1962,20,52,31,GINNY COME LATELY,Brian Hyland,ABC-Paramount,11,21,
1962,20,53,40,WHAT’D I SAY (Part 1),Bobby Darin,Atco,8,24,
1962,20,54,33,SHE CAN’T FIND HER KEYS,Paul Petersen,Colpix,12,19,
1962,20,55,37,THE JAM (Part 1),Bobby Gregg and His Friends,Cotton,10,29,
1962,20,41,49,COUNT EVERY STAR,Linda Scott,Canadian American,7,41,
1962,20,42,69,PALISADES PARK,Freddy Cannon,Swan,2,42,
1962,20,43,63,VILLAGE OF LOVE,Nathaniel Mayer and the Fabulous Twilights,Fortune,4,43,
1962,20,44,54,SO THIS IS LOVE,The Castells,Era,6,44,
1962,20,45,47,KING OF CLOWNS,Neil Sedaka,RCA Victor,8,45,
1962,20,46,56,PLAYBOY,The Marvelettes,Tamla,3,46,
1962,20,47,61,TEACH ME TONIGHT,George Maharis,Epic,5,47,
1962,20,49,52,(I Was) BORN TO CRY,Dion,Laurie,5,49,
1962,20,50,59,I WILL,Vic Dana,Dolton,8,47,
1962,21,1,2,STRANGER ON THE SHORE,Mr. Acker Bilk,Atco,11,1,1 week at #1
1962,21,2,1,SOLDIER BOY,The Shirelles,Scepter,10,1,
1962,21,3,3,MASHED POTATO TIME,Dee Dee Sharp,Cameo,13,2,
1962,21,4,21,I CAN’T STOP LOVING YOU,Ray Charles,ABC-Paramount,4,4,
1962,21,5,7,OLD RIVERS,Walter Brennan,Liberty,8,5,
1962,21,6,8,EVERYBODY LOVES ME BUT YOU,Brenda Lee,Decca,7,6,
1962,21,7,5,SHE CRIED,Jay and the Americans,United Artists,11,5,
1962,21,8,9,P.T. 109,Jimmy Dean,Columbia,9,8,
1962,21,9,4,JOHNNY ANGEL,Shelley Fabares,Colpix,13,1,
1962,21,10,13,LOVERS WHO WANDER,Dion,Laurie,6,10,
1962,21,11,6,SHOUT SHOUT (Knock Yourself Out),Ernie Maresca,Seville,9,6,
1962,21,12,14,THE ONE WHO REALLY LOVES YOU,Mary Wells,Motown,10,12,
1962,21,13,18,UPTOWN,The Crystals,Philles,9,13,
1962,21,14,10,FUNNY WAY OF LAUGHIN’,Burl Ives,Decca,8,10,
1962,21,15,15,CONSCIENCE,James Darren,Colpix,7,15,
1962,21,16,17,I WISH THAT WE WERE MARRIED,Ronnie and the Hi-Lites,Joy,9,16,
1962,21,17,11,GOOD LUCK CHARM,Elvis Presley,RCA Victor,11,1,
1962,21,18,34,IT KEEPS RIGHT ON A-HURTIN’,Johnny Tillotson,Cadence,3,18,
1962,21,19,12,SHOUT (Part 1),Joey Dee and the Starliters,Roulette,10,6,
1962,21,20,24,I SOLD MY HEART TO THE JUNKMAN,The Blue-Belles (The Starlets),Newtown,6,20,
1962,21,21,32,(The Man Who Shot) LIBERTY VALANCE,Gene Pitney,Musicor,5,21,
1962,21,22,25,TWISTIN’ MATILDA,Jimmy Soul,S.P.Q.R.,9,22,
1962,21,23,16,"TWIST, TWIST SENORA",Gary (U.S.) Bonds,Legrand,9,9,
1962,21,24,40,SECOND HAND LOVE,Connie Francis,MGM,3,24,
1962,21,25,33,DON’T PLAY THAT SONG (You Lied),Ben E. King,Atco,6,25,
1962,21,26,22,TELL ME,Dick and DeeDee,Liberty,11,22,
1962,21,27,23,CATERINA,Perry Como,RCA Victor,9,23,
1962,21,28,42,PALISADES PARK,Freddy Cannon,Swan,3,28,
1962,21,29,27,MOST PEOPLE GET MARRIED,Patti Page,Mercury,6,27,
1962,21,30,38,FOLLOW THAT DREAM (From the “Follow That Dream” EP),Elvis Presley,RCA Victor,3,30,
1962,21,31,26,YOU ARE MINE,Frankie Avalon,Chancellor,10,26,
1962,21,32,37,MOON RIVER,Henry Mancini and His Orchestra,RCA Victor,24,11,
1962,21,33,46,PLAYBOY,The Marvelettes,Tamla,4,33,
1962,21,34,20,LOVER PLEASE,Clyde McPhatter,Mercury,13,7,
1962,21,35,39,NIGHT TRAIN,James Brown and the Famous Flames,King,7,35,
1962,21,36,43,VILLAGE OF LOVE,Nathaniel Mayer and the Fabulous Twilights,Fortune,5,36,
1962,21,37,19,SLOW TWISTIN’,Chubby Checker (with Dee Dee Sharp),Parkway,13,3,
1962,21,38,47,TEACH ME TONIGHT,George Maharis,Epic,6,38,
1962,21,39,28,SOUL TWIST,King Curtis and the Noble Knights,Enjoy,12,17,
1962,21,40,44,SO THIS IS LOVE,The Castells,Era,7,40,
1962,21,43,31,YOUNG WORLD,Rick Nelson,Imperial,13,5,
1962,21,47,36,BLUES (Stay Away From Me),Ace Cannon,Hi,7,36,
1962,21,52,30,DEAR ONE,Larry Finnegan,Old Town,14,11,
1962,21,56,35,LOVE LETTERS,Ketty Lester,Era,14,5,
1962,21,67,29,JOHNNY JINGO,Hayley Mills,Buena Vista,11,21,
1962,21,41,56,THAT’S OLD FASHIONED (That’s the Way Love Should Be),The Everly Brothers,Warner Brothers,3,41,
1962,21,42,49,(I Was) BORN TO CRY,Dion,Laurie,6,42,
1962,21,44,69,WALK ON THE WILD SIDE (Part 1),Jimmy Smith and the Big Band,Verve,3,44,
1962,21,45,41,COUNT EVERY STAR,Linda Scott,Canadian American,8,41,
1962,21,46,61,ANY DAY NOW (My Wild Beautiful Bird),Chuck Jackson,Wand,5,46,
1962,21,48,60,HIT RECORD,Brook Benton,Mercury,4,48,
1962,21,49,62,I LOVE YOU,The Volumes,Chex,5,49,
1962,21,50,51,ITTY BITTY PIECES,James Ray,Caprice,8,41,
1962,22,1,4,I CAN’T STOP LOVING YOU,Ray Charles,ABC-Paramount,5,1,1 week at #1
1962,22,2,1,STRANGER ON THE SHORE,Mr. Acker Bilk,Atco,12,1,
1962,22,3,2,SOLDIER BOY,The Shirelles,Scepter,11,1,
1962,22,4,10,LOVERS WHO WANDER,Dion,Laurie,7,4,
1962,22,5,3,MASHED POTATO TIME,Dee Dee Sharp,Cameo,14,2,
1962,22,6,6,EVERYBODY LOVES ME BUT YOU,Brenda Lee,Decca,8,6,
1962,22,7,11,SHOUT SHOUT (Knock Yourself Out),Ernie Maresca,Seville,10,6,
1962,22,8,5,OLD RIVERS,Walter Brennan,Liberty,9,5,
1962,22,9,12,THE ONE WHO REALLY LOVES YOU,Mary Wells,Motown,11,9,
1962,22,10,21,(The Man Who Shot) LIBERTY VALANCE,Gene Pitney,Musicor,6,10,
1962,22,11,15,CONSCIENCE,James Darren,Colpix,8,11,
1962,22,12,18,IT KEEPS RIGHT ON A-HURTIN’,Johnny Tillotson,Cadence,4,12,
1962,22,13,13,UPTOWN,The Crystals,Philles,10,13,
1962,22,14,7,SHE CRIED,Jay and the Americans,United Artists,12,5,
1962,22,15,20,I SOLD MY HEART TO THE JUNKMAN,The Blue-Belles (The Starlets),Newtown,7,15,
1962,22,16,24,SECOND HAND LOVE,Connie Francis,MGM,4,16,
1962,22,17,28,PALISADES PARK,Freddy Cannon,Swan,4,17,
1962,22,18,25,DON’T PLAY THAT SONG (You Lied),Ben E. King,Atco,7,18,
1962,22,19,33,PLAYBOY,The Marvelettes,Tamla,5,19,
1962,22,20,8,P.T. 109,Jimmy Dean,Columbia,10,8,
1962,22,21,9,JOHNNY ANGEL,Shelley Fabares,Colpix,14,1,
1962,22,22,22,TWISTIN’ MATILDA,Jimmy Soul,S.P.Q.R.,10,22,
1962,22,23,16,I WISH THAT WE WERE MARRIED,Ronnie and the Hi-Lites,Joy,10,16,
1962,22,24,30,FOLLOW THAT DREAM (From the “Follow That Dream” EP),Elvis Presley,RCA Victor,4,24,
1962,22,25,14,FUNNY WAY OF LAUGHIN’,Burl Ives,Decca,9,10,
1962,22,26,17,GOOD LUCK CHARM,Elvis Presley,RCA Victor,12,1,
1962,22,27,26,TELL ME,Dick and DeeDee,Liberty,12,22,
1962,22,28,62,THE STRIPPER,David Rose and His Orchestra,MGM,4,28,
1962,22,29,40,SO THIS IS LOVE,The Castells,Era,8,29,
1962,22,30,27,CATERINA,Perry Como,RCA Victor,10,23,
1962,22,31,38,TEACH ME TONIGHT,George Maharis,Epic,7,31,
1962,22,32,36,VILLAGE OF LOVE,Nathaniel Mayer and the Fabulous Twilights,Fortune,6,32,
1962,22,33,41,THAT’S OLD FASHIONED (That’s the Way Love Should Be),The Everly Brothers,Warner Brothers,4,33,
1962,22,34,23,"TWIST, TWIST SENORA",Gary (U.S.) Bonds,Legrand,10,9,
1962,22,35,29,MOST PEOPLE GET MARRIED,Patti Page,Mercury,7,27,
1962,22,36,35,NIGHT TRAIN,James Brown and the Famous Flames,King,8,35,
1962,22,37,51,CINDY’S BIRTHDAY,Johnny Crawford,Del-Fi,4,37,
1962,22,38,54,SNAP YOUR FINGERS,Joe Henderson,Todd,3,38,
1962,22,39,49,I LOVE YOU,The Volumes,Chex,6,39,
1962,22,40,46,ANY DAY NOW (My Wild Beautiful Bird),Chuck Jackson,Wand,6,40,
1962,22,41,19,SHOUT (Part 1),Joey Dee and the Starliters,Roulette,11,6,
1962,22,43,31,YOU ARE MINE,Frankie Avalon,Chancellor,11,26,
1962,22,44,32,MOON RIVER,Henry Mancini and His Orchestra,RCA Victor,25,11,
1962,22,47,34,LOVER PLEASE,Clyde McPhatter,Mercury,14,7,
1962,22,49,37,SLOW TWISTIN’,Chubby Checker (with Dee Dee Sharp),Parkway,14,3,
1962,22,55,39,SOUL TWIST,King Curtis and the Noble Knights,Enjoy,13,17,
1962,22,42,44,WALK ON THE WILD SIDE (Part 1),Jimmy Smith and the Big Band,Verve,4,42,
1962,22,45,48,HIT RECORD,Brook Benton,Mercury,5,45,
1962,22,46,57,SHARING YOU,Bobby Vee,Liberty,3,46,
1962,22,48,45,COUNT EVERY STAR,Linda Scott,Canadian American,9,41,
1962,22,50,61,BORN TO LOSE,Ray Charles,ABC-Paramount,4,50,
1962,23,1,1,I CAN’T STOP LOVING YOU,Ray Charles,ABC-Paramount,6,1,2 weeks at #1
1962,23,2,2,STRANGER ON THE SHORE,Mr. Acker Bilk,Atco,13,1,
1962,23,3,4,LOVERS WHO WANDER,Dion,Laurie,8,3,
1962,23,4,3,SOLDIER BOY,The Shirelles,Scepter,12,1,
1962,23,5,10,(The Man Who Shot) LIBERTY VALANCE,Gene Pitney,Musicor,7,5,
1962,23,6,12,IT KEEPS RIGHT ON A-HURTIN’,Johnny Tillotson,Cadence,5,6,
1962,23,7,16,SECOND HAND LOVE,Connie Francis,MGM,5,7,
1962,23,8,9,THE ONE WHO REALLY LOVES YOU,Mary Wells,Motown,12,8,
1962,23,9,17,PALISADES PARK,Freddy Cannon,Swan,5,9,
1962,23,10,19,PLAYBOY,The Marvelettes,Tamla,6,10,
1962,23,11,11,CONSCIENCE,James Darren,Colpix,9,11,
1962,23,12,18,DON’T PLAY THAT SONG (You Lied),Ben E. King,Atco,8,12,
1962,23,13,6,EVERYBODY LOVES ME BUT YOU,Brenda Lee,Decca,9,6,
1962,23,14,5,MASHED POTATO TIME,Dee Dee Sharp,Cameo,15,2,
1962,23,15,28,THE STRIPPER,David Rose and His Orchestra,MGM,5,15,
1962,23,16,14,SHE CRIED,Jay and the Americans,United Artists,13,5,
1962,23,17,15,I SOLD MY HEART TO THE JUNKMAN,The Blue-Belles (The Starlets),Newtown,8,15,
1962,23,18,8,OLD RIVERS,Walter Brennan,Liberty,10,5,
1962,23,19,7,SHOUT SHOUT (Knock Yourself Out),Ernie Maresca,Seville,11,6,
1962,23,20,13,UPTOWN,The Crystals,Philles,11,13,
1962,23,21,29,SO THIS IS LOVE,The Castells,Era,9,21,
1962,23,22,24,FOLLOW THAT DREAM (From the “Follow That Dream” EP),Elvis Presley,RCA Victor,5,22,
1962,23,23,33,THAT’S OLD FASHIONED (That’s the Way Love Should Be),The Everly Brothers,Warner Brothers,5,23,
1962,23,24,22,TWISTIN’ MATILDA,Jimmy Soul,S.P.Q.R.,11,22,
1962,23,25,37,CINDY’S BIRTHDAY,Johnny Crawford,Del-Fi,5,25,
1962,23,26,31,TEACH ME TONIGHT,George Maharis,Epic,8,26,
1962,23,27,38,SNAP YOUR FINGERS,Joe Henderson,Todd,4,27,
1962,23,28,32,VILLAGE OF LOVE,Nathaniel Mayer and the Fabulous Twilights,Fortune,7,28,
1962,23,29,25,FUNNY WAY OF LAUGHIN’,Burl Ives,Decca,10,10,
1962,23,30,62,AL DI LA’,Emilio Pericoli,Warner Brothers,4,30,
1962,23,31,46,SHARING YOU,Bobby Vee,Liberty,4,31,
1962,23,32,42,WALK ON THE WILD SIDE (Part 1),Jimmy Smith and the Big Band,Verve,5,32,
1962,23,33,21,JOHNNY ANGEL,Shelley Fabares,Colpix,15,1,
1962,23,34,40,ANY DAY NOW (My Wild Beautiful Bird),Chuck Jackson,Wand,7,34,
1962,23,35,56,LEMON TREE,"Peter, Paul and Mary",Warner Brothers,6,35,
1962,23,36,39,I LOVE YOU,The Volumes,Chex,7,36,
1962,23,37,20,P.T. 109,Jimmy Dean,Columbia,11,8,
1962,23,38,36,NIGHT TRAIN,James Brown and the Famous Flames,King,9,35,
1962,23,39,23,I WISH THAT WE WERE MARRIED,Ronnie and the Hi-Lites,Joy,11,16,
1962,23,40,27,TELL ME,Dick and DeeDee,Liberty,13,22,
1962,23,42,35,MOST PEOPLE GET MARRIED,Patti Page,Mercury,8,27,
1962,23,43,26,GOOD LUCK CHARM,Elvis Presley,RCA Victor,13,1,
1962,23,44,30,CATERINA,Perry Como,RCA Victor,11,23,
1962,23,41,68,A STEEL GUITAR AND A GLASS OF WINE,Paul Anka,RCA Victor,3,41,
1962,23,45,53,THEME FROM “BEN CASEY”,Valjean,Carlton,4,45,
1962,23,46,75,HAVING A PARTY,Sam Cooke,RCA Victor,3,46,
1962,23,47,54,HOW IS JULIE?,The Lettermen,Capitol,5,47,
1962,23,48,71,BRISTOL TWISTIN’ ANNIE,The Dovells,Parkway,4,48,
1962,23,49,45,HIT RECORD,Brook Benton,Mercury,6,45,
1962,23,50,65,FORTUNETELLER,Bobby Curtola,Del-Fi,6,50,
1962,24,1,1,I CAN’T STOP LOVING YOU,Ray Charles,ABC-Paramount,7,1,3 weeks at #1
1962,24,2,2,STRANGER ON THE SHORE,Mr. Acker Bilk,Atco,14,1,
1962,24,3,6,IT KEEPS RIGHT ON A-HURTIN’,Johnny Tillotson,Cadence,6,3,
1962,24,4,5,(The Man Who Shot) LIBERTY VALANCE,Gene Pitney,Musicor,8,4,
1962,24,5,9,PALISADES PARK,Freddy Cannon,Swan,6,5,
1962,24,6,3,LOVERS WHO WANDER,Dion,Laurie,9,3,
1962,24,7,7,SECOND HAND LOVE,Connie Francis,MGM,6,7,
1962,24,8,15,THE STRIPPER,David Rose and His Orchestra,MGM,6,8,
1962,24,9,10,PLAYBOY,The Marvelettes,Tamla,7,9,
1962,24,10,8,THE ONE WHO REALLY LOVES YOU,Mary Wells,Motown,13,8,
1962,24,11,12,DON’T PLAY THAT SONG (You Lied),Ben E. King,Atco,9,11,
1962,24,12,25,CINDY’S BIRTHDAY,Johnny Crawford,Del-Fi,6,12,
1962,24,13,23,THAT’S OLD FASHIONED (That’s the Way Love Should Be),The Everly Brothers,Warner Brothers,6,13,
1962,24,14,4,SOLDIER BOY,The Shirelles,Scepter,13,1,
1962,24,15,22,FOLLOW THAT DREAM (From the “Follow That Dream” EP),Elvis Presley,RCA Victor,6,15,
1962,24,16,30,AL DI LA’,Emilio Pericoli,Warner Brothers,5,16,
1962,24,17,14,MASHED POTATO TIME,Dee Dee Sharp,Cameo,16,2,
1962,24,18,27,SNAP YOUR FINGERS,Joe Henderson,Todd,5,18,
1962,24,19,31,SHARING YOU,Bobby Vee,Liberty,5,19,
1962,24,20,41,A STEEL GUITAR AND A GLASS OF WINE,Paul Anka,RCA Victor,4,20,
1962,24,21,13,EVERYBODY LOVES ME BUT YOU,Brenda Lee,Decca,10,6,
1962,24,22,17,I SOLD MY HEART TO THE JUNKMAN,The Blue-Belles (The Starlets),Newtown,9,15,
1962,24,23,21,SO THIS IS LOVE,The Castells,Era,10,21,
1962,24,24,34,ANY DAY NOW (My Wild Beautiful Bird),Chuck Jackson,Wand,8,24,
1962,24,25,28,VILLAGE OF LOVE,Nathaniel Mayer and the Fabulous Twilights,Fortune,8,25,
1962,24,26,26,TEACH ME TONIGHT,George Maharis,Epic,9,26,
1962,24,27,24,TWISTIN’ MATILDA,Jimmy Soul,S.P.Q.R.,12,22,
1962,24,28,20,UPTOWN,The Crystals,Philles,12,13,
1962,24,29,18,OLD RIVERS,Walter Brennan,Liberty,11,5,
1962,24,30,32,WALK ON THE WILD SIDE (Part 1),Jimmy Smith and the Big Band,Verve,6,30,
1962,24,31,68,ROSES ARE RED (My Love),Bobby Vinton,Epic,2,31,
1962,24,32,16,SHE CRIED,Jay and the Americans,United Artists,14,5,
1962,24,33,11,CONSCIENCE,James Darren,Colpix,10,11,
1962,24,34,36,I LOVE YOU,The Volumes,Chex,8,34,
1962,24,35,51,WOLVERTON MOUNTAIN,Claude King,Columbia,4,35,
1962,24,36,46,HAVING A PARTY,Sam Cooke,RCA Victor,4,36,
1962,24,37,45,THEME FROM “BEN CASEY”,Valjean,Carlton,5,37,
1962,24,38,19,SHOUT SHOUT (Knock Yourself Out),Ernie Maresca,Seville,12,6,
1962,24,39,35,LEMON TREE,"Peter, Paul and Mary",Warner Brothers,7,35,
1962,24,40,60,JOHNNY GET ANGRY,Joanie Sommers,Warner Brothers,4,40,
1962,24,50,29,FUNNY WAY OF LAUGHIN’,Burl Ives,Decca,11,10,
1962,24,54,40,TELL ME,Dick and DeeDee,Liberty,14,22,
1962,24,55,38,NIGHT TRAIN,James Brown and the Famous Flames,King,10,35,
1962,24,56,39,I WISH THAT WE WERE MARRIED,Ronnie and the Hi-Lites,Joy,12,16,
1962,24,41,52,THEME FROM “DR. KILDARE” (Three Stars Will Shine Tonight),Richard Chamberlain,MGM,3,41,
1962,24,42,47,HOW IS JULIE?,The Lettermen,Capitol,6,42,
1962,24,43,62,I’LL NEVER DANCE AGAIN,Bobby Rydell,Cameo,3,43,
1962,24,44,48,BRISTOL TWISTIN’ ANNIE,The Dovells,Parkway,5,44,
1962,24,45,50,FORTUNETELLER,Bobby Curtola,Del-Fi,7,45,
1962,24,46,53,WHERE ARE YOU,Dinah Washington,Roulette,5,46,
1962,24,47,49,HIT RECORD,Brook Benton,Mercury,7,45,
1962,24,48,56,BALBOA BLUE,The Marketts,Liberty,8,48,
1962,24,49,59,SWINGIN’ GENTLY,Earl Grant,Decca,4,49,
1962,25,1,1,I CAN’T STOP LOVING YOU,Ray Charles,ABC-Paramount,8,1,4 weeks at #1
1962,25,2,8,THE STRIPPER,David Rose and His Orchestra,MGM,7,2,
1962,25,3,5,PALISADES PARK,Freddy Cannon,Swan,7,3,
1962,25,4,3,IT KEEPS RIGHT ON A-HURTIN’,Johnny Tillotson,Cadence,7,3,
1962,25,5,2,STRANGER ON THE SHORE,Mr. Acker Bilk,Atco,15,1,
1962,25,6,4,(The Man Who Shot) LIBERTY VALANCE,Gene Pitney,Musicor,9,4,
1962,25,7,9,PLAYBOY,The Marvelettes,Tamla,8,7,
1962,25,8,12,CINDY’S BIRTHDAY,Johnny Crawford,Del-Fi,7,8,
1962,25,9,13,THAT’S OLD FASHIONED (That’s the Way Love Should Be),The Everly Brothers,Warner Brothers,7,9,
1962,25,10,7,SECOND HAND LOVE,Connie Francis,MGM,7,7,
1962,25,11,18,SNAP YOUR FINGERS,Joe Henderson,Todd,6,11,
1962,25,12,16,AL DI LA’,Emilio Pericoli,Warner Brothers,6,12,
1962,25,13,10,THE ONE WHO REALLY LOVES YOU,Mary Wells,Motown,14,8,
1962,25,14,6,LOVERS WHO WANDER,Dion,Laurie,10,3,
1962,25,15,15,FOLLOW THAT DREAM (From the “Follow That Dream” EP),Elvis Presley,RCA Victor,7,15,
1962,25,16,31,ROSES ARE RED (My Love),Bobby Vinton,Epic,3,16,
1962,25,17,20,A STEEL GUITAR AND A GLASS OF WINE,Paul Anka,RCA Victor,5,17,
1962,25,18,19,SHARING YOU,Bobby Vee,Liberty,6,18,
1962,25,19,11,DON’T PLAY THAT SONG (You Lied),Ben E. King,Atco,10,11,
1962,25,20,35,WOLVERTON MOUNTAIN,Claude King,Columbia,5,20,
1962,25,21,30,WALK ON THE WILD SIDE (Part 1),Jimmy Smith and the Big Band,Verve,7,21,
1962,25,22,25,VILLAGE OF LOVE,Nathaniel Mayer and the Fabulous Twilights,Fortune,9,22,
1962,25,23,24,ANY DAY NOW (My Wild Beautiful Bird),Chuck Jackson,Wand,9,23,
1962,25,24,34,I LOVE YOU,The Volumes,Chex,9,24,
1962,25,25,26,TEACH ME TONIGHT,George Maharis,Epic,10,25,
1962,25,26,40,JOHNNY GET ANGRY,Joanie Sommers,Warner Brothers,5,26,
1962,25,27,23,SO THIS IS LOVE,The Castells,Era,11,21,
1962,25,28,37,THEME FROM “BEN CASEY”,Valjean,Carlton,6,28,
1962,25,29,36,HAVING A PARTY,Sam Cooke,RCA Victor,5,29,
1962,25,30,60,THE WAH WATUSI,The Orlons,Cameo,3,30,
1962,25,31,43,I’LL NEVER DANCE AGAIN,Bobby Rydell,Cameo,4,31,
1962,25,32,14,SOLDIER BOY,The Shirelles,Scepter,14,1,
1962,25,33,41,THEME FROM “DR. KILDARE” (Three Stars Will Shine Tonight),Richard Chamberlain,MGM,4,33,
1962,25,34,61,GRAVY (For My Mashed Potatoes),Dee Dee Sharp,Cameo,2,34,
1962,25,35,27,TWISTIN’ MATILDA,Jimmy Soul,S.P.Q.R.,13,22,
1962,25,36,46,WHERE ARE YOU,Dinah Washington,Roulette,6,36,
1962,25,37,52,THE CROWD,Roy Orbison,Monument,4,37,
1962,25,38,22,I SOLD MY HEART TO THE JUNKMAN,The Blue-Belles (The Starlets),Newtown,10,15,
1962,25,39,44,BRISTOL TWISTIN’ ANNIE,The Dovells,Parkway,6,39,
1962,25,40,17,MASHED POTATO TIME,Dee Dee Sharp,Cameo,17,2,
1962,25,45,38,SHOUT SHOUT (Knock Yourself Out),Ernie Maresca,Seville,13,6,
1962,25,50,28,UPTOWN,The Crystals,Philles,13,13,
1962,25,52,39,LEMON TREE,"Peter, Paul and Mary",Warner Brothers,8,35,
1962,25,53,21,EVERYBODY LOVES ME BUT YOU,Brenda Lee,Decca,11,6,
1962,25,41,45,FORTUNETELLER,Bobby Curtola,Del-Fi,8,41,
1962,25,42,65,SEALED WITH A KISS,Brian Hyland,ABC-Paramount,3,42,
1962,25,43,57,I’LL TRY SOMETHING NEW,The Miracles,Tamla,7,43,
1962,25,44,49,SWINGIN’ GENTLY,Earl Grant,Decca,5,44,
1962,25,46,51,BORN TO LOSE,Ray Charles,ABC-Paramount,7,46,
1962,25,47,59,WEST OF THE WALL,Miss Toni Fisher,Big Top,5,47,
1962,25,48,62,JOHNNY LOVES ME,Shelley Fabares,Colpix,3,48,
1962,25,49,42,HOW IS JULIE?,The Lettermen,Capitol,7,42,
1962,26,1,1,I CAN’T STOP LOVING YOU,Ray Charles,ABC-Paramount,9,1,5 weeks at #1
1962,26,2,2,THE STRIPPER,David Rose and His Orchestra,MGM,8,2,
1962,26,3,3,PALISADES PARK,Freddy Cannon,Swan,8,3,
1962,26,4,4,IT KEEPS RIGHT ON A-HURTIN’,Johnny Tillotson,Cadence,8,3,
1962,26,5,16,ROSES ARE RED (My Love),Bobby Vinton,Epic,4,5,
1962,26,6,6,(The Man Who Shot) LIBERTY VALANCE,Gene Pitney,Musicor,10,4,
1962,26,7,7,PLAYBOY,The Marvelettes,Tamla,9,7,
1962,26,8,8,CINDY’S BIRTHDAY,Johnny Crawford,Del-Fi,8,8,
1962,26,9,5,STRANGER ON THE SHORE,Mr. Acker Bilk,Atco,16,1,
1962,26,10,12,AL DI LA’,Emilio Pericoli,Warner Brothers,7,10,
1962,26,11,11,SNAP YOUR FINGERS,Joe Henderson,Todd,7,11,
1962,26,12,9,THAT’S OLD FASHIONED (That’s the Way Love Should Be),The Everly Brothers,Warner Brothers,8,9,
1962,26,13,20,WOLVERTON MOUNTAIN,Claude King,Columbia,6,13,
1962,26,14,26,JOHNNY GET ANGRY,Joanie Sommers,Warner Brothers,6,14,
1962,26,15,17,A STEEL GUITAR AND A GLASS OF WINE,Paul Anka,RCA Victor,6,15,
1962,26,16,18,SHARING YOU,Bobby Vee,Liberty,7,16,
1962,26,17,33,THEME FROM “DR. KILDARE” (Three Stars Will Shine Tonight),Richard Chamberlain,MGM,5,17,
1962,26,18,30,THE WAH WATUSI,The Orlons,Cameo,4,18,
1962,26,19,10,SECOND HAND LOVE,Connie Francis,MGM,8,7,
1962,26,20,31,I’LL NEVER DANCE AGAIN,Bobby Rydell,Cameo,5,20,
1962,26,21,34,GRAVY (For My Mashed Potatoes),Dee Dee Sharp,Cameo,3,21,
1962,26,22,24,I LOVE YOU,The Volumes,Chex,10,22,
1962,26,23,23,ANY DAY NOW (My Wild Beautiful Bird),Chuck Jackson,Wand,10,23,
1962,26,24,29,HAVING A PARTY,Sam Cooke,RCA Victor,6,24,
1962,26,25,13,THE ONE WHO REALLY LOVES YOU,Mary Wells,Motown,15,8,
1962,26,26,15,FOLLOW THAT DREAM (From the “Follow That Dream” EP),Elvis Presley,RCA Victor,8,15,
1962,26,27,42,SEALED WITH A KISS,Brian Hyland,ABC-Paramount,4,27,
1962,26,28,21,WALK ON THE WILD SIDE (Part 1),Jimmy Smith and the Big Band,Verve,8,21,
1962,26,29,37,THE CROWD,Roy Orbison,Monument,5,29,
1962,26,30,14,LOVERS WHO WANDER,Dion,Laurie,11,3,
1962,26,31,39,BRISTOL TWISTIN’ ANNIE,The Dovells,Parkway,7,31,
1962,26,32,19,DON’T PLAY THAT SONG (You Lied),Ben E. King,Atco,11,11,
1962,26,33,22,VILLAGE OF LOVE,Nathaniel Mayer and the Fabulous Twilights,Fortune,10,22,
1962,26,34,57,SPEEDY GONZALES,Pat Boone,Dot,3,34,
1962,26,35,48,JOHNNY LOVES ME,Shelley Fabares,Colpix,4,35,
1962,26,36,28,THEME FROM “BEN CASEY”,Valjean,Carlton,7,28,
1962,26,37,59,TWIST AND SHOUT,The Isley Brothers,Wand,5,37,
1962,26,38,51,LITTLE BITTY PRETTY ONE,Clyde McPhatter,Mercury,3,38,
1962,26,39,43,I’LL TRY SOMETHING NEW,The Miracles,Tamla,8,39,
1962,26,40,36,WHERE ARE YOU,Dinah Washington,Roulette,7,36,
1962,26,42,35,TWISTIN’ MATILDA,Jimmy Soul,S.P.Q.R.,14,22,
1962,26,45,27,SO THIS IS LOVE,The Castells,Era,12,21,
1962,26,48,25,TEACH ME TONIGHT,George Maharis,Epic,11,25,
1962,26,59,38,I SOLD MY HEART TO THE JUNKMAN,The Blue-Belles (The Starlets),Newtown,11,15,
1962,26,73,40,MASHED POTATO TIME,Dee Dee Sharp,Cameo,18,2,
1962,26,41,46,BORN TO LOSE,Ray Charles,ABC-Paramount,8,41,
1962,26,43,41,FORTUNETELLER,Bobby Curtola,Del-Fi,9,41,
1962,26,44,47,WEST OF THE WALL,Miss Toni Fisher,Big Top,6,44,
1962,26,46,68,SEVEN DAY WEEKEND,Gary (U.S.) Bonds,Legrand,2,46,
1962,26,47,78,DANCIN’ PARTY,Chubby Checker,Parkway,2,47,
1962,26,49,44,SWINGIN’ GENTLY,Earl Grant,Decca,6,44,
1962,26,50,88,WELCOME HOME BABY,The Shirelles,Scepter,2,50,
1962,27,1,2,THE STRIPPER,David Rose and His Orchestra,MGM,9,1,1 week at #1
1962,27,2,5,ROSES ARE RED (My Love),Bobby Vinton,Epic,5,2,
1962,27,3,1,I CAN’T STOP LOVING YOU,Ray Charles,ABC-Paramount,10,1,
1962,27,4,3,PALISADES PARK,Freddy Cannon,Swan,9,3,
1962,27,5,4,IT KEEPS RIGHT ON A-HURTIN’,Johnny Tillotson,Cadence,9,3,
1962,27,6,10,AL DI LA’,Emilio Pericoli,Warner Brothers,8,6,
1962,27,7,13,WOLVERTON MOUNTAIN,Claude King,Columbia,7,7,
1962,27,8,11,SNAP YOUR FINGERS,Joe Henderson,Todd,8,8,
1962,27,9,14,JOHNNY GET ANGRY,Joanie Sommers,Warner Brothers,7,9,
1962,27,10,7,PLAYBOY,The Marvelettes,Tamla,10,7,
1962,27,11,8,CINDY’S BIRTHDAY,Johnny Crawford,Del-Fi,9,8,
1962,27,12,27,SEALED WITH A KISS,Brian Hyland,ABC-Paramount,5,12,
1962,27,13,15,A STEEL GUITAR AND A GLASS OF WINE,Paul Anka,RCA Victor,7,13,
1962,27,14,18,THE WAH WATUSI,The Orlons,Cameo,5,14,
1962,27,15,16,SHARING YOU,Bobby Vee,Liberty,8,15,
1962,27,16,21,GRAVY (For My Mashed Potatoes),Dee Dee Sharp,Cameo,4,16,
1962,27,17,17,THEME FROM “DR. KILDARE” (Three Stars Will Shine Tonight),Richard Chamberlain,MGM,6,17,
1962,27,18,20,I’LL NEVER DANCE AGAIN,Bobby Rydell,Cameo,6,18,
1962,27,19,9,STRANGER ON THE SHORE,Mr. Acker Bilk,Atco,17,1,
1962,27,20,6,(The Man Who Shot) LIBERTY VALANCE,Gene Pitney,Musicor,11,4,
1962,27,21,24,HAVING A PARTY,Sam Cooke,RCA Victor,7,21,
1962,27,22,34,SPEEDY GONZALES,Pat Boone,Dot,4,22,
1962,27,23,12,THAT’S OLD FASHIONED (That’s the Way Love Should Be),The Everly Brothers,Warner Brothers,9,9,
1962,27,24,35,JOHNNY LOVES ME,Shelley Fabares,Colpix,5,24,
1962,27,25,28,WALK ON THE WILD SIDE (Part 1),Jimmy Smith and the Big Band,Verve,9,21,
1962,27,26,66,BREAKING UP IS HARD TO DO,Neil Sedaka,RCA Victor,2,26,
1962,27,27,29,THE CROWD,Roy Orbison,Monument,6,27,
1962,27,28,38,LITTLE BITTY PRETTY ONE,Clyde McPhatter,Mercury,4,28,
1962,27,29,31,BRISTOL TWISTIN’ ANNIE,The Dovells,Parkway,8,29,
1962,27,30,47,DANCIN’ PARTY,Chubby Checker,Parkway,3,30,
1962,27,31,37,TWIST AND SHOUT,The Isley Brothers,Wand,6,31,
1962,27,32,22,I LOVE YOU,The Volumes,Chex,11,22,
1962,27,33,53,I NEED YOUR LOVING,Don Gardner and Dee Dee Ford,Fire,6,33,
1962,27,34,25,THE ONE WHO REALLY LOVES YOU,Mary Wells,Motown,16,8,
1962,27,35,36,THEME FROM “BEN CASEY”,Valjean,Carlton,8,28,
1962,27,36,46,SEVEN DAY WEEKEND,Gary (U.S.) Bonds,Legrand,3,36,
1962,27,37,23,ANY DAY NOW (My Wild Beautiful Bird),Chuck Jackson,Wand,11,23,
1962,27,38,51,"(Girls, Girls, Girls) MADE TO LOVE",Eddie Hodges,Cadence,3,38,
1962,27,39,50,WELCOME HOME BABY,The Shirelles,Scepter,3,39,
1962,27,40,40,WHERE ARE YOU,Dinah Washington,Roulette,8,36,
1962,27,44,39,I’LL TRY SOMETHING NEW,The Miracles,Tamla,9,39,
1962,27,49,19,SECOND HAND LOVE,Connie Francis,MGM,9,7,
1962,27,51,33,VILLAGE OF LOVE,Nathaniel Mayer and the Fabulous Twilights,Fortune,11,22,
1962,27,54,26,FOLLOW THAT DREAM (From the “Follow That Dream” EP),Elvis Presley,RCA Victor,9,15,
1962,27,63,30,LOVERS WHO WANDER,Dion,Laurie,12,3,
1962,27,67,32,DON’T PLAY THAT SONG (You Lied),Ben E. King,Atco,12,11,
1962,27,41,43,FORTUNETELLER,Bobby Curtola,Del-Fi,10,41,
1962,27,42,44,WEST OF THE WALL,Miss Toni Fisher,Big Top,7,42,
1962,27,43,64,YOU’LL LOSE A GOOD THING,Barbara Lynn,Jamie,4,43,
1962,27,45,55,STRANGER ON THE SHORE,Andy Williams,Columbia,5,45,
1962,27,46,65,BONGO STOMP,Little Joey and the Flips,Joy,4,46,
1962,27,47,70,"AHAB, THE ARAB",Ray Stevens,Mercury,2,47,
1962,27,48,41,BORN TO LOSE,Ray Charles,ABC-Paramount,9,41,
1962,27,50,54,LIMBO ROCK,The Champs,Challange,7,50,
1962,28,1,2,ROSES ARE RED (My Love),Bobby Vinton,Epic,6,1,1 week at #1
1962,28,2,1,THE STRIPPER,David Rose and His Orchestra,MGM,10,1,
1962,28,3,3,I CAN’T STOP LOVING YOU,Ray Charles,ABC-Paramount,11,1,
1962,28,4,14,THE WAH WATUSI,The Orlons,Cameo,6,4,
1962,28,5,12,SEALED WITH A KISS,Brian Hyland,ABC-Paramount,6,5,
1962,28,6,4,PALISADES PARK,Freddy Cannon,Swan,10,3,
1962,28,7,7,WOLVERTON MOUNTAIN,Claude King,Columbia,8,7,
1962,28,8,5,IT KEEPS RIGHT ON A-HURTIN’,Johnny Tillotson,Cadence,10,3,
1962,28,9,16,GRAVY (For My Mashed Potatoes),Dee Dee Sharp,Cameo,5,9,
1962,28,10,6,AL DI LA’,Emilio Pericoli,Warner Brothers,9,6,
1962,28,11,9,JOHNNY GET ANGRY,Joanie Sommers,Warner Brothers,8,9,
1962,28,12,8,SNAP YOUR FINGERS,Joe Henderson,Todd,9,8,
1962,28,13,22,SPEEDY GONZALES,Pat Boone,Dot,5,13,
1962,28,14,18,I’LL NEVER DANCE AGAIN,Bobby Rydell,Cameo,7,14,
1962,28,15,17,THEME FROM “DR. KILDARE” (Three Stars Will Shine Tonight),Richard Chamberlain,MGM,7,15,
1962,28,16,10,PLAYBOY,The Marvelettes,Tamla,11,7,
1962,28,17,21,HAVING A PARTY,Sam Cooke,RCA Victor,8,17,
1962,28,18,47,"AHAB, THE ARAB",Ray Stevens,Mercury,3,18,
1962,28,19,26,BREAKING UP IS HARD TO DO,Neil Sedaka,RCA Victor,3,19,
1962,28,20,30,DANCIN’ PARTY,Chubby Checker,Parkway,4,20,
1962,28,21,11,CINDY’S BIRTHDAY,Johnny Crawford,Del-Fi,10,8,
1962,28,22,24,JOHNNY LOVES ME,Shelley Fabares,Colpix,6,22,
1962,28,23,31,TWIST AND SHOUT,The Isley Brothers,Wand,7,23,
1962,28,24,33,I NEED YOUR LOVING,Don Gardner and Dee Dee Ford,Fire,7,24,
1962,28,25,28,LITTLE BITTY PRETTY ONE,Clyde McPhatter,Mercury,5,25,
1962,28,26,27,THE CROWD,Roy Orbison,Monument,7,26,
1962,28,27,29,BRISTOL TWISTIN’ ANNIE,The Dovells,Parkway,9,27,
1962,28,28,13,A STEEL GUITAR AND A GLASS OF WINE,Paul Anka,RCA Victor,8,13,
1962,28,29,38,"(Girls, Girls, Girls) MADE TO LOVE",Eddie Hodges,Cadence,4,29,
1962,28,30,15,SHARING YOU,Bobby Vee,Liberty,9,15,
1962,28,31,25,WALK ON THE WILD SIDE (Part 1),Jimmy Smith and the Big Band,Verve,10,21,
1962,28,32,36,SEVEN DAY WEEKEND,Gary (U.S.) Bonds,Legrand,4,32,
1962,28,33,43,YOU’LL LOSE A GOOD THING,Barbara Lynn,Jamie,5,33,
1962,28,34,39,WELCOME HOME BABY,The Shirelles,Scepter,4,34,
1962,28,35,46,BONGO STOMP,Little Joey and the Flips,Joy,5,35,
1962,28,36,19,STRANGER ON THE SHORE,Mr. Acker Bilk,Atco,18,1,
1962,28,37,42,WEST OF THE WALL,Miss Toni Fisher,Big Top,8,37,
1962,28,38,45,STRANGER ON THE SHORE,Andy Williams,Columbia,6,38,
1962,28,39,23,THAT’S OLD FASHIONED (That’s the Way Love Should Be),The Everly Brothers,Warner Brothers,10,9,
1962,28,40,50,LIMBO ROCK,The Champs,Challange,8,40,
1962,28,42,20,(The Man Who Shot) LIBERTY VALANCE,Gene Pitney,Musicor,12,4,
1962,28,44,32,I LOVE YOU,The Volumes,Chex,12,22,
1962,28,45,34,THE ONE WHO REALLY LOVES YOU,Mary Wells,Motown,17,8,
1962,28,46,37,ANY DAY NOW (My Wild Beautiful Bird),Chuck Jackson,Wand,12,23,
1962,28,48,40,WHERE ARE YOU,Dinah Washington,Roulette,9,36,
1962,28,63,35,THEME FROM “BEN CASEY”,Valjean,Carlton,9,28,
1962,28,41,53,IT STARTED ALL OVER AGAIN,Brenda Lee,Decca,3,41,
1962,28,43,55,BUT NOT FOR ME,Ketty Lester,Era,4,43,
1962,28,47,44,I’LL TRY SOMETHING NEW,The Miracles,Tamla,10,39,
1962,28,49,41,FORTUNETELLER,Bobby Curtola,Del-Fi,11,41,
1962,28,50,56,HAVE A GOOD TIME,Sue Thompson,Hickory,5,50,
1962,29,1,1,ROSES ARE RED (My Love),Bobby Vinton,Epic,7,1,2 weeks at #1
1962,29,2,4,THE WAH WATUSI,The Orlons,Cameo,7,2,
1962,29,3,3,I CAN’T STOP LOVING YOU,Ray Charles,ABC-Paramount,12,1,
1962,29,4,2,THE STRIPPER,David Rose and His Orchestra,MGM,11,1,
1962,29,5,5,SEALED WITH A KISS,Brian Hyland,ABC-Paramount,7,5,
1962,29,6,7,WOLVERTON MOUNTAIN,Claude King,Columbia,9,6,
1962,29,7,11,JOHNNY GET ANGRY,Joanie Sommers,Warner Brothers,9,7,
1962,29,8,13,SPEEDY GONZALES,Pat Boone,Dot,6,8,
1962,29,9,9,GRAVY (For My Mashed Potatoes),Dee Dee Sharp,Cameo,6,9,
1962,29,10,6,PALISADES PARK,Freddy Cannon,Swan,11,3,
1962,29,11,10,AL DI LA’,Emilio Pericoli,Warner Brothers,10,6,
1962,29,12,18,"AHAB, THE ARAB",Ray Stevens,Mercury,4,12,
1962,29,13,19,BREAKING UP IS HARD TO DO,Neil Sedaka,RCA Victor,4,13,
1962,29,14,8,IT KEEPS RIGHT ON A-HURTIN’,Johnny Tillotson,Cadence,11,3,
1962,29,15,20,DANCIN’ PARTY,Chubby Checker,Parkway,5,15,
1962,29,16,14,I’LL NEVER DANCE AGAIN,Bobby Rydell,Cameo,8,14,
1962,29,17,17,HAVING A PARTY,Sam Cooke,RCA Victor,9,17,
1962,29,18,15,THEME FROM “DR. KILDARE” (Three Stars Will Shine Tonight),Richard Chamberlain,MGM,8,15,
1962,29,19,29,"(Girls, Girls, Girls) MADE TO LOVE",Eddie Hodges,Cadence,5,19,
1962,29,20,12,SNAP YOUR FINGERS,Joe Henderson,Todd,10,8,
1962,29,21,22,JOHNNY LOVES ME,Shelley Fabares,Colpix,7,21,
1962,29,22,23,TWIST AND SHOUT,The Isley Brothers,Wand,8,22,
1962,29,23,33,YOU’LL LOSE A GOOD THING,Barbara Lynn,Jamie,6,23,
1962,29,24,24,I NEED YOUR LOVING,Don Gardner and Dee Dee Ford,Fire,8,24,
1962,29,25,16,PLAYBOY,The Marvelettes,Tamla,12,7,
1962,29,26,52,THE LOCO-MOTION,Little Eva,Dimension,4,26,
1962,29,27,32,SEVEN DAY WEEKEND,Gary (U.S.) Bonds,Legrand,5,27,
1962,29,28,34,WELCOME HOME BABY,The Shirelles,Scepter,5,28,
1962,29,29,25,LITTLE BITTY PRETTY ONE,Clyde McPhatter,Mercury,6,25,
1962,29,30,21,CINDY’S BIRTHDAY,Johnny Crawford,Del-Fi,11,8,
1962,29,31,41,IT STARTED ALL OVER AGAIN,Brenda Lee,Decca,4,31,
1962,29,32,60,PARTY LIGHTS,Claudine Clark,Chancellor,4,32,
1962,29,33,26,THE CROWD,Roy Orbison,Monument,8,26,
1962,29,34,61,THINGS,Bobby Darin,Atco,3,34,
1962,29,35,28,A STEEL GUITAR AND A GLASS OF WINE,Paul Anka,RCA Victor,9,13,
1962,29,36,55,HEART IN HAND,Brenda Lee,Decca,3,36,
1962,29,37,53,LITTLE DIANE,Dion,Laurie,3,37,
1962,29,38,27,BRISTOL TWISTIN’ ANNIE,The Dovells,Parkway,10,27,
1962,29,39,31,WALK ON THE WILD SIDE (Part 1),Jimmy Smith and the Big Band,Verve,11,21,
1962,29,40,50,HAVE A GOOD TIME,Sue Thompson,Hickory,6,40,
1962,29,42,35,BONGO STOMP,Little Joey and the Flips,Joy,6,35,
1962,29,44,36,STRANGER ON THE SHORE,Mr. Acker Bilk,Atco,19,1,
1962,29,45,37,WEST OF THE WALL,Miss Toni Fisher,Big Top,9,37,
1962,29,48,40,LIMBO ROCK,The Champs,Challange,9,40,
1962,29,51,38,STRANGER ON THE SHORE,Andy Williams,Columbia,7,38,
1962,29,54,30,SHARING YOU,Bobby Vee,Liberty,10,15,
1962,29,41,43,BUT NOT FOR ME,Ketty Lester,Era,5,41,
1962,29,43,58,LITTLE RED RENTED ROWBOAT,Joe Dowell,Smash,5,43,
1962,29,46,51,STEEL MEN,Jimmy Dean,Columbia,5,46,
1962,29,47,49,FORTUNETELLER,Bobby Curtola,Del-Fi,12,41,
1962,29,49,85,BRING IT ON HOME TO ME,Sam Cooke,RCA Victor,3,49,
1962,29,50,54,ROUTE 66 THEME,Nelson Riddle and His Orchestra,Capitol,8,50,
1962,30,1,1,ROSES ARE RED (My Love),Bobby Vinton,Epic,8,1,3 weeks at #1
1962,30,2,2,THE WAH WATUSI,The Orlons,Cameo,8,2,
1962,30,3,5,SEALED WITH A KISS,Brian Hyland,ABC-Paramount,8,3,
1962,30,4,3,I CAN’T STOP LOVING YOU,Ray Charles,ABC-Paramount,13,1,
1962,30,5,4,THE STRIPPER,David Rose and His Orchestra,MGM,12,1,
1962,30,6,8,SPEEDY GONZALES,Pat Boone,Dot,7,6,
1962,30,7,6,WOLVERTON MOUNTAIN,Claude King,Columbia,10,6,
1962,30,8,13,BREAKING UP IS HARD TO DO,Neil Sedaka,RCA Victor,5,8,
1962,30,9,9,GRAVY (For My Mashed Potatoes),Dee Dee Sharp,Cameo,7,9,
1962,30,10,12,"AHAB, THE ARAB",Ray Stevens,Mercury,5,10,
1962,30,11,7,JOHNNY GET ANGRY,Joanie Sommers,Warner Brothers,10,7,
1962,30,12,15,DANCIN’ PARTY,Chubby Checker,Parkway,6,12,
1962,30,13,18,THEME FROM “DR. KILDARE” (Three Stars Will Shine Tonight),Richard Chamberlain,MGM,9,13,
1962,30,14,26,THE LOCO-MOTION,Little Eva,Dimension,5,14,
1962,30,15,23,YOU’LL LOSE A GOOD THING,Barbara Lynn,Jamie,7,15,
1962,30,16,10,PALISADES PARK,Freddy Cannon,Swan,12,3,
1962,30,17,11,AL DI LA’,Emilio Pericoli,Warner Brothers,11,6,
1962,30,18,19,"(Girls, Girls, Girls) MADE TO LOVE",Eddie Hodges,Cadence,6,18,
1962,30,19,22,TWIST AND SHOUT,The Isley Brothers,Wand,9,19,
1962,30,20,24,I NEED YOUR LOVING,Don Gardner and Dee Dee Ford,Fire,9,20,
1962,30,21,17,HAVING A PARTY,Sam Cooke,RCA Victor,10,17,
1962,30,22,28,WELCOME HOME BABY,The Shirelles,Scepter,6,22,
1962,30,23,32,PARTY LIGHTS,Claudine Clark,Chancellor,5,23,
1962,30,24,34,THINGS,Bobby Darin,Atco,4,24,
1962,30,25,16,I’LL NEVER DANCE AGAIN,Bobby Rydell,Cameo,9,14,
1962,30,26,36,HEART IN HAND,Brenda Lee,Decca,4,26,
1962,30,27,37,LITTLE DIANE,Dion,Laurie,4,27,
1962,30,28,14,IT KEEPS RIGHT ON A-HURTIN’,Johnny Tillotson,Cadence,12,3,
1962,30,29,31,IT STARTED ALL OVER AGAIN,Brenda Lee,Decca,5,29,
1962,30,30,21,JOHNNY LOVES ME,Shelley Fabares,Colpix,8,21,
1962,30,31,20,SNAP YOUR FINGERS,Joe Henderson,Todd,11,8,
1962,30,32,29,LITTLE BITTY PRETTY ONE,Clyde McPhatter,Mercury,7,25,
1962,30,33,42,BONGO STOMP,Little Joey and the Flips,Joy,7,33,
1962,30,34,43,LITTLE RED RENTED ROWBOAT,Joe Dowell,Smash,6,34,
1962,30,35,40,HAVE A GOOD TIME,Sue Thompson,Hickory,7,35,
1962,30,36,25,PLAYBOY,The Marvelettes,Tamla,13,7,
1962,30,37,33,THE CROWD,Roy Orbison,Monument,9,26,
1962,30,38,30,CINDY’S BIRTHDAY,Johnny Crawford,Del-Fi,12,8,
1962,30,39,35,A STEEL GUITAR AND A GLASS OF WINE,Paul Anka,RCA Victor,10,13,
1962,30,40,27,SEVEN DAY WEEKEND,Gary (U.S.) Bonds,Legrand,6,27,
1962,30,46,39,WALK ON THE WILD SIDE (Part 1),Jimmy Smith and the Big Band,Verve,12,21,
1962,30,54,38,BRISTOL TWISTIN’ ANNIE,The Dovells,Parkway,11,27,
1962,30,41,41,BUT NOT FOR ME,Ketty Lester,Era,6,41,
1962,30,42,50,ROUTE 66 THEME,Nelson Riddle and His Orchestra,Capitol,9,42,
1962,30,43,46,STEEL MEN,Jimmy Dean,Columbia,6,43,
1962,30,44,49,BRING IT ON HOME TO ME,Sam Cooke,RCA Victor,4,44,
1962,30,45,52,"SUMMERTIME, SUMMERTIME",The Jamies,Epic,17,26,
1962,30,47,55,MARY’S LITTLE LAMB,James Darren,Colpix,5,47,
1962,30,48,45,WEST OF THE WALL,Miss Toni Fisher,Big Top,10,37,
1962,30,49,53,I DON’T LOVE YOU NO MORE (I Don’t Care About You),Jimmy Norman,Little Star,7,49,
1962,30,50,48,LIMBO ROCK,The Champs,Challenge,10,40,
1962,31,1,1,ROSES ARE RED (My Love),Bobby Vinton,Epic,9,1,4 weeks at #1
1962,31,2,8,BREAKING UP IS HARD TO DO,Neil Sedaka,RCA Victor,6,2,
1962,31,3,3,SEALED WITH A KISS,Brian Hyland,ABC-Paramount,9,3,
1962,31,4,2,THE WAH WATUSI,The Orlons,Cameo,9,2,
1962,31,5,10,"AHAB, THE ARAB",Ray Stevens,Mercury,6,5,
1962,31,6,6,SPEEDY GONZALES,Pat Boone,Dot,8,6,
1962,31,7,4,I CAN’T STOP LOVING YOU,Ray Charles,ABC-Paramount,14,1,
1962,31,8,14,THE LOCO-MOTION,Little Eva,Dimension,6,8,
1962,31,9,5,THE STRIPPER,David Rose and His Orchestra,MGM,13,1,
1962,31,10,13,THEME FROM “DR. KILDARE” (Three Stars Will Shine Tonight),Richard Chamberlain,MGM,10,10,
1962,31,11,7,WOLVERTON MOUNTAIN,Claude King,Columbia,11,6,
1962,31,12,12,DANCIN’ PARTY,Chubby Checker,Parkway,7,12,
1962,31,13,15,YOU’LL LOSE A GOOD THING,Barbara Lynn,Jamie,8,13,
1962,31,14,11,JOHNNY GET ANGRY,Joanie Sommers,Warner Brothers,11,7,
1962,31,15,9,GRAVY (For My Mashed Potatoes),Dee Dee Sharp,Cameo,8,9,
1962,31,16,24,THINGS,Bobby Darin,Atco,5,16,
1962,31,17,18,"(Girls, Girls, Girls) MADE TO LOVE",Eddie Hodges,Cadence,7,17,
1962,31,18,19,TWIST AND SHOUT,The Isley Brothers,Wand,10,18,
1962,31,19,27,LITTLE DIANE,Dion,Laurie,5,19,
1962,31,20,20,I NEED YOUR LOVING,Don Gardner and Dee Dee Ford,Fire,10,20,
1962,31,21,23,PARTY LIGHTS,Claudine Clark,Chancellor,6,21,
1962,31,22,26,HEART IN HAND,Brenda Lee,Decca,5,22,
1962,31,23,16,PALISADES PARK,Freddy Cannon,Swan,13,3,
1962,31,24,17,AL DI LA’,Emilio Pericoli,Warner Brothers,12,6,
1962,31,25,34,LITTLE RED RENTED ROWBOAT,Joe Dowell,Smash,7,25,
1962,31,26,21,HAVING A PARTY,Sam Cooke,RCA Victor,11,17,
1962,31,27,56,YOU DON’T KNOW ME,Ray Charles,ABC-Paramount,2,27,
1962,31,28,22,WELCOME HOME BABY,The Shirelles,Scepter,7,22,
1962,31,29,25,I’LL NEVER DANCE AGAIN,Bobby Rydell,Cameo,10,14,
1962,31,30,28,IT KEEPS RIGHT ON A-HURTIN’,Johnny Tillotson,Cadence,13,3,
1962,31,31,42,ROUTE 66 THEME,Nelson Riddle and His Orchestra,Capitol,10,31,
1962,31,32,44,BRING IT ON HOME TO ME,Sam Cooke,RCA Victor,5,32,
1962,31,33,29,IT STARTED ALL OVER AGAIN,Brenda Lee,Decca,6,29,
1962,31,34,30,JOHNNY LOVES ME,Shelley Fabares,Colpix,9,21,
1962,31,35,33,BONGO STOMP,Little Joey and the Flips,Joy,8,33,
1962,31,36,31,SNAP YOUR FINGERS,Joe Henderson,Todd,12,8,
1962,31,37,35,HAVE A GOOD TIME,Sue Thompson,Hickory,8,35,
1962,31,38,45,"SUMMERTIME, SUMMERTIME",The Jamies,Epic,18,26,
1962,31,39,47,MARY’S LITTLE LAMB,James Darren,Colpix,6,39,
1962,31,40,36,PLAYBOY,The Marvelettes,Tamla,14,7,
1962,31,53,32,LITTLE BITTY PRETTY ONE,Clyde McPhatter,Mercury,8,25,
1962,31,58,37,THE CROWD,Roy Orbison,Monument,10,26,
1962,31,64,38,CINDY’S BIRTHDAY,Johnny Crawford,Del-Fi,13,8,
1962,31,65,40,SEVEN DAY WEEKEND,Gary (U.S.) Bonds,Legrand,7,27,
1962,31,41,43,STEEL MEN,Jimmy Dean,Columbia,7,41,
1962,31,42,76,CALL ME MR. IN-BETWEEN,Burl Ives,Decca,3,42,
1962,31,43,73,SHEILA,Tommy Roe,ABC-Paramount,2,43,
1962,31,44,60,RINKY DINK,Dave “Baby” Cortez,Julia/Chess,4,44,
1962,31,45,55,THE BALLAD OF PALADIN,Duane Eddy,RCA Victor,5,45,
1962,31,46,52,WHAT’S A MATTER BABY (Is It Hurting You),Timi Yuro,Liberty,4,46,
1962,31,47,49,I DON’T LOVE YOU NO MORE (I Don’t Care About You),Jimmy Norman,Little Star,8,47,
1962,31,48,64,A SWINGIN’ SAFARI,Billy Vaughn and His Orchestra,Dot,3,48,
1962,31,49,41,BUT NOT FOR ME,Ketty Lester,Era,7,41,
1962,31,50,57,BABY ELEPHANT WALK,Lawrence Welk and His Orchestra,Dot,9,50,
1962,32,1,2,BREAKING UP IS HARD TO DO,Neil Sedaka,RCA Victor,7,1,1 week at #1
1962,32,2,1,ROSES ARE RED (My Love),Bobby Vinton,Epic,10,1,
1962,32,3,4,THE WAH WATUSI,The Orlons,Cameo,10,2,
1962,32,4,8,THE LOCO-MOTION,Little Eva,Dimension,7,4,
1962,32,5,5,"AHAB, THE ARAB",Ray Stevens,Mercury,7,5,
1962,32,6,6,SPEEDY GONZALES,Pat Boone,Dot,9,6,
1962,32,7,3,SEALED WITH A KISS,Brian Hyland,ABC-Paramount,10,3,
1962,32,8,13,YOU’LL LOSE A GOOD THING,Barbara Lynn,Jamie,9,8,
1962,32,9,16,THINGS,Bobby Darin,Atco,6,9,
1962,32,10,9,THE STRIPPER,David Rose and His Orchestra,MGM,14,1,
1962,32,11,27,YOU DON’T KNOW ME,Ray Charles,ABC-Paramount,3,11,
1962,32,12,11,WOLVERTON MOUNTAIN,Claude King,Columbia,12,6,
1962,32,13,19,LITTLE DIANE,Dion,Laurie,6,13,
1962,32,14,17,"(Girls, Girls, Girls) MADE TO LOVE",Eddie Hodges,Cadence,8,14,
1962,32,15,14,JOHNNY GET ANGRY,Joanie Sommers,Warner Brothers,12,7,
1962,32,16,10,THEME FROM “DR. KILDARE” (Three Stars Will Shine Tonight),Richard Chamberlain,MGM,11,10,
1962,32,17,18,TWIST AND SHOUT,The Isley Brothers,Wand,11,17,
1962,32,18,21,PARTY LIGHTS,Claudine Clark,Chancellor,7,18,
1962,32,19,7,I CAN’T STOP LOVING YOU,Ray Charles,ABC-Paramount,15,1,
1962,32,20,22,HEART IN HAND,Brenda Lee,Decca,6,20,
1962,32,21,12,DANCIN’ PARTY,Chubby Checker,Parkway,8,12,
1962,32,22,20,I NEED YOUR LOVING,Don Gardner and Dee Dee Ford,Fire,11,20,
1962,32,23,25,LITTLE RED RENTED ROWBOAT,Joe Dowell,Smash,8,23,
1962,32,24,43,SHEILA,Tommy Roe,ABC-Paramount,3,24,
1962,32,25,15,GRAVY (For My Mashed Potatoes),Dee Dee Sharp,Cameo,9,9,
1962,32,26,57,SHE’S NOT YOU,Elvis Presley,RCA Victor,2,26,
1962,32,27,32,BRING IT ON HOME TO ME,Sam Cooke,RCA Victor,6,27,
1962,32,28,42,CALL ME MR. IN-BETWEEN,Burl Ives,Decca,4,28,
1962,32,29,48,A SWINGIN’ SAFARI,Billy Vaughn and His Orchestra,Dot,4,29,
1962,32,30,31,ROUTE 66 THEME,Nelson Riddle and His Orchestra,Capitol,11,30,
1962,32,31,37,HAVE A GOOD TIME,Sue Thompson,Hickory,9,31,
1962,32,32,54,VACATION,Connie Francis,MGM,3,32,
1962,32,33,46,WHAT’S A MATTER BABY (Is It Hurting You),Timi Yuro,Liberty,5,33,
1962,32,34,44,RINKY DINK,Dave “Baby” Cortez,Julia/Chess,5,34,
1962,32,35,24,AL DI LA’,Emilio Pericoli,Warner Brothers,13,6,
1962,32,36,45,THE BALLAD OF PALADIN,Duane Eddy,RCA Victor,6,36,
1962,32,37,26,HAVING A PARTY,Sam Cooke,RCA Victor,12,17,
1962,32,38,33,IT STARTED ALL OVER AGAIN,Brenda Lee,Decca,7,29,
1962,32,39,23,PALISADES PARK,Freddy Cannon,Swan,14,3,
1962,32,40,28,WELCOME HOME BABY,The Shirelles,Scepter,8,22,
1962,32,41,29,I’LL NEVER DANCE AGAIN,Bobby Rydell,Cameo,11,14,
1962,32,43,39,MARY’S LITTLE LAMB,James Darren,Colpix,7,39,
1962,32,45,35,BONGO STOMP,Little Joey and the Flips,Joy,9,33,
1962,32,46,38,"SUMMERTIME, SUMMERTIME",The Jamies,Epic,19,26,
1962,32,47,30,IT KEEPS RIGHT ON A-HURTIN’,Johnny Tillotson,Cadence,14,3,
1962,32,52,40,PLAYBOY,The Marvelettes,Tamla,15,7,
1962,32,53,34,JOHNNY LOVES ME,Shelley Fabares,Colpix,10,21,
1962,32,42,52,MAKE IT EASY ON YOURSELF,Jerry Butler,Vee-Jay,6,42,
1962,32,44,51,BEN CRAZY,Dickie Goodman,Diamond,5,44,
1962,32,48,41,STEEL MEN,Jimmy Dean,Columbia,8,41,
1962,32,49,70,DEVIL WOMAN,Marty Robbins,Columbia,3,49,
1962,32,50,71,TILL DEATH DO US PART,Bob Braun,Decca,4,50,
1962,33,1,1,BREAKING UP IS HARD TO DO,Neil Sedaka,RCA Victor,8,1,2 weeks at #1
1962,33,2,4,THE LOCO-MOTION,Little Eva,Dimension,8,2,
1962,33,3,2,ROSES ARE RED (My Love),Bobby Vinton,Epic,11,1,
1962,33,4,3,THE WAH WATUSI,The Orlons,Cameo,11,2,
1962,33,5,11,YOU DON’T KNOW ME,Ray Charles,ABC-Paramount,4,5,
1962,33,6,9,THINGS,Bobby Darin,Atco,7,6,
1962,33,7,5,"AHAB, THE ARAB",Ray Stevens,Mercury,8,5,
1962,33,8,13,LITTLE DIANE,Dion,Laurie,7,8,
1962,33,9,6,SPEEDY GONZALES,Pat Boone,Dot,10,6,
1962,33,10,7,SEALED WITH A KISS,Brian Hyland,ABC-Paramount,11,3,
1962,33,11,18,PARTY LIGHTS,Claudine Clark,Chancellor,8,11,
1962,33,12,24,SHEILA,Tommy Roe,ABC-Paramount,4,12,
1962,33,13,26,SHE’S NOT YOU,Elvis Presley,RCA Victor,3,13,
1962,33,14,8,YOU’LL LOSE A GOOD THING,Barbara Lynn,Jamie,10,8,
1962,33,15,10,THE STRIPPER,David Rose and His Orchestra,MGM,15,1,
1962,33,16,12,WOLVERTON MOUNTAIN,Claude King,Columbia,13,6,
1962,33,17,32,VACATION,Connie Francis,MGM,4,17,
1962,33,18,20,HEART IN HAND,Brenda Lee,Decca,7,18,
1962,33,19,17,TWIST AND SHOUT,The Isley Brothers,Wand,12,17,
1962,33,20,14,"(Girls, Girls, Girls) MADE TO LOVE",Eddie Hodges,Cadence,9,14,
1962,33,21,27,BRING IT ON HOME TO ME,Sam Cooke,RCA Victor,7,21,
1962,33,22,28,CALL ME MR. IN-BETWEEN,Burl Ives,Decca,5,22,
1962,33,23,33,WHAT’S A MATTER BABY (Is It Hurting You),Timi Yuro,Liberty,6,23,
1962,33,24,15,JOHNNY GET ANGRY,Joanie Sommers,Warner Brothers,13,7,
1962,33,25,29,A SWINGIN’ SAFARI,Billy Vaughn and His Orchestra,Dot,5,25,
1962,33,26,16,THEME FROM “DR. KILDARE” (Three Stars Will Shine Tonight),Richard Chamberlain,MGM,12,10,
1962,33,27,34,RINKY DINK,Dave “Baby” Cortez,Julia/Chess,6,27,
1962,33,28,22,I NEED YOUR LOVING,Don Gardner and Dee Dee Ford,Fire,12,20,
1962,33,29,19,I CAN’T STOP LOVING YOU,Ray Charles,ABC-Paramount,16,1,
1962,33,30,21,DANCIN’ PARTY,Chubby Checker,Parkway,9,12,
1962,33,31,42,MAKE IT EASY ON YOURSELF,Jerry Butler,Vee-Jay,7,31,
1962,33,32,30,ROUTE 66 THEME,Nelson Riddle and His Orchestra,Capitol,12,30,
1962,33,33,49,DEVIL WOMAN,Marty Robbins,Columbia,4,33,
1962,33,34,63,RAMBLIN’ ROSE,Nat King Cole,Capitol,3,34,
1962,33,35,36,THE BALLAD OF PALADIN,Duane Eddy,RCA Victor,7,35,
1962,33,36,23,LITTLE RED RENTED ROWBOAT,Joe Dowell,Smash,9,23,
1962,33,37,51,SHAME ON ME,Bobby Bare,RCA Victor,5,37,
1962,33,38,31,HAVE A GOOD TIME,Sue Thompson,Hickory,10,31,
1962,33,39,50,TILL DEATH DO US PART,Bob Braun,Decca,5,39,
1962,33,40,25,GRAVY (For My Mashed Potatoes),Dee Dee Sharp,Cameo,10,9,
1962,33,43,38,IT STARTED ALL OVER AGAIN,Brenda Lee,Decca,8,29,
1962,33,45,37,HAVING A PARTY,Sam Cooke,RCA Victor,13,17,
1962,33,47,35,AL DI LA’,Emilio Pericoli,Warner Brothers,14,6,
1962,33,49,39,PALISADES PARK,Freddy Cannon,Swan,15,3,
1962,33,41,68,YOU BELONG TO ME,The Duprees,Coed,3,41,
1962,33,42,54,ALLEY CAT,Bent Fabric and His Piano,Atco,4,42,
1962,33,44,69,YOUR NOSE IS GONNA GROW,Johnny Crawford,Del-Fi,2,44,
1962,33,46,57,POINT OF NO RETURN,Gene McDaniels,Liberty,3,46,
1962,33,48,70,SEND ME THE PILLOW YOU DREAM ON,Johnny Tillotson,Cadence,2,48,
1962,33,50,45,BONGO STOMP,Little Joey and the Flips,Joy,10,33,
1962,34,1,2,THE LOCO-MOTION,Little Eva,Dimension,9,1,1 week at #1
1962,34,2,1,BREAKING UP IS HARD TO DO,Neil Sedaka,RCA Victor,9,1,
1962,34,3,6,THINGS,Bobby Darin,Atco,8,3,
1962,34,4,5,YOU DON’T KNOW ME,Ray Charles,ABC-Paramount,5,4,
1962,34,5,12,SHEILA,Tommy Roe,ABC-Paramount,5,5,
1962,34,6,3,ROSES ARE RED (My Love),Bobby Vinton,Epic,12,1,
1962,34,7,11,PARTY LIGHTS,Claudine Clark,Chancellor,9,7,
1962,34,8,13,SHE’S NOT YOU,Elvis Presley,RCA Victor,4,8,
1962,34,9,7,"AHAB, THE ARAB",Ray Stevens,Mercury,9,5,
1962,34,10,8,LITTLE DIANE,Dion,Laurie,8,8,
1962,34,11,4,THE WAH WATUSI,The Orlons,Cameo,12,2,
1962,34,12,17,VACATION,Connie Francis,MGM,5,12,
1962,34,13,21,BRING IT ON HOME TO ME,Sam Cooke,RCA Victor,8,13,
1962,34,14,14,YOU’LL LOSE A GOOD THING,Barbara Lynn,Jamie,11,8,
1962,34,15,18,HEART IN HAND,Brenda Lee,Decca,8,15,
1962,34,16,16,WOLVERTON MOUNTAIN,Claude King,Columbia,14,6,
1962,34,17,10,SEALED WITH A KISS,Brian Hyland,ABC-Paramount,12,3,
1962,34,18,23,WHAT’S A MATTER BABY (Is It Hurting You),Timi Yuro,Liberty,7,18,
1962,34,19,22,CALL ME MR. IN-BETWEEN,Burl Ives,Decca,6,19,
1962,34,20,9,SPEEDY GONZALES,Pat Boone,Dot,11,6,
1962,34,21,25,A SWINGIN’ SAFARI,Billy Vaughn and His Orchestra,Dot,6,21,
1962,34,22,34,RAMBLIN’ ROSE,Nat King Cole,Capitol,4,22,
1962,34,23,33,DEVIL WOMAN,Marty Robbins,Columbia,5,23,
1962,34,24,27,RINKY DINK,Dave “Baby” Cortez,Julia/Chess,7,24,
1962,34,25,31,MAKE IT EASY ON YOURSELF,Jerry Butler,Vee-Jay,8,25,
1962,34,26,19,TWIST AND SHOUT,The Isley Brothers,Wand,13,17,
1962,34,27,15,THE STRIPPER,David Rose and His Orchestra,MGM,16,1,
1962,34,28,20,"(Girls, Girls, Girls) MADE TO LOVE",Eddie Hodges,Cadence,10,14,
1962,34,29,26,THEME FROM “DR. KILDARE” (Three Stars Will Shine Tonight),Richard Chamberlain,MGM,13,10,
1962,34,30,44,YOUR NOSE IS GONNA GROW,Johnny Crawford,Del-Fi,3,30,
1962,34,31,41,YOU BELONG TO ME,The Duprees,Coed,4,31,
1962,34,32,39,TILL DEATH DO US PART,Bob Braun,Decca,6,32,
1962,34,33,35,THE BALLAD OF PALADIN,Duane Eddy,RCA Victor,8,33,
1962,34,34,37,SHAME ON ME,Bobby Bare,RCA Victor,6,34,
1962,34,35,54,TEEN AGE IDOL,Rick Nelson,Imperial,3,35,
1962,34,36,42,ALLEY CAT,Bent Fabric and His Piano,Atco,5,36,
1962,34,37,48,SEND ME THE PILLOW YOU DREAM ON,Johnny Tillotson,Cadence,3,37,
1962,34,38,24,JOHNNY GET ANGRY,Joanie Sommers,Warner Brothers,14,7,
1962,34,39,58,YOU BEAT ME TO THE PUNCH,Mary Wells,Motown,3,39,
1962,34,40,51,COME ON LITTLE ANGEL,The Belmonts,Sabrina,6,40,
1962,34,41,29,I CAN’T STOP LOVING YOU,Ray Charles,ABC-Paramount,17,1,
1962,34,43,30,DANCIN’ PARTY,Chubby Checker,Parkway,10,12,
1962,34,45,28,I NEED YOUR LOVING,Don Gardner and Dee Dee Ford,Fire,13,20,
1962,34,57,38,HAVE A GOOD TIME,Sue Thompson,Hickory,11,31,
1962,34,42,46,POINT OF NO RETURN,Gene McDaniels,Liberty,4,42,
1962,34,44,55,STOP THE WEDDING,Etta James,Argo,5,44,
1962,34,46,45,HAVING A PARTY,Sam Cooke,RCA Victor,14,17,
1962,34,47,74,VENUS IN BLUE JEANS,Jimmy Clanton,Ace,2,47,
1962,34,48,65,GREEN ONIONS,Booker T. and the MG’s,Stax,3,48,
1962,34,49,64,BEECHWOOD 4-5789,The Marvelettes,Tamla,3,49,
1962,34,50,66,SILVER THREADS AND GOLDEN NEEDLES,The Springfields,Philips,4,50,
1962,35,1,5,SHEILA,Tommy Roe,ABC-Paramount,6,1,1 week at #1
1962,35,2,1,THE LOCO-MOTION,Little Eva,Dimension,10,1,
1962,35,3,2,BREAKING UP IS HARD TO DO,Neil Sedaka,RCA Victor,10,1,
1962,35,4,4,YOU DON’T KNOW ME,Ray Charles,ABC-Paramount,6,4,
1962,35,5,7,PARTY LIGHTS,Claudine Clark,Chancellor,10,5,
1962,35,6,8,SHE’S NOT YOU,Elvis Presley,RCA Victor,5,6,
1962,35,7,3,THINGS,Bobby Darin,Atco,9,3,
1962,35,8,6,ROSES ARE RED (My Love),Bobby Vinton,Epic,13,1,
1962,35,9,12,VACATION,Connie Francis,MGM,6,9,
1962,35,10,10,LITTLE DIANE,Dion,Laurie,9,8,
1962,35,11,22,RAMBLIN’ ROSE,Nat King Cole,Capitol,5,11,
1962,35,12,18,WHAT’S A MATTER BABY (Is It Hurting You),Timi Yuro,Liberty,8,12,
1962,35,13,9,"AHAB, THE ARAB",Ray Stevens,Mercury,10,5,
1962,35,14,30,YOUR NOSE IS GONNA GROW,Johnny Crawford,Del-Fi,4,14,
1962,35,15,21,A SWINGIN’ SAFARI,Billy Vaughn and His Orchestra,Dot,7,15,
1962,35,16,24,RINKY DINK,Dave “Baby” Cortez,Julia/Chess,8,16,
1962,35,17,35,TEEN AGE IDOL,Rick Nelson,Imperial,4,17,
1962,35,18,23,DEVIL WOMAN,Marty Robbins,Columbia,6,18,
1962,35,19,31,YOU BELONG TO ME,The Duprees,Coed,5,19,
1962,35,20,25,MAKE IT EASY ON YOURSELF,Jerry Butler,Vee-Jay,9,20,
1962,35,21,17,SEALED WITH A KISS,Brian Hyland,ABC-Paramount,13,3,
1962,35,22,65,SHERRY,The Four Seasons,Vee-Jay,2,22,
1962,35,23,19,CALL ME MR. IN-BETWEEN,Burl Ives,Decca,7,19,
1962,35,24,11,THE WAH WATUSI,The Orlons,Cameo,13,2,
1962,35,25,37,SEND ME THE PILLOW YOU DREAM ON,Johnny Tillotson,Cadence,4,25,
1962,35,26,32,TILL DEATH DO US PART,Bob Braun,Decca,7,26,
1962,35,27,26,TWIST AND SHOUT,The Isley Brothers,Wand,14,17,
1962,35,28,14,YOU’LL LOSE A GOOD THING,Barbara Lynn,Jamie,12,8,
1962,35,29,13,BRING IT ON HOME TO ME,Sam Cooke,RCA Victor,9,13,
1962,35,30,36,ALLEY CAT,Bent Fabric and His Piano,Atco,6,30,
1962,35,31,40,COME ON LITTLE ANGEL,The Belmonts,Sabrina,7,31,
1962,35,32,39,YOU BEAT ME TO THE PUNCH,Mary Wells,Motown,4,32,
1962,35,33,34,SHAME ON ME,Bobby Bare,RCA Victor,7,33,
1962,35,34,15,HEART IN HAND,Brenda Lee,Decca,9,15,
1962,35,35,20,SPEEDY GONZALES,Pat Boone,Dot,12,6,
1962,35,36,42,POINT OF NO RETURN,Gene McDaniels,Liberty,5,36,
1962,35,37,50,SILVER THREADS AND GOLDEN NEEDLES,The Springfields,Philips,5,37,
1962,35,38,47,VENUS IN BLUE JEANS,Jimmy Clanton,Ace,3,38,
1962,35,39,49,BEECHWOOD 4-5789,The Marvelettes,Tamla,4,39,
1962,35,40,48,GREEN ONIONS,Booker T. and the MG’s,Stax,4,40,
1962,35,44,16,WOLVERTON MOUNTAIN,Claude King,Columbia,15,6,
1962,35,47,27,THE STRIPPER,David Rose and His Orchestra,MGM,17,1,
1962,35,54,28,"(Girls, Girls, Girls) MADE TO LOVE",Eddie Hodges,Cadence,11,14,
1962,35,61,29,THEME FROM “DR. KILDARE” (Three Stars Will Shine Tonight),Richard Chamberlain,MGM,14,10,
1962,35,67,33,THE BALLAD OF PALADIN,Duane Eddy,RCA Victor,9,33,
1962,35,41,44,STOP THE WEDDING,Etta James,Argo,6,41,
1962,35,42,52,A WONDERFUL DREAM,The Majors,Imperial,4,42,
1962,35,43,55,LET’S DANCE,Chris Montez,Monogram,4,43,
1962,35,45,61,PATCHES,Dickey Lee,Smash,2,45,
1962,35,46,59,IF I HAD A HAMMER (The Hammer Song),"Peter, Paul and Mary",Warner Brothers,3,46,
1962,35,48,58,(I’m the Girl On) WOLVERTON MOUNTAIN,Jo Ann Campbell,Cameo,3,48,
1962,35,49,51,BABY ELEPHANT WALK,Lawrence Welk and His Orchestra,Dot,13,49,
1962,35,50,53,A TASTE OF HONEY,Martin Denny and His Orchestra,Liberty,8,50,
1962,36,1,1,SHEILA,Tommy Roe,ABC-Paramount,7,1,2 weeks at #1
1962,36,2,4,YOU DON’T KNOW ME,Ray Charles,ABC-Paramount,7,2,
1962,36,3,2,THE LOCO-MOTION,Little Eva,Dimension,11,1,
1962,36,4,11,RAMBLIN’ ROSE,Nat King Cole,Capitol,6,4,
1962,36,5,6,SHE’S NOT YOU,Elvis Presley,RCA Victor,6,5,
1962,36,6,3,BREAKING UP IS HARD TO DO,Neil Sedaka,RCA Victor,11,1,
1962,36,7,5,PARTY LIGHTS,Claudine Clark,Chancellor,11,5,
1962,36,8,7,THINGS,Bobby Darin,Atco,10,3,
1962,36,9,17,TEEN AGE IDOL,Rick Nelson,Imperial,5,9,
1962,36,10,9,VACATION,Connie Francis,MGM,7,9,
1962,36,11,22,SHERRY,The Four Seasons,Vee-Jay,3,11,
1962,36,12,16,RINKY DINK,Dave “Baby” Cortez,Julia/Chess,9,12,
1962,36,13,15,A SWINGIN’ SAFARI,Billy Vaughn and His Orchestra,Dot,8,13,
1962,36,14,12,WHAT’S A MATTER BABY (Is It Hurting You),Timi Yuro,Liberty,9,12,
1962,36,15,14,YOUR NOSE IS GONNA GROW,Johnny Crawford,Del-Fi,5,14,
1962,36,16,18,DEVIL WOMAN,Marty Robbins,Columbia,7,16,
1962,36,17,8,ROSES ARE RED (My Love),Bobby Vinton,Epic,14,1,
1962,36,18,19,YOU BELONG TO ME,The Duprees,Coed,6,18,
1962,36,19,30,ALLEY CAT,Bent Fabric and His Piano,Atco,7,19,
1962,36,20,45,PATCHES,Dickey Lee,Smash,3,20,
1962,36,21,25,SEND ME THE PILLOW YOU DREAM ON,Johnny Tillotson,Cadence,5,21,
1962,36,22,40,GREEN ONIONS,Booker T. and the MG’s,Stax,5,22,
1962,36,23,36,POINT OF NO RETURN,Gene McDaniels,Liberty,6,23,
1962,36,24,37,SILVER THREADS AND GOLDEN NEEDLES,The Springfields,Philips,6,24,
1962,36,25,33,SHAME ON ME,Bobby Bare,RCA Victor,8,25,
1962,36,26,38,VENUS IN BLUE JEANS,Jimmy Clanton,Ace,4,26,
1962,36,27,26,TILL DEATH DO US PART,Bob Braun,Decca,8,26,
1962,36,28,32,YOU BEAT ME TO THE PUNCH,Mary Wells,Motown,5,28,
1962,36,29,20,MAKE IT EASY ON YOURSELF,Jerry Butler,Vee-Jay,10,20,
1962,36,30,13,"AHAB, THE ARAB",Ray Stevens,Mercury,11,5,
1962,36,31,39,BEECHWOOD 4-5789,The Marvelettes,Tamla,5,31,
1962,36,32,43,LET’S DANCE,Chris Montez,Monogram,5,32,
1962,36,33,31,COME ON LITTLE ANGEL,The Belmonts,Sabrina,8,31,
1962,36,34,10,LITTLE DIANE,Dion,Laurie,10,8,
1962,36,35,42,A WONDERFUL DREAM,The Majors,Imperial,5,35,
1962,36,36,46,IF I HAD A HAMMER (The Hammer Song),"Peter, Paul and Mary",Warner Brothers,4,36,
1962,36,37,41,STOP THE WEDDING,Etta James,Argo,7,37,
1962,36,38,21,SEALED WITH A KISS,Brian Hyland,ABC-Paramount,14,3,
1962,36,39,27,TWIST AND SHOUT,The Isley Brothers,Wand,15,17,
1962,36,40,48,(I’m the Girl On) WOLVERTON MOUNTAIN,Jo Ann Campbell,Cameo,4,40,
1962,36,42,29,BRING IT ON HOME TO ME,Sam Cooke,RCA Victor,10,13,
1962,36,43,28,YOU’LL LOSE A GOOD THING,Barbara Lynn,Jamie,13,8,
1962,36,44,23,CALL ME MR. IN-BETWEEN,Burl Ives,Decca,8,19,
1962,36,57,35,SPEEDY GONZALES,Pat Boone,Dot,13,6,
1962,36,61,34,HEART IN HAND,Brenda Lee,Decca,10,15,
1962,36,65,24,THE WAH WATUSI,The Orlons,Cameo,14,2,
1962,36,41,56,LIE TO ME,Brook Benton,Mercury,3,41,
1962,36,45,53,MR. SONGWRITER,Connie Stevens,Warner Brothers,6,45,
1962,36,46,51,SURFIN’ SAFARI,The Beach Boys,Capitol,5,46,
1962,36,47,57,WHAT KIND OF LOVE IS THIS,Joey Dee and the Starliters,Roulette,3,47,
1962,36,48,60,HULLY GULLY BABY,The Dovells,Parkway,5,48,
1962,36,49,49,BABY ELEPHANT WALK,Lawrence Welk and His Orchestra,Dot,14,49,
1962,36,50,68,RAIN RAIN GO AWAY,Bobby Vinton,Epic,3,50,
1962,37,1,11,SHERRY,The Four Seasons,Vee-Jay,4,1,1 week at #1
1962,37,2,1,SHEILA,Tommy Roe,ABC-Paramount,8,1,
1962,37,3,4,RAMBLIN’ ROSE,Nat King Cole,Capitol,7,3,
1962,37,4,3,THE LOCO-MOTION,Little Eva,Dimension,12,1,
1962,37,5,22,GREEN ONIONS,Booker T. and the MG’s,Stax,6,5,
1962,37,6,5,SHE’S NOT YOU,Elvis Presley,RCA Victor,7,5,
1962,37,7,9,TEEN AGE IDOL,Rick Nelson,Imperial,6,7,
1962,37,8,2,YOU DON’T KNOW ME,Ray Charles,ABC-Paramount,8,2,
1962,37,9,20,PATCHES,Dickey Lee,Smash,4,9,
1962,37,10,12,RINKY DINK,Dave “Baby” Cortez,Julia/Chess,10,10,
1962,37,11,6,BREAKING UP IS HARD TO DO,Neil Sedaka,RCA Victor,12,1,
1962,37,12,28,YOU BEAT ME TO THE PUNCH,Mary Wells,Motown,6,12,
1962,37,13,18,YOU BELONG TO ME,The Duprees,Coed,7,13,
1962,37,14,7,PARTY LIGHTS,Claudine Clark,Chancellor,12,5,
1962,37,15,32,LET’S DANCE,Chris Montez,Monogram,6,15,
1962,37,16,16,DEVIL WOMAN,Marty Robbins,Columbia,8,16,
1962,37,17,21,SEND ME THE PILLOW YOU DREAM ON,Johnny Tillotson,Cadence,6,17,
1962,37,18,19,ALLEY CAT,Bent Fabric and His Piano,Atco,8,18,
1962,37,19,26,VENUS IN BLUE JEANS,Jimmy Clanton,Ace,5,19,
1962,37,20,31,BEECHWOOD 4-5789,The Marvelettes,Tamla,6,20,
1962,37,21,23,POINT OF NO RETURN,Gene McDaniels,Liberty,7,21,
1962,37,22,24,SILVER THREADS AND GOLDEN NEEDLES,The Springfields,Philips,7,22,
1962,37,23,25,SHAME ON ME,Bobby Bare,RCA Victor,9,23,
1962,37,24,8,THINGS,Bobby Darin,Atco,11,3,
1962,37,25,35,A WONDERFUL DREAM,The Majors,Imperial,6,25,
1962,37,26,13,A SWINGIN’ SAFARI,Billy Vaughn and His Orchestra,Dot,9,13,
1962,37,27,41,LIE TO ME,Brook Benton,Mercury,4,27,
1962,37,28,33,COME ON LITTLE ANGEL,The Belmonts,Sabrina,9,28,
1962,37,29,15,YOUR NOSE IS GONNA GROW,Johnny Crawford,Del-Fi,6,14,
1962,37,30,46,SURFIN’ SAFARI,The Beach Boys,Capitol,6,30,
1962,37,31,14,WHAT’S A MATTER BABY (Is It Hurting You),Timi Yuro,Liberty,10,12,
1962,37,32,48,HULLY GULLY BABY,The Dovells,Parkway,6,32,
1962,37,33,50,RAIN RAIN GO AWAY,Bobby Vinton,Epic,4,33,
1962,37,34,37,STOP THE WEDDING,Etta James,Argo,8,34,
1962,37,35,36,IF I HAD A HAMMER (The Hammer Song),"Peter, Paul and Mary",Warner Brothers,5,35,
1962,37,36,47,WHAT KIND OF LOVE IS THIS,Joey Dee and the Starliters,Roulette,4,36,
1962,37,37,72,MONSTER MASH,Bobby (Boris) Pickett and the Crypt-Kickers,Garpax,2,37,
1962,37,38,10,VACATION,Connie Francis,MGM,8,9,
1962,37,39,40,(I’m the Girl On) WOLVERTON MOUNTAIN,Jo Ann Campbell,Cameo,5,39,
1962,37,40,59,PUNISH HER,Bobby Vee,Liberty,3,40,
1962,37,44,17,ROSES ARE RED (My Love),Bobby Vinton,Epic,15,1,
1962,37,45,34,LITTLE DIANE,Dion,Laurie,11,8,
1962,37,47,39,TWIST AND SHOUT,The Isley Brothers,Wand,16,17,
1962,37,50,27,TILL DEATH DO US PART,Bob Braun,Decca,9,26,
1962,37,52,29,MAKE IT EASY ON YOURSELF,Jerry Butler,Vee-Jay,11,20,
1962,37,41,52,IT MIGHT AS WELL RAIN UNTIL SEPTEMBER,Carole King,Dimension,4,41,
1962,37,42,55,DO YOU LOVE ME,The Contours,Gordy,6,42,
1962,37,43,45,MR. SONGWRITER,Connie Stevens,Warner Brothers,7,43,
1962,37,46,51,I LOVE YOU THE WAY YOU ARE,Bobby Vinton,Diamond,6,46,
1962,37,48,49,BABY ELEPHANT WALK,Lawrence Welk and His Orchestra,Dot,15,48,
1962,37,49,54,THE BOYS’ NIGHT OUT,Patti Page,Mercury,7,49,
1962,38,1,1,SHERRY,The Four Seasons,Vee-Jay,5,1,2 weeks at #1
1962,38,2,3,RAMBLIN’ ROSE,Nat King Cole,Capitol,8,2,
1962,38,3,2,SHEILA,Tommy Roe,ABC-Paramount,9,1,
1962,38,4,5,GREEN ONIONS,Booker T. and the MG’s,Stax,7,4,
1962,38,5,7,TEEN AGE IDOL,Rick Nelson,Imperial,7,5,
1962,38,6,15,LET’S DANCE,Chris Montez,Monogram,7,6,
1962,38,7,13,YOU BELONG TO ME,The Duprees,Coed,8,7,
1962,38,8,9,PATCHES,Dickey Lee,Smash,5,8,
1962,38,9,12,YOU BEAT ME TO THE PUNCH,Mary Wells,Motown,7,9,
1962,38,10,6,SHE’S NOT YOU,Elvis Presley,RCA Victor,8,5,
1962,38,11,4,THE LOCO-MOTION,Little Eva,Dimension,13,1,
1962,38,12,18,ALLEY CAT,Bent Fabric and His Piano,Atco,9,12,
1962,38,13,37,MONSTER MASH,Bobby (Boris) Pickett and the Crypt-Kickers,Garpax,3,13,
1962,38,14,10,RINKY DINK,Dave “Baby” Cortez,Julia/Chess,11,10,
1962,38,15,35,IF I HAD A HAMMER (The Hammer Song),"Peter, Paul and Mary",Warner Brothers,6,15,
1962,38,16,19,VENUS IN BLUE JEANS,Jimmy Clanton,Ace,6,16,
1962,38,17,20,BEECHWOOD 4-5789,The Marvelettes,Tamla,7,17,
1962,38,18,17,SEND ME THE PILLOW YOU DREAM ON,Johnny Tillotson,Cadence,7,17,
1962,38,19,33,RAIN RAIN GO AWAY,Bobby Vinton,Epic,5,19,
1962,38,20,22,SILVER THREADS AND GOLDEN NEEDLES,The Springfields,Philips,8,20,
1962,38,21,8,YOU DON’T KNOW ME,Ray Charles,ABC-Paramount,9,2,
1962,38,22,25,A WONDERFUL DREAM,The Majors,Imperial,7,22,
1962,38,23,27,LIE TO ME,Brook Benton,Mercury,5,23,
1962,38,24,26,A SWINGIN’ SAFARI,Billy Vaughn and His Orchestra,Dot,10,13,
1962,38,25,29,YOUR NOSE IS GONNA GROW,Johnny Crawford,Del-Fi,7,14,
1962,38,26,36,WHAT KIND OF LOVE IS THIS,Joey Dee and the Starliters,Roulette,5,26,
1962,38,27,53,I REMEMBER YOU,Frank Ifield,Vee-Jay,3,27,
1962,38,28,42,DO YOU LOVE ME,The Contours,Gordy,7,28,
1962,38,29,30,SURFIN’ SAFARI,The Beach Boys,Capitol,7,29,
1962,38,30,32,HULLY GULLY BABY,The Dovells,Parkway,7,30,
1962,38,31,40,PUNISH HER,Bobby Vee,Liberty,4,31,
1962,38,32,41,IT MIGHT AS WELL RAIN UNTIL SEPTEMBER,Carole King,Dimension,5,32,
1962,38,33,16,DEVIL WOMAN,Marty Robbins,Columbia,9,16,
1962,38,34,11,BREAKING UP IS HARD TO DO,Neil Sedaka,RCA Victor,13,1,
1962,38,35,28,COME ON LITTLE ANGEL,The Belmonts,Sabrina,10,28,
1962,38,36,21,POINT OF NO RETURN,Gene McDaniels,Liberty,8,21,
1962,38,37,14,PARTY LIGHTS,Claudine Clark,Chancellor,13,5,
1962,38,38,39,(I’m the Girl On) WOLVERTON MOUNTAIN,Jo Ann Campbell,Cameo,6,38,
1962,38,39,23,SHAME ON ME,Bobby Bare,RCA Victor,10,23,
1962,38,40,46,I LOVE YOU THE WAY YOU ARE,Bobby Vinton,Diamond,7,40,
1962,38,41,34,STOP THE WEDDING,Etta James,Argo,9,34,
1962,38,47,31,WHAT’S A MATTER BABY (Is It Hurting You),Timi Yuro,Liberty,11,12,
1962,38,49,24,THINGS,Bobby Darin,Atco,12,3,
1962,38,67,38,VACATION,Connie Francis,MGM,9,9,
1962,38,42,54,I LEFT MY HEART IN SAN FRANCISCO,Tony Bennett,Columbia,7,42,
1962,38,43,68,ONLY LOVE CAN BREAK A HEART,Gene Pitney,Musicor,2,43,
1962,38,44,69,STOP THE MUSIC,The Shirelles,Scepter,3,44,
1962,38,45,66,WHAT’S GONNA HAPPEN WHEN SUMMER’S GONE,Freddy Cannon,Swan,3,45,
1962,38,46,55,EVERY NIGHT (Without You),Paul Anka,RCA Victor,5,46,
1962,38,48,51,PAPA-OOM-MOW-MOW,The Rivingtons,Liberty,6,48,
1962,38,50,43,MR. SONGWRITER,Connie Stevens,Warner Brothers,8,43,
1962,39,1,1,SHERRY,The Four Seasons,Vee-Jay,6,1,3 weeks at #1
1962,39,2,2,RAMBLIN’ ROSE,Nat King Cole,Capitol,9,2,
1962,39,3,4,GREEN ONIONS,Booker T. and the MG’s,Stax,8,3,
1962,39,4,13,MONSTER MASH,Bobby (Boris) Pickett and the Crypt-Kickers,Garpax,4,4,
1962,39,5,3,SHEILA,Tommy Roe,ABC-Paramount,10,1,
1962,39,6,6,LET’S DANCE,Chris Montez,Monogram,8,6,
1962,39,7,12,ALLEY CAT,Bent Fabric and His Piano,Atco,10,7,
1962,39,8,8,PATCHES,Dickey Lee,Smash,6,8,
1962,39,9,7,YOU BELONG TO ME,The Duprees,Coed,9,7,
1962,39,10,5,TEEN AGE IDOL,Rick Nelson,Imperial,8,5,
1962,39,11,9,YOU BEAT ME TO THE PUNCH,Mary Wells,Motown,8,9,
1962,39,12,15,IF I HAD A HAMMER (The Hammer Song),"Peter, Paul and Mary",Warner Brothers,7,12,
1962,39,13,16,VENUS IN BLUE JEANS,Jimmy Clanton,Ace,7,13,
1962,39,14,11,THE LOCO-MOTION,Little Eva,Dimension,14,1,
1962,39,15,23,LIE TO ME,Brook Benton,Mercury,6,15,
1962,39,16,10,SHE’S NOT YOU,Elvis Presley,RCA Victor,9,5,
1962,39,17,27,I REMEMBER YOU,Frank Ifield,Vee-Jay,4,17,
1962,39,18,19,RAIN RAIN GO AWAY,Bobby Vinton,Epic,6,18,
1962,39,19,28,DO YOU LOVE ME,The Contours,Gordy,8,19,
1962,39,20,20,SILVER THREADS AND GOLDEN NEEDLES,The Springfields,Philips,9,20,
1962,39,21,26,WHAT KIND OF LOVE IS THIS,Joey Dee and the Starliters,Roulette,6,21,
1962,39,22,22,A WONDERFUL DREAM,The Majors,Imperial,8,22,
1962,39,23,17,BEECHWOOD 4-5789,The Marvelettes,Tamla,8,17,
1962,39,24,29,SURFIN’ SAFARI,The Beach Boys,Capitol,8,24,
1962,39,25,32,IT MIGHT AS WELL RAIN UNTIL SEPTEMBER,Carole King,Dimension,6,25,
1962,39,26,31,PUNISH HER,Bobby Vee,Liberty,5,26,
1962,39,27,30,HULLY GULLY BABY,The Dovells,Parkway,8,27,
1962,39,28,14,RINKY DINK,Dave “Baby” Cortez,Julia/Chess,12,10,
1962,39,29,21,YOU DON’T KNOW ME,Ray Charles,ABC-Paramount,10,2,
1962,39,30,43,ONLY LOVE CAN BREAK A HEART,Gene Pitney,Musicor,3,30,
1962,39,31,25,YOUR NOSE IS GONNA GROW,Johnny Crawford,Del-Fi,8,14,
1962,39,32,42,I LEFT MY HEART IN SAN FRANCISCO,Tony Bennett,Columbia,8,32,
1962,39,33,18,SEND ME THE PILLOW YOU DREAM ON,Johnny Tillotson,Cadence,8,17,
1962,39,34,24,A SWINGIN’ SAFARI,Billy Vaughn and His Orchestra,Dot,11,13,
1962,39,35,39,SHAME ON ME,Bobby Bare,RCA Victor,11,23,
1962,39,36,52,POPEYE THE HITCHHIKER,Chubby Checker,Parkway,3,36,
1962,39,37,35,COME ON LITTLE ANGEL,The Belmonts,Sabrina,11,28,
1962,39,38,40,I LOVE YOU THE WAY YOU ARE,Bobby Vinton,Diamond,8,38,
1962,39,39,33,DEVIL WOMAN,Marty Robbins,Columbia,10,16,
1962,39,40,36,POINT OF NO RETURN,Gene McDaniels,Liberty,9,21,
1962,39,43,34,BREAKING UP IS HARD TO DO,Neil Sedaka,RCA Victor,14,1,
1962,39,45,38,(I’m the Girl On) WOLVERTON MOUNTAIN,Jo Ann Campbell,Cameo,7,38,
1962,39,52,37,PARTY LIGHTS,Claudine Clark,Chancellor,14,5,
1962,39,41,44,STOP THE MUSIC,The Shirelles,Scepter,4,41,
1962,39,42,57,TORTURE,Kris Jensen,Hickory,5,42,
1962,39,44,66,HE’S A REBEL,The Crystals (The Blossoms),Philles,4,44,
1962,39,46,60,DON’T GO NEAR THE INDIANS,Rex Allen,Mercury,3,46,
1962,39,47,45,WHAT’S GONNA HAPPEN WHEN SUMMER’S GONE,Freddy Cannon,Swan,4,45,
1962,39,48,51,YOU CAN’T JUDGE A BOOK BY THE COVER,Bo Diddley,Checker,7,48,
1962,39,49,53,HIDE AND GO SEEK (Part 1),Bunker Hill,Mala,6,49,
1962,40,1,1,SHERRY,The Four Seasons,Vee-Jay,7,1,4 weeks at #1
1962,40,2,4,MONSTER MASH,Bobby (Boris) Pickett and the Crypt-Kickers,Garpax,5,2,
1962,40,3,2,RAMBLIN’ ROSE,Nat King Cole,Capitol,10,2,
1962,40,4,6,LET’S DANCE,Chris Montez,Monogram,9,4,
1962,40,5,3,GREEN ONIONS,Booker T. and the MG’s,Stax,9,3,
1962,40,6,8,PATCHES,Dickey Lee,Smash,7,6,
1962,40,7,13,VENUS IN BLUE JEANS,Jimmy Clanton,Ace,8,7,
1962,40,8,17,I REMEMBER YOU,Frank Ifield,Vee-Jay,5,8,
1962,40,9,7,ALLEY CAT,Bent Fabric and His Piano,Atco,11,7,
1962,40,10,11,YOU BEAT ME TO THE PUNCH,Mary Wells,Motown,9,9,
1962,40,11,5,SHEILA,Tommy Roe,ABC-Paramount,11,1,
1962,40,12,18,RAIN RAIN GO AWAY,Bobby Vinton,Epic,7,12,
1962,40,13,15,LIE TO ME,Brook Benton,Mercury,7,13,
1962,40,14,12,IF I HAD A HAMMER (The Hammer Song),"Peter, Paul and Mary",Warner Brothers,8,12,
1962,40,15,19,DO YOU LOVE ME,The Contours,Gordy,9,15,
1962,40,16,10,TEEN AGE IDOL,Rick Nelson,Imperial,9,5,
1962,40,17,9,YOU BELONG TO ME,The Duprees,Coed,10,7,
1962,40,18,23,BEECHWOOD 4-5789,The Marvelettes,Tamla,9,17,
1962,40,19,24,SURFIN’ SAFARI,The Beach Boys,Capitol,9,19,
1962,40,20,21,WHAT KIND OF LOVE IS THIS,Joey Dee and the Starliters,Roulette,7,20,
1962,40,21,26,PUNISH HER,Bobby Vee,Liberty,6,21,
1962,40,22,25,IT MIGHT AS WELL RAIN UNTIL SEPTEMBER,Carole King,Dimension,7,22,
1962,40,23,44,HE’S A REBEL,The Crystals (The Blossoms),Philles,5,23,
1962,40,24,30,ONLY LOVE CAN BREAK A HEART,Gene Pitney,Musicor,4,24,
1962,40,25,36,POPEYE THE HITCHHIKER,Chubby Checker,Parkway,4,25,
1962,40,26,27,HULLY GULLY BABY,The Dovells,Parkway,9,26,
1962,40,27,14,THE LOCO-MOTION,Little Eva,Dimension,15,1,
1962,40,28,32,I LEFT MY HEART IN SAN FRANCISCO,Tony Bennett,Columbia,9,28,
1962,40,29,22,A WONDERFUL DREAM,The Majors,Imperial,9,22,
1962,40,30,46,DON’T GO NEAR THE INDIANS,Rex Allen,Mercury,4,30,
1962,40,31,20,SILVER THREADS AND GOLDEN NEEDLES,The Springfields,Philips,10,20,
1962,40,32,16,SHE’S NOT YOU,Elvis Presley,RCA Victor,10,5,
1962,40,33,28,RINKY DINK,Dave “Baby” Cortez,Julia/Chess,13,10,
1962,40,34,37,COME ON LITTLE ANGEL,The Belmonts,Sabrina,12,28,
1962,40,35,50,ALL ALONE AM I,Brenda Lee,Decca,2,35,
1962,40,36,51,LITTLE BLACK BOOK,Jimmy Dean,Columbia,4,36,
1962,40,37,53,KING OF THE WHOLE WIDE WORLD (From the “Kid Galahad” EP),Elvis Presley,RCA Victor,3,37,
1962,40,38,42,TORTURE,Kris Jensen,Hickory,6,38,
1962,40,39,41,STOP THE MUSIC,The Shirelles,Scepter,5,39,
1962,40,40,54,WHAT KIND OF FOOL AM I,"Sammy Davis, Jr.",Reprise,6,40,
1962,40,41,39,DEVIL WOMAN,Marty Robbins,Columbia,11,16,
1962,40,42,29,YOU DON’T KNOW ME,Ray Charles,ABC-Paramount,11,2,
1962,40,43,35,SHAME ON ME,Bobby Bare,RCA Victor,12,23,
1962,40,45,40,POINT OF NO RETURN,Gene McDaniels,Liberty,10,21,
1962,40,48,34,A SWINGIN’ SAFARI,Billy Vaughn and His Orchestra,Dot,12,13,
1962,40,51,33,SEND ME THE PILLOW YOU DREAM ON,Johnny Tillotson,Cadence,9,17,
1962,40,52,31,YOUR NOSE IS GONNA GROW,Johnny Crawford,Del-Fi,9,14,
1962,40,76,38,I LOVE YOU THE WAY YOU ARE,Bobby Vinton,Diamond,9,38,
1962,40,44,49,HIDE AND GO SEEK (Part 1),Bunker Hill,Mala,7,44,
1962,40,46,63,GINA,Johnny Mathis,Columbia,3,46,
1962,40,47,59,LIMBO ROCK,Chubby Checker,Parkway,5,47,
1962,40,49,76,WARMED OVER KISSES (Left Over Love),Brian Hyland,ABC-Paramount,3,49,
1962,40,50,55,THE THINGS WE DID LAST SUMMER,Shelley Fabares,Colpix,4,50,
1962,41,1,1,SHERRY,The Four Seasons,Vee-Jay,8,1,5 weeks at #1
1962,41,2,2,MONSTER MASH,Bobby (Boris) Pickett and the Crypt-Kickers,Garpax,6,2,
1962,41,3,3,RAMBLIN’ ROSE,Nat King Cole,Capitol,11,2,
1962,41,4,4,LET’S DANCE,Chris Montez,Monogram,10,4,
1962,41,5,8,I REMEMBER YOU,Frank Ifield,Vee-Jay,6,5,
1962,41,6,5,GREEN ONIONS,Booker T. and the MG’s,Stax,10,3,
1962,41,7,15,DO YOU LOVE ME,The Contours,Gordy,10,7,
1962,41,8,6,PATCHES,Dickey Lee,Smash,8,6,
1962,41,9,9,ALLEY CAT,Bent Fabric and His Piano,Atco,12,7,
1962,41,10,14,IF I HAD A HAMMER (The Hammer Song),"Peter, Paul and Mary",Warner Brothers,9,10,
1962,41,11,23,HE’S A REBEL,The Crystals (The Blossoms),Philles,6,11,
1962,41,12,7,VENUS IN BLUE JEANS,Jimmy Clanton,Ace,9,7,
1962,41,13,24,ONLY LOVE CAN BREAK A HEART,Gene Pitney,Musicor,5,13,
1962,41,14,19,SURFIN’ SAFARI,The Beach Boys,Capitol,10,14,
1962,41,15,10,YOU BEAT ME TO THE PUNCH,Mary Wells,Motown,10,9,
1962,41,16,11,SHEILA,Tommy Roe,ABC-Paramount,12,1,
1962,41,17,12,RAIN RAIN GO AWAY,Bobby Vinton,Epic,8,12,
1962,41,18,20,WHAT KIND OF LOVE IS THIS,Joey Dee and the Starliters,Roulette,8,18,
1962,41,19,13,LIE TO ME,Brook Benton,Mercury,8,13,
1962,41,20,21,PUNISH HER,Bobby Vee,Liberty,7,20,
1962,41,21,35,ALL ALONE AM I,Brenda Lee,Decca,3,21,
1962,41,22,22,IT MIGHT AS WELL RAIN UNTIL SEPTEMBER,Carole King,Dimension,8,22,
1962,41,23,28,I LEFT MY HEART IN SAN FRANCISCO,Tony Bennett,Columbia,10,23,
1962,41,24,25,POPEYE THE HITCHHIKER,Chubby Checker,Parkway,5,24,
1962,41,25,26,HULLY GULLY BABY,The Dovells,Parkway,10,25,
1962,41,26,30,DON’T GO NEAR THE INDIANS,Rex Allen,Mercury,5,26,
1962,41,27,17,YOU BELONG TO ME,The Duprees,Coed,11,7,
1962,41,28,38,TORTURE,Kris Jensen,Hickory,7,28,
1962,41,29,16,TEEN AGE IDOL,Rick Nelson,Imperial,10,5,
1962,41,30,40,WHAT KIND OF FOOL AM I,"Sammy Davis, Jr.",Reprise,7,30,
1962,41,31,46,GINA,Johnny Mathis,Columbia,4,31,
1962,41,32,18,BEECHWOOD 4-5789,The Marvelettes,Tamla,10,17,
1962,41,33,47,LIMBO ROCK,Chubby Checker,Parkway,6,33,
1962,41,34,36,LITTLE BLACK BOOK,Jimmy Dean,Columbia,5,34,
1962,41,35,37,KING OF THE WHOLE WIDE WORLD (From the “Kid Galahad” EP),Elvis Presley,RCA Victor,4,35,
1962,41,36,44,HIDE AND GO SEEK (Part 1),Bunker Hill,Mala,8,36,
1962,41,37,56,CLOSE TO CATHY,Mike Clifford,United Artists,5,37,
1962,41,38,39,STOP THE MUSIC,The Shirelles,Scepter,6,38,
1962,41,39,49,WARMED OVER KISSES (Left Over Love),Brian Hyland,ABC-Paramount,4,39,
1962,41,40,34,COME ON LITTLE ANGEL,The Belmonts,Sabrina,13,28,
1962,41,42,29,A WONDERFUL DREAM,The Majors,Imperial,10,22,
1962,41,43,27,THE LOCO-MOTION,Little Eva,Dimension,16,1,
1962,41,45,33,RINKY DINK,Dave “Baby” Cortez,Julia/Chess,14,10,
1962,41,41,67,NOTHING CAN CHANGE THIS LOVE,Sam Cooke,RCA Victor,3,41,
1962,41,44,77,NEXT DOOR TO AN ANGEL,Neil Sedaka,RCA Victor,2,44,
1962,41,46,50,THE THINGS WE DID LAST SUMMER,Shelley Fabares,Colpix,5,46,
1962,41,47,68,TEN LONELY GUYS,Pat Boone,Dot,4,47,
1962,41,48,69,BABY FACE,Bobby Darin,Atco,3,48,
1962,41,49,55,YOU CAN’T JUDGE A BOOK BY THE COVER,Bo Diddley,Checker,9,48,
1962,41,50,64,NO ONE WILL EVER KNOW,Jimmie Rodgers,Dot,7,50,
1962,42,1,2,MONSTER MASH,Bobby (Boris) Pickett and the Crypt-Kickers,Garpax,7,1,1 week at #1
1962,42,2,1,SHERRY,The Four Seasons,Vee-Jay,9,1,
1962,42,3,7,DO YOU LOVE ME,The Contours,Gordy,11,3,
1962,42,4,11,HE’S A REBEL,The Crystals (The Blossoms),Philles,7,4,
1962,42,5,5,I REMEMBER YOU,Frank Ifield,Vee-Jay,7,5,
1962,42,6,8,PATCHES,Dickey Lee,Smash,9,6,
1962,42,7,3,RAMBLIN’ ROSE,Nat King Cole,Capitol,12,2,
1962,42,8,13,ONLY LOVE CAN BREAK A HEART,Gene Pitney,Musicor,6,8,
1962,42,9,6,GREEN ONIONS,Booker T. and the MG’s,Stax,11,3,
1962,42,10,4,LET’S DANCE,Chris Montez,Monogram,11,4,
1962,42,11,10,IF I HAD A HAMMER (The Hammer Song),"Peter, Paul and Mary",Warner Brothers,10,10,
1962,42,12,12,VENUS IN BLUE JEANS,Jimmy Clanton,Ace,10,7,
1962,42,13,9,ALLEY CAT,Bent Fabric and His Piano,Atco,13,7,
1962,42,14,14,SURFIN’ SAFARI,The Beach Boys,Capitol,11,14,
1962,42,15,21,ALL ALONE AM I,Brenda Lee,Decca,4,15,
1962,42,16,24,POPEYE THE HITCHHIKER,Chubby Checker,Parkway,6,16,
1962,42,17,26,DON’T GO NEAR THE INDIANS,Rex Allen,Mercury,6,17,
1962,42,18,30,WHAT KIND OF FOOL AM I,"Sammy Davis, Jr.",Reprise,8,18,
1962,42,19,23,I LEFT MY HEART IN SAN FRANCISCO,Tony Bennett,Columbia,11,19,
1962,42,20,31,GINA,Johnny Mathis,Columbia,5,20,
1962,42,21,19,LIE TO ME,Brook Benton,Mercury,9,13,
1962,42,22,37,CLOSE TO CATHY,Mike Clifford,United Artists,6,22,
1962,42,23,33,LIMBO ROCK,Chubby Checker,Parkway,7,23,
1962,42,24,18,WHAT KIND OF LOVE IS THIS,Joey Dee and the Starliters,Roulette,9,18,
1962,42,25,25,HULLY GULLY BABY,The Dovells,Parkway,11,25,
1962,42,26,28,TORTURE,Kris Jensen,Hickory,8,26,
1962,42,27,17,RAIN RAIN GO AWAY,Bobby Vinton,Epic,9,12,
1962,42,28,15,YOU BEAT ME TO THE PUNCH,Mary Wells,Motown,11,9,
1962,42,29,44,NEXT DOOR TO AN ANGEL,Neil Sedaka,RCA Victor,3,29,
1962,42,30,35,KING OF THE WHOLE WIDE WORLD (From the “Kid Galahad” EP),Elvis Presley,RCA Victor,5,30,
1962,42,31,41,NOTHING CAN CHANGE THIS LOVE,Sam Cooke,RCA Victor,4,31,
1962,42,32,34,LITTLE BLACK BOOK,Jimmy Dean,Columbia,6,32,
1962,42,33,39,WARMED OVER KISSES (Left Over Love),Brian Hyland,ABC-Paramount,5,33,
1962,42,34,27,YOU BELONG TO ME,The Duprees,Coed,12,7,
1962,42,35,36,HIDE AND GO SEEK (Part 1),Bunker Hill,Mala,9,35,
1962,42,36,38,STOP THE MUSIC,The Shirelles,Scepter,7,36,
1962,42,37,52,JAMES (Hold the Ladder Steady),Sue Thompson,Hickory,4,37,
1962,42,38,16,SHEILA,Tommy Roe,ABC-Paramount,13,1,
1962,42,39,20,PUNISH HER,Bobby Vee,Liberty,8,20,
1962,42,40,29,TEEN AGE IDOL,Rick Nelson,Imperial,11,5,
1962,42,41,22,IT MIGHT AS WELL RAIN UNTIL SEPTEMBER,Carole King,Dimension,9,22,
1962,42,50,32,BEECHWOOD 4-5789,The Marvelettes,Tamla,11,17,
1962,42,59,40,COME ON LITTLE ANGEL,The Belmonts,Sabrina,14,28,
1962,42,42,51,IF A MAN ANSWERS,Bobby Darin,Capitol,4,42,
1962,42,43,50,NO ONE WILL EVER KNOW,Jimmie Rodgers,Dot,8,43,
1962,42,44,48,BABY FACE,Bobby Darin,Atco,4,44,
1962,42,45,47,TEN LONELY GUYS,Pat Boone,Dot,5,45,
1962,42,46,56,DON’T YOU BELIEVE IT,Andy Williams,Columbia,6,46,
1962,42,47,69,THE CHA-CHA-CHA,Bobby Rydell,Cameo,2,47,
1962,42,48,60,LOVE ME TENDER,Richard Chamberlain,MGM,3,48,
1962,42,49,54,STORMY MONDAY BLUES,Bobby Bland,Duke,7,49,
1962,43,1,1,MONSTER MASH,Bobby (Boris) Pickett and the Crypt-Kickers,Garpax,8,1,2 weeks at #1
1962,43,2,4,HE’S A REBEL,The Crystals (The Blossoms),Philles,8,2,
1962,43,3,3,DO YOU LOVE ME,The Contours,Gordy,12,3,
1962,43,4,8,ONLY LOVE CAN BREAK A HEART,Gene Pitney,Musicor,7,4,
1962,43,5,2,SHERRY,The Four Seasons,Vee-Jay,10,1,
1962,43,6,15,ALL ALONE AM I,Brenda Lee,Decca,5,6,
1962,43,7,6,PATCHES,Dickey Lee,Smash,10,6,
1962,43,8,7,RAMBLIN’ ROSE,Nat King Cole,Capitol,13,2,
1962,43,9,20,GINA,Johnny Mathis,Columbia,6,9,
1962,43,10,5,I REMEMBER YOU,Frank Ifield,Vee-Jay,8,5,
1962,43,11,16,POPEYE THE HITCHHIKER,Chubby Checker,Parkway,7,11,
1962,43,12,9,GREEN ONIONS,Booker T. and the MG’s,Stax,12,3,
1962,43,13,10,LET’S DANCE,Chris Montez,Monogram,12,4,
1962,43,14,22,CLOSE TO CATHY,Mike Clifford,United Artists,7,14,
1962,43,15,29,NEXT DOOR TO AN ANGEL,Neil Sedaka,RCA Victor,4,15,
1962,43,16,12,VENUS IN BLUE JEANS,Jimmy Clanton,Ace,11,7,
1962,43,17,66,BIG GIRLS DON’T CRY,The Four Seasons,Vee-Jay,2,17,
1962,43,18,23,LIMBO ROCK,Chubby Checker,Parkway,8,18,
1962,43,19,13,ALLEY CAT,Bent Fabric and His Piano,Atco,14,7,
1962,43,20,68,RETURN TO SENDER,Elvis Presley,RCA Victor,2,20,
1962,43,21,14,SURFIN’ SAFARI,The Beach Boys,Capitol,12,14,
1962,43,22,31,NOTHING CAN CHANGE THIS LOVE,Sam Cooke,RCA Victor,5,22,
1962,43,23,26,TORTURE,Kris Jensen,Hickory,9,23,
1962,43,24,18,WHAT KIND OF FOOL AM I,"Sammy Davis, Jr.",Reprise,9,18,
1962,43,25,37,JAMES (Hold the Ladder Steady),Sue Thompson,Hickory,5,25,
1962,43,26,33,WARMED OVER KISSES (Left Over Love),Brian Hyland,ABC-Paramount,6,26,
1962,43,27,19,I LEFT MY HEART IN SAN FRANCISCO,Tony Bennett,Columbia,12,19,
1962,43,28,47,THE CHA-CHA-CHA,Bobby Rydell,Cameo,3,28,
1962,43,29,32,LITTLE BLACK BOOK,Jimmy Dean,Columbia,7,29,
1962,43,30,17,DON’T GO NEAR THE INDIANS,Rex Allen,Mercury,7,17,
1962,43,31,52,DESAFINADO,Stan Getz/Charlie Byrd,Verve,5,31,
1962,43,32,11,IF I HAD A HAMMER (The Hammer Song),"Peter, Paul and Mary",Warner Brothers,11,10,
1962,43,33,35,HIDE AND GO SEEK (Part 1),Bunker Hill,Mala,10,33,
1962,43,34,60,I’VE GOT A WOMAN (Part 1),Jimmy McGriff,Sue,3,34,
1962,43,35,25,HULLY GULLY BABY,The Dovells,Parkway,12,25,
1962,43,36,53,WORKIN’ FOR THE MAN,Roy Orbison,Monument,6,36,
1962,43,37,48,LOVE ME TENDER,Richard Chamberlain,MGM,4,37,
1962,43,38,42,IF A MAN ANSWERS,Bobby Darin,Capitol,5,38,
1962,43,39,30,KING OF THE WHOLE WIDE WORLD (From the “Kid Galahad” EP),Elvis Presley,RCA Victor,6,30,
1962,43,40,27,RAIN RAIN GO AWAY,Bobby Vinton,Epic,10,12,
1962,43,46,21,LIE TO ME,Brook Benton,Mercury,10,13,
1962,43,48,24,WHAT KIND OF LOVE IS THIS,Joey Dee and the Starliters,Roulette,10,18,
1962,43,49,28,YOU BEAT ME TO THE PUNCH,Mary Wells,Motown,12,9,
1962,43,55,34,YOU BELONG TO ME,The Duprees,Coed,13,7,
1962,43,58,36,STOP THE MUSIC,The Shirelles,Scepter,8,36,
1962,43,59,38,SHEILA,Tommy Roe,ABC-Paramount,14,1,
1962,43,41,46,DON’T YOU BELIEVE IT,Andy Williams,Columbia,7,41,
1962,43,42,44,BABY FACE,Bobby Darin,Atco,5,42,
1962,43,43,49,STORMY MONDAY BLUES,Bobby Bland,Duke,8,43,
1962,43,44,57,I WAS SUCH A FOOL (To Fall In Love With You),Connie Francis,MGM,4,44,
1962,43,45,71,DON’T HANG UP,The Orlons,Cameo,3,45,
1962,43,47,51,SUSIE DARLIN’,Tommy Roe,ABC-Paramount,4,47,
1962,43,50,56,(Dance With the) GUITAR MAN,Duane Eddy and the Rebelettes,RCA Victor,4,50,
1962,44,1,2,HE’S A REBEL,The Crystals (The Blossoms),Philles,9,1,1 week at #1
1962,44,2,4,ONLY LOVE CAN BREAK A HEART,Gene Pitney,Musicor,8,2,
1962,44,3,3,DO YOU LOVE ME,The Contours,Gordy,13,3,
1962,44,4,1,MONSTER MASH,Bobby (Boris) Pickett and the Crypt-Kickers,Garpax,9,1,
1962,44,5,6,ALL ALONE AM I,Brenda Lee,Decca,6,5,
1962,44,6,17,BIG GIRLS DON’T CRY,The Four Seasons,Vee-Jay,3,6,
1962,44,7,9,GINA,Johnny Mathis,Columbia,7,7,
1962,44,8,18,LIMBO ROCK,Chubby Checker,Parkway,9,8,
1962,44,9,15,NEXT DOOR TO AN ANGEL,Neil Sedaka,RCA Victor,5,9,
1962,44,10,20,RETURN TO SENDER,Elvis Presley,RCA Victor,3,10,
1962,44,11,5,SHERRY,The Four Seasons,Vee-Jay,11,1,
1962,44,12,14,CLOSE TO CATHY,Mike Clifford,United Artists,8,12,
1962,44,13,7,PATCHES,Dickey Lee,Smash,11,6,
1962,44,14,11,POPEYE THE HITCHHIKER,Chubby Checker,Parkway,8,11,
1962,44,15,28,THE CHA-CHA-CHA,Bobby Rydell,Cameo,4,15,
1962,44,16,8,RAMBLIN’ ROSE,Nat King Cole,Capitol,14,2,
1962,44,17,24,WHAT KIND OF FOOL AM I,"Sammy Davis, Jr.",Reprise,10,17,
1962,44,18,25,JAMES (Hold the Ladder Steady),Sue Thompson,Hickory,6,18,
1962,44,19,12,GREEN ONIONS,Booker T. and the MG’s,Stax,13,3,
1962,44,20,23,TORTURE,Kris Jensen,Hickory,10,20,
1962,44,21,10,I REMEMBER YOU,Frank Ifield,Vee-Jay,9,5,
1962,44,22,22,NOTHING CAN CHANGE THIS LOVE,Sam Cooke,RCA Victor,6,22,
1962,44,23,21,SURFIN’ SAFARI,The Beach Boys,Capitol,13,14,
1962,44,24,27,I LEFT MY HEART IN SAN FRANCISCO,Tony Bennett,Columbia,13,19,
1962,44,25,26,WARMED OVER KISSES (Left Over Love),Brian Hyland,ABC-Paramount,7,25,
1962,44,26,31,DESAFINADO,Stan Getz/Charlie Byrd,Verve,6,26,
1962,44,27,37,LOVE ME TENDER,Richard Chamberlain,MGM,5,27,
1962,44,28,13,LET’S DANCE,Chris Montez,Monogram,13,4,
1962,44,29,34,I’VE GOT A WOMAN (Part 1),Jimmy McGriff,Sue,4,29,
1962,44,30,19,ALLEY CAT,Bent Fabric and His Piano,Atco,15,7,
1962,44,31,44,I WAS SUCH A FOOL (To Fall In Love With You),Connie Francis,MGM,5,31,
1962,44,32,45,DON’T HANG UP,The Orlons,Cameo,4,32,
1962,44,33,36,WORKIN’ FOR THE MAN,Roy Orbison,Monument,7,33,
1962,44,34,38,IF A MAN ANSWERS,Bobby Darin,Capitol,6,34,
1962,44,35,16,VENUS IN BLUE JEANS,Jimmy Clanton,Ace,12,7,
1962,44,36,47,SUSIE DARLIN’,Tommy Roe,ABC-Paramount,5,36,
1962,44,37,29,LITTLE BLACK BOOK,Jimmy Dean,Columbia,8,29,
1962,44,38,56,LEAH,Roy Orbison,Monument,5,38,
1962,44,39,41,DON’T YOU BELIEVE IT,Andy Williams,Columbia,7,39,
1962,44,40,50,(Dance With the) GUITAR MAN,Duane Eddy and the Rebelettes,RCA Victor,5,40,
1962,44,48,30,DON’T GO NEAR THE INDIANS,Rex Allen,Mercury,8,17,
1962,44,49,33,HIDE AND GO SEEK (Part 1),Bunker Hill,Mala,11,33,
1962,44,52,40,RAIN RAIN GO AWAY,Bobby Vinton,Epic,11,12,
1962,44,53,32,IF I HAD A HAMMER (The Hammer Song),"Peter, Paul and Mary",Warner Brothers,12,10,
1962,44,58,39,KING OF THE WHOLE WIDE WORLD (From the “Kid Galahad” EP),Elvis Presley,RCA Victor,7,30,
1962,44,41,66,BOBBY’S GIRL,Marcie Blane,Seville,3,41,
1962,44,42,52,POP POP POP – PIE,The Sherrys,Guyden,5,42,
1962,44,43,42,BABY FACE,Bobby Darin,Atco,6,42,
1962,44,44,65,RIDE,Dee Dee Sharp,Cameo,3,44,
1962,44,45,67,MY OWN TRUE LOVE,The Duprees,Coed,3,45,
1962,44,46,51,NO ONE WILL EVER KNOW,Jimmie Rodgers,Dot,10,43,
1962,44,47,61,MAMA SANG A SONG,Stan Kenton,Capitol,4,47,
1962,44,50,71,THAT STRANGER USED TO BE MY GIRL,Trade Martin,Coed,3,50,
1962,45,1,1,HE’S A REBEL,The Crystals (The Blossoms),Philles,10,1,2 weeks at #1
1962,45,2,6,BIG GIRLS DON’T CRY,The Four Seasons,Vee-Jay,4,2,
1962,45,3,5,ALL ALONE AM I,Brenda Lee,Decca,7,3,
1962,45,4,10,RETURN TO SENDER,Elvis Presley,RCA Victor,4,4,
1962,45,5,2,ONLY LOVE CAN BREAK A HEART,Gene Pitney,Musicor,9,2,
1962,45,6,9,NEXT DOOR TO AN ANGEL,Neil Sedaka,RCA Victor,6,6,
1962,45,7,7,GINA,Johnny Mathis,Columbia,8,7,
1962,45,8,4,MONSTER MASH,Bobby (Boris) Pickett and the Crypt-Kickers,Garpax,10,1,
1962,45,9,3,DO YOU LOVE ME,The Contours,Gordy,14,3,
1962,45,10,14,POPEYE THE HITCHHIKER,Chubby Checker,Parkway,9,10,
1962,45,11,8,LIMBO ROCK,Chubby Checker,Parkway,10,8,
1962,45,12,12,CLOSE TO CATHY,Mike Clifford,United Artists,9,12,
1962,45,13,22,NOTHING CAN CHANGE THIS LOVE,Sam Cooke,RCA Victor,7,13,
1962,45,14,15,THE CHA-CHA-CHA,Bobby Rydell,Cameo,5,14,
1962,45,15,11,SHERRY,The Four Seasons,Vee-Jay,12,1,
1962,45,16,32,DON’T HANG UP,The Orlons,Cameo,5,16,
1962,45,17,18,JAMES (Hold the Ladder Steady),Sue Thompson,Hickory,7,17,
1962,45,18,17,WHAT KIND OF FOOL AM I,"Sammy Davis, Jr.",Reprise,11,17,
1962,45,19,41,BOBBY’S GIRL,Marcie Blane,Seville,4,19,
1962,45,20,26,DESAFINADO,Stan Getz/Charlie Byrd,Verve,7,20,
1962,45,21,13,PATCHES,Dickey Lee,Smash,12,6,
1962,45,22,24,I LEFT MY HEART IN SAN FRANCISCO,Tony Bennett,Columbia,14,19,
1962,45,23,29,I’VE GOT A WOMAN (Part 1),Jimmy McGriff,Sue,5,23,
1962,45,24,27,LOVE ME TENDER,Richard Chamberlain,MGM,6,24,
1962,45,25,23,SURFIN’ SAFARI,The Beach Boys,Capitol,14,14,
1962,45,26,19,GREEN ONIONS,Booker T. and the MG’s,Stax,14,3,
1962,45,27,44,RIDE,Dee Dee Sharp,Cameo,4,27,
1962,45,28,31,I WAS SUCH A FOOL (To Fall In Love With You),Connie Francis,MGM,6,28,
1962,45,29,16,RAMBLIN’ ROSE,Nat King Cole,Capitol,15,2,
1962,45,30,40,(Dance With the) GUITAR MAN,Duane Eddy and the Rebelettes,RCA Victor,6,30,
1962,45,31,38,LEAH,Roy Orbison,Monument,6,31,
1962,45,32,34,IF A MAN ANSWERS,Bobby Darin,Capitol,7,32,
1962,45,33,33,WORKIN’ FOR THE MAN,Roy Orbison,Monument,8,33,
1962,45,34,21,I REMEMBER YOU,Frank Ifield,Vee-Jay,10,5,
1962,45,35,36,SUSIE DARLIN’,Tommy Roe,ABC-Paramount,6,35,
1962,45,36,30,ALLEY CAT,Bent Fabric and His Piano,Atco,16,7,
1962,45,37,45,MY OWN TRUE LOVE,The Duprees,Coed,4,37,
1962,45,38,20,TORTURE,Kris Jensen,Hickory,11,20,
1962,45,39,64,THE LONELY BULL (El Solo Torro),The Tijuana Brass Featuring Herb Alpert,A&M,3,39,
1962,45,40,42,POP POP POP – PIE,The Sherrys,Guyden,6,40,
1962,45,41,28,LET’S DANCE,Chris Montez,Monogram,14,4,
1962,45,45,25,WARMED OVER KISSES (Left Over Love),Brian Hyland,ABC-Paramount,8,25,
1962,45,46,37,LITTLE BLACK BOOK,Jimmy Dean,Columbia,9,29,
1962,45,49,39,DON’T YOU BELIEVE IT,Andy Williams,Columbia,8,39,
1962,45,53,35,VENUS IN BLUE JEANS,Jimmy Clanton,Ace,13,7,
1962,45,42,47,MAMA SANG A SONG,Stan Kenton,Capitol,5,42,
1962,45,43,50,THAT STRANGER USED TO BE MY GIRL,Trade Martin,Coed,4,43,
1962,45,44,55,I CAN’T HELP IT (If I’m Still In Love With You),Johnny Tillotson,Cadence,3,44,
1962,45,47,54,I’LL BRING IT HOME TO YOU,Carla Thomas,Atlantic,5,47,
1962,45,48,59,WIGGLE WOBBLE,Les Cooper and the Soul Rockers,Everlast,4,48,
1962,45,50,68,RELEASE ME,Esther Phillips “Little Esther”,Lenox,3,50,
1962,46,1,2,BIG GIRLS DON’T CRY,The Four Seasons,Vee-Jay,5,1,1 week at #1
1962,46,2,4,RETURN TO SENDER,Elvis Presley,RCA Victor,5,2,
1962,46,3,1,HE’S A REBEL,The Crystals (The Blossoms),Philles,11,1,
1962,46,4,3,ALL ALONE AM I,Brenda Lee,Decca,8,3,
1962,46,5,6,NEXT DOOR TO AN ANGEL,Neil Sedaka,RCA Victor,7,5,
1962,46,6,7,GINA,Johnny Mathis,Columbia,9,6,
1962,46,7,19,BOBBY’S GIRL,Marcie Blane,Seville,5,7,
1962,46,8,16,DON’T HANG UP,The Orlons,Cameo,6,8,
1962,46,9,11,LIMBO ROCK,Chubby Checker,Parkway,11,8,
1962,46,10,14,THE CHA-CHA-CHA,Bobby Rydell,Cameo,6,10,
1962,46,11,5,ONLY LOVE CAN BREAK A HEART,Gene Pitney,Musicor,10,2,
1962,46,12,13,NOTHING CAN CHANGE THIS LOVE,Sam Cooke,RCA Victor,8,12,
1962,46,13,27,RIDE,Dee Dee Sharp,Cameo,5,13,
1962,46,14,8,MONSTER MASH,Bobby (Boris) Pickett and the Crypt-Kickers,Garpax,11,1,
1962,46,15,12,CLOSE TO CATHY,Mike Clifford,United Artists,10,12,
1962,46,16,9,DO YOU LOVE ME,The Contours,Gordy,15,3,
1962,46,17,17,JAMES (Hold the Ladder Steady),Sue Thompson,Hickory,8,17,
1962,46,18,20,DESAFINADO,Stan Getz/Charlie Byrd,Verve,8,18,
1962,46,19,39,THE LONELY BULL (El Solo Torro),The Tijuana Brass Featuring Herb Alpert,A&M,4,19,
1962,46,20,10,POPEYE THE HITCHHIKER,Chubby Checker,Parkway,10,10,
1962,46,21,24,LOVE ME TENDER,Richard Chamberlain,MGM,7,21,
1962,46,22,23,I’VE GOT A WOMAN (Part 1),Jimmy McGriff,Sue,6,22,
1962,46,23,30,(Dance With the) GUITAR MAN,Duane Eddy and the Rebelettes,RCA Victor,7,23,
1962,46,24,28,I WAS SUCH A FOOL (To Fall In Love With You),Connie Francis,MGM,7,24,
1962,46,25,18,WHAT KIND OF FOOL AM I,"Sammy Davis, Jr.",Reprise,12,17,
1962,46,26,37,MY OWN TRUE LOVE,The Duprees,Coed,5,26,
1962,46,27,22,I LEFT MY HEART IN SAN FRANCISCO,Tony Bennett,Columbia,15,19,
1962,46,28,43,THAT STRANGER USED TO BE MY GIRL,Trade Martin,Coed,5,28,
1962,46,29,31,LEAH,Roy Orbison,Monument,7,29,
1962,46,30,21,PATCHES,Dickey Lee,Smash,13,6,
1962,46,31,25,SURFIN’ SAFARI,The Beach Boys,Capitol,15,14,
1962,46,32,50,RELEASE ME,Esther Phillips “Little Esther”,Lenox,4,32,
1962,46,33,44,I CAN’T HELP IT (If I’m Still In Love With You),Johnny Tillotson,Cadence,4,33,
1962,46,34,15,SHERRY,The Four Seasons,Vee-Jay,13,1,
1962,46,35,40,POP POP POP – PIE,The Sherrys,Guyden,7,35,
1962,46,36,33,WORKIN’ FOR THE MAN,Roy Orbison,Monument,9,33,
1962,46,37,48,WIGGLE WOBBLE,Les Cooper and the Soul Rockers,Everlast,5,37,
1962,46,38,42,MAMA SANG A SONG,Stan Kenton,Capitol,6,38,
1962,46,39,71,TELSTAR,The Tornados,London,3,39,
1962,46,40,26,GREEN ONIONS,Booker T. and the MG’s,Stax,15,3,
1962,46,45,32,IF A MAN ANSWERS,Bobby Darin,Capitol,8,32,
1962,46,46,35,SUSIE DARLIN’,Tommy Roe,ABC-Paramount,7,35,
1962,46,48,36,ALLEY CAT,Bent Fabric and His Piano,Atco,17,7,
1962,46,50,38,TORTURE,Kris Jensen,Hickory,12,20,
1962,46,58,34,I REMEMBER YOU,Frank Ifield,Vee-Jay,11,5,
1962,46,61,29,RAMBLIN’ ROSE,Nat King Cole,Capitol,16,2,
1962,46,41,47,I’LL BRING IT HOME TO YOU,Carla Thomas,Atlantic,6,41,
1962,46,42,62,KEEP YOUR HANDS OFF MY BABY,Little Eva,Dimension,3,42,
1962,46,43,66,RUMORS,Johnny Crawford,Del-Fi,3,43,
1962,46,44,60,ESO BESO (That Kiss),Paul Anka,RCA Victor,3,44,
1962,46,47,51,MAMA SANG A SONG,Walter Brennan,Liberty,5,47,
1962,46,49,58,DON’T ASK ME TO BE FRIENDS,The Everly Brothers,Warner Brothers,5,49,
1962,47,1,1,BIG GIRLS DON’T CRY,The Four Seasons,Vee-Jay,6,1,2 weeks at #1
1962,47,2,2,RETURN TO SENDER,Elvis Presley,RCA Victor,6,2,
1962,47,3,4,ALL ALONE AM I,Brenda Lee,Decca,9,3,
1962,47,4,7,BOBBY’S GIRL,Marcie Blane,Seville,6,4,
1962,47,5,5,NEXT DOOR TO AN ANGEL,Neil Sedaka,RCA Victor,8,5,
1962,47,6,9,LIMBO ROCK,Chubby Checker,Parkway,12,6,
1962,47,7,8,DON’T HANG UP,The Orlons,Cameo,7,7,
1962,47,8,3,HE’S A REBEL,The Crystals (The Blossoms),Philles,12,1,
1962,47,9,6,GINA,Johnny Mathis,Columbia,10,6,
1962,47,10,13,RIDE,Dee Dee Sharp,Cameo,6,10,
1962,47,11,19,THE LONELY BULL (El Solo Torro),The Tijuana Brass Featuring Herb Alpert,A&M,5,11,
1962,47,12,10,THE CHA-CHA-CHA,Bobby Rydell,Cameo,7,10,
1962,47,13,11,ONLY LOVE CAN BREAK A HEART,Gene Pitney,Musicor,11,2,
1962,47,14,12,NOTHING CAN CHANGE THIS LOVE,Sam Cooke,RCA Victor,9,12,
1962,47,15,18,DESAFINADO,Stan Getz/Charlie Byrd,Verve,9,15,
1962,47,16,15,CLOSE TO CATHY,Mike Clifford,United Artists,11,12,
1962,47,17,32,RELEASE ME,Esther Phillips “Little Esther”,Lenox,5,17,
1962,47,18,39,TELSTAR,The Tornados,London,4,18,
1962,47,19,26,MY OWN TRUE LOVE,The Duprees,Coed,6,19,
1962,47,20,22,I’VE GOT A WOMAN (Part 1),Jimmy McGriff,Sue,7,20,
1962,47,21,14,MONSTER MASH,Bobby (Boris) Pickett and the Crypt-Kickers,Garpax,12,1,
1962,47,22,23,(Dance With the) GUITAR MAN,Duane Eddy and the Rebelettes,RCA Victor,8,22,
1962,47,23,25,WHAT KIND OF FOOL AM I,"Sammy Davis, Jr.",Reprise,13,17,
1962,47,24,16,DO YOU LOVE ME,The Contours,Gordy,16,3,
1962,47,25,29,LEAH,Roy Orbison,Monument,8,25,
1962,47,26,17,JAMES (Hold the Ladder Steady),Sue Thompson,Hickory,9,17,
1962,47,27,24,I WAS SUCH A FOOL (To Fall In Love With You),Connie Francis,MGM,8,24,
1962,47,28,33,I CAN’T HELP IT (If I’m Still In Love With You),Johnny Tillotson,Cadence,5,28,
1962,47,29,42,KEEP YOUR HANDS OFF MY BABY,Little Eva,Dimension,4,29,
1962,47,30,43,RUMORS,Johnny Crawford,Del-Fi,4,30,
1962,47,31,20,POPEYE THE HITCHHIKER,Chubby Checker,Parkway,11,10,
1962,47,32,21,LOVE ME TENDER,Richard Chamberlain,MGM,8,21,
1962,47,33,28,THAT STRANGER USED TO BE MY GIRL,Trade Martin,Coed,6,28,
1962,47,34,37,WIGGLE WOBBLE,Les Cooper and the Soul Rockers,Everlast,6,34,
1962,47,35,38,MAMA SANG A SONG,Stan Kenton,Capitol,7,35,
1962,47,36,44,ESO BESO (That Kiss),Paul Anka,RCA Victor,4,36,
1962,47,37,51,"LOVERS BY NIGHT, STRANGERS BY DAY",The Fleetwoods,Dolton,7,37,
1962,47,38,27,I LEFT MY HEART IN SAN FRANCISCO,Tony Bennett,Columbia,16,19,
1962,47,39,56,LOVE CAME TO ME,Dion,Laurie,3,39,
1962,47,40,59,LET’S GO (Pony),The Routers,Warner Brothers,4,40,
1962,47,42,31,SURFIN’ SAFARI,The Beach Boys,Capitol,16,14,
1962,47,44,36,WORKIN’ FOR THE MAN,Roy Orbison,Monument,10,33,
1962,47,45,35,POP POP POP – PIE,The Sherrys,Guyden,8,35,
1962,47,47,34,SHERRY,The Four Seasons,Vee-Jay,14,1,
1962,47,49,30,PATCHES,Dickey Lee,Smash,14,6,
1962,47,53,40,GREEN ONIONS,Booker T. and the MG’s,Stax,16,3,
1962,47,41,52,DEAR LONELY HEARTS,Nat King Cole,Capitol,3,41,
1962,47,43,47,MAMA SANG A SONG,Walter Brennan,Liberty,6,43,
1962,47,46,65,CHAINS,The Cookies,Dimension,3,46,
1962,47,48,49,DON’T ASK ME TO BE FRIENDS,The Everly Brothers,Warner Brothers,6,48,
1962,47,50,77,YOU ARE MY SUNSHINE,Ray Charles,ABC-Paramount,2,50,
1962,48,1,1,BIG GIRLS DON’T CRY,The Four Seasons,Vee-Jay,7,1,3 weeks at #1
1962,48,2,2,RETURN TO SENDER,Elvis Presley,RCA Victor,7,2,
1962,48,3,4,BOBBY’S GIRL,Marcie Blane,Seville,7,3,
1962,48,4,6,LIMBO ROCK,Chubby Checker,Parkway,13,4,
1962,48,5,3,ALL ALONE AM I,Brenda Lee,Decca,10,3,
1962,48,6,7,DON’T HANG UP,The Orlons,Cameo,8,6,
1962,48,7,11,THE LONELY BULL (El Solo Torro),The Tijuana Brass Featuring Herb Alpert,A&M,6,7,
1962,48,8,10,RIDE,Dee Dee Sharp,Cameo,7,8,
1962,48,9,8,HE’S A REBEL,The Crystals (The Blossoms),Philles,13,1,
1962,48,10,5,NEXT DOOR TO AN ANGEL,Neil Sedaka,RCA Victor,9,5,
1962,48,11,9,GINA,Johnny Mathis,Columbia,11,6,
1962,48,12,12,THE CHA-CHA-CHA,Bobby Rydell,Cameo,8,10,
1962,48,13,18,TELSTAR,The Tornados,London,5,13,
1962,48,14,19,MY OWN TRUE LOVE,The Duprees,Coed,7,14,
1962,48,15,15,DESAFINADO,Stan Getz/Charlie Byrd,Verve,10,15,
1962,48,16,17,RELEASE ME,Esther Phillips “Little Esther”,Lenox,6,16,
1962,48,17,13,ONLY LOVE CAN BREAK A HEART,Gene Pitney,Musicor,12,2,
1962,48,18,22,(Dance With the) GUITAR MAN,Duane Eddy and the Rebelettes,RCA Victor,9,18,
1962,48,19,29,KEEP YOUR HANDS OFF MY BABY,Little Eva,Dimension,5,19,
1962,48,20,30,RUMORS,Johnny Crawford,Del-Fi,5,20,
1962,48,21,16,CLOSE TO CATHY,Mike Clifford,United Artists,12,12,
1962,48,22,14,NOTHING CAN CHANGE THIS LOVE,Sam Cooke,RCA Victor,10,12,
1962,48,23,36,ESO BESO (That Kiss),Paul Anka,RCA Victor,5,23,
1962,48,24,28,I CAN’T HELP IT (If I’m Still In Love With You),Johnny Tillotson,Cadence,6,24,
1962,48,25,23,WHAT KIND OF FOOL AM I,"Sammy Davis, Jr.",Reprise,14,17,
1962,48,26,24,DO YOU LOVE ME,The Contours,Gordy,17,3,
1962,48,27,39,LOVE CAME TO ME,Dion,Laurie,4,27,
1962,48,28,34,WIGGLE WOBBLE,Les Cooper and the Soul Rockers,Everlast,7,28,
1962,48,29,20,I’VE GOT A WOMAN (Part 1),Jimmy McGriff,Sue,8,20,
1962,48,30,41,DEAR LONELY HEARTS,Nat King Cole,Capitol,4,30,
1962,48,31,21,MONSTER MASH,Bobby (Boris) Pickett and the Crypt-Kickers,Garpax,13,1,
1962,48,32,35,MAMA SANG A SONG,Stan Kenton,Capitol,8,32,
1962,48,33,33,THAT STRANGER USED TO BE MY GIRL,Trade Martin,Coed,7,28,
1962,48,34,46,CHAINS,The Cookies,Dimension,4,34,
1962,48,35,38,I LEFT MY HEART IN SAN FRANCISCO,Tony Bennett,Columbia,17,19,
1962,48,36,37,"LOVERS BY NIGHT, STRANGERS BY DAY",The Fleetwoods,Dolton,8,36,
1962,48,37,40,LET’S GO (Pony),The Routers,Warner Brothers,5,37,
1962,48,38,43,MAMA SANG A SONG,Walter Brennan,Liberty,7,38,
1962,48,39,25,LEAH,Roy Orbison,Monument,9,25,
1962,48,40,50,YOU ARE MY SUNSHINE,Ray Charles,ABC-Paramount,3,40,
1962,48,43,31,POPEYE THE HITCHHIKER,Chubby Checker,Parkway,12,10,
1962,48,47,27,I WAS SUCH A FOOL (To Fall In Love With You),Connie Francis,MGM,9,24,
1962,48,51,26,JAMES (Hold the Ladder Steady),Sue Thompson,Hickory,10,17,
1962,48,54,32,LOVE ME TENDER,Richard Chamberlain,MGM,9,21,
1962,48,41,54,GO AWAY LITTLE GIRL,Steve Lawrence,Columbia,4,41,
1962,48,42,65,HOTEL HAPPINESS,Brook Benton,Mercury,2,42,
1962,48,44,64,ZIP-A-DEE DOO-DAH,Bob B. Soxx and the Blue Jeans,Philles,3,44,
1962,48,45,66,RUBY ANN,Marty Robbins,Columbia,3,45,
1962,48,46,51,STUBBORN KIND OF FELLOW,Marvin Gaye,Tamla,7,46,
1962,48,48,63,YOUR CHEATING HEART,Ray Charles,ABC-Paramount,3,48,
1962,48,49,55,MARY ANN REGRETS,Burl Ives,Decca,5,49,
1962,48,50,61,THE PUSH AND KICK,Mark Valentino,Swan,4,50,
1962,49,1,1,BIG GIRLS DON’T CRY,The Four Seasons,Vee-Jay,8,1,4 weeks at #1
1962,49,2,2,RETURN TO SENDER,Elvis Presley,RCA Victor,8,2,
1962,49,3,3,BOBBY’S GIRL,Marcie Blane,Seville,8,3,
1962,49,4,6,DON’T HANG UP,The Orlons,Cameo,9,4,
1962,49,5,8,RIDE,Dee Dee Sharp,Cameo,8,5,
1962,49,6,7,THE LONELY BULL (El Solo Torro),The Tijuana Brass Featuring Herb Alpert,A&M,7,6,
1962,49,7,13,TELSTAR,The Tornados,London,6,7,
1962,49,8,4,LIMBO ROCK,Chubby Checker,Parkway,14,4,
1962,49,9,5,ALL ALONE AM I,Brenda Lee,Decca,11,3,
1962,49,10,16,RELEASE ME,Esther Phillips “Little Esther”,Lenox,7,10,
1962,49,11,9,HE’S A REBEL,The Crystals (The Blossoms),Philles,14,1,
1962,49,12,18,(Dance With the) GUITAR MAN,Duane Eddy and the Rebelettes,RCA Victor,10,12,
1962,49,13,14,MY OWN TRUE LOVE,The Duprees,Coed,8,13,
1962,49,14,27,LOVE CAME TO ME,Dion,Laurie,5,14,
1962,49,15,20,RUMORS,Johnny Crawford,Del-Fi,6,15,
1962,49,16,19,KEEP YOUR HANDS OFF MY BABY,Little Eva,Dimension,6,16,
1962,49,17,12,THE CHA-CHA-CHA,Bobby Rydell,Cameo,9,10,
1962,49,18,15,DESAFINADO,Stan Getz/Charlie Byrd,Verve,11,15,
1962,49,19,23,ESO BESO (That Kiss),Paul Anka,RCA Victor,6,19,
1962,49,20,41,GO AWAY LITTLE GIRL,Steve Lawrence,Columbia,5,20,
1962,49,21,10,NEXT DOOR TO AN ANGEL,Neil Sedaka,RCA Victor,10,5,
1962,49,22,40,YOU ARE MY SUNSHINE,Ray Charles,ABC-Paramount,4,22,
1962,49,23,37,LET’S GO (Pony),The Routers,Warner Brothers,6,23,
1962,49,24,42,HOTEL HAPPINESS,Brook Benton,Mercury,3,24,
1962,49,25,30,DEAR LONELY HEARTS,Nat King Cole,Capitol,5,25,
1962,49,26,28,WIGGLE WOBBLE,Les Cooper and the Soul Rockers,Everlast,8,26,
1962,49,27,17,ONLY LOVE CAN BREAK A HEART,Gene Pitney,Musicor,13,2,
1962,49,28,24,I CAN’T HELP IT (If I’m Still In Love With You),Johnny Tillotson,Cadence,7,24,
1962,49,29,34,CHAINS,The Cookies,Dimension,5,29,
1962,49,30,44,ZIP-A-DEE DOO-DAH,Bob B. Soxx and the Blue Jeans,Philles,4,30,
1962,49,31,45,RUBY ANN,Marty Robbins,Columbia,4,31,
1962,49,32,11,GINA,Johnny Mathis,Columbia,12,6,
1962,49,33,50,THE PUSH AND KICK,Mark Valentino,Swan,5,33,
1962,49,34,22,NOTHING CAN CHANGE THIS LOVE,Sam Cooke,RCA Victor,11,12,
1962,49,35,48,YOUR CHEATING HEART,Ray Charles,ABC-Paramount,4,35,
1962,49,36,33,THAT STRANGER USED TO BE MY GIRL,Trade Martin,Coed,8,28,
1962,49,37,25,WHAT KIND OF FOOL AM I,"Sammy Davis, Jr.",Reprise,15,17,
1962,49,38,29,I’VE GOT A WOMAN (Part 1),Jimmy McGriff,Sue,9,20,
1962,49,39,49,MARY ANN REGRETS,Burl Ives,Decca,6,39,
1962,49,40,32,MAMA SANG A SONG,Stan Kenton,Capitol,9,32,
1962,49,41,21,CLOSE TO CATHY,Mike Clifford,United Artists,13,12,
1962,49,42,26,DO YOU LOVE ME,The Contours,Gordy,18,3,
1962,49,46,39,LEAH,Roy Orbison,Monument,10,25,
1962,49,47,36,"LOVERS BY NIGHT, STRANGERS BY DAY",The Fleetwoods,Dolton,9,36,
1962,49,48,38,MAMA SANG A SONG,Walter Brennan,Liberty,8,38,
1962,49,50,35,I LEFT MY HEART IN SAN FRANCISCO,Tony Bennett,Columbia,18,19,
1962,49,59,31,MONSTER MASH,Bobby (Boris) Pickett and the Crypt-Kickers,Garpax,14,1,
1962,49,43,64,TWO LOVERS,Mary Wells,Motown,2,43,
1962,49,44,56,SPANISH LACE,Gene McDaniels,Liberty,5,44,
1962,49,45,55,MY DAD,Paul Petersen,Colpix,4,45,
1962,49,49,53,COMIN’ HOME BABY,Mel Torme,Atlantic,6,49,
1962,50,1,1,BIG GIRLS DON’T CRY,The Four Seasons,Vee-Jay,9,1,5 weeks at #1
1962,50,2,2,RETURN TO SENDER,Elvis Presley,RCA Victor,9,2,
1962,50,3,3,BOBBY’S GIRL,Marcie Blane,Seville,9,3,
1962,50,4,8,LIMBO ROCK,Chubby Checker,Parkway,15,4,
1962,50,5,7,TELSTAR,The Tornados,London,7,5,
1962,50,6,4,DON’T HANG UP,The Orlons,Cameo,10,4,
1962,50,7,6,THE LONELY BULL (El Solo Torro),The Tijuana Brass Featuring Herb Alpert,A&M,8,6,
1962,50,8,5,RIDE,Dee Dee Sharp,Cameo,9,5,
1962,50,9,10,RELEASE ME,Esther Phillips “Little Esther”,Lenox,8,9,
1962,50,10,20,GO AWAY LITTLE GIRL,Steve Lawrence,Columbia,6,10,
1962,50,11,22,YOU ARE MY SUNSHINE,Ray Charles,ABC-Paramount,5,11,
1962,50,12,15,RUMORS,Johnny Crawford,Del-Fi,7,12,
1962,50,13,16,KEEP YOUR HANDS OFF MY BABY,Little Eva,Dimension,7,13,
1962,50,14,14,LOVE CAME TO ME,Dion,Laurie,6,14,
1962,50,15,24,HOTEL HAPPINESS,Brook Benton,Mercury,5,15,
1962,50,16,12,(Dance With the) GUITAR MAN,Duane Eddy and the Rebelettes,RCA Victor,11,12,
1962,50,17,25,DEAR LONELY HEARTS,Nat King Cole,Capitol,6,17,
1962,50,18,9,ALL ALONE AM I,Brenda Lee,Decca,12,3,
1962,50,19,11,HE’S A REBEL,The Crystals (The Blossoms),Philles,15,1,
1962,50,20,23,LET’S GO (Pony),The Routers,Warner Brothers,7,20,
1962,50,21,13,MY OWN TRUE LOVE,The Duprees,Coed,9,13,
1962,50,22,29,CHAINS,The Cookies,Dimension,6,22,
1962,50,23,31,RUBY ANN,Marty Robbins,Columbia,5,23,
1962,50,24,18,DESAFINADO,Stan Getz/Charlie Byrd,Verve,12,15,
1962,50,25,30,ZIP-A-DEE DOO-DAH,Bob B. Soxx and the Blue Jeans,Philles,5,25,
1962,50,26,19,ESO BESO (That Kiss),Paul Anka,RCA Victor,7,19,
1962,50,27,33,THE PUSH AND KICK,Mark Valentino,Swan,6,27,
1962,50,28,26,WIGGLE WOBBLE,Les Cooper and the Soul Rockers,Everlast,9,26,
1962,50,29,17,THE CHA-CHA-CHA,Bobby Rydell,Cameo,10,10,
1962,50,30,35,YOUR CHEATING HEART,Ray Charles,ABC-Paramount,5,30,
1962,50,31,44,SPANISH LACE,Gene McDaniels,Liberty,6,31,
1962,50,32,45,MY DAD,Paul Petersen,Colpix,5,32,
1962,50,33,43,TWO LOVERS,Mary Wells,Motown,3,33,
1962,50,34,28,I CAN’T HELP IT (If I’m Still In Love With You),Johnny Tillotson,Cadence,8,24,
1962,50,35,55,TELL HIM,The Exciters,United Artists,3,35,
1962,50,36,53,EVERYBODY LOVES A LOVER,The Shirelles,Scepter,3,36,
1962,50,37,72,PEPINO THE ITALIAN MOUSE,Lou Monte,Reprise,2,37,
1962,50,38,66,THE LITTLE DRUMMER BOY,The Harry Simeone Chorale,20th Fox,26,13,
1962,50,39,21,NEXT DOOR TO AN ANGEL,Neil Sedaka,RCA Victor,11,5,
1962,50,40,49,COMIN’ HOME BABY,Mel Torme,Atlantic,7,40,
1962,50,43,27,ONLY LOVE CAN BREAK A HEART,Gene Pitney,Musicor,14,2,
1962,50,44,39,MARY ANN REGRETS,Burl Ives,Decca,7,39,
1962,50,41,52,SHUTTERS AND BOARDS,Jerry Wallace,Challenge,5,41,
1962,50,42,70,THE NIGHT HAS A THOUSAND EYES,Bobby Vee,Liberty,2,42,
1962,50,45,58,UP ON THE ROOF,The Drifters,Atlantic,7,45,
1962,50,46,50,I LEFT MY HEART IN SAN FRANCISCO,Tony Bennett,Columbia,19,19,
1962,50,47,65,LET’S KISS AND MAKE UP,Bobby Vinton,Epic,3,47,
1962,50,48,51,STUBBORN KIND OF FELLOW,Marvin Gaye,Tamla,9,46,
1962,50,49,74,I SAW LINDA YESTERDAY,Dickey Lee,Smash,2,49,
1962,50,50,47,"LOVERS BY NIGHT, STRANGERS BY DAY",The Fleetwoods,Dolton,10,36,
1962,51,1,5,TELSTAR,The Tornados,London,8,1,1 week at #1
1962,51,2,4,LIMBO ROCK,Chubby Checker,Parkway,16,2,
1962,51,3,2,RETURN TO SENDER,Elvis Presley,RCA Victor,10,2,
1962,51,4,3,BOBBY’S GIRL,Marcie Blane,Seville,10,3,
1962,51,5,1,BIG GIRLS DON’T CRY,The Four Seasons,Vee-Jay,10,1,
1962,51,6,6,DON’T HANG UP,The Orlons,Cameo,11,4,
1962,51,7,10,GO AWAY LITTLE GIRL,Steve Lawrence,Columbia,7,7,
1962,51,8,9,RELEASE ME,Esther Phillips “Little Esther”,Lenox,9,8,
1962,51,9,11,YOU ARE MY SUNSHINE,Ray Charles,ABC-Paramount,6,9,
1962,51,10,14,LOVE CAME TO ME,Dion,Laurie,7,10,
1962,51,11,7,THE LONELY BULL (El Solo Torro),The Tijuana Brass Featuring Herb Alpert,A&M,9,6,
1962,51,12,13,KEEP YOUR HANDS OFF MY BABY,Little Eva,Dimension,8,12,
1962,51,13,8,RIDE,Dee Dee Sharp,Cameo,10,5,
1962,51,14,15,HOTEL HAPPINESS,Brook Benton,Mercury,6,14,
1962,51,15,17,DEAR LONELY HEARTS,Nat King Cole,Capitol,7,15,
1962,51,16,25,ZIP-A-DEE DOO-DAH,Bob B. Soxx and the Blue Jeans,Philles,6,16,
1962,51,17,12,RUMORS,Johnny Crawford,Del-Fi,8,12,
1962,51,18,23,RUBY ANN,Marty Robbins,Columbia,6,18,
1962,51,19,20,LET’S GO (Pony),The Routers,Warner Brothers,8,19,
1962,51,20,22,CHAINS,The Cookies,Dimension,7,20,
1962,51,21,16,(Dance With the) GUITAR MAN,Duane Eddy and the Rebelettes,RCA Victor,12,12,
1962,51,22,35,TELL HIM,The Exciters,United Artists,4,22,
1962,51,23,37,PEPINO THE ITALIAN MOUSE,Lou Monte,Reprise,3,23,
1962,51,24,28,WIGGLE WOBBLE,Les Cooper and the Soul Rockers,Everlast,10,24,
1962,51,25,33,TWO LOVERS,Mary Wells,Motown,4,25,
1962,51,26,18,ALL ALONE AM I,Brenda Lee,Decca,13,3,
1962,51,27,32,MY DAD,Paul Petersen,Colpix,6,27,
1962,51,28,36,EVERYBODY LOVES A LOVER,The Shirelles,Scepter,4,28,
1962,51,29,30,YOUR CHEATING HEART,Ray Charles,ABC-Paramount,6,29,
1962,51,30,19,HE’S A REBEL,The Crystals (The Blossoms),Philles,16,1,
1962,51,31,31,SPANISH LACE,Gene McDaniels,Liberty,7,31,
1962,51,32,24,DESAFINADO,Stan Getz/Charlie Byrd,Verve,13,15,
1962,51,33,38,THE LITTLE DRUMMER BOY,The Harry Simeone Chorale,20th Fox,27,13,
1962,51,34,56,SANTA CLAUS IS COMING TO TOWN,The Four Seasons,Vee-Jay,2,34,
1962,51,35,42,THE NIGHT HAS A THOUSAND EYES,Bobby Vee,Liberty,3,35,
1962,51,36,26,ESO BESO (That Kiss),Paul Anka,RCA Victor,8,19,
1962,51,37,27,THE PUSH AND KICK,Mark Valentino,Swan,7,27,
1962,51,38,41,SHUTTERS AND BOARDS,Jerry Wallace,Challenge,6,38,
1962,51,39,40,COMIN’ HOME BABY,Mel Torme,Atlantic,8,39,
1962,51,40,57,MONSTERS’ HOLIDAY,Bobby (Boris) Pickett and the Crypt-Kickers,Garpax,3,40,
1962,51,44,21,MY OWN TRUE LOVE,The Duprees,Coed,10,13,
1962,51,52,29,THE CHA-CHA-CHA,Bobby Rydell,Cameo,11,10,
1962,51,54,34,I CAN’T HELP IT (If I’m Still In Love With You),Johnny Tillotson,Cadence,9,24,
1962,51,41,45,UP ON THE ROOF,The Drifters,Atlantic,8,41,
1962,51,42,49,I SAW LINDA YESTERDAY,Dickey Lee,Smash,3,42,
1962,51,43,47,LET’S KISS AND MAKE UP,Bobby Vinton,Epic,4,43,
1962,51,45,58,IT’S UP TO YOU,Rick Nelson,Imperial,2,45,
1962,51,46,70,WHITE CHRISTMAS,Bing Crosby,Decca,76,1,
1962,51,47,59,THE CHIPMUNK SONG (Christmas Don’t Be Late),The Chipmunks with the Music Of David Seville,Liberty,27,1,
1962,51,48,55,SEE SEE RIDER,LaVern Baker,Atlantic,4,48,
1962,51,49,52,YOU THREW A LUCKY PUNCH,Gene Chandler,Vee-Jay,5,49,
1962,51,50,61,DON’T MAKE ME OVER,Dionne Warwick,Scepter,3,50,
1962,52,1,1,TELSTAR,The Tornados,London,9,1,2 weeks at #1
1962,52,2,2,LIMBO ROCK,Chubby Checker,Parkway,17,2,
1962,52,3,4,BOBBY’S GIRL,Marcie Blane,Seville,11,3,
1962,52,4,7,GO AWAY LITTLE GIRL,Steve Lawrence,Columbia,8,4,
1962,52,5,5,BIG GIRLS DON’T CRY,The Four Seasons,Vee-Jay,11,1,
1962,52,6,3,RETURN TO SENDER,Elvis Presley,RCA Victor,11,2,
1962,52,7,9,YOU ARE MY SUNSHINE,Ray Charles,ABC-Paramount,7,7,
1962,52,8,8,RELEASE ME,Esther Phillips “Little Esther”,Lenox,10,8,
1962,52,9,16,ZIP-A-DEE DOO-DAH,Bob B. Soxx and the Blue Jeans,Philles,7,9,
1962,52,10,14,HOTEL HAPPINESS,Brook Benton,Mercury,7,10,
1962,52,11,23,PEPINO THE ITALIAN MOUSE,Lou Monte,Reprise,4,11,
1962,52,12,12,KEEP YOUR HANDS OFF MY BABY,Little Eva,Dimension,9,12,
1962,52,13,15,DEAR LONELY HEARTS,Nat King Cole,Capitol,8,13,
1962,52,14,22,TELL HIM,The Exciters,United Artists,5,14,
1962,52,15,11,THE LONELY BULL (El Solo Torro),The Tijuana Brass Featuring Herb Alpert,A&M,10,6,
1962,52,16,6,DON’T HANG UP,The Orlons,Cameo,12,4,
1962,52,17,20,CHAINS,The Cookies,Dimension,8,17,
1962,52,18,10,LOVE CAME TO ME,Dion,Laurie,8,10,
1962,52,19,25,TWO LOVERS,Mary Wells,Motown,5,19,
1962,52,20,27,MY DAD,Paul Petersen,Colpix,7,20,
1962,52,21,35,THE NIGHT HAS A THOUSAND EYES,Bobby Vee,Liberty,4,21,
1962,52,22,18,RUBY ANN,Marty Robbins,Columbia,7,18,
1962,52,23,34,SANTA CLAUS IS COMING TO TOWN,The Four Seasons,Vee-Jay,3,23,
1962,52,24,24,WIGGLE WOBBLE,Les Cooper and the Soul Rockers,Everlast,11,24,
1962,52,25,13,RIDE,Dee Dee Sharp,Cameo,11,5,
1962,52,26,17,RUMORS,Johnny Crawford,Del-Fi,9,12,
1962,52,27,28,EVERYBODY LOVES A LOVER,The Shirelles,Scepter,5,27,
1962,52,28,33,THE LITTLE DRUMMER BOY,The Harry Simeone Chorale,20th Fox,28,13,
1962,52,29,41,UP ON THE ROOF,The Drifters,Atlantic,9,29,
1962,52,30,45,IT’S UP TO YOU,Rick Nelson,Imperial,3,30,
1962,52,31,40,MONSTERS’ HOLIDAY,Bobby (Boris) Pickett and the Crypt-Kickers,Garpax,4,31,
1962,52,32,29,YOUR CHEATING HEART,Ray Charles,ABC-Paramount,7,29,
1962,52,33,21,(Dance With the) GUITAR MAN,Duane Eddy and the Rebelettes,RCA Victor,13,12,
1962,52,34,38,SHUTTERS AND BOARDS,Jerry Wallace,Challenge,7,34,
1962,52,35,19,LET’S GO (Pony),The Routers,Warner Brothers,9,19,
1962,52,36,39,COMIN’ HOME BABY,Mel Torme,Atlantic,9,36,
1962,52,37,32,DESAFINADO,Stan Getz/Charlie Byrd,Verve,14,15,
1962,52,38,46,WHITE CHRISTMAS,Bing Crosby,Decca,77,1,
1962,52,39,42,I SAW LINDA YESTERDAY,Dickey Lee,Smash,4,39,
1962,52,40,47,THE CHIPMUNK SONG (Christmas Don’t Be Late),The Chipmunks with the Music Of David Seville,Liberty,28,1,
1962,52,41,37,THE PUSH AND KICK,Mark Valentino,Swan,8,27,
1962,52,47,30,HE’S A REBEL,The Crystals (The Blossoms),Philles,17,1,
1962,52,48,31,SPANISH LACE,Gene McDaniels,Liberty,8,31,
1962,52,57,26,ALL ALONE AM I,Brenda Lee,Decca,14,3,
1962,52,42,43,LET’S KISS AND MAKE UP,Bobby Vinton,Epic,5,42,
1962,52,43,56,HALF HEAVEN – HALF HEARTACHE,Gene Pitney,Musicor,3,43,
1962,52,44,48,SEE SEE RIDER,LaVern Baker,Atlantic,5,44,
1962,52,45,55,SANTA CLAUS IS WATCHING YOU,Ray Stevens,Mercury,3,45,
1962,52,46,50,DON’T MAKE ME OVER,Dionne Warwick,Scepter,4,46,
1962,52,49,62,TROUBLE IS MY MIDDLE NAME,Bobby Vinton,Epic,4,49,
1962,52,50,53,TEN LITTLE INDIANS,The Beach Boys,Capitol,5,50,
