YEAR,WEEK,TW,LW,TITLE,ARTIST,LABEL,WEEKS_ON_CHART,PEAK_POSITION,WEEKS_AT_1
1963,1,1,1,TELSTAR,The Tornadoes,London,10,1,3 weeks at #1
1963,1,2,4,GO AWAY LITTLE GIRL,Steve Lawrence,Columbia,9,2,
1963,1,4,3,BOBBY’S GIRL,Marcie Blane,Seville,12,3,
1963,1,6,10,HOTEL HAPPINESS,Brook Benton,Mercury,8,6,
1963,1,7,11,PEPINO THE ITALIAN MOUSE,Lou Monte,Reprise,5,7,
1963,1,9,9,ZIP-A-DEE DOO-DAH,Bob B. Soxx and the Blue Jeans,Philles,8,9,
1963,1,10,14,TELL HIM,The Exciters,United Artists,6,10,
1963,1,11,20,MY DAD,Paul Petersen,Colpix,8,11,
1963,1,13,8,RELEASE ME,Esther Phillips “Little Esther”,Lenox,11,8,
1963,1,14,21,THE NIGHT HAS A THOUSAND EYES,Bobby Vee,Liberty,5,14,
1963,1,16,15,THE LONELY BULL (El Solo Torro),The Tijuana Brass Featuring Herb Alpert,A&M,11,6,
1963,1,17,13,DEAR LONELY HEARTS,Nat King Cole,Capitol,9,13,
1963,1,18,17,CHAINS,The Cookies,Dimension,9,17,
1963,1,19,12,KEEP YOUR HANDS OFF MY BABY,Little Eva,Dimension,10,12,
1963,1,21,16,DON’T HANG UP,The Orlons,Cameo,13,4,
1963,1,23,24,WIGGLE WOBBLE,Les Cooper and the Soul Rockers,Everlast,12,23,
1963,1,24,18,LOVE CAME TO ME,Dion,Laurie,9,10,
1963,1,25,39,I SAW LINDA YESTERDAY,Dickey Lee,Smash,5,25,
1963,1,27,22,RUBY ANN,Marty Robbins,Columbia,8,18,
1963,1,28,34,SHUTTERS AND BOARDS,Jerry Wallace,Challenge,8,28,
1963,1,30,31,MONSTERS’ HOLIDAY,Bobby (Boris) Pickett and the Crypt-Kickers,Garpax,5,30,
1963,1,31,25,RIDE,Dee Dee Sharp,Cameo,12,5,
1963,1,32,46,DON’T MAKE ME OVER,Dionne Warwick,Scepter,5,32,
1963,1,34,49,TROUBLE IS MY MIDDLE NAME,Bobby Vinton,Epic,5,34,
1963,1,35,61,LOOP DE LOOP,Johnny Thunder,Diamond,3,35,
1963,1,36,32,YOUR CHEATING HEART,Ray Charles,ABC-Paramount,8,29,
1963,1,38,26,RUMORS,Johnny Crawford,Del-Fi,10,12,
1963,1,39,51,I’M GONNA BE WARM THIS WINTER,Connie Francis,MGM,4,39,
1963,1,40,35,LET’S GO (Pony),The Routers,Warner Brothers,10,19,
1963,1,41,37,DESAFINADO,Stan Getz/Charlie Byrd,Verve,15,15,
1963,1,45,36,COMIN’ HOME BABY,Mel Torme,Atlantic,10,36,
1963,1,42,58,REMEMBER THEN,The Earls,Old Town,4,42,
1963,1,43,42,LET’S KISS AND MAKE UP,Bobby Vinton,Epic,6,42,
1963,1,44,52,SOME KINDA FUN,Chris Montez,Monogram,5,44,
1963,1,46,69,YOU’VE REALLY GOT A HOLD ON ME,The Miracles,Tamla,5,46,
1963,1,47,53,THE LOVE OF A BOY,Timi Yuro,Liberty,6,47,
1963,1,48,67,MY COLORING BOOK,Kitty Kallen,RCA Victor,3,48,
1963,1,50,41,THE PUSH AND KICK,Mark Valentino,Swan,9,27,
1963,2,1,2,GO AWAY LITTLE GIRL,Steve Lawrence,Columbia,10,1,1 week at #1
1963,2,2,1,TELSTAR,The Tornadoes,London,11,1,
1963,2,3,3,LIMBO ROCK,Chubby Checker,Parkway,19,2,
1963,2,4,6,HOTEL HAPPINESS,Brook Benton,Mercury,9,4,
1963,2,5,7,PEPINO THE ITALIAN MOUSE,Lou Monte,Reprise,6,5,
1963,2,6,10,TELL HIM,The Exciters,United Artists,7,6,
1963,2,7,14,THE NIGHT HAS A THOUSAND EYES,Bobby Vee,Liberty,6,7,
1963,2,8,9,ZIP-A-DEE DOO-DAH,Bob B. Soxx and the Blue Jeans,Philles,9,8,
1963,2,9,15,TWO LOVERS,Mary Wells,Motown,7,9,
1963,2,10,11,MY DAD,Paul Petersen,Colpix,9,10,
1963,2,11,5,BIG GIRLS DON’T CRY,The Four Seasons,Vee-Jay,13,1,
1963,2,12,4,BOBBY’S GIRL,Marcie Blane,Seville,13,3,
1963,2,13,8,RETURN TO SENDER,Elvis Presley,RCA Victor,13,2,
1963,2,14,20,IT’S UP TO YOU,Rick Nelson,Imperial,5,14,
1963,2,15,12,YOU ARE MY SUNSHINE,Ray Charles,ABC-Paramount,9,7,
1963,2,16,22,UP ON THE ROOF,The Drifters,Atlantic,11,16,
1963,2,17,25,I SAW LINDA YESTERDAY,Dickey Lee,Smash,6,17,
1963,2,18,16,THE LONELY BULL (El Solo Torro),The Tijuana Brass Featuring Herb Alpert,A&M,12,6,
1963,2,19,35,LOOP DE LOOP,Johnny Thunder,Diamond,4,19,
1963,2,20,29,HALF HEAVEN – HALF HEARTACHE,Gene Pitney,Musicor,5,20,
1963,2,21,26,EVERYBODY LOVES A LOVER,The Shirelles,Scepter,7,21,
1963,2,22,23,WIGGLE WOBBLE,Les Cooper and the Soul Rockers,Everlast,13,22,
1963,2,23,13,RELEASE ME,Esther Phillips “Little Esther”,Lenox,12,8,
1963,2,24,28,SHUTTERS AND BOARDS,Jerry Wallace,Challenge,9,24,
1963,2,25,17,DEAR LONELY HEARTS,Nat King Cole,Capitol,10,13,
1963,2,26,18,CHAINS,The Cookies,Dimension,10,17,
1963,2,27,24,LOVE CAME TO ME,Dion,Laurie,10,10,
1963,2,28,32,DON’T MAKE ME OVER,Dionne Warwick,Scepter,6,28,
1963,2,29,19,KEEP YOUR HANDS OFF MY BABY,Little Eva,Dimension,11,12,
1963,2,30,53,HEY PAULA,Paul and Paula,Philips,3,30,
1963,2,31,21,DON’T HANG UP,The Orlons,Cameo,14,4,
1963,2,32,42,REMEMBER THEN,The Earls,Old Town,5,32,
1963,2,33,46,YOU’VE REALLY GOT A HOLD ON ME,The Miracles,Tamla,6,33,
1963,2,34,34,TROUBLE IS MY MIDDLE NAME,Bobby Vinton,Epic,6,34,
1963,2,35,71,WALK RIGHT IN,The Rooftop Singers,Vanguard,2,35,
1963,2,36,37,SEE SEE RIDER,LaVern Baker,Atlantic,7,36,
1963,2,37,39,I’M GONNA BE WARM THIS WINTER,Connie Francis,MGM,5,37,
1963,2,38,48,MY COLORING BOOK,Kitty Kallen,RCA Victor,4,38,
1963,2,39,30,MONSTERS’ HOLIDAY,Bobby (Boris) Pickett and the Crypt-Kickers,Garpax,6,30,
1963,2,40,43,LET’S KISS AND MAKE UP,Bobby Vinton,Epic,7,40,
1963,2,41,31,RIDE,Dee Dee Sharp,Cameo,13,5,
1963,2,44,27,RUBY ANN,Marty Robbins,Columbia,9,18,
1963,2,45,33,(Dance With the) GUITAR MAN,Duane Eddy and the Rebelettes,RCA Victor,15,12,
1963,2,47,36,YOUR CHEATING HEART,Ray Charles,ABC-Paramount,9,29,
1963,2,48,40,LET’S GO (Pony),The Routers,Warner Brothers,11,19,
1963,2,42,58,MY COLORING BOOK,Sandy Stewart,Colpix,3,42,
1963,2,43,44,SOME KINDA FUN,Chris Montez,Monogram,6,43,
1963,2,46,47,THE LOVE OF A BOY,Timi Yuro,Liberty,7,46,
1963,2,49,63,CINNAMON CINDER (It’s a Very Nice Dance),The Pastel Six,Zen,3,49,
1963,2,50,41,DESAFINADO,Stan Getz/Charlie Byrd,Verve,16,15,
1963,3,1,1,GO AWAY LITTLE GIRL,Steve Lawrence,Columbia,11,1,2 weeks at #1
1963,3,2,2,TELSTAR,The Tornadoes,London,12,1,
1963,3,3,4,HOTEL HAPPINESS,Brook Benton,Mercury,10,3,
1963,3,4,6,TELL HIM,The Exciters,United Artists,8,4,
1963,3,5,7,THE NIGHT HAS A THOUSAND EYES,Bobby Vee,Liberty,7,5,
1963,3,6,3,LIMBO ROCK,Chubby Checker,Parkway,20,2,
1963,3,7,9,TWO LOVERS,Mary Wells,Motown,8,7,
1963,3,8,10,MY DAD,Paul Petersen,Colpix,10,8,
1963,3,9,5,PEPINO THE ITALIAN MOUSE,Lou Monte,Reprise,7,5,
1963,3,10,30,HEY PAULA,Paul and Paula,Philips,4,10,
1963,3,11,35,WALK RIGHT IN,The Rooftop Singers,Vanguard,3,11,
1963,3,12,14,IT’S UP TO YOU,Rick Nelson,Imperial,6,12,
1963,3,13,16,UP ON THE ROOF,The Drifters,Atlantic,12,13,
1963,3,14,17,I SAW LINDA YESTERDAY,Dickey Lee,Smash,7,14,
1963,3,15,8,ZIP-A-DEE DOO-DAH,Bob B. Soxx and the Blue Jeans,Philles,10,8,
1963,3,16,19,LOOP DE LOOP,Johnny Thunder,Diamond,5,16,
1963,3,17,20,HALF HEAVEN – HALF HEARTACHE,Gene Pitney,Musicor,6,17,
1963,3,18,11,BIG GIRLS DON’T CRY,The Four Seasons,Vee-Jay,14,1,
1963,3,19,12,BOBBY’S GIRL,Marcie Blane,Seville,14,3,
1963,3,20,21,EVERYBODY LOVES A LOVER,The Shirelles,Scepter,8,20,
1963,3,21,13,RETURN TO SENDER,Elvis Presley,RCA Victor,14,2,
1963,3,22,15,YOU ARE MY SUNSHINE,Ray Charles,ABC-Paramount,10,7,
1963,3,23,37,I’M GONNA BE WARM THIS WINTER,Connie Francis,MGM,6,23,
1963,3,24,24,SHUTTERS AND BOARDS,Jerry Wallace,Challenge,10,24,
1963,3,25,32,REMEMBER THEN,The Earls,Old Town,6,25,
1963,3,26,28,DON’T MAKE ME OVER,Dionne Warwick,Scepter,7,26,
1963,3,27,38,MY COLORING BOOK,Kitty Kallen,RCA Victor,5,27,
1963,3,28,33,YOU’VE REALLY GOT A HOLD ON ME,The Miracles,Tamla,7,28,
1963,3,29,22,WIGGLE WOBBLE,Les Cooper and the Soul Rockers,Everlast,14,22,
1963,3,30,18,THE LONELY BULL (El Solo Torro),The Tijuana Brass Featuring Herb Alpert,A&M,13,6,
1963,3,31,23,RELEASE ME,Esther Phillips “Little Esther”,Lenox,13,8,
1963,3,32,42,MY COLORING BOOK,Sandy Stewart,Colpix,4,32,
1963,3,33,34,TROUBLE IS MY MIDDLE NAME,Bobby Vinton,Epic,7,33,
1963,3,34,36,SEE SEE RIDER,LaVern Baker,Atlantic,8,34,
1963,3,35,26,CHAINS,The Cookies,Dimension,11,17,
1963,3,36,49,CINNAMON CINDER (It’s a Very Nice Dance),The Pastel Six,Zen,4,36,
1963,3,37,27,LOVE CAME TO ME,Dion,Laurie,11,10,
1963,3,38,40,LET’S KISS AND MAKE UP,Bobby Vinton,Epic,8,38,
1963,3,39,25,DEAR LONELY HEARTS,Nat King Cole,Capitol,11,13,
1963,3,45,29,KEEP YOUR HANDS OFF MY BABY,Little Eva,Dimension,12,12,
1963,3,47,31,DON’T HANG UP,The Orlons,Cameo,15,4,
1963,3,41,51,FROM A JACK TO A KING,Ned Miller,Fabor,4,41,
1963,3,43,43,SOME KINDA FUN,Chris Montez,Monogram,7,43,
1963,3,44,46,THE LOVE OF A BOY,Timi Yuro,Liberty,8,44,
1963,3,46,52,LOVESICK BLUES,Frank Ifield,Vee-Jay,5,46,
1963,3,48,48,LET’S GO (Pony),The Routers,Warner Brothers,12,19,
1963,3,49,66,FLY ME TO THE MOON – BOSSA NOVA,Joe Harnell and His Orchestra,Kapp,4,49,
1963,3,50,63,SHAKE ME I RATTLE (Squeeze Me I Cry),Marion Worth,Columbia,4,50,
1963,4,1,11,WALK RIGHT IN,The Rooftop Singers,Vanguard,4,1,1 week at #1
1963,4,2,10,HEY PAULA,Paul and Paula,Philips,5,2,
1963,4,3,1,GO AWAY LITTLE GIRL,Steve Lawrence,Columbia,12,1,
1963,4,4,4,TELL HIM,The Exciters,United Artists,9,4,
1963,4,5,5,THE NIGHT HAS A THOUSAND EYES,Bobby Vee,Liberty,8,5,
1963,4,6,8,MY DAD,Paul Petersen,Colpix,11,6,
1963,4,7,7,TWO LOVERS,Mary Wells,Motown,9,7,
1963,4,8,2,TELSTAR,The Tornadoes,London,13,1,
1963,4,9,12,IT’S UP TO YOU,Rick Nelson,Imperial,7,9,
1963,4,10,6,LIMBO ROCK,Chubby Checker,Parkway,21,2,
1963,4,11,13,UP ON THE ROOF,The Drifters,Atlantic,13,11,
1963,4,12,3,HOTEL HAPPINESS,Brook Benton,Mercury,11,3,
1963,4,13,16,LOOP DE LOOP,Johnny Thunder,Diamond,6,13,
1963,4,14,14,I SAW LINDA YESTERDAY,Dickey Lee,Smash,8,14,
1963,4,15,17,HALF HEAVEN – HALF HEARTACHE,Gene Pitney,Musicor,7,15,
1963,4,16,9,PEPINO THE ITALIAN MOUSE,Lou Monte,Reprise,8,5,
1963,4,17,28,YOU’VE REALLY GOT A HOLD ON ME,The Miracles,Tamla,8,17,
1963,4,18,23,I’M GONNA BE WARM THIS WINTER,Connie Francis,MGM,7,18,
1963,4,19,20,EVERYBODY LOVES A LOVER,The Shirelles,Scepter,9,19,
1963,4,20,15,ZIP-A-DEE DOO-DAH,Bob B. Soxx and the Blue Jeans,Philles,11,8,
1963,4,21,26,DON’T MAKE ME OVER,Dionne Warwick,Scepter,8,21,
1963,4,22,19,BOBBY’S GIRL,Marcie Blane,Seville,15,3,
1963,4,23,27,MY COLORING BOOK,Kitty Kallen,RCA Victor,6,23,
1963,4,24,25,REMEMBER THEN,The Earls,Old Town,7,24,
1963,4,25,32,MY COLORING BOOK,Sandy Stewart,Colpix,5,25,
1963,4,26,24,SHUTTERS AND BOARDS,Jerry Wallace,Challenge,11,24,
1963,4,27,18,BIG GIRLS DON’T CRY,The Four Seasons,Vee-Jay,15,1,
1963,4,28,41,FROM A JACK TO A KING,Ned Miller,Fabor,5,28,
1963,4,29,36,CINNAMON CINDER (It’s a Very Nice Dance),The Pastel Six,Zen,5,29,
1963,4,30,42,LITTLE TOWN FLIRT,Del Shannon,Big Top,6,30,
1963,4,31,69,RUBY BABY,Dion,Columbia,2,31,
1963,4,32,40,HE’S SURE THE BOY I LOVE,The Crystals (The Blossoms),Philles,5,32,
1963,4,33,49,FLY ME TO THE MOON – BOSSA NOVA,Joe Harnell and His Orchestra,Kapp,5,33,
1963,4,34,21,RETURN TO SENDER,Elvis Presley,RCA Victor,15,2,
1963,4,35,65,RHYTHM OF THE RAIN,The Cascades,Valiant,3,35,
1963,4,36,51,PROUD,Johnny Crawford,Del-Fi,4,36,
1963,4,37,29,WIGGLE WOBBLE,Les Cooper and the Soul Rockers,Everlast,15,22,
1963,4,38,52,WILD WEEKEND,The Rebels,Swan,5,38,
1963,4,39,22,YOU ARE MY SUNSHINE,Ray Charles,ABC-Paramount,11,7,
1963,4,41,33,TROUBLE IS MY MIDDLE NAME,Bobby Vinton,Epic,8,33,
1963,4,42,34,SEE SEE RIDER,LaVern Baker,Atlantic,9,34,
1963,4,45,38,LET’S KISS AND MAKE UP,Bobby Vinton,Epic,9,38,
1963,4,48,35,CHAINS,The Cookies,Dimension,12,17,
1963,4,50,30,THE LONELY BULL (El Solo Torro),The Tijuana Brass Featuring Herb Alpert,A&M,14,6,
1963,4,59,31,RELEASE ME,Esther Phillips “Little Esther”,Lenox,14,8,
1963,4,43,50,SHAKE ME I RATTLE (Squeeze Me I Cry),Marion Worth,Columbia,5,43,
1963,4,44,46,LOVESICK BLUES,Frank Ifield,Vee-Jay,6,44,
1963,4,46,43,SOME KINDA FUN,Chris Montez,Monogram,8,43,
1963,4,47,62,MAMA DIDN’T LIE,Jan Bradley,Chess,4,47,
1963,5,1,1,WALK RIGHT IN,The Rooftop Singers,Vanguard,5,1,2 weeks at #1
1963,5,2,2,HEY PAULA,Paul and Paula,Philips,6,2,
1963,5,3,5,THE NIGHT HAS A THOUSAND EYES,Bobby Vee,Liberty,9,3,
1963,5,4,3,GO AWAY LITTLE GIRL,Steve Lawrence,Columbia,13,1,
1963,5,5,13,LOOP DE LOOP,Johnny Thunder,Diamond,7,5,
1963,5,6,9,IT’S UP TO YOU,Rick Nelson,Imperial,8,6,
1963,5,7,11,UP ON THE ROOF,The Drifters,Atlantic,14,7,
1963,5,8,4,TELL HIM,The Exciters,United Artists,10,4,
1963,5,9,7,TWO LOVERS,Mary Wells,Motown,10,7,
1963,5,10,6,MY DAD,Paul Petersen,Colpix,12,6,
1963,5,11,17,YOU’VE REALLY GOT A HOLD ON ME,The Miracles,Tamla,9,11,
1963,5,12,31,RUBY BABY,Dion,Columbia,3,12,
1963,5,13,15,HALF HEAVEN – HALF HEARTACHE,Gene Pitney,Musicor,8,13,
1963,5,14,14,I SAW LINDA YESTERDAY,Dickey Lee,Smash,9,14,
1963,5,15,40,WALK LIKE A MAN,The Four Seasons,Vee-Jay,2,15,
1963,5,16,28,FROM A JACK TO A KING,Ned Miller,Fabor,6,16,
1963,5,17,8,TELSTAR,The Tornadoes,London,14,1,
1963,5,18,23,MY COLORING BOOK,Kitty Kallen,RCA Victor,7,18,
1963,5,19,35,RHYTHM OF THE RAIN,The Cascades,Valiant,4,19,
1963,5,20,25,MY COLORING BOOK,Sandy Stewart,Colpix,6,20,
1963,5,21,21,DON’T MAKE ME OVER,Dionne Warwick,Scepter,9,21,
1963,5,22,12,HOTEL HAPPINESS,Brook Benton,Mercury,12,3,
1963,5,23,18,I’M GONNA BE WARM THIS WINTER,Connie Francis,MGM,8,18,
1963,5,24,19,EVERYBODY LOVES A LOVER,The Shirelles,Scepter,10,19,
1963,5,25,29,CINNAMON CINDER (It’s a Very Nice Dance),The Pastel Six,Zen,6,25,
1963,5,26,30,LITTLE TOWN FLIRT,Del Shannon,Big Top,7,26,
1963,5,27,32,HE’S SURE THE BOY I LOVE,The Crystals (The Blossoms),Philles,6,27,
1963,5,28,33,FLY ME TO THE MOON – BOSSA NOVA,Joe Harnell and His Orchestra,Kapp,6,28,
1963,5,29,10,LIMBO ROCK,Chubby Checker,Parkway,22,2,
1963,5,30,56,YOU’RE THE REASON I’M LIVING,Bobby Darin,Capitol,3,30,
1963,5,31,16,PEPINO THE ITALIAN MOUSE,Lou Monte,Reprise,9,5,
1963,5,32,36,PROUD,Johnny Crawford,Del-Fi,5,32,
1963,5,33,26,SHUTTERS AND BOARDS,Jerry Wallace,Challenge,12,24,
1963,5,34,24,REMEMBER THEN,The Earls,Old Town,8,24,
1963,5,35,38,WILD WEEKEND,The Rebels,Swan,6,35,
1963,5,36,47,MAMA DIDN’T LIE,Jan Bradley,Chess,5,36,
1963,5,37,20,ZIP-A-DEE DOO-DAH,Bob B. Soxx and the Blue Jeans,Philles,12,8,
1963,5,38,63,SEND ME SOME LOVIN’,Sam Cooke,RCA Victor,2,38,
1963,5,39,22,BOBBY’S GIRL,Marcie Blane,Seville,16,3,
1963,5,40,60,CALL ON ME,Bobby Bland,Duke,5,40,
1963,5,43,27,BIG GIRLS DON’T CRY,The Four Seasons,Vee-Jay,16,1,
1963,5,45,37,WIGGLE WOBBLE,Les Cooper and the Soul Rockers,Everlast,16,22,
1963,5,51,34,RETURN TO SENDER,Elvis Presley,RCA Victor,16,2,
1963,5,56,39,YOU ARE MY SUNSHINE,Ray Charles,ABC-Paramount,12,7,
1963,5,41,54,LOVE (Makes the World Go ‘Round),Paul Anka,RCA Victor,3,41,
1963,5,42,43,SHAKE ME I RATTLE (Squeeze Me I Cry),Marion Worth,Columbia,6,42,
1963,5,44,55,CAST YOUR FATE TO THE WIND,The Vince Guaraldi Trio,Fantasy,9,44,
1963,5,46,51,THE BALLAD OF JED CLAMPETT,"Lester Flatt, Earl Scruggs and the Foggy Mountain Boys",Columbia,9,46,
1963,5,47,67,BLAME IT ON THE BOSSA NOVA,Eydie Gorme,Columbia,3,47,
1963,5,48,42,SEE SEE RIDER,LaVern Baker,Atlantic,10,34,
1963,5,49,52,JAVA,Floyd Cramer,RCA Victor,6,49,
1963,5,50,53,SHAKE SHERRY,The Contours,Gordy,7,50,
1963,6,1,2,HEY PAULA,Paul and Paula,Philips,7,1,1 week at #1
1963,6,2,1,WALK RIGHT IN,The Rooftop Singers,Vanguard,6,1,
1963,6,3,3,THE NIGHT HAS A THOUSAND EYES,Bobby Vee,Liberty,10,3,
1963,6,4,5,LOOP DE LOOP,Johnny Thunder,Diamond,8,4,
1963,6,5,7,UP ON THE ROOF,The Drifters,Atlantic,15,5,
1963,6,6,15,WALK LIKE A MAN,The Four Seasons,Vee-Jay,3,6,
1963,6,7,12,RUBY BABY,Dion,Columbia,4,7,
1963,6,8,11,YOU’VE REALLY GOT A HOLD ON ME,The Miracles,Tamla,10,8,
1963,6,9,19,RHYTHM OF THE RAIN,The Cascades,Valiant,5,9,
1963,6,10,4,GO AWAY LITTLE GIRL,Steve Lawrence,Columbia,14,1,
1963,6,11,16,FROM A JACK TO A KING,Ned Miller,Fabor,7,11,
1963,6,12,13,HALF HEAVEN – HALF HEARTACHE,Gene Pitney,Musicor,9,12,
1963,6,13,6,IT’S UP TO YOU,Rick Nelson,Imperial,9,6,
1963,6,14,8,TELL HIM,The Exciters,United Artists,11,4,
1963,6,15,9,TWO LOVERS,Mary Wells,Motown,11,7,
1963,6,16,27,HE’S SURE THE BOY I LOVE,The Crystals (The Blossoms),Philles,7,16,
1963,6,17,10,MY DAD,Paul Petersen,Colpix,13,6,
1963,6,18,28,FLY ME TO THE MOON – BOSSA NOVA,Joe Harnell and His Orchestra,Kapp,7,18,
1963,6,19,14,I SAW LINDA YESTERDAY,Dickey Lee,Smash,10,14,
1963,6,20,30,YOU’RE THE REASON I’M LIVING,Bobby Darin,Capitol,4,20,
1963,6,21,36,MAMA DIDN’T LIE,Jan Bradley,Chess,6,21,
1963,6,22,18,MY COLORING BOOK,Kitty Kallen,RCA Victor,8,18,
1963,6,23,35,WILD WEEKEND,The Rebels,Swan,7,23,
1963,6,24,26,LITTLE TOWN FLIRT,Del Shannon,Big Top,8,24,
1963,6,25,25,CINNAMON CINDER (It’s a Very Nice Dance),The Pastel Six,Zen,7,25,
1963,6,26,21,DON’T MAKE ME OVER,Dionne Warwick,Scepter,10,21,
1963,6,27,20,MY COLORING BOOK,Sandy Stewart,Colpix,7,20,
1963,6,28,38,SEND ME SOME LOVIN’,Sam Cooke,RCA Victor,3,28,
1963,6,29,32,PROUD,Johnny Crawford,Del-Fi,6,29,
1963,6,30,41,LOVE (Makes the World Go ‘Round),Paul Anka,RCA Victor,4,30,
1963,6,31,40,CALL ON ME,Bobby Bland,Duke,6,31,
1963,6,32,23,I’M GONNA BE WARM THIS WINTER,Connie Francis,MGM,9,18,
1963,6,33,66,WHAT WILL MARY SAY,Johnny Mathis,Columbia,3,33,
1963,6,34,47,BLAME IT ON THE BOSSA NOVA,Eydie Gorme,Columbia,4,34,
1963,6,35,44,CAST YOUR FATE TO THE WIND,The Vince Guaraldi Trio,Fantasy,10,35,
1963,6,36,17,TELSTAR,The Tornadoes,London,15,1,
1963,6,37,24,EVERYBODY LOVES A LOVER,The Shirelles,Scepter,11,19,
1963,6,38,60,THAT’S THE WAY LOVE IS,Bobby Bland,Duke,4,38,
1963,6,39,22,HOTEL HAPPINESS,Brook Benton,Mercury,13,3,
1963,6,40,31,PEPINO THE ITALIAN MOUSE,Lou Monte,Reprise,10,5,
1963,6,45,34,REMEMBER THEN,The Earls,Old Town,9,24,
1963,6,47,29,LIMBO ROCK,Chubby Checker,Parkway,23,2,
1963,6,52,37,ZIP-A-DEE DOO-DAH,Bob B. Soxx and the Blue Jeans,Philles,13,8,
1963,6,41,58,YOUR USED TO BE,Brenda Lee,Decca,3,41,
1963,6,42,59,THE GYPSY CRIED,Lou Christie,Roulette,6,42,
1963,6,43,50,SHAKE SHERRY,The Contours,Gordy,8,43,
1963,6,44,46,THE BALLAD OF JED CLAMPETT,"Lester Flatt, Earl Scruggs and the Foggy Mountain Boys",Columbia,10,44,
1963,6,46,54,"PUDDIN N’ TAIN (Ask Me Again, I’ll Tell You the Same)",The Alley Cats,Philles,5,46,
1963,6,48,65,THE END OF THE WORLD,Skeeter Davis,RCA Victor,3,48,
1963,6,49,63,I WANNA BE AROUND,Tony Bennett,Columbia,5,49,
1963,6,50,42,SHAKE ME I RATTLE (Squeeze Me I Cry),Marion Worth,Columbia,7,42,
1963,7,1,1,HEY PAULA,Paul and Paula,Philips,8,1,2 weeks at #1
1963,7,2,2,WALK RIGHT IN,The Rooftop Singers,Vanguard,7,1,
1963,7,3,6,WALK LIKE A MAN,The Four Seasons,Vee-Jay,4,3,
1963,7,4,7,RUBY BABY,Dion,Columbia,5,4,
1963,7,5,9,RHYTHM OF THE RAIN,The Cascades,Valiant,6,5,
1963,7,6,11,FROM A JACK TO A KING,Ned Miller,Fabor,8,6,
1963,7,7,3,THE NIGHT HAS A THOUSAND EYES,Bobby Vee,Liberty,11,3,
1963,7,8,8,YOU’VE REALLY GOT A HOLD ON ME,The Miracles,Tamla,11,8,
1963,7,9,4,LOOP DE LOOP,Johnny Thunder,Diamond,9,4,
1963,7,10,5,UP ON THE ROOF,The Drifters,Atlantic,16,5,
1963,7,11,16,HE’S SURE THE BOY I LOVE,The Crystals (The Blossoms),Philles,8,11,
1963,7,12,20,YOU’RE THE REASON I’M LIVING,Bobby Darin,Capitol,5,12,
1963,7,13,24,LITTLE TOWN FLIRT,Del Shannon,Big Top,9,13,
1963,7,14,10,GO AWAY LITTLE GIRL,Steve Lawrence,Columbia,15,1,
1963,7,15,23,WILD WEEKEND,The Rebels,Swan,8,15,
1963,7,16,21,MAMA DIDN’T LIE,Jan Bradley,Chess,7,16,
1963,7,17,18,FLY ME TO THE MOON – BOSSA NOVA,Joe Harnell and His Orchestra,Kapp,8,17,
1963,7,18,34,BLAME IT ON THE BOSSA NOVA,Eydie Gorme,Columbia,5,18,
1963,7,19,12,HALF HEAVEN – HALF HEARTACHE,Gene Pitney,Musicor,10,12,
1963,7,20,28,SEND ME SOME LOVIN’,Sam Cooke,RCA Victor,4,20,
1963,7,21,13,IT’S UP TO YOU,Rick Nelson,Imperial,10,6,
1963,7,22,31,CALL ON ME,Bobby Bland,Duke,7,22,
1963,7,23,33,WHAT WILL MARY SAY,Johnny Mathis,Columbia,4,23,
1963,7,24,17,MY DAD,Paul Petersen,Colpix,14,6,
1963,7,25,19,I SAW LINDA YESTERDAY,Dickey Lee,Smash,11,14,
1963,7,26,30,LOVE (Makes the World Go ‘Round),Paul Anka,RCA Victor,5,26,
1963,7,27,25,CINNAMON CINDER (It’s a Very Nice Dance),The Pastel Six,Zen,8,25,
1963,7,28,35,CAST YOUR FATE TO THE WIND,The Vince Guaraldi Trio,Fantasy,11,28,
1963,7,29,14,TELL HIM,The Exciters,United Artists,12,4,
1963,7,30,42,THE GYPSY CRIED,Lou Christie,Roulette,7,30,
1963,7,31,15,TWO LOVERS,Mary Wells,Motown,12,7,
1963,7,32,57,ALICE IN WONDERLAND,Neil Sedaka,RCA Victor,3,32,
1963,7,33,22,MY COLORING BOOK,Kitty Kallen,RCA Victor,9,18,
1963,7,34,41,YOUR USED TO BE,Brenda Lee,Decca,4,34,
1963,7,35,26,DON’T MAKE ME OVER,Dionne Warwick,Scepter,11,21,
1963,7,36,48,THE END OF THE WORLD,Skeeter Davis,RCA Victor,4,36,
1963,7,37,27,MY COLORING BOOK,Sandy Stewart,Colpix,8,20,
1963,7,38,70,OUR WINTER LOVE,Bill Pursell,Columbia,3,38,
1963,7,39,29,PROUD,Johnny Crawford,Del-Fi,7,29,
1963,7,40,49,I WANNA BE AROUND,Tony Bennett,Columbia,6,40,
1963,7,42,32,I’M GONNA BE WARM THIS WINTER,Connie Francis,MGM,10,18,
1963,7,45,38,THAT’S THE WAY LOVE IS,Bobby Bland,Duke,5,38,
1963,7,49,36,TELSTAR,The Tornadoes,London,16,1,
1963,7,50,37,EVERYBODY LOVES A LOVER,The Shirelles,Scepter,12,19,
1963,7,41,58,GREENBACK DOLLAR,The Kingston Trio,Capitol,4,41,
1963,7,43,46,"PUDDIN N’ TAIN (Ask Me Again, I’ll Tell You the Same)",The Alley Cats,Philles,6,43,
1963,7,44,62,LET’S TURKEY TROT,Little Eva,Dimension,3,44,
1963,7,46,43,SHAKE SHERRY,The Contours,Gordy,9,43,
1963,7,47,81,IN DREAMS,Roy Orbison,Monument,2,47,
1963,7,48,51,SHE’LL NEVER KNOW,Brenda Lee,Decca,4,48,
1963,8,1,1,HEY PAULA,Paul and Paula,Philips,9,1,3 weeks at #1
1963,8,2,4,RUBY BABY,Dion,Columbia,6,2,
1963,8,3,3,WALK LIKE A MAN,The Four Seasons,Vee-Jay,5,3,
1963,8,4,2,WALK RIGHT IN,The Rooftop Singers,Vanguard,8,1,
1963,8,5,5,RHYTHM OF THE RAIN,The Cascades,Valiant,7,5,
1963,8,6,6,FROM A JACK TO A KING,Ned Miller,Fabor,9,6,
1963,8,7,12,YOU’RE THE REASON I’M LIVING,Bobby Darin,Capitol,6,7,
1963,8,8,18,BLAME IT ON THE BOSSA NOVA,Eydie Gorme,Columbia,6,8,
1963,8,9,8,YOU’VE REALLY GOT A HOLD ON ME,The Miracles,Tamla,12,8,
1963,8,10,15,WILD WEEKEND,The Rebels,Swan,9,10,
1963,8,11,11,HE’S SURE THE BOY I LOVE,The Crystals (The Blossoms),Philles,9,11,
1963,8,12,13,LITTLE TOWN FLIRT,Del Shannon,Big Top,10,12,
1963,8,13,20,SEND ME SOME LOVIN’,Sam Cooke,RCA Victor,5,13,
1963,8,14,17,FLY ME TO THE MOON – BOSSA NOVA,Joe Harnell and His Orchestra,Kapp,9,14,
1963,8,15,7,THE NIGHT HAS A THOUSAND EYES,Bobby Vee,Liberty,12,3,
1963,8,16,16,MAMA DIDN’T LIE,Jan Bradley,Chess,8,16,
1963,8,17,23,WHAT WILL MARY SAY,Johnny Mathis,Columbia,5,17,
1963,8,18,10,UP ON THE ROOF,The Drifters,Atlantic,17,5,
1963,8,19,9,LOOP DE LOOP,Johnny Thunder,Diamond,10,4,
1963,8,20,14,GO AWAY LITTLE GIRL,Steve Lawrence,Columbia,16,1,
1963,8,21,36,THE END OF THE WORLD,Skeeter Davis,RCA Victor,5,21,
1963,8,22,28,CAST YOUR FATE TO THE WIND,The Vince Guaraldi Trio,Fantasy,12,22,
1963,8,23,47,IN DREAMS,Roy Orbison,Monument,3,23,
1963,8,24,32,ALICE IN WONDERLAND,Neil Sedaka,RCA Victor,4,24,
1963,8,25,59,ONE BROKEN HEART FOR SALE,Elvis Presley with the Mellow Men,RCA Victor,2,25,
1963,8,26,26,LOVE (Makes the World Go ‘Round),Paul Anka,RCA Victor,6,26,
1963,8,27,53,OUR DAY WILL COME,Ruby and the Romantics,Kapp,3,27,
1963,8,28,30,THE GYPSY CRIED,Lou Christie,Roulette,8,28,
1963,8,29,22,CALL ON ME,Bobby Bland,Duke,8,22,
1963,8,30,38,OUR WINTER LOVE,Bill Pursell,Columbia,4,30,
1963,8,31,41,GREENBACK DOLLAR,The Kingston Trio,Capitol,5,31,
1963,8,32,34,YOUR USED TO BE,Brenda Lee,Decca,5,32,
1963,8,33,40,I WANNA BE AROUND,Tony Bennett,Columbia,7,33,
1963,8,34,44,LET’S TURKEY TROT,Little Eva,Dimension,4,34,
1963,8,35,21,IT’S UP TO YOU,Rick Nelson,Imperial,11,6,
1963,8,36,51,BOSS GUITAR,Duane Eddy and the Rebelettes,RCA Victor,3,36,
1963,8,37,52,BUTTERFLY BABY,Bobby Rydell,Cameo,3,37,
1963,8,38,19,HALF HEAVEN – HALF HEARTACHE,Gene Pitney,Musicor,11,12,
1963,8,39,45,THAT’S THE WAY LOVE IS,Bobby Bland,Duke,6,38,
1963,8,40,65,LET’S LIMBO SOME MORE,Chubby Checker,Parkway,2,40,
1963,8,41,27,CINNAMON CINDER (It’s a Very Nice Dance),The Pastel Six,Zen,9,25,
1963,8,42,24,MY DAD,Paul Petersen,Colpix,15,6,
1963,8,44,37,MY COLORING BOOK,Sandy Stewart,Colpix,9,20,
1963,8,45,25,I SAW LINDA YESTERDAY,Dickey Lee,Smash,12,14,
1963,8,51,29,TELL HIM,The Exciters,United Artists,13,4,
1963,8,53,33,MY COLORING BOOK,Kitty Kallen,RCA Victor,10,18,
1963,8,60,39,PROUD,Johnny Crawford,Del-Fi,8,29,
1963,8,67,35,DON’T MAKE ME OVER,Dionne Warwick,Scepter,12,21,
1963,8,70,31,TWO LOVERS,Mary Wells,Motown,13,7,
1963,8,43,54,HITCH HIKE,Marvin Gaye,Tamla,7,43,
1963,8,46,55,DAYS OF WINE AND ROSES,Henry Mancini and His Orchestra,RCA Victor,5,46,
1963,8,47,48,SHE’LL NEVER KNOW,Brenda Lee,Decca,5,47,
1963,8,48,43,"PUDDIN N’ TAIN (Ask Me Again, I’ll Tell You The Same)",The Alley Cats,Philles,7,43,
1963,8,49,56,EVERY DAY I HAVE TO CRY,Steve Alaimo,Checker,8,49,
1963,8,50,76,SOUTH STREET,The Orlons,Cameo,2,50,
1963,9,1,3,WALK LIKE A MAN,The Four Seasons,Vee-Jay,6,1,1 week at #1
1963,9,2,2,RUBY BABY,Dion,Columbia,7,2,
1963,9,3,1,HEY PAULA,Paul and Paula,Philips,10,1,
1963,9,4,5,RHYTHM OF THE RAIN,The Cascades,Valiant,8,4,
1963,9,5,4,WALK RIGHT IN,The Rooftop Singers,Vanguard,9,1,
1963,9,6,7,YOU’RE THE REASON I’M LIVING,Bobby Darin,Capitol,7,6,
1963,9,7,8,BLAME IT ON THE BOSSA NOVA,Eydie Gorme,Columbia,7,7,
1963,9,8,6,FROM A JACK TO A KING,Ned Miller,Fabor,10,6,
1963,9,9,10,WILD WEEKEND,The Rebels,Swan,10,9,
1963,9,10,17,WHAT WILL MARY SAY,Johnny Mathis,Columbia,6,10,
1963,9,11,27,OUR DAY WILL COME,Ruby and the Romantics,Kapp,4,11,
1963,9,12,21,THE END OF THE WORLD,Skeeter Davis,RCA Victor,6,12,
1963,9,13,13,SEND ME SOME LOVIN’,Sam Cooke,RCA Victor,6,13,
1963,9,14,9,YOU’VE REALLY GOT A HOLD ON ME,The Miracles,Tamla,13,8,
1963,9,15,16,MAMA DIDN’T LIE,Jan Bradley,Chess,9,15,
1963,9,16,14,FLY ME TO THE MOON – BOSSA NOVA,Joe Harnell and His Orchestra,Kapp,10,14,
1963,9,17,11,HE’S SURE THE BOY I LOVE,The Crystals (The Blossoms),Philles,10,11,
1963,9,18,12,LITTLE TOWN FLIRT,Del Shannon,Big Top,11,12,
1963,9,19,25,ONE BROKEN HEART FOR SALE,Elvis Presley with the Mellow Men,RCA Victor,3,19,
1963,9,20,23,IN DREAMS,Roy Orbison,Monument,4,20,
1963,9,21,24,ALICE IN WONDERLAND,Neil Sedaka,RCA Victor,5,21,
1963,9,22,30,OUR WINTER LOVE,Bill Pursell,Columbia,5,22,
1963,9,23,18,UP ON THE ROOF,The Drifters,Atlantic,18,5,
1963,9,24,15,THE NIGHT HAS A THOUSAND EYES,Bobby Vee,Liberty,13,3,
1963,9,25,22,CAST YOUR FATE TO THE WIND,The Vince Guaraldi Trio,Fantasy,13,22,
1963,9,26,31,GREENBACK DOLLAR,The Kingston Trio,Capitol,6,26,
1963,9,27,28,THE GYPSY CRIED,Lou Christie,Roulette,9,27,
1963,9,28,29,CALL ON ME,Bobby Bland,Duke,9,22,
1963,9,29,37,BUTTERFLY BABY,Bobby Rydell,Cameo,4,29,
1963,9,30,40,LET’S LIMBO SOME MORE,Chubby Checker,Parkway,3,30,
1963,9,31,34,LET’S TURKEY TROT,Little Eva,Dimension,5,31,
1963,9,32,33,I WANNA BE AROUND,Tony Bennett,Columbia,8,32,
1963,9,33,43,HITCH HIKE,Marvin Gaye,Tamla,8,33,
1963,9,34,36,BOSS GUITAR,Duane Eddy and the Rebelettes,RCA Victor,4,34,
1963,9,35,50,SOUTH STREET,The Orlons,Cameo,3,35,
1963,9,36,46,DAYS OF WINE AND ROSES,Henry Mancini and His Orchestra,RCA Victor,6,36,
1963,9,37,39,THAT’S THE WAY LOVE IS,Bobby Bland,Duke,7,37,
1963,9,38,32,YOUR USED TO BE,Brenda Lee,Decca,6,32,
1963,9,39,26,LOVE (Makes the World Go ‘Round),Paul Anka,RCA Victor,7,26,
1963,9,40,19,LOOP DE LOOP,Johnny Thunder,Diamond,11,4,
1963,9,42,20,GO AWAY LITTLE GIRL,Steve Lawrence,Columbia,17,1,
1963,9,43,35,IT’S UP TO YOU,Rick Nelson,Imperial,12,6,
1963,9,45,38,HALF HEAVEN – HALF HEARTACHE,Gene Pitney,Musicor,12,12,
1963,9,41,87,HE’S SO FINE,The Chiffons,Laurie,2,41,
1963,9,44,59,ALL I HAVE TO DO IS DREAM,Richard Chamberlain,MGM,4,44,
1963,9,46,49,EVERY DAY I HAVE TO CRY,Steve Alaimo,Checker,9,46,
1963,9,47,44,MY COLORING BOOK,Sandy Stewart,Colpix,10,20,
1963,9,48,41,CINNAMON CINDER (It’s A Very Nice Dance),The Pastel Six,Zen,10,25,
1963,9,49,52,TELL HIM I’M NOT HOME,Chuck Jackson,Wand,5,49,
1963,9,50,54,ALL ABOUT MY GIRL,Jimmy McGriff,Sue,9,50,
1963,10,1,1,WALK LIKE A MAN,The Four Seasons,Vee-Jay,7,1,2 weeks at #1
1963,10,2,2,RUBY BABY,Dion,Columbia,8,2,
1963,10,3,4,RHYTHM OF THE RAIN,The Cascades,Valiant,9,3,
1963,10,4,3,HEY PAULA,Paul and Paula,Philips,11,1,
1963,10,5,6,YOU’RE THE REASON I’M LIVING,Bobby Darin,Capitol,8,5,
1963,10,6,11,OUR DAY WILL COME,Ruby and the Romantics,Kapp,5,6,
1963,10,7,12,THE END OF THE WORLD,Skeeter Davis,RCA Victor,7,7,
1963,10,8,9,WILD WEEKEND,The Rebels,Swan,11,8,
1963,10,9,10,WHAT WILL MARY SAY,Johnny Mathis,Columbia,7,9,
1963,10,10,5,WALK RIGHT IN,The Rooftop Singers,Vanguard,10,1,
1963,10,11,7,BLAME IT ON THE BOSSA NOVA,Eydie Gorme,Columbia,8,7,
1963,10,12,8,FROM A JACK TO A KING,Ned Miller,Fabor,11,6,
1963,10,13,20,IN DREAMS,Roy Orbison,Monument,5,13,
1963,10,14,15,MAMA DIDN’T LIE,Jan Bradley,Chess,10,14,
1963,10,15,22,OUR WINTER LOVE,Bill Pursell,Columbia,6,15,
1963,10,16,19,ONE BROKEN HEART FOR SALE,Elvis Presley with the Mellow Men,RCA Victor,4,16,
1963,10,17,21,ALICE IN WONDERLAND,Neil Sedaka,RCA Victor,6,17,
1963,10,18,13,SEND ME SOME LOVIN’,Sam Cooke,RCA Victor,7,13,
1963,10,19,41,HE’S SO FINE,The Chiffons,Laurie,3,19,
1963,10,20,14,YOU’VE REALLY GOT A HOLD ON ME,The Miracles,Tamla,14,8,
1963,10,21,35,SOUTH STREET,The Orlons,Cameo,4,21,
1963,10,22,26,GREENBACK DOLLAR,The Kingston Trio,Capitol,7,22,
1963,10,23,29,BUTTERFLY BABY,Bobby Rydell,Cameo,5,23,
1963,10,24,31,LET’S TURKEY TROT,Little Eva,Dimension,6,24,
1963,10,25,30,LET’S LIMBO SOME MORE,Chubby Checker,Parkway,4,25,
1963,10,26,27,THE GYPSY CRIED,Lou Christie,Roulette,10,26,
1963,10,27,18,LITTLE TOWN FLIRT,Del Shannon,Big Top,12,12,
1963,10,28,17,HE’S SURE THE BOY I LOVE,The Crystals (The Blossoms),Philles,11,11,
1963,10,29,16,FLY ME TO THE MOON – BOSSA NOVA,Joe Harnell and His Orchestra,Kapp,11,14,
1963,10,30,32,I WANNA BE AROUND,Tony Bennett,Columbia,9,30,
1963,10,31,34,BOSS GUITAR,Duane Eddy and the Rebelettes,RCA Victor,5,31,
1963,10,32,33,HITCH HIKE,Marvin Gaye,Tamla,9,32,
1963,10,33,44,ALL I HAVE TO DO IS DREAM,Richard Chamberlain,MGM,5,33,
1963,10,34,37,THAT’S THE WAY LOVE IS,Bobby Bland,Duke,8,34,
1963,10,35,36,DAYS OF WINE AND ROSES,Henry Mancini and His Orchestra,RCA Victor,7,35,
1963,10,36,23,UP ON THE ROOF,The Drifters,Atlantic,19,5,
1963,10,37,25,CAST YOUR FATE TO THE WIND,The Vince Guaraldi Trio,Fantasy,14,22,
1963,10,38,28,CALL ON ME,Bobby Bland,Duke,10,22,
1963,10,39,51,LAUGHING BOY,Mary Wells,Motown,3,39,
1963,10,40,65,DO THE BIRD,Dee Dee Sharp,Cameo,2,40,
1963,10,44,38,YOUR USED TO BE,Brenda Lee,Decca,7,32,
1963,10,45,24,THE NIGHT HAS A THOUSAND EYES,Bobby Vee,Liberty,14,3,
1963,10,55,39,LOVE (Makes the World Go ‘Round),Paul Anka,RCA Victor,8,26,
1963,10,41,64,DON’T SET ME FREE,Ray Charles,ABC-Paramount,3,41,
1963,10,42,56,WHY DO LOVERS BREAK EACH OTHER’S HEART,Bob B. Soxx and the Blue Jeans,Philles,4,42,
1963,10,43,49,TELL HIM I’M NOT HOME,Chuck Jackson,Wand,6,43,
1963,10,46,52,LOVE FOR SALE,The Arthur Lyman Group,Hi Fi,6,46,
1963,10,47,58,TWENTY MILES,Chubby Checker,Parkway,3,47,
1963,10,48,68,MR. BASS MAN,Johnny Cymbal,Kapp,4,48,
1963,10,49,46,EVERY DAY I HAVE TO CRY,Steve Alaimo,Checker,10,46,
1963,10,50,66,THAT’S ALL,Rick Nelson,Imperial,2,50,
1963,11,1,1,WALK LIKE A MAN,The Four Seasons,Vee-Jay,8,1,3 weeks at #1
1963,11,2,6,OUR DAY WILL COME,Ruby and the Romantics,Kapp,6,2,
1963,11,3,5,YOU’RE THE REASON I’M LIVING,Bobby Darin,Capitol,9,3,
1963,11,4,7,THE END OF THE WORLD,Skeeter Davis,RCA Victor,8,4,
1963,11,5,3,RHYTHM OF THE RAIN,The Cascades,Valiant,10,3,
1963,11,6,2,RUBY BABY,Dion,Columbia,9,2,
1963,11,7,4,HEY PAULA,Paul and Paula,Philips,12,1,
1963,11,8,11,BLAME IT ON THE BOSSA NOVA,Eydie Gorme,Columbia,9,7,
1963,11,9,9,WHAT WILL MARY SAY,Johnny Mathis,Columbia,8,9,
1963,11,10,19,HE’S SO FINE,The Chiffons,Laurie,4,10,
1963,11,11,16,ONE BROKEN HEART FOR SALE,Elvis Presley with the Mellow Men,RCA Victor,5,11,
1963,11,12,8,WILD WEEKEND,The Rebels,Swan,12,8,
1963,11,13,13,IN DREAMS,Roy Orbison,Monument,6,13,
1963,11,14,14,MAMA DIDN’T LIE,Jan Bradley,Chess,11,14,
1963,11,15,15,OUR WINTER LOVE,Bill Pursell,Columbia,7,15,
1963,11,16,21,SOUTH STREET,The Orlons,Cameo,5,16,
1963,11,17,17,ALICE IN WONDERLAND,Neil Sedaka,RCA Victor,7,17,
1963,11,18,18,SEND ME SOME LOVIN’,Sam Cooke,RCA Victor,8,13,
1963,11,19,10,WALK RIGHT IN,The Rooftop Singers,Vanguard,11,1,
1963,11,20,25,LET’S LIMBO SOME MORE,Chubby Checker,Parkway,5,20,
1963,11,21,22,GREENBACK DOLLAR,The Kingston Trio,Capitol,8,21,
1963,11,22,24,LET’S TURKEY TROT,Little Eva,Dimension,7,22,
1963,11,23,23,BUTTERFLY BABY,Bobby Rydell,Cameo,6,23,
1963,11,24,26,THE GYPSY CRIED,Lou Christie,Roulette,11,24,
1963,11,25,30,I WANNA BE AROUND,Tony Bennett,Columbia,10,25,
1963,11,26,12,FROM A JACK TO A KING,Ned Miller,Fabor,12,6,
1963,11,27,33,ALL I HAVE TO DO IS DREAM,Richard Chamberlain,MGM,6,27,
1963,11,28,31,BOSS GUITAR,Duane Eddy and the Rebelettes,RCA Victor,6,28,
1963,11,29,20,YOU’VE REALLY GOT A HOLD ON ME,The Miracles,Tamla,15,8,
1963,11,30,32,HITCH HIKE,Marvin Gaye,Tamla,10,30,
1963,11,31,39,LAUGHING BOY,Mary Wells,Motown,4,31,
1963,11,32,40,DO THE BIRD,Dee Dee Sharp,Cameo,3,32,
1963,11,33,34,THAT’S THE WAY LOVE IS,Bobby Bland,Duke,9,33,
1963,11,34,35,DAYS OF WINE AND ROSES,Henry Mancini and His Orchestra,RCA Victor,8,34,
1963,11,35,37,CAST YOUR FATE TO THE WIND,The Vince Guaraldi Trio,Fantasy,15,22,
1963,11,36,41,DON’T SET ME FREE,Ray Charles,ABC-Paramount,4,36,
1963,11,37,48,MR. BASS MAN,Johnny Cymbal,Kapp,5,37,
1963,11,38,38,CALL ON ME,Bobby Bland,Duke,11,22,
1963,11,39,29,FLY ME TO THE MOON – BOSSA NOVA,Joe Harnell and His Orchestra,Kapp,12,14,
1963,11,40,52,FOLLOW THE BOYS,Connie Francis,MGM,3,40,
1963,11,47,27,LITTLE TOWN FLIRT,Del Shannon,Big Top,13,12,
1963,11,49,28,HE’S SURE THE BOY I LOVE,The Crystals (The Blossoms),Philles,12,11,
1963,11,59,36,UP ON THE ROOF,The Drifters,Atlantic,20,5,
1963,11,41,42,WHY DO LOVERS BREAK EACH OTHER’S HEART,Bob B. Soxx and the Blue Jeans,Philles,5,41,
1963,11,42,43,TELL HIM I’M NOT HOME,Chuck Jackson,Wand,7,42,
1963,11,43,47,TWENTY MILES,Chubby Checker,Parkway,4,43,
1963,11,44,58,CAN’T GET USED TO LOSING YOU,Andy Williams,Columbia,3,44,
1963,11,45,57,YAKETY SAX,Boots Randolph,Monument,4,45,
1963,11,46,46,LOVE FOR SALE,The Arthur Lyman Group,Hi Fi,7,46,
1963,11,48,50,THAT’S ALL,Rick Nelson,Imperial,3,48,
1963,11,50,81,BABY WORKOUT,Jackie Wilson,Brunswick,2,50,
1963,12,1,2,OUR DAY WILL COME,Ruby and the Romantics,Kapp,7,1,1 week at #1
1963,12,2,4,THE END OF THE WORLD,Skeeter Davis,RCA Victor,9,2,
1963,12,3,3,YOU’RE THE REASON I’M LIVING,Bobby Darin,Capitol,10,3,
1963,12,4,10,HE’S SO FINE,The Chiffons,Laurie,5,4,
1963,12,5,1,WALK LIKE A MAN,The Four Seasons,Vee-Jay,9,1,
1963,12,6,5,RHYTHM OF THE RAIN,The Cascades,Valiant,11,3,
1963,12,7,16,SOUTH STREET,The Orlons,Cameo,6,7,
1963,12,8,8,BLAME IT ON THE BOSSA NOVA,Eydie Gorme,Columbia,10,7,
1963,12,9,9,WHAT WILL MARY SAY,Johnny Mathis,Columbia,9,9,
1963,12,10,13,IN DREAMS,Roy Orbison,Monument,7,10,
1963,12,11,11,ONE BROKEN HEART FOR SALE,Elvis Presley with the Mellow Men,RCA Victor,6,11,
1963,12,12,6,RUBY BABY,Dion,Columbia,10,2,
1963,12,13,15,OUR WINTER LOVE,Bill Pursell,Columbia,8,13,
1963,12,14,7,HEY PAULA,Paul and Paula,Philips,13,1,
1963,12,15,12,WILD WEEKEND,The Rebels,Swan,13,8,
1963,12,16,25,I WANNA BE AROUND,Tony Bennett,Columbia,11,16,
1963,12,17,27,ALL I HAVE TO DO IS DREAM,Richard Chamberlain,MGM,7,17,
1963,12,18,14,MAMA DIDN’T LIE,Jan Bradley,Chess,12,14,
1963,12,19,17,ALICE IN WONDERLAND,Neil Sedaka,RCA Victor,8,17,
1963,12,20,22,LET’S TURKEY TROT,Little Eva,Dimension,8,20,
1963,12,21,20,LET’S LIMBO SOME MORE,Chubby Checker,Parkway,6,20,
1963,12,22,19,WALK RIGHT IN,The Rooftop Singers,Vanguard,12,1,
1963,12,23,31,LAUGHING BOY,Mary Wells,Motown,5,23,
1963,12,24,36,DON’T SET ME FREE,Ray Charles,ABC-Paramount,5,24,
1963,12,25,50,BABY WORKOUT,Jackie Wilson,Brunswick,3,25,
1963,12,26,32,DO THE BIRD,Dee Dee Sharp,Cameo,4,26,
1963,12,27,23,BUTTERFLY BABY,Bobby Rydell,Cameo,7,23,
1963,12,28,43,TWENTY MILES,Chubby Checker,Parkway,5,28,
1963,12,29,21,GREENBACK DOLLAR,The Kingston Trio,Capitol,9,21,
1963,12,30,28,BOSS GUITAR,Duane Eddy and the Rebelettes,RCA Victor,7,28,
1963,12,31,44,CAN’T GET USED TO LOSING YOU,Andy Williams,Columbia,4,31,
1963,12,32,40,FOLLOW THE BOYS,Connie Francis,MGM,4,32,
1963,12,33,34,DAYS OF WINE AND ROSES,Henry Mancini and His Orchestra,RCA Victor,9,33,
1963,12,34,54,DON’T SAY NOTHIN’ BAD (About My Baby),The Cookies,Dimension,4,34,
1963,12,35,58,YOUNG LOVERS,Paul and Paula,Philips,2,35,
1963,12,36,37,MR. BASS MAN,Johnny Cymbal,Kapp,6,36,
1963,12,37,52,OUT OF MY MIND,Johnny Tillotson,Cadence,4,37,
1963,12,38,24,THE GYPSY CRIED,Lou Christie,Roulette,12,24,
1963,12,39,41,WHY DO LOVERS BREAK EACH OTHER’S HEART,Bob B. Soxx and the Blue Jeans,Philles,6,39,
1963,12,40,18,SEND ME SOME LOVIN’,Sam Cooke,RCA Victor,9,13,
1963,12,49,26,FROM A JACK TO A KING,Ned Miller,Fabor,13,6,
1963,12,51,29,YOU’VE REALLY GOT A HOLD ON ME,The Miracles,Tamla,16,8,
1963,12,52,39,FLY ME TO THE MOON – BOSSA NOVA,Joe Harnell and His Orchestra,Kapp,13,14,
1963,12,53,35,CAST YOUR FATE TO THE WIND,The Vince Guaraldi Trio,Fantasy,16,22,
1963,12,54,30,HITCH HIKE,Marvin Gaye,Tamla,11,30,
1963,12,56,38,CALL ON ME,Bobby Bland,Duke,12,22,
1963,12,62,33,THAT’S THE WAY LOVE IS,Bobby Bland,Duke,10,33,
1963,12,41,45,YAKETY SAX,Boots Randolph,Monument,5,41,
1963,12,42,42,TELL HIM I’M NOT HOME,Chuck Jackson,Wand,8,42,
1963,12,43,53,SANDY,Dion,Laurie,4,43,
1963,12,44,46,LOVE FOR SALE,The Arthur Lyman Group,Hi Fi,8,44,
1963,12,45,61,PUFF THE MAGIC DRAGON,"Peter, Paul and Mary",Warner Brothers,2,45,
1963,12,46,56,OVER THE MOUNTAIN (Across the Sea),Bobby Vinton,Epic,3,46,
1963,12,47,51,"DON’T BE AFRAID, LITTLE DARLIN’",Steve Lawrence,Columbia,3,47,
1963,12,48,48,THAT’S ALL,Rick Nelson,Imperial,4,48,
1963,12,50,55,ALL OVER THE WORLD,Nat King Cole,Capitol,4,50,
1963,13,1,4,HE’S SO FINE,The Chiffons,Laurie,6,1,1 week at #1
1963,13,2,1,OUR DAY WILL COME,Ruby and the Romantics,Kapp,8,1,
1963,13,3,2,THE END OF THE WORLD,Skeeter Davis,RCA Victor,10,2,
1963,13,4,7,SOUTH STREET,The Orlons,Cameo,7,4,
1963,13,5,3,YOU’RE THE REASON I’M LIVING,Bobby Darin,Capitol,11,3,
1963,13,6,6,RHYTHM OF THE RAIN,The Cascades,Valiant,12,3,
1963,13,7,10,IN DREAMS,Roy Orbison,Monument,8,7,
1963,13,8,25,BABY WORKOUT,Jackie Wilson,Brunswick,4,8,
1963,13,9,13,OUR WINTER LOVE,Bill Pursell,Columbia,9,9,
1963,13,10,8,BLAME IT ON THE BOSSA NOVA,Eydie Gorme,Columbia,11,7,
1963,13,11,5,WALK LIKE A MAN,The Four Seasons,Vee-Jay,10,1,
1963,13,12,9,WHAT WILL MARY SAY,Johnny Mathis,Columbia,10,9,
1963,13,13,11,ONE BROKEN HEART FOR SALE,Elvis Presley with the Mellow Men,RCA Victor,7,11,
1963,13,14,16,I WANNA BE AROUND,Tony Bennett,Columbia,12,14,
1963,13,15,23,LAUGHING BOY,Mary Wells,Motown,6,15,
1963,13,16,17,ALL I HAVE TO DO IS DREAM,Richard Chamberlain,MGM,8,16,
1963,13,17,26,DO THE BIRD,Dee Dee Sharp,Cameo,5,17,
1963,13,18,31,CAN’T GET USED TO LOSING YOU,Andy Williams,Columbia,5,18,
1963,13,19,45,PUFF THE MAGIC DRAGON,"Peter, Paul and Mary",Warner Brothers,3,19,
1963,13,20,24,DON’T SET ME FREE,Ray Charles,ABC-Paramount,6,20,
1963,13,21,21,LET’S LIMBO SOME MORE,Chubby Checker,Parkway,7,20,
1963,13,22,12,RUBY BABY,Dion,Columbia,11,2,
1963,13,23,28,TWENTY MILES,Chubby Checker,Parkway,6,23,
1963,13,24,15,WILD WEEKEND,The Rebels,Swan,14,8,
1963,13,25,32,FOLLOW THE BOYS,Connie Francis,MGM,5,25,
1963,13,26,35,YOUNG LOVERS,Paul and Paula,Philips,3,26,
1963,13,27,34,DON’T SAY NOTHIN’ BAD (About My Baby),The Cookies,Dimension,5,27,
1963,13,28,36,MR. BASS MAN,Johnny Cymbal,Kapp,7,28,
1963,13,29,14,HEY PAULA,Paul and Paula,Philips,14,1,
1963,13,30,37,OUT OF MY MIND,Johnny Tillotson,Cadence,5,30,
1963,13,31,20,LET’S TURKEY TROT,Little Eva,Dimension,9,20,
1963,13,32,19,ALICE IN WONDERLAND,Neil Sedaka,RCA Victor,9,17,
1963,13,33,47,"DON’T BE AFRAID, LITTLE DARLIN’",Steve Lawrence,Columbia,4,33,
1963,13,34,27,BUTTERFLY BABY,Bobby Rydell,Cameo,8,23,
1963,13,35,46,OVER THE MOUNTAIN (Across the Sea),Bobby Vinton,Epic,4,35,
1963,13,36,33,DAYS OF WINE AND ROSES,Henry Mancini and His Orchestra,RCA Victor,10,33,
1963,13,37,41,YAKETY SAX,Boots Randolph,Monument,6,37,
1963,13,38,39,WHY DO LOVERS BREAK EACH OTHER’S HEART,Bob B. Soxx and the Blue Jeans,Philles,7,38,
1963,13,39,43,SANDY,Dion,Laurie,5,39,
1963,13,40,18,MAMA DIDN’T LIE,Jan Bradley,Chess,13,14,
1963,13,41,29,GREENBACK DOLLAR,The Kingston Trio,Capitol,10,21,
1963,13,42,30,BOSS GUITAR,Duane Eddy and the Rebelettes,RCA Victor,8,28,
1963,13,48,22,WALK RIGHT IN,The Rooftop Singers,Vanguard,13,1,
1963,13,51,38,THE GYPSY CRIED,Lou Christie,Roulette,13,24,
1963,13,43,44,LOVE FOR SALE,The Arthur Lyman Group,Hi Fi,9,43,
1963,13,44,58,PIPELINE,The Chantays,Dot,5,44,
1963,13,45,42,TELL HIM I’M NOT HOME,Chuck Jackson,Wand,9,42,
1963,13,46,64,YOUNG AND IN LOVE,Dick and DeeDee,Warner Brothers,3,46,
1963,13,47,57,LINDA,Jan and Dean,Liberty,6,47,
1963,13,49,60,I GOT WHAT I WANTED,Brook Benton,Mercury,3,49,
1963,13,50,50,ALL OVER THE WORLD,Nat King Cole,Capitol,5,50,
1963,14,1,1,HE’S SO FINE,The Chiffons,Laurie,7,1,2 weeks at #1
1963,14,2,2,OUR DAY WILL COME,Ruby and the Romantics,Kapp,9,1,
1963,14,3,3,THE END OF THE WORLD,Skeeter Davis,RCA Victor,11,2,
1963,14,4,4,SOUTH STREET,The Orlons,Cameo,8,4,
1963,14,5,18,CAN’T GET USED TO LOSING YOU,Andy Williams,Columbia,6,5,
1963,14,6,8,BABY WORKOUT,Jackie Wilson,Brunswick,5,6,
1963,14,7,7,IN DREAMS,Roy Orbison,Monument,9,7,
1963,14,8,5,YOU’RE THE REASON I’M LIVING,Bobby Darin,Capitol,12,3,
1963,14,9,6,RHYTHM OF THE RAIN,The Cascades,Valiant,13,3,
1963,14,10,26,YOUNG LOVERS,Paul and Paula,Philips,4,10,
1963,14,11,19,PUFF THE MAGIC DRAGON,"Peter, Paul and Mary",Warner Brothers,4,11,
1963,14,12,17,DO THE BIRD,Dee Dee Sharp,Cameo,6,12,
1963,14,13,9,OUR WINTER LOVE,Bill Pursell,Columbia,10,9,
1963,14,14,16,ALL I HAVE TO DO IS DREAM,Richard Chamberlain,MGM,9,14,
1963,14,15,10,BLAME IT ON THE BOSSA NOVA,Eydie Gorme,Columbia,12,7,
1963,14,16,12,WHAT WILL MARY SAY,Johnny Mathis,Columbia,11,9,
1963,14,17,14,I WANNA BE AROUND,Tony Bennett,Columbia,13,14,
1963,14,18,28,MR. BASS MAN,Johnny Cymbal,Kapp,8,18,
1963,14,19,15,LAUGHING BOY,Mary Wells,Motown,7,15,
1963,14,20,25,FOLLOW THE BOYS,Connie Francis,MGM,6,20,
1963,14,21,23,TWENTY MILES,Chubby Checker,Parkway,7,21,
1963,14,22,27,DON’T SAY NOTHIN’ BAD (About My Baby),The Cookies,Dimension,6,22,
1963,14,23,11,WALK LIKE A MAN,The Four Seasons,Vee-Jay,11,1,
1963,14,24,21,LET’S LIMBO SOME MORE,Chubby Checker,Parkway,8,20,
1963,14,25,30,OUT OF MY MIND,Johnny Tillotson,Cadence,6,25,
1963,14,26,44,PIPELINE,The Chantays,Dot,6,26,
1963,14,27,33,"DON’T BE AFRAID, LITTLE DARLIN’",Steve Lawrence,Columbia,5,27,
1963,14,28,24,WILD WEEKEND,The Rebels,Swan,15,8,
1963,14,29,13,ONE BROKEN HEART FOR SALE,Elvis Presley with the Mellow Men,RCA Victor,8,11,
1963,14,30,62,I WILL FOLLOW HIM,Little Peggy March,RCA Victor,3,30,
1963,14,31,39,SANDY,Dion,Laurie,6,31,
1963,14,32,35,OVER THE MOUNTAIN (Across the Sea),Bobby Vinton,Epic,5,32,
1963,14,33,49,I GOT WHAT I WANTED,Brook Benton,Mercury,4,33,
1963,14,34,20,DON’T SET ME FREE,Ray Charles,ABC-Paramount,7,20,
1963,14,35,37,YAKETY SAX,Boots Randolph,Monument,7,35,
1963,14,36,36,DAYS OF WINE AND ROSES,Henry Mancini and His Orchestra,RCA Victor,11,33,
1963,14,37,56,ON BROADWAY,The Drifters,Atlantic,3,37,
1963,14,38,22,RUBY BABY,Dion,Columbia,12,2,
1963,14,39,46,YOUNG AND IN LOVE,Dick and DeeDee,Warner Brothers,4,39,
1963,14,40,38,WHY DO LOVERS BREAK EACH OTHER’S HEART,Bob B. Soxx and the Blue Jeans,Philles,8,38,
1963,14,50,29,HEY PAULA,Paul and Paula,Philips,15,1,
1963,14,53,31,LET’S TURKEY TROT,Little Eva,Dimension,10,20,
1963,14,57,40,MAMA DIDN’T LIE,Jan Bradley,Chess,14,14,
1963,14,59,32,ALICE IN WONDERLAND,Neil Sedaka,RCA Victor,10,17,
1963,14,62,34,BUTTERFLY BABY,Bobby Rydell,Cameo,9,23,
1963,14,41,60,WATERMELON MAN,Mongo Santamaria,Battle,4,41,
1963,14,42,59,MECCA,Gene Pitney,Musicor,3,42,
1963,14,43,50,ALL OVER THE WORLD,Nat King Cole,Capitol,6,43,
1963,14,44,47,LINDA,Jan and Dean,Liberty,7,44,
1963,14,45,63,SURFIN’ U.S.A.,The Beach Boys,Capitol,3,45,
1963,14,46,75,CHARMS,Bobby Vee,Liberty,2,46,
1963,14,47,53,DAYS OF WINE AND ROSES,Andy Williams,Columbia,4,47,
1963,14,48,43,LOVE FOR SALE,The Arthur Lyman Group,Hi Fi,10,43,
1963,14,49,52,I GOT A WOMAN,Rick Nelson,Decca,4,49,
1963,15,1,1,HE’S SO FINE,The Chiffons,Laurie,8,1,3 weeks at #1
1963,15,2,5,CAN’T GET USED TO LOSING YOU,Andy Williams,Columbia,7,2,
1963,15,3,4,SOUTH STREET,The Orlons,Cameo,9,3,
1963,15,4,3,THE END OF THE WORLD,Skeeter Davis,RCA Victor,12,2,
1963,15,5,6,BABY WORKOUT,Jackie Wilson,Brunswick,6,5,
1963,15,6,2,OUR DAY WILL COME,Ruby and the Romantics,Kapp,10,1,
1963,15,7,30,I WILL FOLLOW HIM,Little Peggy March,RCA Victor,4,7,
1963,15,8,11,PUFF THE MAGIC DRAGON,"Peter, Paul and Mary",Warner Brothers,5,8,
1963,15,9,10,YOUNG LOVERS,Paul and Paula,Philips,5,9,
1963,15,10,12,DO THE BIRD,Dee Dee Sharp,Cameo,7,10,
1963,15,11,7,IN DREAMS,Roy Orbison,Monument,10,7,
1963,15,12,26,PIPELINE,The Chantays,Dot,7,12,
1963,15,13,22,DON’T SAY NOTHIN’ BAD (About My Baby),The Cookies,Dimension,7,13,
1963,15,14,9,RHYTHM OF THE RAIN,The Cascades,Valiant,14,3,
1963,15,15,13,OUR WINTER LOVE,Bill Pursell,Columbia,11,9,
1963,15,16,18,MR. BASS MAN,Johnny Cymbal,Kapp,9,16,
1963,15,17,21,TWENTY MILES,Chubby Checker,Parkway,8,17,
1963,15,18,20,FOLLOW THE BOYS,Connie Francis,MGM,7,18,
1963,15,19,8,YOU’RE THE REASON I’M LIVING,Bobby Darin,Capitol,13,3,
1963,15,20,14,ALL I HAVE TO DO IS DREAM,Richard Chamberlain,MGM,10,14,
1963,15,21,15,BLAME IT ON THE BOSSA NOVA,Eydie Gorme,Columbia,13,7,
1963,15,22,37,ON BROADWAY,The Drifters,Atlantic,4,22,
1963,15,23,17,I WANNA BE AROUND,Tony Bennett,Columbia,14,14,
1963,15,24,25,OUT OF MY MIND,Johnny Tillotson,Cadence,7,24,
1963,15,25,32,OVER THE MOUNTAIN (Across the Sea),Bobby Vinton,Epic,6,25,
1963,15,26,27,"DON’T BE AFRAID, LITTLE DARLIN’",Steve Lawrence,Columbia,6,26,
1963,15,27,31,SANDY,Dion,Laurie,7,27,
1963,15,28,39,YOUNG AND IN LOVE,Dick and DeeDee,Warner Brothers,5,28,
1963,15,29,33,I GOT WHAT I WANTED,Brook Benton,Mercury,5,29,
1963,15,30,42,MECCA,Gene Pitney,Musicor,4,30,
1963,15,31,41,WATERMELON MAN,Mongo Santamaria,Battle,5,31,
1963,15,32,19,LAUGHING BOY,Mary Wells,Motown,8,15,
1963,15,33,45,SURFIN’ U.S.A.,The Beach Boys,Capitol,4,33,
1963,15,34,46,CHARMS,Bobby Vee,Liberty,3,34,
1963,15,35,35,YAKETY SAX,Boots Randolph,Monument,8,35,
1963,15,36,24,LET’S LIMBO SOME MORE,Chubby Checker,Parkway,9,20,
1963,15,37,28,WILD WEEKEND,The Rebels,Swan,16,8,
1963,15,38,16,WHAT WILL MARY SAY,Johnny Mathis,Columbia,12,9,
1963,15,39,47,DAYS OF WINE AND ROSES,Andy Williams,Columbia,5,39,
1963,15,40,23,WALK LIKE A MAN,The Four Seasons,Vee-Jay,12,1,
1963,15,45,36,DAYS OF WINE AND ROSES,Henry Mancini and His Orchestra,RCA Victor,12,33,
1963,15,46,40,WHY DO LOVERS BREAK EACH OTHER’S HEART,Bob B. Soxx and the Blue Jeans,Philles,9,38,
1963,15,48,29,ONE BROKEN HEART FOR SALE,Elvis Presley with the Mellow Men,RCA Victor,9,11,
1963,15,49,38,RUBY BABY,Dion,Columbia,13,2,
1963,15,52,34,DON’T SET ME FREE,Ray Charles,ABC-Paramount,8,20,
1963,15,41,44,LINDA,Jan and Dean,Liberty,8,41,
1963,15,42,43,ALL OVER THE WORLD,Nat King Cole,Capitol,7,42,
1963,15,43,54,FOOLISH LITTLE GIRL,The Shirelles,Scepter,4,43,
1963,15,44,52,TOM CAT,The Rooftop Singers,Vanguard,4,44,
1963,15,47,51,YOU DON’T LOVE ME ANYMORE (And I Can Tell),Rick Nelson,Decca,6,47,
1963,15,50,78,IF YOU WANNA BE HAPPY,Jimmy Soul,S.P.Q.R.,3,50,
1963,16,1,1,HE’S SO FINE,The Chiffons,Laurie,9,1,4 weeks at #1
1963,16,2,2,CAN’T GET USED TO LOSING YOU,Andy Williams,Columbia,8,2,
1963,16,3,7,I WILL FOLLOW HIM,Little Peggy March,RCA Victor,5,3,
1963,16,4,8,PUFF THE MAGIC DRAGON,"Peter, Paul and Mary",Warner Brothers,6,4,
1963,16,5,5,BABY WORKOUT,Jackie Wilson,Brunswick,7,5,
1963,16,6,9,YOUNG LOVERS,Paul and Paula,Philips,6,6,
1963,16,7,3,SOUTH STREET,The Orlons,Cameo,10,3,
1963,16,8,13,DON’T SAY NOTHIN’ BAD (About My Baby),The Cookies,Dimension,8,8,
1963,16,9,12,PIPELINE,The Chantays,Dot,8,9,
1963,16,10,10,DO THE BIRD,Dee Dee Sharp,Cameo,8,10,
1963,16,11,4,THE END OF THE WORLD,Skeeter Davis,RCA Victor,13,2,
1963,16,12,22,ON BROADWAY,The Drifters,Atlantic,5,12,
1963,16,13,6,OUR DAY WILL COME,Ruby and the Romantics,Kapp,11,1,
1963,16,14,31,WATERMELON MAN,Mongo Santamaria,Battle,6,14,
1963,16,15,17,TWENTY MILES,Chubby Checker,Parkway,9,15,
1963,16,16,30,MECCA,Gene Pitney,Musicor,5,16,
1963,16,17,18,FOLLOW THE BOYS,Connie Francis,MGM,8,17,
1963,16,18,11,IN DREAMS,Roy Orbison,Monument,11,7,
1963,16,19,16,MR. BASS MAN,Johnny Cymbal,Kapp,10,16,
1963,16,20,28,YOUNG AND IN LOVE,Dick and DeeDee,Warner Brothers,6,20,
1963,16,21,27,SANDY,Dion,Laurie,8,21,
1963,16,22,25,OVER THE MOUNTAIN (Across the Sea),Bobby Vinton,Epic,7,22,
1963,16,23,33,SURFIN’ U.S.A.,The Beach Boys,Capitol,5,23,
1963,16,24,24,OUT OF MY MIND,Johnny Tillotson,Cadence,8,24,
1963,16,25,34,CHARMS,Bobby Vee,Liberty,4,25,
1963,16,26,26,"DON’T BE AFRAID, LITTLE DARLIN’",Steve Lawrence,Columbia,7,26,
1963,16,27,15,OUR WINTER LOVE,Bill Pursell,Columbia,12,9,
1963,16,28,29,I GOT WHAT I WANTED,Brook Benton,Mercury,6,28,
1963,16,29,43,FOOLISH LITTLE GIRL,The Shirelles,Scepter,5,29,
1963,16,30,23,I WANNA BE AROUND,Tony Bennett,Columbia,15,14,
1963,16,31,62,REVEREND MR. BLACK,The Kingston Trio,Capitol,3,31,
1963,16,32,50,IF YOU WANNA BE HAPPY,Jimmy Soul,S.P.Q.R.,4,32,
1963,16,33,56,LOSING YOU,Brenda Lee,Decca,3,33,
1963,16,34,44,TOM CAT,The Rooftop Singers,Vanguard,5,34,
1963,16,36,14,RHYTHM OF THE RAIN,The Cascades,Valiant,15,3,
1963,16,37,39,DAYS OF WINE AND ROSES,Andy Williams,Columbia,6,37,
1963,16,38,21,BLAME IT ON THE BOSSA NOVA,Eydie Gorme,Columbia,14,7,
1963,16,39,20,ALL I HAVE TO DO IS DREAM,Richard Chamberlain,MGM,11,14,
1963,16,40,19,YOU’RE THE REASON I’M LIVING,Bobby Darin,Capitol,14,3,
1963,16,43,35,YAKETY SAX,Boots Randolph,Monument,9,35,
1963,16,47,37,WILD WEEKEND,The Rebels,Swan,17,8,
1963,16,49,36,LET’S LIMBO SOME MORE,Chubby Checker,Parkway,10,20,
1963,16,50,32,LAUGHING BOY,Mary Wells,Motown,9,15,
1963,16,54,40,WALK LIKE A MAN,The Four Seasons,Vee-Jay,13,1,
1963,16,41,45,DAYS OF WINE AND ROSES,Henry Mancini and His Orchestra,RCA Victor,13,33,
1963,16,42,66,LITTLE BAND OF GOLD,James Gilreath,Joy,5,42,
1963,16,44,42,ALL OVER THE WORLD,Nat King Cole,Capitol,8,42,
1963,16,45,70,TAKE THESE CHAINS FROM MY HEART,Ray Charles,ABC-Paramount,2,45,
1963,16,46,54,LOCKING UP MY HEART,The Marvelettes,Tamla,5,46,
1963,16,48,59,A LOVE SHE CAN COUNT ON,The Miracles,Tamla,4,48,
1963,17,1,3,I WILL FOLLOW HIM,Little Peggy March,RCA Victor,6,1,1 week at #1
1963,17,2,2,CAN’T GET USED TO LOSING YOU,Andy Williams,Columbia,9,2,
1963,17,3,1,HE’S SO FINE,The Chiffons,Laurie,10,1,
1963,17,4,4,PUFF THE MAGIC DRAGON,"Peter, Paul and Mary",Warner Brothers,7,4,
1963,17,5,5,BABY WORKOUT,Jackie Wilson,Brunswick,8,5,
1963,17,6,9,PIPELINE,The Chantays,Dot,9,6,
1963,17,7,8,DON’T SAY NOTHIN’ BAD (About My Baby),The Cookies,Dimension,9,7,
1963,17,8,6,YOUNG LOVERS,Paul and Paula,Philips,7,6,
1963,17,9,12,ON BROADWAY,The Drifters,Atlantic,6,9,
1963,17,10,14,WATERMELON MAN,Mongo Santamaria,Battle,7,10,
1963,17,11,23,SURFIN’ U.S.A.,The Beach Boys,Capitol,6,11,
1963,17,12,7,SOUTH STREET,The Orlons,Cameo,11,3,
1963,17,13,16,MECCA,Gene Pitney,Musicor,6,13,
1963,17,14,11,THE END OF THE WORLD,Skeeter Davis,RCA Victor,14,2,
1963,17,15,32,IF YOU WANNA BE HAPPY,Jimmy Soul,S.P.Q.R.,5,15,
1963,17,16,31,REVEREND MR. BLACK,The Kingston Trio,Capitol,4,16,
1963,17,17,25,CHARMS,Bobby Vee,Liberty,5,17,
1963,17,18,29,FOOLISH LITTLE GIRL,The Shirelles,Scepter,6,18,
1963,17,19,20,YOUNG AND IN LOVE,Dick and DeeDee,Warner Brothers,7,19,
1963,17,20,10,DO THE BIRD,Dee Dee Sharp,Cameo,9,10,
1963,17,21,22,OVER THE MOUNTAIN (Across the Sea),Bobby Vinton,Epic,8,21,
1963,17,22,13,OUR DAY WILL COME,Ruby and the Romantics,Kapp,12,1,
1963,17,23,15,TWENTY MILES,Chubby Checker,Parkway,10,15,
1963,17,24,17,FOLLOW THE BOYS,Connie Francis,MGM,9,17,
1963,17,25,34,TOM CAT,The Rooftop Singers,Vanguard,6,25,
1963,17,26,33,LOSING YOU,Brenda Lee,Decca,4,26,
1963,17,27,45,TAKE THESE CHAINS FROM MY HEART,Ray Charles,ABC-Paramount,3,27,
1963,17,28,21,SANDY,Dion,Laurie,9,21,
1963,17,29,18,IN DREAMS,Roy Orbison,Monument,12,7,
1963,17,30,19,MR. BASS MAN,Johnny Cymbal,Kapp,11,16,
1963,17,31,35,LINDA,Jan and Dean,Liberty,10,31,
1963,17,32,42,LITTLE BAND OF GOLD,James Gilreath,Joy,6,32,
1963,17,33,26,"DON’T BE AFRAID, LITTLE DARLIN’",Steve Lawrence,Columbia,8,26,
1963,17,34,37,DAYS OF WINE AND ROSES,Andy Williams,Columbia,7,34,
1963,17,35,51,TWO FACES HAVE I,Lou Christie,Roulette,5,35,
1963,17,36,24,OUT OF MY MIND,Johnny Tillotson,Cadence,9,24,
1963,17,37,28,I GOT WHAT I WANTED,Brook Benton,Mercury,7,28,
1963,17,38,41,DAYS OF WINE AND ROSES,Henry Mancini and His Orchestra,RCA Victor,14,33,
1963,17,39,60,HOT PASTRAMI,The Dartells,Dot,3,39,
1963,17,40,57,KILLER JOE,The Rocky Fellers,Scepter,6,40,
1963,17,45,27,OUR WINTER LOVE,Bill Pursell,Columbia,13,9,
1963,17,46,36,RHYTHM OF THE RAIN,The Cascades,Valiant,16,3,
1963,17,47,38,BLAME IT ON THE BOSSA NOVA,Eydie Gorme,Columbia,15,7,
1963,17,48,30,I WANNA BE AROUND,Tony Bennett,Columbia,16,14,
1963,17,50,39,ALL I HAVE TO DO IS DREAM,Richard Chamberlain,MGM,12,14,
1963,17,41,56,I LOVE YOU BECAUSE,Al Martino,Capitol,4,41,
1963,17,42,48,A LOVE SHE CAN COUNT ON,The Miracles,Tamla,5,42,
1963,17,43,66,ANOTHER SATURDAY NIGHT,Sam Cooke,RCA Victor,2,43,
1963,17,44,46,LOCKING UP MY HEART,The Marvelettes,Tamla,6,44,
1963,17,49,44,ALL OVER THE WORLD,Nat King Cole,Capitol,9,42,
1963,18,1,1,I WILL FOLLOW HIM,Little Peggy March,RCA Victor,7,1,2 weeks at #1
1963,18,2,2,CAN’T GET USED TO LOSING YOU,Andy Williams,Columbia,10,2,
1963,18,3,4,PUFF THE MAGIC DRAGON,"Peter, Paul and Mary",Warner Brothers,8,3,
1963,18,4,6,PIPELINE,The Chantays,Dot,10,4,
1963,18,5,3,HE’S SO FINE,The Chiffons,Laurie,11,1,
1963,18,6,15,IF YOU WANNA BE HAPPY,Jimmy Soul,S.P.Q.R.,6,6,
1963,18,7,7,DON’T SAY NOTHIN’ BAD (About My Baby),The Cookies,Dimension,10,7,
1963,18,8,11,SURFIN’ U.S.A.,The Beach Boys,Capitol,7,8,
1963,18,9,9,ON BROADWAY,The Drifters,Atlantic,7,9,
1963,18,10,10,WATERMELON MAN,Mongo Santamaria,Battle,8,10,
1963,18,11,5,BABY WORKOUT,Jackie Wilson,Brunswick,9,5,
1963,18,12,13,MECCA,Gene Pitney,Musicor,7,12,
1963,18,13,18,FOOLISH LITTLE GIRL,The Shirelles,Scepter,7,13,
1963,18,14,16,REVEREND MR. BLACK,The Kingston Trio,Capitol,5,14,
1963,18,15,17,CHARMS,Bobby Vee,Liberty,6,15,
1963,18,16,8,YOUNG LOVERS,Paul and Paula,Philips,8,6,
1963,18,17,19,YOUNG AND IN LOVE,Dick and DeeDee,Warner Brothers,8,17,
1963,18,18,26,LOSING YOU,Brenda Lee,Decca,5,18,
1963,18,19,27,TAKE THESE CHAINS FROM MY HEART,Ray Charles,ABC-Paramount,4,19,
1963,18,20,25,TOM CAT,The Rooftop Singers,Vanguard,7,20,
1963,18,21,39,HOT PASTRAMI,The Dartells,Dot,4,21,
1963,18,22,12,SOUTH STREET,The Orlons,Cameo,12,3,
1963,18,23,35,TWO FACES HAVE I,Lou Christie,Roulette,6,23,
1963,18,24,14,THE END OF THE WORLD,Skeeter Davis,RCA Victor,15,2,
1963,18,25,32,LITTLE BAND OF GOLD,James Gilreath,Joy,7,25,
1963,18,26,34,DAYS OF WINE AND ROSES,Andy Williams,Columbia,8,26,
1963,18,27,21,OVER THE MOUNTAIN (Across the Sea),Bobby Vinton,Epic,9,21,
1963,18,28,31,LINDA,Jan and Dean,Liberty,11,28,
1963,18,29,41,I LOVE YOU BECAUSE,Al Martino,Capitol,5,29,
1963,18,30,43,ANOTHER SATURDAY NIGHT,Sam Cooke,RCA Victor,3,30,
1963,18,31,55,THIS LITTLE GIRL,Dion,Columbia,3,31,
1963,18,32,20,DO THE BIRD,Dee Dee Sharp,Cameo,10,10,
1963,18,33,38,DAYS OF WINE AND ROSES,Henry Mancini and His Orchestra,RCA Victor,15,33,
1963,18,34,40,KILLER JOE,The Rocky Fellers,Scepter,7,34,
1963,18,35,28,SANDY,Dion,Laurie,10,21,
1963,18,36,51,AIN’T THAT A SHAME,The Four Seasons Featuring Frankie Valli,Vee-Jay,3,36,
1963,18,37,42,A LOVE SHE CAN COUNT ON,The Miracles,Tamla,6,37,
1963,18,38,30,MR. BASS MAN,Johnny Cymbal,Kapp,12,16,
1963,18,39,23,TWENTY MILES,Chubby Checker,Parkway,11,15,
1963,18,40,33,"DON’T BE AFRAID, LITTLE DARLIN’",Steve Lawrence,Columbia,9,26,
1963,18,42,22,OUR DAY WILL COME,Ruby and the Romantics,Kapp,13,1,
1963,18,43,37,I GOT WHAT I WANTED,Brook Benton,Mercury,8,28,
1963,18,45,36,OUT OF MY MIND,Johnny Tillotson,Cadence,10,24,
1963,18,48,24,FOLLOW THE BOYS,Connie Francis,MGM,10,17,
1963,18,55,29,IN DREAMS,Roy Orbison,Monument,13,7,
1963,18,41,54,(Today I Met) THE BOY I’M GONNA MARRY,Darlene Love,Philles,5,41,
1963,18,44,44,LOCKING UP MY HEART,The Marvelettes,Tamla,7,44,
1963,18,46,53,PUSHOVER,Etta James,Argo,3,46,
1963,18,47,52,RAINBOW,Gene Chandler,Vee-Jay,11,47,
1963,18,49,71,STILL,Bill Anderson,Decca,4,49,
1963,18,50,67,YOU CAN’T SIT DOWN,The Dovells,Parkway,2,50,
1963,19,1,1,I WILL FOLLOW HIM,Little Peggy March,RCA Victor,8,1,3 weeks at #1
1963,19,2,3,PUFF THE MAGIC DRAGON,"Peter, Paul and Mary",Warner Brothers,9,2,
1963,19,3,6,IF YOU WANNA BE HAPPY,Jimmy Soul,S.P.Q.R.,7,3,
1963,19,4,4,PIPELINE,The Chantays,Dot,11,4,
1963,19,5,2,CAN’T GET USED TO LOSING YOU,Andy Williams,Columbia,11,2,
1963,19,6,13,FOOLISH LITTLE GIRL,The Shirelles,Scepter,8,6,
1963,19,7,8,SURFIN’ U.S.A.,The Beach Boys,Capitol,8,7,
1963,19,8,5,HE’S SO FINE,The Chiffons,Laurie,12,1,
1963,19,9,14,REVEREND MR. BLACK,The Kingston Trio,Capitol,6,9,
1963,19,10,18,LOSING YOU,Brenda Lee,Decca,6,10,
1963,19,11,9,ON BROADWAY,The Drifters,Atlantic,8,9,
1963,19,12,12,MECCA,Gene Pitney,Musicor,8,12,
1963,19,13,15,CHARMS,Bobby Vee,Liberty,7,13,
1963,19,14,11,BABY WORKOUT,Jackie Wilson,Brunswick,10,5,
1963,19,15,7,DON’T SAY NOTHIN’ BAD (About My Baby),The Cookies,Dimension,11,7,
1963,19,16,19,TAKE THESE CHAINS FROM MY HEART,Ray Charles,ABC-Paramount,5,16,
1963,19,17,23,TWO FACES HAVE I,Lou Christie,Roulette,7,17,
1963,19,18,10,WATERMELON MAN,Mongo Santamaria,Battle,9,10,
1963,19,19,34,KILLER JOE,The Rocky Fellers,Scepter,8,19,
1963,19,20,21,HOT PASTRAMI,The Dartells,Dot,5,20,
1963,19,21,25,LITTLE BAND OF GOLD,James Gilreath,Joy,8,21,
1963,19,22,20,TOM CAT,The Rooftop Singers,Vanguard,8,20,
1963,19,23,29,I LOVE YOU BECAUSE,Al Martino,Capitol,6,23,
1963,19,24,30,ANOTHER SATURDAY NIGHT,Sam Cooke,RCA Victor,4,24,
1963,19,25,16,YOUNG LOVERS,Paul and Paula,Philips,9,6,
1963,19,26,31,THIS LITTLE GIRL,Dion,Columbia,4,26,
1963,19,27,36,AIN’T THAT A SHAME,The Four Seasons Featuring Frankie Valli,Vee-Jay,4,27,
1963,19,28,17,YOUNG AND IN LOVE,Dick and DeeDee,Warner Brothers,9,17,
1963,19,29,49,STILL,Bill Anderson,Decca,5,29,
1963,19,30,26,DAYS OF WINE AND ROSES,Andy Williams,Columbia,9,26,
1963,19,31,37,A LOVE SHE CAN COUNT ON,The Miracles,Tamla,7,31,
1963,19,32,24,THE END OF THE WORLD,Skeeter Davis,RCA Victor,16,2,
1963,19,33,28,LINDA,Jan and Dean,Liberty,12,28,
1963,19,34,51,THE LOVE OF MY MAN,Theola Kilgore,Serock,4,34,
1963,19,35,33,DAYS OF WINE AND ROSES,Henry Mancini and His Orchestra,RCA Victor,16,33,
1963,19,36,50,YOU CAN’T SIT DOWN,The Dovells,Parkway,3,36,
1963,19,37,54,DA DOO RON RON (When He Walked Me Home),The Crystals,Philles,3,37,
1963,19,38,46,PUSHOVER,Etta James,Argo,4,38,
1963,19,39,41,(Today I Met) THE BOY I’M GONNA MARRY,Darlene Love,Philles,6,39,
1963,19,40,71,EL WATUSI,Ray Barretto,Tico,3,40,
1963,19,41,22,SOUTH STREET,The Orlons,Cameo,13,3,
1963,19,43,35,SANDY,Dion,Laurie,11,21,
1963,19,45,27,OVER THE MOUNTAIN (Across the Sea),Bobby Vinton,Epic,10,21,
1963,19,46,32,DO THE BIRD,Dee Dee Sharp,Cameo,11,10,
1963,19,55,39,TWENTY MILES,Chubby Checker,Parkway,12,15,
1963,19,59,38,MR. BASS MAN,Johnny Cymbal,Kapp,13,16,
1963,19,42,58,COME AND GET THESE MEMORIES,Martha and the Vandellas,Gordy,6,42,
1963,19,44,56,REMEMBER DIANA,Paul Anka,RCA Victor,5,44,
1963,19,47,53,THAT’S HOW HEARTACHES ARE MADE,Baby Washington,Sue,8,47,
1963,19,48,44,LOCKING UP MY HEART,The Marvelettes,Tamla,8,44,
1963,19,49,63,SHUT DOWN,The Beach Boys,Capitol,3,49,
1963,19,50,70,LET’S GO STEADY AGAIN,Neil Sedaka,RCA Victor,3,50,
1963,20,1,3,IF YOU WANNA BE HAPPY,Jimmy Soul,S.P.Q.R.,8,1,1 week at #1
1963,20,2,1,I WILL FOLLOW HIM,Little Peggy March,RCA Victor,9,1,
1963,20,3,2,PUFF THE MAGIC DRAGON,"Peter, Paul and Mary",Warner Brothers,10,2,
1963,20,4,7,SURFIN’ U.S.A.,The Beach Boys,Capitol,9,4,
1963,20,5,6,FOOLISH LITTLE GIRL,The Shirelles,Scepter,9,5,
1963,20,6,4,PIPELINE,The Chantays,Dot,12,4,
1963,20,7,10,LOSING YOU,Brenda Lee,Decca,7,7,
1963,20,8,9,REVEREND MR. BLACK,The Kingston Trio,Capitol,7,8,
1963,20,9,5,CAN’T GET USED TO LOSING YOU,Andy Williams,Columbia,12,2,
1963,20,10,23,I LOVE YOU BECAUSE,Al Martino,Capitol,7,10,
1963,20,11,17,TWO FACES HAVE I,Lou Christie,Roulette,8,11,
1963,20,12,16,TAKE THESE CHAINS FROM MY HEART,Ray Charles,ABC-Paramount,6,12,
1963,20,13,20,HOT PASTRAMI,The Dartells,Dot,6,13,
1963,20,14,24,ANOTHER SATURDAY NIGHT,Sam Cooke,RCA Victor,5,14,
1963,20,15,12,MECCA,Gene Pitney,Musicor,9,12,
1963,20,16,19,KILLER JOE,The Rocky Fellers,Scepter,9,16,
1963,20,17,8,HE’S SO FINE,The Chiffons,Laurie,13,1,
1963,20,18,36,YOU CAN’T SIT DOWN,The Dovells,Parkway,4,18,
1963,20,19,37,DA DOO RON RON (When He Walked Me Home),The Crystals,Philles,4,19,
1963,20,20,13,CHARMS,Bobby Vee,Liberty,8,13,
1963,20,21,26,THIS LITTLE GIRL,Dion,Columbia,5,21,
1963,20,22,27,AIN’T THAT A SHAME,The Four Seasons Featuring Frankie Valli,Vee-Jay,5,22,
1963,20,23,21,LITTLE BAND OF GOLD,James Gilreath,Joy,9,21,
1963,20,24,29,STILL,Bill Anderson,Decca,6,24,
1963,20,25,11,ON BROADWAY,The Drifters,Atlantic,9,9,
1963,20,26,60,IT’S MY PARTY,Lesley Gore,Mercury,2,26,
1963,20,27,40,EL WATUSI,Ray Barretto,Tico,4,27,
1963,20,28,30,DAYS OF WINE AND ROSES,Andy Williams,Columbia,10,26,
1963,20,29,22,TOM CAT,The Rooftop Singers,Vanguard,9,20,
1963,20,30,18,WATERMELON MAN,Mongo Santamaria,Battle,10,10,
1963,20,31,34,THE LOVE OF MY MAN,Theola Kilgore,Serock,5,31,
1963,20,32,14,BABY WORKOUT,Jackie Wilson,Brunswick,11,5,
1963,20,33,15,DON’T SAY NOTHIN’ BAD (About My Baby),The Cookies,Dimension,12,7,
1963,20,34,35,DAYS OF WINE AND ROSES,Henry Mancini and His Orchestra,RCA Victor,17,33,
1963,20,35,38,PUSHOVER,Etta James,Argo,5,35,
1963,20,36,42,COME AND GET THESE MEMORIES,Martha and the Vandellas,Gordy,7,36,
1963,20,37,53,PRISONER OF LOVE,James Brown and the Famous Flames,King,5,37,
1963,20,38,31,A LOVE SHE CAN COUNT ON,The Miracles,Tamla,8,31,
1963,20,39,50,LET’S GO STEADY AGAIN,Neil Sedaka,RCA Victor,4,39,
1963,20,40,33,LINDA,Jan and Dean,Liberty,13,28,
1963,20,42,28,YOUNG AND IN LOVE,Dick and DeeDee,Warner Brothers,10,17,
1963,20,44,39,(Today I Met) THE BOY I’M GONNA MARRY,Darlene Love,Philles,7,39,
1963,20,48,25,YOUNG LOVERS,Paul and Paula,Philips,10,6,
1963,20,63,32,THE END OF THE WORLD,Skeeter Davis,RCA Victor,17,2,
1963,20,41,44,REMEMBER DIANA,Paul Anka,RCA Victor,6,41,
1963,20,43,49,SHUT DOWN,The Beach Boys,Capitol,4,43,
1963,20,45,79,SUKIYAKI,Kyu Sakamoto,Capitol,2,45,
1963,20,46,47,THAT’S HOW HEARTACHES ARE MADE,Baby Washington,Sue,9,46,
1963,20,47,70,THOSE LAZY-HAZY-CRAZY DAYS OF SUMMER,Nat King Cole,Capitol,2,47,
1963,20,49,57,HOT PASTRAMI WITH MASHED POTATOES (Part 1),Joey Dee and the Starliters,Roulette,4,49,
1963,20,50,54,TWO KIND OF TEARDROPS,Del Shannon,Big Top,6,50,
1963,21,1,1,IF YOU WANNA BE HAPPY,Jimmy Soul,S.P.Q.R.,9,1,2 weeks at #1
1963,21,2,2,I WILL FOLLOW HIM,Little Peggy March,RCA Victor,10,1,
1963,21,3,4,SURFIN’ U.S.A.,The Beach Boys,Capitol,10,3,
1963,21,4,5,FOOLISH LITTLE GIRL,The Shirelles,Scepter,10,4,
1963,21,5,10,I LOVE YOU BECAUSE,Al Martino,Capitol,8,5,
1963,21,6,7,LOSING YOU,Brenda Lee,Decca,8,6,
1963,21,7,11,TWO FACES HAVE I,Lou Christie,Roulette,9,7,
1963,21,8,12,TAKE THESE CHAINS FROM MY HEART,Ray Charles,ABC-Paramount,7,8,
1963,21,9,26,IT’S MY PARTY,Lesley Gore,Mercury,3,9,
1963,21,10,14,ANOTHER SATURDAY NIGHT,Sam Cooke,RCA Victor,6,10,
1963,21,11,13,HOT PASTRAMI,The Dartells,Dot,7,11,
1963,21,12,3,PUFF THE MAGIC DRAGON,"Peter, Paul and Mary",Warner Brothers,11,2,
1963,21,13,19,DA DOO RON RON (When He Walked Me Home),The Crystals,Philles,5,13,
1963,21,14,8,REVEREND MR. BLACK,The Kingston Trio,Capitol,8,8,
1963,21,15,18,YOU CAN’T SIT DOWN,The Dovells,Parkway,5,15,
1963,21,16,6,PIPELINE,The Chantays,Dot,13,4,
1963,21,17,24,STILL,Bill Anderson,Decca,7,17,
1963,21,18,9,CAN’T GET USED TO LOSING YOU,Andy Williams,Columbia,13,2,
1963,21,19,16,KILLER JOE,The Rocky Fellers,Scepter,10,16,
1963,21,20,45,SUKIYAKI,Kyu Sakamoto,Capitol,3,20,
1963,21,21,21,THIS LITTLE GIRL,Dion,Columbia,6,21,
1963,21,22,22,AIN’T THAT A SHAME,The Four Seasons Featuring Frankie Valli,Vee-Jay,6,22,
1963,21,23,31,THE LOVE OF MY MAN,Theola Kilgore,Serock,6,23,
1963,21,24,27,EL WATUSI,Ray Barretto,Tico,5,24,
1963,21,25,47,THOSE LAZY-HAZY-CRAZY DAYS OF SUMMER,Nat King Cole,Capitol,3,25,
1963,21,26,35,PUSHOVER,Etta James,Argo,6,26,
1963,21,27,37,PRISONER OF LOVE,James Brown and the Famous Flames,King,6,27,
1963,21,28,17,HE’S SO FINE,The Chiffons,Laurie,14,1,
1963,21,29,23,LITTLE BAND OF GOLD,James Gilreath,Joy,10,21,
1963,21,30,15,MECCA,Gene Pitney,Musicor,10,12,
1963,21,31,39,LET’S GO STEADY AGAIN,Neil Sedaka,RCA Victor,5,31,
1963,21,33,53,HELLO STRANGER,Barbara Lewis,Atlantic,4,33,
1963,21,34,55,18 YELLOW ROSES,Bobby Darin,Capitol,3,34,
1963,21,35,20,CHARMS,Bobby Vee,Liberty,9,13,
1963,21,36,28,DAYS OF WINE AND ROSES,Andy Williams,Columbia,11,26,
1963,21,37,25,ON BROADWAY,The Drifters,Atlantic,10,9,
1963,21,38,43,SHUT DOWN,The Beach Boys,Capitol,5,38,
1963,21,39,41,REMEMBER DIANA,Paul Anka,RCA Victor,7,39,
1963,21,40,51,IF YOU NEED ME,Solomon Burke,Atlantic,6,40,
1963,21,44,30,WATERMELON MAN,Mongo Santamaria,Battle,11,10,
1963,21,45,38,A LOVE SHE CAN COUNT ON,The Miracles,Tamla,9,31,
1963,21,46,33,DON’T SAY NOTHIN’ BAD (About My Baby),The Cookies,Dimension,13,7,
1963,21,48,29,TOM CAT,The Rooftop Singers,Vanguard,10,20,
1963,21,51,34,DAYS OF WINE AND ROSES,Henry Mancini and His Orchestra,RCA Victor,18,33,
1963,21,59,32,BABY WORKOUT,Jackie Wilson,Brunswick,12,5,
1963,21,41,49,HOT PASTRAMI WITH MASHED POTATOES (Part 1),Joey Dee and the Starliters,Roulette,5,41,
1963,21,42,46,THAT’S HOW HEARTACHES ARE MADE,Baby Washington,Sue,10,42,
1963,21,43,59,THE GOOD LIFE,Tony Bennett,Columbia,3,43,
1963,21,47,52,WHAT A GUY,The Raindrops,Jubilee,5,47,
1963,21,49,60,WILDWOOD DAYS,Bobby Rydell,Cameo,3,49,
1963,21,50,44,(Today I Met) THE BOY I’M GONNA MARRY,Darlene Love,Philles,8,39,
1963,22,1,9,IT’S MY PARTY,Lesley Gore,Mercury,4,1,1 week at #1
1963,22,2,1,IF YOU WANNA BE HAPPY,Jimmy Soul,S.P.Q.R.,10,1,
1963,22,3,5,I LOVE YOU BECAUSE,Al Martino,Capitol,9,3,
1963,22,4,3,SURFIN’ U.S.A.,The Beach Boys,Capitol,11,3,
1963,22,5,13,DA DOO RON RON (When He Walked Me Home),The Crystals,Philles,6,5,
1963,22,6,7,TWO FACES HAVE I,Lou Christie,Roulette,10,6,
1963,22,7,15,YOU CAN’T SIT DOWN,The Dovells,Parkway,6,7,
1963,22,8,2,I WILL FOLLOW HIM,Little Peggy March,RCA Victor,11,1,
1963,22,9,6,LOSING YOU,Brenda Lee,Decca,9,6,
1963,22,10,20,SUKIYAKI,Kyu Sakamoto,Capitol,4,10,
1963,22,11,17,STILL,Bill Anderson,Decca,8,11,
1963,22,12,4,FOOLISH LITTLE GIRL,The Shirelles,Scepter,11,4,
1963,22,13,8,TAKE THESE CHAINS FROM MY HEART,Ray Charles,ABC-Paramount,8,8,
1963,22,14,10,ANOTHER SATURDAY NIGHT,Sam Cooke,RCA Victor,7,10,
1963,22,15,11,HOT PASTRAMI,The Dartells,Dot,8,11,
1963,22,16,25,THOSE LAZY-HAZY-CRAZY DAYS OF SUMMER,Nat King Cole,Capitol,4,16,
1963,22,17,24,EL WATUSI,Ray Barretto,Tico,6,17,
1963,22,18,12,PUFF THE MAGIC DRAGON,"Peter, Paul and Mary",Warner Brothers,12,2,
1963,22,19,14,REVEREND MR. BLACK,The Kingston Trio,Capitol,9,8,
1963,22,20,16,PIPELINE,The Chantays,Dot,14,4,
1963,22,21,23,THE LOVE OF MY MAN,Theola Kilgore,Serock,7,21,
1963,22,22,27,PRISONER OF LOVE,James Brown and the Famous Flames,King,7,22,
1963,22,23,34,18 YELLOW ROSES,Bobby Darin,Capitol,4,23,
1963,22,24,18,CAN’T GET USED TO LOSING YOU,Andy Williams,Columbia,14,2,
1963,22,25,22,AIN’T THAT A SHAME,The Four Seasons Featuring Frankie Valli,Vee-Jay,7,22,
1963,22,26,31,LET’S GO STEADY AGAIN,Neil Sedaka,RCA Victor,6,26,
1963,22,27,19,KILLER JOE,The Rocky Fellers,Scepter,11,16,
1963,22,28,33,HELLO STRANGER,Barbara Lewis,Atlantic,5,28,
1963,22,29,21,THIS LITTLE GIRL,Dion,Columbia,7,21,
1963,22,30,26,PUSHOVER,Etta James,Argo,7,26,
1963,22,31,62,BLUE ON BLUE,Bobby Vinton,Epic,3,31,
1963,22,32,43,THE GOOD LIFE,Tony Bennett,Columbia,4,32,
1963,22,33,38,SHUT DOWN,The Beach Boys,Capitol,6,33,
1963,22,34,29,LITTLE BAND OF GOLD,James Gilreath,Joy,11,21,
1963,22,35,63,BIRDLAND,Chubby Checker,Parkway,3,35,
1963,22,36,41,HOT PASTRAMI WITH MASHED POTATOES (Part 1),Joey Dee and the Starliters,Roulette,6,36,
1963,22,37,40,IF YOU NEED ME,Solomon Burke,Atlantic,7,37,
1963,22,38,32,COME AND GET THESE MEMORIES,Martha and the Vandellas,Gordy,9,32,
1963,22,39,49,WILDWOOD DAYS,Bobby Rydell,Cameo,4,39,
1963,22,40,42,THAT’S HOW HEARTACHES ARE MADE,Baby Washington,Sue,11,40,
1963,22,41,36,DAYS OF WINE AND ROSES,Andy Williams,Columbia,12,26,
1963,22,43,28,HE’S SO FINE,The Chiffons,Laurie,15,1,
1963,22,46,35,CHARMS,Bobby Vee,Liberty,10,13,
1963,22,49,30,MECCA,Gene Pitney,Musicor,11,12,
1963,22,59,39,REMEMBER DIANA,Paul Anka,RCA Victor,8,39,
1963,22,42,47,WHAT A GUY,The Raindrops,Jubilee,6,42,
1963,22,44,54,THE BOUNCE,The Olympics,Tri Disc,6,44,
1963,22,45,79,IF MY PILLOW COULD TALK,Connie Francis,MGM,3,45,
1963,22,47,74,EVERY STEP OF THE WAY,Johnny Mathis,Columbia,2,47,
1963,22,48,55,I’M SAVING MY LOVE,Skeeter Davis,RCA Victor,4,48,
1963,22,50,57,STING RAY,The Routers,Warner Brothers,6,50,
1963,23,1,1,IT’S MY PARTY,Lesley Gore,Mercury,5,1,2 weeks at #1
1963,23,2,10,SUKIYAKI,Kyu Sakamoto,Capitol,5,2,
1963,23,3,5,DA DOO RON RON (When He Walked Me Home),The Crystals,Philles,7,3,
1963,23,4,3,I LOVE YOU BECAUSE,Al Martino,Capitol,10,3,
1963,23,5,7,YOU CAN’T SIT DOWN,The Dovells,Parkway,7,5,
1963,23,6,6,TWO FACES HAVE I,Lou Christie,Roulette,11,6,
1963,23,7,2,IF YOU WANNA BE HAPPY,Jimmy Soul,S.P.Q.R.,11,1,
1963,23,8,11,STILL,Bill Anderson,Decca,9,8,
1963,23,9,16,THOSE LAZY-HAZY-CRAZY DAYS OF SUMMER,Nat King Cole,Capitol,5,9,
1963,23,10,4,SURFIN’ U.S.A.,The Beach Boys,Capitol,12,3,
1963,23,11,23,18 YELLOW ROSES,Bobby Darin,Capitol,5,11,
1963,23,12,9,LOSING YOU,Brenda Lee,Decca,10,6,
1963,23,13,28,HELLO STRANGER,Barbara Lewis,Atlantic,6,13,
1963,23,14,31,BLUE ON BLUE,Bobby Vinton,Epic,4,14,
1963,23,15,14,ANOTHER SATURDAY NIGHT,Sam Cooke,RCA Victor,8,10,
1963,23,16,15,HOT PASTRAMI,The Dartells,Dot,9,11,
1963,23,17,8,I WILL FOLLOW HIM,Little Peggy March,RCA Victor,12,1,
1963,23,18,12,FOOLISH LITTLE GIRL,The Shirelles,Scepter,12,4,
1963,23,19,13,TAKE THESE CHAINS FROM MY HEART,Ray Charles,ABC-Paramount,9,8,
1963,23,20,17,EL WATUSI,Ray Barretto,Tico,7,17,
1963,23,21,22,PRISONER OF LOVE,James Brown and the Famous Flames,King,8,21,
1963,23,22,35,BIRDLAND,Chubby Checker,Parkway,4,22,
1963,23,23,21,THE LOVE OF MY MAN,Theola Kilgore,Serock,8,21,
1963,23,24,32,THE GOOD LIFE,Tony Bennett,Columbia,5,24,
1963,23,25,30,PUSHOVER,Etta James,Argo,8,25,
1963,23,26,19,REVEREND MR. BLACK,The Kingston Trio,Capitol,10,8,
1963,23,27,20,PIPELINE,The Chantays,Dot,15,4,
1963,23,28,18,PUFF THE MAGIC DRAGON,"Peter, Paul and Mary",Warner Brothers,13,2,
1963,23,29,38,COME AND GET THESE MEMORIES,Martha and the Vandellas,Gordy,10,29,
1963,23,30,39,WILDWOOD DAYS,Bobby Rydell,Cameo,5,30,
1963,23,31,26,LET’S GO STEADY AGAIN,Neil Sedaka,RCA Victor,7,26,
1963,23,32,33,SHUT DOWN,The Beach Boys,Capitol,7,32,
1963,23,33,25,AIN’T THAT A SHAME,The Four Seasons Featuring Frankie Valli,Vee-Jay,8,22,
1963,23,34,27,KILLER JOE,The Rocky Fellers,Scepter,12,16,
1963,23,35,45,IF MY PILLOW COULD TALK,Connie Francis,MGM,4,35,
1963,23,36,66,ONE FINE DAY,The Chiffons,Laurie,2,36,
1963,23,37,47,EVERY STEP OF THE WAY,Johnny Mathis,Columbia,3,37,
1963,23,38,24,CAN’T GET USED TO LOSING YOU,Andy Williams,Columbia,15,2,
1963,23,39,29,THIS LITTLE GIRL,Dion,Columbia,8,21,
1963,23,40,44,THE BOUNCE,The Olympics,Tri Disc,7,40,
1963,23,43,37,IF YOU NEED ME,Solomon Burke,Atlantic,8,37,
1963,23,46,36,HOT PASTRAMI WITH MASHED POTATOES (Part 1),Joey Dee and the Starliters,Roulette,7,36,
1963,23,68,34,LITTLE BAND OF GOLD,James Gilreath,Joy,12,21,
1963,23,72,40,THAT’S HOW HEARTACHES ARE MADE,Baby Washington,Sue,12,40,
1963,23,41,42,WHAT A GUY,The Raindrops,Jubilee,7,41,
1963,23,42,53,STRING ALONG,Rick Nelson,Decca,3,42,
1963,23,44,48,I’M SAVING MY LOVE,Skeeter Davis,RCA Victor,5,44,
1963,23,45,55,MY SUMMER LOVE,Ruby and the Romantics,Kapp,4,45,
1963,23,47,62,POOR LITTLE RICH GIRL,Steve Lawrence,Columbia,3,47,
1963,23,48,54,SWEET DREAMS (Of You),Patsy Cline,Decca,8,48,
1963,23,49,52,LITTLE LATIN LUPE LU,The Righteous Brothers,Moonglow,5,49,
1963,23,50,73,SHAKE A HAND,Jackie Wilson and Linda Hopkins,Brunswick,3,50,
1963,24,1,2,SUKIYAKI,Kyu Sakamoto,Capitol,6,1,1 week at #1
1963,24,2,1,IT’S MY PARTY,Lesley Gore,Mercury,6,1,
1963,24,3,5,YOU CAN’T SIT DOWN,The Dovells,Parkway,8,3,
1963,24,4,3,DA DOO RON RON (When He Walked Me Home),The Crystals,Philles,8,3,
1963,24,5,4,I LOVE YOU BECAUSE,Al Martino,Capitol,11,3,
1963,24,6,14,BLUE ON BLUE,Bobby Vinton,Epic,5,6,
1963,24,7,9,THOSE LAZY-HAZY-CRAZY DAYS OF SUMMER,Nat King Cole,Capitol,6,7,
1963,24,8,8,STILL,Bill Anderson,Decca,10,8,
1963,24,9,13,HELLO STRANGER,Barbara Lewis,Atlantic,7,9,
1963,24,10,11,18 YELLOW ROSES,Bobby Darin,Capitol,6,10,
1963,24,11,6,TWO FACES HAVE I,Lou Christie,Roulette,12,6,
1963,24,12,7,IF YOU WANNA BE HAPPY,Jimmy Soul,S.P.Q.R.,12,1,
1963,24,13,10,SURFIN’ U.S.A.,The Beach Boys,Capitol,13,3,
1963,24,14,22,BIRDLAND,Chubby Checker,Parkway,5,14,
1963,24,15,12,LOSING YOU,Brenda Lee,Decca,11,6,
1963,24,16,15,ANOTHER SATURDAY NIGHT,Sam Cooke,RCA Victor,9,10,
1963,24,17,36,ONE FINE DAY,The Chiffons,Laurie,3,17,
1963,24,18,21,PRISONER OF LOVE,James Brown and the Famous Flames,King,9,18,
1963,24,19,16,HOT PASTRAMI,The Dartells,Dot,10,11,
1963,24,20,24,THE GOOD LIFE,Tony Bennett,Columbia,6,20,
1963,24,21,18,FOOLISH LITTLE GIRL,The Shirelles,Scepter,13,4,
1963,24,22,20,EL WATUSI,Ray Barretto,Tico,8,17,
1963,24,23,19,TAKE THESE CHAINS FROM MY HEART,Ray Charles,ABC-Paramount,10,8,
1963,24,24,23,THE LOVE OF MY MAN,Theola Kilgore,Serock,9,21,
1963,24,25,30,WILDWOOD DAYS,Bobby Rydell,Cameo,6,25,
1963,24,26,35,IF MY PILLOW COULD TALK,Connie Francis,MGM,5,26,
1963,24,27,17,I WILL FOLLOW HIM,Little Peggy March,RCA Victor,13,1,
1963,24,28,42,STRING ALONG,Rick Nelson,Decca,4,28,
1963,24,29,25,PUSHOVER,Etta James,Argo,9,25,
1963,24,30,32,SHUT DOWN,The Beach Boys,Capitol,8,30,
1963,24,31,37,EVERY STEP OF THE WAY,Johnny Mathis,Columbia,4,31,
1963,24,32,29,COME AND GET THESE MEMORIES,Martha and the Vandellas,Gordy,11,29,
1963,24,33,45,MY SUMMER LOVE,Ruby and the Romantics,Kapp,5,33,
1963,24,34,27,PIPELINE,The Chantays,Dot,16,4,
1963,24,35,31,LET’S GO STEADY AGAIN,Neil Sedaka,RCA Victor,8,26,
1963,24,36,47,POOR LITTLE RICH GIRL,Steve Lawrence,Columbia,4,36,
1963,24,37,52,PRIDE AND JOY,Marvin Gaye,Tamla,5,37,
1963,24,38,34,KILLER JOE,The Rocky Fellers,Scepter,13,16,
1963,24,39,54,ON TOP OF SPAGHETTI,Tom Glazer and the Do-Re-Mi Children’s Chorus,Kapp,3,39,
1963,24,40,40,THE BOUNCE,The Olympics,Tri Disc,8,40,
1963,24,45,26,REVEREND MR. BLACK,The Kingston Trio,Capitol,11,8,
1963,24,47,28,PUFF THE MAGIC DRAGON,"Peter, Paul and Mary",Warner Brothers,14,2,
1963,24,65,33,AIN’T THAT A SHAME,The Four Seasons Featuring Frankie Valli,Vee-Jay,9,22,
1963,24,41,44,I’M SAVING MY LOVE,Skeeter Davis,RCA Victor,6,41,
1963,24,42,55,FIRST QUARREL,Paul and Paula,Philips,3,42,
1963,24,43,41,WHAT A GUY,The Raindrops,Jubilee,8,41,
1963,24,44,48,SWEET DREAMS (Of You),Patsy Cline,Decca,9,44,
1963,24,46,50,SHAKE A HAND,Jackie Wilson and Linda Hopkins,Brunswick,4,46,
1963,24,48,59,RING OF FIRE,Johnny Cash,Columbia,3,48,
1963,24,49,49,LITTLE LATIN LUPE LU,The Righteous Brothers,Moonglow,6,49,
1963,24,50,81,EASIER SAID THAN DONE,The Essex,Roulette,2,50,
1963,25,1,1,SUKIYAKI,Kyu Sakamoto,Capitol,7,1,2 weeks at #1
1963,25,2,2,IT’S MY PARTY,Lesley Gore,Mercury,7,1,
1963,25,3,9,HELLO STRANGER,Barbara Lewis,Atlantic,8,3,
1963,25,4,3,YOU CAN’T SIT DOWN,The Dovells,Parkway,9,3,
1963,25,5,6,BLUE ON BLUE,Bobby Vinton,Epic,6,5,
1963,25,6,4,DA DOO RON RON (When He Walked Me Home),The Crystals,Philles,9,3,
1963,25,7,7,THOSE LAZY-HAZY-CRAZY DAYS OF SUMMER,Nat King Cole,Capitol,7,7,
1963,25,8,8,STILL,Bill Anderson,Decca,11,8,
1963,25,9,5,I LOVE YOU BECAUSE,Al Martino,Capitol,12,3,
1963,25,10,17,ONE FINE DAY,The Chiffons,Laurie,4,10,
1963,25,11,10,18 YELLOW ROSES,Bobby Darin,Capitol,7,10,
1963,25,12,14,BIRDLAND,Chubby Checker,Parkway,6,12,
1963,25,13,12,IF YOU WANNA BE HAPPY,Jimmy Soul,S.P.Q.R.,13,1,
1963,25,14,11,TWO FACES HAVE I,Lou Christie,Roulette,13,6,
1963,25,15,50,EASIER SAID THAN DONE,The Essex,Roulette,3,15,
1963,25,16,13,SURFIN’ U.S.A.,The Beach Boys,Capitol,14,3,
1963,25,17,25,WILDWOOD DAYS,Bobby Rydell,Cameo,7,17,
1963,25,18,20,THE GOOD LIFE,Tony Bennett,Columbia,7,18,
1963,25,19,18,PRISONER OF LOVE,James Brown and the Famous Flames,King,10,18,
1963,25,20,68,SURF CITY,Jan and Dean,Liberty,2,20,
1963,25,21,16,ANOTHER SATURDAY NIGHT,Sam Cooke,RCA Victor,10,10,
1963,25,22,33,MY SUMMER LOVE,Ruby and the Romantics,Kapp,6,22,
1963,25,23,30,SHUT DOWN,The Beach Boys,Capitol,9,23,
1963,25,24,26,IF MY PILLOW COULD TALK,Connie Francis,MGM,6,24,
1963,25,25,57,MEMPHIS,Lonnie Mack,Fraternity,3,25,
1963,25,26,28,STRING ALONG,Rick Nelson,Decca,5,26,
1963,25,27,58,"TIE ME KANGAROO DOWN, SPORT",Rolf Harris,Epic,3,27,
1963,25,28,24,THE LOVE OF MY MAN,Theola Kilgore,Serock,10,21,
1963,25,29,39,ON TOP OF SPAGHETTI,Tom Glazer and the Do-Re-Mi Children’s Chorus,Kapp,4,29,
1963,25,30,36,POOR LITTLE RICH GIRL,Steve Lawrence,Columbia,5,30,
1963,25,31,31,EVERY STEP OF THE WAY,Johnny Mathis,Columbia,5,31,
1963,25,32,42,FIRST QUARREL,Paul and Paula,Philips,4,32,
1963,25,33,55,SO MUCH IN LOVE,The Tymes,Parkway,4,33,
1963,25,34,32,COME AND GET THESE MEMORIES,Martha and the Vandellas,Gordy,12,29,
1963,25,35,37,PRIDE AND JOY,Marvin Gaye,Tamla,6,35,
1963,25,36,15,LOSING YOU,Brenda Lee,Decca,12,6,
1963,25,37,48,RING OF FIRE,Johnny Cash,Columbia,4,37,
1963,25,38,22,EL WATUSI,Ray Barretto,Tico,9,17,
1963,25,39,19,HOT PASTRAMI,The Dartells,Dot,11,11,
1963,25,40,59,FALLING,Roy Orbison,Monument,3,40,
1963,25,41,29,PUSHOVER,Etta James,Argo,10,25,
1963,25,44,21,FOOLISH LITTLE GIRL,The Shirelles,Scepter,14,4,
1963,25,45,40,THE BOUNCE,The Olympics,Tri Disc,9,40,
1963,25,50,23,TAKE THESE CHAINS FROM MY HEART,Ray Charles,ABC-Paramount,11,8,
1963,25,53,35,LET’S GO STEADY AGAIN,Neil Sedaka,RCA Victor,9,26,
1963,25,58,27,I WILL FOLLOW HIM,Little Peggy March,RCA Victor,14,1,
1963,25,42,46,SHAKE A HAND,Jackie Wilson and Linda Hopkins,Brunswick,5,42,
1963,25,43,53,I WISH I WERE A PRINCESS,Little Peggy March,RCA Victor,4,43,
1963,25,46,41,I’M SAVING MY LOVE,Skeeter Davis,RCA Victor,7,41,
1963,25,47,51,YOUR OLD STAND BY,Mary Wells,Motown,5,47,
1963,25,48,54,SWINGING ON A STAR,Big Dee Irwin (with Little Eva),Dimension,5,48,
1963,25,49,44,SWEET DREAMS (Of You),Patsy Cline,Decca,10,44,
1963,26,1,1,SUKIYAKI,Kyu Sakamoto,Capitol,8,1,3 weeks at #1
1963,26,2,2,IT’S MY PARTY,Lesley Gore,Mercury,8,1,
1963,26,3,3,HELLO STRANGER,Barbara Lewis,Atlantic,9,3,
1963,26,4,5,BLUE ON BLUE,Bobby Vinton,Epic,7,4,
1963,26,5,15,EASIER SAID THAN DONE,The Essex,Roulette,4,5,
1963,26,6,7,THOSE LAZY-HAZY-CRAZY DAYS OF SUMMER,Nat King Cole,Capitol,8,6,
1963,26,7,10,ONE FINE DAY,The Chiffons,Laurie,5,7,
1963,26,8,4,YOU CAN’T SIT DOWN,The Dovells,Parkway,10,3,
1963,26,9,25,MEMPHIS,Lonnie Mack,Fraternity,4,9,
1963,26,10,20,SURF CITY,Jan and Dean,Liberty,3,10,
1963,26,11,6,DA DOO RON RON (When He Walked Me Home),The Crystals,Philles,10,3,
1963,26,12,12,BIRDLAND,Chubby Checker,Parkway,7,12,
1963,26,13,33,SO MUCH IN LOVE,The Tymes,Parkway,5,13,
1963,26,14,27,"TIE ME KANGAROO DOWN, SPORT",Rolf Harris,Epic,4,14,
1963,26,15,8,STILL,Bill Anderson,Decca,12,8,
1963,26,16,11,18 YELLOW ROSES,Bobby Darin,Capitol,8,10,
1963,26,17,16,SURFIN’ U.S.A.,The Beach Boys,Capitol,15,3,
1963,26,18,22,MY SUMMER LOVE,Ruby and the Romantics,Kapp,7,18,
1963,26,19,9,I LOVE YOU BECAUSE,Al Martino,Capitol,13,3,
1963,26,20,29,ON TOP OF SPAGHETTI,Tom Glazer and the Do-Re-Mi Children’s Chorus,Kapp,5,20,
1963,26,21,17,WILDWOOD DAYS,Bobby Rydell,Cameo,8,17,
1963,26,22,18,THE GOOD LIFE,Tony Bennett,Columbia,8,18,
1963,26,23,24,IF MY PILLOW COULD TALK,Connie Francis,MGM,7,23,
1963,26,24,35,PRIDE AND JOY,Marvin Gaye,Tamla,7,24,
1963,26,25,26,STRING ALONG,Rick Nelson,Decca,6,25,
1963,26,26,14,TWO FACES HAVE I,Lou Christie,Roulette,14,6,
1963,26,27,30,POOR LITTLE RICH GIRL,Steve Lawrence,Columbia,6,27,
1963,26,28,32,FIRST QUARREL,Paul and Paula,Philips,5,28,
1963,26,29,23,SHUT DOWN,The Beach Boys,Capitol,10,23,
1963,26,30,31,EVERY STEP OF THE WAY,Johnny Mathis,Columbia,6,30,
1963,26,31,34,COME AND GET THESE MEMORIES,Martha and the Vandellas,Gordy,13,29,
1963,26,32,51,HARRY THE HAIRY APE,Ray Stevens,Mercury,3,32,
1963,26,33,13,IF YOU WANNA BE HAPPY,Jimmy Soul,S.P.Q.R.,14,1,
1963,26,34,40,FALLING,Roy Orbison,Monument,4,34,
1963,26,35,37,RING OF FIRE,Johnny Cash,Columbia,5,35,
1963,26,36,43,I WISH I WERE A PRINCESS,Little Peggy March,RCA Victor,5,36,
1963,26,37,19,PRISONER OF LOVE,James Brown and the Famous Flames,King,11,18,
1963,26,38,21,ANOTHER SATURDAY NIGHT,Sam Cooke,RCA Victor,11,10,
1963,26,39,72,DETROIT CITY,Bobby Bare,RCA Victor,3,39,
1963,26,40,28,THE LOVE OF MY MAN,Theola Kilgore,Serock,11,21,
1963,26,41,36,LOSING YOU,Brenda Lee,Decca,13,6,
1963,26,42,42,SHAKE A HAND,Jackie Wilson and Linda Hopkins,Brunswick,6,42,
1963,26,43,69,NOT ME,The Orlons,Cameo,3,43,
1963,26,44,47,YOUR OLD STAND BY,Mary Wells,Motown,6,44,
1963,26,45,48,SWINGING ON A STAR,Big Dee Irwin (with Little Eva),Dimension,6,45,
1963,26,46,63,(I Love You) DON’T YOU FORGET IT,Perry Como,RCA Victor,5,46,
1963,26,47,62,WITHOUT LOVE (There Is Nothing),Ray Charles,ABC-Paramount,2,47,
1963,26,48,52,OLD SMOKEY LOCOMOTION,Little Eva,Dimension,5,48,
1963,26,49,66,JUST ONE LOOK,Doris Troy,Atlantic,4,49,
1963,26,50,54,GOODNIGHT MY LOVE,The Fleetwoods,Dolton,5,50,
1963,27,1,5,EASIER SAID THAN DONE,The Essex,Roulette,5,1,1 week at #1
1963,27,2,1,SUKIYAKI,Kyu Sakamoto,Capitol,9,1,
1963,27,3,4,BLUE ON BLUE,Bobby Vinton,Epic,8,3,
1963,27,4,3,HELLO STRANGER,Barbara Lewis,Atlantic,10,3,
1963,27,5,2,IT’S MY PARTY,Lesley Gore,Mercury,9,1,
1963,27,6,7,ONE FINE DAY,The Chiffons,Laurie,6,6,
1963,27,7,10,SURF CITY,Jan and Dean,Liberty,4,7,
1963,27,8,9,MEMPHIS,Lonnie Mack,Fraternity,5,8,
1963,27,9,13,SO MUCH IN LOVE,The Tymes,Parkway,6,9,
1963,27,10,14,"TIE ME KANGAROO DOWN, SPORT",Rolf Harris,Epic,5,10,
1963,27,11,8,YOU CAN’T SIT DOWN,The Dovells,Parkway,11,3,
1963,27,12,6,THOSE LAZY-HAZY-CRAZY DAYS OF SUMMER,Nat King Cole,Capitol,9,6,
1963,27,13,11,DA DOO RON RON (When He Walked Me Home),The Crystals,Philles,11,3,
1963,27,14,20,ON TOP OF SPAGHETTI,Tom Glazer and the Do-Re-Mi Children’s Chorus,Kapp,6,14,
1963,27,15,24,PRIDE AND JOY,Marvin Gaye,Tamla,8,15,
1963,27,16,18,MY SUMMER LOVE,Ruby and the Romantics,Kapp,8,16,
1963,27,17,51,WIPE OUT,The Surfaris,Dot,3,17,
1963,27,18,58,FINGERTIPS (Part 2),Little Stevie Wonder,Tamla,3,18,
1963,27,19,15,STILL,Bill Anderson,Decca,13,8,
1963,27,20,43,NOT ME,The Orlons,Cameo,4,20,
1963,27,21,32,HARRY THE HAIRY APE,Ray Stevens,Mercury,4,21,
1963,27,22,12,BIRDLAND,Chubby Checker,Parkway,8,12,
1963,27,23,34,FALLING,Roy Orbison,Monument,5,23,
1963,27,24,35,RING OF FIRE,Johnny Cash,Columbia,6,24,
1963,27,25,25,STRING ALONG,Rick Nelson,Decca,7,25,
1963,27,26,16,18 YELLOW ROSES,Bobby Darin,Capitol,9,10,
1963,27,27,28,FIRST QUARREL,Paul and Paula,Philips,6,27,
1963,27,28,49,JUST ONE LOOK,Doris Troy,Atlantic,5,28,
1963,27,29,31,COME AND GET THESE MEMORIES,Martha and the Vandellas,Gordy,14,29,
1963,27,30,19,I LOVE YOU BECAUSE,Al Martino,Capitol,14,3,
1963,27,31,29,SHUT DOWN,The Beach Boys,Capitol,11,23,
1963,27,32,39,DETROIT CITY,Bobby Bare,RCA Victor,4,32,
1963,27,33,36,I WISH I WERE A PRINCESS,Little Peggy March,RCA Victor,6,33,
1963,27,34,23,IF MY PILLOW COULD TALK,Connie Francis,MGM,8,23,
1963,27,35,60,NO ONE,Ray Charles,ABC-Paramount,3,35,
1963,27,36,17,SURFIN’ U.S.A.,The Beach Boys,Capitol,16,3,
1963,27,37,47,WITHOUT LOVE (There Is Nothing),Ray Charles,ABC-Paramount,3,37,
1963,27,38,54,HOPELESS,Andy Williams,Columbia,3,38,
1963,27,39,22,THE GOOD LIFE,Tony Bennett,Columbia,9,18,
1963,27,40,44,YOUR OLD STAND BY,Mary Wells,Motown,7,40,
1963,27,41,21,WILDWOOD DAYS,Bobby Rydell,Cameo,9,17,
1963,27,43,27,POOR LITTLE RICH GIRL,Steve Lawrence,Columbia,7,27,
1963,27,47,30,EVERY STEP OF THE WAY,Johnny Mathis,Columbia,7,30,
1963,27,50,26,TWO FACES HAVE I,Lou Christie,Roulette,15,6,
1963,27,59,40,THE LOVE OF MY MAN,Theola Kilgore,Serock,12,21,
1963,27,42,59,MY TRUE CONFESSION,Brook Benton,Mercury,4,42,
1963,27,44,45,SWINGING ON A STAR,Big Dee Irwin (with Little Eva),Dimension,7,44,
1963,27,45,46,(I Love You) DON’T YOU FORGET IT,Perry Como,RCA Victor,6,45,
1963,27,46,52,DON’T SAY GOODNIGHT AND MEAN GOODBYE,The Shirelles,Scepter,4,46,
1963,27,48,50,GOODNIGHT MY LOVE,The Fleetwoods,Dolton,6,48,
1963,27,49,84,(You’re the) DEVIL IN DISGUISE,Elvis Presley,RCA Victor,2,49,
1963,28,1,1,EASIER SAID THAN DONE,The Essex,Roulette,6,1,2 weeks at #1
1963,28,2,7,SURF CITY,Jan and Dean,Liberty,5,2,
1963,28,3,10,"TIE ME KANGAROO DOWN, SPORT",Rolf Harris,Epic,6,3,
1963,28,4,9,SO MUCH IN LOVE,The Tymes,Parkway,7,4,
1963,28,5,6,ONE FINE DAY,The Chiffons,Laurie,7,5,
1963,28,6,2,SUKIYAKI,Kyu Sakamoto,Capitol,10,1,
1963,28,7,8,MEMPHIS,Lonnie Mack,Fraternity,6,7,
1963,28,8,3,BLUE ON BLUE,Bobby Vinton,Epic,9,3,
1963,28,9,4,HELLO STRANGER,Barbara Lewis,Atlantic,11,3,
1963,28,10,17,WIPE OUT,The Surfaris,Dot,4,10,
1963,28,11,18,FINGERTIPS (Part 2),Little Stevie Wonder,Tamla,4,11,
1963,28,12,5,IT’S MY PARTY,Lesley Gore,Mercury,10,1,
1963,28,13,15,PRIDE AND JOY,Marvin Gaye,Tamla,9,13,
1963,28,14,14,ON TOP OF SPAGHETTI,Tom Glazer and the Do-Re-Mi Children’s Chorus,Kapp,7,14,
1963,28,15,20,NOT ME,The Orlons,Cameo,5,15,
1963,28,16,49,(You’re the) DEVIL IN DISGUISE,Elvis Presley,RCA Victor,3,16,
1963,28,17,21,HARRY THE HAIRY APE,Ray Stevens,Mercury,5,17,
1963,28,18,12,THOSE LAZY-HAZY-CRAZY DAYS OF SUMMER,Nat King Cole,Capitol,10,6,
1963,28,19,11,YOU CAN’T SIT DOWN,The Dovells,Parkway,12,3,
1963,28,20,28,JUST ONE LOOK,Doris Troy,Atlantic,6,20,
1963,28,21,16,MY SUMMER LOVE,Ruby and the Romantics,Kapp,9,16,
1963,28,22,23,FALLING,Roy Orbison,Monument,6,22,
1963,28,23,24,RING OF FIRE,Johnny Cash,Columbia,7,23,
1963,28,24,35,NO ONE,Ray Charles,ABC-Paramount,4,24,
1963,28,25,13,DA DOO RON RON (When He Walked Me Home),The Crystals,Philles,12,3,
1963,28,26,25,STRING ALONG,Rick Nelson,Decca,8,25,
1963,28,27,32,DETROIT CITY,Bobby Bare,RCA Victor,5,27,
1963,28,28,38,HOPELESS,Andy Williams,Columbia,4,28,
1963,28,29,19,STILL,Bill Anderson,Decca,14,8,
1963,28,30,27,FIRST QUARREL,Paul and Paula,Philips,7,27,
1963,28,31,42,MY TRUE CONFESSION,Brook Benton,Mercury,5,31,
1963,28,32,33,I WISH I WERE A PRINCESS,Little Peggy March,RCA Victor,7,32,
1963,28,33,31,SHUT DOWN,The Beach Boys,Capitol,12,23,
1963,28,34,64,BLOWIN’ IN THE WIND,"Peter, Paul and Mary",Warner Brothers,3,34,
1963,28,35,37,WITHOUT LOVE (There Is Nothing),Ray Charles,ABC-Paramount,4,35,
1963,28,36,46,DON’T SAY GOODNIGHT AND MEAN GOODBYE,The Shirelles,Scepter,5,36,
1963,28,37,30,I LOVE YOU BECAUSE,Al Martino,Capitol,15,3,
1963,28,38,44,SWINGING ON A STAR,Big Dee Irwin (with Little Eva),Dimension,8,38,
1963,28,39,22,BIRDLAND,Chubby Checker,Parkway,9,12,
1963,28,40,48,GOODNIGHT MY LOVE,The Fleetwoods,Dolton,7,40,
1963,28,42,29,COME AND GET THESE MEMORIES,Martha and the Vandellas,Gordy,15,29,
1963,28,45,36,SURFIN’ U.S.A.,The Beach Boys,Capitol,17,3,
1963,28,53,39,THE GOOD LIFE,Tony Bennett,Columbia,10,18,
1963,28,56,40,YOUR OLD STAND BY,Mary Wells,Motown,8,40,
1963,28,61,26,18 YELLOW ROSES,Bobby Darin,Capitol,10,10,
1963,28,69,34,IF MY PILLOW COULD TALK,Connie Francis,MGM,9,23,
1963,28,41,45,(I Love You) DON’T YOU FORGET IT,Perry Como,RCA Victor,7,41,
1963,28,43,53,BE TRUE TO YOURSELF,Bobby Vee,Liberty,4,43,
1963,28,44,54,SIX DAYS ON THE ROAD,Dave Dudley,Golden Wing,6,44,
1963,28,46,55,DENISE,Randy and the Rainbows,Rust,5,46,
1963,28,47,61,HOOTENANNY,The Glencoves,Select,5,47,
1963,28,48,52,COME GO WITH ME,Dion,Laurie,5,48,
1963,28,49,65,TILL THEN,The Classics,Musicnote,4,49,
1963,28,50,60,SUMMER’S COMIN’,Kirby St. Romain,Inette,5,50,
1963,29,1,2,SURF CITY,Jan and Dean,Liberty,6,1,1 week at #1
1963,29,2,1,EASIER SAID THAN DONE,The Essex,Roulette,7,1,
1963,29,3,4,SO MUCH IN LOVE,The Tymes,Parkway,8,3,
1963,29,4,3,"TIE ME KANGAROO DOWN, SPORT",Rolf Harris,Epic,7,3,
1963,29,5,7,MEMPHIS,Lonnie Mack,Fraternity,7,5,
1963,29,6,11,FINGERTIPS (Part 2),Little Stevie Wonder,Tamla,5,6,
1963,29,7,10,WIPE OUT,The Surfaris,Dot,5,7,
1963,29,8,6,SUKIYAKI,Kyu Sakamoto,Capitol,11,1,
1963,29,9,16,(You’re the) DEVIL IN DISGUISE,Elvis Presley,RCA Victor,4,9,
1963,29,10,13,PRIDE AND JOY,Marvin Gaye,Tamla,10,10,
1963,29,11,8,BLUE ON BLUE,Bobby Vinton,Epic,10,3,
1963,29,12,5,ONE FINE DAY,The Chiffons,Laurie,8,5,
1963,29,13,15,NOT ME,The Orlons,Cameo,6,13,
1963,29,14,34,BLOWIN’ IN THE WIND,"Peter, Paul and Mary",Warner Brothers,4,14,
1963,29,15,20,JUST ONE LOOK,Doris Troy,Atlantic,7,15,
1963,29,16,9,HELLO STRANGER,Barbara Lewis,Atlantic,12,3,
1963,29,17,17,HARRY THE HAIRY APE,Ray Stevens,Mercury,6,17,
1963,29,18,28,HOPELESS,Andy Williams,Columbia,5,18,
1963,29,19,12,IT’S MY PARTY,Lesley Gore,Mercury,11,1,
1963,29,20,23,RING OF FIRE,Johnny Cash,Columbia,8,20,
1963,29,21,24,NO ONE,Ray Charles,ABC-Paramount,5,21,
1963,29,22,14,ON TOP OF SPAGHETTI,Tom Glazer and the Do-Re-Mi Children’s Chorus,Kapp,8,14,
1963,29,23,52,JUDY’S TURN TO CRY,Lesley Gore,Mercury,3,23,
1963,29,24,27,DETROIT CITY,Bobby Bare,RCA Victor,6,24,
1963,29,25,31,MY TRUE CONFESSION,Brook Benton,Mercury,6,25,
1963,29,26,22,FALLING,Roy Orbison,Monument,7,22,
1963,29,27,19,YOU CAN’T SIT DOWN,The Dovells,Parkway,13,3,
1963,29,28,21,MY SUMMER LOVE,Ruby and the Romantics,Kapp,10,16,
1963,29,29,35,WITHOUT LOVE (There Is Nothing),Ray Charles,ABC-Paramount,5,29,
1963,29,30,54,CANDY GIRL,The Four Seasons,Vee-Jay,3,30,
1963,29,31,36,DON’T SAY GOODNIGHT AND MEAN GOODBYE,The Shirelles,Scepter,6,31,
1963,29,32,40,GOODNIGHT MY LOVE,The Fleetwoods,Dolton,8,32,
1963,29,33,18,THOSE LAZY-HAZY-CRAZY DAYS OF SUMMER,Nat King Cole,Capitol,11,6,
1963,29,34,43,BE TRUE TO YOURSELF,Bobby Vee,Liberty,5,34,
1963,29,35,49,TILL THEN,The Classics,Musicnote,5,35,
1963,29,36,29,STILL,Bill Anderson,Decca,15,8,
1963,29,37,44,SIX DAYS ON THE ROAD,Dave Dudley,Golden Wing,7,37,
1963,29,38,38,SWINGING ON A STAR,Big Dee Irwin (with Little Eva),Dimension,9,38,
1963,29,39,41,(I Love You) DON’T YOU FORGET IT,Perry Como,RCA Victor,8,39,
1963,29,40,51,ABILENE,George Hamilton IV,RCA Victor,5,40,
1963,29,41,33,SHUT DOWN,The Beach Boys,Capitol,13,23,
1963,29,45,26,STRING ALONG,Rick Nelson,Decca,9,25,
1963,29,48,30,FIRST QUARREL,Paul and Paula,Philips,8,27,
1963,29,56,25,DA DOO RON RON (When He Walked Me Home),The Crystals,Philles,13,3,
1963,29,60,37,I LOVE YOU BECAUSE,Al Martino,Capitol,16,3,
1963,29,42,46,DENISE,Randy and the Rainbows,Rust,6,42,
1963,29,43,47,HOOTENANNY,The Glencoves,Select,6,43,
1963,29,44,60,"GREEN, GREEN",The New Christy Minstrels,Columbia,4,44,
1963,29,46,58,BE CAREFUL OF STONES THAT YOU THROW,Dion,Columbia,3,46,
1963,29,47,59,ROCK ME IN THE CRADLE OF LOVE,Dee Dee Sharp,Cameo,4,47,
1963,29,49,50,SUMMER’S COMIN’,Kirby St. Romain,Inette,6,49,
1963,29,50,73,MORE,Kai Winding and Orchestra,Verve,3,50,
1963,30,1,1,SURF CITY,Jan and Dean,Liberty,7,1,2 weeks at #1
1963,30,2,3,SO MUCH IN LOVE,The Tymes,Parkway,9,2,
1963,30,3,6,FINGERTIPS (Part 2),Little Stevie Wonder,Tamla,6,3,
1963,30,4,2,EASIER SAID THAN DONE,The Essex,Roulette,8,1,
1963,30,5,7,WIPE OUT,The Surfaris,Dot,6,5,
1963,30,6,4,"TIE ME KANGAROO DOWN, SPORT",Rolf Harris,Epic,8,3,
1963,30,7,9,(You’re the) DEVIL IN DISGUISE,Elvis Presley,RCA Victor,5,7,
1963,30,8,14,BLOWIN’ IN THE WIND,"Peter, Paul and Mary",Warner Brothers,5,8,
1963,30,9,5,MEMPHIS,Lonnie Mack,Fraternity,8,5,
1963,30,10,15,JUST ONE LOOK,Doris Troy,Atlantic,8,10,
1963,30,11,23,JUDY’S TURN TO CRY,Lesley Gore,Mercury,4,11,
1963,30,12,13,NOT ME,The Orlons,Cameo,7,12,
1963,30,13,10,PRIDE AND JOY,Marvin Gaye,Tamla,11,10,
1963,30,14,8,SUKIYAKI,Kyu Sakamoto,Capitol,12,1,
1963,30,15,18,HOPELESS,Andy Williams,Columbia,6,15,
1963,30,16,30,CANDY GIRL,The Four Seasons,Vee-Jay,4,16,
1963,30,17,20,RING OF FIRE,Johnny Cash,Columbia,9,17,
1963,30,18,11,BLUE ON BLUE,Bobby Vinton,Epic,11,3,
1963,30,19,24,DETROIT CITY,Bobby Bare,RCA Victor,7,19,
1963,30,20,17,HARRY THE HAIRY APE,Ray Stevens,Mercury,7,17,
1963,30,21,21,NO ONE,Ray Charles,ABC-Paramount,6,21,
1963,30,22,25,MY TRUE CONFESSION,Brook Benton,Mercury,7,22,
1963,30,23,16,HELLO STRANGER,Barbara Lewis,Atlantic,13,3,
1963,30,24,35,TILL THEN,The Classics,Musicnote,6,24,
1963,30,25,12,ONE FINE DAY,The Chiffons,Laurie,9,5,
1963,30,26,31,DON’T SAY GOODNIGHT AND MEAN GOODBYE,The Shirelles,Scepter,7,26,
1963,30,27,19,IT’S MY PARTY,Lesley Gore,Mercury,12,1,
1963,30,28,50,MORE,Kai Winding and Orchestra,Verve,4,28,
1963,30,29,42,DENISE,Randy and the Rainbows,Rust,7,29,
1963,30,30,40,ABILENE,George Hamilton IV,RCA Victor,6,30,
1963,30,31,29,WITHOUT LOVE (There Is Nothing),Ray Charles,ABC-Paramount,6,29,
1963,30,32,32,GOODNIGHT MY LOVE,The Fleetwoods,Dolton,9,32,
1963,30,33,37,SIX DAYS ON THE ROAD,Dave Dudley,Golden Wing,8,33,
1963,30,34,44,"GREEN, GREEN",The New Christy Minstrels,Columbia,5,34,
1963,30,35,51,MY WHOLE WORLD IS FALLING DOWN,Brenda Lee,Decca,4,35,
1963,30,36,22,ON TOP OF SPAGHETTI,Tom Glazer and the Do-Re-Mi Children’s Chorus,Kapp,9,14,
1963,30,37,34,BE TRUE TO YOURSELF,Bobby Vee,Liberty,6,34,
1963,30,38,43,HOOTENANNY,The Glencoves,Select,7,38,
1963,30,39,46,BE CAREFUL OF STONES THAT YOU THROW,Dion,Columbia,4,39,
1963,30,40,53,I WONDER,Brenda Lee,Decca,3,40,
1963,30,42,28,MY SUMMER LOVE,Ruby and the Romantics,Kapp,11,16,
1963,30,43,38,SWINGING ON A STAR,Big Dee Irwin (with Little Eva),Dimension,10,38,
1963,30,45,39,(I Love You) DON’T YOU FORGET IT,Perry Como,RCA Victor,9,39,
1963,30,51,26,FALLING,Roy Orbison,Monument,8,22,
1963,30,53,33,THOSE LAZY-HAZY-CRAZY DAYS OF SUMMER,Nat King Cole,Capitol,12,6,
1963,30,54,27,YOU CAN’T SIT DOWN,The Dovells,Parkway,14,3,
1963,30,41,59,MOCKINGBIRD,Inez Foxx with Charlie Foxx,Symbol,6,41,
1963,30,44,47,ROCK ME IN THE CRADLE OF LOVE,Dee Dee Sharp,Cameo,5,44,
1963,30,46,55,I (Who Have Nothing),Ben E. King,Atco,5,46,
1963,30,47,57,DANKE SCHOEN,Wayne Newton,Capitol,3,47,
1963,30,48,52,TIPS OF MY FINGERS,Roy Clark,Capitol,5,48,
1963,30,49,63,TRUE LOVE NEVER RUNS SMOOTH,Gene Pitney,Musicor,4,49,
1963,30,50,66,MARLENA,The Four Seasons,Vee-Jay,3,50,
1963,31,1,2,SO MUCH IN LOVE,The Tymes,Parkway,10,1,1 week at #1
1963,31,2,3,FINGERTIPS (Part 2),Little Stevie Wonder,Tamla,7,2,
1963,31,3,1,SURF CITY,Jan and Dean,Liberty,8,1,
1963,31,4,7,(You’re the) DEVIL IN DISGUISE,Elvis Presley,RCA Victor,6,4,
1963,31,5,5,WIPE OUT,The Surfaris,Dot,7,5,
1963,31,6,8,BLOWIN’ IN THE WIND,"Peter, Paul and Mary",Warner Brothers,6,6,
1963,31,7,4,EASIER SAID THAN DONE,The Essex,Roulette,9,1,
1963,31,8,11,JUDY’S TURN TO CRY,Lesley Gore,Mercury,5,8,
1963,31,9,6,"TIE ME KANGAROO DOWN, SPORT",Rolf Harris,Epic,9,3,
1963,31,10,10,JUST ONE LOOK,Doris Troy,Atlantic,9,10,
1963,31,11,16,CANDY GIRL,The Four Seasons,Vee-Jay,5,11,
1963,31,12,9,MEMPHIS,Lonnie Mack,Fraternity,9,5,
1963,31,13,15,HOPELESS,Andy Williams,Columbia,7,13,
1963,31,14,13,PRIDE AND JOY,Marvin Gaye,Tamla,12,10,
1963,31,15,12,NOT ME,The Orlons,Cameo,8,12,
1963,31,16,19,DETROIT CITY,Bobby Bare,RCA Victor,8,16,
1963,31,17,17,RING OF FIRE,Johnny Cash,Columbia,10,17,
1963,31,18,14,SUKIYAKI,Kyu Sakamoto,Capitol,13,1,
1963,31,19,28,MORE,Kai Winding and Orchestra,Verve,5,19,
1963,31,20,24,TILL THEN,The Classics,Musicnote,7,20,
1963,31,21,34,"GREEN, GREEN",The New Christy Minstrels,Columbia,6,21,
1963,31,22,18,BLUE ON BLUE,Bobby Vinton,Epic,12,3,
1963,31,23,29,DENISE,Randy and the Rainbows,Rust,8,23,
1963,31,24,30,ABILENE,George Hamilton IV,RCA Victor,7,24,
1963,31,25,35,MY WHOLE WORLD IS FALLING DOWN,Brenda Lee,Decca,5,25,
1963,31,26,22,MY TRUE CONFESSION,Brook Benton,Mercury,8,22,
1963,31,27,41,MOCKINGBIRD,Inez Foxx with Charlie Foxx,Symbol,7,27,
1963,31,28,21,NO ONE,Ray Charles,ABC-Paramount,7,21,
1963,31,29,26,DON’T SAY GOODNIGHT AND MEAN GOODBYE,The Shirelles,Scepter,8,26,
1963,31,30,49,TRUE LOVE NEVER RUNS SMOOTH,Gene Pitney,Musicor,5,30,
1963,31,31,39,BE CAREFUL OF STONES THAT YOU THROW,Dion,Columbia,5,31,
1963,31,32,33,SIX DAYS ON THE ROAD,Dave Dudley,Golden Wing,9,32,
1963,31,33,40,I WONDER,Brenda Lee,Decca,4,33,
1963,31,34,20,HARRY THE HAIRY APE,Ray Stevens,Mercury,8,17,
1963,31,35,47,DANKE SCHOEN,Wayne Newton,Capitol,4,35,
1963,31,36,25,ONE FINE DAY,The Chiffons,Laurie,10,5,
1963,31,37,59,TWIST IT UP,Chubby Checker,Parkway,3,37,
1963,31,38,38,HOOTENANNY,The Glencoves,Select,8,38,
1963,31,39,32,GOODNIGHT MY LOVE,The Fleetwoods,Dolton,10,32,
1963,31,40,46,I (Who Have Nothing),Ben E. King,Atco,6,40,
1963,31,44,31,WITHOUT LOVE (There Is Nothing),Ray Charles,ABC-Paramount,7,29,
1963,31,47,23,HELLO STRANGER,Barbara Lewis,Atlantic,14,3,
1963,31,49,37,BE TRUE TO YOURSELF,Bobby Vee,Liberty,7,34,
1963,31,50,27,IT’S MY PARTY,Lesley Gore,Mercury,13,1,
1963,31,41,50,MARLENA,The Four Seasons,Vee-Jay,4,41,
1963,31,42,52,SHAKE SHAKE SHAKE,Jackie Wilson,Brunswick,4,42,
1963,31,43,44,ROCK ME IN THE CRADLE OF LOVE,Dee Dee Sharp,Cameo,6,43,
1963,31,46,48,TIPS OF MY FINGERS,Roy Clark,Capitol,6,46,
1963,31,48,62,THE MONKEY TIME,Major Lance,Okeh,4,48,
1963,32,1,2,FINGERTIPS (Part 2),Little Stevie Wonder,Tamla,8,1,1 week at #1
1963,32,2,5,WIPE OUT,The Surfaris,Dot,8,2,
1963,32,3,4,(You’re the) DEVIL IN DISGUISE,Elvis Presley,RCA Victor,7,3,
1963,32,4,6,BLOWIN’ IN THE WIND,"Peter, Paul and Mary",Warner Brothers,7,4,
1963,32,5,1,SO MUCH IN LOVE,The Tymes,Parkway,11,1,
1963,32,6,8,JUDY’S TURN TO CRY,Lesley Gore,Mercury,6,6,
1963,32,7,3,SURF CITY,Jan and Dean,Liberty,9,1,
1963,32,8,11,CANDY GIRL,The Four Seasons,Vee-Jay,6,8,
1963,32,9,7,EASIER SAID THAN DONE,The Essex,Roulette,10,1,
1963,32,10,19,MORE,Kai Winding and Orchestra,Verve,6,10,
1963,32,11,9,"TIE ME KANGAROO DOWN, SPORT",Rolf Harris,Epic,10,3,
1963,32,12,10,JUST ONE LOOK,Doris Troy,Atlantic,10,10,
1963,32,13,13,HOPELESS,Andy Williams,Columbia,8,13,
1963,32,14,12,MEMPHIS,Lonnie Mack,Fraternity,10,5,
1963,32,15,24,ABILENE,George Hamilton IV,RCA Victor,8,15,
1963,32,16,21,"GREEN, GREEN",The New Christy Minstrels,Columbia,7,16,
1963,32,17,45,"HELLO MUDDUH, HELLO FADDUH! (A Letter From Camp)",Allan Sherman,Warner Brothers,2,17,
1963,32,18,14,PRIDE AND JOY,Marvin Gaye,Tamla,13,10,
1963,32,19,17,RING OF FIRE,Johnny Cash,Columbia,11,17,
1963,32,20,16,DETROIT CITY,Bobby Bare,RCA Victor,9,16,
1963,32,21,23,DENISE,Randy and the Rainbows,Rust,9,21,
1963,32,22,27,MOCKINGBIRD,Inez Foxx with Charlie Foxx,Symbol,8,22,
1963,32,23,35,DANKE SCHOEN,Wayne Newton,Capitol,5,23,
1963,32,24,25,MY WHOLE WORLD IS FALLING DOWN,Brenda Lee,Decca,6,24,
1963,32,25,30,TRUE LOVE NEVER RUNS SMOOTH,Gene Pitney,Musicor,6,25,
1963,32,26,15,NOT ME,The Orlons,Cameo,9,12,
1963,32,27,20,TILL THEN,The Classics,Musicnote,8,20,
1963,32,28,33,I WONDER,Brenda Lee,Decca,5,28,
1963,32,29,58,IF I HAD A HAMMER,Trini Lopez,Reprise,3,29,
1963,32,30,37,TWIST IT UP,Chubby Checker,Parkway,4,30,
1963,32,31,75,MY BOYFRIEND’S BACK,The Angels,Smash,2,31,
1963,32,32,48,THE MONKEY TIME,Major Lance,Okeh,5,32,
1963,32,33,42,SHAKE SHAKE SHAKE,Jackie Wilson,Brunswick,5,33,
1963,32,34,31,BE CAREFUL OF STONES THAT YOU THROW,Dion,Columbia,6,31,
1963,32,35,40,I (Who Have Nothing),Ben E. King,Atco,7,35,
1963,32,36,41,MARLENA,The Four Seasons,Vee-Jay,5,36,
1963,32,37,18,SUKIYAKI,Kyu Sakamoto,Capitol,14,1,
1963,32,38,32,SIX DAYS ON THE ROAD,Dave Dudley,Golden Wing,10,32,
1963,32,39,52,MAKE THE WORLD GO AWAY,Timi Yuro,Liberty,4,39,
1963,32,40,54,"HEY, GIRL",Freddie Scott,Colpix,3,40,
1963,32,41,26,MY TRUE CONFESSION,Brook Benton,Mercury,9,22,
1963,32,44,39,GOODNIGHT MY LOVE,The Fleetwoods,Dolton,11,32,
1963,32,48,22,BLUE ON BLUE,Bobby Vinton,Epic,13,3,
1963,32,58,38,HOOTENANNY,The Glencoves,Select,9,38,
1963,32,59,28,NO ONE,Ray Charles,ABC-Paramount,8,21,
1963,32,62,29,DON’T SAY GOODNIGHT AND MEAN GOODBYE,The Shirelles,Scepter,9,26,
1963,32,67,34,HARRY THE HAIRY APE,Ray Stevens,Mercury,9,17,
1963,32,42,56,"PAINTED, TAINTED ROSE",Al Martino,Capitol,3,42,
1963,32,43,60,FRANKIE AND JOHNNY,Sam Cooke,RCA Victor,3,43,
1963,32,45,46,TIPS OF MY FINGERS,Roy Clark,Capitol,7,45,
1963,32,46,51,HOW MANY TEARDROPS,Lou Christie,Roulette,4,46,
1963,32,47,53,WHEN A BOY FALLS IN LOVE,Mel Carter,Derby,6,47,
1963,32,49,85,SURFER GIRL,The Beach Boys,Capitol,2,49,
1963,32,50,59,SURFIN’ HOOTENANNY,Al Casey,Stacy,5,50,
1963,33,1,1,FINGERTIPS (Part 2),Little Stevie Wonder,Tamla,9,1,2 weeks at #1
1963,33,2,4,BLOWIN’ IN THE WIND,"Peter, Paul and Mary",Warner Brothers,8,2,
1963,33,3,3,(You’re the) DEVIL IN DISGUISE,Elvis Presley,RCA Victor,8,3,
1963,33,4,2,WIPE OUT,The Surfaris,Dot,9,2,
1963,33,5,6,JUDY’S TURN TO CRY,Lesley Gore,Mercury,7,5,
1963,33,6,8,CANDY GIRL,The Four Seasons,Vee-Jay,7,6,
1963,33,7,17,"HELLO MUDDUH, HELLO FADDUH! (A Letter From Camp)",Allan Sherman,Warner Brothers,3,7,
1963,33,8,5,SO MUCH IN LOVE,The Tymes,Parkway,12,1,
1963,33,9,10,MORE,Kai Winding and Orchestra,Verve,7,9,
1963,33,10,31,MY BOYFRIEND’S BACK,The Angels,Smash,3,10,
1963,33,11,7,SURF CITY,Jan and Dean,Liberty,10,1,
1963,33,12,9,EASIER SAID THAN DONE,The Essex,Roulette,11,1,
1963,33,13,22,MOCKINGBIRD,Inez Foxx with Charlie Foxx,Symbol,9,13,
1963,33,14,16,"GREEN, GREEN",The New Christy Minstrels,Columbia,8,14,
1963,33,15,21,DENISE,Randy and the Rainbows,Rust,10,15,
1963,33,16,15,ABILENE,George Hamilton IV,RCA Victor,9,15,
1963,33,17,29,IF I HAD A HAMMER,Trini Lopez,Reprise,4,17,
1963,33,18,23,DANKE SCHOEN,Wayne Newton,Capitol,6,18,
1963,33,19,12,JUST ONE LOOK,Doris Troy,Atlantic,11,10,
1963,33,20,14,MEMPHIS,Lonnie Mack,Fraternity,11,5,
1963,33,21,40,"HEY, GIRL",Freddie Scott,Colpix,4,21,
1963,33,22,13,HOPELESS,Andy Williams,Columbia,9,13,
1963,33,23,25,TRUE LOVE NEVER RUNS SMOOTH,Gene Pitney,Musicor,7,23,
1963,33,24,24,MY WHOLE WORLD IS FALLING DOWN,Brenda Lee,Decca,7,24,
1963,33,25,28,I WONDER,Brenda Lee,Decca,6,25,
1963,33,26,32,THE MONKEY TIME,Major Lance,Okeh,6,26,
1963,33,27,30,TWIST IT UP,Chubby Checker,Parkway,5,27,
1963,33,28,49,SURFER GIRL,The Beach Boys,Capitol,3,28,
1963,33,29,20,DETROIT CITY,Bobby Bare,RCA Victor,10,16,
1963,33,30,19,RING OF FIRE,Johnny Cash,Columbia,12,17,
1963,33,31,39,MAKE THE WORLD GO AWAY,Timi Yuro,Liberty,5,31,
1963,33,32,11,"TIE ME KANGAROO DOWN, SPORT",Rolf Harris,Epic,11,3,
1963,33,33,43,FRANKIE AND JOHNNY,Sam Cooke,RCA Victor,4,33,
1963,33,34,51,HEAT WAVE,Martha and the Vandellas,Gordy,3,34,
1963,33,35,35,I (Who Have Nothing),Ben E. King,Atco,8,35,
1963,33,36,36,MARLENA,The Four Seasons,Vee-Jay,6,36,
1963,33,37,42,"PAINTED, TAINTED ROSE",Al Martino,Capitol,4,37,
1963,33,38,27,TILL THEN,The Classics,Musicnote,9,20,
1963,33,39,18,PRIDE AND JOY,Marvin Gaye,Tamla,14,10,
1963,33,40,26,NOT ME,The Orlons,Cameo,10,12,
1963,33,41,38,SIX DAYS ON THE ROAD,Dave Dudley,Golden Wing,11,32,
1963,33,42,33,SHAKE SHAKE SHAKE,Jackie Wilson,Brunswick,6,33,
1963,33,46,34,BE CAREFUL OF STONES THAT YOU THROW,Dion,Columbia,7,31,
1963,33,43,53,I WANT TO STAY HERE,Steve and Eydie,Columbia,5,43,
1963,33,44,54,WAIT TIL’ MY BOBBY GETS HOME,Darlene Love,Philles,5,44,
1963,33,45,45,TIPS OF MY FINGERS,Roy Clark,Capitol,8,45,
1963,33,47,47,WHEN A BOY FALLS IN LOVE,Mel Carter,Derby,7,47,
1963,33,48,50,SURFIN’ HOOTENANNY,Al Casey,Stacy,6,48,
1963,33,49,46,HOW MANY TEARDROPS,Lou Christie,Roulette,5,46,
1963,33,50,52,THE DREAMER,Neil Sedaka,RCA Victor,4,50,
1963,34,1,1,FINGERTIPS (Part 2),Little Stevie Wonder,Tamla,10,1,3 weeks at #1
1963,34,2,7,"HELLO MUDDUH, HELLO FADDUH! (A Letter From Camp)",Allan Sherman,Warner Brothers,4,2,
1963,34,3,6,CANDY GIRL,The Four Seasons,Vee-Jay,8,3,
1963,34,4,10,MY BOYFRIEND’S BACK,The Angels,Smash,4,4,
1963,34,5,5,JUDY’S TURN TO CRY,Lesley Gore,Mercury,8,5,
1963,34,6,2,BLOWIN’ IN THE WIND,"Peter, Paul and Mary",Warner Brothers,9,2,
1963,34,7,4,WIPE OUT,The Surfaris,Dot,10,2,
1963,34,8,9,MORE,Kai Winding and Orchestra,Verve,8,8,
1963,34,9,3,(You’re the) DEVIL IN DISGUISE,Elvis Presley,RCA Victor,9,3,
1963,34,10,15,DENISE,Randy and the Rainbows,Rust,11,10,
1963,34,11,17,IF I HAD A HAMMER,Trini Lopez,Reprise,5,11,
1963,34,12,13,MOCKINGBIRD,Inez Foxx with Charlie Foxx,Symbol,10,12,
1963,34,13,18,DANKE SCHOEN,Wayne Newton,Capitol,7,13,
1963,34,14,8,SO MUCH IN LOVE,The Tymes,Parkway,13,1,
1963,34,15,11,SURF CITY,Jan and Dean,Liberty,11,1,
1963,34,16,21,"HEY, GIRL",Freddie Scott,Colpix,5,16,
1963,34,17,14,"GREEN, GREEN",The New Christy Minstrels,Columbia,9,14,
1963,34,18,28,SURFER GIRL,The Beach Boys,Capitol,4,18,
1963,34,19,34,HEAT WAVE,Martha and the Vandellas,Gordy,4,19,
1963,34,20,26,THE MONKEY TIME,Major Lance,Okeh,7,20,
1963,34,21,23,TRUE LOVE NEVER RUNS SMOOTH,Gene Pitney,Musicor,8,21,
1963,34,22,33,FRANKIE AND JOHNNY,Sam Cooke,RCA Victor,5,22,
1963,34,23,37,"PAINTED, TAINTED ROSE",Al Martino,Capitol,5,23,
1963,34,24,20,MEMPHIS,Lonnie Mack,Fraternity,12,5,
1963,34,25,27,TWIST IT UP,Chubby Checker,Parkway,6,25,
1963,34,26,31,MAKE THE WORLD GO AWAY,Timi Yuro,Liberty,6,26,
1963,34,27,12,EASIER SAID THAN DONE,The Essex,Roulette,12,1,
1963,34,28,24,MY WHOLE WORLD IS FALLING DOWN,Brenda Lee,Decca,8,24,
1963,34,29,35,I (Who Have Nothing),Ben E. King,Atco,9,29,
1963,34,30,53,BLUE VELVET,Bobby Vinton,Epic,3,30,
1963,34,31,43,I WANT TO STAY HERE,Steve and Eydie,Columbia,6,31,
1963,34,32,16,ABILENE,George Hamilton IV,RCA Victor,10,15,
1963,34,33,44,WAIT TIL’ MY BOBBY GETS HOME,Darlene Love,Philles,6,33,
1963,34,34,22,HOPELESS,Andy Williams,Columbia,10,13,
1963,34,35,29,DETROIT CITY,Bobby Bare,RCA Victor,11,16,
1963,34,36,19,JUST ONE LOOK,Doris Troy,Atlantic,12,10,
1963,34,37,25,I WONDER,Brenda Lee,Decca,7,25,
1963,34,38,36,MARLENA,The Four Seasons,Vee-Jay,7,36,
1963,34,39,30,RING OF FIRE,Johnny Cash,Columbia,13,17,
1963,34,40,54,YOU CAN NEVER STOP ME LOVING YOU,Johnny Tillotson,Cadence,3,40,
1963,34,41,71,THEN HE KISSED ME,The Crystals,Philles,2,41,
1963,34,42,42,SHAKE SHAKE SHAKE,Jackie Wilson,Brunswick,7,33,
1963,34,43,62,MARTIAN HOP,The Ran-Dells,Chairman,4,43,
1963,34,44,64,THE KIND OF BOY YOU CAN’T FORGET,The Raindrops,Jubilee,3,44,
1963,34,45,47,WHEN A BOY FALLS IN LOVE,Mel Carter,Derby,8,45,
1963,34,46,51,DESERT PETE,The Kingston Trio,Capitol,4,46,
1963,34,47,50,THE DREAMER,Neil Sedaka,RCA Victor,5,47,
1963,34,48,52,IT HURTS TO BE SIXTEEN,Andrea Carroll,Big Top,6,48,
1963,34,49,69,DROWNIN’ MY SORROWS,Connie Francis,MGM,3,49,
1963,34,50,55,HEY THERE LONELY BOY,Ruby and the Romantics,Kapp,3,50,
1963,35,1,4,MY BOYFRIEND’S BACK,The Angels,Smash,5,1,1 week at #1
1963,35,2,2,"HELLO MUDDUH, HELLO FADDUH! (A Letter From Camp)",Allan Sherman,Warner Brothers,5,2,
1963,35,3,1,FINGERTIPS (Part 2),Little Stevie Wonder,Tamla,11,1,
1963,35,4,3,CANDY GIRL,The Four Seasons,Vee-Jay,9,3,
1963,35,5,6,BLOWIN’ IN THE WIND,"Peter, Paul and Mary",Warner Brothers,10,2,
1963,35,6,11,IF I HAD A HAMMER,Trini Lopez,Reprise,6,6,
1963,35,7,5,JUDY’S TURN TO CRY,Lesley Gore,Mercury,9,5,
1963,35,8,12,MOCKINGBIRD,Inez Foxx with Charlie Foxx,Symbol,11,8,
1963,35,9,8,MORE,Kai Winding and Orchestra,Verve,9,8,
1963,35,10,10,DENISE,Randy and the Rainbows,Rust,12,10,
1963,35,11,30,BLUE VELVET,Bobby Vinton,Epic,4,11,
1963,35,12,20,THE MONKEY TIME,Major Lance,Okeh,8,12,
1963,35,13,18,SURFER GIRL,The Beach Boys,Capitol,5,13,
1963,35,14,19,HEAT WAVE,Martha and the Vandellas,Gordy,5,14,
1963,35,15,16,"HEY, GIRL",Freddie Scott,Colpix,6,15,
1963,35,16,13,DANKE SCHOEN,Wayne Newton,Capitol,8,13,
1963,35,17,9,(You’re the) DEVIL IN DISGUISE,Elvis Presley,RCA Victor,10,3,
1963,35,18,7,WIPE OUT,The Surfaris,Dot,11,2,
1963,35,19,22,FRANKIE AND JOHNNY,Sam Cooke,RCA Victor,6,19,
1963,35,20,41,THEN HE KISSED ME,The Crystals,Philles,3,20,
1963,35,21,23,"PAINTED, TAINTED ROSE",Al Martino,Capitol,6,21,
1963,35,22,14,SO MUCH IN LOVE,The Tymes,Parkway,14,1,
1963,35,23,21,TRUE LOVE NEVER RUNS SMOOTH,Gene Pitney,Musicor,9,21,
1963,35,24,17,"GREEN, GREEN",The New Christy Minstrels,Columbia,10,14,
1963,35,25,15,SURF CITY,Jan and Dean,Liberty,12,1,
1963,35,26,26,MAKE THE WORLD GO AWAY,Timi Yuro,Liberty,7,26,
1963,35,27,33,WAIT TIL’ MY BOBBY GETS HOME,Darlene Love,Philles,7,27,
1963,35,28,25,TWIST IT UP,Chubby Checker,Parkway,7,25,
1963,35,29,31,I WANT TO STAY HERE,Steve and Eydie,Columbia,7,29,
1963,35,30,40,YOU CAN NEVER STOP ME LOVING YOU,Johnny Tillotson,Cadence,4,30,
1963,35,31,29,I (Who Have Nothing),Ben E. King,Atco,10,29,
1963,35,32,32,ABILENE,George Hamilton IV,RCA Victor,11,15,
1963,35,33,43,MARTIAN HOP,The Ran-Dells,Chairman,5,33,
1963,35,34,44,THE KIND OF BOY YOU CAN’T FORGET,The Raindrops,Jubilee,4,34,
1963,35,35,51,WONDERFUL! WONDERFUL!,The Tymes,Parkway,3,35,
1963,35,36,46,DESERT PETE,The Kingston Trio,Capitol,5,36,
1963,35,37,28,MY WHOLE WORLD IS FALLING DOWN,Brenda Lee,Decca,9,24,
1963,35,38,49,DROWNIN’ MY SORROWS,Connie Francis,MGM,4,38,
1963,35,39,59,MICKEY’S MONKEY,The Miracles,Tamla,3,39,
1963,35,40,50,HEY THERE LONELY BOY,Ruby and the Romantics,Kapp,4,40,
1963,35,41,27,EASIER SAID THAN DONE,The Essex,Roulette,13,1,
1963,35,42,38,MARLENA,The Four Seasons,Vee-Jay,8,36,
1963,35,46,35,DETROIT CITY,Bobby Bare,RCA Victor,12,16,
1963,35,47,36,JUST ONE LOOK,Doris Troy,Atlantic,13,10,
1963,35,48,24,MEMPHIS,Lonnie Mack,Fraternity,13,5,
1963,35,49,34,HOPELESS,Andy Williams,Columbia,11,13,
1963,35,64,37,I WONDER,Brenda Lee,Decca,8,25,
1963,35,43,53,PLEASE DON’T TALK TO THE LIFEGUARD,Diane Ray,Mercury,5,43,
1963,35,44,45,WHEN A BOY FALLS IN LOVE,Mel Carter,Derby,9,44,
1963,35,45,48,IT HURTS TO BE SIXTEEN,Andrea Carroll,Big Top,7,45,
1963,35,50,63,LITTLE DEUCE COUPE,The Beach Boys,Capitol,3,50,
1963,36,1,1,MY BOYFRIEND’S BACK,The Angels,Smash,6,1,2 weeks at #1
1963,36,2,2,"HELLO MUDDUH, HELLO FADDUH! (A Letter From Camp)",Allan Sherman,Warner Brothers,6,2,
1963,36,3,6,IF I HAD A HAMMER,Trini Lopez,Reprise,7,3,
1963,36,4,11,BLUE VELVET,Bobby Vinton,Epic,5,4,
1963,36,5,4,CANDY GIRL,The Four Seasons,Vee-Jay,10,3,
1963,36,6,14,HEAT WAVE,Martha and the Vandellas,Gordy,6,6,
1963,36,7,8,MOCKINGBIRD,Inez Foxx with Charlie Foxx,Symbol,12,7,
1963,36,8,12,THE MONKEY TIME,Major Lance,Okeh,9,8,
1963,36,9,5,BLOWIN’ IN THE WIND,"Peter, Paul and Mary",Warner Brothers,11,2,
1963,36,10,15,"HEY, GIRL",Freddie Scott,Colpix,7,10,
1963,36,11,3,FINGERTIPS (Part 2),Little Stevie Wonder,Tamla,12,1,
1963,36,12,13,SURFER GIRL,The Beach Boys,Capitol,6,12,
1963,36,13,10,DENISE,Randy and the Rainbows,Rust,13,10,
1963,36,14,19,FRANKIE AND JOHNNY,Sam Cooke,RCA Victor,7,14,
1963,36,15,20,THEN HE KISSED ME,The Crystals,Philles,4,15,
1963,36,16,16,DANKE SCHOEN,Wayne Newton,Capitol,9,13,
1963,36,17,9,MORE,Kai Winding and Orchestra,Verve,10,8,
1963,36,18,7,JUDY’S TURN TO CRY,Lesley Gore,Mercury,10,5,
1963,36,19,30,YOU CAN NEVER STOP ME LOVING YOU,Johnny Tillotson,Cadence,5,19,
1963,36,20,21,"PAINTED, TAINTED ROSE",Al Martino,Capitol,7,20,
1963,36,21,39,MICKEY’S MONKEY,The Miracles,Tamla,4,21,
1963,36,22,35,WONDERFUL! WONDERFUL!,The Tymes,Parkway,4,22,
1963,36,23,18,WIPE OUT,The Surfaris,Dot,12,2,
1963,36,24,26,MAKE THE WORLD GO AWAY,Timi Yuro,Liberty,8,24,
1963,36,25,24,"GREEN, GREEN",The New Christy Minstrels,Columbia,11,14,
1963,36,26,27,WAIT TIL’ MY BOBBY GETS HOME,Darlene Love,Philles,8,26,
1963,36,27,34,THE KIND OF BOY YOU CAN’T FORGET,The Raindrops,Jubilee,5,27,
1963,36,28,29,I WANT TO STAY HERE,Steve and Eydie,Columbia,8,28,
1963,36,29,63,"SALLY, GO ‘ROUND THE ROSES",The Jaynetts,Tuff,2,29,
1963,36,30,33,MARTIAN HOP,The Ran-Dells,Chairman,6,30,
1963,36,31,69,CRY BABY,Garnet Mimms and the Enchanters,United Artists,4,31,
1963,36,32,23,TRUE LOVE NEVER RUNS SMOOTH,Gene Pitney,Musicor,10,21,
1963,36,33,22,SO MUCH IN LOVE,The Tymes,Parkway,15,1,
1963,36,34,36,DESERT PETE,The Kingston Trio,Capitol,6,34,
1963,36,35,40,HEY THERE LONELY BOY,Ruby and the Romantics,Kapp,5,35,
1963,36,36,38,DROWNIN’ MY SORROWS,Connie Francis,MGM,5,36,
1963,36,37,43,PLEASE DON’T TALK TO THE LIFEGUARD,Diane Ray,Mercury,6,37,
1963,36,38,50,LITTLE DEUCE COUPE,The Beach Boys,Capitol,4,38,
1963,36,39,31,I (Who Have Nothing),Ben E. King,Atco,11,29,
1963,36,40,51,THE LONELY SURFER,Jack Nitzsche,Reprise,5,40,
1963,36,41,28,TWIST IT UP,Chubby Checker,Parkway,8,25,
1963,36,42,17,(You’re the) DEVIL IN DISGUISE,Elvis Presley,RCA Victor,11,3,
1963,36,44,25,SURF CITY,Jan and Dean,Liberty,13,1,
1963,36,47,32,ABILENE,George Hamilton IV,RCA Victor,12,15,
1963,36,43,74,PART TIME LOVE,Little Johnny Taylor,Galaxy,4,43,
1963,36,45,66,A WALKIN’ MIRACLE,The Essex Featuring Anita Humes,Roulette,3,45,
1963,36,46,62,ONLY IN AMERICA,Jay and the Americans,United Artists,4,46,
1963,36,48,59,WHY DON’T YOU BELIEVE ME,The Duprees,Coed,3,48,
1963,36,49,53,IT’S TOO LATE,Wilson Pickett,Double-L,7,49,
1963,36,50,54,STRAIGHTEN UP YOUR HEART,Barbara Lewis,Atlantic,4,50,
1963,37,1,1,MY BOYFRIEND’S BACK,The Angels,Smash,7,1,3 weeks at #1
1963,37,2,4,BLUE VELVET,Bobby Vinton,Epic,6,2,
1963,37,3,3,IF I HAD A HAMMER,Trini Lopez,Reprise,8,3,
1963,37,4,2,"HELLO MUDDUH, HELLO FADDUH! (A Letter From Camp)",Allan Sherman,Warner Brothers,7,2,
1963,37,5,6,HEAT WAVE,Martha and the Vandellas,Gordy,7,5,
1963,37,6,15,THEN HE KISSED ME,The Crystals,Philles,5,6,
1963,37,7,12,SURFER GIRL,The Beach Boys,Capitol,7,7,
1963,37,8,8,THE MONKEY TIME,Major Lance,Okeh,10,8,
1963,37,9,29,"SALLY, GO ‘ROUND THE ROSES",The Jaynetts,Tuff,3,9,
1963,37,10,7,MOCKINGBIRD,Inez Foxx with Charlie Foxx,Symbol,13,7,
1963,37,11,10,"HEY, GIRL",Freddie Scott,Colpix,8,10,
1963,37,12,5,CANDY GIRL,The Four Seasons,Vee-Jay,11,3,
1963,37,13,31,CRY BABY,Garnet Mimms and the Enchanters,United Artists,5,13,
1963,37,14,14,FRANKIE AND JOHNNY,Sam Cooke,RCA Victor,8,14,
1963,37,15,21,MICKEY’S MONKEY,The Miracles,Tamla,5,15,
1963,37,16,22,WONDERFUL! WONDERFUL!,The Tymes,Parkway,5,16,
1963,37,17,20,"PAINTED, TAINTED ROSE",Al Martino,Capitol,8,17,
1963,37,18,13,DENISE,Randy and the Rainbows,Rust,14,10,
1963,37,19,19,YOU CAN NEVER STOP ME LOVING YOU,Johnny Tillotson,Cadence,6,19,
1963,37,20,55,BE MY BABY,The Ronettes,Philles,3,20,
1963,37,21,9,BLOWIN’ IN THE WIND,"Peter, Paul and Mary",Warner Brothers,12,2,
1963,37,22,27,THE KIND OF BOY YOU CAN’T FORGET,The Raindrops,Jubilee,6,22,
1963,37,23,11,FINGERTIPS (Part 2),Little Stevie Wonder,Tamla,13,1,
1963,37,24,30,MARTIAN HOP,The Ran-Dells,Chairman,7,24,
1963,37,25,38,LITTLE DEUCE COUPE,The Beach Boys,Capitol,5,25,
1963,37,26,17,MORE,Kai Winding and Orchestra,Verve,11,8,
1963,37,27,24,MAKE THE WORLD GO AWAY,Timi Yuro,Liberty,9,24,
1963,37,28,16,DANKE SCHOEN,Wayne Newton,Capitol,10,13,
1963,37,29,45,A WALKIN’ MIRACLE,The Essex Featuring Anita Humes,Roulette,4,29,
1963,37,30,26,WAIT TIL’ MY BOBBY GETS HOME,Darlene Love,Philles,9,26,
1963,37,31,28,I WANT TO STAY HERE,Steve and Eydie,Columbia,9,28,
1963,37,32,35,HEY THERE LONELY BOY,Ruby and the Romantics,Kapp,6,32,
1963,37,33,34,DESERT PETE,The Kingston Trio,Capitol,7,33,
1963,37,34,37,PLEASE DON’T TALK TO THE LIFEGUARD,Diane Ray,Mercury,7,34,
1963,37,35,43,PART TIME LOVE,Little Johnny Taylor,Galaxy,5,35,
1963,37,36,36,DROWNIN’ MY SORROWS,Connie Francis,MGM,6,36,
1963,37,37,18,JUDY’S TURN TO CRY,Lesley Gore,Mercury,11,5,
1963,37,38,66,BUSTED,Ray Charles,ABC-Paramount,2,38,
1963,37,39,40,THE LONELY SURFER,Jack Nitzsche,Reprise,6,39,
1963,37,40,48,WHY DON’T YOU BELIEVE ME,The Duprees,Coed,4,40,
1963,37,41,23,WIPE OUT,The Surfaris,Dot,13,2,
1963,37,43,25,"GREEN, GREEN",The New Christy Minstrels,Columbia,12,14,
1963,37,45,32,TRUE LOVE NEVER RUNS SMOOTH,Gene Pitney,Musicor,11,21,
1963,37,47,39,I (Who Have Nothing),Ben E. King,Atco,12,29,
1963,37,42,46,ONLY IN AMERICA,Jay and the Americans,United Artists,5,42,
1963,37,44,56,WHAM!,Lonnie Mack,Fraternity,4,44,
1963,37,46,50,STRAIGHTEN UP YOUR HEART,Barbara Lewis,Atlantic,5,46,
1963,37,48,53,"QUE SERA, SERA (Whatever Will Be, Will Be)",The High Keyes,Atco,8,48,
1963,37,49,54,MORE,Vic Dana,Dolton,6,49,
1963,37,50,47,ABILENE,George Hamilton IV,RCA Victor,13,15,
1963,38,1,2,BLUE VELVET,Bobby Vinton,Epic,7,1,1 week at #1
1963,38,2,1,MY BOYFRIEND’S BACK,The Angels,Smash,8,1,
1963,38,3,3,IF I HAD A HAMMER,Trini Lopez,Reprise,9,3,
1963,38,4,5,HEAT WAVE,Martha and the Vandellas,Gordy,8,4,
1963,38,5,9,"SALLY, GO ‘ROUND THE ROSES",The Jaynetts,Tuff,4,5,
1963,38,6,6,THEN HE KISSED ME,The Crystals,Philles,6,6,
1963,38,7,7,SURFER GIRL,The Beach Boys,Capitol,8,7,
1963,38,8,15,MICKEY’S MONKEY,The Miracles,Tamla,6,8,
1963,38,9,4,"HELLO MUDDUH, HELLO FADDUH! (A Letter From Camp)",Allan Sherman,Warner Brothers,8,2,
1963,38,10,13,CRY BABY,Garnet Mimms and the Enchanters,United Artists,6,10,
1963,38,11,16,WONDERFUL! WONDERFUL!,The Tymes,Parkway,6,11,
1963,38,12,20,BE MY BABY,The Ronettes,Philles,4,12,
1963,38,13,8,THE MONKEY TIME,Major Lance,Okeh,11,8,
1963,38,14,29,A WALKIN’ MIRACLE,The Essex Featuring Anita Humes,Roulette,5,14,
1963,38,15,17,"PAINTED, TAINTED ROSE",Al Martino,Capitol,9,15,
1963,38,16,11,"HEY, GIRL",Freddie Scott,Colpix,9,10,
1963,38,17,10,MOCKINGBIRD,Inez Foxx with Charlie Foxx,Symbol,14,7,
1963,38,18,19,YOU CAN NEVER STOP ME LOVING YOU,Johnny Tillotson,Cadence,7,18,
1963,38,19,24,MARTIAN HOP,The Ran-Dells,Chairman,8,19,
1963,38,20,14,FRANKIE AND JOHNNY,Sam Cooke,RCA Victor,9,14,
1963,38,21,22,THE KIND OF BOY YOU CAN’T FORGET,The Raindrops,Jubilee,7,21,
1963,38,22,25,LITTLE DEUCE COUPE,The Beach Boys,Capitol,6,22,
1963,38,23,38,BUSTED,Ray Charles,ABC-Paramount,3,23,
1963,38,24,12,CANDY GIRL,The Four Seasons,Vee-Jay,12,3,
1963,38,25,18,DENISE,Randy and the Rainbows,Rust,15,10,
1963,38,26,35,PART TIME LOVE,Little Johnny Taylor,Galaxy,6,26,
1963,38,27,58,HONOLULU LULU,Jan and Dean,Liberty,3,27,
1963,38,28,21,BLOWIN’ IN THE WIND,"Peter, Paul and Mary",Warner Brothers,13,2,
1963,38,29,32,HEY THERE LONELY BOY,Ruby and the Romantics,Kapp,7,29,
1963,38,30,31,I WANT TO STAY HERE,Steve and Eydie,Columbia,10,28,
1963,38,31,34,PLEASE DON’T TALK TO THE LIFEGUARD,Diane Ray,Mercury,8,31,
1963,38,32,44,WHAM!,Lonnie Mack,Fraternity,5,32,
1963,38,33,23,FINGERTIPS (Part 2),Little Stevie Wonder,Tamla,14,1,
1963,38,34,26,MORE,Kai Winding and Orchestra,Verve,12,8,
1963,38,35,42,ONLY IN AMERICA,Jay and the Americans,United Artists,6,35,
1963,38,36,28,DANKE SCHOEN,Wayne Newton,Capitol,11,13,
1963,38,37,40,WHY DON’T YOU BELIEVE ME,The Duprees,Coed,5,37,
1963,38,38,27,MAKE THE WORLD GO AWAY,Timi Yuro,Liberty,10,24,
1963,38,39,33,DESERT PETE,The Kingston Trio,Capitol,8,33,
1963,38,40,52,I CAN’T STAY MAD AT YOU,Skeeter Davis,RCA Victor,3,40,
1963,38,42,39,THE LONELY SURFER,Jack Nitzsche,Reprise,7,39,
1963,38,49,30,WAIT TIL’ MY BOBBY GETS HOME,Darlene Love,Philles,10,26,
1963,38,62,36,DROWNIN’ MY SORROWS,Connie Francis,MGM,7,36,
1963,38,41,65,BUST OUT,The Busters,Arlen,3,41,
1963,38,43,46,STRAIGHTEN UP YOUR HEART,Barbara Lewis,Atlantic,6,43,
1963,38,44,55,BIRTHDAY PARTY,The Pixies Three,Mercury,6,44,
1963,38,45,49,MORE,Vic Dana,Dolton,7,45,
1963,38,46,54,TREAT MY BABY GOOD,Bobby Darin,Capitol,5,46,
1963,38,47,48,"QUE SERA, SERA (Whatever Will Be, Will Be)",The High Keyes,Atco,9,47,
1963,38,48,59,"HELLO HEARTACHE, GOODBYE LOVE",Little Peggy March,RCA Victor,3,48,
1963,38,50,71,MEAN WOMAN BLUES,Roy Orbison,Monument,3,50,
1963,39,1,1,BLUE VELVET,Bobby Vinton,Epic,8,1,2 weeks at #1
1963,39,2,5,"SALLY, GO ‘ROUND THE ROSES",The Jaynetts,Tuff,5,2,
1963,39,3,12,BE MY BABY,The Ronettes,Philles,5,3,
1963,39,4,4,HEAT WAVE,Martha and the Vandellas,Gordy,9,4,
1963,39,5,2,MY BOYFRIEND’S BACK,The Angels,Smash,9,1,
1963,39,6,6,THEN HE KISSED ME,The Crystals,Philles,7,6,
1963,39,7,11,WONDERFUL! WONDERFUL!,The Tymes,Parkway,7,7,
1963,39,8,8,MICKEY’S MONKEY,The Miracles,Tamla,7,8,
1963,39,9,10,CRY BABY,Garnet Mimms and the Enchanters,United Artists,7,9,
1963,39,10,3,IF I HAD A HAMMER,Trini Lopez,Reprise,10,3,
1963,39,11,7,SURFER GIRL,The Beach Boys,Capitol,9,7,
1963,39,12,14,A WALKIN’ MIRACLE,The Essex Featuring Anita Humes,Roulette,6,12,
1963,39,13,23,BUSTED,Ray Charles,ABC-Paramount,4,13,
1963,39,14,13,THE MONKEY TIME,Major Lance,Okeh,12,8,
1963,39,15,22,LITTLE DEUCE COUPE,The Beach Boys,Capitol,7,15,
1963,39,16,19,MARTIAN HOP,The Ran-Dells,Chairman,9,16,
1963,39,17,21,THE KIND OF BOY YOU CAN’T FORGET,The Raindrops,Jubilee,8,17,
1963,39,18,9,"HELLO MUDDUH, HELLO FADDUH! (A Letter From Camp)",Allan Sherman,Warner Brothers,9,2,
1963,39,19,65,SUGAR SHACK,Jimmy Gilmer and the Fireballs,Dot,2,19,
1963,39,20,27,HONOLULU LULU,Jan and Dean,Liberty,4,20,
1963,39,21,15,"PAINTED, TAINTED ROSE",Al Martino,Capitol,10,15,
1963,39,22,16,"HEY, GIRL",Freddie Scott,Colpix,10,10,
1963,39,23,18,YOU CAN NEVER STOP ME LOVING YOU,Johnny Tillotson,Cadence,8,18,
1963,39,24,26,PART TIME LOVE,Little Johnny Taylor,Galaxy,7,24,
1963,39,25,35,ONLY IN AMERICA,Jay and the Americans,United Artists,7,25,
1963,39,26,32,WHAM!,Lonnie Mack,Fraternity,6,26,
1963,39,27,29,HEY THERE LONELY BOY,Ruby and the Romantics,Kapp,8,27,
1963,39,28,17,MOCKINGBIRD,Inez Foxx with Charlie Foxx,Symbol,15,7,
1963,39,29,40,I CAN’T STAY MAD AT YOU,Skeeter Davis,RCA Victor,4,29,
1963,39,30,41,BUST OUT,The Busters,Arlen,4,30,
1963,39,31,57,TALK TO ME,Sunny and the Sunglows,Tear Drop,4,31,
1963,39,32,50,MEAN WOMAN BLUES,Roy Orbison,Monument,4,32,
1963,39,33,52,DONNA THE PRIMA DONNA,Dion DiMucci,Columbia,3,33,
1963,39,34,51,"DON’T THINK TWICE, IT’S ALL RIGHT","Peter, Paul and Mary",Warner Brothers,3,34,
1963,39,35,53,"THAT SUNDAY, THAT SUMMER",Nat King Cole,Capitol,5,35,
1963,39,36,28,BLOWIN’ IN THE WIND,"Peter, Paul and Mary",Warner Brothers,14,2,
1963,39,37,25,DENISE,Randy and the Rainbows,Rust,16,10,
1963,39,38,48,"HELLO HEARTACHE, GOODBYE LOVE",Little Peggy March,RCA Victor,4,38,
1963,39,39,37,WHY DON’T YOU BELIEVE ME,The Duprees,Coed,6,37,
1963,39,40,20,FRANKIE AND JOHNNY,Sam Cooke,RCA Victor,10,14,
1963,39,48,34,MORE,Kai Winding and Orchestra,Verve,13,8,
1963,39,49,31,PLEASE DON’T TALK TO THE LIFEGUARD,Diane Ray,Mercury,9,31,
1963,39,50,24,CANDY GIRL,The Four Seasons,Vee-Jay,13,3,
1963,39,51,30,I WANT TO STAY HERE,Steve and Eydie,Columbia,11,28,
1963,39,52,38,MAKE THE WORLD GO AWAY,Timi Yuro,Liberty,11,24,
1963,39,56,36,DANKE SCHOEN,Wayne Newton,Capitol,12,13,
1963,39,61,33,FINGERTIPS (Part 2),Little Stevie Wonder,Tamla,15,1,
1963,39,41,55,I’LL TAKE YOU HOME,The Drifters,Atlantic,4,41,
1963,39,42,45,MORE,Vic Dana,Dolton,8,42,
1963,39,43,44,BIRTHDAY PARTY,The Pixies Three,Mercury,7,43,
1963,39,44,46,TREAT MY BABY GOOD,Bobby Darin,Capitol,6,44,
1963,39,45,70,BLUE BAYOU,Roy Orbison,Monument,3,45,
1963,39,46,64,FOOLS RUSH IN,Rick Nelson,Decca,3,46,
1963,39,47,56,TWO TICKETS TO PARADISE,Brook Benton,Mercury,4,47,
1963,40,1,1,BLUE VELVET,Bobby Vinton,Epic,9,1,3 weeks at #1
1963,40,2,2,"SALLY, GO ‘ROUND THE ROSES",The Jaynetts,Tuff,6,2,
1963,40,3,3,BE MY BABY,The Ronettes,Philles,6,3,
1963,40,4,19,SUGAR SHACK,Jimmy Gilmer and the Fireballs,Dot,3,4,
1963,40,5,9,CRY BABY,Garnet Mimms and the Enchanters,United Artists,8,5,
1963,40,6,5,MY BOYFRIEND’S BACK,The Angels,Smash,10,1,
1963,40,7,7,WONDERFUL! WONDERFUL!,The Tymes,Parkway,8,7,
1963,40,8,4,HEAT WAVE,Martha and the Vandellas,Gordy,10,4,
1963,40,9,13,BUSTED,Ray Charles,ABC-Paramount,5,9,
1963,40,10,6,THEN HE KISSED ME,The Crystals,Philles,8,6,
1963,40,11,8,MICKEY’S MONKEY,The Miracles,Tamla,8,8,
1963,40,12,12,A WALKIN’ MIRACLE,The Essex Featuring Anita Humes,Roulette,7,12,
1963,40,13,20,HONOLULU LULU,Jan and Dean,Liberty,5,13,
1963,40,14,11,SURFER GIRL,The Beach Boys,Capitol,10,7,
1963,40,15,10,IF I HAD A HAMMER,Trini Lopez,Reprise,11,3,
1963,40,16,32,MEAN WOMAN BLUES,Roy Orbison,Monument,5,16,
1963,40,17,33,DONNA THE PRIMA DONNA,Dion DiMucci,Columbia,4,17,
1963,40,18,16,MARTIAN HOP,The Ran-Dells,Chairman,10,16,
1963,40,19,24,PART TIME LOVE,Little Johnny Taylor,Galaxy,8,19,
1963,40,20,15,LITTLE DEUCE COUPE,The Beach Boys,Capitol,8,15,
1963,40,21,34,"DON’T THINK TWICE, IT’S ALL RIGHT","Peter, Paul and Mary",Warner Brothers,4,21,
1963,40,22,14,THE MONKEY TIME,Major Lance,Okeh,13,8,
1963,40,23,29,I CAN’T STAY MAD AT YOU,Skeeter Davis,RCA Victor,5,23,
1963,40,24,26,WHAM!,Lonnie Mack,Fraternity,7,24,
1963,40,25,25,ONLY IN AMERICA,Jay and the Americans,United Artists,8,25,
1963,40,26,31,TALK TO ME,Sunny and the Sunglows,Tear Drop,5,26,
1963,40,27,30,BUST OUT,The Busters,Arlen,5,27,
1963,40,28,35,"THAT SUNDAY, THAT SUMMER",Nat King Cole,Capitol,6,28,
1963,40,29,17,THE KIND OF BOY YOU CAN’T FORGET,The Raindrops,Jubilee,9,17,
1963,40,30,21,"PAINTED, TAINTED ROSE",Al Martino,Capitol,11,15,
1963,40,31,38,"HELLO HEARTACHE, GOODBYE LOVE",Little Peggy March,RCA Victor,5,31,
1963,40,32,41,I’LL TAKE YOU HOME,The Drifters,Atlantic,5,32,
1963,40,33,58,DEEP PURPLE,Nino Tempo and April Stevens,Atco,4,33,
1963,40,34,46,FOOLS RUSH IN,Rick Nelson,Decca,4,34,
1963,40,35,22,"HEY, GIRL",Freddie Scott,Colpix,11,10,
1963,40,36,47,TWO TICKETS TO PARADISE,Brook Benton,Mercury,5,36,
1963,40,37,23,YOU CAN NEVER STOP ME LOVING YOU,Johnny Tillotson,Cadence,9,18,
1963,40,38,69,WASHINGTON SQUARE,The Village Stompers,Epic,3,38,
1963,40,39,28,MOCKINGBIRD,Inez Foxx with Charlie Foxx,Symbol,16,7,
1963,40,40,43,BIRTHDAY PARTY,The Pixies Three,Mercury,8,40,
1963,40,44,18,"HELLO MUDDUH, HELLO FADDUH! (A Letter From Camp)",Allan Sherman,Warner Brothers,10,2,
1963,40,45,27,HEY THERE LONELY BOY,Ruby and the Romantics,Kapp,9,27,
1963,40,47,40,FRANKIE AND JOHNNY,Sam Cooke,RCA Victor,11,14,
1963,40,49,36,BLOWIN’ IN THE WIND,"Peter, Paul and Mary",Warner Brothers,15,2,
1963,40,52,39,WHY DON’T YOU BELIEVE ME,The Duprees,Coed,7,37,
1963,40,55,37,DENISE,Randy and the Rainbows,Rust,17,10,
1963,40,41,45,BLUE BAYOU,Roy Orbison,Monument,4,41,
1963,40,42,42,MORE,Vic Dana,Dolton,9,42,
1963,40,43,44,TREAT MY BABY GOOD,Bobby Darin,Capitol,7,43,
1963,40,46,74,THE GRASS IS GREENER,Brenda Lee,Decca,2,46,
1963,40,48,59,A LOVE SO FINE,The Chiffons,Laurie,5,59,
1963,40,50,70,YOU LOST THE SWEETEST BOY,Mary Wells,Motown,2,50,
1963,41,1,4,SUGAR SHACK,Jimmy Gilmer and the Fireballs,Dot,4,1,1 week at #1
1963,41,2,3,BE MY BABY,The Ronettes,Philles,7,2,
1963,41,3,1,BLUE VELVET,Bobby Vinton,Epic,10,1,
1963,41,4,5,CRY BABY,Garnet Mimms and the Enchanters,United Artists,9,4,
1963,41,5,2,"SALLY, GO ‘ROUND THE ROSES",The Jaynetts,Tuff,7,2,
1963,41,6,9,BUSTED,Ray Charles,ABC-Paramount,6,6,
1963,41,7,6,MY BOYFRIEND’S BACK,The Angels,Smash,11,1,
1963,41,8,16,MEAN WOMAN BLUES,Roy Orbison,Monument,6,8,
1963,41,9,8,HEAT WAVE,Martha and the Vandellas,Gordy,11,4,
1963,41,10,17,DONNA THE PRIMA DONNA,Dion DiMucci,Columbia,5,10,
1963,41,11,13,HONOLULU LULU,Jan and Dean,Liberty,6,11,
1963,41,12,7,WONDERFUL! WONDERFUL!,The Tymes,Parkway,9,7,
1963,41,13,28,"THAT SUNDAY, THAT SUMMER",Nat King Cole,Capitol,7,13,
1963,41,14,21,"DON’T THINK TWICE, IT’S ALL RIGHT","Peter, Paul and Mary",Warner Brothers,5,14,
1963,41,15,14,SURFER GIRL,The Beach Boys,Capitol,11,7,
1963,41,16,10,THEN HE KISSED ME,The Crystals,Philles,9,6,
1963,41,17,11,MICKEY’S MONKEY,The Miracles,Tamla,9,8,
1963,41,18,23,I CAN’T STAY MAD AT YOU,Skeeter Davis,RCA Victor,6,18,
1963,41,19,19,PART TIME LOVE,Little Johnny Taylor,Galaxy,9,19,
1963,41,20,33,DEEP PURPLE,Nino Tempo and April Stevens,Atco,5,20,
1963,41,21,26,TALK TO ME,Sunny and the Sunglows,Tear Drop,6,21,
1963,41,22,12,A WALKIN’ MIRACLE,The Essex Featuring Anita Humes,Roulette,8,12,
1963,41,23,38,WASHINGTON SQUARE,The Village Stompers,Epic,4,23,
1963,41,24,18,MARTIAN HOP,The Ran-Dells,Chairman,11,16,
1963,41,25,27,BUST OUT,The Busters,Arlen,6,25,
1963,41,26,34,FOOLS RUSH IN,Rick Nelson,Decca,5,26,
1963,41,27,15,IF I HAD A HAMMER,Trini Lopez,Reprise,12,3,
1963,41,28,31,"HELLO HEARTACHE, GOODBYE LOVE",Little Peggy March,RCA Victor,6,28,
1963,41,29,32,I’LL TAKE YOU HOME,The Drifters,Atlantic,6,29,
1963,41,30,20,LITTLE DEUCE COUPE,The Beach Boys,Capitol,9,15,
1963,41,31,41,BLUE BAYOU,Roy Orbison,Monument,5,31,
1963,41,32,54,MARIA ELENA,Los Indios Tabajaras,RCA Victor,4,32,
1963,41,33,22,THE MONKEY TIME,Major Lance,Okeh,14,8,
1963,41,34,36,TWO TICKETS TO PARADISE,Brook Benton,Mercury,6,34,
1963,41,35,58,IT’S ALL RIGHT,The Impressions,ABC-Paramount,3,35,
1963,41,36,46,THE GRASS IS GREENER,Brenda Lee,Decca,3,36,
1963,41,37,25,ONLY IN AMERICA,Jay and the Americans,United Artists,9,25,
1963,41,38,29,THE KIND OF BOY YOU CAN’T FORGET,The Raindrops,Jubilee,10,17,
1963,41,39,50,YOU LOST THE SWEETEST BOY,Mary Wells,Motown,3,39,
1963,41,40,24,WHAM!,Lonnie Mack,Fraternity,8,24,
1963,41,41,30,"PAINTED, TAINTED ROSE",Al Martino,Capitol,12,15,
1963,41,43,37,YOU CAN NEVER STOP ME LOVING YOU,Johnny Tillotson,Cadence,10,18,
1963,41,47,35,"HEY, GIRL",Freddie Scott,Colpix,12,10,
1963,41,48,40,BIRTHDAY PARTY,The Pixies Three,Mercury,9,40,
1963,41,51,39,MOCKINGBIRD,Inez Foxx with Charlie Foxx,Symbol,17,7,
1963,41,42,48,A LOVE SO FINE,The Chiffons,Laurie,6,42,
1963,41,44,42,MORE,Vic Dana,Dolton,10,42,
1963,41,45,56,CROSS FIRE!,The Orlons,Cameo,3,45,
1963,41,46,59,SHE’S A FOOL,Lesley Gore,Mercury,3,46,
1963,41,49,63,"WORKOUT STEVIE, WORKOUT",Little Stevie Wonder,Tamla,2,49,
1963,41,50,51,BETTY IN BERMUDAS,The Dovells,Parkway,7,50,
1963,42,1,1,SUGAR SHACK,Jimmy Gilmer and the Fireballs,Dot,5,1,2 weeks at #1
1963,42,2,2,BE MY BABY,The Ronettes,Philles,8,2,
1963,42,3,3,BLUE VELVET,Bobby Vinton,Epic,11,1,
1963,42,4,6,BUSTED,Ray Charles,ABC-Paramount,7,4,
1963,42,5,4,CRY BABY,Garnet Mimms and the Enchanters,United Artists,10,4,
1963,42,6,5,"SALLY, GO ‘ROUND THE ROSES",The Jaynetts,Tuff,8,2,
1963,42,7,8,MEAN WOMAN BLUES,Roy Orbison,Monument,7,7,
1963,42,8,10,DONNA THE PRIMA DONNA,Dion DiMucci,Columbia,6,8,
1963,42,9,20,DEEP PURPLE,Nino Tempo and April Stevens,Atco,6,9,
1963,42,10,14,"DON’T THINK TWICE, IT’S ALL RIGHT","Peter, Paul and Mary",Warner Brothers,6,10,
1963,42,11,11,HONOLULU LULU,Jan and Dean,Liberty,7,11,
1963,42,12,18,I CAN’T STAY MAD AT YOU,Skeeter Davis,RCA Victor,7,12,
1963,42,13,13,"THAT SUNDAY, THAT SUMMER",Nat King Cole,Capitol,8,13,
1963,42,14,26,FOOLS RUSH IN,Rick Nelson,Decca,6,14,
1963,42,15,7,MY BOYFRIEND’S BACK,The Angels,Smash,12,1,
1963,42,16,21,TALK TO ME,Sunny and the Sunglows,Tear Drop,7,16,
1963,42,17,23,WASHINGTON SQUARE,The Village Stompers,Epic,5,17,
1963,42,18,9,HEAT WAVE,Martha and the Vandellas,Gordy,12,4,
1963,42,19,16,THEN HE KISSED ME,The Crystals,Philles,10,6,
1963,42,20,15,SURFER GIRL,The Beach Boys,Capitol,12,7,
1963,42,21,32,MARIA ELENA,Los Indios Tabajaras,RCA Victor,5,21,
1963,42,22,19,PART TIME LOVE,Little Johnny Taylor,Galaxy,10,19,
1963,42,23,17,MICKEY’S MONKEY,The Miracles,Tamla,10,8,
1963,42,24,35,IT’S ALL RIGHT,The Impressions,ABC-Paramount,4,24,
1963,42,25,29,I’LL TAKE YOU HOME,The Drifters,Atlantic,7,25,
1963,42,26,28,"HELLO HEARTACHE, GOODBYE LOVE",Little Peggy March,RCA Victor,7,26,
1963,42,27,12,WONDERFUL! WONDERFUL!,The Tymes,Parkway,10,7,
1963,42,28,45,CROSS FIRE!,The Orlons,Cameo,4,28,
1963,42,29,31,BLUE BAYOU,Roy Orbison,Monument,6,29,
1963,42,30,36,THE GRASS IS GREENER,Brenda Lee,Decca,4,30,
1963,42,31,46,SHE’S A FOOL,Lesley Gore,Mercury,4,31,
1963,42,32,34,TWO TICKETS TO PARADISE,Brook Benton,Mercury,7,32,
1963,42,33,30,LITTLE DEUCE COUPE,The Beach Boys,Capitol,10,15,
1963,42,34,22,A WALKIN’ MIRACLE,The Essex Featuring Anita Humes,Roulette,9,12,
1963,42,35,39,YOU LOST THE SWEETEST BOY,Mary Wells,Motown,4,35,
1963,42,36,25,BUST OUT,The Busters,Arlen,7,25,
1963,42,37,49,"WORKOUT STEVIE, WORKOUT",Little Stevie Wonder,Tamla,3,37,
1963,42,38,27,IF I HAD A HAMMER,Trini Lopez,Reprise,13,3,
1963,42,39,24,MARTIAN HOP,The Ran-Dells,Chairman,12,16,
1963,42,40,42,A LOVE SO FINE,The Chiffons,Laurie,7,40,
1963,42,42,37,ONLY IN AMERICA,Jay and the Americans,United Artists,10,25,
1963,42,44,33,THE MONKEY TIME,Major Lance,Okeh,15,8,
1963,42,54,38,THE KIND OF BOY YOU CAN’T FORGET,The Raindrops,Jubilee,11,17,
1963,42,59,40,WHAM!,Lonnie Mack,Fraternity,9,24,
1963,42,41,56,MISTY,Lloyd Price,Double-L,3,41,
1963,42,43,53,RED SAILS IN THE SUNSET,Fats Domino,ABC-Paramount,5,43,
1963,42,45,57,CRY TO ME,Betty Harris,Jubilee,5,45,
1963,42,46,73,(Down At) PAPA JOE’S,The Dixiebelles,Sound Stage 7,4,46,
1963,42,47,65,I’M LEAVING IT UP TO YOU,Dale and Grace,Montel/Michelle,3,47,
1963,42,48,71,500 MILES AWAY FROM HOME,Bobby Bare,RCA Victor,3,48,
1963,42,49,66,DOWN THE AISLE (Wedding Song),Patti LaBelle and Her Blue Belles,Newtown,6,49,
1963,42,50,79,NEW MEXICAN ROSE,The Four Seasons,Vee-Jay,3,50,
1963,43,1,1,SUGAR SHACK,Jimmy Gilmer and the Fireballs,Dot,6,1,3 weeks at #1
1963,43,2,2,BE MY BABY,The Ronettes,Philles,9,2,
1963,43,3,9,DEEP PURPLE,Nino Tempo and April Stevens,Atco,7,3,
1963,43,4,4,BUSTED,Ray Charles,ABC-Paramount,8,4,
1963,43,5,3,BLUE VELVET,Bobby Vinton,Epic,12,1,
1963,43,6,8,DONNA THE PRIMA DONNA,Dion DiMucci,Columbia,7,6,
1963,43,7,7,MEAN WOMAN BLUES,Roy Orbison,Monument,8,7,
1963,43,8,17,WASHINGTON SQUARE,The Village Stompers,Epic,6,8,
1963,43,9,10,"DON’T THINK TWICE, IT’S ALL RIGHT","Peter, Paul and Mary",Warner Brothers,7,9,
1963,43,10,5,CRY BABY,Garnet Mimms and the Enchanters,United Artists,11,4,
1963,43,11,16,TALK TO ME,Sunny and the Sunglows,Tear Drop,8,11,
1963,43,12,12,I CAN’T STAY MAD AT YOU,Skeeter Davis,RCA Victor,8,12,
1963,43,13,13,"THAT SUNDAY, THAT SUMMER",Nat King Cole,Capitol,9,13,
1963,43,14,14,FOOLS RUSH IN,Rick Nelson,Decca,7,14,
1963,43,15,24,IT’S ALL RIGHT,The Impressions,ABC-Paramount,5,15,
1963,43,16,11,HONOLULU LULU,Jan and Dean,Liberty,8,11,
1963,43,17,6,"SALLY, GO ‘ROUND THE ROSES",The Jaynetts,Tuff,9,2,
1963,43,18,21,MARIA ELENA,Los Indios Tabajaras,RCA Victor,6,18,
1963,43,19,47,I’M LEAVING IT UP TO YOU,Dale and Grace,Montel/Michelle,4,19,
1963,43,20,31,SHE’S A FOOL,Lesley Gore,Mercury,5,20,
1963,43,21,30,THE GRASS IS GREENER,Brenda Lee,Decca,5,21,
1963,43,22,28,CROSS FIRE!,The Orlons,Cameo,5,22,
1963,43,23,46,(Down At) PAPA JOE’S,The Dixiebelles,Sound Stage 7,5,23,
1963,43,24,20,SURFER GIRL,The Beach Boys,Capitol,13,7,
1963,43,25,15,MY BOYFRIEND’S BACK,The Angels,Smash,13,1,
1963,43,26,22,PART TIME LOVE,Little Johnny Taylor,Galaxy,11,19,
1963,43,27,18,HEAT WAVE,Martha and the Vandellas,Gordy,13,4,
1963,43,28,25,I’LL TAKE YOU HOME,The Drifters,Atlantic,8,25,
1963,43,29,35,YOU LOST THE SWEETEST BOY,Mary Wells,Motown,5,29,
1963,43,30,53,EVERYBODY,Tommy Roe,ABC-Paramount,3,30,
1963,43,31,23,MICKEY’S MONKEY,The Miracles,Tamla,11,8,
1963,43,32,19,THEN HE KISSED ME,The Crystals,Philles,11,6,
1963,43,33,29,BLUE BAYOU,Roy Orbison,Monument,7,29,
1963,43,34,36,BUST OUT,The Busters,Arlen,8,25,
1963,43,35,32,TWO TICKETS TO PARADISE,Brook Benton,Mercury,8,32,
1963,43,36,37,"WORKOUT STEVIE, WORKOUT",Little Stevie Wonder,Tamla,4,36,
1963,43,37,48,500 MILES AWAY FROM HOME,Bobby Bare,RCA Victor,4,37,
1963,43,38,41,MISTY,Lloyd Price,Double-L,4,38,
1963,43,39,43,RED SAILS IN THE SUNSET,Fats Domino,ABC-Paramount,6,39,
1963,43,40,45,CRY TO ME,Betty Harris,Jubilee,6,40,
1963,43,42,26,"HELLO HEARTACHE, GOODBYE LOVE",Little Peggy March,RCA Victor,8,26,
1963,43,44,40,A LOVE SO FINE,The Chiffons,Laurie,8,40,
1963,43,45,33,LITTLE DEUCE COUPE,The Beach Boys,Capitol,11,15,
1963,43,46,27,WONDERFUL! WONDERFUL!,The Tymes,Parkway,11,7,
1963,43,51,38,IF I HAD A HAMMER,Trini Lopez,Reprise,14,3,
1963,43,52,34,A WALKIN’ MIRACLE,The Essex Featuring Anita Humes,Roulette,10,12,
1963,43,53,39,MARTIAN HOP,The Ran-Dells,Chairman,13,16,
1963,43,41,77,BOSSA NOVA BABY,Elvis Presley,RCA Victor,2,41,
1963,43,43,50,NEW MEXICAN ROSE,The Four Seasons,Vee-Jay,4,43,
1963,43,47,49,DOWN THE AISLE (Wedding Song),Patti LaBelle and Her Blue Belles,Newtown,7,47,
1963,43,48,52,WALKING THE DOG,Rufus Thomas,Stax,4,48,
1963,43,49,42,ONLY IN AMERICA,Jay and the Americans,United Artists,11,25,
1963,43,50,60,WILD,Dee Dee Sharp,Cameo,4,50,
1963,44,1,1,SUGAR SHACK,Jimmy Gilmer and the Fireballs,Dot,7,1,4 weeks at #1
1963,44,2,3,DEEP PURPLE,Nino Tempo and April Stevens,Atco,8,2,
1963,44,3,8,WASHINGTON SQUARE,The Village Stompers,Epic,7,3,
1963,44,4,4,BUSTED,Ray Charles,ABC-Paramount,9,4,
1963,44,5,7,MEAN WOMAN BLUES,Roy Orbison,Monument,9,5,
1963,44,6,6,DONNA THE PRIMA DONNA,Dion DiMucci,Columbia,8,6,
1963,44,7,12,I CAN’T STAY MAD AT YOU,Skeeter Davis,RCA Victor,9,7,
1963,44,8,2,BE MY BABY,The Ronettes,Philles,10,2,
1963,44,9,15,IT’S ALL RIGHT,The Impressions,ABC-Paramount,6,9,
1963,44,10,18,MARIA ELENA,Los Indios Tabajaras,RCA Victor,7,10,
1963,44,11,19,I’M LEAVING IT UP TO YOU,Dale and Grace,Montel/Michelle,5,11,
1963,44,12,13,"THAT SUNDAY, THAT SUMMER",Nat King Cole,Capitol,10,12,
1963,44,13,14,FOOLS RUSH IN,Rick Nelson,Decca,8,13,
1963,44,14,11,TALK TO ME,Sunny and the Sunglows,Tear Drop,9,11,
1963,44,15,5,BLUE VELVET,Bobby Vinton,Epic,13,1,
1963,44,16,20,SHE’S A FOOL,Lesley Gore,Mercury,6,16,
1963,44,17,10,CRY BABY,Garnet Mimms and the Enchanters,United Artists,12,4,
1963,44,18,9,"DON’T THINK TWICE, IT’S ALL RIGHT","Peter, Paul and Mary",Warner Brothers,8,9,
1963,44,19,22,CROSS FIRE!,The Orlons,Cameo,6,19,
1963,44,20,21,THE GRASS IS GREENER,Brenda Lee,Decca,6,20,
1963,44,21,23,(Down At) PAPA JOE’S,The Dixiebelles,Sound Stage 7,6,21,
1963,44,22,30,EVERYBODY,Tommy Roe,ABC-Paramount,4,22,
1963,44,23,37,500 MILES AWAY FROM HOME,Bobby Bare,RCA Victor,5,23,
1963,44,24,29,YOU LOST THE SWEETEST BOY,Mary Wells,Motown,6,24,
1963,44,25,41,BOSSA NOVA BABY,Elvis Presley,RCA Victor,3,25,
1963,44,26,38,MISTY,Lloyd Price,Double-L,5,26,
1963,44,27,16,HONOLULU LULU,Jan and Dean,Liberty,9,11,
1963,44,28,48,WALKING THE DOG,Rufus Thomas,Stax,5,28,
1963,44,29,26,PART TIME LOVE,Little Johnny Taylor,Galaxy,12,19,
1963,44,30,33,BLUE BAYOU,Roy Orbison,Monument,8,29,
1963,44,31,40,CRY TO ME,Betty Harris,Jubilee,7,31,
1963,44,32,17,"SALLY, GO ‘ROUND THE ROSES",The Jaynetts,Tuff,10,2,
1963,44,33,36,"WORKOUT STEVIE, WORKOUT",Little Stevie Wonder,Tamla,5,33,
1963,44,34,28,I’LL TAKE YOU HOME,The Drifters,Atlantic,9,25,
1963,44,35,39,RED SAILS IN THE SUNSET,Fats Domino,ABC-Paramount,7,35,
1963,44,36,43,NEW MEXICAN ROSE,The Four Seasons,Vee-Jay,5,36,
1963,44,37,35,TWO TICKETS TO PARADISE,Brook Benton,Mercury,9,32,
1963,44,38,50,WILD,Dee Dee Sharp,Cameo,5,38,
1963,44,39,62,HEY LITTLE GIRL,Major Lance,Okeh,3,39,
1963,44,40,47,DOWN THE AISLE (Wedding Song),Patti LaBelle and Her Blue Belles,Newtown,8,40,
1963,44,42,24,SURFER GIRL,The Beach Boys,Capitol,14,7,
1963,44,43,31,MICKEY’S MONKEY,The Miracles,Tamla,12,8,
1963,44,46,27,HEAT WAVE,Martha and the Vandellas,Gordy,14,4,
1963,44,49,32,THEN HE KISSED ME,The Crystals,Philles,12,6,
1963,44,53,34,BUST OUT,The Busters,Arlen,9,25,
1963,44,60,25,MY BOYFRIEND’S BACK,The Angels,Smash,14,1,
1963,44,41,56,YOUR OTHER LOVE,Connie Francis,MGM,3,41,
1963,44,44,73,LITTLE RED ROOSTER,Sam Cooke,RCA Victor,2,44,
1963,44,45,57,WITCHCRAFT,Elvis Presley,RCA Victor,3,45,
1963,44,47,54,MONKEY-SHINE,Bill Black’s Combo,Hi,5,47,
1963,44,48,69,WALKING PROUD,Steve Lawrence,Columbia,3,48,
1963,44,50,67,I WONDER WHAT SHE’S DOING TONIGHT,Barry and the Tamerlanes,Valiant,3,50,
1963,45,1,1,SUGAR SHACK,Jimmy Gilmer and the Fireballs,Dot,8,1,5 weeks at #1
1963,45,2,2,DEEP PURPLE,Nino Tempo and April Stevens,Atco,9,2,
1963,45,3,3,WASHINGTON SQUARE,The Village Stompers,Epic,8,3,
1963,45,4,9,IT’S ALL RIGHT,The Impressions,ABC-Paramount,7,4,
1963,45,5,5,MEAN WOMAN BLUES,Roy Orbison,Monument,10,5,
1963,45,6,11,I’M LEAVING IT UP TO YOU,Dale and Grace,Montel/Michelle,6,6,
1963,45,7,10,MARIA ELENA,Los Indios Tabajaras,RCA Victor,8,7,
1963,45,8,4,BUSTED,Ray Charles,ABC-Paramount,10,4,
1963,45,9,25,BOSSA NOVA BABY,Elvis Presley,RCA Victor,4,9,
1963,45,10,7,I CAN’T STAY MAD AT YOU,Skeeter Davis,RCA Victor,10,7,
1963,45,11,16,SHE’S A FOOL,Lesley Gore,Mercury,7,11,
1963,45,12,13,FOOLS RUSH IN,Rick Nelson,Decca,9,12,
1963,45,13,6,DONNA THE PRIMA DONNA,Dion DiMucci,Columbia,9,6,
1963,45,14,22,EVERYBODY,Tommy Roe,ABC-Paramount,5,14,
1963,45,15,23,500 MILES AWAY FROM HOME,Bobby Bare,RCA Victor,6,15,
1963,45,16,12,"THAT SUNDAY, THAT SUMMER",Nat King Cole,Capitol,11,12,
1963,45,17,20,THE GRASS IS GREENER,Brenda Lee,Decca,7,17,
1963,45,18,14,TALK TO ME,Sunny and the Sunglows,Tear Drop,10,11,
1963,45,19,21,(Down At) PAPA JOE’S,The Dixiebelles,Sound Stage 7,7,19,
1963,45,20,8,BE MY BABY,The Ronettes,Philles,11,2,
1963,45,21,19,CROSS FIRE!,The Orlons,Cameo,7,19,
1963,45,22,24,YOU LOST THE SWEETEST BOY,Mary Wells,Motown,7,22,
1963,45,23,26,MISTY,Lloyd Price,Double-L,6,23,
1963,45,24,31,CRY TO ME,Betty Harris,Jubilee,8,24,
1963,45,25,28,WALKING THE DOG,Rufus Thomas,Stax,6,25,
1963,45,26,15,BLUE VELVET,Bobby Vinton,Epic,14,1,
1963,45,27,18,"DON’T THINK TWICE, IT’S ALL RIGHT","Peter, Paul and Mary",Warner Brothers,9,9,
1963,45,28,17,CRY BABY,Garnet Mimms and the Enchanters,United Artists,13,4,
1963,45,29,39,HEY LITTLE GIRL,Major Lance,Okeh,4,29,
1963,45,30,48,WALKING PROUD,Steve Lawrence,Columbia,4,30,
1963,45,31,44,LITTLE RED ROOSTER,Sam Cooke,RCA Victor,3,31,
1963,45,32,41,YOUR OTHER LOVE,Connie Francis,MGM,4,32,
1963,45,33,38,WILD,Dee Dee Sharp,Cameo,6,33,
1963,45,34,30,BLUE BAYOU,Roy Orbison,Monument,9,29,
1963,45,35,27,HONOLULU LULU,Jan and Dean,Liberty,10,11,
1963,45,36,45,WITCHCRAFT,Elvis Presley,RCA Victor,4,36,
1963,45,37,40,DOWN THE AISLE (Wedding Song),Patti LaBelle and Her Blue Belles,Newtown,9,37,
1963,45,38,33,"WORKOUT STEVIE, WORKOUT",Little Stevie Wonder,Tamla,6,33,
1963,45,39,52,I ADORE HIM,The Angels,Smash,3,39,
1963,45,40,36,NEW MEXICAN ROSE,The Four Seasons,Vee-Jay,6,36,
1963,45,45,35,RED SAILS IN THE SUNSET,Fats Domino,ABC-Paramount,8,35,
1963,45,46,34,I’LL TAKE YOU HOME,The Drifters,Atlantic,10,25,
1963,45,52,32,"SALLY, GO ‘ROUND THE ROSES",The Jaynetts,Tuff,11,2,
1963,45,55,37,TWO TICKETS TO PARADISE,Brook Benton,Mercury,10,32,
1963,45,60,29,PART TIME LOVE,Little Johnny Taylor,Galaxy,13,19,
1963,45,41,58,SATURDAY NIGHT,The New Christy Minstrels,Columbia,3,41,
1963,45,42,55,BLUE GUITAR,Richard Chamberlain,MGM,7,42,
1963,45,43,54,TWENTY FOUR HOURS FROM TULSA,Gene Pitney,Musicor,4,43,
1963,45,44,50,I WONDER WHAT SHE’S DOING TONIGHT,Barry and the Tamerlanes,Valiant,4,44,
1963,45,47,61,THE MATADOR,Johnny Cash,Columbia,3,47,
1963,45,48,74,LIVING A LIE,Al Martino,Capitol,3,48,
1963,45,49,51,POINT PANIC,The Surfaris,Decca,7,49,
1963,45,50,47,MONKEY-SHINE,Bill Black’s Combo,Hi,6,47,
1963,46,1,2,DEEP PURPLE,Nino Tempo and April Stevens,Atco,10,1,1 week at #1
1963,46,2,1,SUGAR SHACK,Jimmy Gilmer and the Fireballs,Dot,9,1,
1963,46,3,3,WASHINGTON SQUARE,The Village Stompers,Epic,9,3,
1963,46,4,6,I’M LEAVING IT UP TO YOU,Dale and Grace,Montel/Michelle,7,4,
1963,46,5,4,IT’S ALL RIGHT,The Impressions,ABC-Paramount,8,4,
1963,46,6,7,MARIA ELENA,Los Indios Tabajaras,RCA Victor,9,6,
1963,46,7,11,SHE’S A FOOL,Lesley Gore,Mercury,8,7,
1963,46,8,9,BOSSA NOVA BABY,Elvis Presley,RCA Victor,5,8,
1963,46,9,14,EVERYBODY,Tommy Roe,ABC-Paramount,6,9,
1963,46,10,15,500 MILES AWAY FROM HOME,Bobby Bare,RCA Victor,7,10,
1963,46,11,5,MEAN WOMAN BLUES,Roy Orbison,Monument,11,5,
1963,46,12,10,I CAN’T STAY MAD AT YOU,Skeeter Davis,RCA Victor,11,7,
1963,46,13,12,FOOLS RUSH IN,Rick Nelson,Decca,10,12,
1963,46,14,8,BUSTED,Ray Charles,ABC-Paramount,11,4,
1963,46,15,25,WALKING THE DOG,Rufus Thomas,Stax,7,15,
1963,46,16,19,(Down At) PAPA JOE’S,The Dixiebelles,Sound Stage 7,8,16,
1963,46,17,13,DONNA THE PRIMA DONNA,Dion DiMucci,Columbia,10,6,
1963,46,18,29,HEY LITTLE GIRL,Major Lance,Okeh,5,18,
1963,46,19,64,DOMINIQUE,The Singing Nun,Philips,2,19,
1963,46,20,18,TALK TO ME,Sunny and the Sunglows,Tear Drop,11,11,
1963,46,21,23,MISTY,Lloyd Price,Double-L,7,21,
1963,46,22,20,BE MY BABY,The Ronettes,Philles,12,2,
1963,46,23,24,CRY TO ME,Betty Harris,Jubilee,9,23,
1963,46,24,22,YOU LOST THE SWEETEST BOY,Mary Wells,Motown,8,22,
1963,46,25,31,LITTLE RED ROOSTER,Sam Cooke,RCA Victor,4,25,
1963,46,26,43,TWENTY FOUR HOURS FROM TULSA,Gene Pitney,Musicor,5,26,
1963,46,27,16,"THAT SUNDAY, THAT SUMMER",Nat King Cole,Capitol,12,12,
1963,46,28,30,WALKING PROUD,Steve Lawrence,Columbia,5,28,
1963,46,29,32,YOUR OTHER LOVE,Connie Francis,MGM,5,29,
1963,46,30,21,CROSS FIRE!,The Orlons,Cameo,8,19,
1963,46,31,41,SATURDAY NIGHT,The New Christy Minstrels,Columbia,4,31,
1963,46,32,36,WITCHCRAFT,Elvis Presley,RCA Victor,5,32,
1963,46,33,33,WILD,Dee Dee Sharp,Cameo,7,33,
1963,46,34,53,WONDERFUL SUMMER,Robin Ward,Dot,3,34,
1963,46,35,39,I ADORE HIM,The Angels,Smash,4,35,
1963,46,36,48,LIVING A LIE,Al Martino,Capitol,4,36,
1963,46,37,27,"DON’T THINK TWICE, IT’S ALL RIGHT","Peter, Paul and Mary",Warner Brothers,10,9,
1963,46,38,44,I WONDER WHAT SHE’S DOING TONIGHT,Barry and the Tamerlanes,Valiant,5,38,
1963,46,39,28,CRY BABY,Garnet Mimms and the Enchanters,United Artists,14,4,
1963,46,40,37,DOWN THE AISLE (Wedding Song),Patti LaBelle and Her Blue Belles,Newtown,10,37,
1963,46,42,17,THE GRASS IS GREENER,Brenda Lee,Decca,8,17,
1963,46,48,34,BLUE BAYOU,Roy Orbison,Monument,10,29,
1963,46,49,26,BLUE VELVET,Bobby Vinton,Epic,15,1,
1963,46,51,40,NEW MEXICAN ROSE,The Four Seasons,Vee-Jay,7,36,
1963,46,41,56,YOU DON’T HAVE TO BE A BABY TO CRY,The Caravelles,Smash,3,41,
1963,46,43,66,SINCE I FELL FOR YOU,Lenny Welch,Cadence,4,43,
1963,46,44,69,BE TRUE TO YOUR SCHOOL,The Beach Boys,Capitol,3,44,
1963,46,45,63,LODDY LO,Chubby Checker,Parkway,3,45,
1963,46,46,47,THE MATADOR,Johnny Cash,Columbia,4,46,
1963,46,47,58,CAN I GET A WITNESS,Marvin Gaye,Tamla,5,47,
1963,46,50,51,FUNNY HOW TIME SLIPS AWAY,Johnny Tillotson,Cadence,5,50,
1963,47,1,4,I’M LEAVING IT UP TO YOU,Dale and Grace,Montel/Michelle,8,1,1 week at #1
1963,47,2,3,WASHINGTON SQUARE,The Village Stompers,Epic,10,2,
1963,47,3,1,DEEP PURPLE,Nino Tempo and April Stevens,Atco,11,1,
1963,47,4,2,SUGAR SHACK,Jimmy Gilmer and the Fireballs,Dot,10,1,
1963,47,5,5,IT’S ALL RIGHT,The Impressions,ABC-Paramount,9,4,
1963,47,6,7,SHE’S A FOOL,Lesley Gore,Mercury,9,6,
1963,47,7,9,EVERYBODY,Tommy Roe,ABC-Paramount,7,7,
1963,47,8,8,BOSSA NOVA BABY,Elvis Presley,RCA Victor,6,8,
1963,47,9,19,DOMINIQUE,The Singing Nun,Philips,3,9,
1963,47,10,6,MARIA ELENA,Los Indios Tabajaras,RCA Victor,10,6,
1963,47,11,16,(Down At) PAPA JOE’S,The Dixiebelles,Sound Stage 7,9,11,
1963,47,12,15,WALKING THE DOG,Rufus Thomas,Stax,8,12,
1963,47,13,18,HEY LITTLE GIRL,Major Lance,Okeh,6,13,
1963,47,14,10,500 MILES AWAY FROM HOME,Bobby Bare,RCA Victor,8,10,
1963,47,15,25,LITTLE RED ROOSTER,Sam Cooke,RCA Victor,5,15,
1963,47,16,13,FOOLS RUSH IN,Rick Nelson,Decca,11,12,
1963,47,17,11,MEAN WOMAN BLUES,Roy Orbison,Monument,12,5,
1963,47,18,34,WONDERFUL SUMMER,Robin Ward,Dot,4,18,
1963,47,19,44,BE TRUE TO YOUR SCHOOL,The Beach Boys,Capitol,4,19,
1963,47,20,43,SINCE I FELL FOR YOU,Lenny Welch,Cadence,5,20,
1963,47,21,26,TWENTY FOUR HOURS FROM TULSA,Gene Pitney,Musicor,6,21,
1963,47,22,41,YOU DON’T HAVE TO BE A BABY TO CRY,The Caravelles,Smash,4,22,
1963,47,23,38,I WONDER WHAT SHE’S DOING TONIGHT,Barry and the Tamerlanes,Valiant,6,23,
1963,47,24,12,I CAN’T STAY MAD AT YOU,Skeeter Davis,RCA Victor,12,7,
1963,47,25,45,LODDY LO,Chubby Checker,Parkway,4,25,
1963,47,26,28,WALKING PROUD,Steve Lawrence,Columbia,6,26,
1963,47,27,36,LIVING A LIE,Al Martino,Capitol,5,27,
1963,47,28,29,YOUR OTHER LOVE,Connie Francis,MGM,6,28,
1963,47,29,21,MISTY,Lloyd Price,Double-L,8,21,
1963,47,30,35,I ADORE HIM,The Angels,Smash,5,30,
1963,47,31,31,SATURDAY NIGHT,The New Christy Minstrels,Columbia,5,31,
1963,47,32,14,BUSTED,Ray Charles,ABC-Paramount,12,4,
1963,47,33,47,CAN I GET A WITNESS,Marvin Gaye,Tamla,6,33,
1963,47,34,23,CRY TO ME,Betty Harris,Jubilee,10,23,
1963,47,35,27,"THAT SUNDAY, THAT SUMMER",Nat King Cole,Capitol,13,12,
1963,47,36,24,YOU LOST THE SWEETEST BOY,Mary Wells,Motown,9,22,
1963,47,37,33,WILD,Dee Dee Sharp,Cameo,8,33,
1963,47,38,73,DRIP DROP,Dion DiMucci,Columbia,2,38,
1963,47,39,32,WITCHCRAFT,Elvis Presley,RCA Victor,6,32,
1963,47,40,20,TALK TO ME,Sunny and the Sunglows,Tear Drop,12,11,
1963,47,45,40,DOWN THE AISLE (Wedding Song),Patti LaBelle and Her Blue Belles,Newtown,11,37,
1963,47,48,17,DONNA THE PRIMA DONNA,Dion DiMucci,Columbia,11,6,
1963,47,49,22,BE MY BABY,The Ronettes,Philles,13,2,
1963,47,50,30,CROSS FIRE!,The Orlons,Cameo,9,19,
1963,47,41,58,LOUIE LOUIE,The Kingsmen,Wand,3,41,
1963,47,42,59,TALK BACK TREMBLING LIPS,Johnny Tillotson,MGM,3,42,
1963,47,43,61,HAVE YOU HEARD,The Duprees featuring Joey Vann,Coed,3,43,
1963,47,44,57,IN MY ROOM,The Beach Boys,Capitol,4,44,
1963,47,46,46,THE MATADOR,Johnny Cash,Columbia,5,46,
1963,47,47,62,WIVES AND LOVERS,Jack Jones,Kapp,4,47,
1963,48,1,1,I’M LEAVING IT UP TO YOU,Dale and Grace,Montel/Michelle,9,1,2 weeks at #1
1963,48,2,9,DOMINIQUE,The Singing Nun,Philips,4,2,
1963,48,3,2,WASHINGTON SQUARE,The Village Stompers,Epic,11,2,
1963,48,4,4,SUGAR SHACK,Jimmy Gilmer and the Fireballs,Dot,11,1,
1963,48,5,5,IT’S ALL RIGHT,The Impressions,ABC-Paramount,10,4,
1963,48,6,6,SHE’S A FOOL,Lesley Gore,Mercury,10,6,
1963,48,7,7,EVERYBODY,Tommy Roe,ABC-Paramount,8,7,
1963,48,8,3,DEEP PURPLE,Nino Tempo and April Stevens,Atco,12,1,
1963,48,9,11,(Down At) PAPA JOE’S,The Dixiebelles,Sound Stage 7,10,9,
1963,48,10,8,BOSSA NOVA BABY,Elvis Presley,RCA Victor,7,8,
1963,48,11,12,WALKING THE DOG,Rufus Thomas,Stax,9,11,
1963,48,12,15,LITTLE RED ROOSTER,Sam Cooke,RCA Victor,6,12,
1963,48,13,13,HEY LITTLE GIRL,Major Lance,Okeh,7,13,
1963,48,14,19,BE TRUE TO YOUR SCHOOL,The Beach Boys,Capitol,5,14,
1963,48,15,10,MARIA ELENA,Los Indios Tabajaras,RCA Victor,11,6,
1963,48,16,20,SINCE I FELL FOR YOU,Lenny Welch,Cadence,6,16,
1963,48,17,18,WONDERFUL SUMMER,Robin Ward,Dot,5,17,
1963,48,18,21,TWENTY FOUR HOURS FROM TULSA,Gene Pitney,Musicor,7,18,
1963,48,19,22,YOU DON’T HAVE TO BE A BABY TO CRY,The Caravelles,Smash,5,19,
1963,48,20,14,500 MILES AWAY FROM HOME,Bobby Bare,RCA Victor,9,10,
1963,48,21,25,LODDY LO,Chubby Checker,Parkway,5,21,
1963,48,22,23,I WONDER WHAT SHE’S DOING TONIGHT,Barry and the Tamerlanes,Valiant,7,22,
1963,48,23,41,LOUIE LOUIE,The Kingsmen,Wand,4,23,
1963,48,24,27,LIVING A LIE,Al Martino,Capitol,6,24,
1963,48,25,30,I ADORE HIM,The Angels,Smash,6,25,
1963,48,26,38,DRIP DROP,Dion DiMucci,Columbia,3,26,
1963,48,27,16,FOOLS RUSH IN,Rick Nelson,Decca,12,12,
1963,48,28,26,WALKING PROUD,Steve Lawrence,Columbia,7,26,
1963,48,29,31,SATURDAY NIGHT,The New Christy Minstrels,Columbia,6,29,
1963,48,30,33,CAN I GET A WITNESS,Marvin Gaye,Tamla,7,30,
1963,48,31,42,TALK BACK TREMBLING LIPS,Johnny Tillotson,MGM,4,31,
1963,48,32,43,HAVE YOU HEARD,The Duprees featuring Joey Vann,Coed,4,32,
1963,48,33,47,WIVES AND LOVERS,Jack Jones,Kapp,5,33,
1963,48,34,24,I CAN’T STAY MAD AT YOU,Skeeter Davis,RCA Victor,13,7,
1963,48,35,17,MEAN WOMAN BLUES,Roy Orbison,Monument,13,5,
1963,48,36,34,CRY TO ME,Betty Harris,Jubilee,11,23,
1963,48,37,28,YOUR OTHER LOVE,Connie Francis,MGM,7,28,
1963,48,38,44,IN MY ROOM,The Beach Boys,Capitol,5,38,
1963,48,39,29,MISTY,Lloyd Price,Double-L,9,21,
1963,48,40,37,WILD,Dee Dee Sharp,Cameo,9,33,
1963,48,43,39,WITCHCRAFT,Elvis Presley,RCA Victor,7,32,
1963,48,41,45,DOWN THE AISLE (Wedding Song),Patti LaBelle and Her Blue Belles,Newtown,12,37,
1963,48,42,51,BAD GIRL,Neil Sedaka,RCA Victor,3,42,
1963,48,44,46,THE MATADOR,Johnny Cash,Columbia,6,44,
1963,48,45,75,QUICKSAND,Martha and the Vandellas,Gordy,2,45,
1963,48,46,58,MIDNIGHT MARY,Joey Powers,Amy,4,46,
1963,48,47,52,YOUNG WINGS CAN FLY (Higher Than You Know),Ruby and the Romantics,Kapp,6,47,
1963,48,48,59,BABY DON’T YOU WEEP,Garnet Mimms and the Enchanters,United Artists,3,48,
1963,48,49,60,FORGET HIM,Bobby Rydell,Cameo,4,49,
1963,49,1,2,DOMINIQUE,The Singing Nun,Philips,5,1,1 week at #1
1963,49,2,1,I’M LEAVING IT UP TO YOU,Dale and Grace,Montel/Michelle,10,1,
1963,49,3,7,EVERYBODY,Tommy Roe,ABC-Paramount,9,3,
1963,49,4,23,LOUIE LOUIE,The Kingsmen,Wand,5,4,
1963,49,5,6,SHE’S A FOOL,Lesley Gore,Mercury,11,5,
1963,49,6,4,SUGAR SHACK,Jimmy Gilmer and the Fireballs,Dot,12,1,
1963,49,7,19,YOU DON’T HAVE TO BE A BABY TO CRY,The Caravelles,Smash,6,7,
1963,49,8,14,BE TRUE TO YOUR SCHOOL,The Beach Boys,Capitol,6,8,
1963,49,9,3,WASHINGTON SQUARE,The Village Stompers,Epic,12,2,
1963,49,10,11,WALKING THE DOG,Rufus Thomas,Stax,10,10,
1963,49,11,8,DEEP PURPLE,Nino Tempo and April Stevens,Atco,13,1,
1963,49,12,12,LITTLE RED ROOSTER,Sam Cooke,RCA Victor,7,12,
1963,49,13,13,HEY LITTLE GIRL,Major Lance,Okeh,8,13,
1963,49,14,16,SINCE I FELL FOR YOU,Lenny Welch,Cadence,7,14,
1963,49,15,26,DRIP DROP,Dion DiMucci,Columbia,4,15,
1963,49,16,5,IT’S ALL RIGHT,The Impressions,ABC-Paramount,11,4,
1963,49,17,18,TWENTY FOUR HOURS FROM TULSA,Gene Pitney,Musicor,8,17,
1963,49,18,9,(Down At) PAPA JOE’S,The Dixiebelles,Sound Stage 7,11,9,
1963,49,19,17,WONDERFUL SUMMER,Robin Ward,Dot,6,17,
1963,49,20,21,LODDY LO,Chubby Checker,Parkway,6,20,
1963,49,21,22,I WONDER WHAT SHE’S DOING TONIGHT,Barry and the Tamerlanes,Valiant,8,21,
1963,49,22,50,THERE! I’VE SAID IT AGAIN,Bobby Vinton,Epic,2,22,
1963,49,23,15,MARIA ELENA,Los Indios Tabajaras,RCA Victor,12,6,
1963,49,24,24,LIVING A LIE,Al Martino,Capitol,7,24,
1963,49,25,32,HAVE YOU HEARD,The Duprees featuring Joey Vann,Coed,5,25,
1963,49,26,31,TALK BACK TREMBLING LIPS,Johnny Tillotson,MGM,5,26,
1963,49,27,30,CAN I GET A WITNESS,Marvin Gaye,Tamla,8,27,
1963,49,28,38,IN MY ROOM,The Beach Boys,Capitol,6,28,
1963,49,29,10,BOSSA NOVA BABY,Elvis Presley,RCA Victor,8,8,
1963,49,30,49,FORGET HIM,Bobby Rydell,Cameo,5,30,
1963,49,31,33,WIVES AND LOVERS,Jack Jones,Kapp,6,31,
1963,49,32,63,POPSICLES AND ICICLES,The Murmaids,Chattahoochee,3,32,
1963,49,33,20,500 MILES AWAY FROM HOME,Bobby Bare,RCA Victor,10,10,
1963,49,34,45,QUICKSAND,Martha and the Vandellas,Gordy,3,34,
1963,49,35,48,BABY DON’T YOU WEEP,Garnet Mimms and the Enchanters,United Artists,4,35,
1963,49,36,46,MIDNIGHT MARY,Joey Powers,Amy,5,36,
1963,49,37,25,I ADORE HIM,The Angels,Smash,7,25,
1963,49,38,53,THE NITTY GRITTY,Shirley Ellis,Congress,4,38,
1963,49,39,51,THE BOY NEXT DOOR,The Secrets,Philips,5,39,
1963,49,40,42,BAD GIRL,Neil Sedaka,RCA Victor,4,40,
1963,49,41,28,WALKING PROUD,Steve Lawrence,Columbia,8,26,
1963,49,43,27,FOOLS RUSH IN,Rick Nelson,Decca,13,12,
1963,49,46,29,SATURDAY NIGHT,The New Christy Minstrels,Columbia,7,29,
1963,49,42,52,KANSAS CITY,Trini Lopez,Reprise,4,42,
1963,49,44,41,DOWN THE AISLE (Wedding Song),Patti LaBelle and Her Blue Belles,Newtown,13,37,
1963,49,45,58,TRA LA LA LA SUZY,Dean and Jean,Rust,6,45,
1963,49,47,47,YOUNG WINGS CAN FLY (Higher Than You Know),Ruby and the Romantics,Kapp,7,47,
1963,49,48,56,I GOT A WOMAN,Freddie Scott,Colpix,6,48,
1963,49,49,44,THE MATADOR,Johnny Cash,Columbia,7,44,
1963,49,50,55,MISERY,The Dynamics,Big Top,6,50,
1963,50,1,1,DOMINIQUE,The Singing Nun,Philips,6,1,2 weeks at #1
1963,50,2,4,LOUIE LOUIE,The Kingsmen,Wand,6,2,
1963,50,3,3,EVERYBODY,Tommy Roe,ABC-Paramount,10,3,
1963,50,4,2,I’M LEAVING IT UP TO YOU,Dale and Grace,Montel/Michelle,11,1,
1963,50,5,7,YOU DON’T HAVE TO BE A BABY TO CRY,The Caravelles,Smash,7,5,
1963,50,6,14,SINCE I FELL FOR YOU,Lenny Welch,Cadence,8,6,
1963,50,7,8,BE TRUE TO YOUR SCHOOL,The Beach Boys,Capitol,7,7,
1963,50,8,15,DRIP DROP,Dion DiMucci,Columbia,5,8,
1963,50,9,22,THERE! I’VE SAID IT AGAIN,Bobby Vinton,Epic,3,9,
1963,50,10,10,WALKING THE DOG,Rufus Thomas,Stax,11,10,
1963,50,11,12,LITTLE RED ROOSTER,Sam Cooke,RCA Victor,8,11,
1963,50,12,5,SHE’S A FOOL,Lesley Gore,Mercury,12,5,
1963,50,13,6,SUGAR SHACK,Jimmy Gilmer and the Fireballs,Dot,13,1,
1963,50,14,19,WONDERFUL SUMMER,Robin Ward,Dot,7,14,
1963,50,15,20,LODDY LO,Chubby Checker,Parkway,7,15,
1963,50,16,32,POPSICLES AND ICICLES,The Murmaids,Chattahoochee,4,16,
1963,50,17,9,WASHINGTON SQUARE,The Village Stompers,Epic,13,2,
1963,50,18,26,TALK BACK TREMBLING LIPS,Johnny Tillotson,MGM,6,18,
1963,50,19,16,IT’S ALL RIGHT,The Impressions,ABC-Paramount,12,4,
1963,50,20,25,HAVE YOU HEARD,The Duprees featuring Joey Vann,Coed,6,20,
1963,50,21,11,DEEP PURPLE,Nino Tempo and April Stevens,Atco,14,1,
1963,50,22,24,LIVING A LIE,Al Martino,Capitol,8,22,
1963,50,23,34,QUICKSAND,Martha and the Vandellas,Gordy,4,23,
1963,50,24,27,CAN I GET A WITNESS,Marvin Gaye,Tamla,9,24,
1963,50,25,30,FORGET HIM,Bobby Rydell,Cameo,6,25,
1963,50,26,31,WIVES AND LOVERS,Jack Jones,Kapp,7,26,
1963,50,27,36,MIDNIGHT MARY,Joey Powers,Amy,6,27,
1963,50,28,38,THE NITTY GRITTY,Shirley Ellis,Congress,5,28,
1963,50,29,13,HEY LITTLE GIRL,Major Lance,Okeh,9,13,
1963,50,30,21,I WONDER WHAT SHE’S DOING TONIGHT,Barry and the Tamerlanes,Valiant,9,21,
1963,50,31,42,KANSAS CITY,Trini Lopez,Reprise,5,31,
1963,50,32,35,BABY DON’T YOU WEEP,Garnet Mimms and the Enchanters,United Artists,5,32,
1963,50,33,28,IN MY ROOM,The Beach Boys,Capitol,7,28,
1963,50,34,17,TWENTY FOUR HOURS FROM TULSA,Gene Pitney,Musicor,9,17,
1963,50,35,39,THE BOY NEXT DOOR,The Secrets,Philips,6,35,
1963,50,36,18,(Down At) PAPA JOE’S,The Dixiebelles,Sound Stage 7,12,9,
1963,50,37,29,BOSSA NOVA BABY,Elvis Presley,RCA Victor,9,8,
1963,50,38,23,MARIA ELENA,Los Indios Tabajaras,RCA Victor,13,6,
1963,50,39,40,BAD GIRL,Neil Sedaka,RCA Victor,5,39,
1963,50,40,45,TRA LA LA LA SUZY,Dean and Jean,Rust,7,40,
1963,50,41,33,500 MILES AWAY FROM HOME,Bobby Bare,RCA Victor,11,10,
1963,50,42,66,FOR YOUR PRECIOUS LOVE,Garnet Mimms and the Enchanters,United Artists,4,42,
1963,50,43,41,WALKING PROUD,Steve Lawrence,Columbia,9,26,
1963,50,44,50,MISERY,The Dynamics,Big Top,7,44,
1963,50,45,62,NEED TO BELONG,Jerry Butler,Vee-Jay,4,45,
1963,50,46,52,I HAVE A BOYFRIEND,The Chiffons,Laurie,5,46,
1963,50,47,56,AS LONG AS I KNOW HE’S MINE,The Marvelettes,Tamla,6,47,
1963,50,48,54,TURN AROUND,Dick and DeeDee,Warner Brothers,4,48,
1963,50,49,53,YOU’RE GOOD FOR ME,Solomon Burke,Atlantic,7,49,
1963,50,50,60,I GOTTA DANCE TO KEEP FROM CRYING,The Miracles,Tamla,4,50,
1963,51,1,1,DOMINIQUE,The Singing Nun,Philips,7,1,3 weeks at #1
1963,51,2,2,LOUIE LOUIE,The Kingsmen,Wand,7,2,
1963,51,3,5,YOU DON’T HAVE TO BE A BABY TO CRY,The Caravelles,Smash,8,3,
1963,51,4,9,THERE! I’VE SAID IT AGAIN,Bobby Vinton,Epic,4,4,
1963,51,5,6,SINCE I FELL FOR YOU,Lenny Welch,Cadence,9,5,
1963,51,6,7,BE TRUE TO YOUR SCHOOL,The Beach Boys,Capitol,8,6,
1963,51,7,8,DRIP DROP,Dion DiMucci,Columbia,6,7,
1963,51,8,4,I’M LEAVING IT UP TO YOU,Dale and Grace,Montel/Michelle,12,1,
1963,51,9,3,EVERYBODY,Tommy Roe,ABC-Paramount,11,3,
1963,51,10,16,POPSICLES AND ICICLES,The Murmaids,Chattahoochee,5,10,
1963,51,11,18,TALK BACK TREMBLING LIPS,Johnny Tillotson,MGM,7,11,
1963,51,12,15,LODDY LO,Chubby Checker,Parkway,8,12,
1963,51,13,25,FORGET HIM,Bobby Rydell,Cameo,7,13,
1963,51,14,14,WONDERFUL SUMMER,Robin Ward,Dot,8,14,
1963,51,15,12,SHE’S A FOOL,Lesley Gore,Mercury,13,5,
1963,51,16,10,WALKING THE DOG,Rufus Thomas,Stax,12,10,
1963,51,17,23,QUICKSAND,Martha and the Vandellas,Gordy,5,17,
1963,51,18,20,HAVE YOU HEARD,The Duprees featuring Joey Vann,Coed,7,18,
1963,51,19,11,LITTLE RED ROOSTER,Sam Cooke,RCA Victor,9,11,
1963,51,20,26,WIVES AND LOVERS,Jack Jones,Kapp,8,20,
1963,51,21,35,THE BOY NEXT DOOR,The Secrets,Philips,7,21,
1963,51,22,28,THE NITTY GRITTY,Shirley Ellis,Congress,6,22,
1963,51,23,33,IN MY ROOM,The Beach Boys,Capitol,8,23,
1963,51,24,27,MIDNIGHT MARY,Joey Powers,Amy,7,24,
1963,51,25,31,KANSAS CITY,Trini Lopez,Reprise,6,25,
1963,51,26,24,CAN I GET A WITNESS,Marvin Gaye,Tamla,10,24,
1963,51,27,19,IT’S ALL RIGHT,The Impressions,ABC-Paramount,13,4,
1963,51,28,13,SUGAR SHACK,Jimmy Gilmer and the Fireballs,Dot,14,1,
1963,51,29,22,LIVING A LIE,Al Martino,Capitol,9,22,
1963,51,30,32,BABY DON’T YOU WEEP,Garnet Mimms and the Enchanters,United Artists,6,30,
1963,51,31,54,DRAG CITY,Jan and Dean,Liberty,3,31,
1963,51,32,17,WASHINGTON SQUARE,The Village Stompers,Epic,14,2,
1963,51,33,60,PRETTY PAPER,Roy Orbison,Monument,2,33,
1963,51,34,39,BAD GIRL,Neil Sedaka,RCA Victor,6,34,
1963,51,35,29,HEY LITTLE GIRL,Major Lance,Okeh,10,13,
1963,51,36,42,FOR YOUR PRECIOUS LOVE,Garnet Mimms and the Enchanters,United Artists,5,36,
1963,51,37,34,TWENTY FOUR HOURS FROM TULSA,Gene Pitney,Musicor,10,17,
1963,51,38,48,TURN AROUND,Dick and DeeDee,Warner Brothers,5,38,
1963,51,39,21,DEEP PURPLE,Nino Tempo and April Stevens,Atco,15,1,
1963,51,40,53,THAT LUCKY OLD SUN,Ray Charles,ABC-Paramount,3,40,
1963,51,41,30,I WONDER WHAT SHE’S DOING TONIGHT,Barry and the Tamerlanes,Valiant,10,21,
1963,51,46,40,TRA LA LA LA SUZY,Dean and Jean,Rust,8,40,
1963,51,50,38,MARIA ELENA,Los Indios Tabajaras,RCA Victor,14,6,
1963,51,54,36,(Down At) PAPA JOE’S,The Dixiebelles,Sound Stage 7,13,9,
1963,51,56,37,BOSSA NOVA BABY,Elvis Presley,RCA Victor,10,8,
1963,51,42,52,STEWBALL,"Peter, Paul and Mary",Warner Brothers,4,42,
1963,51,43,45,NEED TO BELONG,Jerry Butler,Vee-Jay,5,43,
1963,51,44,46,I HAVE A BOYFRIEND,The Chiffons,Laurie,6,44,
1963,51,45,51,RAGS TO RICHES,Sunny and the Sunliners,Tear Drop,6,45,
1963,51,47,50,I GOTTA DANCE TO KEEP FROM CRYING,The Miracles,Tamla,5,47,
1963,51,48,75,AS USUAL,Brenda Lee,Decca,2,48,
1963,51,49,49,YOU’RE GOOD FOR ME,Solomon Burke,Atlantic,8,49,
1963,52,1,1,DOMINIQUE,The Singing Nun,Philips,8,1,4 weeks at #1
1963,52,2,4,THERE! I’VE SAID IT AGAIN,Bobby Vinton,Epic,5,2,
1963,52,3,2,LOUIE LOUIE,The Kingsmen,Wand,8,2,
1963,52,4,5,SINCE I FELL FOR YOU,Lenny Welch,Cadence,10,4,
1963,52,5,3,YOU DON’T HAVE TO BE A BABY TO CRY,The Caravelles,Smash,9,3,
1963,52,6,7,DRIP DROP,Dion DiMucci,Columbia,7,6,
1963,52,7,13,FORGET HIM,Bobby Rydell,Cameo,8,7,
1963,52,8,10,POPSICLES AND ICICLES,The Murmaids,Chattahoochee,6,8,
1963,52,9,11,TALK BACK TREMBLING LIPS,Johnny Tillotson,MGM,8,9,
1963,52,10,6,BE TRUE TO YOUR SCHOOL,The Beach Boys,Capitol,9,6,
1963,52,11,24,MIDNIGHT MARY,Joey Powers,Amy,8,11,
1963,52,12,17,QUICKSAND,Martha and the Vandellas,Gordy,6,12,
1963,52,13,22,THE NITTY GRITTY,Shirley Ellis,Congress,7,13,
1963,52,14,12,LODDY LO,Chubby Checker,Parkway,9,12,
1963,52,15,20,WIVES AND LOVERS,Jack Jones,Kapp,9,15,
1963,52,16,8,I’M LEAVING IT UP TO YOU,Dale and Grace,Montel/Michelle,13,1,
1963,52,17,9,EVERYBODY,Tommy Roe,ABC-Paramount,12,3,
1963,52,18,21,THE BOY NEXT DOOR,The Secrets,Philips,8,18,
1963,52,19,33,PRETTY PAPER,Roy Orbison,Monument,3,19,
1963,52,20,48,AS USUAL,Brenda Lee,Decca,3,20,
1963,52,21,53,SURFIN’ BIRD,The Trashmen,Garrett,4,21,
1963,52,22,26,CAN I GET A WITNESS,Marvin Gaye,Tamla,11,22,
1963,52,23,18,HAVE YOU HEARD,The Duprees featuring Joey Vann,Coed,8,18,
1963,52,24,31,DRAG CITY,Jan and Dean,Liberty,4,24,
1963,52,25,25,KANSAS CITY,Trini Lopez,Reprise,7,25,
1963,52,26,14,WONDERFUL SUMMER,Robin Ward,Dot,9,14,
1963,52,27,23,IN MY ROOM,The Beach Boys,Capitol,9,23,
1963,52,28,15,SHE’S A FOOL,Lesley Gore,Mercury,14,5,
1963,52,29,16,WALKING THE DOG,Rufus Thomas,Stax,13,10,
1963,52,30,38,TURN AROUND,Dick and DeeDee,Warner Brothers,6,30,
1963,52,31,36,FOR YOUR PRECIOUS LOVE,Garnet Mimms and the Enchanters,United Artists,6,31,
1963,52,32,40,THAT LUCKY OLD SUN,Ray Charles,ABC-Paramount,4,32,
1963,52,33,34,BAD GIRL,Neil Sedaka,RCA Victor,7,33,
1963,52,34,19,LITTLE RED ROOSTER,Sam Cooke,RCA Victor,10,11,
1963,52,35,42,STEWBALL,"Peter, Paul and Mary",Warner Brothers,5,35,
1963,52,36,30,BABY DON’T YOU WEEP,Garnet Mimms and the Enchanters,United Artists,7,30,
1963,52,37,80,WHISPERING,Nino Tempo and April Stevens,Atco,2,37,
1963,52,38,59,OUT OF LIMITS,The Marketts,Warner Brothers,4,38,
1963,52,39,43,NEED TO BELONG,Jerry Butler,Vee-Jay,6,39,
1963,52,40,55,WHEN THE LOVELIGHT STARTS SHINING THROUGH HIS EYES,The Supremes,Motown,5,40,
1963,52,43,29,LIVING A LIE,Al Martino,Capitol,10,22,
1963,52,44,37,TWENTY FOUR HOURS FROM TULSA,Gene Pitney,Musicor,11,17,
1963,52,47,28,SUGAR SHACK,Jimmy Gilmer and the Fireballs,Dot,15,1,
1963,52,48,27,IT’S ALL RIGHT,The Impressions,ABC-Paramount,14,4,
1963,52,41,44,I HAVE A BOYFRIEND,The Chiffons,Laurie,7,41,
1963,52,42,52,SOMEWHERE,The Tymes,Parkway,4,42,
1963,52,45,47,I GOTTA DANCE TO KEEP FROM CRYING,The Miracles,Tamla,6,45,
1963,52,46,69,HEY LITTLE COBRA,The Rip Chords,Columbia,3,46,
1963,52,49,46,TRA LA LA LA SUZY,Dean and Jean,Rust,9,40,
1963,52,50,45,RAGS TO RICHES,Sunny and the Sunliners,Tear Drop,7,45,
