YEAR,WEEK,TW,LW,TITLE,ARTIST,LABEL,WEEKS_ON_CHART,PEAK_POSITION,WEEKS_AT_1
1964,1,1,2,THERE! I’VE SAID IT AGAIN,Bobby Vinton,Epic,6,1,1 week at #1
1964,1,2,3,LOUIE LOUIE,The Kingsmen,Wand,9,2,
1964,1,3,1,DOMINIQUE,The Singing Nun,Philips,9,1,
1964,1,4,4,SINCE I FELL FOR YOU,Lenny Welch,Cadence,11,4,
1964,1,5,7,FORGET HIM,Bobby Rydell,Cameo,9,5,
1964,1,6,8,POPSICLES AND ICICLES,The Murmaids,Chattahoochee,7,6,
1964,1,7,9,TALK BACK TREMBLING LIPS,Johnny Tillotson,MGM,9,7,
1964,1,9,13,THE NITTY GRITTY,Shirley Ellis,Congress,8,9,
1964,1,10,11,MIDNIGHT MARY,Joey Powers,Amy,9,10,
1964,1,11,5,YOU DON’T HAVE TO BE A BABY TO CRY,The Caravelles,Smash,10,3,
1964,1,12,6,DRIP DROP,Dion DiMucci,Columbia,8,6,
1964,1,13,21,SURFIN’ BIRD,The Trashmen,Garrett,5,13,
1964,1,15,15,WIVES AND LOVERS,Jack Jones,Kapp,10,15,
1964,1,17,24,DRAG CITY,Jan and Dean,Liberty,5,17,
1964,1,19,37,WHISPERING,Nino Tempo and April Stevens,Atco,3,19,
1964,1,20,18,THE BOY NEXT DOOR,The Secrets,Philips,9,18,
1964,1,21,16,I’M LEAVING IT UP TO YOU,Dale and Grace,Montel/Michelle,14,1,
1964,1,23,25,KANSAS CITY,Trini Lopez,Reprise,8,23,
1964,1,25,17,EVERYBODY,Tommy Roe,ABC-Paramount,12,3,
1964,1,27,30,TURN AROUND,Dick and DeeDee,Warner Brothers,7,27,
1964,1,29,31,FOR YOUR PRECIOUS LOVE,Garnet Mimms and the Enchanters,United Artists,7,29,
1964,1,30,23,HAVE YOU HEARD,The Duprees Featuring Joey Vann,Coed,9,18,
1964,1,31,42,SOMEWHERE,The Tymes,Parkway,5,31,
1964,1,32,64,ANYONE WHO HAD A HEART,Dionne Warwick,Scepter,5,32,
1964,1,33,38,OUT OF LIMITS,The Marketts,Warner Brothers,5,33,
1964,1,35,46,HEY LITTLE COBRA,The Rip Chords,Columbia,4,35,
1964,1,37,27,IN MY ROOM,The Beach Boys,Capitol,10,23,
1964,1,38,35,STEWBALL,"Peter, Paul and Mary",Warner Brothers,6,35,
1964,1,39,45,I GOTTA DANCE TO KEEP FROM CRYING,The Miracles,Tamla,7,39,
1964,1,40,52,DAISY PETAL PICKIN’,Jimmy Gilmer and the Fireballs,Dot,4,40,
1964,1,43,26,WONDERFUL SUMMER,Robin Ward,Dot,10,14,
1964,1,46,36,BABY DON’T YOU WEEP,Garnet Mimms and the Enchanters,United Artists,8,30,
1964,1,52,33,BAD GIRL,Neil Sedaka,RCA Victor,8,33,
1964,1,44,55,HOOKA TOOKA,Chubby Checker,Parkway,5,44,
1964,1,45,49,TRA LA LA LA SUZY,Dean and Jean,Rust,10,40,
1964,1,47,56,THE MARVELOUS TOY,The Chad Mitchell Trio,Mercury,6,47,
1964,1,48,51,GIRLS GROW UP FASTER THAN BOYS,The Cookies,Dimension,6,48,
1964,1,49,72,YOU DON’T OWN ME,Lesley Gore,Mercury,2,49,
1964,2,1,1,THERE! I’VE SAID IT AGAIN,Bobby Vinton,Epic,7,1,2 weeks at #1
1964,2,2,2,LOUIE LOUIE,The Kingsmen,Wand,10,2,
1964,2,3,6,POPSICLES AND ICICLES,The Murmaids,Chattahoochee,8,3,
1964,2,4,3,DOMINIQUE,The Singing Nun,Philips,10,1,
1964,2,5,5,FORGET HIM,Bobby Rydell,Cameo,10,5,
1964,2,6,4,SINCE I FELL FOR YOU,Lenny Welch,Cadence,12,4,
1964,2,7,13,SURFIN’ BIRD,The Trashmen,Garrett,6,7,
1964,2,8,9,THE NITTY GRITTY,Shirley Ellis,Congress,9,8,
1964,2,9,7,TALK BACK TREMBLING LIPS,Johnny Tillotson,MGM,10,7,
1964,2,10,10,MIDNIGHT MARY,Joey Powers,Amy,10,10,
1964,2,11,8,QUICKSAND,Martha and the Vandellas,Gordy,8,8,
1964,2,12,14,AS USUAL,Brenda Lee,Decca,5,12,
1964,2,13,17,DRAG CITY,Jan and Dean,Liberty,6,13,
1964,2,14,15,WIVES AND LOVERS,Jack Jones,Kapp,11,14,
1964,2,15,16,PRETTY PAPER,Roy Orbison,Monument,5,15,
1964,2,16,19,WHISPERING,Nino Tempo and April Stevens,Atco,4,16,
1964,2,17,11,YOU DON’T HAVE TO BE A BABY TO CRY,The Caravelles,Smash,11,3,
1964,2,18,12,DRIP DROP,Dion DiMucci,Columbia,9,6,
1964,2,19,35,HEY LITTLE COBRA,The Rip Chords,Columbia,5,19,
1964,2,20,33,OUT OF LIMITS,The Marketts,Warner Brothers,6,20,
1964,2,21,26,THAT LUCKY OLD SUN,Ray Charles,ABC-Paramount,6,21,
1964,2,22,32,ANYONE WHO HAD A HEART,Dionne Warwick,Scepter,6,22,
1964,2,23,28,WHEN THE LOVELIGHT STARTS SHINING THROUGH HIS EYES,The Supremes,Motown,7,23,
1964,2,24,24,CAN I GET A WITNESS,Marvin Gaye,Tamla,13,22,
1964,2,25,31,SOMEWHERE,The Tymes,Parkway,6,25,
1964,2,26,29,FOR YOUR PRECIOUS LOVE,Garnett Mimms and the Enchanters,United Artists,8,26,
1964,2,27,41,FOR YOU,Rick Nelson,Decca,3,27,
1964,2,28,22,LODDY LO,Chubby Checker,Parkway,11,12,
1964,2,29,23,KANSAS CITY,Trini Lopez,Reprise,9,23,
1964,2,30,40,DAISY PETAL PICKIN’,Jimmy Gilmer and the Fireballs,Dot,5,30,
1964,2,31,58,"UM, UM, UM, UM, UM, UM",Major Lance,Okeh,2,31,
1964,2,32,42,"BABY, I LOVE YOU",The Ronettes,Philles,4,32,
1964,2,33,44,HOOKA TOOKA,Chubby Checker,Parkway,6,33,
1964,2,34,34,NEED TO BELONG,Jerry Butler,Vee-Jay,8,34,
1964,2,35,39,I GOTTA DANCE TO KEEP FROM CRYING,The Miracles,Tamla,8,35,
1964,2,36,27,TURN AROUND,Dick and DeeDee,Warner Brothers,8,27,
1964,2,37,49,YOU DON’T OWN ME,Lesley Gore,Mercury,3,37,
1964,2,38,18,BE TRUE TO YOUR SCHOOL,The Beach Boys,Capitol,11,6,
1964,2,39,21,I’M LEAVING IT UP TO YOU,Dale and Grace,Montel/Michelle,15,1,
1964,2,40,20,THE BOY NEXT DOOR,The Secrets,Philips,10,18,
1964,2,41,25,EVERYBODY,Tommy Roe,ABC-Paramount,13,3,
1964,2,44,37,IN MY ROOM,The Beach Boys,Capitol,11,23,
1964,2,45,36,I HAVE A BOYFRIEND,The Chiffons,Laurie,9,36,
1964,2,48,38,STEWBALL,"Peter, Paul and Mary",Warner Brothers,7,35,
1964,2,49,30,HAVE YOU HEARD,The Duprees Featuring Joey Vann,Coed,10,18,
1964,2,42,45,TRA LA LA LA SUZY,Dean and Jean,Rust,11,40,
1964,2,43,48,GIRLS GROW UP FASTER THAN BOYS,The Cookies,Dimension,7,43,
1964,2,46,47,THE MARVELOUS TOY,The Chad Mitchell Trio,Mercury,7,46,
1964,2,50,46,BABY DON’T YOU WEEP,Garnett Mimms and the Enchanters,United Artists,9,30,
1964,3,1,1,THERE! I’VE SAID IT AGAIN,Bobby Vinton,Epic,8,1,3 weeks at #1
1964,3,2,2,LOUIE LOUIE,The Kingsmen,Wand,11,2,
1964,3,3,3,POPSICLES AND ICICLES,The Murmaids,Chattahoochee,9,3,
1964,3,4,5,FORGET HIM,Bobby Rydell,Cameo,11,4,
1964,3,5,7,SURFIN’ BIRD,The Trashmen,Garrett,7,5,
1964,3,6,4,DOMINIQUE,The Singing Nun,Philips,11,1,
1964,3,7,19,HEY LITTLE COBRA,The Rip Chords,Columbia,6,7,
1964,3,8,8,THE NITTY GRITTY,Shirley Ellis,Congress,10,8,
1964,3,9,20,OUT OF LIMITS,The Marketts,Warner Brothers,7,9,
1964,3,10,13,DRAG CITY,Jan and Dean,Liberty,7,10,
1964,3,11,16,WHISPERING,Nino Tempo and April Stevens,Atco,5,11,
1964,3,12,12,AS USUAL,Brenda Lee,Decca,6,12,
1964,3,13,6,SINCE I FELL FOR YOU,Lenny Welch,Cadence,13,4,
1964,3,14,31,"UM, UM, UM, UM, UM, UM",Major Lance,Okeh,3,14,
1964,3,15,10,MIDNIGHT MARY,Joey Powers,Amy,11,10,
1964,3,16,9,TALK BACK TREMBLING LIPS,Johnny Tillotson,MGM,11,7,
1964,3,17,22,ANYONE WHO HAD A HEART,Dionne Warwick,Scepter,7,17,
1964,3,18,37,YOU DON’T OWN ME,Lesley Gore,Mercury,4,18,
1964,3,19,27,FOR YOU,Rick Nelson,Decca,4,19,
1964,3,20,21,THAT LUCKY OLD SUN,Ray Charles,ABC-Paramount,7,20,
1964,3,21,11,QUICKSAND,Martha and the Vandellas,Gordy,9,8,
1964,3,22,14,WIVES AND LOVERS,Jack Jones,Kapp,12,14,
1964,3,23,30,DAISY PETAL PICKIN’,Jimmy Gilmer and the Fireballs,Dot,6,23,
1964,3,24,25,SOMEWHERE,The Tymes,Parkway,7,24,
1964,3,25,23,WHEN THE LOVELIGHT STARTS SHINING THROUGH HIS EYES,The Supremes,Motown,8,23,
1964,3,26,15,PRETTY PAPER,Roy Orbison,Monument,6,15,
1964,3,27,17,YOU DON’T HAVE TO BE A BABY TO CRY,The Caravelles,Smash,12,3,
1964,3,28,32,"BABY, I LOVE YOU",The Ronettes,Philles,5,28,
1964,3,29,18,DRIP DROP,Dion DiMucci,Columbia,10,6,
1964,3,30,33,HOOKA TOOKA,Chubby Checker,Parkway,7,30,
1964,3,31,34,NEED TO BELONG,Jerry Butler,Vee-Jay,9,31,
1964,3,32,24,CAN I GET A WITNESS,Marvin Gaye,Tamla,14,22,
1964,3,33,29,KANSAS CITY,Trini Lopez,Reprise,10,23,
1964,3,34,43,GIRLS GROW UP FASTER THAN BOYS,The Cookies,Dimension,8,34,
1964,3,35,42,TRA LA LA LA SUZY,Dean and Jean,Rust,12,35,
1964,3,36,28,LODDY LO,Chubby Checker,Parkway,12,12,
1964,3,37,26,FOR YOUR PRECIOUS LOVE,Garnet Mimms and the Enchanters,United Artists,9,26,
1964,3,38,35,I GOTTA DANCE TO KEEP FROM CRYING,The Miracles,Tamla,9,35,
1964,3,39,51,WHAT KIND OF FOOL (Do You Think I Am),The Tams,ABC-Paramount,6,39,
1964,3,40,47,IT’S ALL IN THE GAME,Cliff Richard,Epic,7,40,
1964,3,41,36,TURN AROUND,Dick and DeeDee,Warner Brothers,9,27,
1964,3,46,38,BE TRUE TO YOUR SCHOOL,The Beach Boys,Capitol,12,6,
1964,3,42,53,CHARADE,Henry Mancini and His Orchestra,RCA Victor,7,42,
1964,3,43,46,THE MARVELOUS TOY,The Chad Mitchell Trio,Mercury,8,43,
1964,3,44,52,I CAN’T STOP TALKING ABOUT YOU,Steve and Eydie,Columbia,5,44,
1964,3,48,65,A FOOL NEVER LEARNS,Andy Williams,Columbia,2,48,
1964,3,49,56,IN THE SUMMER OF HIS YEARS,Connie Francis,MGM,4,49,
1964,4,1,1,THERE! I’VE SAID IT AGAIN,Bobby Vinton,Epic,9,1,4 weeks at #1
1964,4,2,2,LOUIE LOUIE,The Kingsmen,Wand,12,2,
1964,4,3,45,I WANT TO HOLD YOUR HAND,The Beatles,Capitol,2,3,
1964,4,4,5,SURFIN’ BIRD,The Trashmen,Garrett,8,4,
1964,4,5,3,POPSICLES AND ICICLES,The Murmaids,Chattahoochee,10,3,
1964,4,6,9,OUT OF LIMITS,The Marketts,Warner Brothers,8,6,
1964,4,7,7,HEY LITTLE COBRA,The Rip Chords,Columbia,7,7,
1964,4,8,4,FORGET HIM,Bobby Rydell,Cameo,12,4,
1964,4,9,14,"UM, UM, UM, UM, UM, UM",Major Lance,Okeh,4,9,
1964,4,10,10,DRAG CITY,Jan and Dean,Liberty,8,10,
1964,4,11,11,WHISPERING,Nino Tempo and April Stevens,Atco,6,11,
1964,4,12,12,AS USUAL,Brenda Lee,Decca,7,12,
1964,4,13,18,YOU DON’T OWN ME,Lesley Gore,Mercury,5,13,
1964,4,14,19,FOR YOU,Rick Nelson,Decca,5,14,
1964,4,15,6,DOMINIQUE,The Singing Nun,Philips,12,1,
1964,4,16,17,ANYONE WHO HAD A HEART,Dionne Warwick,Scepter,8,16,
1964,4,17,8,THE NITTY GRITTY,Shirley Ellis,Congress,11,8,
1964,4,18,23,DAISY PETAL PICKIN’,Jimmy Gilmer and the Fireballs,Dot,7,18,
1964,4,19,13,SINCE I FELL FOR YOU,Lenny Welch,Cadence,14,4,
1964,4,20,20,THAT LUCKY OLD SUN,Ray Charles,ABC-Paramount,8,20,
1964,4,21,24,SOMEWHERE,The Tymes,Parkway,8,21,
1964,4,22,21,QUICKSAND,Martha and the Vandellas,Gordy,10,8,
1964,4,23,15,MIDNIGHT MARY,Joey Powers,Amy,12,10,
1964,4,24,25,WHEN THE LOVELIGHT STARTS SHINING THROUGH HIS EYES,The Supremes,Motown,9,23,
1964,4,25,50,TALKING ABOUT MY BABY,The Impressions,ABC-Paramount,2,25,
1964,4,26,28,"BABY, I LOVE YOU",The Ronettes,Philles,6,26,
1964,4,27,30,HOOKA TOOKA,Chubby Checker,Parkway,8,27,
1964,4,28,22,WIVES AND LOVERS,Jack Jones,Kapp,13,14,
1964,4,29,16,TALK BACK TREMBLING LIPS,Johnny Tillotson,MGM,12,7,
1964,4,30,48,A FOOL NEVER LEARNS,Andy Williams,Columbia,3,30,
1964,4,31,27,YOU DON’T HAVE TO BE A BABY TO CRY,The Caravelles,Smash,13,3,
1964,4,32,32,CAN I GET A WITNESS,Marvin Gaye,Tamla,15,22,
1964,4,33,39,WHAT KIND OF FOOL (Do You Think I Am),The Tams,ABC-Paramount,7,33,
1964,4,34,34,GIRLS GROW UP FASTER THAN BOYS,The Cookies,Dimension,9,34,
1964,4,35,31,NEED TO BELONG,Jerry Butler,Vee-Jay,10,31,
1964,4,36,53,JAVA,Al Hirt,RCA Victor,4,36,
1964,4,37,40,IT’S ALL IN THE GAME,Cliff Richard,Epic,8,37,
1964,4,38,47,WHAT’S EASY FOR TWO IS SO HARD FOR ONE,Mary Wells,Motown,10,38,
1964,4,39,44,I CAN’T STOP TALKING ABOUT YOU,Steve and Eydie,Columbia,6,39,
1964,4,40,42,CHARADE,Henry Mancini and His Orchestra,RCA Victor,8,40,
1964,4,41,29,DRIP DROP,Dion DiMucci,Columbia,11,6,
1964,4,42,38,I GOTTA DANCE TO KEEP FROM CRYING,The Miracles,Tamla,10,35,
1964,4,43,26,PRETTY PAPER,Roy Orbison,Monument,7,15,
1964,4,44,35,TRA LA LA LA SUZY,Dean and Jean,Rust,13,35,
1964,4,47,36,LODDY LO,Chubby Checker,Parkway,13,12,
1964,4,45,55,COMIN’ IN THE BACK DOOR,The Baja Marimba Band,Almo International,6,45,
1964,4,46,49,IN THE SUMMER OF HIS YEARS,Connie Francis,MGM,5,46,
1964,4,48,66,YOU’LL NEVER WALK ALONE,Patti LaBelle and the Blue Belles,Nicetown/Parkway,4,48,
1964,4,49,63,HARLEM SHUFFLE,Bob and Earl,Marc,6,49,
1964,4,50,65,THE SHELTER OF YOUR ARMS,"Sammy Davis, Jr.",Reprise,8,50,
1964,5,1,3,I WANT TO HOLD YOUR HAND,The Beatles,Capitol,3,1,1 week at #1
1964,5,2,13,YOU DON’T OWN ME,Lesley Gore,Mercury,6,2,
1964,5,3,6,OUT OF LIMITS,The Marketts,Warner Brothers,9,3,
1964,5,4,4,SURFIN’ BIRD,The Trashmen,Garrett,9,4,
1964,5,5,7,HEY LITTLE COBRA,The Rip Chords,Columbia,8,5,
1964,5,6,2,LOUIE LOUIE,The Kingsmen,Wand,13,2,
1964,5,7,1,THERE! I’VE SAID IT AGAIN,Bobby Vinton,Epic,10,1,
1964,5,8,9,"UM, UM, UM, UM, UM, UM",Major Lance,Okeh,5,8,
1964,5,9,16,ANYONE WHO HAD A HEART,Dionne Warwick,Scepter,9,9,
1964,5,10,14,FOR YOU,Rick Nelson,Decca,6,10,
1964,5,11,5,POPSICLES AND ICICLES,The Murmaids,Chattahoochee,11,3,
1964,5,12,8,FORGET HIM,Bobby Rydell,Cameo,13,4,
1964,5,13,10,DRAG CITY,Jan and Dean,Liberty,9,10,
1964,5,14,11,WHISPERING,Nino Tempo and April Stevens,Atco,7,11,
1964,5,15,25,TALKING ABOUT MY BABY,The Impressions,ABC-Paramount,3,15,
1964,5,16,12,AS USUAL,Brenda Lee,Decca,8,12,
1964,5,17,33,WHAT KIND OF FOOL (Do You Think I Am),The Tams,ABC-Paramount,8,17,
1964,5,18,18,DAISY PETAL PICKIN’,Jimmy Gilmer and the Fireballs,Dot,8,18,
1964,5,19,21,SOMEWHERE,The Tymes,Parkway,9,19,
1964,5,20,27,HOOKA TOOKA,Chubby Checker,Parkway,9,20,
1964,5,21,69,SHE LOVES YOU,The Beatles,Swan,2,21,
1964,5,22,30,A FOOL NEVER LEARNS,Andy Williams,Columbia,4,22,
1964,5,23,36,JAVA,Al Hirt,RCA Victor,5,23,
1964,5,24,26,"BABY, I LOVE YOU",The Ronettes,Philles,7,24,
1964,5,25,17,THE NITTY GRITTY,Shirley Ellis,Congress,12,8,
1964,5,26,19,SINCE I FELL FOR YOU,Lenny Welch,Cadence,15,4,
1964,5,27,24,WHEN THE LOVELIGHT STARTS SHINING THROUGH HIS EYES,The Supremes,Motown,10,23,
1964,5,28,37,IT’S ALL IN THE GAME,Cliff Richard,Epic,9,28,
1964,5,29,23,MIDNIGHT MARY,Joey Powers,Amy,13,10,
1964,5,30,15,DOMINIQUE,The Singing Nun,Philips,13,1,
1964,5,31,22,QUICKSAND,Martha and the Vandellas,Gordy,11,8,
1964,5,32,28,WIVES AND LOVERS,Jack Jones,Kapp,14,14,
1964,5,33,34,GIRLS GROW UP FASTER THAN BOYS,The Cookies,Dimension,10,33,
1964,5,34,29,TALK BACK TREMBLING LIPS,Johnny Tillotson,MGM,13,7,
1964,5,35,56,LETTER FROM SHERRY,Dale Ward,Dot,6,35,
1964,5,36,40,CHARADE,Henry Mancini and His Orchestra,RCA Victor,9,36,
1964,5,37,39,I CAN’T STOP TALKING ABOUT YOU,Steve and Eydie,Columbia,7,37,
1964,5,38,70,CALIFORNIA SUN,The Rivieras,Riviera,2,38,
1964,5,39,20,THAT LUCKY OLD SUN,Ray Charles,ABC-Paramount,9,20,
1964,5,40,50,THE SHELTER OF YOUR ARMS,"Sammy Davis, Jr.",Reprise,9,40,
1964,5,45,35,NEED TO BELONG,Jerry Butler,Vee-Jay,11,31,
1964,5,47,32,CAN I GET A WITNESS,Marvin Gaye,Tamla,16,22,
1964,5,48,38,WHAT’S EASY FOR TWO IS SO HARD FOR ONE,Mary Wells,Motown,11,38,
1964,5,41,48,YOU’LL NEVER WALK ALONE,Patti LaBelle and the Blue Belles,Nicetown/Parkway,5,41,
1964,5,42,45,COMIN’ IN THE BACK DOOR,The Baja Marimba Band,Almo International,7,42,
1964,5,43,66,STOP AND THINK IT OVER,Dale and Grace,Montel/Michelle,2,43,
1964,5,44,61,SOUTHTOWN U.S.A.,The Dixiebelles,Sound Stage 7,3,44,
1964,5,46,49,HARLEM SHUFFLE,Bob and Earl,Marc,7,46,
1964,5,49,52,"MY ONE AND ONLY, JIMMY BOY",The Girlfriends,Colpix,6,49,
1964,5,50,54,DUMB HEAD,Ginny Arnell,MGM,11,50,
1964,6,1,1,I WANT TO HOLD YOUR HAND,The Beatles,Capitol,4,1,2 weeks at #1
1964,6,2,2,YOU DON’T OWN ME,Lesley Gore,Mercury,7,2,
1964,6,3,3,OUT OF LIMITS,The Marketts,Warner Brothers,10,3,
1964,6,4,5,HEY LITTLE COBRA,The Rip Chords,Columbia,9,4,
1964,6,5,8,"UM, UM, UM, UM, UM, UM",Major Lance,Okeh,6,5,
1964,6,6,4,SURFIN’ BIRD,The Trashmen,Garrett,10,4,
1964,6,7,21,SHE LOVES YOU,The Beatles,Swan,3,7,
1964,6,8,10,FOR YOU,Rick Nelson,Decca,7,8,
1964,6,9,9,ANYONE WHO HAD A HEART,Dionne Warwick,Scepter,10,9,
1964,6,10,7,THERE! I’VE SAID IT AGAIN,Bobby Vinton,Epic,11,1,
1964,6,11,17,WHAT KIND OF FOOL (Do You Think I Am),The Tams,ABC-Paramount,9,11,
1964,6,12,15,TALKING ABOUT MY BABY,The Impressions,ABC-Paramount,4,12,
1964,6,13,23,JAVA,Al Hirt,RCA Victor,6,13,
1964,6,14,6,LOUIE LOUIE,The Kingsmen,Wand,14,2,
1964,6,15,18,DAISY PETAL PICKIN’,Jimmy Gilmer and the Fireballs,Dot,9,15,
1964,6,16,22,A FOOL NEVER LEARNS,Andy Williams,Columbia,5,16,
1964,6,17,20,HOOKA TOOKA,Chubby Checker,Parkway,10,17,
1964,6,18,12,FORGET HIM,Bobby Rydell,Cameo,14,4,
1964,6,19,11,POPSICLES AND ICICLES,The Murmaids,Chattahoochee,12,3,
1964,6,20,14,WHISPERING,Nino Tempo and April Stevens,Atco,8,11,
1964,6,21,13,DRAG CITY,Jan and Dean,Liberty,10,10,
1964,6,22,19,SOMEWHERE,The Tymes,Parkway,10,19,
1964,6,23,38,CALIFORNIA SUN,The Rivieras,Riviera,3,23,
1964,6,24,75,DAWN (Go Away),The Four Seasons,Philips,2,24,
1964,6,25,16,AS USUAL,Brenda Lee,Decca,9,12,
1964,6,26,43,STOP AND THINK IT OVER,Dale and Grace,Montel/Michelle,3,26,
1964,6,27,28,IT’S ALL IN THE GAME,Cliff Richard,Epic,10,27,
1964,6,28,24,"BABY, I LOVE YOU",The Ronettes,Philles,8,24,
1964,6,29,44,SOUTHTOWN U.S.A.,The Dixiebelles,Sound Stage 7,4,29,
1964,6,30,35,LETTER FROM SHERRY,Dale Ward,Dot,7,30,
1964,6,31,25,THE NITTY GRITTY,Shirley Ellis,Congress,13,8,
1964,6,32,26,SINCE I FELL FOR YOU,Lenny Welch,Cadence,16,4,
1964,6,33,48,WHAT’S EASY FOR TWO IS SO HARD FOR ONE,Mary Wells,Motown,12,33,
1964,6,34,41,YOU’LL NEVER WALK ALONE,Patti LaBelle and the Blue Belles,Nicetown/Parkway,6,34,
1964,6,35,37,I CAN’T STOP TALKING ABOUT YOU,Steve and Eydie,Columbia,8,35,
1964,6,36,27,WHEN THE LOVELIGHT STARTS SHINING THROUGH HIS EYES,The Supremes,Motown,11,23,
1964,6,37,33,GIRLS GROW UP FASTER THAN BOYS,The Cookies,Dimension,11,33,
1964,6,38,40,THE SHELTER OF YOUR ARMS,"Sammy Davis, Jr.",Reprise,10,38,
1964,6,39,36,CHARADE,Henry Mancini and His Orchestra,RCA Victor,10,36,
1964,6,40,51,COME ON,Tommy Roe,ABC-Paramount,4,40,
1964,6,43,31,QUICKSAND,Martha and the Vandellas,Gordy,12,8,
1964,6,41,42,COMIN’ IN THE BACK DOOR,The Baja Marimba Band,Almo International,8,41,
1964,6,42,71,NAVY BLUE,Diane Renay,20th Century,3,42,
1964,6,44,46,HARLEM SHUFFLE,Bob and Earl,Marc,8,44,
1964,6,45,55,SEE THE FUNNY LITTLE CLOWN,Bobby Goldsboro,United Artists,5,45,
1964,6,46,79,I LOVE YOU MORE AND MORE EVERY DAY,Al Martino,Capitol,2,46,
1964,6,47,54,OH BABY DON’T YOU WEEP (Part 1),James Brown and the Famous Flames,King,3,47,
1964,6,48,77,GOOD NEWS,Sam Cooke,RCA Victor,3,48,
1964,6,49,76,WOW WOW WEE (He’s the Boy For Me),The Angels,Smash,4,49,
1964,6,50,66,ABIGAIL BEECHER,Freddy Cannon,Warner Brothers,2,50,
1964,7,1,1,I WANT TO HOLD YOUR HAND,The Beatles,Capitol,5,1,3 weeks at #1
1964,7,2,2,YOU DON’T OWN ME,Lesley Gore,Mercury,8,2,
1964,7,3,7,SHE LOVES YOU,The Beatles,Swan,4,3,
1964,7,4,4,HEY LITTLE COBRA,The Rip Chords,Columbia,10,4,
1964,7,5,5,"UM, UM, UM, UM, UM, UM",Major Lance,Okeh,7,5,
1964,7,6,8,FOR YOU,Rick Nelson,Decca,8,6,
1964,7,7,3,OUT OF LIMITS,The Marketts,Warner Brothers,11,3,
1964,7,8,9,ANYONE WHO HAD A HEART,Dionne Warwick,Scepter,11,8,
1964,7,9,13,JAVA,Al Hirt,RCA Victor,7,9,
1964,7,10,11,WHAT KIND OF FOOL (Do You Think I Am),The Tams,ABC-Paramount,10,10,
1964,7,11,24,DAWN (Go Away),The Four Seasons,Philips,3,11,
1964,7,12,12,TALKING ABOUT MY BABY,The Impressions,ABC-Paramount,5,12,
1964,7,13,16,A FOOL NEVER LEARNS,Andy Williams,Columbia,6,13,
1964,7,14,23,CALIFORNIA SUN,The Rivieras,Riviera,4,14,
1964,7,15,6,SURFIN’ BIRD,The Trashmen,Garrett,11,4,
1964,7,16,26,STOP AND THINK IT OVER,Dale and Grace,Montel/Michelle,4,16,
1964,7,17,17,HOOKA TOOKA,Chubby Checker,Parkway,11,17,
1964,7,18,10,THERE! I’VE SAID IT AGAIN,Bobby Vinton,Epic,12,1,
1964,7,19,15,DAISY PETAL PICKIN’,Jimmy Gilmer and the Fireballs,Dot,10,15,
1964,7,20,29,SOUTHTOWN U.S.A.,The Dixiebelles,Sound Stage 7,5,20,
1964,7,21,42,NAVY BLUE,Diane Renay,20th Century,4,21,
1964,7,22,45,SEE THE FUNNY LITTLE CLOWN,Bobby Goldsboro,United Artists,6,22,
1964,7,23,14,LOUIE LOUIE,The Kingsmen,Wand,15,2,
1964,7,24,18,FORGET HIM,Bobby Rydell,Cameo,15,4,
1964,7,25,27,IT’S ALL IN THE GAME,Cliff Richard,Epic,11,25,
1964,7,26,30,LETTER FROM SHERRY,Dale Ward,Dot,8,26,
1964,7,27,54,I ONLY WANT TO BE WITH YOU,Dusty Springfield,Philips,4,27,
1964,7,28,19,POPSICLES AND ICICLES,The Murmaids,Chattahoochee,13,3,
1964,7,29,48,GOOD NEWS,Sam Cooke,RCA Victor,4,29,
1964,7,30,38,THE SHELTER OF YOUR ARMS,"Sammy Davis, Jr.",Reprise,11,30,
1964,7,31,33,WHAT’S EASY FOR TWO IS SO HARD FOR ONE,Mary Wells,Motown,13,31,
1964,7,32,28,"BABY, I LOVE YOU",The Ronettes,Philles,9,24,
1964,7,33,46,I LOVE YOU MORE AND MORE EVERY DAY,Al Martino,Capitol,3,33,
1964,7,34,25,AS USUAL,Brenda Lee,Decca,10,12,
1964,7,35,47,OH BABY DON’T YOU WEEP (Part 1),James Brown and the Famous Flames,King,4,35,
1964,7,36,50,ABIGAIL BEECHER,Freddy Cannon,Warner Brothers,3,36,
1964,7,37,39,CHARADE,Henry Mancini and His Orchestra,RCA Victor,11,36,
1964,7,38,40,COME ON,Tommy Roe,ABC-Paramount,5,38,
1964,7,39,51,GOING GOING GONE,Brook Benton,Mercury,4,39,
1964,7,40,21,DRAG CITY,Jan and Dean,Liberty,11,10,
1964,7,42,22,SOMEWHERE,The Tymes,Parkway,11,19,
1964,7,43,34,YOU’LL NEVER WALK ALONE,Patti LaBelle and the Blue Belles,Nicetown/Parkway,7,34,
1964,7,44,20,WHISPERING,Nino Tempo and April Stevens,Atco,9,11,
1964,7,49,31,THE NITTY GRITTY,Shirley Ellis,Congress,14,8,
1964,7,53,35,I CAN’T STOP TALKING ABOUT YOU,Steve and Eydie,Columbia,9,35,
1964,7,41,49,WOW WOW WEE (He’s the Boy For Me),The Angels,Smash,5,41,
1964,7,45,57,PLEASE PLEASE ME,The Beatles,Vee-Jay,3,45,
1964,7,46,58,WHO DO YOU LOVE,The Sapphires,Swan,6,46,
1964,7,47,63,GONNA SEND YOU BACK TO GEORGIA (A City Slick),Timmy Shaw,Wand,4,47,
1964,7,48,52,VAYA CON DIOS,The Drifters,Atlantic,3,48,
1964,7,50,53,I WISH YOU LOVE,Gloria Lynne,Everest,6,50,
1964,8,1,1,I WANT TO HOLD YOUR HAND,The Beatles,Capitol,6,1,4 weeks at #1
1964,8,2,3,SHE LOVES YOU,The Beatles,Swan,5,2,
1964,8,3,11,DAWN (Go Away),The Four Seasons,Philips,4,3,
1964,8,4,2,YOU DON’T OWN ME,Lesley Gore,Mercury,9,2,
1964,8,5,9,JAVA,Al Hirt,RCA Victor,8,5,
1964,8,6,5,"UM, UM, UM, UM, UM, UM",Major Lance,Okeh,8,5,
1964,8,7,4,HEY LITTLE COBRA,The Rip Chords,Columbia,11,4,
1964,8,8,14,CALIFORNIA SUN,The Rivieras,Riviera,5,8,
1964,8,9,10,WHAT KIND OF FOOL (Do You Think I Am),The Tams,ABC-Paramount,11,9,
1964,8,10,21,NAVY BLUE,Diane Renay,20th Century,5,10,
1964,8,11,6,FOR YOU,Rick Nelson,Decca,9,6,
1964,8,12,16,STOP AND THINK IT OVER,Dale and Grace,Montel/Michelle,5,12,
1964,8,13,7,OUT OF LIMITS,The Marketts,Warner Brothers,12,3,
1964,8,14,12,TALKING ABOUT MY BABY,The Impressions,ABC-Paramount,6,12,
1964,8,15,20,SOUTHTOWN U.S.A.,The Dixiebelles,Sound Stage 7,6,15,
1964,8,16,8,ANYONE WHO HAD A HEART,Dionne Warwick,Scepter,12,8,
1964,8,17,22,SEE THE FUNNY LITTLE CLOWN,Bobby Goldsboro,United Artists,7,17,
1964,8,18,13,A FOOL NEVER LEARNS,Andy Williams,Columbia,7,13,
1964,8,19,17,HOOKA TOOKA,Chubby Checker,Parkway,12,17,
1964,8,20,27,I ONLY WANT TO BE WITH YOU,Dusty Springfield,Philips,5,20,
1964,8,21,29,GOOD NEWS,Sam Cooke,RCA Victor,5,21,
1964,8,22,15,SURFIN’ BIRD,The Trashmen,Garrett,12,4,
1964,8,23,36,ABIGAIL BEECHER,Freddy Cannon,Warner Brothers,4,23,
1964,8,24,33,I LOVE YOU MORE AND MORE EVERY DAY,Al Martino,Capitol,4,24,
1964,8,25,26,LETTER FROM SHERRY,Dale Ward,Dot,9,25,
1964,8,26,30,THE SHELTER OF YOUR ARMS,"Sammy Davis, Jr.",Reprise,12,26,
1964,8,27,69,"FUN, FUN, FUN",The Beach Boys,Capitol,2,27,
1964,8,28,23,LOUIE LOUIE,The Kingsmen,Wand,16,2,
1964,8,29,45,PLEASE PLEASE ME,The Beatles,Vee-Jay,4,29,
1964,8,30,55,PENETRATION,The Pyramids,Best,4,30,
1964,8,31,31,WHAT’S EASY FOR TWO IS SO HARD FOR ONE,Mary Wells,Motown,14,31,
1964,8,32,35,OH BABY DON’T YOU WEEP (Part 1),James Brown and the Famous Flames,King,5,32,
1964,8,33,25,IT’S ALL IN THE GAME,Cliff Richard,Epic,12,25,
1964,8,34,24,FORGET HIM,Bobby Rydell,Cameo,16,4,
1964,8,35,54,I SAW HER STANDING THERE,The Beatles,Capitol,3,35,
1964,8,36,39,GOING GOING GONE,Brook Benton,Mercury,5,36,
1964,8,37,46,WHO DO YOU LOVE,The Sapphires,Swan,7,37,
1964,8,38,38,COME ON,Tommy Roe,ABC-Paramount,6,38,
1964,8,39,19,DAISY PETAL PICKIN’,Jimmy Gilmer and the Fireballs,Dot,11,15,
1964,8,40,18,THERE! I’VE SAID IT AGAIN,Bobby Vinton,Epic,13,1,
1964,8,48,34,AS USUAL,Brenda Lee,Decca,11,12,
1964,8,50,28,POPSICLES AND ICICLES,The Murmaids,Chattahoochee,14,3,
1964,8,41,41,WOW WOW WEE (He’s the Boy For Me),The Angels,Smash,6,41,
1964,8,42,57,HI-HEEL SNEAKERS,Tommy Tucker,Checker,3,42,
1964,8,43,61,BIRD DANCE BEAT,The Trashmen,Garrett,3,43,
1964,8,44,50,I WISH YOU LOVE,Gloria Lynne,Everest,7,44,
1964,8,45,47,GONNA SEND YOU BACK TO GEORGIA (A City Slick),Timmy Shaw,Wand,5,45,
1964,8,46,48,VAYA CON DIOS,The Drifters,Atlantic,4,46,
1964,8,47,58,LIVE WIRE,Martha and the Vandellas,Gordy,3,47,
1964,8,49,51,THAT GIRL BELONGS TO YESTERDAY,Gene Pitney,Musicor,6,49,
1964,9,1,1,I WANT TO HOLD YOUR HAND,The Beatles,Capitol,7,1,5 weeks at #1
1964,9,2,2,SHE LOVES YOU,The Beatles,Swan,6,2,
1964,9,3,3,DAWN (Go Away),The Four Seasons,Philips,5,3,
1964,9,4,5,JAVA,Al Hirt,RCA Victor,9,4,
1964,9,5,8,CALIFORNIA SUN,The Rivieras,Riviera,6,5,
1964,9,6,29,PLEASE PLEASE ME,The Beatles,Vee-Jay,5,6,
1964,9,7,4,YOU DON’T OWN ME,Lesley Gore,Mercury,10,2,
1964,9,8,10,NAVY BLUE,Diane Renay,20th Century,6,8,
1964,9,9,12,STOP AND THINK IT OVER,Dale and Grace,Montel/Michelle,6,9,
1964,9,10,6,"UM, UM, UM, UM, UM, UM",Major Lance,Okeh,9,5,
1964,9,11,7,HEY LITTLE COBRA,The Rip Chords,Columbia,12,4,
1964,9,12,17,SEE THE FUNNY LITTLE CLOWN,Bobby Goldsboro,United Artists,8,12,
1964,9,13,21,GOOD NEWS,Sam Cooke,RCA Victor,6,13,
1964,9,14,20,I ONLY WANT TO BE WITH YOU,Dusty Springfield,Philips,6,14,
1964,9,15,24,I LOVE YOU MORE AND MORE EVERY DAY,Al Martino,Capitol,5,15,
1964,9,16,18,A FOOL NEVER LEARNS,Andy Williams,Columbia,8,13,
1964,9,17,27,"FUN, FUN, FUN",The Beach Boys,Capitol,3,17,
1964,9,18,23,ABIGAIL BEECHER,Freddy Cannon,Warner Brothers,5,18,
1964,9,19,14,TALKING ABOUT MY BABY,The Impressions,ABC-Paramount,7,12,
1964,9,20,9,WHAT KIND OF FOOL (Do You Think I Am),The Tams,ABC-Paramount,12,9,
1964,9,21,11,FOR YOU,Rick Nelson,Decca,10,6,
1964,9,22,15,SOUTHTOWN U.S.A.,The Dixiebelles,Sound Stage 7,7,15,
1964,9,23,26,THE SHELTER OF YOUR ARMS,"Sammy Davis, Jr.",Reprise,13,23,
1964,9,24,13,OUT OF LIMITS,The Marketts,Warner Brothers,13,3,
1964,9,25,30,PENETRATION,The Pyramids,Best,5,25,
1964,9,26,32,OH BABY DON’T YOU WEEP (Part 1),James Brown and the Famous Flames,King,6,26,
1964,9,27,19,HOOKA TOOKA,Chubby Checker,Parkway,13,17,
1964,9,28,35,I SAW HER STANDING THERE,The Beatles,Capitol,4,28,
1964,9,29,31,WHAT’S EASY FOR TWO IS SO HARD FOR ONE,Mary Wells,Motown,15,29,
1964,9,30,37,WHO DO YOU LOVE,The Sapphires,Swan,8,30,
1964,9,31,16,ANYONE WHO HAD A HEART,Dionne Warwick,Scepter,13,8,
1964,9,32,25,LETTER FROM SHERRY,Dale Ward,Dot,10,25,
1964,9,33,42,HI-HEEL SNEAKERS,Tommy Tucker,Checker,4,33,
1964,9,34,44,I WISH YOU LOVE,Gloria Lynne,Everest,8,34,
1964,9,35,36,GOING GOING GONE,Brook Benton,Mercury,6,35,
1964,9,36,38,COME ON,Tommy Roe,ABC-Paramount,7,36,
1964,9,37,43,BIRD DANCE BEAT,The Trashmen,Garrett,4,37,
1964,9,38,53,"HELLO, DOLLY!",Louis Armstrong,Kapp,3,38,
1964,9,39,33,IT’S ALL IN THE GAME,Cliff Richard,Epic,13,25,
1964,9,40,22,SURFIN’ BIRD,The Trashmen,Garrett,13,4,
1964,9,41,45,GONNA SEND YOU BACK TO GEORGIA (A City Slick),Timmy Shaw,Wand,6,41,
1964,9,42,54,MY BONNIE (My Bonnie Lies Over the Ocean),The Beatles with Tony Sheridan,MGM,3,42,
1964,9,43,46,VAYA CON DIOS,The Drifters,Atlantic,5,43,
1964,9,44,47,LIVE WIRE,Martha and the Vandellas,Gordy,4,44,
1964,9,45,63,KISSIN’ COUSINS,Elvis Presley,RCA Victor,2,45,
1964,9,46,51,MILLER’S CAVE,Bobby Bare,RCA Victor,4,46,
1964,9,47,52,HE SAYS THE SAME THINGS TO ME,Skeeter Davis,RCA Victor,6,47,
1964,9,48,41,WOW WOW WEE (He’s the Boy For Me),The Angels,Smash,7,41,
1964,9,49,57,CAN YOUR MONKEY DO THE DOG,Rufus Thomas,Stax,5,49,
1964,9,50,59,BLUE WINTER,Connie Francis,MGM,3,50,
1964,10,1,1,I WANT TO HOLD YOUR HAND,The Beatles,Capitol,8,1,6 weeks at #1
1964,10,2,2,SHE LOVES YOU,The Beatles,Swan,7,2,
1964,10,3,3,DAWN (Go Away),The Four Seasons,Philips,6,3,
1964,10,4,6,PLEASE PLEASE ME,The Beatles,Vee-Jay,6,4,
1964,10,5,4,JAVA,Al Hirt,RCA Victor,10,4,
1964,10,6,5,CALIFORNIA SUN,The Rivieras,Riviera,7,5,
1964,10,7,8,NAVY BLUE,Diane Renay,20th Century,7,7,
1964,10,8,9,STOP AND THINK IT OVER,Dale and Grace,Montel/Michelle,7,8,
1964,10,9,17,"FUN, FUN, FUN",The Beach Boys,Capitol,4,9,
1964,10,10,12,SEE THE FUNNY LITTLE CLOWN,Bobby Goldsboro,United Artists,9,10,
1964,10,11,15,I LOVE YOU MORE AND MORE EVERY DAY,Al Martino,Capitol,6,11,
1964,10,12,13,GOOD NEWS,Sam Cooke,RCA Victor,7,12,
1964,10,13,7,YOU DON’T OWN ME,Lesley Gore,Mercury,11,2,
1964,10,14,14,I ONLY WANT TO BE WITH YOU,Dusty Springfield,Philips,7,14,
1964,10,15,10,"UM, UM, UM, UM, UM, UM",Major Lance,Okeh,10,5,
1964,10,16,18,ABIGAIL BEECHER,Freddy Cannon,Warner Brothers,6,16,
1964,10,17,23,THE SHELTER OF YOUR ARMS,"Sammy Davis, Jr.",Reprise,14,17,
1964,10,18,28,I SAW HER STANDING THERE,The Beatles,Capitol,5,18,
1964,10,19,25,PENETRATION,The Pyramids,Best,6,19,
1964,10,20,16,A FOOL NEVER LEARNS,Andy Williams,Columbia,9,13,
1964,10,21,45,KISSIN’ COUSINS,Elvis Presley,RCA Victor,3,21,
1964,10,22,33,HI-HEEL SNEAKERS,Tommy Tucker,Checker,5,22,
1964,10,23,53,GLAD ALL OVER,The Dave Clark Five,Epic,4,23,
1964,10,24,26,OH BABY DON’T YOU WEEP (Part 1),James Brown and the Famous Flames,King,7,24,
1964,10,25,19,TALKING ABOUT MY BABY,The Impressions,ABC-Paramount,8,12,
1964,10,26,11,HEY LITTLE COBRA,The Rip Chords,Columbia,13,4,
1964,10,27,38,"HELLO, DOLLY!",Louis Armstrong,Kapp,4,27,
1964,10,28,30,WHO DO YOU LOVE,The Sapphires,Swan,9,28,
1964,10,29,34,I WISH YOU LOVE,Gloria Lynne,Everest,9,29,
1964,10,30,37,BIRD DANCE BEAT,The Trashmen,Garrett,5,30,
1964,10,31,42,MY BONNIE (My Bonnie Lies Over the Ocean),The Beatles with Tony Sheridan,MGM,4,31,
1964,10,32,20,WHAT KIND OF FOOL (Do You Think I Am),The Tams,ABC-Paramount,13,9,
1964,10,33,21,FOR YOU,Rick Nelson,Decca,11,6,
1964,10,34,65,MY HEART BELONGS TO ONLY YOU,Bobby Vinton,Epic,2,34,
1964,10,35,50,BLUE WINTER,Connie Francis,MGM,4,35,
1964,10,36,46,MILLER’S CAVE,Bobby Bare,RCA Victor,5,36,
1964,10,37,29,WHAT’S EASY FOR TWO IS SO HARD FOR ONE,Mary Wells,Motown,16,29,
1964,10,38,22,SOUTHTOWN U.S.A.,The Dixiebelles,Sound Stage 7,8,15,
1964,10,39,24,OUT OF LIMITS,The Marketts,Warner Brothers,14,3,
1964,10,40,52,STAY,The Four Seasons,Vee-Jay,4,40,
1964,10,41,32,LETTER FROM SHERRY,Dale Ward,Dot,11,25,
1964,10,49,31,ANYONE WHO HAD A HEART,Dionne Warwick,Scepter,14,8,
1964,10,50,27,HOOKA TOOKA,Chubby Checker,Parkway,14,17,
1964,10,56,35,GOING GOING GONE,Brook Benton,Mercury,7,35,
1964,10,57,36,COME ON,Tommy Roe,ABC-Paramount,8,36,
1964,10,42,56,UNDERSTAND YOUR MAN,Johnny Cash,Columbia,4,42,
1964,10,43,44,LIVE WIRE,Martha and the Vandellas,Gordy,5,43,
1964,10,44,78,IT HURTS ME,Elvis Presley,RCA Victor,2,44,
1964,10,45,58,PUPPY LOVE,Barbara Lewis,Atlantic,9,45,
1964,10,46,59,STARDUST,Nino Tempo and April Stevens,Atco,3,46,
1964,10,47,57,WORRIED GUY,Johnny Tillotson,MGM,3,47,
1964,10,48,49,CAN YOUR MONKEY DO THE DOG,Rufus Thomas,Stax,6,48,
1964,11,1,1,I WANT TO HOLD YOUR HAND,The Beatles,Capitol,9,1,7 weeks at #1
1964,11,2,2,SHE LOVES YOU,The Beatles,Swan,8,2,
1964,11,3,4,PLEASE PLEASE ME,The Beatles,Vee-Jay,7,3,
1964,11,4,3,DAWN (Go Away),The Four Seasons,Philips,7,3,
1964,11,5,5,JAVA,Al Hirt,RCA Victor,11,4,
1964,11,6,7,NAVY BLUE,Diane Renay,20th Century,8,6,
1964,11,7,9,"FUN, FUN, FUN",The Beach Boys,Capitol,5,7,
1964,11,8,6,CALIFORNIA SUN,The Rivieras,Riviera,8,5,
1964,11,9,10,SEE THE FUNNY LITTLE CLOWN,Bobby Goldsboro,United Artists,10,9,
1964,11,10,11,I LOVE YOU MORE AND MORE EVERY DAY,Al Martino,Capitol,7,10,
1964,11,11,12,GOOD NEWS,Sam Cooke,RCA Victor,8,11,
1964,11,12,14,I ONLY WANT TO BE WITH YOU,Dusty Springfield,Philips,8,12,
1964,11,13,27,"HELLO, DOLLY!",Louis Armstrong,Kapp,5,13,
1964,11,14,8,STOP AND THINK IT OVER,Dale and Grace,Montel/Michelle,8,8,
1964,11,15,18,I SAW HER STANDING THERE,The Beatles,Capitol,6,15,
1964,11,16,21,KISSIN’ COUSINS,Elvis Presley,RCA Victor,4,16,
1964,11,17,17,THE SHELTER OF YOUR ARMS,"Sammy Davis, Jr.",Reprise,15,17,
1964,11,18,19,PENETRATION,The Pyramids,Best,7,18,
1964,11,19,22,HI-HEEL SNEAKERS,Tommy Tucker,Checker,6,19,
1964,11,20,23,GLAD ALL OVER,The Dave Clark Five,Epic,5,20,
1964,11,21,13,YOU DON’T OWN ME,Lesley Gore,Mercury,12,2,
1964,11,22,34,MY HEART BELONGS TO ONLY YOU,Bobby Vinton,Epic,3,22,
1964,11,23,24,OH BABY DON’T YOU WEEP (Part 1),James Brown and the Famous Flames,King,8,23,
1964,11,24,16,ABIGAIL BEECHER,Freddy Cannon,Warner Brothers,7,16,
1964,11,25,28,WHO DO YOU LOVE,The Sapphires,Swan,10,25,
1964,11,26,31,MY BONNIE (My Bonnie Lies Over the Ocean),The Beatles with Tony Sheridan,MGM,5,26,
1964,11,27,35,BLUE WINTER,Connie Francis,MGM,5,27,
1964,11,28,29,I WISH YOU LOVE,Gloria Lynne,Everest,10,28,
1964,11,29,40,STAY,The Four Seasons,Vee-Jay,5,29,
1964,11,30,30,BIRD DANCE BEAT,The Trashmen,Garrett,6,30,
1964,11,31,15,"UM, UM, UM, UM, UM, UM",Major Lance,Okeh,11,5,
1964,11,32,20,A FOOL NEVER LEARNS,Andy Williams,Columbia,10,13,
1964,11,33,36,MILLER’S CAVE,Bobby Bare,RCA Victor,6,33,
1964,11,34,46,STARDUST,Nino Tempo and April Stevens,Atco,4,34,
1964,11,35,44,IT HURTS ME,Elvis Presley,RCA Victor,3,35,
1964,11,36,32,WHAT KIND OF FOOL (Do You Think I Am),The Tams,ABC-Paramount,14,9,
1964,11,37,26,HEY LITTLE COBRA,The Rip Chords,Columbia,14,4,
1964,11,38,45,PUPPY LOVE,Barbara Lewis,Atlantic,10,38,
1964,11,39,47,WORRIED GUY,Johnny Tillotson,MGM,4,39,
1964,11,40,42,UNDERSTAND YOUR MAN,Johnny Cash,Columbia,5,40,
1964,11,43,25,TALKING ABOUT MY BABY,The Impressions,ABC-Paramount,9,12,
1964,11,44,37,WHAT’S EASY FOR TWO IS SO HARD FOR ONE,Mary Wells,Motown,17,29,
1964,11,41,52,THE WAY YOU DO THE THINGS YOU DO,The Temptations,Gordy,3,41,
1964,11,42,43,LIVE WIRE,Martha and the Vandellas,Gordy,6,42,
1964,11,45,67,"BABY, DON’T YOU CRY (The New Swingova Rhythm)",Ray Charles,ABC-Paramount,4,45,
1964,11,46,75,NEEDLES AND PINS,The Searchers,Kapp,2,46,
1964,11,47,65,"HEY JEAN, HEY DEAN",Dean and Jean,Rust,4,47,
1964,11,48,58,MY HEART CRIES FOR YOU,Ray Charles,ABC-Paramount,3,48,
1964,11,49,71,SUSPICION,Terry Stafford,Crusader,4,49,
1964,11,50,70,THE SHOOP SHOOP SONG (It’s In His Kiss),Betty Everett,Vee-Jay,3,50,
1964,12,1,2,SHE LOVES YOU,The Beatles,Swan,9,1,1 week at #1
1964,12,2,1,I WANT TO HOLD YOUR HAND,The Beatles,Capitol,10,1,
1964,12,3,3,PLEASE PLEASE ME,The Beatles,Vee-Jay,8,3,
1964,12,4,4,DAWN (Go Away),The Four Seasons,Philips,8,3,
1964,12,5,7,"FUN, FUN, FUN",The Beach Boys,Capitol,6,5,
1964,12,6,6,NAVY BLUE,Diane Renay,20th Century,9,6,
1964,12,7,55,TWIST AND SHOUT,The Beatles,Tollie,2,7,
1964,12,8,5,JAVA,Al Hirt,RCA Victor,12,4,
1964,12,9,10,I LOVE YOU MORE AND MORE EVERY DAY,Al Martino,Capitol,8,9,
1964,12,10,13,"HELLO, DOLLY!",Louis Armstrong,Kapp,6,10,
1964,12,11,19,HI-HEEL SNEAKERS,Tommy Tucker,Checker,7,11,
1964,12,12,16,KISSIN’ COUSINS,Elvis Presley,RCA Victor,5,12,
1964,12,13,22,MY HEART BELONGS TO ONLY YOU,Bobby Vinton,Epic,4,13,
1964,12,14,15,I SAW HER STANDING THERE,The Beatles,Capitol,7,14,
1964,12,15,20,GLAD ALL OVER,The Dave Clark Five,Epic,6,15,
1964,12,16,8,CALIFORNIA SUN,The Rivieras,Riviera,9,5,
1964,12,17,9,SEE THE FUNNY LITTLE CLOWN,Bobby Goldsboro,United Artists,11,9,
1964,12,18,11,GOOD NEWS,Sam Cooke,RCA Victor,9,11,
1964,12,19,49,SUSPICION,Terry Stafford,Crusader,5,19,
1964,12,20,29,STAY,The Four Seasons,Vee-Jay,6,20,
1964,12,21,12,I ONLY WANT TO BE WITH YOU,Dusty Springfield,Philips,9,12,
1964,12,22,50,THE SHOOP SHOOP SONG (It’s In His Kiss),Betty Everett,Vee-Jay,4,22,
1964,12,23,41,THE WAY YOU DO THE THINGS YOU DO,The Temptations,Gordy,4,23,
1964,12,24,27,BLUE WINTER,Connie Francis,MGM,6,24,
1964,12,25,46,NEEDLES AND PINS,The Searchers,Kapp,3,25,
1964,12,26,17,THE SHELTER OF YOUR ARMS,"Sammy Davis, Jr.",Reprise,16,17,
1964,12,27,25,WHO DO YOU LOVE,The Sapphires,Swan,11,25,
1964,12,28,18,PENETRATION,The Pyramids,Best,8,18,
1964,12,29,24,ABIGAIL BEECHER,Freddy Cannon,Warner Brothers,8,16,
1964,12,30,23,OH BABY DON’T YOU WEEP (Part 1),James Brown and the Famous Flames,King,9,23,
1964,12,31,14,STOP AND THINK IT OVER,Dale and Grace,Montel/Michelle,9,8,
1964,12,32,34,STARDUST,Nino Tempo and April Stevens,Atco,5,32,
1964,12,33,35,IT HURTS ME,Elvis Presley,RCA Victor,4,33,
1964,12,34,65,DON’T LET THE RAIN COME DOWN (Crooked Little Man),The Serendipity Singers,Philips,4,34,
1964,12,35,40,UNDERSTAND YOUR MAN,Johnny Cash,Columbia,6,35,
1964,12,36,30,BIRD DANCE BEAT,The Trashmen,Garrett,7,30,
1964,12,37,39,WORRIED GUY,Johnny Tillotson,MGM,5,37,
1964,12,38,47,"HEY JEAN, HEY DEAN",Dean and Jean,Rust,5,38,
1964,12,39,45,"BABY, DON’T YOU CRY (The New Swingova Rhythm)",Ray Charles,ABC-Paramount,5,39,
1964,12,40,28,I WISH YOU LOVE,Gloria Lynne,Everest,11,28,
1964,12,42,26,MY BONNIE (My Bonnie Lies Over the Ocean),The Beatles with Tony Sheridan,MGM,6,26,
1964,12,45,33,MILLER’S CAVE,Bobby Bare,RCA Victor,7,33,
1964,12,48,21,YOU DON’T OWN ME,Lesley Gore,Mercury,13,2,
1964,12,56,38,PUPPY LOVE,Barbara Lewis,Atlantic,11,38,
1964,12,41,61,HIPPY HIPPY SHAKE,The Swinging Blue Jeans,Imperial,3,41,
1964,12,43,60,THINK,Brenda Lee,Decca,3,43,
1964,12,46,48,MY HEART CRIES FOR YOU,Ray Charles,ABC-Paramount,4,46,
1964,12,47,57,RIP VAN WINKLE,The Devotions,Roulette,7,47,
1964,12,49,52,"MY TRUE CARRIE, LOVE",Nat King Cole,Capitol,5,49,
1964,12,50,63,TELL IT ON THE MOUNTAIN,"Peter, Paul and Mary",Warner Brothers,3,50,
1964,13,1,1,SHE LOVES YOU,The Beatles,Swan,10,1,2 weeks at #1
1964,13,2,2,I WANT TO HOLD YOUR HAND,The Beatles,Capitol,11,1,
1964,13,3,7,TWIST AND SHOUT,The Beatles,Tollie,3,3,
1964,13,4,3,PLEASE PLEASE ME,The Beatles,Vee-Jay,9,3,
1964,13,5,4,DAWN (Go Away),The Four Seasons,Philips,9,3,
1964,13,6,5,"FUN, FUN, FUN",The Beach Boys,Capitol,7,5,
1964,13,7,19,SUSPICION,Terry Stafford,Crusader,6,7,
1964,13,8,10,"HELLO, DOLLY!",Louis Armstrong,Kapp,7,8,
1964,13,9,13,MY HEART BELONGS TO ONLY YOU,Bobby Vinton,Epic,5,9,
1964,13,10,15,GLAD ALL OVER,The Dave Clark Five,Epic,7,10,
1964,13,11,11,HI-HEEL SNEAKERS,Tommy Tucker,Checker,8,11,
1964,13,12,12,KISSIN’ COUSINS,Elvis Presley,RCA Victor,6,12,
1964,13,13,6,NAVY BLUE,Diane Renay,20th Century,10,6,
1964,13,14,8,JAVA,Al Hirt,RCA Victor,13,4,
1964,13,15,23,THE WAY YOU DO THE THINGS YOU DO,The Temptations,Gordy,5,15,
1964,13,16,22,THE SHOOP SHOOP SONG (It’s In His Kiss),Betty Everett,Vee-Jay,5,16,
1964,13,17,9,I LOVE YOU MORE AND MORE EVERY DAY,Al Martino,Capitol,9,9,
1964,13,18,20,STAY,The Four Seasons,Vee-Jay,7,18,
1964,13,19,34,DON’T LET THE RAIN COME DOWN (Crooked Little Man),The Serendipity Singers,Philips,5,19,
1964,13,20,25,NEEDLES AND PINS,The Searchers,Kapp,4,20,
1964,13,21,16,CALIFORNIA SUN,The Rivieras,Riviera,10,5,
1964,13,22,17,SEE THE FUNNY LITTLE CLOWN,Bobby Goldsboro,United Artists,12,9,
1964,13,23,54,YOU’RE A WONDERFUL ONE,Marvin Gaye,Tamla,3,23,
1964,13,24,24,BLUE WINTER,Connie Francis,MGM,7,24,
1964,13,25,18,GOOD NEWS,Sam Cooke,RCA Victor,10,11,
1964,13,26,14,I SAW HER STANDING THERE,The Beatles,Capitol,8,14,
1964,13,28,28,PENETRATION,The Pyramids,Best,9,18,
1964,13,29,33,IT HURTS ME,Elvis Presley,RCA Victor,5,29,
1964,13,30,21,I ONLY WANT TO BE WITH YOU,Dusty Springfield,Philips,10,12,
1964,13,31,41,HIPPY HIPPY SHAKE,The Swinging Blue Jeans,Imperial,4,31,
1964,13,32,43,THINK,Brenda Lee,Decca,4,32,
1964,13,33,32,STARDUST,Nino Tempo and April Stevens,Atco,6,32,
1964,13,34,44,DEAD MAN’S CURVE,Jan and Dean,Liberty,4,34,
1964,13,35,38,"HEY JEAN, HEY DEAN",Dean and Jean,Rust,6,35,
1964,13,36,30,OH BABY DON’T YOU WEEP (Part 1),James Brown and the Famous Flames,King,10,23,
1964,13,37,57,AIN’T NOTHING YOU CAN DO,Bobby Bland,Duke,4,37,
1964,13,38,26,THE SHELTER OF YOUR ARMS,"Sammy Davis, Jr.",Reprise,17,17,
1964,13,39,35,UNDERSTAND YOUR MAN,Johnny Cash,Columbia,7,35,
1964,13,40,46,MY HEART CRIES FOR YOU,Ray Charles,ABC-Paramount,5,40,
1964,13,45,39,"BABY, DON’T YOU CRY (The New Swingova Rhythm)",Ray Charles,ABC-Paramount,6,39,
1964,13,47,27,WHO DO YOU LOVE,The Sapphires,Swan,12,25,
1964,13,48,37,WORRIED GUY,Johnny Tillotson,MGM,6,37,
1964,13,49,40,I WISH YOU LOVE,Gloria Lynne,Everest,12,28,
1964,13,41,61,NADINE (Is It You),Chuck Berry,Chess,4,41,
1964,13,42,63,MONEY,The Kingsmen,Wand,3,42,
1964,13,43,50,TELL IT ON THE MOUNTAIN,"Peter, Paul and Mary",Warner Brothers,4,43,
1964,13,44,47,RIP VAN WINKLE,The Devotions,Roulette,8,44,
1964,13,46,59,WHITE ON WHITE,Danny Williams,United Artists,4,46,
1964,13,50,58,FROM ME TO YOU,The Beatles,Vee-Jay,4,50,
1964,14,1,27,CAN’T BUY ME LOVE,The Beatles,Capitol,2,1,1 week at #1
1964,14,2,3,TWIST AND SHOUT,The Beatles,Tollie,4,2,
1964,14,3,1,SHE LOVES YOU,The Beatles,Swan,11,1,
1964,14,4,2,I WANT TO HOLD YOUR HAND,The Beatles,Capitol,12,1,
1964,14,5,4,PLEASE PLEASE ME,The Beatles,Vee-Jay,10,3,
1964,14,6,7,SUSPICION,Terry Stafford,Crusader,7,6,
1964,14,7,8,"HELLO, DOLLY!",Louis Armstrong,Kapp,8,7,
1964,14,8,16,THE SHOOP SHOOP SONG (It’s In His Kiss),Betty Everett,Vee-Jay,6,8,
1964,14,9,9,MY HEART BELONGS TO ONLY YOU,Bobby Vinton,Epic,6,9,
1964,14,10,10,GLAD ALL OVER,The Dave Clark Five,Epic,8,10,
1964,14,11,5,DAWN (Go Away),The Four Seasons,Philips,10,3,
1964,14,12,15,THE WAY YOU DO THE THINGS YOU DO,The Temptations,Gordy,6,12,
1964,14,13,6,"FUN, FUN, FUN",The Beach Boys,Capitol,8,5,
1964,14,14,19,DON’T LET THE RAIN COME DOWN (Crooked Little Man),The Serendipity Singers,Philips,6,14,
1964,14,15,20,NEEDLES AND PINS,The Searchers,Kapp,5,15,
1964,14,16,18,STAY,The Four Seasons,Vee-Jay,8,16,
1964,14,17,12,KISSIN’ COUSINS,Elvis Presley,RCA Victor,7,12,
1964,14,18,23,YOU’RE A WONDERFUL ONE,Marvin Gaye,Tamla,4,18,
1964,14,19,14,JAVA,Al Hirt,RCA Victor,14,4,
1964,14,20,11,HI-HEEL SNEAKERS,Tommy Tucker,Checker,9,11,
1964,14,21,37,AIN’T NOTHING YOU CAN DO,Bobby Bland,Duke,5,21,
1964,14,22,42,MONEY,The Kingsmen,Wand,4,22,
1964,14,23,17,I LOVE YOU MORE AND MORE EVERY DAY,Al Martino,Capitol,10,9,
1964,14,24,31,HIPPY HIPPY SHAKE,The Swinging Blue Jeans,Imperial,5,24,
1964,14,25,34,DEAD MAN’S CURVE,Jan and Dean,Liberty,5,25,
1964,14,26,32,THINK,Brenda Lee,Decca,5,26,
1964,14,27,13,NAVY BLUE,Diane Renay,20th Century,11,6,
1964,14,28,24,BLUE WINTER,Connie Francis,MGM,8,24,
1964,14,29,29,IT HURTS ME,Elvis Presley,RCA Victor,6,29,
1964,14,30,41,NADINE (Is It You),Chuck Berry,Chess,5,30,
1964,14,31,26,I SAW HER STANDING THERE,The Beatles,Capitol,9,14,
1964,14,32,35,"HEY JEAN, HEY DEAN",Dean and Jean,Rust,7,32,
1964,14,33,43,TELL IT ON THE MOUNTAIN,"Peter, Paul and Mary",Warner Brothers,5,33,
1964,14,34,46,WHITE ON WHITE,Danny Williams,United Artists,5,34,
1964,14,35,51,"HEY, BOBBA NEEDLE",Chubby Checker,Parkway,4,35,
1964,14,36,44,RIP VAN WINKLE,The Devotions,Roulette,9,36,
1964,14,37,22,SEE THE FUNNY LITTLE CLOWN,Bobby Goldsboro,United Artists,13,9,
1964,14,38,40,MY HEART CRIES FOR YOU,Ray Charles,ABC-Paramount,6,38,
1964,14,39,72,THAT’S THE WAY BOYS ARE,Lesley Gore,Mercury,2,39,
1964,14,40,52,THE NEW GIRL IN SCHOOL,Jan and Dean,Liberty,3,40,
1964,14,43,39,UNDERSTAND YOUR MAN,Johnny Cash,Columbia,8,35,
1964,14,45,28,PENETRATION,The Pyramids,Best,10,18,
1964,14,41,50,FROM ME TO YOU,The Beatles,Vee-Jay,5,41,
1964,14,42,57,WE LOVE YOU BEATLES,The Carefrees,London International,3,42,
1964,14,44,59,FOREVER,Pete Drake and His Talking Steel Guitar,Smash,5,44,
1964,14,46,78,DO YOU WANT TO KNOW A SECRET,The Beatles,Vee-Jay,2,46,
1964,14,47,68,EBB TIDE,Lenny Welch,Cadence,3,47,
1964,14,49,45,"BABY, DON’T YOU CRY (The New Swingova Rhythm)",Ray Charles,ABC-Paramount,7,39,
1964,15,1,1,CAN’T BUY ME LOVE,The Beatles,Capitol,3,1,2 weeks at #1
1964,15,2,2,TWIST AND SHOUT,The Beatles,Tollie,5,2,
1964,15,3,6,SUSPICION,Terry Stafford,Crusader,8,3,
1964,15,4,3,SHE LOVES YOU,The Beatles,Swan,12,1,
1964,15,5,7,"HELLO, DOLLY!",Louis Armstrong,Kapp,9,5,
1964,15,6,8,THE SHOOP SHOOP SONG (It’s In His Kiss),Betty Everett,Vee-Jay,7,6,
1964,15,7,4,I WANT TO HOLD YOUR HAND,The Beatles,Capitol,13,1,
1964,15,8,10,GLAD ALL OVER,The Dave Clark Five,Epic,9,8,
1964,15,9,5,PLEASE PLEASE ME,The Beatles,Vee-Jay,11,3,
1964,15,10,14,DON’T LET THE RAIN COME DOWN (Crooked Little Man),The Serendipity Singers,Philips,7,10,
1964,15,11,12,THE WAY YOU DO THE THINGS YOU DO,The Temptations,Gordy,7,11,
1964,15,12,9,MY HEART BELONGS TO ONLY YOU,Bobby Vinton,Epic,7,9,
1964,15,13,15,NEEDLES AND PINS,The Searchers,Kapp,6,13,
1964,15,14,46,DO YOU WANT TO KNOW A SECRET,The Beatles,Vee-Jay,3,14,
1964,15,15,25,DEAD MAN’S CURVE,Jan and Dean,Liberty,6,15,
1964,15,16,16,STAY,The Four Seasons,Vee-Jay,9,16,
1964,15,17,18,YOU’RE A WONDERFUL ONE,Marvin Gaye,Tamla,5,17,
1964,15,18,13,"FUN, FUN, FUN",The Beach Boys,Capitol,9,5,
1964,15,19,22,MONEY,The Kingsmen,Wand,5,19,
1964,15,20,21,AIN’T NOTHING YOU CAN DO,Bobby Bland,Duke,6,20,
1964,15,21,11,DAWN (Go Away),The Four Seasons,Philips,11,3,
1964,15,22,48,BITS AND PIECES,The Dave Clark Five,Epic,2,22,
1964,15,23,39,THAT’S THE WAY BOYS ARE,Lesley Gore,Mercury,3,23,
1964,15,24,24,HIPPY HIPPY SHAKE,The Swinging Blue Jeans,Imperial,6,24,
1964,15,25,26,THINK,Brenda Lee,Decca,6,25,
1964,15,26,50,MY GUY,Mary Wells,Motown,2,26,
1964,15,27,34,WHITE ON WHITE,Danny Williams,United Artists,6,27,
1964,15,28,35,"HEY, BOBBA NEEDLE",Chubby Checker,Parkway,5,28,
1964,15,29,30,NADINE (Is It You),Chuck Berry,Chess,6,29,
1964,15,30,20,HI-HEEL SNEAKERS,Tommy Tucker,Checker,10,11,
1964,15,31,19,JAVA,Al Hirt,RCA Victor,15,4,
1964,15,32,51,THE MATADOR,Major Lance,Okeh,3,32,
1964,15,33,33,TELL IT ON THE MOUNTAIN,"Peter, Paul and Mary",Warner Brothers,6,33,
1964,15,34,17,KISSIN’ COUSINS,Elvis Presley,RCA Victor,8,12,
1964,15,35,47,EBB TIDE,Lenny Welch,Cadence,4,35,
1964,15,36,44,FOREVER,Pete Drake and His Talking Steel Guitar,Smash,6,36,
1964,15,37,40,THE NEW GIRL IN SCHOOL,Jan and Dean,Liberty,4,37,
1964,15,38,31,I SAW HER STANDING THERE,The Beatles,Capitol,10,14,
1964,15,39,42,WE LOVE YOU BEATLES,The Carefrees,London International,4,39,
1964,15,40,28,BLUE WINTER,Connie Francis,MGM,9,24,
1964,15,41,29,IT HURTS ME,Elvis Presley,RCA Victor,7,29,
1964,15,43,27,NAVY BLUE,Diane Renay,20th Century,12,6,
1964,15,44,36,RIP VAN WINKLE,The Devotions,Roulette,10,36,
1964,15,45,23,I LOVE YOU MORE AND MORE EVERY DAY,Al Martino,Capitol,11,9,
1964,15,46,32,"HEY JEAN, HEY DEAN",Dean and Jean,Rust,8,32,
1964,15,47,38,MY HEART CRIES FOR YOU,Ray Charles,ABC-Paramount,7,38,
1964,15,42,60,SHANGRI-LA,"Robert Maxwell, His Harp and Orchestra",Decca,4,42,
1964,15,48,65,YOU CAN’T DO THAT,The Beatles,Capitol,2,48,
1964,15,49,53,I CAN’T STAND IT,The Soul Sisters,Sue,7,49,
1964,15,50,58,ALL MY LOVING,The Beatles,Capitol of Canada,3,50,
1964,16,1,1,CAN’T BUY ME LOVE,The Beatles,Capitol,4,1,3 weeks at #1
1964,16,2,2,TWIST AND SHOUT,The Beatles,Tollie,6,2,
1964,16,3,3,SUSPICION,Terry Stafford,Crusader,9,3,
1964,16,4,5,"HELLO, DOLLY!",Louis Armstrong,Kapp,10,4,
1964,16,5,14,DO YOU WANT TO KNOW A SECRET,The Beatles,Vee-Jay,4,5,
1964,16,6,6,THE SHOOP SHOOP SONG (It’s In His Kiss),Betty Everett,Vee-Jay,8,6,
1964,16,7,8,GLAD ALL OVER,The Dave Clark Five,Epic,10,7,
1964,16,8,4,SHE LOVES YOU,The Beatles,Swan,13,1,
1964,16,9,10,DON’T LET THE RAIN COME DOWN (Crooked Little Man),The Serendipity Singers,Philips,8,9,
1964,16,10,15,DEAD MAN’S CURVE,Jan and Dean,Liberty,7,10,
1964,16,11,22,BITS AND PIECES,The Dave Clark Five,Epic,3,11,
1964,16,12,11,THE WAY YOU DO THE THINGS YOU DO,The Temptations,Gordy,8,11,
1964,16,13,13,NEEDLES AND PINS,The Searchers,Kapp,7,13,
1964,16,14,26,MY GUY,Mary Wells,Motown,3,14,
1964,16,15,17,YOU’RE A WONDERFUL ONE,Marvin Gaye,Tamla,6,15,
1964,16,16,9,PLEASE PLEASE ME,The Beatles,Vee-Jay,12,3,
1964,16,17,23,THAT’S THE WAY BOYS ARE,Lesley Gore,Mercury,4,17,
1964,16,18,19,MONEY,The Kingsmen,Wand,6,18,
1964,16,19,7,I WANT TO HOLD YOUR HAND,The Beatles,Capitol,14,1,
1964,16,20,20,AIN’T NOTHING YOU CAN DO,Bobby Bland,Duke,7,20,
1964,16,21,27,WHITE ON WHITE,Danny Williams,United Artists,7,21,
1964,16,22,12,MY HEART BELONGS TO ONLY YOU,Bobby Vinton,Epic,8,9,
1964,16,23,32,THE MATADOR,Major Lance,Okeh,4,23,
1964,16,24,16,STAY,The Four Seasons,Vee-Jay,10,16,
1964,16,25,25,THINK,Brenda Lee,Decca,7,25,
1964,16,26,28,"HEY, BOBBA NEEDLE",Chubby Checker,Parkway,6,26,
1964,16,27,36,FOREVER,Pete Drake and His Talking Steel Guitar,Smash,7,27,
1964,16,28,29,NADINE (Is It You),Chuck Berry,Chess,7,28,
1964,16,29,59,RONNIE,The Four Seasons,Philips,2,29,
1964,16,30,42,SHANGRI-LA,"Robert Maxwell, His Harp and Orchestra",Decca,5,30,
1964,16,31,35,EBB TIDE,Lenny Welch,Cadence,5,31,
1964,16,32,24,HIPPY HIPPY SHAKE,The Swinging Blue Jeans,Imperial,7,24,
1964,16,33,18,"FUN, FUN, FUN",The Beach Boys,Capitol,10,5,
1964,16,34,30,HI-HEEL SNEAKERS,Tommy Tucker,Checker,11,11,
1964,16,35,21,DAWN (Go Away),The Four Seasons,Philips,12,3,
1964,16,36,33,TELL IT ON THE MOUNTAIN,"Peter, Paul and Mary",Warner Brothers,7,33,
1964,16,37,51,I’M SO PROUD,The Impressions,ABC-Paramount,3,37,
1964,16,38,31,JAVA,Al Hirt,RCA Victor,16,4,
1964,16,39,34,KISSIN’ COUSINS,Elvis Presley,RCA Victor,9,12,
1964,16,40,37,THE NEW GIRL IN SCHOOL,Jan and Dean,Liberty,5,37,
1964,16,43,39,WE LOVE YOU BEATLES,The Carefrees,London International,5,39,
1964,16,45,38,I SAW HER STANDING THERE,The Beatles,Capitol,11,14,
1964,16,41,60,MY GIRL SLOOPY,The Vibrations,Atlantic,4,41,
1964,16,42,53,WISH SOMEONE WOULD CARE,Irma Thomas,Imperial,4,42,
1964,16,44,77,KISS ME SAILOR,Diane Renay,20th Century,3,44,
1964,16,46,49,I CAN’T STAND IT,The Soul Sisters,Sue,8,46,
1964,16,47,58,SHANGRI-LA,Vic Dana,Dolton,4,47,
1964,16,48,50,ALL MY LOVING,The Beatles,Capitol of Canada,4,48,
1964,16,49,61,THANK YOU GIRL,The Beatles,Vee-Jay,3,49,
1964,16,50,54,MAKE ME FORGET,Bobby Rydell,Cameo,4,50,
1964,17,1,1,CAN’T BUY ME LOVE,The Beatles,Capitol,5,1,4 weeks at #1
1964,17,2,2,TWIST AND SHOUT,The Beatles,Tollie,7,2,
1964,17,3,5,DO YOU WANT TO KNOW A SECRET,The Beatles,Vee-Jay,5,3,
1964,17,4,4,"HELLO, DOLLY!",Louis Armstrong,Kapp,11,4,
1964,17,5,3,SUSPICION,Terry Stafford,Crusader,10,3,
1964,17,6,7,GLAD ALL OVER,The Dave Clark Five,Epic,11,6,
1964,17,7,11,BITS AND PIECES,The Dave Clark Five,Epic,4,7,
1964,17,8,9,DON’T LET THE RAIN COME DOWN (Crooked Little Man),The Serendipity Singers,Philips,9,8,
1964,17,9,14,MY GUY,Mary Wells,Motown,4,9,
1964,17,10,10,DEAD MAN’S CURVE,Jan and Dean,Liberty,8,10,
1964,17,11,6,THE SHOOP SHOOP SONG (It’s In His Kiss),Betty Everett,Vee-Jay,9,6,
1964,17,12,17,THAT’S THE WAY BOYS ARE,Lesley Gore,Mercury,5,12,
1964,17,13,13,NEEDLES AND PINS,The Searchers,Kapp,8,13,
1964,17,14,12,THE WAY YOU DO THE THINGS YOU DO,The Temptations,Gordy,9,11,
1964,17,15,15,YOU’RE A WONDERFUL ONE,Marvin Gaye,Tamla,7,15,
1964,17,16,21,WHITE ON WHITE,Danny Williams,United Artists,8,16,
1964,17,17,29,RONNIE,The Four Seasons,Philips,3,17,
1964,17,18,18,MONEY,The Kingsmen,Wand,7,18,
1964,17,19,8,SHE LOVES YOU,The Beatles,Swan,14,1,
1964,17,20,30,SHANGRI-LA,"Robert Maxwell, His Harp and Orchestra",Decca,6,20,
1964,17,21,23,THE MATADOR,Major Lance,Okeh,5,21,
1964,17,22,20,AIN’T NOTHING YOU CAN DO,Bobby Bland,Duke,8,20,
1964,17,23,26,"HEY, BOBBA NEEDLE",Chubby Checker,Parkway,7,23,
1964,17,24,19,I WANT TO HOLD YOUR HAND,The Beatles,Capitol,15,1,
1964,17,25,27,FOREVER,Pete Drake and His Talking Steel Guitar,Smash,8,25,
1964,17,26,28,NADINE (Is It You),Chuck Berry,Chess,8,26,
1964,17,27,31,EBB TIDE,Lenny Welch,Cadence,6,27,
1964,17,28,60,IT’S OVER,Roy Orbison,Monument,3,28,
1964,17,29,16,PLEASE PLEASE ME,The Beatles,Vee-Jay,13,3,
1964,17,30,22,MY HEART BELONGS TO ONLY YOU,Bobby Vinton,Epic,9,9,
1964,17,31,25,THINK,Brenda Lee,Decca,8,25,
1964,17,32,42,WISH SOMEONE WOULD CARE,Irma Thomas,Imperial,5,32,
1964,17,33,37,I’M SO PROUD,The Impressions,ABC-Paramount,4,33,
1964,17,34,44,KISS ME SAILOR,Diane Renay,20th Century,4,34,
1964,17,35,41,MY GIRL SLOOPY,The Vibrations,Atlantic,5,35,
1964,17,36,24,STAY,The Four Seasons,Vee-Jay,11,16,
1964,17,37,49,THANK YOU GIRL,The Beatles,Vee-Jay,4,37,
1964,17,38,40,THE NEW GIRL IN SCHOOL,Jan and Dean,Liberty,6,37,
1964,17,39,32,HIPPY HIPPY SHAKE,The Swinging Blue Jeans,Imperial,8,24,
1964,17,40,47,SHANGRI-LA,Vic Dana,Dolton,5,40,
1964,17,47,33,"FUN, FUN, FUN",The Beach Boys,Capitol,11,5,
1964,17,49,35,DAWN (Go Away),The Four Seasons,Philips,13,3,
1964,17,41,67,COTTON CANDY,Al Hirt,RCA Victor,3,41,
1964,17,42,61,CAN YOU DO IT,The Contours,Gordy,4,42,
1964,17,43,50,MAKE ME FORGET,Bobby Rydell,Cameo,5,43,
1964,17,44,51,STAY AWHILE,Dusty Springfield,Philips,5,44,
1964,17,45,48,ALL MY LOVING,The Beatles,Capitol of Canada,5,45,
1964,17,46,56,CHARADE,Sammy Kaye and His Orchestra,Decca,4,46,
1964,17,48,54,THE PINK PANTHER THEME,Henry Mancini and His Orchestra,RCA Victor,4,48,
1964,17,50,75,(Just Like) ROMEO AND JULIET,The Reflections,Golden World,3,50,
1964,18,1,1,CAN’T BUY ME LOVE,The Beatles,Capitol,6,1,5 weeks at #1
1964,18,2,4,"HELLO, DOLLY!",Louis Armstrong,Kapp,12,2,
1964,18,3,3,DO YOU WANT TO KNOW A SECRET,The Beatles,Vee-Jay,6,3,
1964,18,4,7,BITS AND PIECES,The Dave Clark Five,Epic,5,4,
1964,18,5,9,MY GUY,Mary Wells,Motown,5,5,
1964,18,6,8,DON’T LET THE RAIN COME DOWN (Crooked Little Man),The Serendipity Singers,Philips,10,6,
1964,18,7,2,TWIST AND SHOUT,The Beatles,Tollie,8,2,
1964,18,8,5,SUSPICION,Terry Stafford,Crusader,11,3,
1964,18,9,10,DEAD MAN’S CURVE,Jan and Dean,Liberty,9,9,
1964,18,10,17,RONNIE,The Four Seasons,Philips,4,10,
1964,18,11,16,WHITE ON WHITE,Danny Williams,United Artists,9,11,
1964,18,12,12,THAT’S THE WAY BOYS ARE,Lesley Gore,Mercury,6,12,
1964,18,13,6,GLAD ALL OVER,The Dave Clark Five,Epic,12,6,
1964,18,14,11,THE SHOOP SHOOP SONG (It’s In His Kiss),Betty Everett,Vee-Jay,10,6,
1964,18,15,20,SHANGRI-LA,"Robert Maxwell, His Harp and Orchestra",Decca,7,15,
1964,18,16,18,MONEY,The Kingsmen,Wand,8,16,
1964,18,17,15,YOU’RE A WONDERFUL ONE,Marvin Gaye,Tamla,8,15,
1964,18,18,28,IT’S OVER,Roy Orbison,Monument,4,18,
1964,18,19,14,THE WAY YOU DO THE THINGS YOU DO,The Temptations,Gordy,10,11,
1964,18,20,21,THE MATADOR,Major Lance,Okeh,6,20,
1964,18,21,32,WISH SOMEONE WOULD CARE,Irma Thomas,Imperial,6,21,
1964,18,22,33,I’M SO PROUD,The Impressions,ABC-Paramount,5,22,
1964,18,23,26,NADINE (Is It You),Chuck Berry,Chess,9,23,
1964,18,24,13,NEEDLES AND PINS,The Searchers,Kapp,9,13,
1964,18,25,25,FOREVER,Pete Drake and His Talking Steel Guitar,Smash,9,25,
1964,18,26,22,AIN’T NOTHING YOU CAN DO,Bobby Bland,Duke,9,20,
1964,18,27,27,EBB TIDE,Lenny Welch,Cadence,7,27,
1964,18,28,62,LOVE ME WITH ALL YOUR HEART (Cuando Calienta El Sol),The Ray Charles Singers,Command,4,28,
1964,18,29,35,MY GIRL SLOOPY,The Vibrations,Atlantic,6,29,
1964,18,30,34,KISS ME SAILOR,Diane Renay,20th Century,5,30,
1964,18,31,40,SHANGRI-LA,Vic Dana,Dolton,6,31,
1964,18,32,67,LOVE ME DO,The Beatles,Tollie/Capitol Of Canada,4,32,
1964,18,33,50,(Just Like) ROMEO AND JULIET,The Reflections,Golden World,4,33,
1964,18,34,23,"HEY, BOBBA NEEDLE",Chubby Checker,Parkway,8,23,
1964,18,35,61,LITTLE CHILDREN,Billy J. Kramer with the Dakotas,Imperial,3,35,
1964,18,36,19,SHE LOVES YOU,The Beatles,Swan,15,1,
1964,18,37,41,COTTON CANDY,Al Hirt,RCA Victor,4,37,
1964,18,38,46,CHARADE,Sammy Kaye and His Orchestra,Decca,5,38,
1964,18,39,44,STAY AWHILE,Dusty Springfield,Philips,6,39,
1964,18,40,37,THANK YOU GIRL,The Beatles,Vee-Jay,5,37,
1964,18,43,31,THINK,Brenda Lee,Decca,9,25,
1964,18,45,38,THE NEW GIRL IN SCHOOL,Jan and Dean,Liberty,7,37,
1964,18,41,48,THE PINK PANTHER THEME,Henry Mancini and His Orchestra,RCA Victor,5,41,
1964,18,42,42,CAN YOU DO IT,The Contours,Gordy,5,42,
1964,18,44,52,IN MY LONELY ROOM,Martha and the Vandellas,Gordy,4,44,
1964,18,46,57,(The Best Part Of) BREAKIN’ UP,The Ronettes,Philles,5,46,
1964,18,47,53,LOOK HOMEWARD ANGEL,The Monarchs,Sound Stage 7,11,47,
1964,18,48,43,MAKE ME FORGET,Bobby Rydell,Cameo,6,43,
1964,18,49,59,WRONG FOR EACH OTHER,Andy Williams,Columbia,3,49,
1964,18,50,55,SLIP-IN MULES (No High Heel Sneakers),Sugar Pie DeSanto,Checker,3,50,
1964,19,1,2,"HELLO, DOLLY!",Louis Armstrong,Kapp,13,1,1 week at #1
1964,19,2,3,DO YOU WANT TO KNOW A SECRET,The Beatles,Vee-Jay,7,2,
1964,19,3,5,MY GUY,Mary Wells,Motown,6,3,
1964,19,4,4,BITS AND PIECES,The Dave Clark Five,Epic,6,4,
1964,19,5,1,CAN’T BUY ME LOVE,The Beatles,Capitol,7,1,
1964,19,6,6,DON’T LET THE RAIN COME DOWN (Crooked Little Man),The Serendipity Singers,Philips,11,6,
1964,19,7,10,RONNIE,The Four Seasons,Philips,5,7,
1964,19,8,9,DEAD MAN’S CURVE,Jan and Dean,Liberty,10,8,
1964,19,9,8,SUSPICION,Terry Stafford,Crusader,12,3,
1964,19,10,11,WHITE ON WHITE,Danny Williams,United Artists,10,10,
1964,19,11,7,TWIST AND SHOUT,The Beatles,Tollie,9,2,
1964,19,12,32,LOVE ME DO,The Beatles,Tollie/Capitol Of Canada,5,12,
1964,19,13,18,IT’S OVER,Roy Orbison,Monument,5,13,
1964,19,14,13,GLAD ALL OVER,The Dave Clark Five,Epic,13,6,
1964,19,15,15,SHANGRI-LA,"Robert Maxwell, His Harp and Orchestra",Decca,8,15,
1964,19,16,14,THE SHOOP SHOOP SONG (It’s In His Kiss),Betty Everett,Vee-Jay,11,6,
1964,19,17,12,THAT’S THE WAY BOYS ARE,Lesley Gore,Mercury,7,12,
1964,19,18,21,WISH SOMEONE WOULD CARE,Irma Thomas,Imperial,7,18,
1964,19,19,22,I’M SO PROUD,The Impressions,ABC-Paramount,6,19,
1964,19,20,20,THE MATADOR,Major Lance,Okeh,7,20,
1964,19,21,28,LOVE ME WITH ALL YOUR HEART (Cuando Calienta El Sol),The Ray Charles Singers,Command,5,21,
1964,19,22,16,MONEY,The Kingsmen,Wand,9,16,
1964,19,23,35,LITTLE CHILDREN,Billy J. Kramer with the Dakotas,Imperial,4,23,
1964,19,24,17,YOU’RE A WONDERFUL ONE,Marvin Gaye,Tamla,9,15,
1964,19,25,27,EBB TIDE,Lenny Welch,Cadence,8,25,
1964,19,26,33,(Just Like) ROMEO AND JULIET,The Reflections,Golden World,5,26,
1964,19,27,29,MY GIRL SLOOPY,The Vibrations,Atlantic,7,27,
1964,19,28,31,SHANGRI-LA,Vic Dana,Dolton,7,28,
1964,19,29,25,FOREVER,Pete Drake and His Talking Steel Guitar,Smash,10,25,
1964,19,30,30,KISS ME SAILOR,Diane Renay,20th Century,6,30,
1964,19,31,41,THE PINK PANTHER THEME,Henry Mancini and His Orchestra,RCA Victor,6,31,
1964,19,32,53,DO YOU LOVE ME,The Dave Clark Five,Epic,2,32,
1964,19,33,37,COTTON CANDY,Al Hirt,RCA Victor,5,33,
1964,19,34,19,THE WAY YOU DO THE THINGS YOU DO,The Temptations,Gordy,11,11,
1964,19,35,40,THANK YOU GIRL,The Beatles,Vee-Jay,6,35,
1964,19,36,38,CHARADE,Sammy Kaye and His Orchestra,Decca,6,36,
1964,19,37,24,NEEDLES AND PINS,The Searchers,Kapp,10,13,
1964,19,38,39,STAY AWHILE,Dusty Springfield,Philips,7,38,
1964,19,39,54,THE VERY THOUGHT OF YOU,Rick Nelson,Decca,3,39,
1964,19,40,61,WALK ON BY,Dionne Warwick,Scepter,3,40,
1964,19,50,34,"HEY, BOBBA NEEDLE",Chubby Checker,Parkway,9,23,
1964,19,53,23,NADINE (Is It You),Chuck Berry,Chess,10,23,
1964,19,41,42,CAN YOU DO IT,The Contours,Gordy,6,41,
1964,19,42,72,CHAPEL OF LOVE,The Dixie Cups,Red Bird,2,42,
1964,19,43,51,I DON’T WANT TO HURT ANYMORE,Nat King Cole,Capitol,3,43,
1964,19,44,44,IN MY LONELY ROOM,Martha and the Vandellas,Gordy,5,44,
1964,19,45,46,(The Best Part Of) BREAKIN’ UP,The Ronettes,Philles,6,45,
1964,19,46,57,DIANE,The Bachelors,London,4,46,
1964,19,47,58,TODAY,The New Christy Minstrels,Columbia,4,47,
1964,19,48,50,SLIP-IN MULES (No High Heel Sneakers),Sugar Pie DeSanto,Checker,4,48,
1964,19,49,49,WRONG FOR EACH OTHER,Andy Williams,Columbia,4,49,
1964,20,1,3,MY GUY,Mary Wells,Motown,7,1,1 week at #1
1964,20,2,1,"HELLO, DOLLY!",Louis Armstrong,Kapp,14,1,
1964,20,3,12,LOVE ME DO,The Beatles,Tollie/Capitol Of Canada,6,3,
1964,20,4,4,BITS AND PIECES,The Dave Clark Five,Epic,7,4,
1964,20,5,2,DO YOU WANT TO KNOW A SECRET,The Beatles,Vee-Jay,8,2,
1964,20,6,7,RONNIE,The Four Seasons,Philips,6,6,
1964,20,7,6,DON’T LET THE RAIN COME DOWN (Crooked Little Man),The Serendipity Singers,Philips,12,6,
1964,20,8,8,DEAD MAN’S CURVE,Jan and Dean,Liberty,11,8,
1964,20,9,10,WHITE ON WHITE,Danny Williams,United Artists,11,9,
1964,20,10,13,IT’S OVER,Roy Orbison,Monument,6,10,
1964,20,11,5,CAN’T BUY ME LOVE,The Beatles,Capitol,8,1,
1964,20,12,21,LOVE ME WITH ALL YOUR HEART (Cuando Calienta El Sol),The Ray Charles Singers,Command,6,12,
1964,20,13,26,(Just Like) ROMEO AND JULIET,The Reflections,Golden World,6,13,
1964,20,14,42,CHAPEL OF LOVE,The Dixie Cups,Red Bird,3,14,
1964,20,15,15,SHANGRI-LA,"Robert Maxwell, His Harp and Orchestra",Decca,9,15,
1964,20,16,23,LITTLE CHILDREN,Billy J. Kramer with the Dakotas,Imperial,5,16,
1964,20,17,18,WISH SOMEONE WOULD CARE,Irma Thomas,Imperial,8,17,
1964,20,18,19,I’M SO PROUD,The Impressions,ABC-Paramount,7,18,
1964,20,19,9,SUSPICION,Terry Stafford,Crusader,13,3,
1964,20,20,11,TWIST AND SHOUT,The Beatles,Tollie,10,2,
1964,20,21,40,WALK ON BY,Dionne Warwick,Scepter,4,21,
1964,20,22,32,DO YOU LOVE ME,The Dave Clark Five,Epic,3,22,
1964,20,23,33,COTTON CANDY,Al Hirt,RCA Victor,6,23,
1964,20,24,22,MONEY,The Kingsmen,Wand,10,16,
1964,20,25,16,THE SHOOP SHOOP SONG (It’s In His Kiss),Betty Everett,Vee-Jay,12,6,
1964,20,26,27,MY GIRL SLOOPY,The Vibrations,Atlantic,8,26,
1964,20,27,28,SHANGRI-LA,Vic Dana,Dolton,8,27,
1964,20,28,17,THAT’S THE WAY BOYS ARE,Lesley Gore,Mercury,8,12,
1964,20,29,30,KISS ME SAILOR,Diane Renay,20th Century,7,29,
1964,20,30,76,A WORLD WITHOUT LOVE,Peter and Gordon,Capitol,2,30,
1964,20,31,31,THE PINK PANTHER THEME,Henry Mancini and His Orchestra,RCA Victor,7,31,
1964,20,32,39,THE VERY THOUGHT OF YOU,Rick Nelson,Decca,4,32,
1964,20,33,64,P.S. I LOVE YOU,The Beatles,Tollie/Capitol Of Canada,2,33,
1964,20,34,14,GLAD ALL OVER,The Dave Clark Five,Epic,14,6,
1964,20,35,43,I DON’T WANT TO HURT ANYMORE,Nat King Cole,Capitol,4,35,
1964,20,36,46,DIANE,The Bachelors,London,5,36,
1964,20,37,47,TODAY,The New Christy Minstrels,Columbia,5,37,
1964,20,38,49,WRONG FOR EACH OTHER,Andy Williams,Columbia,5,38,
1964,20,39,45,(The Best Part Of) BREAKIN’ UP,The Ronettes,Philles,7,39,
1964,20,40,20,THE MATADOR,Major Lance,Okeh,8,20,
1964,20,41,36,CHARADE,Sammy Kaye and His Orchestra,Decca,7,36,
1964,20,42,25,EBB TIDE,Lenny Welch,Cadence,9,25,
1964,20,49,35,THANK YOU GIRL,The Beatles,Vee-Jay,7,35,
1964,20,50,24,YOU’RE A WONDERFUL ONE,Marvin Gaye,Tamla,10,15,
1964,20,52,29,FOREVER,Pete Drake and His Talking Steel Guitar,Smash,11,25,
1964,20,43,66,KISS ME QUICK,Elvis Presley,RCA Victor,3,43,
1964,20,44,55,ONCE UPON A TIME,Marvin Gaye and Mary Wells,Motown,3,44,
1964,20,45,59,THREE WINDOW COUPE,The Rip Chords,Columbia,4,45,
1964,20,46,52,WHENEVER HE HOLDS YOU,Bobby Goldsboro,United Artists,5,46,
1964,20,47,57,PEOPLE,Barbra Streisand,Columbia,7,47,
1964,20,48,54,GOODBYE BABY (Baby Goodbye),Solomon Burke,Atlantic,5,48,
1964,21,1,1,MY GUY,Mary Wells,Motown,8,1,2 weeks at #1
1964,21,2,3,LOVE ME DO,The Beatles,Tollie/Capitol Of Canada,7,2,
1964,21,3,2,"HELLO, DOLLY!",Louis Armstrong,Kapp,15,1,
1964,21,4,14,CHAPEL OF LOVE,The Dixie Cups,Red Bird,4,4,
1964,21,5,12,LOVE ME WITH ALL YOUR HEART (Cuando Calienta El Sol),The Ray Charles Singers,Command,7,5,
1964,21,6,4,BITS AND PIECES,The Dave Clark Five,Epic,8,4,
1964,21,7,13,(Just Like) ROMEO AND JULIET,The Reflections,Golden World,7,7,
1964,21,8,6,RONNIE,The Four Seasons,Philips,7,6,
1964,21,9,10,IT’S OVER,Roy Orbison,Monument,7,9,
1964,21,10,30,A WORLD WITHOUT LOVE,Peter and Gordon,Capitol,3,10,
1964,21,11,16,LITTLE CHILDREN,Billy J. Kramer with the Dakotas,Imperial,6,11,
1964,21,12,5,DO YOU WANT TO KNOW A SECRET,The Beatles,Vee-Jay,9,2,
1964,21,13,8,DEAD MAN’S CURVE,Jan and Dean,Liberty,12,8,
1964,21,14,18,I’M SO PROUD,The Impressions,ABC-Paramount,8,14,
1964,21,15,33,P.S. I LOVE YOU,The Beatles,Tollie/Capitol Of Canada,3,15,
1964,21,16,21,WALK ON BY,Dionne Warwick,Scepter,5,16,
1964,21,17,17,WISH SOMEONE WOULD CARE,Irma Thomas,Imperial,9,17,
1964,21,18,22,DO YOU LOVE ME,The Dave Clark Five,Epic,4,18,
1964,21,19,9,WHITE ON WHITE,Danny Williams,United Artists,12,9,
1964,21,20,7,DON’T LET THE RAIN COME DOWN (Crooked Little Man),The Serendipity Singers,Philips,13,6,
1964,21,21,15,SHANGRI-LA,"Robert Maxwell, His Harp and Orchestra",Decca,10,15,
1964,21,22,23,COTTON CANDY,Al Hirt,RCA Victor,7,22,
1964,21,23,11,CAN’T BUY ME LOVE,The Beatles,Capitol,9,1,
1964,21,24,19,SUSPICION,Terry Stafford,Crusader,14,3,
1964,21,25,35,I DON’T WANT TO HURT ANYMORE,Nat King Cole,Capitol,5,25,
1964,21,26,47,PEOPLE,Barbra Streisand,Columbia,8,26,
1964,21,27,36,DIANE,The Bachelors,London,6,27,
1964,21,28,32,THE VERY THOUGHT OF YOU,Rick Nelson,Decca,5,28,
1964,21,29,24,MONEY,The Kingsmen,Wand,11,16,
1964,21,30,26,MY GIRL SLOOPY,The Vibrations,Atlantic,9,26,
1964,21,31,27,SHANGRI-LA,Vic Dana,Dolton,9,27,
1964,21,32,44,ONCE UPON A TIME,Marvin Gaye and Mary Wells,Motown,4,32,
1964,21,33,51,EVERY LITTLE BIT HURTS,Brenda Holloway,Tamla,4,33,
1964,21,34,43,KISS ME QUICK,Elvis Presley,RCA Victor,4,34,
1964,21,35,37,TODAY,The New Christy Minstrels,Columbia,6,35,
1964,21,36,48,GOODBYE BABY (Baby Goodbye),Solomon Burke,Atlantic,6,36,
1964,21,37,38,WRONG FOR EACH OTHER,Andy Williams,Columbia,6,37,
1964,21,38,25,THE SHOOP SHOOP SONG (It’s In His Kiss),Betty Everett,Vee-Jay,13,6,
1964,21,39,45,THREE WINDOW COUPE,The Rip Chords,Columbia,5,39,
1964,21,40,46,WHENEVER HE HOLDS YOU,Bobby Goldsboro,United Artists,6,40,
1964,21,41,20,TWIST AND SHOUT,The Beatles,Tollie,11,2,
1964,21,43,31,THE PINK PANTHER THEME,Henry Mancini and His Orchestra,RCA Victor,8,31,
1964,21,44,39,(The Best Part Of) BREAKIN’ UP,The Ronettes,Philles,8,39,
1964,21,47,29,KISS ME SAILOR,Diane Renay,20th Century,8,29,
1964,21,49,28,THAT’S THE WAY BOYS ARE,Lesley Gore,Mercury,9,12,
1964,21,42,64,BE ANYTHING (But Be Mine),Connie Francis,MGM,3,42,
1964,21,45,53,TALL COOL ONE,The Wailers,Golden Crest,20,36,
1964,21,46,54,VIVA LAS VEGAS,Elvis Presley,RCA Victor,3,46,
1964,21,48,59,"I RISE, I FALL",Johnny Tillotson,MGM,4,48,
1964,22,1,2,LOVE ME DO,The Beatles,Tollie/Capitol Of Canada,8,1,1 week at #1
1964,22,2,4,CHAPEL OF LOVE,The Dixie Cups,Red Bird,5,2,
1964,22,3,1,MY GUY,Mary Wells,Motown,9,1,
1964,22,4,5,LOVE ME WITH ALL YOUR HEART (Cuando Calienta El Sol),The Ray Charles Singers,Command,8,4,
1964,22,5,3,"HELLO, DOLLY!",Louis Armstrong,Kapp,16,1,
1964,22,6,7,(Just Like) ROMEO AND JULIET,The Reflections,Golden World,8,6,
1964,22,7,10,A WORLD WITHOUT LOVE,Peter and Gordon,Capitol,4,7,
1964,22,8,11,LITTLE CHILDREN,Billy J. Kramer with the Dakotas,Imperial,7,8,
1964,22,9,9,IT’S OVER,Roy Orbison,Monument,8,9,
1964,22,10,16,WALK ON BY,Dionne Warwick,Scepter,6,10,
1964,22,11,15,P.S. I LOVE YOU,The Beatles,Tollie/Capitol Of Canada,4,11,
1964,22,12,18,DO YOU LOVE ME,The Dave Clark Five,Epic,5,12,
1964,22,13,8,RONNIE,The Four Seasons,Philips,8,6,
1964,22,14,6,BITS AND PIECES,The Dave Clark Five,Epic,9,4,
1964,22,15,22,COTTON CANDY,Al Hirt,RCA Victor,8,15,
1964,22,16,26,PEOPLE,Barbra Streisand,Columbia,9,16,
1964,22,17,33,EVERY LITTLE BIT HURTS,Brenda Holloway,Tamla,5,17,
1964,22,18,14,I’M SO PROUD,The Impressions,ABC-Paramount,9,14,
1964,22,19,12,DO YOU WANT TO KNOW A SECRET,The Beatles,Vee-Jay,10,2,
1964,22,20,27,DIANE,The Bachelors,London,7,20,
1964,22,21,17,WISH SOMEONE WOULD CARE,Irma Thomas,Imperial,10,17,
1964,22,22,25,I DON’T WANT TO HURT ANYMORE,Nat King Cole,Capitol,6,22,
1964,22,23,13,DEAD MAN’S CURVE,Jan and Dean,Liberty,13,8,
1964,22,24,32,ONCE UPON A TIME,Marvin Gaye and Mary Wells,Motown,5,24,
1964,22,25,21,SHANGRI-LA,"Robert Maxwell, His Harp and Orchestra",Decca,11,15,
1964,22,26,28,THE VERY THOUGHT OF YOU,Rick Nelson,Decca,6,26,
1964,22,27,35,TODAY,The New Christy Minstrels,Columbia,7,27,
1964,22,28,19,WHITE ON WHITE,Danny Williams,United Artists,13,9,
1964,22,29,50,WHAT’D I SAY,Elvis Presley,RCA Victor,2,29,
1964,22,30,68,TELL ME WHY,Bobby Vinton,Epic,2,30,
1964,22,31,39,THREE WINDOW COUPE,The Rip Chords,Columbia,6,31,
1964,22,32,42,BE ANYTHING (But Be Mine),Connie Francis,MGM,4,32,
1964,22,33,46,VIVA LAS VEGAS,Elvis Presley,RCA Victor,4,33,
1964,22,34,34,KISS ME QUICK,Elvis Presley,RCA Victor,5,34,
1964,22,35,37,WRONG FOR EACH OTHER,Andy Williams,Columbia,7,35,
1964,22,36,36,GOODBYE BABY (Baby Goodbye),Solomon Burke,Atlantic,7,36,
1964,22,37,20,DON’T LET THE RAIN COME DOWN (Crooked Little Man),The Serendipity Singers,Philips,14,6,
1964,22,38,45,TALL COOL ONE,The Wailers,Golden Crest,21,36,
1964,22,39,40,WHENEVER HE HOLDS YOU,Bobby Goldsboro,United Artists,7,39,
1964,22,40,52,TEARS AND ROSES,Al Martino,Capitol,3,40,
1964,22,41,24,SUSPICION,Terry Stafford,Crusader,15,3,
1964,22,42,23,CAN’T BUY ME LOVE,The Beatles,Capitol,10,1,
1964,22,44,31,SHANGRI-LA,Vic Dana,Dolton,10,27,
1964,22,43,48,"I RISE, I FALL",Johnny Tillotson,MGM,5,43,
1964,22,45,76,I GET AROUND,The Beach Boys,Capitol,2,45,
1964,22,46,53,GOOD GOLLY MISS MOLLY,The Swinging Blue Jeans,Imperial,4,46,
1964,22,47,87,DON’T LET THE SUN CATCH YOU CRYING,Gerry and the Pacemakers,Laurie,2,47,
1964,22,48,90,MY BOY LOLLIPOP,Millie Small,Smash,2,48,
1964,22,49,79,I’LL TOUCH A STAR,Terry Stafford,Crusader,2,49,
1964,22,50,62,SUGAR AND SPICE,The Searchers,Liberty,5,50,
1964,23,1,2,CHAPEL OF LOVE,The Dixie Cups,Red Bird,6,1,1 week at #1
1964,23,2,1,LOVE ME DO,The Beatles,Tollie/Capitol Of Canada,9,1,
1964,23,3,3,MY GUY,Mary Wells,Motown,10,1,
1964,23,4,4,LOVE ME WITH ALL YOUR HEART (Cuando Calienta El Sol),The Ray Charles Singers,Command,9,4,
1964,23,5,5,"HELLO, DOLLY!",Louis Armstrong,Kapp,17,1,
1964,23,6,7,A WORLD WITHOUT LOVE,Peter and Gordon,Capitol,5,6,
1964,23,7,10,WALK ON BY,Dionne Warwick,Scepter,7,7,
1964,23,8,8,LITTLE CHILDREN,Billy J. Kramer with the Dakotas,Imperial,8,8,
1964,23,9,6,(Just Like) ROMEO AND JULIET,The Reflections,Golden World,9,6,
1964,23,10,11,P.S. I LOVE YOU,The Beatles,Tollie/Capitol Of Canada,5,10,
1964,23,11,12,DO YOU LOVE ME,The Dave Clark Five,Epic,6,11,
1964,23,12,16,PEOPLE,Barbra Streisand,Columbia,10,12,
1964,23,13,17,EVERY LITTLE BIT HURTS,Brenda Holloway,Tamla,6,13,
1964,23,14,20,DIANE,The Bachelors,London,8,14,
1964,23,15,15,COTTON CANDY,Al Hirt,RCA Victor,9,15,
1964,23,16,9,IT’S OVER,Roy Orbison,Monument,9,9,
1964,23,17,45,I GET AROUND,The Beach Boys,Capitol,3,17,
1964,23,18,27,TODAY,The New Christy Minstrels,Columbia,8,18,
1964,23,19,24,ONCE UPON A TIME,Marvin Gaye and Mary Wells,Motown,6,19,
1964,23,20,30,TELL ME WHY,Bobby Vinton,Epic,3,20,
1964,23,21,18,I’M SO PROUD,The Impressions,ABC-Paramount,10,14,
1964,23,22,22,I DON’T WANT TO HURT ANYMORE,Nat King Cole,Capitol,7,22,
1964,23,23,13,RONNIE,The Four Seasons,Philips,9,6,
1964,23,24,29,WHAT’D I SAY,Elvis Presley,RCA Victor,3,24,
1964,23,25,14,BITS AND PIECES,The Dave Clark Five,Epic,10,4,
1964,23,26,47,DON’T LET THE SUN CATCH YOU CRYING,Gerry and the Pacemakers,Laurie,3,26,
1964,23,27,48,MY BOY LOLLIPOP,Millie Small,Smash,3,27,
1964,23,28,31,THREE WINDOW COUPE,The Rip Chords,Columbia,7,28,
1964,23,29,32,BE ANYTHING (But Be Mine),Connie Francis,MGM,5,29,
1964,23,30,40,TEARS AND ROSES,Al Martino,Capitol,4,30,
1964,23,31,23,DEAD MAN’S CURVE,Jan and Dean,Liberty,14,8,
1964,23,32,21,WISH SOMEONE WOULD CARE,Irma Thomas,Imperial,11,17,
1964,23,33,33,VIVA LAS VEGAS,Elvis Presley,RCA Victor,5,33,
1964,23,34,35,WRONG FOR EACH OTHER,Andy Williams,Columbia,8,34,
1964,23,35,36,GOODBYE BABY (Baby Goodbye),Solomon Burke,Atlantic,8,35,
1964,23,36,19,DO YOU WANT TO KNOW A SECRET,The Beatles,Vee-Jay,11,2,
1964,23,37,28,WHITE ON WHITE,Danny Williams,United Artists,14,9,
1964,23,38,49,I’LL TOUCH A STAR,Terry Stafford,Crusader,3,38,
1964,23,39,26,THE VERY THOUGHT OF YOU,Rick Nelson,Decca,7,26,
1964,23,40,43,"I RISE, I FALL",Johnny Tillotson,MGM,6,40,
1964,23,41,38,TALL COOL ONE,The Wailers,Golden Crest,22,36,
1964,23,49,25,SHANGRI-LA,"Robert Maxwell, His Harp and Orchestra",Decca,12,15,
1964,23,50,34,KISS ME QUICK,Elvis Presley,RCA Victor,6,34,
1964,23,59,39,WHENEVER HE HOLDS YOU,Bobby Goldsboro,United Artists,8,39,
1964,23,42,55,WHAT’S THE MATTER WITH YOU BABY,Marvin Gaye and Mary Wells,Motown,4,42,
1964,23,43,78,NO PARTICULAR PLACE TO GO,Chuck Berry,Chess,3,43,
1964,23,44,46,GOOD GOLLY MISS MOLLY,The Swinging Blue Jeans,Imperial,5,44,
1964,23,45,56,ROCK ME BABY,B.B. King,Kent,5,45,
1964,23,46,52,I DON’T WANNA BE A LOSER,Lesley Gore,Mercury,3,46,
1964,23,47,50,SUGAR AND SPICE,The Searchers,Liberty,6,47,
1964,23,48,51,GONNA GET ALONG WITHOUT YOU NOW,Skeeter Davis,RCA Victor,6,48,
1964,24,1,1,CHAPEL OF LOVE,The Dixie Cups,Red Bird,7,1,2 weeks at #1
1964,24,2,6,A WORLD WITHOUT LOVE,Peter and Gordon,Capitol,6,2,
1964,24,3,4,LOVE ME WITH ALL YOUR HEART (Cuando Calienta El Sol),The Ray Charles Singers,Command,10,3,
1964,24,4,2,LOVE ME DO,The Beatles,Tollie/Capitol Of Canada,10,1,
1964,24,5,3,MY GUY,Mary Wells,Motown,11,1,
1964,24,6,7,WALK ON BY,Dionne Warwick,Scepter,8,6,
1964,24,7,8,LITTLE CHILDREN,Billy J. Kramer with the Dakotas,Imperial,9,7,
1964,24,8,5,"HELLO, DOLLY!",Louis Armstrong,Kapp,18,1,
1964,24,9,12,PEOPLE,Barbra Streisand,Columbia,11,9,
1964,24,10,17,I GET AROUND,The Beach Boys,Capitol,4,10,
1964,24,11,14,DIANE,The Bachelors,London,9,11,
1964,24,12,9,(Just Like) ROMEO AND JULIET,The Reflections,Golden World,10,6,
1964,24,13,13,EVERY LITTLE BIT HURTS,Brenda Holloway,Tamla,7,13,
1964,24,14,11,DO YOU LOVE ME,The Dave Clark Five,Epic,7,11,
1964,24,15,10,P.S. I LOVE YOU,The Beatles,Tollie/Capitol Of Canada,6,10,
1964,24,16,27,MY BOY LOLLIPOP,Millie Small,Smash,4,16,
1964,24,17,20,TELL ME WHY,Bobby Vinton,Epic,4,17,
1964,24,18,18,TODAY,The New Christy Minstrels,Columbia,9,18,
1964,24,19,19,ONCE UPON A TIME,Marvin Gaye and Mary Wells,Motown,7,19,
1964,24,20,26,DON’T LET THE SUN CATCH YOU CRYING,Gerry and the Pacemakers,Laurie,4,20,
1964,24,21,24,WHAT’D I SAY,Elvis Presley,RCA Victor,4,21,
1964,24,22,15,COTTON CANDY,Al Hirt,RCA Victor,10,15,
1964,24,23,16,IT’S OVER,Roy Orbison,Monument,10,9,
1964,24,24,30,TEARS AND ROSES,Al Martino,Capitol,5,24,
1964,24,25,29,BE ANYTHING (But Be Mine),Connie Francis,MGM,6,25,
1964,24,26,61,BAD TO ME,Billy J. Kramer with the Dakotas,Imperial,3,26,
1964,24,27,22,I DON’T WANT TO HURT ANYMORE,Nat King Cole,Capitol,8,22,
1964,24,28,28,THREE WINDOW COUPE,The Rip Chords,Columbia,8,28,
1964,24,29,33,VIVA LAS VEGAS,Elvis Presley,RCA Victor,6,29,
1964,24,30,43,NO PARTICULAR PLACE TO GO,Chuck Berry,Chess,4,30,
1964,24,31,63,MEMPHIS,Johnny Rivers,Imperial,3,31,
1964,24,32,38,I’LL TOUCH A STAR,Terry Stafford,Crusader,4,32,
1964,24,33,35,GOODBYE BABY (Baby Goodbye),Solomon Burke,Atlantic,9,33,
1964,24,34,42,WHAT’S THE MATTER WITH YOU BABY,Marvin Gaye and Mary Wells,Motown,5,34,
1964,24,35,64,YESTERDAY’S GONE,Chad Stuart and Jeremy Clyde,World Artists,4,35,
1964,24,36,40,"I RISE, I FALL",Johnny Tillotson,MGM,7,36,
1964,24,37,45,ROCK ME BABY,B.B. King,Kent,6,37,
1964,24,38,25,BITS AND PIECES,The Dave Clark Five,Epic,11,4,
1964,24,39,60,BEANS IN MY EARS,The Serendipity Singers,Philips,4,39,
1964,24,40,21,I’M SO PROUD,The Impressions,ABC-Paramount,11,14,
1964,24,45,23,RONNIE,The Four Seasons,Philips,10,6,
1964,24,46,32,WISH SOMEONE WOULD CARE,Irma Thomas,Imperial,12,17,
1964,24,47,34,WRONG FOR EACH OTHER,Andy Williams,Columbia,9,34,
1964,24,41,54,DON’T THROW YOUR LOVE AWAY,The Searchers,Kapp,3,41,
1964,24,42,46,I DON’T WANNA BE A LOSER,Lesley Gore,Mercury,4,42,
1964,24,43,44,GOOD GOLLY MISS MOLLY,The Swinging Blue Jeans,Imperial,6,43,
1964,24,44,47,SUGAR AND SPICE,The Searchers,Liberty,7,44,
1964,24,48,41,TALL COOL ONE,The Wailers,Golden Crest,23,36,
1964,24,49,52,TOO LATE TO TURN BACK NOW,Brook Benton,Mercury,6,49,
1964,24,50,58,GIVING UP,Gladys Knight and the Pips,Maxx,6,50,
1964,25,1,1,CHAPEL OF LOVE,The Dixie Cups,Red Bird,8,1,3 weeks at #1
1964,25,2,2,A WORLD WITHOUT LOVE,Peter and Gordon,Capitol,7,2,
1964,25,3,10,I GET AROUND,The Beach Boys,Capitol,5,3,
1964,25,4,3,LOVE ME WITH ALL YOUR HEART (Cuando Calienta El Sol),The Ray Charles Singers,Command,11,3,
1964,25,5,16,MY BOY LOLLIPOP,Millie Small,Smash,5,5,
1964,25,6,6,WALK ON BY,Dionne Warwick,Scepter,9,6,
1964,25,7,4,LOVE ME DO,The Beatles,Tollie/Capitol Of Canada,11,1,
1964,25,8,9,PEOPLE,Barbra Streisand,Columbia,12,8,
1964,25,9,20,DON’T LET THE SUN CATCH YOU CRYING,Gerry and the Pacemakers,Laurie,5,9,
1964,25,10,11,DIANE,The Bachelors,London,10,10,
1964,25,11,7,LITTLE CHILDREN,Billy J. Kramer with the Dakotas,Imperial,10,7,
1964,25,12,5,MY GUY,Mary Wells,Motown,12,1,
1964,25,13,17,TELL ME WHY,Bobby Vinton,Epic,5,13,
1964,25,14,8,"HELLO, DOLLY!",Louis Armstrong,Kapp,19,1,
1964,25,15,31,MEMPHIS,Johnny Rivers,Imperial,4,15,
1964,25,16,26,BAD TO ME,Billy J. Kramer with the Dakotas,Imperial,4,16,
1964,25,17,18,TODAY,The New Christy Minstrels,Columbia,10,17,
1964,25,18,13,EVERY LITTLE BIT HURTS,Brenda Holloway,Tamla,8,13,
1964,25,19,19,ONCE UPON A TIME,Marvin Gaye and Mary Wells,Motown,8,19,
1964,25,20,24,TEARS AND ROSES,Al Martino,Capitol,6,20,
1964,25,21,21,WHAT’D I SAY,Elvis Presley,RCA Victor,5,21,
1964,25,22,15,P.S. I LOVE YOU,The Beatles,Tollie/Capitol Of Canada,7,10,
1964,25,23,12,(Just Like) ROMEO AND JULIET,The Reflections,Golden World,11,6,
1964,25,24,14,DO YOU LOVE ME,The Dave Clark Five,Epic,8,11,
1964,25,25,30,NO PARTICULAR PLACE TO GO,Chuck Berry,Chess,5,25,
1964,25,26,32,I’LL TOUCH A STAR,Terry Stafford,Crusader,5,26,
1964,25,27,35,YESTERDAY’S GONE,Chad Stuart and Jeremy Clyde,World Artists,5,27,
1964,25,28,41,DON’T THROW YOUR LOVE AWAY,The Searchers,Kapp,4,28,
1964,25,29,25,BE ANYTHING (But Be Mine),Connie Francis,MGM,7,25,
1964,25,30,39,BEANS IN MY EARS,The Serendipity Singers,Philips,5,30,
1964,25,31,68,CAN’T YOU SEE THAT SHE’S MINE,The Dave Clark Five,Epic,2,31,
1964,25,32,34,WHAT’S THE MATTER WITH YOU BABY,Marvin Gaye and Mary Wells,Motown,6,32,
1964,25,33,28,THREE WINDOW COUPE,The Rip Chords,Columbia,9,28,
1964,25,34,37,ROCK ME BABY,B.B. King,Kent,7,34,
1964,25,35,61,THE GIRL FROM IPANEMA,Stan Getz/Astrud Gilberto,Verve,3,35,
1964,25,36,27,I DON’T WANT TO HURT ANYMORE,Nat King Cole,Capitol,9,22,
1964,25,37,42,I DON’T WANNA BE A LOSER,Lesley Gore,Mercury,5,37,
1964,25,38,22,COTTON CANDY,Al Hirt,RCA Victor,11,15,
1964,25,39,23,IT’S OVER,Roy Orbison,Monument,11,9,
1964,25,40,29,VIVA LAS VEGAS,Elvis Presley,RCA Victor,7,29,
1964,25,42,36,"I RISE, I FALL",Johnny Tillotson,MGM,8,36,
1964,25,50,33,GOODBYE BABY (Baby Goodbye),Solomon Burke,Atlantic,10,33,
1964,25,41,53,DON’T WORRY BABY,The Beach Boys,Capitol,4,41,
1964,25,43,49,TOO LATE TO TURN BACK NOW,Brook Benton,Mercury,7,43,
1964,25,44,62,GOOD TIMES,Sam Cooke,RCA Victor,3,44,
1964,25,45,43,GOOD GOLLY MISS MOLLY,The Swinging Blue Jeans,Imperial,7,43,
1964,25,46,69,TRY IT BABY,Marvin Gaye,Tamla,3,46,
1964,25,47,51,ANOTHER CUP OF COFFEE,Brook Benton,Mercury,6,47,
1964,25,48,57,I’LL BE IN TROUBLE,The Temptations,Gordy,4,48,
1964,25,49,50,GIVING UP,Gladys Knight and the Pips,Maxx,7,49,
1964,26,1,2,A WORLD WITHOUT LOVE,Peter and Gordon,Capitol,8,1,1 week at #1
1964,26,2,3,I GET AROUND,The Beach Boys,Capitol,6,2,
1964,26,3,1,CHAPEL OF LOVE,The Dixie Cups,Red Bird,9,1,
1964,26,4,5,MY BOY LOLLIPOP,Millie Small,Smash,6,4,
1964,26,5,8,PEOPLE,Barbra Streisand,Columbia,13,5,
1964,26,6,15,MEMPHIS,Johnny Rivers,Imperial,5,6,
1964,26,7,9,DON’T LET THE SUN CATCH YOU CRYING,Gerry and the Pacemakers,Laurie,6,7,
1964,26,8,4,LOVE ME WITH ALL YOUR HEART (Cuando Calienta El Sol),The Ray Charles Singers,Command,12,3,
1964,26,9,16,BAD TO ME,Billy J. Kramer with the Dakotas,Imperial,5,9,
1964,26,10,6,WALK ON BY,Dionne Warwick,Scepter,10,6,
1964,26,11,7,LOVE ME DO,The Beatles,Tollie/Capitol Of Canada,12,1,
1964,26,12,11,LITTLE CHILDREN,Billy J. Kramer with the Dakotas,Imperial,11,7,
1964,26,13,13,TELL ME WHY,Bobby Vinton,Epic,6,13,
1964,26,14,25,NO PARTICULAR PLACE TO GO,Chuck Berry,Chess,6,14,
1964,26,15,12,MY GUY,Mary Wells,Motown,13,1,
1964,26,16,31,CAN’T YOU SEE THAT SHE’S MINE,The Dave Clark Five,Epic,3,16,
1964,26,17,10,DIANE,The Bachelors,London,11,10,
1964,26,18,53,RAG DOLL,The Four Seasons,Philips,2,18,
1964,26,19,14,"HELLO, DOLLY!",Louis Armstrong,Kapp,20,1,
1964,26,20,35,THE GIRL FROM IPANEMA,Stan Getz/Astrud Gilberto,Verve,4,20,
1964,26,21,17,TODAY,The New Christy Minstrels,Columbia,11,17,
1964,26,22,32,WHAT’S THE MATTER WITH YOU BABY,Marvin Gaye and Mary Wells,Motown,7,22,
1964,26,23,44,GOOD TIMES,Sam Cooke,RCA Victor,4,23,
1964,26,24,27,YESTERDAY’S GONE,Chad Stuart and Jeremy Clyde,World Artists,6,24,
1964,26,25,28,DON’T THROW YOUR LOVE AWAY,The Searchers,Kapp,5,25,
1964,26,26,26,I’LL TOUCH A STAR,Terry Stafford,Crusader,6,26,
1964,26,27,46,TRY IT BABY,Marvin Gaye,Tamla,4,27,
1964,26,28,20,TEARS AND ROSES,Al Martino,Capitol,7,20,
1964,26,29,41,DON’T WORRY BABY,The Beach Boys,Capitol,5,29,
1964,26,30,30,BEANS IN MY EARS,The Serendipity Singers,Philips,6,30,
1964,26,31,18,EVERY LITTLE BIT HURTS,Brenda Holloway,Tamla,9,13,
1964,26,32,65,KEEP ON PUSHING,The Impressions,ABC-Paramount,4,32,
1964,26,33,19,ONCE UPON A TIME,Marvin Gaye and Mary Wells,Motown,9,19,
1964,26,34,24,DO YOU LOVE ME,The Dave Clark Five,Epic,9,11,
1964,26,35,21,WHAT’D I SAY,Elvis Presley,RCA Victor,6,21,
1964,26,36,23,(Just Like) ROMEO AND JULIET,The Reflections,Golden World,12,6,
1964,26,37,22,P.S. I LOVE YOU,The Beatles,Tollie/Capitol Of Canada,8,10,
1964,26,38,51,ALONE,The Four Seasons,Vee-Jay,4,38,
1964,26,39,34,ROCK ME BABY,B.B. King,Kent,8,34,
1964,26,40,29,BE ANYTHING (But Be Mine),Connie Francis,MGM,8,25,
1964,26,43,38,COTTON CANDY,Al Hirt,RCA Victor,12,15,
1964,26,41,48,I’LL BE IN TROUBLE,The Temptations,Gordy,5,41,
1964,26,42,49,GIVING UP,Gladys Knight and the Pips,Maxx,8,42,
1964,26,44,62,DANG ME,Roger Miller,Smash,3,44,
1964,26,45,67,REMEMBER ME,Rita Pavone,RCA Victor,4,45,
1964,26,46,57,TENNESSEE WALTZ,Sam Cooke,RCA Victor,3,46,
1964,26,47,52,PARTY GIRL,Bernadette Carroll,Laurie,7,47,
1964,26,48,47,ANOTHER CUP OF COFFEE,Brook Benton,Mercury,7,47,
1964,26,49,56,MILORD,Bobby Darin,Atco,7,49,
1964,26,50,63,LAZY ELSIE MOLLY,Chubby Checker,Parkway,4,50,
1964,27,1,2,I GET AROUND,The Beach Boys,Capitol,7,1,1 week at #1
1964,27,2,4,MY BOY LOLLIPOP,Millie Small,Smash,7,2,
1964,27,3,6,MEMPHIS,Johnny Rivers,Imperial,6,3,
1964,27,4,7,DON’T LET THE SUN CATCH YOU CRYING,Gerry and the Pacemakers,Laurie,7,4,
1964,27,5,5,PEOPLE,Barbra Streisand,Columbia,14,5,
1964,27,6,1,A WORLD WITHOUT LOVE,Peter and Gordon,Capitol,9,1,
1964,27,7,3,CHAPEL OF LOVE,The Dixie Cups,Red Bird,10,1,
1964,27,8,18,RAG DOLL,The Four Seasons,Philips,3,8,
1964,27,9,9,BAD TO ME,Billy J. Kramer with the Dakotas,Imperial,6,9,
1964,27,10,16,CAN’T YOU SEE THAT SHE’S MINE,The Dave Clark Five,Epic,4,10,
1964,27,11,14,NO PARTICULAR PLACE TO GO,Chuck Berry,Chess,7,11,
1964,27,12,20,THE GIRL FROM IPANEMA,Stan Getz/Astrud Gilberto,Verve,5,12,
1964,27,13,8,LOVE ME WITH ALL YOUR HEART (Cuando Calienta El Sol),The Ray Charles Singers,Command,13,3,
1964,27,14,12,LITTLE CHILDREN,Billy J. Kramer with the Dakotas,Imperial,12,7,
1964,27,15,10,WALK ON BY,Dionne Warwick,Scepter,11,6,
1964,27,16,23,GOOD TIMES,Sam Cooke,RCA Victor,5,16,
1964,27,17,22,WHAT’S THE MATTER WITH YOU BABY,Marvin Gaye and Mary Wells,Motown,8,17,
1964,27,18,25,DON’T THROW YOUR LOVE AWAY,The Searchers,Kapp,6,18,
1964,27,19,11,LOVE ME DO,The Beatles,Tollie/Capitol Of Canada,13,1,
1964,27,20,27,TRY IT BABY,Marvin Gaye,Tamla,5,20,
1964,27,21,24,YESTERDAY’S GONE,Chad Stuart and Jeremy Clyde,World Artists,7,21,
1964,27,22,60,THE LITTLE OLD LADY (From Pasadena),Jan and Dean,Liberty,2,22,
1964,27,23,32,KEEP ON PUSHING,The Impressions,ABC-Paramount,5,23,
1964,27,24,29,DON’T WORRY BABY,The Beach Boys,Capitol,6,24,
1964,27,25,26,I’LL TOUCH A STAR,Terry Stafford,Crusader,7,25,
1964,27,26,13,TELL ME WHY,Bobby Vinton,Epic,7,13,
1964,27,27,17,DIANE,The Bachelors,London,12,10,
1964,27,28,21,TODAY,The New Christy Minstrels,Columbia,12,17,
1964,27,29,15,MY GUY,Mary Wells,Motown,14,1,
1964,27,30,38,ALONE,The Four Seasons,Vee-Jay,5,30,
1964,27,31,44,DANG ME,Roger Miller,Smash,4,31,
1964,27,32,30,BEANS IN MY EARS,The Serendipity Singers,Philips,7,30,
1964,27,33,41,I’LL BE IN TROUBLE,The Temptations,Gordy,6,33,
1964,27,34,19,"HELLO, DOLLY!",Louis Armstrong,Kapp,21,1,
1964,27,35,46,TENNESSEE WALTZ,Sam Cooke,RCA Victor,4,35,
1964,27,36,45,REMEMBER ME,Rita Pavone,RCA Victor,5,36,
1964,27,37,56,FARMER JOHN,The Premiers,Warner Brothers,3,37,
1964,27,38,42,GIVING UP,Gladys Knight and the Pips,Maxx,9,38,
1964,27,39,28,TEARS AND ROSES,Al Martino,Capitol,8,20,
1964,27,40,34,DO YOU LOVE ME,The Dave Clark Five,Epic,10,11,
1964,27,43,31,EVERY LITTLE BIT HURTS,Brenda Holloway,Tamla,10,13,
1964,27,41,52,HEY HARMONICA MAN,Stevie Wonder,Tamla,4,41,
1964,27,42,50,LAZY ELSIE MOLLY,Chubby Checker,Parkway,5,42,
1964,27,44,61,WISHIN’ AND HOPIN’,Dusty Springfield,Philips,3,44,
1964,27,45,49,MILORD,Bobby Darin,Atco,8,45,
1964,27,46,72,EVERYBODY LOVES SOMEBODY,Dean Martin,Reprise,2,46,
1964,27,47,47,PARTY GIRL,Bernadette Carroll,Laurie,8,47,
1964,27,48,73,NOBODY I KNOW,Peter and Gordon,Capitol,2,48,
1964,27,49,57,BEG ME,Chuck Jackson,Wand,7,49,
1964,27,50,58,ALONE WITH YOU,Brenda Lee,Decca,4,50,
1964,28,1,1,I GET AROUND,The Beach Boys,Capitol,8,1,2 weeks at #1
1964,28,2,3,MEMPHIS,Johnny Rivers,Imperial,7,2,
1964,28,3,8,RAG DOLL,The Four Seasons,Philips,4,3,
1964,28,4,4,DON’T LET THE SUN CATCH YOU CRYING,Gerry and the Pacemakers,Laurie,8,4,
1964,28,5,10,CAN’T YOU SEE THAT SHE’S MINE,The Dave Clark Five,Epic,5,5,
1964,28,6,2,MY BOY LOLLIPOP,Millie Small,Smash,8,2,
1964,28,7,5,PEOPLE,Barbra Streisand,Columbia,15,5,
1964,28,8,6,A WORLD WITHOUT LOVE,Peter and Gordon,Capitol,10,1,
1964,28,9,12,THE GIRL FROM IPANEMA,Stan Getz/Astrud Gilberto,Verve,6,9,
1964,28,10,11,NO PARTICULAR PLACE TO GO,Chuck Berry,Chess,8,10,
1964,28,11,9,BAD TO ME,Billy J. Kramer with the Dakotas,Imperial,7,9,
1964,28,12,22,THE LITTLE OLD LADY (From Pasadena),Jan and Dean,Liberty,3,12,
1964,28,13,31,DANG ME,Roger Miller,Smash,5,13,
1964,28,14,7,CHAPEL OF LOVE,The Dixie Cups,Red Bird,11,1,
1964,28,15,16,GOOD TIMES,Sam Cooke,RCA Victor,6,15,
1964,28,16,18,DON’T THROW YOUR LOVE AWAY,The Searchers,Kapp,7,16,
1964,28,17,20,TRY IT BABY,Marvin Gaye,Tamla,6,17,
1964,28,18,23,KEEP ON PUSHING,The Impressions,ABC-Paramount,6,18,
1964,28,19,14,LITTLE CHILDREN,Billy J. Kramer with the Dakotas,Imperial,13,7,
1964,28,20,15,WALK ON BY,Dionne Warwick,Scepter,12,6,
1964,28,21,17,WHAT’S THE MATTER WITH YOU BABY,Marvin Gaye and Mary Wells,Motown,9,17,
1964,28,22,13,LOVE ME WITH ALL YOUR HEART (Cuando Calienta El Sol),The Ray Charles Singers,Command,14,3,
1964,28,23,48,NOBODY I KNOW,Peter and Gordon,Capitol,3,23,
1964,28,24,19,LOVE ME DO,The Beatles,Tollie/Capitol Of Canada,14,1,
1964,28,25,21,YESTERDAY’S GONE,Chad Stuart and Jeremy Clyde,World Artists,8,21,
1964,28,26,36,REMEMBER ME,Rita Pavone,RCA Victor,6,26,
1964,28,27,44,WISHIN’ AND HOPIN’,Dusty Springfield,Philips,4,27,
1964,28,28,24,DON’T WORRY BABY,The Beach Boys,Capitol,7,24,
1964,28,29,30,ALONE,The Four Seasons,Vee-Jay,6,29,
1964,28,30,37,FARMER JOHN,The Premiers,Warner Brothers,4,30,
1964,28,31,62,UNDER THE BOARDWALK,The Drifters,Atlantic,3,31,
1964,28,32,28,TODAY,The New Christy Minstrels,Columbia,13,17,
1964,28,33,32,BEANS IN MY EARS,The Serendipity Singers,Philips,8,30,
1964,28,34,46,EVERYBODY LOVES SOMEBODY,Dean Martin,Reprise,3,34,
1964,28,35,41,HEY HARMONICA MAN,Stevie Wonder,Tamla,5,35,
1964,28,36,25,I’LL TOUCH A STAR,Terry Stafford,Crusader,8,25,
1964,28,37,35,TENNESSEE WALTZ,Sam Cooke,RCA Victor,5,35,
1964,28,38,52,STEAL AWAY,Jimmy Hughes,Fame,4,38,
1964,28,39,33,I’LL BE IN TROUBLE,The Temptations,Gordy,7,33,
1964,28,40,42,LAZY ELSIE MOLLY,Chubby Checker,Parkway,6,40,
1964,28,43,27,DIANE,The Bachelors,London,13,10,
1964,28,44,34,"HELLO, DOLLY!",Louis Armstrong,Kapp,22,1,
1964,28,45,29,MY GUY,Mary Wells,Motown,15,1,
1964,28,46,26,TELL ME WHY,Bobby Vinton,Epic,8,13,
1964,28,49,38,GIVING UP,Gladys Knight and the Pips,Maxx,10,38,
1964,28,41,58,(You Don’t Know) HOW GLAD I AM,Nancy Wilson,Capitol,3,41,
1964,28,42,61,I WANNA LOVE HIM SO BAD,The Jelly Beans,Red Bird,4,42,
1964,28,47,49,BEG ME,Chuck Jackson,Wand,8,47,
1964,28,48,50,ALONE WITH YOU,Brenda Lee,Decca,5,48,
1964,28,50,51,WHAT HAVE I GOT OF MY OWN,Trini Lopez,Reprise,10,50,
1964,29,1,3,RAG DOLL,The Four Seasons,Philips,5,1,1 week at #1
1964,29,2,2,MEMPHIS,Johnny Rivers,Imperial,8,2,
1964,29,3,1,I GET AROUND,The Beach Boys,Capitol,9,1,
1964,29,4,5,CAN’T YOU SEE THAT SHE’S MINE,The Dave Clark Five,Epic,6,4,
1964,29,5,9,THE GIRL FROM IPANEMA,Stan Getz/Astrud Gilberto,Verve,7,5,
1964,29,6,12,THE LITTLE OLD LADY (From Pasadena),Jan and Dean,Liberty,4,6,
1964,29,7,4,DON’T LET THE SUN CATCH YOU CRYING,Gerry and the Pacemakers,Laurie,9,4,
1964,29,8,13,DANG ME,Roger Miller,Smash,6,8,
1964,29,9,6,MY BOY LOLLIPOP,Millie Small,Smash,9,2,
1964,29,10,18,KEEP ON PUSHING,The Impressions,ABC-Paramount,7,10,
1964,29,11,15,GOOD TIMES,Sam Cooke,RCA Victor,7,11,
1964,29,12,27,WISHIN’ AND HOPIN’,Dusty Springfield,Philips,5,12,
1964,29,13,34,EVERYBODY LOVES SOMEBODY,Dean Martin,Reprise,4,13,
1964,29,14,7,PEOPLE,Barbra Streisand,Columbia,16,5,
1964,29,15,23,NOBODY I KNOW,Peter and Gordon,Capitol,4,15,
1964,29,16,17,TRY IT BABY,Marvin Gaye,Tamla,7,16,
1964,29,17,10,NO PARTICULAR PLACE TO GO,Chuck Berry,Chess,9,10,
1964,29,18,11,BAD TO ME,Billy J. Kramer with the Dakotas,Imperial,8,9,
1964,29,19,31,UNDER THE BOARDWALK,The Drifters,Atlantic,4,19,
1964,29,20,16,DON’T THROW YOUR LOVE AWAY,The Searchers,Kapp,8,16,
1964,29,22,8,A WORLD WITHOUT LOVE,Peter and Gordon,Capitol,11,1,
1964,29,23,30,FARMER JOHN,The Premiers,Warner Brothers,5,23,
1964,29,24,42,I WANNA LOVE HIM SO BAD,The Jelly Beans,Red Bird,5,24,
1964,29,25,28,DON’T WORRY BABY,The Beach Boys,Capitol,8,24,
1964,29,26,26,REMEMBER ME,Rita Pavone,RCA Victor,7,26,
1964,29,27,14,CHAPEL OF LOVE,The Dixie Cups,Red Bird,12,1,
1964,29,28,29,ALONE,The Four Seasons,Vee-Jay,7,28,
1964,29,29,19,LITTLE CHILDREN,Billy J. Kramer with the Dakotas,Imperial,14,7,
1964,29,30,38,STEAL AWAY,Jimmy Hughes,Fame,5,30,
1964,29,31,41,(You Don’t Know) HOW GLAD I AM,Nancy Wilson,Capitol,4,31,
1964,29,32,22,LOVE ME WITH ALL YOUR HEART (Cuando Calienta El Sol),The Ray Charles Singers,Command,15,3,
1964,29,33,35,HEY HARMONICA MAN,Stevie Wonder,Tamla,6,33,
1964,29,34,25,YESTERDAY’S GONE,Chad Stuart and Jeremy Clyde,World Artists,9,21,
1964,29,35,37,TENNESSEE WALTZ,Sam Cooke,RCA Victor,6,35,
1964,29,36,20,WALK ON BY,Dionne Warwick,Scepter,13,6,
1964,29,37,21,WHAT’S THE MATTER WITH YOU BABY,Marvin Gaye and Mary Wells,Motown,10,17,
1964,29,38,77,WHERE DID OUR LOVE GO,The Supremes,Motown,2,38,
1964,29,39,60,DO I LOVE YOU,The Ronettes,Philles,5,39,
1964,29,40,39,I’LL BE IN TROUBLE,The Temptations,Gordy,8,33,
1964,29,44,40,LAZY ELSIE MOLLY,Chubby Checker,Parkway,7,40,
1964,29,41,57,I LIKE IT LIKE THAT,The Miracles,Tamla,4,41,
1964,29,42,65,YOU’RE MY WORLD,Cilla Black,Capitol,3,42,
1964,29,43,50,WHAT HAVE I GOT OF MY OWN,Trini Lopez,Reprise,11,43,
1964,29,45,47,BEG ME,Chuck Jackson,Wand,9,45,
1964,29,46,51,I STILL GET JEALOUS,Louis Armstrong and the All Stars,Kapp,5,46,
1964,29,47,69,HANDY MAN,Del Shannon,Amy,3,47,
1964,29,48,52,NOT FADE AWAY,The Rolling Stones,London,12,48,
1964,29,49,53,SHARE YOUR LOVE WITH ME,Bobby Bland,Duke,6,49,
1964,29,50,48,ALONE WITH YOU,Brenda Lee,Decca,6,48,
1964,30,1,1,RAG DOLL,The Four Seasons,Philips,6,1,2 weeks at #1
1964,30,2,21,A HARD DAY’S NIGHT,The Beatles,Capitol,2,2,
1964,30,3,3,I GET AROUND,The Beach Boys,Capitol,10,1,
1964,30,4,2,MEMPHIS,Johnny Rivers,Imperial,9,2,
1964,30,5,5,THE GIRL FROM IPANEMA,Stan Getz/Astrud Gilberto,Verve,8,5,
1964,30,6,6,THE LITTLE OLD LADY (From Pasadena),Jan and Dean,Liberty,5,6,
1964,30,7,4,CAN’T YOU SEE THAT SHE’S MINE,The Dave Clark Five,Epic,7,4,
1964,30,8,8,DANG ME,Roger Miller,Smash,7,8,
1964,30,9,12,WISHIN’ AND HOPIN’,Dusty Springfield,Philips,6,9,
1964,30,10,10,KEEP ON PUSHING,The Impressions,ABC-Paramount,8,10,
1964,30,11,13,EVERYBODY LOVES SOMEBODY,Dean Martin,Reprise,5,11,
1964,30,12,11,GOOD TIMES,Sam Cooke,RCA Victor,8,11,
1964,30,13,19,UNDER THE BOARDWALK,The Drifters,Atlantic,5,13,
1964,30,14,15,NOBODY I KNOW,Peter and Gordon,Capitol,5,14,
1964,30,15,16,TRY IT BABY,Marvin Gaye,Tamla,8,15,
1964,30,16,9,MY BOY LOLLIPOP,Millie Small,Smash,10,2,
1964,30,17,7,DON’T LET THE SUN CATCH YOU CRYING,Gerry and the Pacemakers,Laurie,10,4,
1964,30,18,38,WHERE DID OUR LOVE GO,The Supremes,Motown,3,18,
1964,30,19,14,PEOPLE,Barbra Streisand,Columbia,17,5,
1964,30,20,24,I WANNA LOVE HIM SO BAD,The Jelly Beans,Red Bird,6,20,
1964,30,21,20,DON’T THROW YOUR LOVE AWAY,The Searchers,Kapp,9,16,
1964,30,22,31,(You Don’t Know) HOW GLAD I AM,Nancy Wilson,Capitol,5,22,
1964,30,23,23,FARMER JOHN,The Premiers,Warner Brothers,6,23,
1964,30,24,18,BAD TO ME,Billy J. Kramer with the Dakotas,Imperial,9,9,
1964,30,25,30,STEAL AWAY,Jimmy Hughes,Fame,6,25,
1964,30,26,17,NO PARTICULAR PLACE TO GO,Chuck Berry,Chess,10,10,
1964,30,27,25,DON’T WORRY BABY,The Beach Boys,Capitol,9,24,
1964,30,28,22,A WORLD WITHOUT LOVE,Peter and Gordon,Capitol,12,1,
1964,30,29,33,HEY HARMONICA MAN,Stevie Wonder,Tamla,7,29,
1964,30,30,26,REMEMBER ME,Rita Pavone,RCA Victor,8,26,
1964,30,31,42,YOU’RE MY WORLD,Cilla Black,Capitol,4,31,
1964,30,32,27,CHAPEL OF LOVE,The Dixie Cups,Red Bird,13,1,
1964,30,33,28,ALONE,The Four Seasons,Vee-Jay,8,28,
1964,30,34,47,HANDY MAN,Del Shannon,Amy,4,34,
1964,30,35,41,I LIKE IT LIKE THAT,The Miracles,Tamla,5,35,
1964,30,36,58,C’MON AND SWIM,Bobby Freeman,Autumn,3,36,
1964,30,37,39,DO I LOVE YOU,The Ronettes,Philles,6,37,
1964,30,38,54,AL-DI-LA,The Ray Charles Singers,Command,3,38,
1964,30,39,35,TENNESSEE WALTZ,Sam Cooke,RCA Victor,7,35,
1964,30,40,40,I’LL BE IN TROUBLE,The Temptations,Gordy,9,33,
1964,30,41,29,LITTLE CHILDREN,Billy J. Kramer with the Dakotas,Imperial,15,7,
1964,30,42,49,SHARE YOUR LOVE WITH ME,Bobby Bland,Duke,7,42,
1964,30,43,43,WHAT HAVE I GOT OF MY OWN,Trini Lopez,Reprise,12,43,
1964,30,44,55,SUGAR LIPS,Al Hirt,RCA Victor,3,44,
1964,30,45,46,I STILL GET JEALOUS,Louis Armstrong and the All Stars,Kapp,6,45,
1964,30,46,70,JUST BE TRUE,Gene Chandler,Constellation,3,46,
1964,30,47,72,PEOPLE SAY,The Dixie Cups,Red Bird,2,47,
1964,30,48,65,WALK-DON’T RUN ’64,The Ventures,Dolton,3,48,
1964,30,49,62,TELL ME (You’re Coming Back),The Rolling Stones,London,4,49,
1964,30,50,53,I BELIEVE,The Bachelors,London,5,50,
1964,31,1,2,A HARD DAY’S NIGHT,The Beatles,Capitol,3,1,1 week at #1
1964,31,2,1,RAG DOLL,The Four Seasons,Philips,7,1,
1964,31,3,6,THE LITTLE OLD LADY (From Pasadena),Jan and Dean,Liberty,6,3,
1964,31,4,11,EVERYBODY LOVES SOMEBODY,Dean Martin,Reprise,6,4,
1964,31,5,18,WHERE DID OUR LOVE GO,The Supremes,Motown,4,5,
1964,31,6,9,WISHIN’ AND HOPIN’,Dusty Springfield,Philips,7,6,
1964,31,7,8,DANG ME,Roger Miller,Smash,8,7,
1964,31,8,3,I GET AROUND,The Beach Boys,Capitol,11,1,
1964,31,9,4,MEMPHIS,Johnny Rivers,Imperial,10,2,
1964,31,10,5,THE GIRL FROM IPANEMA,Stan Getz/Astrud Gilberto,Verve,9,5,
1964,31,11,13,UNDER THE BOARDWALK,The Drifters,Atlantic,6,11,
1964,31,12,14,NOBODY I KNOW,Peter and Gordon,Capitol,6,12,
1964,31,13,7,CAN’T YOU SEE THAT SHE’S MINE,The Dave Clark Five,Epic,8,4,
1964,31,14,10,KEEP ON PUSHING,The Impressions,ABC-Paramount,9,10,
1964,31,15,20,I WANNA LOVE HIM SO BAD,The Jelly Beans,Red Bird,7,15,
1964,31,16,12,GOOD TIMES,Sam Cooke,RCA Victor,9,11,
1964,31,17,22,(You Don’t Know) HOW GLAD I AM,Nancy Wilson,Capitol,6,17,
1964,31,18,15,TRY IT BABY,Marvin Gaye,Tamla,9,15,
1964,31,19,23,FARMER JOHN,The Premiers,Warner Brothers,7,19,
1964,31,20,25,STEAL AWAY,Jimmy Hughes,Fame,7,20,
1964,31,21,16,MY BOY LOLLIPOP,Millie Small,Smash,11,2,
1964,31,22,17,DON’T LET THE SUN CATCH YOU CRYING,Gerry and the Pacemakers,Laurie,11,4,
1964,31,23,19,PEOPLE,Barbra Streisand,Columbia,18,5,
1964,31,24,36,C’MON AND SWIM,Bobby Freeman,Autumn,4,24,
1964,31,25,21,DON’T THROW YOUR LOVE AWAY,The Searchers,Kapp,10,16,
1964,31,26,31,YOU’RE MY WORLD,Cilla Black,Capitol,5,26,
1964,31,27,34,HANDY MAN,Del Shannon,Amy,5,27,
1964,31,28,35,I LIKE IT LIKE THAT,The Miracles,Tamla,6,28,
1964,31,29,48,WALK-DON’T RUN ’64,The Ventures,Dolton,4,29,
1964,31,30,27,DON’T WORRY BABY,The Beach Boys,Capitol,10,24,
1964,31,31,47,PEOPLE SAY,The Dixie Cups,Red Bird,3,31,
1964,31,32,38,AL-DI-LA,The Ray Charles Singers,Command,4,32,
1964,31,33,46,JUST BE TRUE,Gene Chandler,Constellation,4,33,
1964,31,34,37,DO I LOVE YOU,The Ronettes,Philles,7,34,
1964,31,35,24,BAD TO ME,Billy J. Kramer with the Dakotas,Imperial,10,9,
1964,31,36,49,TELL ME (You’re Coming Back),The Rolling Stones,London,5,36,
1964,31,37,29,HEY HARMONICA MAN,Stevie Wonder,Tamla,8,29,
1964,31,38,44,SUGAR LIPS,Al Hirt,RCA Victor,4,38,
1964,31,39,50,I BELIEVE,The Bachelors,London,6,39,
1964,31,40,67,AIN’T SHE SWEET,The Beatles,Atco,3,40,
1964,31,41,33,ALONE,The Four Seasons,Vee-Jay,9,28,
1964,31,47,39,TENNESSEE WALTZ,Sam Cooke,RCA Victor,8,35,
1964,31,48,26,NO PARTICULAR PLACE TO GO,Chuck Berry,Chess,11,10,
1964,31,59,30,REMEMBER ME,Rita Pavone,RCA Victor,9,26,
1964,31,42,54,"MIXED-UP, SHOOK-UP, GIRL",Patty and the Emblems,Herald,7,42,
1964,31,43,53,HOW DO YOU DO IT,Gerry and the Pacemakers,Laurie,4,43,
1964,31,44,52,ANGELITO,Rene and Rene,Columbia,4,44,
1964,31,45,57,I’M INTO SOMETHIN’ GOOD,Earl-Jean,Colpix,6,45,
1964,31,46,43,WHAT HAVE I GOT OF MY OWN,Trini Lopez,Reprise,13,43,
1964,31,49,42,SHARE YOUR LOVE WITH ME,Bobby Bland,Duke,8,42,
1964,31,50,63,SHE’S THE ONE,The Chartbusters,Mutual,4,50,
1964,32,1,1,A HARD DAY’S NIGHT,The Beatles,Capitol,4,1,2 weeks at #1
1964,32,2,4,EVERYBODY LOVES SOMEBODY,Dean Martin,Reprise,7,2,
1964,32,3,5,WHERE DID OUR LOVE GO,The Supremes,Motown,5,3,
1964,32,4,3,THE LITTLE OLD LADY (From Pasadena),Jan and Dean,Liberty,7,3,
1964,32,5,2,RAG DOLL,The Four Seasons,Philips,8,1,
1964,32,6,6,WISHIN’ AND HOPIN’,Dusty Springfield,Philips,8,6,
1964,32,7,11,UNDER THE BOARDWALK,The Drifters,Atlantic,7,7,
1964,32,8,7,DANG ME,Roger Miller,Smash,9,7,
1964,32,9,15,I WANNA LOVE HIM SO BAD,The Jelly Beans,Red Bird,8,9,
1964,32,10,8,I GET AROUND,The Beach Boys,Capitol,12,1,
1964,32,11,10,THE GIRL FROM IPANEMA,Stan Getz/Astrud Gilberto,Verve,10,5,
1964,32,12,9,MEMPHIS,Johnny Rivers,Imperial,11,2,
1964,32,13,24,C’MON AND SWIM,Bobby Freeman,Autumn,5,13,
1964,32,14,17,(You Don’t Know) HOW GLAD I AM,Nancy Wilson,Capitol,7,14,
1964,32,15,12,NOBODY I KNOW,Peter and Gordon,Capitol,7,12,
1964,32,16,13,CAN’T YOU SEE THAT SHE’S MINE,The Dave Clark Five,Epic,9,4,
1964,32,17,14,KEEP ON PUSHING,The Impressions,ABC-Paramount,10,10,
1964,32,18,31,PEOPLE SAY,The Dixie Cups,Red Bird,4,18,
1964,32,19,20,STEAL AWAY,Jimmy Hughes,Fame,8,19,
1964,32,20,29,WALK-DON’T RUN ’64,The Ventures,Dolton,5,20,
1964,32,21,43,HOW DO YOU DO IT,Gerry and the Pacemakers,Laurie,5,21,
1964,32,22,60,BECAUSE,The Dave Clark Five,Epic,2,22,
1964,32,23,27,HANDY MAN,Del Shannon,Amy,6,23,
1964,32,24,36,TELL ME (You’re Coming Back),The Rolling Stones,London,6,24,
1964,32,25,40,AIN’T SHE SWEET,The Beatles,Atco,4,25,
1964,32,26,26,YOU’RE MY WORLD,Cilla Black,Capitol,6,26,
1964,32,27,28,I LIKE IT LIKE THAT,The Miracles,Tamla,7,27,
1964,32,28,33,JUST BE TRUE,Gene Chandler,Constellation,5,28,
1964,32,29,32,AL-DI-LA,The Ray Charles Singers,Command,5,29,
1964,32,30,18,TRY IT BABY,Marvin Gaye,Tamla,10,15,
1964,32,31,38,SUGAR LIPS,Al Hirt,RCA Victor,5,31,
1964,32,32,19,FARMER JOHN,The Premiers,Warner Brothers,8,19,
1964,32,33,39,I BELIEVE,The Bachelors,London,7,33,
1964,32,34,34,DO I LOVE YOU,The Ronettes,Philles,8,34,
1964,32,35,56,SUCH A NIGHT,Elvis Presley,RCA Victor,3,35,
1964,32,36,23,PEOPLE,Barbra Streisand,Columbia,19,5,
1964,32,37,16,GOOD TIMES,Sam Cooke,RCA Victor,10,11,
1964,32,38,45,I’M INTO SOMETHIN’ GOOD,Earl-Jean,Colpix,7,38,
1964,32,39,25,DON’T THROW YOUR LOVE AWAY,The Searchers,Kapp,11,16,
1964,32,40,65,AND I LOVE HER,The Beatles,Capitol,3,40,
1964,32,41,21,MY BOY LOLLIPOP,Millie Small,Smash,12,2,
1964,32,45,22,DON’T LET THE SUN CATCH YOU CRYING,Gerry and the Pacemakers,Laurie,12,4,
1964,32,42,42,"MIXED-UP, SHOOK-UP, GIRL",Patty and the Emblems,Herald,8,42,
1964,32,43,44,ANGELITO,Rene and Rene,Columbia,5,43,
1964,32,44,62,I’LL CRY INSTEAD,The Beatles,Capitol,2,44,
1964,32,46,54,I’LL KEEP YOU SATISFIED,Billy J. Kramer with the Dakotas,Imperial,3,46,
1964,32,47,50,SHE’S THE ONE,The Chartbusters,Mutual,5,47,
1964,32,48,51,YOU’RE MY REMEDY,The Marvelettes,Tamla,6,48,
1964,32,49,63,IN THE MISTY MOONLIGHT,Jerry Wallace,Challenge,3,49,
1964,32,50,64,MAYBE I KNOW,Lesley Gore,Mercury,3,50,
1964,33,1,2,EVERYBODY LOVES SOMEBODY,Dean Martin,Reprise,8,1,1 week at #1
1964,33,2,3,WHERE DID OUR LOVE GO,The Supremes,Motown,6,2,
1964,33,3,1,A HARD DAY’S NIGHT,The Beatles,Capitol,5,1,
1964,33,4,5,RAG DOLL,The Four Seasons,Philips,9,1,
1964,33,5,7,UNDER THE BOARDWALK,The Drifters,Atlantic,8,5,
1964,33,6,6,WISHIN’ AND HOPIN’,Dusty Springfield,Philips,9,6,
1964,33,7,4,THE LITTLE OLD LADY (From Pasadena),Jan and Dean,Liberty,8,3,
1964,33,8,13,C’MON AND SWIM,Bobby Freeman,Autumn,6,8,
1964,33,9,9,I WANNA LOVE HIM SO BAD,The Jelly Beans,Red Bird,9,9,
1964,33,10,60,THE HOUSE OF THE RISING SUN,The Animals,MGM,2,10,
1964,33,11,14,(You Don’t Know) HOW GLAD I AM,Nancy Wilson,Capitol,8,11,
1964,33,12,10,I GET AROUND,The Beach Boys,Capitol,13,1,
1964,33,13,20,WALK-DON’T RUN ’64,The Ventures,Dolton,6,13,
1964,33,14,22,BECAUSE,The Dave Clark Five,Epic,3,14,
1964,33,15,18,PEOPLE SAY,The Dixie Cups,Red Bird,5,15,
1964,33,16,21,HOW DO YOU DO IT,Gerry and the Pacemakers,Laurie,6,16,
1964,33,17,19,STEAL AWAY,Jimmy Hughes,Fame,9,17,
1964,33,18,8,DANG ME,Roger Miller,Smash,10,7,
1964,33,19,11,THE GIRL FROM IPANEMA,Stan Getz/Astrud Gilberto,Verve,11,5,
1964,33,20,28,JUST BE TRUE,Gene Chandler,Constellation,6,20,
1964,33,21,17,KEEP ON PUSHING,The Impressions,ABC-Paramount,11,10,
1964,33,22,25,AIN’T SHE SWEET,The Beatles,Atco,5,22,
1964,33,23,23,HANDY MAN,Del Shannon,Amy,7,23,
1964,33,24,24,TELL ME (You’re Coming Back),The Rolling Stones,London,7,24,
1964,33,25,15,NOBODY I KNOW,Peter and Gordon,Capitol,8,12,
1964,33,26,12,MEMPHIS,Johnny Rivers,Imperial,12,2,
1964,33,27,40,AND I LOVE HER,The Beatles,Capitol,4,27,
1964,33,28,35,SUCH A NIGHT,Elvis Presley,RCA Victor,4,28,
1964,33,29,29,AL-DI-LA,The Ray Charles Singers,Command,6,29,
1964,33,30,31,SUGAR LIPS,Al Hirt,RCA Victor,6,30,
1964,33,31,16,CAN’T YOU SEE THAT SHE’S MINE,The Dave Clark Five,Epic,10,4,
1964,33,32,27,I LIKE IT LIKE THAT,The Miracles,Tamla,8,27,
1964,33,33,47,SHE’S THE ONE,The Chartbusters,Mutual,6,33,
1964,33,34,44,I’LL CRY INSTEAD,The Beatles,Capitol,3,34,
1964,33,35,46,I’LL KEEP YOU SATISFIED,Billy J. Kramer with the Dakotas,Imperial,4,35,
1964,33,36,26,YOU’RE MY WORLD,Cilla Black,Capitol,7,26,
1964,33,37,42,"MIXED-UP, SHOOK-UP, GIRL",Patty and the Emblems,Herald,9,37,
1964,33,38,70,SELFISH ONE,Jackie Ross,Chess,3,38,
1964,33,39,30,TRY IT BABY,Marvin Gaye,Tamla,11,15,
1964,33,40,50,MAYBE I KNOW,Lesley Gore,Mercury,4,40,
1964,33,41,33,I BELIEVE,The Bachelors,London,8,33,
1964,33,42,32,FARMER JOHN,The Premiers,Warner Brothers,9,19,
1964,33,44,34,DO I LOVE YOU,The Ronettes,Philles,9,34,
1964,33,46,38,I’M INTO SOMETHIN’ GOOD,Earl-Jean,Colpix,8,38,
1964,33,43,43,ANGELITO,Rene and Rene,Columbia,6,43,
1964,33,45,49,IN THE MISTY MOONLIGHT,Jerry Wallace,Challenge,4,45,
1964,33,47,66,YOU NEVER CAN TELL (C’est La Vie),Chuck Berry,Chess,3,47,
1964,33,48,54,LOOKING FOR LOVE,Connie Francis,MGM,5,48,
1964,33,49,56,HEY GIRL DON’T BOTHER ME,The Tams,ABC-Paramount,5,49,
1964,33,50,72,G.T.O.,Ronny and the Daytonas,Mala,3,50,
1964,34,1,2,WHERE DID OUR LOVE GO,The Supremes,Motown,7,1,1 week at #1
1964,34,2,1,EVERYBODY LOVES SOMEBODY,Dean Martin,Reprise,9,1,
1964,34,3,3,A HARD DAY’S NIGHT,The Beatles,Capitol,6,1,
1964,34,4,5,UNDER THE BOARDWALK,The Drifters,Atlantic,9,4,
1964,34,5,10,THE HOUSE OF THE RISING SUN,The Animals,MGM,3,5,
1964,34,6,8,C’MON AND SWIM,Bobby Freeman,Autumn,7,6,
1964,34,7,14,BECAUSE,The Dave Clark Five,Epic,4,7,
1964,34,8,13,WALK-DON’T RUN ’64,The Ventures,Dolton,7,8,
1964,34,9,6,WISHIN’ AND HOPIN’,Dusty Springfield,Philips,10,6,
1964,34,10,16,HOW DO YOU DO IT,Gerry and the Pacemakers,Laurie,7,10,
1964,34,11,4,RAG DOLL,The Four Seasons,Philips,10,1,
1964,34,12,15,PEOPLE SAY,The Dixie Cups,Red Bird,6,12,
1964,34,13,7,THE LITTLE OLD LADY (From Pasadena),Jan and Dean,Liberty,9,3,
1964,34,14,9,I WANNA LOVE HIM SO BAD,The Jelly Beans,Red Bird,10,9,
1964,34,15,12,I GET AROUND,The Beach Boys,Capitol,14,1,
1964,34,16,28,SUCH A NIGHT,Elvis Presley,RCA Victor,5,16,
1964,34,17,27,AND I LOVE HER,The Beatles,Capitol,5,17,
1964,34,18,11,(You Don’t Know) HOW GLAD I AM,Nancy Wilson,Capitol,9,11,
1964,34,19,22,AIN’T SHE SWEET,The Beatles,Atco,6,19,
1964,34,20,20,JUST BE TRUE,Gene Chandler,Constellation,7,20,
1964,34,21,40,MAYBE I KNOW,Lesley Gore,Mercury,5,21,
1964,34,22,23,HANDY MAN,Del Shannon,Amy,8,22,
1964,34,23,56,BREAD AND BUTTER,The Newbeats,Hickory,2,23,
1964,34,24,17,STEAL AWAY,Jimmy Hughes,Fame,10,17,
1964,34,25,47,YOU NEVER CAN TELL (C’est La Vie),Chuck Berry,Chess,4,25,
1964,34,26,21,KEEP ON PUSHING,The Impressions,ABC-Paramount,12,10,
1964,34,27,24,TELL ME (You’re Coming Back),The Rolling Stones,London,8,24,
1964,34,28,50,G.T.O.,Ronny and the Daytonas,Mala,4,28,
1964,34,29,34,I’LL CRY INSTEAD,The Beatles,Capitol,4,29,
1964,34,30,35,I’LL KEEP YOU SATISFIED,Billy J. Kramer with the Dakotas,Imperial,5,30,
1964,34,31,45,IN THE MISTY MOONLIGHT,Jerry Wallace,Challenge,5,31,
1964,34,32,38,SELFISH ONE,Jackie Ross,Chess,4,32,
1964,34,33,33,SHE’S THE ONE,The Chartbusters,Mutual,7,33,
1964,34,34,18,DANG ME,Roger Miller,Smash,11,7,
1964,34,35,30,SUGAR LIPS,Al Hirt,RCA Victor,7,30,
1964,34,36,19,THE GIRL FROM IPANEMA,Stan Getz/Astrud Gilberto,Verve,12,5,
1964,34,37,37,"MIXED-UP, SHOOK-UP, GIRL",Patty and the Emblems,Herald,10,37,
1964,34,38,63,CLINGING VINE,Bobby Vinton,Epic,3,38,
1964,34,39,70,MAYBELLINE,Johnny Rivers,Imperial,2,39,
1964,34,40,54,IT’S ALL OVER NOW,The Rolling Stones,London,5,40,
1964,34,41,25,NOBODY I KNOW,Peter and Gordon,Capitol,9,12,
1964,34,44,32,I LIKE IT LIKE THAT,The Miracles,Tamla,9,27,
1964,34,42,52,IT HURTS TO BE IN LOVE,Gene Pitney,Musicor,6,42,
1964,34,43,49,HEY GIRL DON’T BOTHER ME,The Tams,ABC-Paramount,6,43,
1964,34,45,48,LOOKING FOR LOVE,Connie Francis,MGM,6,45,
1964,34,46,43,ANGELITO,Rene and Rene,Columbia,7,43,
1964,34,47,68,HAUNTED HOUSE,Gene Simmons,Hi,3,47,
1964,34,48,51,LITTLE LATIN LUPE LU,The Kingsmen,Wand,7,48,
1964,34,49,62,I WANT YOU TO MEET MY BABY,Eydie Gorme,Columbia,5,49,
1964,34,50,55,A TEAR FELL,Ray Charles,ABC-Paramount,4,50,
1964,35,1,1,WHERE DID OUR LOVE GO,The Supremes,Motown,8,1,2 weeks at #1
1964,35,2,5,THE HOUSE OF THE RISING SUN,The Animals,MGM,4,2,
1964,35,3,2,EVERYBODY LOVES SOMEBODY,Dean Martin,Reprise,10,1,
1964,35,4,3,A HARD DAY’S NIGHT,The Beatles,Capitol,7,1,
1964,35,5,6,C’MON AND SWIM,Bobby Freeman,Autumn,8,5,
1964,35,6,4,UNDER THE BOARDWALK,The Drifters,Atlantic,10,4,
1964,35,7,7,BECAUSE,The Dave Clark Five,Epic,5,7,
1964,35,8,8,WALK-DON’T RUN ’64,The Ventures,Dolton,8,8,
1964,35,9,23,BREAD AND BUTTER,The Newbeats,Hickory,3,9,
1964,35,10,10,HOW DO YOU DO IT,Gerry and the Pacemakers,Laurie,8,10,
1964,35,11,9,WISHIN’ AND HOPIN’,Dusty Springfield,Philips,11,6,
1964,35,12,12,PEOPLE SAY,The Dixie Cups,Red Bird,7,12,
1964,35,13,17,AND I LOVE HER,The Beatles,Capitol,6,13,
1964,35,14,32,SELFISH ONE,Jackie Ross,Chess,5,14,
1964,35,15,28,G.T.O.,Ronny and the Daytonas,Mala,5,15,
1964,35,16,16,SUCH A NIGHT,Elvis Presley,RCA Victor,6,16,
1964,35,17,11,RAG DOLL,The Four Seasons,Philips,11,1,
1964,35,18,21,MAYBE I KNOW,Lesley Gore,Mercury,6,18,
1964,35,19,20,JUST BE TRUE,Gene Chandler,Constellation,8,19,
1964,35,20,25,YOU NEVER CAN TELL (C’est La Vie),Chuck Berry,Chess,5,20,
1964,35,21,38,CLINGING VINE,Bobby Vinton,Epic,4,21,
1964,35,22,13,THE LITTLE OLD LADY (From Pasadena),Jan and Dean,Liberty,10,3,
1964,35,23,18,(You Don’t Know) HOW GLAD I AM,Nancy Wilson,Capitol,10,11,
1964,35,24,19,AIN’T SHE SWEET,The Beatles,Atco,7,19,
1964,35,25,29,I’LL CRY INSTEAD,The Beatles,Capitol,5,25,
1964,35,26,31,IN THE MISTY MOONLIGHT,Jerry Wallace,Challenge,6,26,
1964,35,27,15,I GET AROUND,The Beach Boys,Capitol,15,1,
1964,35,28,14,I WANNA LOVE HIM SO BAD,The Jelly Beans,Red Bird,11,9,
1964,35,29,42,IT HURTS TO BE IN LOVE,Gene Pitney,Musicor,7,29,
1964,35,30,39,MAYBELLINE,Johnny Rivers,Imperial,3,30,
1964,35,31,22,HANDY MAN,Del Shannon,Amy,9,22,
1964,35,32,54,BABY I NEED YOUR LOVING,The Four Tops,Motown,3,32,
1964,35,33,24,STEAL AWAY,Jimmy Hughes,Fame,11,17,
1964,35,34,40,IT’S ALL OVER NOW,The Rolling Stones,London,6,34,
1964,35,35,47,HAUNTED HOUSE,Gene Simmons,Hi,4,35,
1964,35,36,30,I’LL KEEP YOU SATISFIED,Billy J. Kramer with the Dakotas,Imperial,6,30,
1964,35,37,33,SHE’S THE ONE,The Chartbusters,Mutual,8,33,
1964,35,38,27,TELL ME (You’re Coming Back),The Rolling Stones,London,9,24,
1964,35,39,26,KEEP ON PUSHING,The Impressions,ABC-Paramount,13,10,
1964,35,40,37,"MIXED-UP, SHOOK-UP, GIRL",Patty and the Emblems,Herald,11,37,
1964,35,41,43,HEY GIRL DON’T BOTHER ME,The Tams,ABC-Paramount,7,41,
1964,35,42,68,DANCING IN THE STREET,Martha and the Vandellas,Gordy,2,42,
1964,35,43,51,SWEET WILLIAM,Millie Small,Smash,4,43,
1964,35,44,49,I WANT YOU TO MEET MY BABY,Eydie Gorme,Columbia,6,44,
1964,35,45,69,FUNNY,Joe Hinton,Back Beat,3,45,
1964,35,46,48,LITTLE LATIN LUPE LU,The Kingsmen,Wand,8,46,
1964,35,47,78,REMEMBER (Walkin’ In the Sand),The Shangri-Las,Red Bird,2,47,
1964,35,48,62,WE’LL SING IN THE SUNSHINE,Gale Garnett,RCA Victor,4,48,
1964,35,49,52,WORRY,Johnny Tillotson,MGM,7,49,
1964,35,50,66,I’M ON THE OUTSIDE (Looking In),Little Anthony and the Imperials,DCP,2,50,
1964,36,1,2,THE HOUSE OF THE RISING SUN,The Animals,MGM,5,1,1 week at #1
1964,36,2,1,WHERE DID OUR LOVE GO,The Supremes,Motown,9,1,
1964,36,3,3,EVERYBODY LOVES SOMEBODY,Dean Martin,Reprise,11,1,
1964,36,4,7,BECAUSE,The Dave Clark Five,Epic,6,4,
1964,36,5,5,C’MON AND SWIM,Bobby Freeman,Autumn,9,5,
1964,36,6,9,BREAD AND BUTTER,The Newbeats,Hickory,4,6,
1964,36,7,6,UNDER THE BOARDWALK,The Drifters,Atlantic,11,4,
1964,36,8,4,A HARD DAY’S NIGHT,The Beatles,Capitol,8,1,
1964,36,9,10,HOW DO YOU DO IT,Gerry and the Pacemakers,Laurie,9,9,
1964,36,10,15,G.T.O.,Ronny and the Daytonas,Mala,6,10,
1964,36,11,14,SELFISH ONE,Jackie Ross,Chess,6,11,
1964,36,12,13,AND I LOVE HER,The Beatles,Capitol,7,12,
1964,36,13,47,REMEMBER (Walkin’ In the Sand),The Shangri-Las,Red Bird,3,13,
1964,36,14,20,YOU NEVER CAN TELL (C’est La Vie),Chuck Berry,Chess,6,14,
1964,36,15,8,WALK-DON’T RUN ’64,The Ventures,Dolton,9,8,
1964,36,16,18,MAYBE I KNOW,Lesley Gore,Mercury,7,16,
1964,36,17,30,MAYBELLINE,Johnny Rivers,Imperial,4,17,
1964,36,18,35,HAUNTED HOUSE,Gene Simmons,Hi,5,18,
1964,36,19,21,CLINGING VINE,Bobby Vinton,Epic,5,19,
1964,36,20,12,PEOPLE SAY,The Dixie Cups,Red Bird,8,12,
1964,36,21,16,SUCH A NIGHT,Elvis Presley,RCA Victor,7,16,
1964,36,22,26,IN THE MISTY MOONLIGHT,Jerry Wallace,Challenge,7,22,
1964,36,23,11,WISHIN’ AND HOPIN’,Dusty Springfield,Philips,12,6,
1964,36,24,48,WE’LL SING IN THE SUNSHINE,Gale Garnett,RCA Victor,5,24,
1964,36,25,32,BABY I NEED YOUR LOVING,The Four Tops,Motown,4,25,
1964,36,26,29,IT HURTS TO BE IN LOVE,Gene Pitney,Musicor,8,26,
1964,36,27,51,"OH, PRETTY WOMAN",Roy Orbison and the Candy Men,Monument,2,27,
1964,36,28,19,JUST BE TRUE,Gene Chandler,Constellation,9,19,
1964,36,29,34,IT’S ALL OVER NOW,The Rolling Stones,London,7,29,
1964,36,30,24,AIN’T SHE SWEET,The Beatles,Atco,8,19,
1964,36,31,64,SAVE IT FOR ME,The Four Seasons,Philips,2,31,
1964,36,32,42,DANCING IN THE STREET,Martha and the Vandellas,Gordy,3,32,
1964,36,33,17,RAG DOLL,The Four Seasons,Philips,12,1,
1964,36,34,25,I’LL CRY INSTEAD,The Beatles,Capitol,6,25,
1964,36,35,45,FUNNY,Joe Hinton,Back Beat,4,35,
1964,36,36,50,I’M ON THE OUTSIDE (Looking In),Little Anthony and the Imperials,DCP,3,36,
1964,36,37,33,STEAL AWAY,Jimmy Hughes,Fame,12,17,
1964,36,38,22,THE LITTLE OLD LADY (From Pasadena),Jan and Dean,Liberty,11,3,
1964,36,39,31,HANDY MAN,Del Shannon,Amy,10,22,
1964,36,40,43,SWEET WILLIAM,Millie Small,Smash,5,40,
1964,36,42,28,I WANNA LOVE HIM SO BAD,The Jelly Beans,Red Bird,12,9,
1964,36,44,23,(You Don’t Know) HOW GLAD I AM,Nancy Wilson,Capitol,11,11,
1964,36,50,38,TELL ME (You’re Coming Back),The Rolling Stones,London,10,24,
1964,36,51,36,I’LL KEEP YOU SATISFIED,Billy J. Kramer with the Dakotas,Imperial,7,30,
1964,36,41,41,HEY GIRL DON’T BOTHER ME,The Tams,ABC-Paramount,8,41,
1964,36,43,44,I WANT YOU TO MEET MY BABY,Eydie Gorme,Columbia,7,43,
1964,36,45,61,OUT OF SIGHT,James Brown and His Orchestra,Smash,4,45,
1964,36,46,56,SOMEDAY WE’RE GONNA LOVE AGAIN,The Searchers,Kapp,4,46,
1964,36,47,52,ALWAYS TOGETHER,Al Martino,Capitol,4,47,
1964,36,48,58,HE’S IN TOWN,The Tokens,B.T. Puppy,5,48,
1964,36,49,49,WORRY,Johnny Tillotson,MGM,8,49,
1964,37,1,1,THE HOUSE OF THE RISING SUN,The Animals,MGM,6,1,2 weeks at #1
1964,37,2,2,WHERE DID OUR LOVE GO,The Supremes,Motown,10,1,
1964,37,3,4,BECAUSE,The Dave Clark Five,Epic,7,3,
1964,37,4,3,EVERYBODY LOVES SOMEBODY,Dean Martin,Reprise,12,1,
1964,37,5,6,BREAD AND BUTTER,The Newbeats,Hickory,5,5,
1964,37,6,5,C’MON AND SWIM,Bobby Freeman,Autumn,10,5,
1964,37,7,10,G.T.O.,Ronny and the Daytonas,Mala,7,7,
1964,37,8,8,A HARD DAY’S NIGHT,The Beatles,Capitol,9,1,
1964,37,9,13,REMEMBER (Walkin’ In the Sand),The Shangri-Las,Red Bird,4,9,
1964,37,10,27,"OH, PRETTY WOMAN",Roy Orbison and the Candy Men,Monument,3,10,
1964,37,11,11,SELFISH ONE,Jackie Ross,Chess,7,11,
1964,37,12,12,AND I LOVE HER,The Beatles,Capitol,8,12,
1964,37,13,7,UNDER THE BOARDWALK,The Drifters,Atlantic,12,4,
1964,37,14,16,MAYBE I KNOW,Lesley Gore,Mercury,8,14,
1964,37,15,17,MAYBELLINE,Johnny Rivers,Imperial,5,15,
1964,37,16,18,HAUNTED HOUSE,Gene Simmons,Hi,6,16,
1964,37,17,19,CLINGING VINE,Bobby Vinton,Epic,6,17,
1964,37,18,9,HOW DO YOU DO IT,Gerry and the Pacemakers,Laurie,10,9,
1964,37,19,22,IN THE MISTY MOONLIGHT,Jerry Wallace,Challenge,8,19,
1964,37,20,14,YOU NEVER CAN TELL (C’est La Vie),Chuck Berry,Chess,7,14,
1964,37,21,26,IT HURTS TO BE IN LOVE,Gene Pitney,Musicor,9,21,
1964,37,22,31,SAVE IT FOR ME,The Four Seasons,Philips,3,22,
1964,37,23,24,WE’LL SING IN THE SUNSHINE,Gale Garnett,RCA Victor,6,23,
1964,37,24,25,BABY I NEED YOUR LOVING,The Four Tops,Motown,5,24,
1964,37,25,32,DANCING IN THE STREET,Martha and the Vandellas,Gordy,4,25,
1964,37,26,15,WALK-DON’T RUN ’64,The Ventures,Dolton,10,8,
1964,37,27,29,IT’S ALL OVER NOW,The Rolling Stones,London,8,27,
1964,37,28,35,FUNNY,Joe Hinton,Back Beat,5,28,
1964,37,29,36,I’M ON THE OUTSIDE (Looking In),Little Anthony and the Imperials,DCP,4,29,
1964,37,30,23,WISHIN’ AND HOPIN’,Dusty Springfield,Philips,13,6,
1964,37,31,58,DO WAH DIDDY DIDDY,Manfred Mann,Ascot,2,31,
1964,37,32,20,PEOPLE SAY,The Dixie Cups,Red Bird,9,12,
1964,37,33,21,SUCH A NIGHT,Elvis Presley,RCA Victor,8,16,
1964,37,34,28,JUST BE TRUE,Gene Chandler,Constellation,10,19,
1964,37,35,45,OUT OF SIGHT,James Brown and His Orchestra,Smash,5,35,
1964,37,36,34,I’LL CRY INSTEAD,The Beatles,Capitol,7,25,
1964,37,37,30,AIN’T SHE SWEET,The Beatles,Atco,9,19,
1964,37,38,46,SOMEDAY WE’RE GONNA LOVE AGAIN,The Searchers,Kapp,5,38,
1964,37,39,47,ALWAYS TOGETHER,Al Martino,Capitol,5,39,
1964,37,40,40,SWEET WILLIAM,Millie Small,Smash,6,40,
1964,37,41,52,YOU’LL NEVER GET TO HEAVEN (If You Break My Heart),Dionne Warwick,Scepter,5,41,
1964,37,42,81,MATCHBOX,The Beatles,Capitol,2,42,
1964,37,43,43,I WANT YOU TO MEET MY BABY,Eydie Gorme,Columbia,8,43,
1964,37,44,60,A SUMMER SONG,Chad Stuart and Jeremy Clyde,World Artists,5,44,
1964,37,45,49,WORRY,Johnny Tillotson,MGM,9,45,
1964,37,46,48,HE’S IN TOWN,The Tokens,B.T. Puppy,6,46,
1964,37,47,54,WHEN YOU LOVED ME,Brenda Lee,Decca,6,47,
1964,37,48,67,YOU MUST BELIEVE ME,The Impressions,ABC-Paramount,2,48,
1964,37,49,76,MICHAEL,Trini Lopez,Reprise,4,49,
1964,37,50,61,THERE’S NOTHING I CAN SAY,Rick Nelson,Decca,4,50,
1964,38,1,1,THE HOUSE OF THE RISING SUN,The Animals,MGM,7,1,3 weeks at #1
1964,38,2,5,BREAD AND BUTTER,The Newbeats,Hickory,6,2,
1964,38,3,2,WHERE DID OUR LOVE GO,The Supremes,Motown,11,1,
1964,38,4,10,"OH, PRETTY WOMAN",Roy Orbison and the Candy Men,Monument,4,4,
1964,38,5,7,G.T.O.,Ronny and the Daytonas,Mala,8,5,
1964,38,6,4,EVERYBODY LOVES SOMEBODY,Dean Martin,Reprise,13,1,
1964,38,7,9,REMEMBER (Walkin’ In the Sand),The Shangri-Las,Red Bird,5,7,
1964,38,8,3,BECAUSE,The Dave Clark Five,Epic,8,3,
1964,38,9,31,DO WAH DIDDY DIDDY,Manfred Mann,Ascot,3,9,
1964,38,10,25,DANCING IN THE STREET,Martha and the Vandellas,Gordy,5,10,
1964,38,11,11,SELFISH ONE,Jackie Ross,Chess,8,11,
1964,38,12,8,A HARD DAY’S NIGHT,The Beatles,Capitol,10,1,
1964,38,13,15,MAYBELLINE,Johnny Rivers,Imperial,6,13,
1964,38,14,16,HAUNTED HOUSE,Gene Simmons,Hi,7,14,
1964,38,15,24,BABY I NEED YOUR LOVING,The Four Tops,Motown,6,15,
1964,38,16,21,IT HURTS TO BE IN LOVE,Gene Pitney,Musicor,10,16,
1964,38,17,17,CLINGING VINE,Bobby Vinton,Epic,7,17,
1964,38,18,22,SAVE IT FOR ME,The Four Seasons,Philips,4,18,
1964,38,19,19,IN THE MISTY MOONLIGHT,Jerry Wallace,Challenge,9,19,
1964,38,20,23,WE’LL SING IN THE SUNSHINE,Gale Garnett,RCA Victor,7,20,
1964,38,21,28,FUNNY,Joe Hinton,Back Beat,6,21,
1964,38,22,14,MAYBE I KNOW,Lesley Gore,Mercury,9,14,
1964,38,23,6,C’MON AND SWIM,Bobby Freeman,Autumn,11,5,
1964,38,24,13,UNDER THE BOARDWALK,The Drifters,Atlantic,13,4,
1964,38,25,29,I’M ON THE OUTSIDE (Looking In),Little Anthony and the Imperials,DCP,5,25,
1964,38,26,27,IT’S ALL OVER NOW,The Rolling Stones,London,9,26,
1964,38,27,20,YOU NEVER CAN TELL (C’est La Vie),Chuck Berry,Chess,8,14,
1964,38,28,12,AND I LOVE HER,The Beatles,Capitol,9,12,
1964,38,29,35,OUT OF SIGHT,James Brown and His Orchestra,Smash,6,29,
1964,38,30,44,A SUMMER SONG,Chad Stuart and Jeremy Clyde,World Artists,6,30,
1964,38,31,18,HOW DO YOU DO IT,Gerry and the Pacemakers,Laurie,11,9,
1964,38,32,42,MATCHBOX,The Beatles,Capitol,3,32,
1964,38,33,48,YOU MUST BELIEVE ME,The Impressions,ABC-Paramount,3,33,
1964,38,34,58,WHEN I GROW UP (To Be a Man),The Beach Boys,Capitol,3,34,
1964,38,35,38,SOMEDAY WE’RE GONNA LOVE AGAIN,The Searchers,Kapp,6,35,
1964,38,36,39,ALWAYS TOGETHER,Al Martino,Capitol,6,36,
1964,38,37,51,FROM A WINDOW,Billy J. Kramer with the Dakotas,Imperial,5,37,
1964,38,38,41,YOU’LL NEVER GET TO HEAVEN (If You Break My Heart),Dionne Warwick,Scepter,6,38,
1964,38,39,56,RHYTHM,Major Lance,Okeh,5,39,
1964,38,40,54,LET IT BE ME,Betty Everett and Jerry Butler,Vee-Jay,3,40,
1964,38,41,26,WALK-DON’T RUN ’64,The Ventures,Dolton,11,8,
1964,38,48,40,SWEET WILLIAM,Millie Small,Smash,7,40,
1964,38,42,60,LAST KISS,J. Frank Wilson and the Cavaliers,Josie,3,42,
1964,38,43,67,SLOW DOWN,The Beatles,Capitol,3,43,
1964,38,44,49,MICHAEL,Trini Lopez,Reprise,5,44,
1964,38,45,52,SAY YOU,Ronnie Dove,Diamond,10,45,
1964,38,46,46,HE’S IN TOWN,The Tokens,B.T. Puppy,7,46,
1964,38,47,50,THERE’S NOTHING I CAN SAY,Rick Nelson,Decca,5,47,
1964,38,49,45,WORRY,Johnny Tillotson,MGM,10,45,
1964,38,50,65,GIRL (Why You Wanna Make Me Blue),The Temptations,Gordy,2,50,
1964,39,1,4,"OH, PRETTY WOMAN",Roy Orbison and the Candy Men,Monument,5,1,1 week at #1
1964,39,2,2,BREAD AND BUTTER,The Newbeats,Hickory,7,2,
1964,39,3,1,THE HOUSE OF THE RISING SUN,The Animals,MGM,8,1,
1964,39,4,5,G.T.O.,Ronny and the Daytonas,Mala,9,4,
1964,39,5,7,REMEMBER (Walkin’ In the Sand),The Shangri-Las,Red Bird,6,5,
1964,39,6,9,DO WAH DIDDY DIDDY,Manfred Mann,Ascot,4,6,
1964,39,7,3,WHERE DID OUR LOVE GO,The Supremes,Motown,12,1,
1964,39,8,10,DANCING IN THE STREET,Martha and the Vandellas,Gordy,6,8,
1964,39,9,16,IT HURTS TO BE IN LOVE,Gene Pitney,Musicor,11,9,
1964,39,10,18,SAVE IT FOR ME,The Four Seasons,Philips,5,10,
1964,39,11,14,HAUNTED HOUSE,Gene Simmons,Hi,8,11,
1964,39,12,13,MAYBELLINE,Johnny Rivers,Imperial,7,12,
1964,39,13,15,BABY I NEED YOUR LOVING,The Four Tops,Motown,7,13,
1964,39,14,20,WE’LL SING IN THE SUNSHINE,Gale Garnett,RCA Victor,8,14,
1964,39,15,6,EVERYBODY LOVES SOMEBODY,Dean Martin,Reprise,14,1,
1964,39,16,21,FUNNY,Joe Hinton,Back Beat,7,16,
1964,39,17,8,BECAUSE,The Dave Clark Five,Epic,9,3,
1964,39,18,30,A SUMMER SONG,Chad Stuart and Jeremy Clyde,World Artists,7,18,
1964,39,19,12,A HARD DAY’S NIGHT,The Beatles,Capitol,11,1,
1964,39,20,11,SELFISH ONE,Jackie Ross,Chess,9,11,
1964,39,21,34,WHEN I GROW UP (To Be a Man),The Beach Boys,Capitol,4,21,
1964,39,22,25,I’M ON THE OUTSIDE (Looking In),Little Anthony and the Imperials,DCP,6,22,
1964,39,23,32,MATCHBOX,The Beatles,Capitol,4,23,
1964,39,24,29,OUT OF SIGHT,James Brown and His Orchestra,Smash,7,24,
1964,39,25,19,IN THE MISTY MOONLIGHT,Jerry Wallace,Challenge,10,19,
1964,39,26,33,YOU MUST BELIEVE ME,The Impressions,ABC-Paramount,4,26,
1964,39,27,40,LET IT BE ME,Betty Everett and Jerry Butler,Vee-Jay,4,27,
1964,39,28,39,RHYTHM,Major Lance,Okeh,6,28,
1964,39,29,42,LAST KISS,J. Frank Wilson and the Cavaliers,Josie,4,29,
1964,39,30,37,FROM A WINDOW,Billy J. Kramer with the Dakotas,Imperial,6,30,
1964,39,31,17,CLINGING VINE,Bobby Vinton,Epic,8,17,
1964,39,32,43,SLOW DOWN,The Beatles,Capitol,4,32,
1964,39,33,36,ALWAYS TOGETHER,Al Martino,Capitol,7,33,
1964,39,34,35,SOMEDAY WE’RE GONNA LOVE AGAIN,The Searchers,Kapp,7,34,
1964,39,35,38,YOU’LL NEVER GET TO HEAVEN (If You Break My Heart),Dionne Warwick,Scepter,7,35,
1964,39,36,23,C’MON AND SWIM,Bobby Freeman,Autumn,12,5,
1964,39,37,26,IT’S ALL OVER NOW,The Rolling Stones,London,10,26,
1964,39,38,24,UNDER THE BOARDWALK,The Drifters,Atlantic,14,4,
1964,39,39,50,GIRL (Why You Wanna Make Me Blue),The Temptations,Gordy,3,39,
1964,39,40,45,SAY YOU,Ronnie Dove,Diamond,11,40,
1964,39,41,22,MAYBE I KNOW,Lesley Gore,Mercury,10,14,
1964,39,44,27,YOU NEVER CAN TELL (C’est La Vie),Chuck Berry,Chess,9,14,
1964,39,42,44,MICHAEL,Trini Lopez,Reprise,6,42,
1964,39,43,46,HE’S IN TOWN,The Tokens,B.T. Puppy,8,43,
1964,39,45,63,CHUG-A-LUG,Roger Miller,Smash,4,45,
1964,39,46,56,ON THE STREET WHERE YOU LIVE,Andy Williams,Columbia,3,46,
1964,39,47,60,LITTLE HONDA,The Hondells,Mercury,3,47,
1964,39,48,52,20-75,Willie Mitchell,Hi,5,48,
1964,39,49,61,"MERCY, MERCY",Don Covay and the Goodtimers,Rosemart,4,49,
1964,39,50,54,SHE WANTS T’ SWIM,Chubby Checker,Parkway,5,50,
1964,40,1,1,"OH, PRETTY WOMAN",Roy Orbison and the Candy Men,Monument,6,1,2 weeks at #1
1964,40,2,6,DO WAH DIDDY DIDDY,Manfred Mann,Ascot,5,2,
1964,40,3,2,BREAD AND BUTTER,The Newbeats,Hickory,8,2,
1964,40,4,8,DANCING IN THE STREET,Martha and the Vandellas,Gordy,7,4,
1964,40,5,5,REMEMBER (Walkin’ In the Sand),The Shangri-Las,Red Bird,7,5,
1964,40,6,4,G.T.O.,Ronny and the Daytonas,Mala,10,4,
1964,40,7,9,IT HURTS TO BE IN LOVE,Gene Pitney,Musicor,12,7,
1964,40,8,3,THE HOUSE OF THE RISING SUN,The Animals,MGM,9,1,
1964,40,9,14,WE’LL SING IN THE SUNSHINE,Gale Garnett,RCA Victor,9,9,
1964,40,10,10,SAVE IT FOR ME,The Four Seasons,Philips,6,10,
1964,40,11,13,BABY I NEED YOUR LOVING,The Four Tops,Motown,8,11,
1964,40,12,18,A SUMMER SONG,Chad Stuart and Jeremy Clyde,World Artists,8,12,
1964,40,13,11,HAUNTED HOUSE,Gene Simmons,Hi,9,11,
1964,40,14,29,LAST KISS,J. Frank Wilson and the Cavaliers,Josie,5,14,
1964,40,15,16,FUNNY,Joe Hinton,Back Beat,8,15,
1964,40,16,21,WHEN I GROW UP (To Be a Man),The Beach Boys,Capitol,5,16,
1964,40,17,22,I’M ON THE OUTSIDE (Looking In),Little Anthony and the Imperials,DCP,7,17,
1964,40,18,23,MATCHBOX,The Beatles,Capitol,5,18,
1964,40,19,7,WHERE DID OUR LOVE GO,The Supremes,Motown,13,1,
1964,40,20,26,YOU MUST BELIEVE ME,The Impressions,ABC-Paramount,5,20,
1964,40,21,12,MAYBELLINE,Johnny Rivers,Imperial,8,12,
1964,40,22,27,LET IT BE ME,Betty Everett and Jerry Butler,Vee-Jay,5,22,
1964,40,23,30,FROM A WINDOW,Billy J. Kramer with the Dakotas,Imperial,7,23,
1964,40,24,19,A HARD DAY’S NIGHT,The Beatles,Capitol,12,1,
1964,40,25,28,RHYTHM,Major Lance,Okeh,7,25,
1964,40,26,15,EVERYBODY LOVES SOMEBODY,Dean Martin,Reprise,15,1,
1964,40,27,32,SLOW DOWN,The Beatles,Capitol,5,27,
1964,40,28,24,OUT OF SIGHT,James Brown and His Orchestra,Smash,8,24,
1964,40,29,47,LITTLE HONDA,The Hondells,Mercury,4,29,
1964,40,30,39,GIRL (Why You Wanna Make Me Blue),The Temptations,Gordy,4,30,
1964,40,31,45,CHUG-A-LUG,Roger Miller,Smash,5,31,
1964,40,32,17,BECAUSE,The Dave Clark Five,Epic,10,3,
1964,40,33,33,ALWAYS TOGETHER,Al Martino,Capitol,8,33,
1964,40,34,35,YOU’LL NEVER GET TO HEAVEN (If You Break My Heart),Dionne Warwick,Scepter,8,34,
1964,40,35,46,ON THE STREET WHERE YOU LIVE,Andy Williams,Columbia,4,35,
1964,40,36,25,IN THE MISTY MOONLIGHT,Jerry Wallace,Challenge,11,19,
1964,40,37,49,"MERCY, MERCY",Don Covay and the Goodtimers,Rosemart,5,37,
1964,40,38,48,20-75,Willie Mitchell,Hi,6,38,
1964,40,39,62,COME A LITTLE BIT CLOSER,Jay and the Americans,United Artists,4,39,
1964,40,40,20,SELFISH ONE,Jackie Ross,Chess,10,11,
1964,40,47,34,SOMEDAY WE’RE GONNA LOVE AGAIN,The Searchers,Kapp,8,34,
1964,40,41,53,"SOFTLY, AS I LEAVE YOU",Frank Sinatra,Reprise,5,41,
1964,40,42,52,BABY DON’T YOU DO IT,Marvin Gaye,Tamla,3,42,
1964,40,43,61,HAVE I THE RIGHT,The Honeycombs,Interphon,3,43,
1964,40,44,60,TOBACCO ROAD,The Nashville Teens,London,4,44,
1964,40,45,63,RIDE THE WILD SURF,Jan and Dean,Liberty,3,45,
1964,40,46,56,THAT’S WHAT LOVE IS MADE OF,The Miracles,Tamla,3,46,
1964,40,48,66,I LIKE IT,Gerry and the Pacemakers,Laurie,2,48,
1964,40,49,51,(There’s) ALWAYS SOMETHING THERE TO REMIND ME,Lou Johnson,Big Hill,7,49,
1964,40,50,55,FUNNY GIRL,Barbra Streisand,Columbia,4,50,
1964,41,1,1,"OH, PRETTY WOMAN",Roy Orbison and the Candy Men,Monument,7,1,3 weeks at #1
1964,41,2,2,DO WAH DIDDY DIDDY,Manfred Mann,Ascot,6,2,
1964,41,3,4,DANCING IN THE STREET,Martha and the Vandellas,Gordy,8,3,
1964,41,4,3,BREAD AND BUTTER,The Newbeats,Hickory,9,2,
1964,41,5,5,REMEMBER (Walkin’ In the Sand),The Shangri-Las,Red Bird,8,5,
1964,41,6,9,WE’LL SING IN THE SUNSHINE,Gale Garnett,RCA Victor,10,6,
1964,41,7,7,IT HURTS TO BE IN LOVE,Gene Pitney,Musicor,13,7,
1964,41,8,6,G.T.O.,Ronny and the Daytonas,Mala,11,4,
1964,41,9,14,LAST KISS,J. Frank Wilson and the Cavaliers,Josie,6,9,
1964,41,10,12,A SUMMER SONG,Chad Stuart and Jeremy Clyde,World Artists,9,10,
1964,41,11,16,WHEN I GROW UP (To Be a Man),The Beach Boys,Capitol,6,11,
1964,41,12,11,BABY I NEED YOUR LOVING,The Four Tops,Motown,9,11,
1964,41,13,15,FUNNY,Joe Hinton,Back Beat,9,13,
1964,41,14,22,LET IT BE ME,Betty Everett and Jerry Butler,Vee-Jay,6,14,
1964,41,15,17,I’M ON THE OUTSIDE (Looking In),Little Anthony and the Imperials,DCP,8,15,
1964,41,16,13,HAUNTED HOUSE,Gene Simmons,Hi,10,11,
1964,41,17,20,YOU MUST BELIEVE ME,The Impressions,ABC-Paramount,6,17,
1964,41,18,18,MATCHBOX,The Beatles,Capitol,6,18,
1964,41,19,8,THE HOUSE OF THE RISING SUN,The Animals,MGM,10,1,
1964,41,20,10,SAVE IT FOR ME,The Four Seasons,Philips,7,10,
1964,41,21,29,LITTLE HONDA,The Hondells,Mercury,5,21,
1964,41,22,31,CHUG-A-LUG,Roger Miller,Smash,6,22,
1964,41,23,23,FROM A WINDOW,Billy J. Kramer with the Dakotas,Imperial,8,23,
1964,41,24,25,RHYTHM,Major Lance,Okeh,8,24,
1964,41,25,27,SLOW DOWN,The Beatles,Capitol,6,25,
1964,41,26,51,BABY LOVE,The Supremes,Motown,2,26,
1964,41,27,30,GIRL (Why You Wanna Make Me Blue),The Temptations,Gordy,5,27,
1964,41,28,28,OUT OF SIGHT,James Brown and His Orchestra,Smash,9,24,
1964,41,29,43,HAVE I THE RIGHT,The Honeycombs,Interphon,4,29,
1964,41,30,44,TOBACCO ROAD,The Nashville Teens,London,5,30,
1964,41,31,35,ON THE STREET WHERE YOU LIVE,Andy Williams,Columbia,5,31,
1964,41,32,42,BABY DON’T YOU DO IT,Marvin Gaye,Tamla,4,32,
1964,41,33,45,RIDE THE WILD SURF,Jan and Dean,Liberty,4,33,
1964,41,34,38,20-75,Willie Mitchell,Hi,7,34,
1964,41,35,46,THAT’S WHAT LOVE IS MADE OF,The Miracles,Tamla,4,35,
1964,41,36,37,"MERCY, MERCY",Don Covay and the Goodtimers,Rosemart,6,36,
1964,41,37,39,COME A LITTLE BIT CLOSER,Jay and the Americans,United Artists,5,37,
1964,41,38,19,WHERE DID OUR LOVE GO,The Supremes,Motown,14,1,
1964,41,39,41,"SOFTLY, AS I LEAVE YOU",Frank Sinatra,Reprise,6,39,
1964,41,40,52,I’VE GOT SAND IN MY SHOES,The Drifters,Atlantic,3,40,
1964,41,42,34,YOU’LL NEVER GET TO HEAVEN (If You Break My Heart),Dionne Warwick,Scepter,9,34,
1964,41,49,21,MAYBELLINE,Johnny Rivers,Imperial,9,12,
1964,41,50,24,A HARD DAY’S NIGHT,The Beatles,Capitol,13,1,
1964,41,41,48,I LIKE IT,Gerry and the Pacemakers,Laurie,3,41,
1964,41,43,61,I’M CRYING,The Animals,MGM,3,43,
1964,41,44,62,THE DOOR IS STILL OPEN TO MY HEART,Dean Martin,Reprise,3,44,
1964,41,45,50,FUNNY GIRL,Barbra Streisand,Columbia,5,45,
1964,41,46,54,DO YOU WANT TO DANCE,Del Shannon,Amy,4,46,
1964,41,47,59,ALL CRIED OUT,Dusty Springfield,Philips,3,47,
1964,41,48,60,COUSIN OF MINE,Sam Cooke,RCA Victor,3,48,
1964,42,1,2,DO WAH DIDDY DIDDY,Manfred Mann,Ascot,7,1,1 week at #1
1964,42,2,3,DANCING IN THE STREET,Martha and the Vandellas,Gordy,9,2,
1964,42,3,1,"OH, PRETTY WOMAN",Roy Orbison and the Candy Men,Monument,8,1,
1964,42,4,6,WE’LL SING IN THE SUNSHINE,Gale Garnett,RCA Victor,11,4,
1964,42,5,9,LAST KISS,J. Frank Wilson and the Cavaliers,Josie,7,5,
1964,42,6,5,REMEMBER (Walkin’ In the Sand),The Shangri-Las,Red Bird,9,5,
1964,42,7,10,A SUMMER SONG,Chad Stuart and Jeremy Clyde,World Artists,10,7,
1964,42,8,7,IT HURTS TO BE IN LOVE,Gene Pitney,Musicor,14,7,
1964,42,9,11,WHEN I GROW UP (To Be a Man),The Beach Boys,Capitol,7,9,
1964,42,10,14,LET IT BE ME,Betty Everett and Jerry Butler,Vee-Jay,7,10,
1964,42,11,4,BREAD AND BUTTER,The Newbeats,Hickory,10,2,
1964,42,12,26,BABY LOVE,The Supremes,Motown,3,12,
1964,42,13,21,LITTLE HONDA,The Hondells,Mercury,6,13,
1964,42,14,22,CHUG-A-LUG,Roger Miller,Smash,7,14,
1964,42,15,17,YOU MUST BELIEVE ME,The Impressions,ABC-Paramount,7,15,
1964,42,16,12,BABY I NEED YOUR LOVING,The Four Tops,Motown,10,11,
1964,42,17,18,MATCHBOX,The Beatles,Capitol,7,17,
1964,42,18,13,FUNNY,Joe Hinton,Back Beat,10,13,
1964,42,19,8,G.T.O.,Ronny and the Daytonas,Mala,12,4,
1964,42,20,29,HAVE I THE RIGHT,The Honeycombs,Interphon,5,20,
1964,42,21,15,I’M ON THE OUTSIDE (Looking In),Little Anthony and the Imperials,DCP,9,15,
1964,42,22,37,COME A LITTLE BIT CLOSER,Jay and the Americans,United Artists,6,22,
1964,42,23,33,RIDE THE WILD SURF,Jan and Dean,Liberty,5,23,
1964,42,24,44,THE DOOR IS STILL OPEN TO MY HEART,Dean Martin,Reprise,4,24,
1964,42,25,30,TOBACCO ROAD,The Nashville Teens,London,6,25,
1964,42,26,27,GIRL (Why You Wanna Make Me Blue),The Temptations,Gordy,6,26,
1964,42,27,23,FROM A WINDOW,Billy J. Kramer with the Dakotas,Imperial,9,23,
1964,42,28,31,ON THE STREET WHERE YOU LIVE,Andy Williams,Columbia,6,28,
1964,42,29,43,I’M CRYING,The Animals,MGM,4,29,
1964,42,30,39,"SOFTLY, AS I LEAVE YOU",Frank Sinatra,Reprise,7,30,
1964,42,31,41,I LIKE IT,Gerry and the Pacemakers,Laurie,4,31,
1964,42,32,32,BABY DON’T YOU DO IT,Marvin Gaye,Tamla,5,32,
1964,42,33,34,20-75,Willie Mitchell,Hi,8,33,
1964,42,34,16,HAUNTED HOUSE,Gene Simmons,Hi,11,11,
1964,42,35,24,RHYTHM,Major Lance,Okeh,9,24,
1964,42,36,36,"MERCY, MERCY",Don Covay and the Goodtimers,Rosemart,7,36,
1964,42,37,40,I’VE GOT SAND IN MY SHOES,The Drifters,Atlantic,4,37,
1964,42,38,19,THE HOUSE OF THE RISING SUN,The Animals,MGM,11,1,
1964,42,39,25,SLOW DOWN,The Beatles,Capitol,7,25,
1964,42,40,52,EVERYBODY KNOWS (I Still Love You),The Dave Clark Five,Epic,3,40,
1964,42,46,35,THAT’S WHAT LOVE IS MADE OF,The Miracles,Tamla,5,35,
1964,42,50,20,SAVE IT FOR ME,The Four Seasons,Philips,8,10,
1964,42,55,28,OUT OF SIGHT,James Brown and His Orchestra,Smash,10,24,
1964,42,41,51,I DON’T WANT TO SEE TOMORROW,Nat King Cole,Capitol,5,41,
1964,42,42,48,COUSIN OF MINE,Sam Cooke,RCA Victor,4,42,
1964,42,43,46,DO YOU WANT TO DANCE,Del Shannon,Amy,5,43,
1964,42,44,47,ALL CRIED OUT,Dusty Springfield,Philips,4,44,
1964,42,45,45,FUNNY GIRL,Barbra Streisand,Columbia,6,45,
1964,42,47,76,AIN’T THAT LOVING YOU BABY,Elvis Presley,RCA Victor,2,47,
1964,42,48,61,I DON’T WANT TO SEE YOU AGAIN,Peter and Gordon,Capitol,3,48,
1964,42,49,55,WHO CAN I TURN TO (When Nobody Needs Me),Tony Bennett,Columbia,3,49,
1964,43,1,1,DO WAH DIDDY DIDDY,Manfred Mann,Ascot,8,1,2 weeks at #1
1964,43,2,2,DANCING IN THE STREET,Martha and the Vandellas,Gordy,10,2,
1964,43,3,5,LAST KISS,J. Frank Wilson and the Cavaliers,Josie,8,3,
1964,43,4,4,WE’LL SING IN THE SUNSHINE,Gale Garnett,RCA Victor,12,4,
1964,43,5,3,"OH, PRETTY WOMAN",Roy Orbison and the Candy Men,Monument,9,1,
1964,43,6,12,BABY LOVE,The Supremes,Motown,4,6,
1964,43,7,7,A SUMMER SONG,Chad Stuart and Jeremy Clyde,World Artists,11,7,
1964,43,8,10,LET IT BE ME,Betty Everett and Jerry Butler,Vee-Jay,8,8,
1964,43,9,9,WHEN I GROW UP (To Be a Man),The Beach Boys,Capitol,8,9,
1964,43,10,20,HAVE I THE RIGHT,The Honeycombs,Interphon,6,10,
1964,43,11,13,LITTLE HONDA,The Hondells,Mercury,7,11,
1964,43,12,14,CHUG-A-LUG,Roger Miller,Smash,8,12,
1964,43,13,8,IT HURTS TO BE IN LOVE,Gene Pitney,Musicor,15,7,
1964,43,14,24,THE DOOR IS STILL OPEN TO MY HEART,Dean Martin,Reprise,5,14,
1964,43,15,25,TOBACCO ROAD,The Nashville Teens,London,7,15,
1964,43,16,22,COME A LITTLE BIT CLOSER,Jay and the Americans,United Artists,7,16,
1964,43,17,23,RIDE THE WILD SURF,Jan and Dean,Liberty,6,17,
1964,43,18,6,REMEMBER (Walkin’ In the Sand),The Shangri-Las,Red Bird,10,5,
1964,43,19,15,YOU MUST BELIEVE ME,The Impressions,ABC-Paramount,8,15,
1964,43,20,59,LEADER OF THE PACK,The Shangri-Las,Red Bird,3,20,
1964,43,21,16,BABY I NEED YOUR LOVING,The Four Tops,Motown,11,11,
1964,43,22,18,FUNNY,Joe Hinton,Back Beat,11,13,
1964,43,23,11,BREAD AND BUTTER,The Newbeats,Hickory,11,2,
1964,43,24,29,I’M CRYING,The Animals,MGM,5,24,
1964,43,25,40,EVERYBODY KNOWS (I Still Love You),The Dave Clark Five,Epic,4,25,
1964,43,26,31,I LIKE IT,Gerry and the Pacemakers,Laurie,5,26,
1964,43,27,48,I DON’T WANT TO SEE YOU AGAIN,Peter and Gordon,Capitol,4,27,
1964,43,28,28,ON THE STREET WHERE YOU LIVE,Andy Williams,Columbia,7,28,
1964,43,29,30,"SOFTLY, AS I LEAVE YOU",Frank Sinatra,Reprise,8,29,
1964,43,30,32,BABY DON’T YOU DO IT,Marvin Gaye,Tamla,6,30,
1964,43,31,33,20-75,Willie Mitchell,Hi,9,31,
1964,43,32,47,AIN’T THAT LOVING YOU BABY,Elvis Presley,RCA Victor,3,32,
1964,43,33,37,I’VE GOT SAND IN MY SHOES,The Drifters,Atlantic,5,33,
1964,43,34,26,GIRL (Why You Wanna Make Me Blue),The Temptations,Gordy,7,26,
1964,43,35,36,"MERCY, MERCY",Don Covay and the Goodtimers,Rosemart,8,35,
1964,43,36,21,I’M ON THE OUTSIDE (Looking In),Little Anthony and the Imperials,DCP,10,15,
1964,43,37,42,COUSIN OF MINE,Sam Cooke,RCA Victor,5,37,
1964,43,38,19,G.T.O.,Ronny and the Daytonas,Mala,13,4,
1964,43,39,41,I DON’T WANT TO SEE TOMORROW,Nat King Cole,Capitol,6,39,
1964,43,40,56,YOU REALLY GOT ME,The Kinks,Reprise,5,40,
1964,43,48,35,RHYTHM,Major Lance,Okeh,10,24,
1964,43,50,27,FROM A WINDOW,Billy J. Kramer with the Dakotas,Imperial,10,23,
1964,43,52,17,MATCHBOX,The Beatles,Capitol,8,17,
1964,43,41,49,WHO CAN I TURN TO (When Nobody Needs Me),Tony Bennett,Columbia,4,41,
1964,43,42,44,ALL CRIED OUT,Dusty Springfield,Philips,5,42,
1964,43,43,46,THAT’S WHAT LOVE IS MADE OF,The Miracles,Tamla,6,35,
1964,43,44,45,FUNNY GIRL,Barbra Streisand,Columbia,7,44,
1964,43,45,68,IS IT TRUE,Brenda Lee,Decca,2,45,
1964,43,46,52,TEEN BEAT ’65,Sandy Nelson,Imperial,6,46,
1964,43,47,53,DEATH OF AN ANGEL,The Kingsmen,Wand,7,47,
1964,43,49,43,DO YOU WANT TO DANCE,Del Shannon,Amy,6,43,
1964,44,1,6,BABY LOVE,The Supremes,Motown,5,1,1 week at #1
1964,44,2,1,DO WAH DIDDY DIDDY,Manfred Mann,Ascot,9,1,
1964,44,3,3,LAST KISS,J. Frank Wilson and the Cavaliers,Josie,9,3,
1964,44,4,4,WE’LL SING IN THE SUNSHINE,Gale Garnett,RCA Victor,13,4,
1964,44,5,2,DANCING IN THE STREET,Martha and the Vandellas,Gordy,11,2,
1964,44,6,8,LET IT BE ME,Betty Everett and Jerry Butler,Vee-Jay,9,6,
1964,44,7,10,HAVE I THE RIGHT,The Honeycombs,Interphon,7,7,
1964,44,8,5,"OH, PRETTY WOMAN",Roy Orbison and the Candy Men,Monument,10,1,
1964,44,9,11,LITTLE HONDA,The Hondells,Mercury,8,9,
1964,44,10,12,CHUG-A-LUG,Roger Miller,Smash,9,10,
1964,44,11,16,COME A LITTLE BIT CLOSER,Jay and the Americans,United Artists,8,11,
1964,44,12,14,THE DOOR IS STILL OPEN TO MY HEART,Dean Martin,Reprise,6,12,
1964,44,13,7,A SUMMER SONG,Chad Stuart and Jeremy Clyde,World Artists,12,7,
1964,44,14,20,LEADER OF THE PACK,The Shangri-Las,Red Bird,4,14,
1964,44,15,15,TOBACCO ROAD,The Nashville Teens,London,8,15,
1964,44,16,17,RIDE THE WILD SURF,Jan and Dean,Liberty,7,16,
1964,44,17,9,WHEN I GROW UP (To Be a Man),The Beach Boys,Capitol,9,9,
1964,44,18,26,I LIKE IT,Gerry and the Pacemakers,Laurie,6,18,
1964,44,19,25,EVERYBODY KNOWS (I Still Love You),The Dave Clark Five,Epic,5,19,
1964,44,20,27,I DON’T WANT TO SEE YOU AGAIN,Peter and Gordon,Capitol,5,20,
1964,44,21,24,I’M CRYING,The Animals,MGM,6,21,
1964,44,22,13,IT HURTS TO BE IN LOVE,Gene Pitney,Musicor,16,7,
1964,44,23,32,AIN’T THAT LOVING YOU BABY,Elvis Presley,RCA Victor,4,23,
1964,44,24,19,YOU MUST BELIEVE ME,The Impressions,ABC-Paramount,9,15,
1964,44,25,21,BABY I NEED YOUR LOVING,The Four Tops,Motown,12,11,
1964,44,26,18,REMEMBER (Walkin’ In the Sand),The Shangri-Las,Red Bird,11,5,
1964,44,27,29,"SOFTLY, AS I LEAVE YOU",Frank Sinatra,Reprise,9,27,
1964,44,28,23,BREAD AND BUTTER,The Newbeats,Hickory,12,2,
1964,44,29,30,BABY DON’T YOU DO IT,Marvin Gaye,Tamla,7,29,
1964,44,30,45,IS IT TRUE,Brenda Lee,Decca,3,30,
1964,44,31,53,ASK ME,Elvis Presley,RCA Victor,4,31,
1964,44,32,40,YOU REALLY GOT ME,The Kinks,Reprise,6,32,
1964,44,33,37,COUSIN OF MINE,Sam Cooke,RCA Victor,6,33,
1964,44,34,39,I DON’T WANT TO SEE TOMORROW,Nat King Cole,Capitol,7,34,
1964,44,35,28,ON THE STREET WHERE YOU LIVE,Andy Williams,Columbia,8,28,
1964,44,36,41,WHO CAN I TURN TO (When Nobody Needs Me),Tony Bennett,Columbia,5,36,
1964,44,37,33,I’VE GOT SAND IN MY SHOES,The Drifters,Atlantic,6,33,
1964,44,38,34,GIRL (Why You Wanna Make Me Blue),The Temptations,Gordy,8,26,
1964,44,39,22,FUNNY,Joe Hinton,Back Beat,12,13,
1964,44,40,31,20-75,Willie Mitchell,Hi,10,31,
1964,44,43,35,"MERCY, MERCY",Don Covay and the Goodtimers,Rosemart,9,35,
1964,44,41,42,ALL CRIED OUT,Dusty Springfield,Philips,6,41,
1964,44,42,47,DEATH OF AN ANGEL,The Kingsmen,Wand,8,42,
1964,44,44,46,TEEN BEAT ’65,Sandy Nelson,Imperial,7,44,
1964,44,45,61,SHE’S NOT THERE,The Zombies,Parrot,3,45,
1964,44,46,65,TIME IS ON MY SIDE,The Rolling Stones,London,3,46,
1964,44,47,44,FUNNY GIRL,Barbra Streisand,Columbia,8,44,
1964,44,48,56,BLESS OUR LOVE,Gene Chandler,Constellation,6,48,
1964,44,49,49,DO YOU WANT TO DANCE,Del Shannon,Amy,7,43,
1964,44,50,58,WHEN YOU’RE YOUNG AND IN LOVE,Ruby and the Romantics,Kapp,5,50,
1964,45,1,1,BABY LOVE,The Supremes,Motown,6,1,2 weeks at #1
1964,45,2,3,LAST KISS,J. Frank Wilson and the Cavaliers,Josie,10,2,
1964,45,3,2,DO WAH DIDDY DIDDY,Manfred Mann,Ascot,10,1,
1964,45,4,14,LEADER OF THE PACK,The Shangri-Las,Red Bird,5,4,
1964,45,5,6,LET IT BE ME,Betty Everett and Jerry Butler,Vee-Jay,10,5,
1964,45,6,7,HAVE I THE RIGHT,The Honeycombs,Interphon,8,6,
1964,45,7,11,COME A LITTLE BIT CLOSER,Jay and the Americans,United Artists,9,7,
1964,45,8,12,THE DOOR IS STILL OPEN TO MY HEART,Dean Martin,Reprise,7,8,
1964,45,9,10,CHUG-A-LUG,Roger Miller,Smash,10,9,
1964,45,10,4,WE’LL SING IN THE SUNSHINE,Gale Garnett,RCA Victor,14,4,
1964,45,11,8,"OH, PRETTY WOMAN",Roy Orbison and the Candy Men,Monument,11,1,
1964,45,12,5,DANCING IN THE STREET,Martha and the Vandellas,Gordy,12,2,
1964,45,13,9,LITTLE HONDA,The Hondells,Mercury,9,9,
1964,45,14,15,TOBACCO ROAD,The Nashville Teens,London,9,14,
1964,45,15,19,EVERYBODY KNOWS (I Still Love You),The Dave Clark Five,Epic,6,15,
1964,45,16,20,I DON’T WANT TO SEE YOU AGAIN,Peter and Gordon,Capitol,6,16,
1964,45,17,18,I LIKE IT,Gerry and the Pacemakers,Laurie,7,17,
1964,45,18,23,AIN’T THAT LOVING YOU BABY,Elvis Presley,RCA Victor,5,18,
1964,45,19,21,I’M CRYING,The Animals,MGM,7,19,
1964,45,20,32,YOU REALLY GOT ME,The Kinks,Reprise,7,20,
1964,45,21,13,A SUMMER SONG,Chad Stuart and Jeremy Clyde,World Artists,13,7,
1964,45,22,45,SHE’S NOT THERE,The Zombies,Parrot,4,22,
1964,45,23,30,IS IT TRUE,Brenda Lee,Decca,4,23,
1964,45,24,17,WHEN I GROW UP (To Be a Man),The Beach Boys,Capitol,10,9,
1964,45,25,16,RIDE THE WILD SURF,Jan and Dean,Liberty,8,16,
1964,45,26,31,ASK ME,Elvis Presley,RCA Victor,5,26,
1964,45,27,29,BABY DON’T YOU DO IT,Marvin Gaye,Tamla,8,27,
1964,45,28,62,RINGO,Lorne Greene,RCA Victor,2,28,
1964,45,29,24,YOU MUST BELIEVE ME,The Impressions,ABC-Paramount,10,15,
1964,45,30,46,TIME IS ON MY SIDE,The Rolling Stones,London,4,30,
1964,45,31,33,COUSIN OF MINE,Sam Cooke,RCA Victor,7,31,
1964,45,32,27,"SOFTLY, AS I LEAVE YOU",Frank Sinatra,Reprise,10,27,
1964,45,33,51,I’M GONNA BE STRONG,Gene Pitney,Musicor,3,33,
1964,45,34,36,WHO CAN I TURN TO (When Nobody Needs Me),Tony Bennett,Columbia,6,34,
1964,45,35,70,MR. LONELY,Bobby Vinton,Epic,2,35,
1964,45,36,34,I DON’T WANT TO SEE TOMORROW,Nat King Cole,Capitol,8,34,
1964,45,37,37,I’VE GOT SAND IN MY SHOES,The Drifters,Atlantic,7,33,
1964,45,38,43,"MERCY, MERCY",Don Covay and the Goodtimers,Rosemart,10,35,
1964,45,39,69,REACH OUT FOR ME,Dionne Warwick,Scepter,3,39,
1964,45,40,78,EVERYTHING’S ALRIGHT,The Newbeats,Hickory,3,40,
1964,45,41,57,I’M INTO SOMETHING GOOD,Herman’s Hermits,MGM,4,41,
1964,45,42,48,BLESS OUR LOVE,Gene Chandler,Constellation,7,42,
1964,45,43,41,ALL CRIED OUT,Dusty Springfield,Philips,7,41,
1964,45,44,58,WHEN YOU WALK IN THE ROOM,The Searchers,Kapp,4,44,
1964,45,45,42,DEATH OF AN ANGEL,The Kingsmen,Wand,9,42,
1964,45,46,61,RIGHT OR WRONG,Ronnie Dove,Diamond,3,46,
1964,45,47,47,FUNNY GIRL,Barbra Streisand,Columbia,9,44,
1964,45,48,50,WHEN YOU’RE YOUNG AND IN LOVE,Ruby and the Romantics,Kapp,6,48,
1964,45,49,55,I HAD A TALK WITH MY MAN,Mitty Collier,Chess,7,49,
1964,45,50,54,WENDY (From the “4-By the Beach Boys” EP),The Beach Boys,Capitol,4,50,
1964,46,1,1,BABY LOVE,The Supremes,Motown,7,1,3 weeks at #1
1964,46,2,4,LEADER OF THE PACK,The Shangri-Las,Red Bird,6,2,
1964,46,3,2,LAST KISS,J. Frank Wilson and the Cavaliers,Josie,11,2,
1964,46,4,7,COME A LITTLE BIT CLOSER,Jay and the Americans,United Artists,10,4,
1964,46,5,6,HAVE I THE RIGHT,The Honeycombs,Interphon,9,5,
1964,46,6,8,THE DOOR IS STILL OPEN TO MY HEART,Dean Martin,Reprise,8,6,
1964,46,7,3,DO WAH DIDDY DIDDY,Manfred Mann,Ascot,11,1,
1964,46,8,5,LET IT BE ME,Betty Everett and Jerry Butler,Vee-Jay,11,5,
1964,46,9,22,SHE’S NOT THERE,The Zombies,Parrot,5,9,
1964,46,10,28,RINGO,Lorne Greene,RCA Victor,3,10,
1964,46,11,11,"OH, PRETTY WOMAN",Roy Orbison and the Candy Men,Monument,12,1,
1964,46,12,10,WE’LL SING IN THE SUNSHINE,Gale Garnett,RCA Victor,15,4,
1964,46,13,20,YOU REALLY GOT ME,The Kinks,Reprise,8,13,
1964,46,14,9,CHUG-A-LUG,Roger Miller,Smash,11,9,
1964,46,15,14,TOBACCO ROAD,The Nashville Teens,London,10,14,
1964,46,16,13,LITTLE HONDA,The Hondells,Mercury,10,9,
1964,46,17,18,AIN’T THAT LOVING YOU BABY,Elvis Presley,RCA Victor,6,17,
1964,46,18,30,TIME IS ON MY SIDE,The Rolling Stones,London,5,18,
1964,46,19,33,I’M GONNA BE STRONG,Gene Pitney,Musicor,4,19,
1964,46,20,23,IS IT TRUE,Brenda Lee,Decca,5,20,
1964,46,21,35,MR. LONELY,Bobby Vinton,Epic,3,21,
1964,46,22,26,ASK ME,Elvis Presley,RCA Victor,6,22,
1964,46,23,15,EVERYBODY KNOWS (I Still Love You),The Dave Clark Five,Epic,7,15,
1964,46,24,16,I DON’T WANT TO SEE YOU AGAIN,Peter and Gordon,Capitol,7,16,
1964,46,25,12,DANCING IN THE STREET,Martha and the Vandellas,Gordy,13,2,
1964,46,26,17,I LIKE IT,Gerry and the Pacemakers,Laurie,8,17,
1964,46,27,19,I’M CRYING,The Animals,MGM,8,19,
1964,46,28,41,I’M INTO SOMETHING GOOD,Herman’s Hermits,MGM,5,28,
1964,46,29,40,EVERYTHING’S ALRIGHT,The Newbeats,Hickory,4,29,
1964,46,30,39,REACH OUT FOR ME,Dionne Warwick,Scepter,4,30,
1964,46,31,46,RIGHT OR WRONG,Ronnie Dove,Diamond,4,31,
1964,46,32,21,A SUMMER SONG,Chad Stuart and Jeremy Clyde,World Artists,14,7,
1964,46,33,61,MOUNTAIN OF LOVE,Johnny Rivers,Imperial,3,33,
1964,46,34,34,WHO CAN I TURN TO (When Nobody Needs Me),Tony Bennett,Columbia,7,34,
1964,46,35,27,BABY DON’T YOU DO IT,Marvin Gaye,Tamla,9,27,
1964,46,36,32,"SOFTLY, AS I LEAVE YOU",Frank Sinatra,Reprise,11,27,
1964,46,37,44,WHEN YOU WALK IN THE ROOM,The Searchers,Kapp,5,37,
1964,46,38,31,COUSIN OF MINE,Sam Cooke,RCA Victor,8,31,
1964,46,39,42,BLESS OUR LOVE,Gene Chandler,Constellation,8,39,
1964,46,40,36,I DON’T WANT TO SEE TOMORROW,Nat King Cole,Capitol,9,34,
1964,46,41,49,I HAD A TALK WITH MY MAN,Mitty Collier,Chess,8,41,
1964,46,42,66,SIDEWALK SURFIN’,Jan and Dean,Liberty,3,42,
1964,46,43,51,YOU SHOULD HAVE SEEN THE WAY HE LOOKED AT ME,The Dixie Cups,Red Bird,4,43,
1964,46,44,50,WENDY (From the “4-By the Beach Boys” EP),The Beach Boys,Capitol,5,44,
1964,46,45,57,SLAUGHTER ON TENTH AVENUE,The Ventures,Dolton,4,45,
1964,46,46,52,NEEDLE IN A HAYSTACK,The Velvelettes,V.I.P.,5,46,
1964,46,47,64,WALKING IN THE RAIN,The Ronettes,Philles,4,47,
1964,46,48,59,DON’T EVER LEAVE ME,Connie Francis,MGM,4,48,
1964,46,49,55,JUMP BACK,Rufus Thomas,Stax,6,49,
1964,46,50,62,AIN’T DOING TOO BAD (Part 1),Bobby Bland,Duke,4,50,
1964,47,1,1,BABY LOVE,The Supremes,Motown,8,1,4 weeks at #1
1964,47,2,2,LEADER OF THE PACK,The Shangri-Las,Red Bird,7,2,
1964,47,3,4,COME A LITTLE BIT CLOSER,Jay and the Americans,United Artists,11,3,
1964,47,4,3,LAST KISS,J. Frank Wilson and the Cavaliers,Josie,12,2,
1964,47,5,9,SHE’S NOT THERE,The Zombies,Parrot,6,5,
1964,47,6,10,RINGO,Lorne Greene,RCA Victor,4,6,
1964,47,7,5,HAVE I THE RIGHT,The Honeycombs,Interphon,10,5,
1964,47,8,13,YOU REALLY GOT ME,The Kinks,Reprise,9,8,
1964,47,9,6,THE DOOR IS STILL OPEN TO MY HEART,Dean Martin,Reprise,9,6,
1964,47,10,18,TIME IS ON MY SIDE,The Rolling Stones,London,6,10,
1964,47,11,21,MR. LONELY,Bobby Vinton,Epic,4,11,
1964,47,12,19,I’M GONNA BE STRONG,Gene Pitney,Musicor,5,12,
1964,47,13,11,"OH, PRETTY WOMAN",Roy Orbison and the Candy Men,Monument,13,1,
1964,47,14,22,ASK ME,Elvis Presley,RCA Victor,7,14,
1964,47,15,7,DO WAH DIDDY DIDDY,Manfred Mann,Ascot,11,1,
1964,47,16,17,AIN’T THAT LOVING YOU BABY,Elvis Presley,RCA Victor,7,16,
1964,47,17,20,IS IT TRUE,Brenda Lee,Decca,6,17,
1964,47,18,8,LET IT BE ME,Betty Everett and Jerry Butler,Vee-Jay,12,5,
1964,47,19,33,MOUNTAIN OF LOVE,Johnny Rivers,Imperial,4,19,
1964,47,20,28,I’M INTO SOMETHING GOOD,Herman’s Hermits,MGM,6,20,
1964,47,21,12,WE’LL SING IN THE SUNSHINE,Gale Garnett,RCA Victor,16,4,
1964,47,22,31,RIGHT OR WRONG,Ronnie Dove,Diamond,5,22,
1964,47,23,30,REACH OUT FOR ME,Dionne Warwick,Sceptor,5,23,
1964,47,24,29,EVERYTHING’S ALRIGHT,The Newbeats,Hickory,5,24,
1964,47,25,16,LITTLE HONDA,The Hondells,Mercury,11,9,
1964,47,26,24,I DON’T WANT TO SEE YOU AGAIN,Peter and Gordon,Capitol,8,16,
1964,47,27,53,BIG MAN IN TOWN,The Four Seasons,Philips,3,27,
1964,47,28,26,I LIKE IT,Gerry and the Pacemakers,Laurie,9,17,
1964,47,29,54,"DANCE, DANCE, DANCE",The Beach Boys,Capitol,3,29,
1964,47,30,14,CHUG-A-LUG,Roger Miller,Smash,12,9,
1964,47,31,66,COME SEE ABOUT ME,The Supremes,Motown,2,31,
1964,47,32,42,SIDEWALK SURFIN’,Jan and Dean,Liberty,4,32,
1964,47,33,34,WHO CAN I TURN TO (When Nobody Needs Me),Tony Bennett,Columbia,8,33,
1964,47,34,47,WALKING IN THE RAIN,The Ronettes,Philles,5,34,
1964,47,35,37,WHEN YOU WALK IN THE ROOM,The Searchers,Kapp,6,35,
1964,47,36,56,GOIN’ OUT OF MY HEAD,Little Anthony and the Imperials,DCP,3,36,
1964,47,37,23,EVERYBODY KNOWS (I Still Love You),The Dave Clark Five,Epic,8,15,
1964,47,38,45,SLAUGHTER ON TENTH AVENUE,The Ventures,Dolton,5,38,
1964,47,39,43,YOU SHOULD HAVE SEEN THE WAY HE LOOKED AT ME,The Dixie Cups,Red Bird,5,39,
1964,47,40,27,I’M CRYING,The Animals,MGM,9,40,
1964,47,41,15,TOBACCO ROAD,The Nashville Teens,London,11,14,
1964,47,43,25,DANCING IN THE STREET,Martha and the Vandellas,Gordy,14,2,
1964,47,54,39,BLESS OUR LOVE,Gene Chandler,Constellation,9,39,
1964,47,42,48,DON’T EVER LEAVE ME,Connie Francis,MGM,5,42,
1964,47,44,55,SHAGGY DOG,Mickey Lee Lane,Swan,7,44,
1964,47,45,46,NEEDLE IN A HAYSTACK,The Velvelettes,V.I.P.,6,45,
1964,47,46,58,SHE UNDERSTANDS ME,Johnny Tillotson,MGM,4,46,
1964,47,47,71,SHA LA LA,Manfred Mann,Ascot,2,47,
1964,47,48,59,WE COULD,Al Martino,Capitol,3,48,
1964,47,49,50,AIN’T DOING TOO BAD (Part 1),Bobby Bland,Duke,5,49,
1964,47,50,60,AIN’T IT THE TRUTH,Mary Wells,20th Century-Fox,4,50,
1964,48,1,2,LEADER OF THE PACK,The Shangri-Las,Red Bird,8,1,1 week at #1
1964,48,2,1,BABY LOVE,The Supremes,Motown,9,1,
1964,48,3,3,COME A LITTLE BIT CLOSER,Jay and the Americans,United Artists,12,3,
1964,48,4,5,SHE’S NOT THERE,The Zombies,Parrot,7,4,
1964,48,5,6,RINGO,Lorne Greene,RCA Victor,5,5,
1964,48,6,11,MR. LONELY,Bobby Vinton,Epic,5,6,
1964,48,7,8,YOU REALLY GOT ME,The Kinks,Reprise,10,7,
1964,48,8,10,TIME IS ON MY SIDE,The Rolling Stones,London,7,8,
1964,48,9,4,LAST KISS,J. Frank Wilson and the Cavaliers,Josie,13,2,
1964,48,10,19,MOUNTAIN OF LOVE,Johnny Rivers,Imperial,5,10,
1964,48,11,12,I’M GONNA BE STRONG,Gene Pitney,Musicor,6,11,
1964,48,12,14,ASK ME,Elvis Presley,RCA Victor,8,12,
1964,48,13,31,COME SEE ABOUT ME,The Supremes,Motown,3,13,
1964,48,14,7,HAVE I THE RIGHT,The Honeycombs,Interphon,11,5,
1964,48,15,29,"DANCE, DANCE, DANCE",The Beach Boys,Capitol,4,15,
1964,48,16,22,RIGHT OR WRONG,Ronnie Dove,Diamond,6,16,
1964,48,17,17,IS IT TRUE,Brenda Lee,Decca,7,17,
1964,48,18,24,EVERYTHING’S ALRIGHT,The Newbeats,Hickory,6,18,
1964,48,19,20,I’M INTO SOMETHING GOOD,Herman’s Hermits,MGM,7,19,
1964,48,20,23,REACH OUT FOR ME,Dionne Warwick,Sceptor,6,20,
1964,48,21,13,"OH, PRETTY WOMAN",Roy Orbison and the Candy Men,Monument,14,1,
1964,48,22,27,BIG MAN IN TOWN,The Four Seasons,Philips,4,22,
1964,48,23,9,THE DOOR IS STILL OPEN TO MY HEART,Dean Martin,Reprise,10,6,
1964,48,24,36,GOIN’ OUT OF MY HEAD,Little Anthony and the Imperials,DCP,4,24,
1964,48,25,16,AIN’T THAT LOVING YOU BABY,Elvis Presley,RCA Victor,8,16,
1964,48,26,59,THE JERK,The Larks,Money,3,26,
1964,48,27,32,SIDEWALK SURFIN’,Jan and Dean,Liberty,5,27,
1964,48,28,47,SHA LA LA,Manfred Mann,Ascot,3,28,
1964,48,29,34,WALKING IN THE RAIN,The Ronettes,Philles,6,29,
1964,48,30,61,SATURDAY NIGHT AT THE MOVIES,The Drifters,Atlantic,3,30,
1964,48,31,15,DO WAH DIDDY DIDDY,Manfred Mann,Ascot,12,1,
1964,48,32,18,LET IT BE ME,Betty Everett and Jerry Butler,Vee-Jay,13,5,
1964,48,33,26,I DON’T WANT TO SEE YOU AGAIN,Peter and Gordon,Capitol,9,16,
1964,48,34,25,LITTLE HONDA,The Hondells,Mercury,12,9,
1964,48,35,38,SLAUGHTER ON TENTH AVENUE,The Ventures,Dolton,6,35,
1964,48,36,33,WHO CAN I TURN TO (When Nobody Needs Me),Tony Bennett,Columbia,9,33,
1964,48,37,21,WE’LL SING IN THE SUNSHINE,Gale Garnett,RCA Victor,17,4,
1964,48,38,44,SHAGGY DOG,Mickey Lee Lane,Swan,8,38,
1964,48,39,46,SHE UNDERSTANDS ME,Johnny Tillotson,MGM,5,39,
1964,48,40,52,"MY LOVE, FORGIVE ME (Amore, Scusami)",Robert Goulet,Columbia,6,40,
1964,48,45,30,CHUG-A-LUG,Roger Miller,Smash,13,9,
1964,48,48,35,WHEN YOU WALK IN THE ROOM,The Searchers,Kapp,7,35,
1964,48,49,39,YOU SHOULD HAVE SEEN THE WAY HE LOOKED AT ME,The Dixie Cups,Red Bird,6,39,
1964,48,41,53,OH NO NOT MY BABY,Maxine Brown,Wand,6,41,
1964,48,42,42,DON’T EVER LEAVE ME,Connie Francis,MGM,6,42,
1964,48,43,48,WE COULD,Al Martino,Capitol,4,43,
1964,48,44,51,"GONE, GONE, GONE",The Everly Brothers,Warner Brothers,7,44,
1964,48,46,63,ANY WAY YOU WANT IT,The Dave Clark Five,Epic,3,46,
1964,48,47,50,AIN’T IT THE TRUTH,Mary Wells,20th Century-Fox,5,47,
1964,48,50,60,TOO MANY FISH IN THE SEA,The Marvelettes,Tamla,4,50,
1964,49,1,5,RINGO,Lorne Greene,RCA Victor,6,1,1 week at #1
1964,49,2,6,MR. LONELY,Bobby Vinton,Epic,6,2,
1964,49,3,1,LEADER OF THE PACK,The Shangri-Las,Red Bird,9,1,
1964,49,4,4,SHE’S NOT THERE,The Zombies,Parrot,8,4,
1964,49,5,2,BABY LOVE,The Supremes,Motown,10,1,
1964,49,6,8,TIME IS ON MY SIDE,The Rolling Stones,London,8,6,
1964,49,7,7,YOU REALLY GOT ME,The Kinks,Reprise,11,7,
1964,49,8,13,COME SEE ABOUT ME,The Supremes,Motown,4,8,
1964,49,9,10,MOUNTAIN OF LOVE,Johnny Rivers,Imperial,6,9,
1964,49,10,11,I’M GONNA BE STRONG,Gene Pitney,Musicor,7,10,
1964,49,11,3,COME A LITTLE BIT CLOSER,Jay and the Americans,United Artists,13,3,
1964,49,12,12,ASK ME,Elvis Presley,RCA Victor,9,12,
1964,49,13,15,"DANCE, DANCE, DANCE",The Beach Boys,Capitol,5,13,
1964,49,14,16,RIGHT OR WRONG,Ronnie Dove,Diamond,7,14,
1964,49,15,19,I’M INTO SOMETHING GOOD,Herman’s Hermits,MGM,8,15,
1964,49,16,9,LAST KISS,J. Frank Wilson and the Cavaliers,Josie,14,2,
1964,49,17,24,GOIN’ OUT OF MY HEAD,Little Anthony and the Imperials,DCP,5,17,
1964,49,18,18,EVERYTHING’S ALRIGHT,The Newbeats,Hickory,7,18,
1964,49,19,28,SHA LA LA,Manfred Mann,Ascot,4,19,
1964,49,20,22,BIG MAN IN TOWN,The Four Seasons,Philips,5,20,
1964,49,21,26,THE JERK,The Larks,Money,4,21,
1964,49,23,29,WALKING IN THE RAIN,The Ronettes,Philles,7,23,
1964,49,24,30,SATURDAY NIGHT AT THE MOVIES,The Drifters,Atlantic,4,24,
1964,49,25,27,SIDEWALK SURFIN’,Jan and Dean,Liberty,6,25,
1964,49,26,20,REACH OUT FOR ME,Dionne Warwick,Sceptor,7,20,
1964,49,27,25,AIN’T THAT LOVING YOU BABY,Elvis Presley,RCA Victor,9,16,
1964,49,28,14,HAVE I THE RIGHT,The Honeycombs,Interphon,12,5,
1964,49,29,17,IS IT TRUE,Brenda Lee,Decca,8,17,
1964,49,30,40,"MY LOVE, FORGIVE ME (Amore, Scusami)",Robert Goulet,Columbia,7,30,
1964,49,31,46,ANY WAY YOU WANT IT,The Dave Clark Five,Epic,4,31,
1964,49,32,44,"GONE, GONE, GONE",The Everly Brothers,Warner Brothers,8,32,
1964,49,33,41,OH NO NOT MY BABY,Maxine Brown,Wand,7,33,
1964,49,34,21,"OH, PRETTY WOMAN",Roy Orbison and the Candy Men,Monument,15,1,
1964,49,35,23,THE DOOR IS STILL OPEN TO MY HEART,Dean Martin,Reprise,11,6,
1964,49,36,39,SHE UNDERSTANDS ME,Johnny Tillotson,MGM,6,36,
1964,49,37,51,THE WEDDING,Julie Rogers,Mercury,3,37,
1964,49,38,50,TOO MANY FISH IN THE SEA,The Marvelettes,Tamla,5,38,
1964,49,39,35,SLAUGHTER ON TENTH AVENUE,The Ventures,Dolton,7,35,
1964,49,40,36,WHO CAN I TURN TO (When Nobody Needs Me),Tony Bennett,Columbia,10,33,
1964,49,42,38,SHAGGY DOG,Mickey Lee Lane,Swan,9,38,
1964,49,41,43,WE COULD,Al Martino,Capitol,5,41,
1964,49,43,59,AMEN,The Impressions,ABC-Paramount,3,43,
1964,49,44,55,WILLOW WEEP FOR ME,Chad and Jeremy,World Artists,4,44,
1964,49,45,47,AIN’T IT THE TRUTH,Mary Wells,20th Century-Fox,6,45,
1964,49,47,42,DON’T EVER LEAVE ME,Connie Francis,MGM,7,42,
1964,49,48,63,"RUN, RUN, RUN",The Gestures,Soma,4,48,
1964,49,49,65,HOW SWEET IT IS TO BE LOVED BY YOU,Marvin Gaye,Tamla,3,49,
1964,49,50,81,AS TEARS GO BY,Marianne Faithfull,London,2,50,
1964,50,1,2,MR. LONELY,Bobby Vinton,Epic,7,1,1 week at #1
1964,50,2,4,SHE’S NOT THERE,The Zombies,Parrot,9,2,
1964,50,3,1,RINGO,Lorne Greene,RCA Victor,7,1,
1964,50,4,8,COME SEE ABOUT ME,The Supremes,Motown,5,4,
1964,50,5,22,I FEEL FINE,The Beatles,Capitol,2,5,
1964,50,6,6,TIME IS ON MY SIDE,The Rolling Stones,London,9,6,
1964,50,7,7,YOU REALLY GOT ME,The Kinks,Reprise,12,7,
1964,50,8,5,BABY LOVE,The Supremes,Motown,11,1,
1964,50,9,10,I’M GONNA BE STRONG,Gene Pitney,Musicor,8,9,
1964,50,10,13,"DANCE, DANCE, DANCE",The Beach Boys,Capitol,6,10,
1964,50,11,3,LEADER OF THE PACK,The Shangri-Las,Red Bird,10,1,
1964,50,12,9,MOUNTAIN OF LOVE,Johnny Rivers,Imperial,7,9,
1964,50,13,15,I’M INTO SOMETHING GOOD,Herman’s Hermits,MGM,9,13,
1964,50,14,17,GOIN’ OUT OF MY HEAD,Little Anthony and the Imperials,DCP,6,14,
1964,50,15,12,ASK ME,Elvis Presley,RCA Victor,10,12,
1964,50,16,18,EVERYTHING’S ALRIGHT,The Newbeats,Hickory,8,16,
1964,50,17,19,SHA LA LA,Manfred Mann,Ascot,5,17,
1964,50,18,14,RIGHT OR WRONG,Ronnie Dove,Diamond,8,14,
1964,50,19,24,SATURDAY NIGHT AT THE MOVIES,The Drifters,Atlantic,5,19,
1964,50,20,20,BIG MAN IN TOWN,The Four Seasons,Philips,6,20,
1964,50,21,21,THE JERK,The Larks,Money,5,21,
1964,50,22,11,COME A LITTLE BIT CLOSER,Jay and the Americans,United Artists,14,3,
1964,50,23,23,WALKING IN THE RAIN,The Ronettes,Philles,8,23,
1964,50,24,31,ANY WAY YOU WANT IT,The Dave Clark Five,Epic,5,24,
1964,50,25,25,SIDEWALK SURFIN’,Jan and Dean,Liberty,7,25,
1964,50,26,37,THE WEDDING,Julie Rogers,Mercury,4,26,
1964,50,27,33,OH NO NOT MY BABY,Maxine Brown,Wand,8,27,
1964,50,28,30,"MY LOVE, FORGIVE ME (Amore, Scusami)",Robert Goulet,Columbia,8,28,
1964,50,29,46,SHE’S A WOMAN,The Beatles,Capitol,2,29,
1964,50,30,43,AMEN,The Impressions,ABC-Paramount,4,30,
1964,50,31,32,"GONE, GONE, GONE",The Everly Brothers,Warner Brothers,9,31,
1964,50,32,26,REACH OUT FOR ME,Dionne Warwick,Sceptor,8,20,
1964,50,33,36,SHE UNDERSTANDS ME,Johnny Tillotson,MGM,7,33,
1964,50,34,38,TOO MANY FISH IN THE SEA,The Marvelettes,Tamla,6,34,
1964,50,35,16,LAST KISS,J. Frank Wilson and the Cavaliers,Josie,15,2,
1964,50,36,44,WILLOW WEEP FOR ME,Chad and Jeremy,World Artists,5,36,
1964,50,37,29,IS IT TRUE,Brenda Lee,Decca,9,17,
1964,50,38,27,AIN’T THAT LOVING YOU BABY,Elvis Presley,RCA Victor,10,16,
1964,50,39,52,THOU SHALT NOT STEAL,Dick and DeeDee,Warner Brothers,4,39,
1964,50,40,49,HOW SWEET IT IS TO BE LOVED BY YOU,Marvin Gaye,Tamla,4,40,
1964,50,48,28,HAVE I THE RIGHT,The Honeycombs,Interphon,13,5,
1964,50,41,41,WE COULD,Al Martino,Capitol,6,41,
1964,50,42,50,AS TEARS GO BY,Marianne Faithfull,London,3,42,
1964,50,43,54,ONE MORE TIME,The Ray Charles Singers,Command,5,43,
1964,50,44,55,KEEP SEARCHIN’ (We’ll Follow the Sun),Del Shannon,Amy,4,44,
1964,50,45,51,WITHOUT THE ONE YOU LOVE (Life’s Not Worth While),The Four Tops,Motown,3,45,
1964,50,46,48,"RUN, RUN, RUN",The Gestures,Soma,5,46,
1964,50,47,59,SINCE I DON’T HAVE YOU,Chuck Jackson,Wand,5,47,
1964,50,49,61,LOVE POTION NUMBER NINE,The Searchers,Kapp Winner’s Circle,3,49,
1964,50,50,53,DEAR HEART,Andy Williams,Columbia,3,50,
1964,51,1,4,COME SEE ABOUT ME,The Supremes,Motown,6,1,1 week at #1
1964,51,2,5,I FEEL FINE,The Beatles,Capitol,3,2,
1964,51,3,1,MR. LONELY,Bobby Vinton,Epic,8,1,
1964,51,4,2,SHE’S NOT THERE,The Zombies,Parrot,10,2,
1964,51,5,3,RINGO,Lorne Green,RCA Victor,8,1,
1964,51,6,6,TIME IS ON MY SIDE,The Rolling Stones,London,10,6,
1964,51,7,14,GOIN’ OUT OF MY HEAD,Little Anthony and the Imperials,DCP,7,7,
1964,51,8,10,"DANCE, DANCE, DANCE",The Beach Boys,Capitol,7,8,
1964,51,9,9,I’M GONNA BE STRONG,Gene Pitney,Musicor,9,9,
1964,51,10,7,YOU REALLY GOT ME,The Kinks,Reprise,13,7,
1964,51,11,12,MOUNTAIN OF LOVE,Johnny Rivers,Imperial,8,9,
1964,51,12,21,THE JERK,The Larks,Money,6,12,
1964,51,13,13,I’M INTO SOMETHING GOOD,Herman’s Hermits,MGM,10,13,
1964,51,14,29,SHE’S A WOMAN,The Beatles,Capitol,3,14,
1964,51,15,8,BABY LOVE,The Supremes,Motown,12,1,
1964,51,16,17,SHA LA LA,Manfred Mann,Ascot,6,16,
1964,51,17,26,THE WEDDING,Julie Rogers,Mercury,5,17,
1964,51,18,19,SATURDAY NIGHT AT THE MOVIES,The Drifters,Atlantic,6,18,
1964,51,19,24,ANY WAY YOU WANT IT,The Dave Clark Five,Epic,6,19,
1964,51,20,11,LEADER OF THE PACK,The Shangri-Las,Red Bird,11,1,
1964,51,21,18,RIGHT OR WRONG,Ronnie Dove,Diamond,9,14,
1964,51,22,20,BIG MAN IN TOWN,The Four Seasons,Philips,7,20,
1964,51,23,16,EVERYTHING’S ALRIGHT,The Newbeats,Hickory,9,16,
1964,51,24,30,AMEN,The Impressions,ABC-Paramount,5,24,
1964,51,25,28,"MY LOVE, FORGIVE ME (Amore, Scusami)",Robert Goulet,Columbia,9,25,
1964,51,26,27,OH NO NOT MY BABY,Maxine Brown,Wand,9,26,
1964,51,27,15,ASK ME,Elvis Presley,RCA Victor,11,12,
1964,51,28,36,WILLOW WEEP FOR ME,Chad and Jeremy,World Artists,6,28,
1964,51,29,34,TOO MANY FISH IN THE SEA,The Marvelettes,Tamla,7,29,
1964,51,30,49,LOVE POTION NUMBER NINE,The Searchers,Kapp Winner’s Circle,4,30,
1964,51,31,33,SHE UNDERSTANDS ME,Johnny Tillotson,MGM,8,31,
1964,51,32,23,WALKING IN THE RAIN,The Ronettes,Philles,9,23,
1964,51,33,58,LEADER OF THE LAUNDROMAT,The Detergents,Roulette,3,33,
1964,51,34,40,HOW SWEET IT IS TO BE LOVED BY YOU,Marvin Gaye,Tamla,5,34,
1964,51,35,39,THOU SHALT NOT STEAL,Dick and DeeDee,Warner Brothers,5,35,
1964,51,36,42,AS TEARS GO BY,Marianne Faithfull,London,4,36,
1964,51,37,25,SIDEWALK SURFIN’,Jan and Dean,Liberty,8,25,
1964,51,38,50,DEAR HEART,Andy Williams,Columbia,4,38,
1964,51,39,44,KEEP SEARCHIN’ (We’ll Follow the Sun),Del Shannon,Amy,5,39,
1964,51,40,43,ONE MORE TIME,The Ray Charles Singers,Command,6,40,
1964,51,42,22,COME A LITTLE BIT CLOSER,Jay and the Americans,United Artists,15,3,
1964,51,49,31,"GONE, GONE, GONE",The Everly Brothers,Warner Brothers,10,31,
1964,51,41,51,WILD ONE,Martha and the Vandellas,Gordy,3,41,
1964,51,43,45,WITHOUT THE ONE YOU LOVE (Life’s Not Worth While),The Four Tops,Motown,4,43,
1964,51,44,46,"RUN, RUN, RUN",The Gestures,Soma,6,44,
1964,51,45,55,WALK AWAY,Matt Monro,Liberty,4,45,
1964,51,46,54,DO-WACKA-DO,Roger Miller,Smash,4,46,
1964,51,47,47,SINCE I DON’T HAVE YOU,Chuck Jackson,Wand,6,47,
1964,51,48,53,DEAR HEART,Jack Jones,Kapp,4,48,
1964,51,50,74,SMILE,Betty Everett and Jerry Butler,Vee-Jay,3,50,
1964,52,1,2,I FEEL FINE,The Beatles,Capitol,4,1,1 week at #1
1964,52,2,1,COME SEE ABOUT ME,The Supremes,Motown,7,1,
1964,52,3,3,MR. LONELY,Bobby Vinton,Epic,9,1,
1964,52,4,14,SHE’S A WOMAN,The Beatles,Capitol,4,4,
1964,52,5,4,SHE’S NOT THERE,The Zombies,Parrot,11,2,
1964,52,6,7,GOIN’ OUT OF MY HEAD,Little Anthony and the Imperials,DCP,8,6,
1964,52,7,5,RINGO,Lorne Greene,RCA Victor,9,1,
1964,52,8,8,"DANCE, DANCE, DANCE",The Beach Boys,Capitol,8,8,
1964,52,9,12,THE JERK,The Larks,Money,7,9,
1964,52,10,6,TIME IS ON MY SIDE,The Rolling Stones,London,11,6,
1964,52,11,30,LOVE POTION NUMBER NINE,The Searchers,Kapp Winner’s Circle,5,11,
1964,52,12,24,AMEN,The Impressions,ABC-Paramount,6,12,
1964,52,13,16,SHA LA LA,Manfred Mann,Ascot,7,13,
1964,52,14,17,THE WEDDING,Julie Rogers,Mercury,6,14,
1964,52,15,9,I’M GONNA BE STRONG,Gene Pitney,Musicor,10,9,
1964,52,16,11,MOUNTAIN OF LOVE,Johnny Rivers,Imperial,9,9,
1964,52,17,13,I’M INTO SOMETHING GOOD,Herman’s Hermits,MGM,11,13,
1964,52,18,10,YOU REALLY GOT ME,The Kinks,Reprise,14,7,
1964,52,19,19,ANY WAY YOU WANT IT,The Dave Clark Five,Epic,7,19,
1964,52,20,18,SATURDAY NIGHT AT THE MOVIES,The Drifters,Atlantic,7,18,
1964,52,21,25,"MY LOVE, FORGIVE ME (Amore, Scusami)",Robert Goulet,Columbia,10,21,
1964,52,22,20,LEADER OF THE PACK,The Shangri-Las,Red Bird,12,1,
1964,52,23,39,KEEP SEARCHIN’ (We’ll Follow the Sun),Del Shannon,Amy,6,23,
1964,52,24,28,WILLOW WEEP FOR ME,Chad and Jeremy,World Artists,7,24,
1964,52,25,26,OH NO NOT MY BABY,Maxine Brown,Wand,10,25,
1964,52,26,36,AS TEARS GO BY,Marianne Faithfull,London,5,26,
1964,52,27,34,HOW SWEET IT IS TO BE LOVED BY YOU,Marvin Gaye,Tamla,6,27,
1964,52,28,33,LEADER OF THE LAUNDROMAT,The Detergents,Roulette,4,28,
1964,52,29,29,TOO MANY FISH IN THE SEA,The Marvelettes,Tamla,8,29,
1964,52,30,38,DEAR HEART,Andy Williams,Columbia,5,30,
1964,52,31,31,SHE UNDERSTANDS ME,Johnny Tillotson,MGM,9,31,
1964,52,32,35,THOU SHALT NOT STEAL,Dick and DeeDee,Warner Brothers,6,32,
1964,52,33,15,BABY LOVE,The Supremes,Motown,13,1,
1964,52,34,60,YOU’VE LOST THAT LOVIN’ FEELIN’,The Righteous Brothers,Philles,3,34,
1964,52,35,40,ONE MORE TIME,The Ray Charles Singers,Command,7,35,
1964,52,36,21,RIGHT OR WRONG,Ronnie Dove,Diamond,10,14,
1964,52,37,48,DEAR HEART,Jack Jones,Kapp,5,37,
1964,52,38,32,WALKING IN THE RAIN,The Ronettes,Philles,10,23,
1964,52,39,41,WILD ONE,Martha and the Vandellas,Gordy,4,39,
1964,52,40,45,WALK AWAY,Matt Monro,Liberty,5,40,
1964,52,50,27,ASK ME,Elvis Presley,RCA Victor,12,12,
1964,52,41,87,DOWNTOWN,Petula Clark,Warner Brothers,2,41,
1964,52,42,52,DON’T FORGET I STILL LOVE YOU,Bobbi Martin,Coral,5,42,
1964,52,43,46,DO-WACKA-DO,Roger Miller,Smash,5,43,
1964,52,44,44,"RUN, RUN, RUN",The Gestures,Soma,7,44,
1964,52,45,50,SMILE,Betty Everett and Jerry Butler,Vee-Jay,4,45,
1964,52,46,56,ROSES ARE RED MY LOVE,The “You Know Who” Group!,4 Corners,5,46,
1964,52,47,47,SINCE I DON’T HAVE YOU,Chuck Jackson,Wand,7,47,
1964,52,48,51,WHAT NOW,Gene Chandler,Constellation,4,48,
1964,52,49,55,BOOM BOOM,The Animals,MGM,4,49,
