YEAR,WEEK,TW,LW,TITLE,ARTIST,LABEL,WEEKS_ON_CHART,PEAK_POSITION,WEEKS_AT_1
1965,1,3,3,MR. LONELY,Bobby Vinton,Epic,10,1,
1965,1,4,4,SHE’S A WOMAN,The Beatles,Capitol,5,4,
1965,1,5,11,LOVE POTION NUMBER NINE,The Searchers,Kapp Winner’s Circle,6,5,
1965,1,7,5,SHE’S NOT THERE,The Zombies,Parrot,12,2,
1965,1,10,14,THE WEDDING,Julie Rogers,Mercury,7,10,
1965,1,11,7,RINGO,Lorne Greene,RCA Victor,10,1,
1965,1,12,41,DOWNTOWN,Petula Clark,Warner Brothers,3,12,
1965,1,13,13,SHA LA LA,Manfred Mann,Ascot,8,13,
1965,1,16,21,"MY LOVE, FORGIVE ME (Amore, Scusami)",Robert Goulet,Columbia,11,16,
1965,1,18,24,WILLOW WEEP FOR ME,Chad and Jeremy,World Artists,8,18,
1965,1,21,17,I’M INTO SOMETHING GOOD,Herman’s Hermits,MGM,12,13,
1965,1,23,28,LEADER OF THE LAUNDROMAT,The Detergents,Roulette,5,23,
1965,1,24,25,OH NO NOT MY BABY,Maxine Brown,Wand,11,24,
1965,1,25,32,THOU SHALT NOT STEAL,Dick and DeeDee,Warner Brothers,7,25,
1965,1,26,26,AS TEARS GO BY,Marianne Faithfull,London,6,26,
1965,1,27,30,DEAR HEART,Andy Williams,Columbia,6,27,
1965,1,31,42,DON’T FORGET I STILL LOVE YOU,Bobbi Martin,Coral,6,31,
1965,1,33,37,DEAR HEART,Jack Jones,Kapp,6,33,
1965,1,35,31,SHE UNDERSTANDS ME,Johnny Tillotson,MGM,10,31,
1965,1,37,40,WALK AWAY,Matt Monro,Liberty,6,37,
1965,1,38,39,WILD ONE,Martha and the Vandellas,Gordy,5,38,
1965,1,39,43,DO-WACKA-DO,Roger Miller,Smash,6,39,
1965,1,41,51,I’LL BE THERE,Gerry and the Pacemakers,Laurie,4,41,
1965,1,43,46,ROSES ARE RED MY LOVE,The “You Know Who” Group!,4 Corners,6,43,
1965,1,47,57,YOU’RE NOBODY TILL SOMEBODY LOVES YOU,Dean Martin,Reprise,4,47,
1965,1,49,52,HAWAII TATTOO,The Waikikis,Kapp Winner’s Circle,5,49,
1965,1,50,60,THE NAME GAME,Shirley Ellis,Congress,4,50,
1965,2,1,1,I FEEL FINE,The Beatles,Capitol,6,1,3 weeks at #1
1965,2,2,2,COME SEE ABOUT ME,The Supremes,Motown,9,1,
1965,2,3,3,MR. LONELY,Bobby Vinton,Epic,11,1,
1965,2,4,5,LOVE POTION NUMBER NINE,The Searchers,Kapp Winner’s Circle,7,4,
1965,2,5,12,DOWNTOWN,Petula Clark,Warner Brothers,4,5,
1965,2,6,6,GOIN’ OUT OF MY HEAD,Little Anthony and the Imperials,DCP,10,6,
1965,2,7,8,AMEN,The Impressions,ABC-Paramount,8,7,
1965,2,8,9,THE JERK,The Larks,Money,9,8,
1965,2,9,14,YOU’VE LOST THAT LOVIN’ FEELIN’,The Righteous Brothers,Philles,5,9,
1965,2,10,10,THE WEDDING,Julie Rogers,Mercury,8,10,
1965,2,11,4,SHE’S A WOMAN,The Beatles,Capitol,6,4,
1965,2,12,13,SHA LA LA,Manfred Mann,Ascot,9,12,
1965,2,13,15,KEEP SEARCHIN’ (We’ll Follow the Sun),Del Shannon,Amy,8,13,
1965,2,14,17,ANY WAY YOU WANT IT,The Dave Clark Five,Epic,9,14,
1965,2,15,19,HOW SWEET IT IS TO BE LOVED BY YOU,Marvin Gaye,Tamla,8,15,
1965,2,16,7,SHE’S NOT THERE,The Zombies,Parrot,13,2,
1965,2,17,18,WILLOW WEEP FOR ME,Chad and Jeremy,World Artists,9,17,
1965,2,18,16,"MY LOVE, FORGIVE ME (Amore, Scusami)",Robert Goulet,Columbia,12,16,
1965,2,19,23,LEADER OF THE LAUNDROMAT,The Detergents,Roulette,6,19,
1965,2,20,11,RINGO,Lorne Greene,RCA Victor,11,1,
1965,2,21,25,THOU SHALT NOT STEAL,Dick and DeeDee,Warner Brothers,8,21,
1965,2,22,26,AS TEARS GO BY,Marianne Faithfull,London,7,22,
1965,2,23,37,WALK AWAY,Matt Monro,Liberty,7,23,
1965,2,24,31,DON’T FORGET I STILL LOVE YOU,Bobbi Martin,Coral,7,24,
1965,2,25,27,DEAR HEART,Andy Williams,Columbia,7,25,
1965,2,26,28,TOO MANY FISH IN THE SEA,The Marvelettes,Tamla,10,26,
1965,2,27,21,I’M INTO SOMETHING GOOD,Herman’s Hermits,MGM,13,13,
1965,2,28,40,HOLD WHAT YOU’VE GOT,Joe Tex,Dial,4,28,
1965,2,29,41,I’LL BE THERE,Gerry and the Pacemakers,Laurie,5,29,
1965,2,30,33,DEAR HEART,Jack Jones,Kapp,7,30,
1965,2,31,39,DO-WACKA-DO,Roger Miller,Smash,7,31,
1965,2,32,34,ONE MORE TIME,The Ray Charles Singers,Command,9,32,
1965,2,33,22,"DANCE, DANCE, DANCE",The Beach Boys,Capitol,10,8,
1965,2,34,38,WILD ONE,Martha and the Vandellas,Gordy,6,34,
1965,2,35,49,HAWAII TATTOO,The Waikikis,Kapp Winner’s Circle,6,35,
1965,2,36,47,YOU’RE NOBODY TILL SOMEBODY LOVES YOU,Dean Martin,Reprise,5,36,
1965,2,37,24,OH NO NOT MY BABY,Maxine Brown,Wand,12,24,
1965,2,38,50,THE NAME GAME,Shirley Ellis,Congress,5,38,
1965,2,39,30,SATURDAY NIGHT AT THE MOVIES,The Drifters,Atlantic,9,18,
1965,2,40,29,MOUNTAIN OF LOVE,Johnny Rivers,Imperial,11,9,
1965,2,46,35,SHE UNDERSTANDS ME,Johnny Tillotson,MGM,11,31,
1965,2,48,32,I’M GONNA BE STRONG,Gene Pitney,Musicor,12,9,
1965,2,49,20,TIME IS ON MY SIDE,The Rolling Stones,London,13,6,
1965,2,41,45,PROMISED LAND,Chuck Berry,Chess,5,41,
1965,2,43,48,BOOM BOOM,The Animals,MGM,6,43,
1965,2,44,54,ALL DAY AND ALL OF THE NIGHT,The Kinks,Reprise,3,44,
1965,2,45,46,WHAT NOW,Gene Chandler,Constellation,6,45,
1965,2,47,43,ROSES ARE RED MY LOVE,The “You Know Who” Group!,4 Corners,7,43,
1965,2,50,62,LET’S LOCK THE DOOR (And Throw Away the Key),Jay and the Americans,United Artists,3,50,
1965,3,1,2,COME SEE ABOUT ME,The Supremes,Motown,10,1,2 weeks at #1
1965,3,2,1,I FEEL FINE,The Beatles,Capitol,7,1,
1965,3,3,4,LOVE POTION NUMBER NINE,The Searchers,Kapp Winner’s Circle,8,3,
1965,3,4,5,DOWNTOWN,Petula Clark,Warner Brothers,5,4,
1965,3,5,9,YOU’VE LOST THAT LOVIN’ FEELIN’,The Righteous Brothers,Philles,6,5,
1965,3,6,3,MR. LONELY,Bobby Vinton,Epic,12,1,
1965,3,7,8,THE JERK,The Larks,Money,10,7,
1965,3,8,6,GOIN’ OUT OF MY HEAD,Little Anthony and the Imperials,DCP,11,6,
1965,3,9,15,HOW SWEET IT IS TO BE LOVED BY YOU,Marvin Gaye,Tamla,9,9,
1965,3,10,13,KEEP SEARCHIN’ (We’ll Follow the Sun),Del Shannon,Amy,9,10,
1965,3,11,7,AMEN,The Impressions,ABC-Paramount,9,7,
1965,3,12,11,SHE’S A WOMAN,The Beatles,Capitol,7,4,
1965,3,13,21,THOU SHALT NOT STEAL,Dick and DeeDee,Warner Brothers,9,13,
1965,3,14,12,SHA LA LA,Manfred Mann,Ascot,10,12,
1965,3,15,28,HOLD WHAT YOU’VE GOT,Joe Tex,Dial,5,15,
1965,3,16,10,THE WEDDING,Julie Rogers,Mercury,9,10,
1965,3,17,17,WILLOW WEEP FOR ME,Chad and Jeremy,World Artists,10,17,
1965,3,18,14,ANY WAY YOU WANT IT,The Dave Clark Five,Epic,10,14,
1965,3,19,24,DON’T FORGET I STILL LOVE YOU,Bobbi Martin,Coral,8,19,
1965,3,20,38,THE NAME GAME,Shirley Ellis,Congress,6,20,
1965,3,21,19,LEADER OF THE LAUNDROMAT,The Detergents,Roulette,7,19,
1965,3,22,18,"MY LOVE, FORGIVE ME (Amore, Scusami)",Robert Goulet,Columbia,13,18,
1965,3,23,16,SHE’S NOT THERE,The Zombies,Parrot,14,2,
1965,3,24,22,AS TEARS GO BY,Marianne Faithfull,London,8,22,
1965,3,25,26,TOO MANY FISH IN THE SEA,The Marvelettes,Tamla,11,25,
1965,3,26,29,I’LL BE THERE,Gerry and the Pacemakers,Laurie,6,26,
1965,3,27,25,DEAR HEART,Andy Williams,Columbia,8,25,
1965,3,28,23,WALK AWAY,Matt Monro,Liberty,8,23,
1965,3,29,44,ALL DAY AND ALL OF THE NIGHT,The Kinks,Reprise,4,29,
1965,3,30,42,GIVE HIM A GREAT BIG KISS,The Shangri-Las,Red Bird,4,30,
1965,3,31,36,YOU’RE NOBODY TILL SOMEBODY LOVES YOU,Dean Martin,Reprise,6,31,
1965,3,32,30,DEAR HEART,Jack Jones,Kapp,8,30,
1965,3,33,35,HAWAII TATTOO,The Waikikis,Kapp Winner’s Circle,7,33,
1965,3,34,50,LET’S LOCK THE DOOR (And Throw Away the Key),Jay and the Americans,United Artists,4,34,
1965,3,35,31,DO-WACKA-DO,Roger Miller,Smash,8,31,
1965,3,36,73,SHAKE,Sam Cooke,RCA Victor,2,36,
1965,3,37,34,WILD ONE,Martha and the Vandellas,Gordy,7,34,
1965,3,38,32,ONE MORE TIME,The Ray Charles Singers,Command,10,32,
1965,3,39,37,OH NO NOT MY BABY,Maxine Brown,Wand,13,24,
1965,3,40,45,WHAT NOW,Gene Chandler,Constellation,7,40,
1965,3,41,33,"DANCE, DANCE, DANCE",The Beach Boys,Capitol,11,8,
1965,3,42,20,RINGO,Lorne Greene,RCA Victor,12,1,
1965,3,43,55,HAVE YOU LOOKED INTO YOUR HEART,Jerry Vale,Columbia,5,43,
1965,3,44,41,PROMISED LAND,Chuck Berry,Chess,6,41,
1965,3,45,52,SEVEN LETTERS,Ben E. King,Atco,5,45,
1965,3,46,58,MAKIN’ WHOOPEE,Ray Charles,ABC-Paramount,6,46,
1965,3,48,71,USE YOUR HEAD,Mary Wells,20th Century,3,48,
1965,3,49,47,ROSES ARE RED MY LOVE,The “You Know Who” Group!,4 Corners,8,43,
1965,3,50,79,THE “IN” CROWD,Dobie Gray,Charger,2,50,
1965,4,1,4,DOWNTOWN,Petula Clark,Warner Brothers,6,1,1 week at #1
1965,4,2,5,YOU’VE LOST THAT LOVIN’ FEELIN’,The Righteous Brothers,Philles,7,2,
1965,4,3,3,LOVE POTION NUMBER NINE,The Searchers,Kapp Winner’s Circle,9,3,
1965,4,4,2,I FEEL FINE,The Beatles,Capitol,8,1,
1965,4,5,1,COME SEE ABOUT ME,The Supremes,Motown,11,1,
1965,4,6,20,THE NAME GAME,Shirley Ellis,Congress,7,6,
1965,4,7,6,MR. LONELY,Bobby Vinton,Epic,13,1,
1965,4,8,7,THE JERK,The Larks,Money,11,7,
1965,4,9,9,HOW SWEET IT IS TO BE LOVED BY YOU,Marvin Gaye,Tamla,10,9,
1965,4,10,10,KEEP SEARCHIN’ (We’ll Follow the Sun),Del Shannon,Amy,10,10,
1965,4,11,15,HOLD WHAT YOU’VE GOT,Joe Tex,Dial,6,11,
1965,4,12,8,GOIN’ OUT OF MY HEAD,Little Anthony and the Imperials,DCP,12,6,
1965,4,13,13,THOU SHALT NOT STEAL,Dick and DeeDee,Warner Brothers,10,13,
1965,4,14,12,SHE’S A WOMAN,The Beatles,Capitol,8,4,
1965,4,15,17,WILLOW WEEP FOR ME,Chad and Jeremy,World Artists,11,15,
1965,4,16,26,I’LL BE THERE,Gerry and the Pacemakers,Laurie,7,16,
1965,4,17,11,AMEN,The Impressions,ABC-Paramount,10,7,
1965,4,18,34,LET’S LOCK THE DOOR (And Throw Away the Key),Jay and the Americans,United Artists,5,18,
1965,4,19,29,ALL DAY AND ALL OF THE NIGHT,The Kinks,Reprise,5,19,
1965,4,20,18,ANY WAY YOU WANT IT,The Dave Clark Five,Epic,11,14,
1965,4,21,14,SHA LA LA,Manfred Mann,Ascot,11,12,
1965,4,22,19,DON’T FORGET I STILL LOVE YOU,Bobbi Martin,Coral,9,19,
1965,4,23,30,GIVE HIM A GREAT BIG KISS,The Shangri-Las,Red Bird,5,23,
1965,4,24,27,DEAR HEART,Andy Williams,Columbia,9,24,
1965,4,25,16,THE WEDDING,Julie Rogers,Mercury,10,10,
1965,4,26,31,YOU’RE NOBODY TILL SOMEBODY LOVES YOU,Dean Martin,Reprise,7,26,
1965,4,27,36,SHAKE,Sam Cooke,RCA Victor,3,27,
1965,4,28,22,"MY LOVE, FORGIVE ME (Amore, Scusami)",Robert Goulet,Columbia,14,16,
1965,4,29,25,TOO MANY FISH IN THE SEA,The Marvelettes,Tamla,12,25,
1965,4,30,23,SHE’S NOT THERE,The Zombies,Parrot,15,2,
1965,4,31,32,DEAR HEART,Jack Jones,Kapp,9,30,
1965,4,32,28,WALK AWAY,Matt Monro,Liberty,9,23,
1965,4,33,62,I GO TO PIECES,Peter and Gordon,Capitol,3,33,
1965,4,34,65,THIS DIAMOND RING,Gary Lewis and the Playboys,Liberty,2,34,
1965,4,35,33,HAWAII TATTOO,The Waikikis,Kapp Winner’s Circle,8,33,
1965,4,36,47,LOOK OF LOVE,Lesley Gore,Mercury,5,36,
1965,4,37,24,AS TEARS GO BY,Marianne Faithfull,London,9,22,
1965,4,38,50,THE “IN” CROWD,Dobie Gray,Charger,3,38,
1965,4,39,43,HAVE YOU LOOKED INTO YOUR HEART,Jerry Vale,Columbia,6,39,
1965,4,40,21,LEADER OF THE LAUNDROMAT,The Detergents,Roulette,8,19,
1965,4,51,40,WHAT NOW,Gene Chandler,Constellation,8,40,
1965,4,41,76,MY GIRL,The Temptations,Gordy,2,41,
1965,4,42,66,TELL HER NO,The Zombies,Parrot,3,42,
1965,4,43,68,"LAUGH, LAUGH",The Beau Brummels,Autumn,4,43,
1965,4,44,48,USE YOUR HEAD,Mary Wells,20th Century,4,44,
1965,4,45,55,NO ARMS CAN EVER HOLD YOU,The Bachelors,London,5,45,
1965,4,46,52,SOMEWHERE IN YOUR HEART,Frank Sinatra,Reprise,6,46,
1965,4,47,58,HEART OF STONE,The Rolling Stones,London,3,47,
1965,4,48,51,I CAN’T STOP,The Honeycombs,Interphon,6,48,
1965,4,49,44,PROMISED LAND,Chuck Berry,Chess,7,41,
1965,4,50,74,THE JOLLY GREEN GIANT,The Kingsmen,Wand,3,50,
1965,5,1,1,DOWNTOWN,Petula Clark,Warner Brothers,7,1,2 weeks at #1
1965,5,2,2,YOU’VE LOST THAT LOVIN’ FEELIN’,The Righteous Brothers,Philles,8,2,
1965,5,3,6,THE NAME GAME,Shirley Ellis,Congress,8,3,
1965,5,4,3,LOVE POTION NUMBER NINE,The Searchers,Kapp Winner’s Circle,10,3,
1965,5,5,11,HOLD WHAT YOU’VE GOT,Joe Tex,Dial,7,5,
1965,5,6,9,HOW SWEET IT IS TO BE LOVED BY YOU,Marvin Gaye,Tamla,11,6,
1965,5,7,34,THIS DIAMOND RING,Gary Lewis and the Playboys,Liberty,3,7,
1965,5,8,5,COME SEE ABOUT ME,The Supremes,Motown,12,1,
1965,5,9,10,KEEP SEARCHIN’ (We’ll Follow the Sun),Del Shannon,Amy,11,9,
1965,5,10,19,ALL DAY AND ALL OF THE NIGHT,The Kinks,Reprise,6,10,
1965,5,11,4,I FEEL FINE,The Beatles,Capitol,9,1,
1965,5,12,41,MY GIRL,The Temptations,Gordy,3,12,
1965,5,13,18,LET’S LOCK THE DOOR (And Throw Away the Key),Jay and the Americans,United Artists,6,13,
1965,5,14,16,I’LL BE THERE,Gerry and the Pacemakers,Laurie,8,14,
1965,5,15,27,SHAKE,Sam Cooke,RCA Victor,4,15,
1965,5,16,8,THE JERK,The Larks,Money,12,7,
1965,5,17,12,GOIN’ OUT OF MY HEAD,Little Anthony and the Imperials,DCP,13,6,
1965,5,18,23,GIVE HIM A GREAT BIG KISS,The Shangri-Las,Red Bird,6,18,
1965,5,19,7,MR. LONELY,Bobby Vinton,Epic,14,1,
1965,5,20,13,THOU SHALT NOT STEAL,Dick and DeeDee,Warner Brothers,11,13,
1965,5,21,33,I GO TO PIECES,Peter and Gordon,Capitol,4,21,
1965,5,22,50,THE JOLLY GREEN GIANT,The Kingsmen,Wand,4,22,
1965,5,23,38,THE “IN” CROWD,Dobie Gray,Charger,4,23,
1965,5,24,42,TELL HER NO,The Zombies,Parrot,4,24,
1965,5,25,26,YOU’RE NOBODY TILL SOMEBODY LOVES YOU,Dean Martin,Reprise,8,25,
1965,5,26,47,HEART OF STONE,The Rolling Stones,London,4,26,
1965,5,27,22,DON’T FORGET I STILL LOVE YOU,Bobbi Martin,Coral,10,19,
1965,5,28,39,HAVE YOU LOOKED INTO YOUR HEART,Jerry Vale,Columbia,7,28,
1965,5,29,61,"BYE, BYE, BABY (Baby Goodbye)",The Four Seasons,Philips,3,29,
1965,5,30,36,LOOK OF LOVE,Lesley Gore,Mercury,6,30,
1965,5,31,58,TWINE TIME,Alvin Cash and the Crawlers,Mar-V-Lus,5,31,
1965,5,32,43,"LAUGH, LAUGH",The Beau Brummels,Autumn,5,32,
1965,5,33,45,NO ARMS CAN EVER HOLD YOU,The Bachelors,London,6,33,
1965,5,34,44,USE YOUR HEAD,Mary Wells,20th Century,5,34,
1965,5,35,15,WILLOW WEEP FOR ME,Chad and Jeremy,World Artists,12,15,
1965,5,36,46,SOMEWHERE IN YOUR HEART,Frank Sinatra,Reprise,7,36,
1965,5,37,14,SHE’S A WOMAN,The Beatles,Capitol,9,4,
1965,5,38,24,DEAR HEART,Andy Williams,Columbia,10,24,
1965,5,39,25,THE WEDDING,Julie Rogers,Mercury,11,10,
1965,5,40,20,ANY WAY YOU WANT IT,The Dave Clark Five,Epic,12,14,
1965,5,41,28,"MY LOVE, FORGIVE ME (Amore, Scusami)",Robert Goulet,Columbia,15,16,
1965,5,42,31,DEAR HEART,Jack Jones,Kapp,10,30,
1965,5,43,17,AMEN,The Impressions,ABC-Paramount,11,7,
1965,5,49,21,SHA LA LA,Manfred Mann,Ascot,12,12,
1965,5,51,35,HAWAII TATTOO,The Waikikis,Kapp Winner’s Circle,9,33,
1965,5,44,66,THE BOY FROM NEW YORK CITY,The Ad Libs,Blue Cat,3,44,
1965,5,45,56,PAPER TIGER,Sue Thompson,Hickory,5,45,
1965,5,46,75,LEMON TREE,Trini Lopez,Reprise,2,46,
1965,5,47,55,CAN YOU JERK LIKE ME,The Contours,Gordy,7,47,
1965,5,48,48,I CAN’T STOP,The Honeycombs,Interphon,7,48,
1965,5,50,57,COME ON DO THE JERK,The Miracles,Tamla,8,50,
1965,6,1,2,YOU’VE LOST THAT LOVIN’ FEELIN’,The Righteous Brothers,Philles,9,1,1 week at #1
1965,6,2,1,DOWNTOWN,Petula Clark,Warner Brothers,8,1,
1965,6,3,3,THE NAME GAME,Shirley Ellis,Congress,9,3,
1965,6,4,7,THIS DIAMOND RING,Gary Lewis and the Playboys,Liberty,4,4,
1965,6,5,5,HOLD WHAT YOU’VE GOT,Joe Tex,Dial,8,5,
1965,6,6,4,LOVE POTION NUMBER NINE,The Searchers,Kapp Winner’s Circle,11,3,
1965,6,7,10,ALL DAY AND ALL OF THE NIGHT,The Kinks,Reprise,7,7,
1965,6,8,12,MY GIRL,The Temptations,Gordy,4,8,
1965,6,9,6,HOW SWEET IT IS TO BE LOVED BY YOU,Marvin Gaye,Tamla,12,6,
1965,6,10,15,SHAKE,Sam Cooke,RCA Victor,5,10,
1965,6,11,13,LET’S LOCK THE DOOR (And Throw Away the Key),Jay and the Americans,United Artists,7,11,
1965,6,12,8,COME SEE ABOUT ME,The Supremes,Motown,13,1,
1965,6,13,9,KEEP SEARCHIN’ (We’ll Follow the Sun),Del Shannon,Amy,12,9,
1965,6,14,22,THE JOLLY GREEN GIANT,The Kingsmen,Wand,5,14,
1965,6,15,29,"BYE, BYE, BABY (Baby Goodbye)",The Four Seasons,Philips,4,15,
1965,6,16,21,I GO TO PIECES,Peter and Gordon,Capitol,5,16,
1965,6,17,23,THE “IN” CROWD,Dobie Gray,Charger,5,17,
1965,6,18,18,GIVE HIM A GREAT BIG KISS,The Shangri-Las,Red Bird,7,18,
1965,6,19,24,TELL HER NO,The Zombies,Parrot,5,19,
1965,6,20,31,TWINE TIME,Alvin Cash and the Crawlers,Mar-V-Lus,6,20,
1965,6,21,14,I’LL BE THERE,Gerry and the Pacemakers,Laurie,9,14,
1965,6,22,11,I FEEL FINE,The Beatles,Capitol,10,1,
1965,6,23,26,HEART OF STONE,The Rolling Stones,London,5,23,
1965,6,24,28,HAVE YOU LOOKED INTO YOUR HEART,Jerry Vale,Columbia,8,24,
1965,6,25,32,"LAUGH, LAUGH",The Beau Brummels,Autumn,6,25,
1965,6,26,20,THOU SHALT NOT STEAL,Dick and DeeDee,Warner Brothers,12,13,
1965,6,27,27,DON’T FORGET I STILL LOVE YOU,Bobbi Martin,Coral,11,19,
1965,6,28,30,LOOK OF LOVE,Lesley Gore,Mercury,7,28,
1965,6,29,44,THE BOY FROM NEW YORK CITY,The Ad Libs,Blue Cat,4,29,
1965,6,30,33,NO ARMS CAN EVER HOLD YOU,The Bachelors,London,7,30,
1965,6,31,17,GOIN’ OUT OF MY HEAD,Little Anthony and the Imperials,DCP,14,6,
1965,6,32,36,SOMEWHERE IN YOUR HEART,Frank Sinatra,Reprise,8,32,
1965,6,33,16,THE JERK,The Larks,Money,13,7,
1965,6,34,25,YOU’RE NOBODY TILL SOMEBODY LOVES YOU,Dean Martin,Reprise,9,25,
1965,6,35,19,MR. LONELY,Bobby Vinton,Epic,15,1,
1965,6,36,46,LEMON TREE,Trini Lopez,Reprise,3,36,
1965,6,37,45,PAPER TIGER,Sue Thompson,Hickory,6,37,
1965,6,38,34,USE YOUR HEAD,Mary Wells,20th Century,6,34,
1965,6,39,63,KING OF THE ROAD,Roger Miller,Smash,2,39,
1965,6,40,68,THE BIRDS AND THE BEES,Jewel Akens,Era,3,40,
1965,6,41,38,DEAR HEART,Andy Williams,Columbia,11,24,
1965,6,43,35,WILLOW WEEP FOR ME,Chad and Jeremy,World Artists,13,15,
1965,6,42,60,FOR LOVIN’ ME,"Peter, Paul and Mary",Warner Brothers,3,42,
1965,6,44,42,DEAR HEART,Jack Jones,Kapp,11,30,
1965,6,45,64,RED ROSES FOR A BLUE LADY,Bert Kaempfert and His Orchestra,Decca,3,45,
1965,6,46,70,A CHANGE IS GONNA COME,Sam Cooke,RCA Victor,2,46,
1965,6,47,75,I’VE GOT A TIGER BY THE TAIL,Buck Owens,Capitol,3,47,
1965,6,48,72,AT THE CLUB,The Drifters,Atlantic,2,48,
1965,6,49,61,FANCY PANTS,Al Hirt,RCA Victor,4,49,
1965,6,50,58,ODE TO THE LITTLE BROWN SHACK OUT BACK,Billy Edd Wheeler,Kapp,6,50,
1965,7,1,1,YOU’VE LOST THAT LOVIN’ FEELIN’,The Righteous Brothers,Philles,10,1,2 weeks at #1
1965,7,2,2,DOWNTOWN,Petula Clark,Warner Brothers,9,1,
1965,7,3,4,THIS DIAMOND RING,Gary Lewis and the Playboys,Liberty,5,3,
1965,7,4,3,THE NAME GAME,Shirley Ellis,Congress,10,3,
1965,7,5,8,MY GIRL,The Temptations,Gordy,5,5,
1965,7,6,5,HOLD WHAT YOU’VE GOT,Joe Tex,Dial,9,5,
1965,7,7,7,ALL DAY AND ALL OF THE NIGHT,The Kinks,Reprise,8,7,
1965,7,8,10,SHAKE,Sam Cooke,RCA Victor,6,8,
1965,7,9,14,THE JOLLY GREEN GIANT,The Kingsmen,Wand,6,9,
1965,7,10,16,I GO TO PIECES,Peter and Gordon,Capitol,6,10,
1965,7,11,11,LET’S LOCK THE DOOR (And Throw Away the Key),Jay and the Americans,United Artists,8,11,
1965,7,12,15,"BYE, BYE, BABY (Baby Goodbye)",The Four Seasons,Philips,5,12,
1965,7,13,6,LOVE POTION NUMBER NINE,The Searchers,Kapp Winner’s Circle,12,3,
1965,7,14,17,THE “IN” CROWD,Dobie Gray,Charger,6,14,
1965,7,15,29,THE BOY FROM NEW YORK CITY,The Ad Libs,Blue Cat,5,15,
1965,7,16,19,TELL HER NO,The Zombies,Parrot,6,16,
1965,7,17,20,TWINE TIME,Alvin Cash and the Crawlers,Mar-V-Lus,7,17,
1965,7,18,9,HOW SWEET IT IS TO BE LOVED BY YOU,Marvin Gaye,Tamla,13,6,
1965,7,19,13,KEEP SEARCHIN’ (We’ll Follow the Sun),Del Shannon,Amy,13,9,
1965,7,20,25,"LAUGH, LAUGH",The Beau Brummels,Autumn,7,20,
1965,7,21,23,HEART OF STONE,The Rolling Stones,London,6,21,
1965,7,22,39,KING OF THE ROAD,Roger Miller,Smash,3,22,
1965,7,23,12,COME SEE ABOUT ME,The Supremes,Motown,14,1,
1965,7,24,36,LEMON TREE,Trini Lopez,Reprise,4,24,
1965,7,25,18,GIVE HIM A GREAT BIG KISS,The Shangri-Las,Red Bird,8,18,
1965,7,26,37,PAPER TIGER,Sue Thompson,Hickory,7,26,
1965,7,27,28,LOOK OF LOVE,Lesley Gore,Mercury,8,27,
1965,7,28,24,HAVE YOU LOOKED INTO YOUR HEART,Jerry Vale,Columbia,9,24,
1965,7,29,30,NO ARMS CAN EVER HOLD YOU,The Bachelors,London,8,29,
1965,7,30,40,THE BIRDS AND THE BEES,Jewel Akens,Era,4,30,
1965,7,31,45,RED ROSES FOR A BLUE LADY,Bert Kaempfert and His Orchestra,Decca,4,31,
1965,7,32,42,FOR LOVIN’ ME,"Peter, Paul and Mary",Warner Brothers,4,32,
1965,7,33,26,THOU SHALT NOT STEAL,Dick and DeeDee,Warner Brothers,13,13,
1965,7,34,32,SOMEWHERE IN YOUR HEART,Frank Sinatra,Reprise,9,32,
1965,7,35,47,I’VE GOT A TIGER BY THE TAIL,Buck Owens,Capitol,4,35,
1965,7,36,46,A CHANGE IS GONNA COME,Sam Cooke,RCA Victor,3,36,
1965,7,37,27,DON’T FORGET I STILL LOVE YOU,Bobbi Martin,Coral,12,19,
1965,7,38,63,HURT SO BAD,Little Anthony and the Imperials,DCP,2,38,
1965,7,39,61,FERRY CROSS THE MERSEY,Gerry and the Pacemakers,Laurie,2,39,
1965,7,40,22,I FEEL FINE,The Beatles,Capitol,11,1,
1965,7,45,21,I’LL BE THERE,Gerry and the Pacemakers,Laurie,10,14,
1965,7,41,58,LITTLE THINGS,Bobby Goldsboro,United Artists,4,41,
1965,7,42,65,IT’S ALRIGHT,Adam Faith with the Roulettes,Amy,5,42,
1965,7,43,48,AT THE CLUB,The Drifters,Atlantic,3,43,
1965,7,44,55,BREAK AWAY (From That Boy),The Newbeats,Hickory,4,44,
1965,7,46,57,WHAT HAVE THEY DONE TO THE RAIN,The Searchers,Kapp,3,46,
1965,7,47,49,FANCY PANTS,Al Hirt,RCA Victor,5,47,
1965,7,48,59,CAN’T YOU HEAR MY HEARTBEAT,Herman’s Hermits,MGM,3,48,
1965,7,49,60,WHOSE HEART ARE YOU BREAKING TONIGHT,Connie Francis,MGM,4,49,
1965,7,50,54,THANKS A LOT,Brenda Lee,Decca,5,50,
1965,8,1,3,THIS DIAMOND RING,Gary Lewis and the Playboys,Liberty,6,1,1 week at #1
1965,8,2,1,YOU’VE LOST THAT LOVIN’ FEELIN’,The Righteous Brothers,Philles,11,1,
1965,8,3,2,DOWNTOWN,Petula Clark,Warner Brothers,10,1,
1965,8,4,5,MY GIRL,The Temptations,Gordy,6,4,
1965,8,5,4,THE NAME GAME,Shirley Ellis,Congress,11,3,
1965,8,6,9,THE JOLLY GREEN GIANT,The Kingsmen,Wand,7,6,
1965,8,7,7,ALL DAY AND ALL OF THE NIGHT,The Kinks,Reprise,9,7,
1965,8,8,8,SHAKE,Sam Cooke,RCA Victor,7,8,
1965,8,9,10,I GO TO PIECES,Peter and Gordon,Capitol,7,9,
1965,8,10,15,THE BOY FROM NEW YORK CITY,The Ad Libs,Blue Cat,6,10,
1965,8,11,16,TELL HER NO,The Zombies,Parrot,7,11,
1965,8,12,12,"BYE, BYE, BABY (Baby Goodbye)",The Four Seasons,Philips,6,12,
1965,8,13,14,THE “IN” CROWD,Dobie Gray,Charger,7,13,
1965,8,14,17,TWINE TIME,Alvin Cash and the Crawlers,Mar-V-Lus,8,14,
1965,8,15,20,"LAUGH, LAUGH",The Beau Brummels,Autumn,8,15,
1965,8,16,11,LET’S LOCK THE DOOR (And Throw Away the Key),Jay and the Americans,United Artists,9,11,
1965,8,17,22,KING OF THE ROAD,Roger Miller,Smash,4,17,
1965,8,18,6,HOLD WHAT YOU’VE GOT,Joe Tex,Dial,10,5,
1965,8,19,21,HEART OF STONE,The Rolling Stones,London,7,19,
1965,8,20,24,LEMON TREE,Trini Lopez,Reprise,5,20,
1965,8,21,39,FERRY CROSS THE MERSEY,Gerry and the Pacemakers,Laurie,3,21,
1965,8,22,38,HURT SO BAD,Little Anthony and the Imperials,DCP,3,22,
1965,8,23,26,PAPER TIGER,Sue Thompson,Hickory,8,23,
1965,8,24,13,LOVE POTION NUMBER NINE,The Searchers,Kapp Winner’s Circle,13,3,
1965,8,25,30,THE BIRDS AND THE BEES,Jewel Akens,Era,5,25,
1965,8,26,31,RED ROSES FOR A BLUE LADY,Bert Kaempfert and His Orchestra,Decca,5,26,
1965,8,27,29,NO ARMS CAN EVER HOLD YOU,The Bachelors,London,9,27,
1965,8,28,35,I’VE GOT A TIGER BY THE TAIL,Buck Owens,Capitol,5,28,
1965,8,29,19,KEEP SEARCHIN’ (We’ll Follow the Sun),Del Shannon,Amy,14,9,
1965,8,30,32,FOR LOVIN’ ME,"Peter, Paul and Mary",Warner Brothers,5,30,
1965,8,31,41,LITTLE THINGS,Bobby Goldsboro,United Artists,5,31,
1965,8,32,46,WHAT HAVE THEY DONE TO THE RAIN,The Searchers,Kapp,4,32,
1965,8,33,36,A CHANGE IS GONNA COME,Sam Cooke,RCA Victor,4,33,
1965,8,34,61,GOODNIGHT,Roy Orbison,Monument,2,34,
1965,8,35,42,IT’S ALRIGHT,Adam Faith with the Roulettes,Amy,6,35,
1965,8,36,18,HOW SWEET IT IS TO BE LOVED BY YOU,Marvin Gaye,Tamla,14,6,
1965,8,37,27,LOOK OF LOVE,Lesley Gore,Mercury,9,27,
1965,8,38,48,CAN’T YOU HEAR MY HEARTBEAT,Herman’s Hermits,MGM,4,38,
1965,8,39,53,ASK THE LONELY,The Four Tops,Motown,3,39,
1965,8,40,44,BREAK AWAY (From That Boy),The Newbeats,Hickory,5,40,
1965,8,41,25,GIVE HIM A GREAT BIG KISS,The Shangri-Las,Red Bird,9,18,
1965,8,42,28,HAVE YOU LOOKED INTO YOUR HEART,Jerry Vale,Columbia,10,24,
1965,8,51,34,SOMEWHERE IN YOUR HEART,Frank Sinatra,Reprise,10,32,
1965,8,43,49,WHOSE HEART ARE YOU BREAKING TONIGHT,Connie Francis,MGM,5,43,
1965,8,44,64,GOLDFINGER,Shirley Bassey,United Artists,4,44,
1965,8,45,50,THANKS A LOT,Brenda Lee,Decca,6,45,
1965,8,46,56,MIDNIGHT SPECIAL,Johnny Rivers,Imperial,3,46,
1965,8,47,47,FANCY PANTS,Al Hirt,RCA Victor,6,47,
1965,8,48,58,COME HOME,The Dave Clark Five,Epic,3,48,
1965,8,49,59,NEW YORK’S A LONELY TOWN,The Trade Winds,Red Bird,3,49,
1965,8,50,43,AT THE CLUB,The Drifters,Atlantic,4,43,
1965,9,1,1,THIS DIAMOND RING,Gary Lewis and the Playboys,Liberty,7,1,2 weeks at #1
1965,9,2,2,YOU’VE LOST THAT LOVIN’ FEELIN’,The Righteous Brothers,Philles,12,1,
1965,9,3,4,MY GIRL,The Temptations,Gordy,7,3,
1965,9,4,3,DOWNTOWN,Petula Clark,Warner Brothers,11,1,
1965,9,5,6,THE JOLLY GREEN GIANT,The Kingsmen,Wand,8,5,
1965,9,6,11,TELL HER NO,The Zombies,Parrot,8,6,
1965,9,7,8,SHAKE,Sam Cooke,RCA Victor,8,7,
1965,9,8,10,THE BOY FROM NEW YORK CITY,The Ad Libs,Blue Cat,7,8,
1965,9,9,9,I GO TO PIECES,Peter and Gordon,Capitol,8,9,
1965,9,10,17,KING OF THE ROAD,Roger Miller,Smash,5,10,
1965,9,11,5,THE NAME GAME,Shirley Ellis,Congress,12,3,
1965,9,12,21,FERRY CROSS THE MERSEY,Gerry and the Pacemakers,Laurie,4,12,
1965,9,13,25,THE BIRDS AND THE BEES,Jewel Akens,Era,6,13,
1965,9,14,14,TWINE TIME,Alvin Cash and the Crawlers,Mar-V-Lus,9,14,
1965,9,15,15,"LAUGH, LAUGH",The Beau Brummels,Autumn,9,15,
1965,9,16,7,ALL DAY AND ALL OF THE NIGHT,The Kinks,Reprise,10,7,
1965,9,17,22,HURT SO BAD,Little Anthony and the Imperials,DCP,4,17,
1965,9,18,26,RED ROSES FOR A BLUE LADY,Bert Kaempfert and His Orchestra,Decca,6,18,
1965,9,19,53,EIGHT DAYS A WEEK,The Beatles,Capitol,2,19,
1965,9,20,20,LEMON TREE,Trini Lopez,Reprise,6,20,
1965,9,21,12,"BYE, BYE, BABY (Baby Goodbye)",The Four Seasons,Philips,7,12,
1965,9,22,13,THE “IN” CROWD,Dobie Gray,Charger,8,13,
1965,9,23,44,GOLDFINGER,Shirley Bassey,United Artists,5,23,
1965,9,24,19,HEART OF STONE,The Rolling Stones,London,8,19,
1965,9,25,28,I’VE GOT A TIGER BY THE TAIL,Buck Owens,Capitol,6,25,
1965,9,26,31,LITTLE THINGS,Bobby Goldsboro,United Artists,6,26,
1965,9,27,38,CAN’T YOU HEAR MY HEARTBEAT,Herman’s Hermits,MGM,5,27,
1965,9,28,34,GOODNIGHT,Roy Orbison,Monument,3,28,
1965,9,29,32,WHAT HAVE THEY DONE TO THE RAIN,The Searchers,Kapp,5,29,
1965,9,30,30,FOR LOVIN’ ME,"Peter, Paul and Mary",Warner Brothers,6,30,
1965,9,31,35,IT’S ALRIGHT,Adam Faith with the Roulettes,Amy,7,31,
1965,9,32,39,ASK THE LONELY,The Four Tops,Motown,4,32,
1965,9,33,33,A CHANGE IS GONNA COME,Sam Cooke,RCA Victor,5,33,
1965,9,34,23,PAPER TIGER,Sue Thompson,Hickory,9,23,
1965,9,35,16,LET’S LOCK THE DOOR (And Throw Away the Key),Jay and the Americans,United Artists,10,11,
1965,9,36,24,LOVE POTION NUMBER NINE,The Searchers,Kapp Winner’s Circle,14,3,
1965,9,37,48,COME HOME,The Dave Clark Five,Epic,4,37,
1965,9,38,49,NEW YORK’S A LONELY TOWN,The Trade Winds,Red Bird,4,38,
1965,9,39,46,MIDNIGHT SPECIAL,Johnny Rivers,Imperial,4,39,
1965,9,40,54,"YEH, YEH",Georgie Fame and the Blue Flames,Imperial,3,40,
1965,9,42,27,NO ARMS CAN EVER HOLD YOU,The Bachelors,London,10,27,
1965,9,44,18,HOLD WHAT YOU’VE GOT,Joe Tex,Dial,11,5,
1965,9,50,40,BREAK AWAY (From That Boy),The Newbeats,Hickory,6,40,
1965,9,41,80,STOP! IN THE NAME OF LOVE,The Supremes,Motown,2,41,
1965,9,43,43,WHOSE HEART ARE YOU BREAKING TONIGHT,Connie Francis,MGM,6,43,
1965,9,45,64,SHOTGUN,Jr. Walker and the All Stars,Soul,3,45,
1965,9,46,57,RED ROSES FOR A BLUE LADY,Vic Dana,Dolton,4,46,
1965,9,47,67,PEOPLE GET READY,The Impressions,ABC-Paramount,3,47,
1965,9,48,50,AT THE CLUB,The Drifters,Atlantic,5,43,
1965,9,49,60,DON’T LET ME BE MISUNDERSTOOD,The Animals,MGM,4,49,
1965,10,1,3,MY GIRL,The Temptations,Gordy,8,1,1 week at #1
1965,10,2,1,THIS DIAMOND RING,Gary Lewis and the Playboys,Liberty,8,1,
1965,10,3,2,YOU’VE LOST THAT LOVIN’ FEELIN’,The Righteous Brothers,Philles,13,1,
1965,10,4,5,THE JOLLY GREEN GIANT,The Kingsmen,Wand,9,4,
1965,10,5,19,EIGHT DAYS A WEEK,The Beatles,Capitol,3,5,
1965,10,6,6,TELL HER NO,The Zombies,Parrot,9,6,
1965,10,7,10,KING OF THE ROAD,Roger Miller,Smash,6,7,
1965,10,8,13,THE BIRDS AND THE BEES,Jewel Akens,Era,7,8,
1965,10,9,12,FERRY CROSS THE MERSEY,Gerry and the Pacemakers,Laurie,5,9,
1965,10,10,4,DOWNTOWN,Petula Clark,Warner Brothers,12,1,
1965,10,11,8,THE BOY FROM NEW YORK CITY,The Ad Libs,Blue Cat,8,8,
1965,10,12,17,HURT SO BAD,Little Anthony and the Imperials,DCP,5,12,
1965,10,13,41,STOP! IN THE NAME OF LOVE,The Supremes,Motown,3,13,
1965,10,14,9,I GO TO PIECES,Peter and Gordon,Capitol,9,9,
1965,10,15,18,RED ROSES FOR A BLUE LADY,Bert Kaempfert and His Orchestra,Decca,7,15,
1965,10,16,23,GOLDFINGER,Shirley Bassey,United Artists,6,16,
1965,10,17,15,"LAUGH, LAUGH",The Beau Brummels,Autumn,10,15,
1965,10,18,11,THE NAME GAME,Shirley Ellis,Congress,13,3,
1965,10,19,27,CAN’T YOU HEAR MY HEARTBEAT,Herman’s Hermits,MGM,6,19,
1965,10,20,14,TWINE TIME,Alvin Cash and the Crawlers,Mar-V-Lus,10,14,
1965,10,21,7,SHAKE,Sam Cooke,RCA Victor,9,7,
1965,10,22,28,GOODNIGHT,Roy Orbison,Monument,4,22,
1965,10,23,26,LITTLE THINGS,Bobby Goldsboro,United Artists,7,23,
1965,10,24,39,MIDNIGHT SPECIAL,Johnny Rivers,Imperial,5,24,
1965,10,25,25,I’VE GOT A TIGER BY THE TAIL,Buck Owens,Capitol,7,25,
1965,10,26,37,COME HOME,The Dave Clark Five,Epic,5,26,
1965,10,27,32,ASK THE LONELY,The Four Tops,Motown,5,27,
1965,10,28,16,ALL DAY AND ALL OF THE NIGHT,The Kinks,Reprise,11,7,
1965,10,29,45,SHOTGUN,Jr. Walker and the All Stars,Soul,4,29,
1965,10,30,40,"YEH, YEH",Georgie Fame and the Blue Flames,Imperial,4,30,
1965,10,31,33,A CHANGE IS GONNA COME,Sam Cooke,RCA Victor,6,31,
1965,10,32,38,NEW YORK’S A LONELY TOWN,The Trade Winds,Red Bird,5,32,
1965,10,33,22,THE “IN” CROWD,Dobie Gray,Charger,9,13,
1965,10,34,20,LEMON TREE,Trini Lopez,Reprise,7,20,
1965,10,35,47,PEOPLE GET READY,The Impressions,ABC-Paramount,4,35,
1965,10,36,46,RED ROSES FOR A BLUE LADY,Vic Dana,Dolton,5,36,
1965,10,37,29,WHAT HAVE THEY DONE TO THE RAIN,The Searchers,Kapp,6,29,
1965,10,38,21,"BYE, BYE, BABY (Baby Goodbye)",The Four Seasons,Philips,8,12,
1965,10,39,49,DON’T LET ME BE MISUNDERSTOOD,The Animals,MGM,5,39,
1965,10,40,30,FOR LOVIN’ ME,"Peter, Paul and Mary",Warner Brothers,7,30,
1965,10,41,34,PAPER TIGER,Sue Thompson,Hickory,10,23,
1965,10,43,24,HEART OF STONE,The Rolling Stones,London,9,19,
1965,10,45,31,IT’S ALRIGHT,Adam Faith with the Roulettes,Amy,8,31,
1965,10,42,53,IF I LOVED YOU,Chad and Jeremy,World Artists,3,42,
1965,10,44,54,SEND ME THE PILLOW YOU DREAM ON,Dean Martin,Reprise,3,44,
1965,10,46,73,NOWHERE TO RUN,Martha and the Vandellas,Gordy,2,46,
1965,10,47,59,I DON’T WANT TO SPOIL THE PARTY,The Beatles,Capitol,3,47,
1965,10,48,74,STRANGER IN TOWN,Del Shannon,Amy,2,48,
1965,10,49,68,DO THE CLAM,Elvis Presley,RCA Victor,2,49,
1965,10,50,50,BREAK AWAY (From That Boy),The Newbeats,Hickory,7,40,
1965,11,1,5,EIGHT DAYS A WEEK,The Beatles,Capitol,4,1,1 week at #1
1965,11,2,1,MY GIRL,The Temptations,Gordy,9,1,
1965,11,3,13,STOP! IN THE NAME OF LOVE,The Supremes,Motown,4,3,
1965,11,4,2,THIS DIAMOND RING,Gary Lewis and the Playboys,Liberty,9,1,
1965,11,5,8,THE BIRDS AND THE BEES,Jewel Akens,Era,8,5,
1965,11,6,7,KING OF THE ROAD,Roger Miller,Smash,7,6,
1965,11,7,9,FERRY CROSS THE MERSEY,Gerry and the Pacemakers,Laurie,6,7,
1965,11,8,19,CAN’T YOU HEAR MY HEARTBEAT,Herman’s Hermits,MGM,7,8,
1965,11,9,4,THE JOLLY GREEN GIANT,The Kingsmen,Wand,10,4,
1965,11,10,12,HURT SO BAD,Little Anthony and the Imperials,DCP,6,10,
1965,11,11,16,GOLDFINGER,Shirley Bassey,United Artists,7,11,
1965,11,12,3,YOU’VE LOST THAT LOVIN’ FEELIN’,The Righteous Brothers,Philles,14,1,
1965,11,13,15,RED ROSES FOR A BLUE LADY,Bert Kaempfert and His Orchestra,Decca,8,13,
1965,11,14,29,SHOTGUN,Jr. Walker and the All Stars,Soul,5,14,
1965,11,15,10,DOWNTOWN,Petula Clark,Warner Brothers,13,1,
1965,11,16,11,THE BOY FROM NEW YORK CITY,The Ad Libs,Blue Cat,9,8,
1965,11,17,6,TELL HER NO,The Zombies,Parrot,10,6,
1965,11,18,23,LITTLE THINGS,Bobby Goldsboro,United Artists,8,18,
1965,11,19,26,COME HOME,The Dave Clark Five,Epic,6,19,
1965,11,20,24,MIDNIGHT SPECIAL,Johnny Rivers,Imperial,6,20,
1965,11,21,35,PEOPLE GET READY,The Impressions,ABC-Paramount,5,21,
1965,11,22,22,GOODNIGHT,Roy Orbison,Monument,5,22,
1965,11,23,36,RED ROSES FOR A BLUE LADY,Vic Dana,Dolton,6,23,
1965,11,24,27,ASK THE LONELY,The Four Tops,Motown,6,24,
1965,11,25,14,I GO TO PIECES,Peter and Gordon,Capitol,10,9,
1965,11,26,39,DON’T LET ME BE MISUNDERSTOOD,The Animals,MGM,6,26,
1965,11,27,30,"YEH, YEH",Georgie Fame and the Blue Flames,Imperial,5,27,
1965,11,28,17,"LAUGH, LAUGH",The Beau Brummels,Autumn,11,15,
1965,11,29,57,DO YOU WANNA DANCE?,The Beach Boys,Capitol,3,29,
1965,11,30,44,SEND ME THE PILLOW YOU DREAM ON,Dean Martin,Reprise,4,30,
1965,11,31,42,IF I LOVED YOU,Chad and Jeremy,World Artists,4,31,
1965,11,32,32,NEW YORK’S A LONELY TOWN,The Trade Winds,Red Bird,6,32,
1965,11,33,20,TWINE TIME,Alvin Cash and the Crawlers,Mar-V-Lus,11,14,
1965,11,34,18,THE NAME GAME,Shirley Ellis,Congress,14,3,
1965,11,35,46,NOWHERE TO RUN,Martha and the Vandellas,Gordy,3,35,
1965,11,36,25,I’VE GOT A TIGER BY THE TAIL,Buck Owens,Capitol,8,25,
1965,11,37,48,STRANGER IN TOWN,Del Shannon,Amy,3,37,
1965,11,38,21,SHAKE,Sam Cooke,RCA Victor,10,7,
1965,11,39,49,DO THE CLAM,Elvis Presley,RCA Victor,3,39,
1965,11,40,28,ALL DAY AND ALL OF THE NIGHT,The Kinks,Reprise,12,7,
1965,11,41,31,A CHANGE IS GONNA COME,Sam Cooke,RCA Victor,7,31,
1965,11,42,37,WHAT HAVE THEY DONE TO THE RAIN,The Searchers,Kapp,7,29,
1965,11,46,38,"BYE, BYE, BABY (Baby Goodbye)",The Four Seasons,Philips,9,12,
1965,11,43,54,I MUST BE SEEING THINGS,Gene Pitney,Musicor,3,43,
1965,11,44,47,I DON’T WANT TO SPOIL THE PARTY,The Beatles,Capitol,4,44,
1965,11,45,51,DON’T MESS UP A GOOD THING,Fontella Bass and Bobby McClure,Checker,6,45,
1965,11,47,58,THE RACE IS ON,Jack Jones,Kapp,3,47,
1965,11,48,80,LONG LONELY NIGHTS,Bobby Vinton,Epic,2,48,
1965,11,49,56,IF I RULED THE WORLD,Tony Bennett,Columbia,5,49,
1965,11,50,66,RED ROSES FOR A BLUE LADY,Wayne Newton,Capitol,3,50,
1965,12,1,1,EIGHT DAYS A WEEK,The Beatles,Capitol,5,1,2 weeks at #1
1965,12,2,3,STOP! IN THE NAME OF LOVE,The Supremes,Motown,5,2,
1965,12,3,5,THE BIRDS AND THE BEES,Jewel Akens,Era,9,3,
1965,12,4,6,KING OF THE ROAD,Roger Miller,Smash,8,4,
1965,12,5,8,CAN’T YOU HEAR MY HEARTBEAT,Herman’s Hermits,MGM,8,5,
1965,12,6,7,FERRY CROSS THE MERSEY,Gerry and the Pacemakers,Laurie,7,6,
1965,12,7,2,MY GIRL,The Temptations,Gordy,10,1,
1965,12,8,4,THIS DIAMOND RING,Gary Lewis and the Playboys,Liberty,10,1,
1965,12,9,11,GOLDFINGER,Shirley Bassey,United Artists,8,9,
1965,12,10,14,SHOTGUN,Jr. Walker and the All Stars,Soul,6,10,
1965,12,11,13,RED ROSES FOR A BLUE LADY,Bert Kaempfert and His Orchestra,Decca,9,11,
1965,12,12,10,HURT SO BAD,Little Anthony and the Imperials,DCP,7,10,
1965,12,13,9,THE JOLLY GREEN GIANT,The Kingsmen,Wand,11,4,
1965,12,14,19,COME HOME,The Dave Clark Five,Epic,7,14,
1965,12,15,12,YOU’VE LOST THAT LOVIN’ FEELIN’,The Righteous Brothers,Philles,15,1,
1965,12,16,21,PEOPLE GET READY,The Impressions,ABC-Paramount,6,16,
1965,12,17,23,RED ROSES FOR A BLUE LADY,Vic Dana,Dolton,7,17,
1965,12,18,18,LITTLE THINGS,Bobby Goldsboro,United Artists,9,18,
1965,12,19,29,DO YOU WANNA DANCE?,The Beach Boys,Capitol,4,19,
1965,12,20,20,MIDNIGHT SPECIAL,Johnny Rivers,Imperial,7,20,
1965,12,21,22,GOODNIGHT,Roy Orbison,Monument,6,21,
1965,12,22,26,DON’T LET ME BE MISUNDERSTOOD,The Animals,MGM,7,22,
1965,12,23,27,"YEH, YEH",Georgie Fame and the Blue Flames,Imperial,6,23,
1965,12,24,35,NOWHERE TO RUN,Martha and the Vandellas,Gordy,4,24,
1965,12,25,30,SEND ME THE PILLOW YOU DREAM ON,Dean Martin,Reprise,5,25,
1965,12,26,31,IF I LOVED YOU,Chad and Jeremy,World Artists,5,26,
1965,12,27,15,DOWNTOWN,Petula Clark,Warner Brothers,14,1,
1965,12,28,39,DO THE CLAM,Elvis Presley,RCA Victor,4,28,
1965,12,29,16,THE BOY FROM NEW YORK CITY,The Ad Libs,Blue Cat,10,8,
1965,12,30,37,STRANGER IN TOWN,Del Shannon,Amy,4,30,
1965,12,31,17,TELL HER NO,The Zombies,Parrot,11,6,
1965,12,32,24,ASK THE LONELY,The Four Tops,Motown,7,24,
1965,12,33,43,I MUST BE SEEING THINGS,Gene Pitney,Musicor,4,33,
1965,12,34,48,LONG LONELY NIGHTS,Bobby Vinton,Epic,3,34,
1965,12,35,28,"LAUGH, LAUGH",The Beau Brummels,Autumn,12,15,
1965,12,36,25,I GO TO PIECES,Peter and Gordon,Capitol,11,9,
1965,12,37,32,NEW YORK’S A LONELY TOWN,The Trade Winds,Red Bird,7,32,
1965,12,38,49,IF I RULED THE WORLD,Tony Bennett,Columbia,6,38,
1965,12,39,44,I DON’T WANT TO SPOIL THE PARTY,The Beatles,Capitol,5,39,
1965,12,40,47,THE RACE IS ON,Jack Jones,Kapp,4,40,
1965,12,47,38,SHAKE,Sam Cooke,RCA Victor,11,7,
1965,12,52,36,I’VE GOT A TIGER BY THE TAIL,Buck Owens,Capitol,9,25,
1965,12,41,45,DON’T MESS UP A GOOD THING,Fontella Bass and Bobby McClure,Checker,7,41,
1965,12,42,71,I’M TELLING YOU NOW,Freddie and the Dreamers,Tower,2,42,
1965,12,43,62,TIRED OF WAITING FOR YOU,The Kinks,Reprise,2,43,
1965,12,44,59,WHEN I’M GONE,Brenda Holloway,Tamla,3,44,
1965,12,45,50,RED ROSES FOR A BLUE LADY,Wayne Newton,Capitol,4,45,
1965,12,46,56,GO NOW!,The Moody Blues,London,5,46,
1965,12,48,51,YOU BETTER GET IT,Joe Tex,Dial,5,48,
1965,12,49,57,COME AND STAY WITH ME,Marianne Faithfull,London,4,49,
1965,12,50,52,COME TOMORROW,Manfred Mann,Ascot,5,50,
1965,13,1,2,STOP! IN THE NAME OF LOVE,The Supremes,Motown,6,1,1 week at #1
1965,13,2,5,CAN’T YOU HEAR MY HEARTBEAT,Herman’s Hermits,MGM,9,2,
1965,13,3,3,THE BIRDS AND THE BEES,Jewel Akens,Era,10,3,
1965,13,4,1,EIGHT DAYS A WEEK,The Beatles,Capitol,6,1,
1965,13,5,4,KING OF THE ROAD,Roger Miller,Smash,9,4,
1965,13,6,6,FERRY CROSS THE MERSEY,Gerry and the Pacemakers,Laurie,8,6,
1965,13,7,10,SHOTGUN,Jr. Walker and the All Stars,Soul,7,7,
1965,13,8,9,GOLDFINGER,Shirley Bassey,United Artists,9,8,
1965,13,9,7,MY GIRL,The Temptations,Gordy,11,1,
1965,13,10,8,THIS DIAMOND RING,Gary Lewis and the Playboys,Liberty,11,1,
1965,13,11,11,RED ROSES FOR A BLUE LADY,Bert Kaempfert and His Orchestra,Decca,10,11,
1965,13,13,18,LITTLE THINGS,Bobby Goldsboro,United Artists,10,13,
1965,13,14,16,PEOPLE GET READY,The Impressions,ABC-Paramount,7,14,
1965,13,15,17,RED ROSES FOR A BLUE LADY,Vic Dana,Dolton,8,15,
1965,13,16,19,DO YOU WANNA DANCE?,The Beach Boys,Capitol,5,16,
1965,13,17,22,DON’T LET ME BE MISUNDERSTOOD,The Animals,MGM,8,17,
1965,13,18,14,COME HOME,The Dave Clark Five,Epic,8,14,
1965,13,19,12,HURT SO BAD,Little Anthony and the Imperials,DCP,8,10,
1965,13,20,42,I’M TELLING YOU NOW,Freddie and the Dreamers,Tower,3,20,
1965,13,21,23,"YEH, YEH",Georgie Fame and the Blue Flames,Imperial,7,21,
1965,13,22,34,LONG LONELY NIGHTS,Bobby Vinton,Epic,4,22,
1965,13,23,28,DO THE CLAM,Elvis Presley,RCA Victor,5,23,
1965,13,24,25,SEND ME THE PILLOW YOU DREAM ON,Dean Martin,Reprise,6,24,
1965,13,25,26,IF I LOVED YOU,Chad and Jeremy,World Artists,6,25,
1965,13,26,43,TIRED OF WAITING FOR YOU,The Kinks,Reprise,3,26,
1965,13,27,46,GO NOW!,The Moody Blues,London,6,27,
1965,13,28,13,THE JOLLY GREEN GIANT,The Kingsmen,Wand,12,4,
1965,13,29,40,THE RACE IS ON,Jack Jones,Kapp,5,29,
1965,13,30,30,STRANGER IN TOWN,Del Shannon,Amy,5,30,
1965,13,31,33,I MUST BE SEEING THINGS,Gene Pitney,Musicor,5,31,
1965,13,32,21,GOODNIGHT,Roy Orbison,Monument,7,21,
1965,13,33,41,DON’T MESS UP A GOOD THING,Fontella Bass and Bobby McClure,Checker,8,33,
1965,13,34,32,ASK THE LONELY,The Four Tops,Motown,8,24,
1965,13,35,38,IF I RULED THE WORLD,Tony Bennett,Columbia,7,35,
1965,13,36,27,DOWNTOWN,Petula Clark,Warner Brothers,15,1,
1965,13,37,44,WHEN I’M GONE,Brenda Holloway,Tamla,4,37,
1965,13,38,45,RED ROSES FOR A BLUE LADY,Wayne Newton,Capitol,5,38,
1965,13,39,49,COME AND STAY WITH ME,Marianne Faithfull,London,5,39,
1965,13,40,63,GAME OF LOVE,Wayne Fontana and the Mindbenders,Fontana,2,40,
1965,13,41,20,MIDNIGHT SPECIAL,Johnny Rivers,Imperial,8,20,
1965,13,43,15,YOU’VE LOST THAT LOVIN’ FEELIN’,The Righteous Brothers,Philles,16,1,
1965,13,44,39,I DON’T WANT TO SPOIL THE PARTY,The Beatles,Capitol,6,39,
1965,13,49,37,NEW YORK’S A LONELY TOWN,The Trade Winds,Red Bird,8,32,
1965,13,42,75,THE CLAPPING SONG (Clap Pat Clap Slap),Shirley Ellis,Congress,2,42,
1965,13,45,55,GOT TO GET YOU OFF MY MIND,Solomon Burke,Atlantic,4,45,
1965,13,46,48,YOU BETTER GET IT,Joe Tex,Dial,6,46,
1965,13,47,53,COME SEE,Major Lance,Okeh,4,47,
1965,13,48,62,PEACHES “N” CREAM,The Ikettes,Modern,3,48,
1965,13,50,94,I KNOW A PLACE,Petula Clark,Warner Brothers,2,50,
1965,14,1,1,STOP! IN THE NAME OF LOVE,The Supremes,Motown,7,1,2 weeks at #1
1965,14,2,2,CAN’T YOU HEAR MY HEARTBEAT,Herman’s Hermits,MGM,10,2,
1965,14,3,20,I’M TELLING YOU NOW,Freddie and the Dreamers,Tower,4,3,
1965,14,4,7,SHOTGUN,Jr. Walker and the All Stars,Soul,8,4,
1965,14,5,3,THE BIRDS AND THE BEES,Jewel Akens,Era,11,3,
1965,14,6,5,KING OF THE ROAD,Roger Miller,Smash,10,4,
1965,14,7,4,EIGHT DAYS A WEEK,The Beatles,Capitol,7,1,
1965,14,8,8,GOLDFINGER,Shirley Bassey,United Artists,10,8,
1965,14,9,12,NOWHERE TO RUN,Martha and the Vandellas,Gordy,6,9,
1965,14,10,15,RED ROSES FOR A BLUE LADY,Vic Dana,Dolton,9,10,
1965,14,11,6,FERRY CROSS THE MERSEY,Gerry and the Pacemakers,Laurie,9,6,
1965,14,12,9,MY GIRL,The Temptations,Gordy,12,1,
1965,14,13,16,DO YOU WANNA DANCE?,The Beach Boys,Capitol,6,13,
1965,14,14,11,RED ROSES FOR A BLUE LADY,Bert Kaempfert and His Orchestra,Decca,11,11,
1965,14,15,17,DON’T LET ME BE MISUNDERSTOOD,The Animals,MGM,9,15,
1965,14,16,13,LITTLE THINGS,Bobby Goldsboro,United Artists,11,13,
1965,14,17,40,GAME OF LOVE,Wayne Fontana and the Mindbenders,Fontana,3,17,
1965,14,18,26,TIRED OF WAITING FOR YOU,The Kinks,Reprise,4,18,
1965,14,19,27,GO NOW!,The Moody Blues,London,7,19,
1965,14,20,22,LONG LONELY NIGHTS,Bobby Vinton,Epic,5,20,
1965,14,21,23,DO THE CLAM,Elvis Presley,RCA Victor,6,21,
1965,14,22,29,THE RACE IS ON,Jack Jones,Kapp,6,22,
1965,14,23,10,THIS DIAMOND RING,Gary Lewis and the Playboys,Liberty,12,1,
1965,14,24,21,"YEH, YEH",Georgie Fame and the Blue Flames,Imperial,8,21,
1965,14,25,25,IF I LOVED YOU,Chad and Jeremy,World Artists,7,25,
1965,14,26,24,SEND ME THE PILLOW YOU DREAM ON,Dean Martin,Reprise,7,24,
1965,14,27,14,PEOPLE GET READY,The Impressions,ABC-Paramount,8,14,
1965,14,28,50,I KNOW A PLACE,Petula Clark,Warner Brothers,3,28,
1965,14,29,38,RED ROSES FOR A BLUE LADY,Wayne Newton,Capitol,6,29,
1965,14,30,39,COME AND STAY WITH ME,Marianne Faithfull,London,6,30,
1965,14,31,31,I MUST BE SEEING THINGS,Gene Pitney,Musicor,6,31,
1965,14,32,42,THE CLAPPING SONG (Clap Pat Clap Slap),Shirley Ellis,Congress,3,32,
1965,14,33,33,DON’T MESS UP A GOOD THING,Fontella Bass and Bobby McClure,Checker,9,33,
1965,14,34,35,IF I RULED THE WORLD,Tony Bennett,Columbia,8,34,
1965,14,35,45,GOT TO GET YOU OFF MY MIND,Solomon Burke,Atlantic,5,35,
1965,14,36,37,WHEN I’M GONE,Brenda Holloway,Tamla,5,36,
1965,14,37,18,COME HOME,The Dave Clark Five,Epic,9,14,
1965,14,38,19,HURT SO BAD,Little Anthony and the Imperials,DCP,9,10,
1965,14,39,30,STRANGER IN TOWN,Del Shannon,Amy,6,30,
1965,14,40,47,COME SEE,Major Lance,Okeh,5,40,
1965,14,41,63,BUMBLE BEE,The Searchers,Kapp Winner’s Circle,3,41,
1965,14,42,57,I’LL BE DOGGONE,Marvin Gaye,Tamla,3,42,
1965,14,43,51,MR. PITIFUL,Otis Redding,Volt,7,43,
1965,14,44,61,ONE KISS FOR OLD TIMES’ SAKE,Ronnie Dove,Diamond,4,44,
1965,14,45,48,PEACHES “N” CREAM,The Ikettes,Modern,4,45,
1965,14,46,79,THE LAST TIME,The Rolling Stones,London,2,46,
1965,14,47,54,ANYTIME AT ALL,Frank Sinatra,Reprise,4,47,
1965,14,48,56,FOR MAMA (La Mamma),Connie Francis,MGM,5,48,
1965,14,49,55,LAND OF 1000 DANCES,Cannibal and the Headhunters,Rampart,6,49,
1965,14,50,46,YOU BETTER GET IT,Joe Tex,Dial,7,46,
1965,15,1,3,I’M TELLING YOU NOW,Freddie and the Dreamers,Tower,5,1,1 week at #1
1965,15,2,1,STOP! IN THE NAME OF LOVE,The Supremes,Motown,8,1,
1965,15,3,2,CAN’T YOU HEAR MY HEARTBEAT,Herman’s Hermits,MGM,11,2,
1965,15,4,4,SHOTGUN,Jr. Walker and the All Stars,Soul,9,4,
1965,15,5,5,THE BIRDS AND THE BEES,Jewel Akens,Era,12,3,
1965,15,6,6,KING OF THE ROAD,Roger Miller,Smash,11,4,
1965,15,7,17,GAME OF LOVE,Wayne Fontana and the Mindbenders,Fontana,4,7,
1965,15,8,9,NOWHERE TO RUN,Martha and the Vandellas,Gordy,7,8,
1965,15,9,28,I KNOW A PLACE,Petula Clark,Warner Brothers,4,9,
1965,15,10,10,RED ROSES FOR A BLUE LADY,Vic Dana,Dolton,10,10,
1965,15,11,7,EIGHT DAYS A WEEK,The Beatles,Capitol,8,1,
1965,15,12,13,DO YOU WANNA DANCE?,The Beach Boys,Capitol,7,12,
1965,15,13,18,TIRED OF WAITING FOR YOU,The Kinks,Reprise,5,13,
1965,15,14,8,GOLDFINGER,Shirley Bassey,United Artists,11,8,
1965,15,15,19,GO NOW!,The Moody Blues,London,8,15,
1965,15,16,22,THE RACE IS ON,Jack Jones,Kapp,7,16,
1965,15,17,20,LONG LONELY NIGHTS,Bobby Vinton,Epic,6,17,
1965,15,18,11,FERRY CROSS THE MERSEY,Gerry and the Pacemakers,Laurie,10,6,
1965,15,19,32,THE CLAPPING SONG (Clap Pat Clap Slap),Shirley Ellis,Congress,4,19,
1965,15,20,14,RED ROSES FOR A BLUE LADY,Bert Kaempfert and His Orchestra,Decca,12,11,
1965,15,21,21,DO THE CLAM,Elvis Presley,RCA Victor,7,21,
1965,15,22,26,SEND ME THE PILLOW YOU DREAM ON,Dean Martin,Reprise,8,22,
1965,15,23,25,IF I LOVED YOU,Chad and Jeremy,World Artists,8,23,
1965,15,24,29,RED ROSES FOR A BLUE LADY,Wayne Newton,Capitol,7,24,
1965,15,25,42,I’LL BE DOGGONE,Marvin Gaye,Tamla,4,25,
1965,15,26,15,DON’T LET ME BE MISUNDERSTOOD,The Animals,MGM,10,15,
1965,15,27,30,COME AND STAY WITH ME,Marianne Faithfull,London,7,27,
1965,15,28,41,BUMBLE BEE,The Searchers,Kapp Winner’s Circle,4,28,
1965,15,29,12,MY GIRL,The Temptations,Gordy,13,1,
1965,15,30,36,WHEN I’M GONE,Brenda Holloway,Tamla,6,30,
1965,15,31,46,THE LAST TIME,The Rolling Stones,London,3,31,
1965,15,32,35,GOT TO GET YOU OFF MY MIND,Solomon Burke,Atlantic,6,32,
1965,15,33,16,LITTLE THINGS,Bobby Goldsboro,United Artists,12,13,
1965,15,34,44,ONE KISS FOR OLD TIMES’ SAKE,Ronnie Dove,Diamond,5,34,
1965,15,35,53,CAST YOUR FATE TO THE WIND,Sounds Orchestral,Parkway,4,35,
1965,15,36,33,DON’T MESS UP A GOOD THING,Fontella Bass and Bobby McClure,Checker,10,33,
1965,15,37,61,I’LL NEVER FIND ANOTHER YOU,The Seekers,Capitol,3,37,
1965,15,38,34,IF I RULED THE WORLD,Tony Bennett,Columbia,9,34,
1965,15,39,45,PEACHES “N” CREAM,The Ikettes,Modern,5,39,
1965,15,40,31,I MUST BE SEEING THINGS,Gene Pitney,Musicor,7,31,
1965,15,43,40,COME SEE,Major Lance,Okeh,6,40,
1965,15,41,43,MR. PITIFUL,Otis Redding,Volt,8,41,
1965,15,42,63,OOO BABY BABY,The Miracles,Tamla,3,42,
1965,15,44,76,SILHOUETTES,Herman’s Hermits,MGM,2,44,
1965,15,45,49,LAND OF 1000 DANCES,Cannibal and the Headhunters,Rampart,7,45,
1965,15,46,47,ANYTIME AT ALL,Frank Sinatra,Reprise,5,46,
1965,15,47,57,I UNDERSTAND (Just How You Feel),Freddie and the Dreamers,Mercury,5,47,
1965,15,48,77,IT’S GROWING,The Temptations,Gordy,1,48,
1965,15,49,52,GIRL DON’T COME,Sandie Shaw,Reprise,6,49,
1965,15,50,69,SHE’S ABOUT A MOVER,The Sir Douglas Quintet,Tribe,2,50,
1965,16,1,1,I’M TELLING YOU NOW,Freddie and the Dreamers,Tower,6,1,2 weeks at #1
1965,16,2,2,STOP! IN THE NAME OF LOVE,The Supremes,Motown,9,1,
1965,16,3,7,GAME OF LOVE,Wayne Fontana and the Mindbenders,Fontana,5,3,
1965,16,4,9,I KNOW A PLACE,Petula Clark,Warner Brothers,5,4,
1965,16,5,4,SHOTGUN,Jr. Walker and the All Stars,Soul,10,4,
1965,16,6,3,CAN’T YOU HEAR MY HEARTBEAT,Herman’s Hermits,MGM,12,2,
1965,16,7,13,TIRED OF WAITING FOR YOU,The Kinks,Reprise,6,7,
1965,16,8,8,NOWHERE TO RUN,Martha and the Vandellas,Gordy,8,8,
1965,16,9,19,THE CLAPPING SONG (Clap Pat Clap Slap),Shirley Ellis,Congress,5,9,
1965,16,10,15,GO NOW!,The Moody Blues,London,9,10,
1965,16,11,6,KING OF THE ROAD,Roger Miller,Smash,12,4,
1965,16,13,5,THE BIRDS AND THE BEES,Jewel Akens,Era,13,3,
1965,16,14,37,I’LL NEVER FIND ANOTHER YOU,The Seekers,Capitol,4,14,
1965,16,15,16,THE RACE IS ON,Jack Jones,Kapp,8,15,
1965,16,16,31,THE LAST TIME,The Rolling Stones,London,4,16,
1965,16,17,11,EIGHT DAYS A WEEK,The Beatles,Capitol,9,1,
1965,16,18,10,RED ROSES FOR A BLUE LADY,Vic Dana,Dolton,11,10,
1965,16,19,44,SILHOUETTES,Herman’s Hermits,MGM,3,19,
1965,16,20,25,I’LL BE DOGGONE,Marvin Gaye,Tamla,5,20,
1965,16,21,12,DO YOU WANNA DANCE?,The Beach Boys,Capitol,8,12,
1965,16,22,28,BUMBLE BEE,The Searchers,Kapp Winner’s Circle,5,22,
1965,16,23,24,RED ROSES FOR A BLUE LADY,Wayne Newton,Capitol,8,23,
1965,16,24,14,GOLDFINGER,Shirley Bassey,United Artists,12,8,
1965,16,25,35,CAST YOUR FATE TO THE WIND,Sounds Orchestral,Parkway,5,25,
1965,16,26,27,COME AND STAY WITH ME,Marianne Faithfull,London,8,26,
1965,16,27,34,ONE KISS FOR OLD TIMES’ SAKE,Ronnie Dove,Diamond,6,27,
1965,16,28,17,LONG LONELY NIGHTS,Bobby Vinton,Epic,7,17,
1965,16,29,62,COUNT ME IN,Gary Lewis and the Playboys,Liberty,3,29,
1965,16,30,30,WHEN I’M GONE,Brenda Holloway,Tamla,7,30,
1965,16,31,56,JUST ONCE IN MY LIFE,The Righteous Brothers,Philles,2,31,
1965,16,32,32,GOT TO GET YOU OFF MY MIND,Solomon Burke,Atlantic,7,32,
1965,16,33,20,RED ROSES FOR A BLUE LADY,Bert Kaempfert and His Orchestra,Decca,13,11,
1965,16,34,21,DO THE CLAM,Elvis Presley,RCA Victor,8,21,
1965,16,35,45,LAND OF 1000 DANCES,Cannibal and the Headhunters,Rampart,8,35,
1965,16,36,39,PEACHES “N” CREAM,The Ikettes,Modern,6,36,
1965,16,37,48,IT’S GROWING,The Temptations,Gordy,3,37,
1965,16,38,51,BABY THE RAIN MUST FALL,Glenn Yarbrough,RCA Victor,6,38,
1965,16,39,50,SHE’S ABOUT A MOVER,The Sir Douglas Quintet,Tribe,3,39,
1965,16,40,42,OOO BABY BABY,The Miracles,Tamla,4,40,
1965,16,42,23,IF I LOVED YOU,Chad and Jeremy,World Artists,9,23,
1965,16,44,18,FERRY CROSS THE MERSEY,Gerry and the Pacemakers,Laurie,11,6,
1965,16,51,22,SEND ME THE PILLOW YOU DREAM ON,Dean Martin,Reprise,9,22,
1965,16,55,36,DON’T MESS UP A GOOD THING,Fontella Bass and Bobby McClure,Checker,11,33,
1965,16,41,47,I UNDERSTAND (Just How You Feel),Freddie and the Dreamers,Mercury,6,41,
1965,16,43,63,IT’S GONNA BE ALRIGHT,Gerry and the Pacemakers,Laurie,2,43,
1965,16,45,55,10 LITTLE BOTTLES,Johnny Bond,Starday,6,45,
1965,16,46,64,WOMAN’S GOT SOUL,The Impressions,ABC-Paramount,3,46,
1965,16,47,49,GIRL DON’T COME,Sandie Shaw,Reprise,7,47,
1965,16,48,52,I CAN’T STOP THINKING OF YOU,Bobbi Martin,Coral,6,48,
1965,16,49,54,CRAZY DOWNTOWN,Allan Sherman,Warner Brothers,4,49,
1965,16,50,61,AND ROSES AND ROSES,Andy Williams,Columbia,3,50,
1965,17,1,3,GAME OF LOVE,Wayne Fontana and the Mindbenders,Fontana,6,1,1 week at #1
1965,17,2,12,MRS. BROWN YOU’VE GOT A LOVELY DAUGHTER,Herman’s Hermits,MGM,2,2,
1965,17,3,1,I’M TELLING YOU NOW,Freddie and the Dreamers,Tower,7,1,
1965,17,4,4,I KNOW A PLACE,Petula Clark,Warner Brothers,6,4,
1965,17,5,2,STOP! IN THE NAME OF LOVE,The Supremes,Motown,10,1,
1965,17,6,7,TIRED OF WAITING FOR YOU,The Kinks,Reprise,7,6,
1965,17,7,14,I’LL NEVER FIND ANOTHER YOU,The Seekers,Capitol,5,7,
1965,17,8,9,THE CLAPPING SONG (Clap Pat Clap Slap),Shirley Ellis,Congress,6,8,
1965,17,9,5,SHOTGUN,Jr. Walker and the All Stars,Soul,11,4,
1965,17,10,19,SILHOUETTES,Herman’s Hermits,MGM,4,10,
1965,17,11,29,COUNT ME IN,Gary Lewis and the Playboys,Liberty,4,11,
1965,17,12,16,THE LAST TIME,The Rolling Stones,London,5,12,
1965,17,13,10,GO NOW!,The Moody Blues,London,10,10,
1965,17,14,8,NOWHERE TO RUN,Martha and the Vandellas,Gordy,9,8,
1965,17,15,15,THE RACE IS ON,Jack Jones,Kapp,9,15,
1965,17,16,6,CAN’T YOU HEAR MY HEARTBEAT,Herman’s Hermits,MGM,13,2,
1965,17,17,25,CAST YOUR FATE TO THE WIND,Sounds Orchestral,Parkway,6,17,
1965,17,18,20,I’LL BE DOGGONE,Marvin Gaye,Tamla,6,18,
1965,17,19,27,ONE KISS FOR OLD TIMES’ SAKE,Ronnie Dove,Diamond,7,19,
1965,17,20,31,JUST ONCE IN MY LIFE,The Righteous Brothers,Philles,3,20,
1965,17,21,22,BUMBLE BEE,The Searchers,Kapp Winner’s Circle,6,21,
1965,17,22,37,IT’S GROWING,The Temptations,Gordy,3,22,
1965,17,23,11,KING OF THE ROAD,Roger Miller,Smash,13,4,
1965,17,24,32,GOT TO GET YOU OFF MY MIND,Solomon Burke,Atlantic,8,24,
1965,17,25,30,WHEN I’M GONE,Brenda Holloway,Tamla,8,25,
1965,17,26,13,THE BIRDS AND THE BEES,Jewel Akens,Era,14,3,
1965,17,27,18,RED ROSES FOR A BLUE LADY,Vic Dana,Dolton,12,10,
1965,17,28,38,BABY THE RAIN MUST FALL,Glenn Yarbrough,RCA Victor,7,28,
1965,17,29,40,OOO BABY BABY,The Miracles,Tamla,5,29,
1965,17,30,35,LAND OF 1000 DANCES,Cannibal and the Headhunters,Rampart,9,30,
1965,17,31,26,COME AND STAY WITH ME,Marianne Faithfull,London,9,26,
1965,17,32,43,IT’S GONNA BE ALRIGHT,Gerry and the Pacemakers,Laurie,3,32,
1965,17,33,23,RED ROSES FOR A BLUE LADY,Wayne Newton,Capitol,9,23,
1965,17,34,46,WOMAN’S GOT SOUL,The Impressions,ABC-Paramount,4,34,
1965,17,35,39,SHE’S ABOUT A MOVER,The Sir Douglas Quintet,Tribe,4,35,
1965,17,36,36,PEACHES “N” CREAM,The Ikettes,Modern,7,36,
1965,17,37,52,WE’RE GONNA MAKE IT,Little Milton,Checker,5,37,
1965,17,38,17,EIGHT DAYS A WEEK,The Beatles,Capitol,10,1,
1965,17,39,41,I UNDERSTAND (Just How You Feel),Freddie and the Dreamers,Mercury,7,39,
1965,17,40,50,AND ROSES AND ROSES,Andy Williams,Columbia,4,40,
1965,17,47,24,GOLDFINGER,Shirley Bassey,United Artists,13,8,
1965,17,41,60,I DO LOVE YOU,Billy Stewart,Chess,5,41,
1965,17,42,47,GIRL DON’T COME,Sandie Shaw,Reprise,8,42,
1965,17,43,45,10 LITTLE BOTTLES,Johnny Bond,Starday,7,43,
1965,17,44,49,CRAZY DOWNTOWN,Allan Sherman,Warner Brothers,5,44,
1965,17,45,61,WOOLY BULLY,Sam the Sham and the Pharaohs,MGM,4,45,
1965,17,46,48,I CAN’T STOP THINKING OF YOU,Bobbi Martin,Coral,7,46,
1965,17,48,75,IT’S NOT UNUSUAL,Tom Jones,Parrot,3,48,
1965,17,49,59,IT’S GOT THE WHOLE WORLD SHAKIN’,Sam Cooke,RCA Victor,3,49,
1965,17,50,63,IKO IKO,The Dixie Cups,Red Bird,4,50,
1965,18,1,2,MRS. BROWN YOU’VE GOT A LOVELY DAUGHTER,Herman’s Hermits,MGM,3,1,1 week at #1
1965,18,2,1,GAME OF LOVE,Wayne Fontana and the Mindbenders,Fontana,7,1,
1965,18,3,4,I KNOW A PLACE,Petula Clark,Warner Brothers,7,3,
1965,18,4,3,I’M TELLING YOU NOW,Freddie and the Dreamers,Tower,8,1,
1965,18,5,7,I’LL NEVER FIND ANOTHER YOU,The Seekers,Capitol,6,5,
1965,18,6,6,TIRED OF WAITING FOR YOU,The Kinks,Reprise,8,6,
1965,18,7,11,COUNT ME IN,Gary Lewis and the Playboys,Liberty,5,7,
1965,18,8,10,SILHOUETTES,Herman’s Hermits,MGM,5,8,
1965,18,9,12,THE LAST TIME,The Rolling Stones,London,6,9,
1965,18,10,5,STOP! IN THE NAME OF LOVE,The Supremes,Motown,11,1,
1965,18,11,8,THE CLAPPING SONG (Clap Pat Clap Slap),Shirley Ellis,Congress,7,8,
1965,18,12,17,CAST YOUR FATE TO THE WIND,Sounds Orchestral,Parkway,7,12,
1965,18,13,13,GO NOW!,The Moody Blues,London,11,13,
1965,18,14,18,I’LL BE DOGGONE,Marvin Gaye,Tamla,7,14,
1965,18,15,19,ONE KISS FOR OLD TIMES’ SAKE,Ronnie Dove,Diamond,8,15,
1965,18,16,9,SHOTGUN,Jr. Walker and the All Stars,Soul,12,4,
1965,18,17,20,JUST ONCE IN MY LIFE,The Righteous Brothers,Philles,4,17,
1965,18,18,59,TICKET TO RIDE,The Beatles,Capitol,2,18,
1965,18,19,29,OOO BABY BABY,The Miracles,Tamla,6,19,
1965,18,20,22,IT’S GROWING,The Temptations,Gordy,4,20,
1965,18,21,28,BABY THE RAIN MUST FALL,Glenn Yarbrough,RCA Victor,8,21,
1965,18,22,24,GOT TO GET YOU OFF MY MIND,Solomon Burke,Atlantic,9,22,
1965,18,23,14,NOWHERE TO RUN,Martha and the Vandellas,Gordy,10,8,
1965,18,24,45,WOOLY BULLY,Sam the Sham and the Pharaohs,MGM,5,24,
1965,18,25,16,CAN’T YOU HEAR MY HEARTBEAT,Herman’s Hermits,MGM,14,2,
1965,18,26,32,IT’S GONNA BE ALRIGHT,Gerry and the Pacemakers,Laurie,4,26,
1965,18,27,15,THE RACE IS ON,Jack Jones,Kapp,10,15,
1965,18,28,48,IT’S NOT UNUSUAL,Tom Jones,Parrot,4,28,
1965,18,29,21,BUMBLE BEE,The Searchers,Kapp Winner’s Circle,7,21,
1965,18,30,30,LAND OF 1000 DANCES,Cannibal and the Headhunters,Rampart,10,30,
1965,18,31,41,I DO LOVE YOU,Billy Stewart,Chess,6,31,
1965,18,32,35,SHE’S ABOUT A MOVER,The Sir Douglas Quintet,Tribe,5,32,
1965,18,33,34,WOMAN’S GOT SOUL,The Impressions,ABC-Paramount,5,33,
1965,18,34,37,WE’RE GONNA MAKE IT,Little Milton,Checker,6,34,
1965,18,35,65,"HELP ME, RHONDA",The Beach Boys,Capitol,3,35,
1965,18,36,39,I UNDERSTAND (Just How You Feel),Freddie and the Dreamers,Mercury,8,36,
1965,18,37,40,AND ROSES AND ROSES,Andy Williams,Columbia,5,37,
1965,18,38,36,PEACHES “N” CREAM,The Ikettes,Modern,8,36,
1965,18,39,50,IKO IKO,The Dixie Cups,Red Bird,5,39,
1965,18,40,51,DREAM ON LITTLE DREAMER,Perry Como,RCA Victor,4,40,
1965,18,46,25,WHEN I’M GONE,Brenda Holloway,Tamla,9,25,
1965,18,41,44,CRAZY DOWNTOWN,Allan Sherman,Warner Brothers,6,41,
1965,18,42,52,THE ENTERTAINER,Tony Clarke,Chess,6,42,
1965,18,43,67,REELIN’ AND ROCKIN’,The Dave Clark Five,Epic,3,43,
1965,18,44,55,SUBTERRANEAN HOMESICK BLUES,Bob Dylan,Columbia,5,44,
1965,18,45,49,IT’S GOT THE WHOLE WORLD SHAKIN’,Sam Cooke,RCA Victor,4,45,
1965,18,47,63,TRUE LOVE WAYS,Peter and Gordon,Capitol,3,47,
1965,18,48,61,JUST A LITTLE,The Beau Brummels,Autumn,3,48,
1965,18,49,42,GIRL DON’T COME,Sandie Shaw,Reprise,9,42,
1965,18,50,60,LET’S DO THE FREDDIE,Chubby Checker,Parkway,5,50,
1965,19,1,1,MRS. BROWN YOU’VE GOT A LOVELY DAUGHTER,Herman’s Hermits,MGM,4,1,2 weeks at #1
1965,19,2,7,COUNT ME IN,Gary Lewis and the Playboys,Liberty,6,2,
1965,19,3,18,TICKET TO RIDE,The Beatles,Capitol,3,3,
1965,19,4,2,GAME OF LOVE,Wayne Fontana and the Mindbenders,Fontana,8,1,
1965,19,5,5,I’LL NEVER FIND ANOTHER YOU,The Seekers,Capitol,7,5,
1965,19,6,3,I KNOW A PLACE,Petula Clark,Warner Brothers,8,3,
1965,19,7,8,SILHOUETTES,Herman’s Hermits,MGM,6,7,
1965,19,8,4,I’M TELLING YOU NOW,Freddie and the Dreamers,Tower,9,1,
1965,19,9,9,THE LAST TIME,The Rolling Stones,London,7,9,
1965,19,10,12,CAST YOUR FATE TO THE WIND,Sounds Orchestral,Parkway,8,10,
1965,19,11,14,I’LL BE DOGGONE,Marvin Gaye,Tamla,8,11,
1965,19,12,17,JUST ONCE IN MY LIFE,The Righteous Brothers,Philles,5,12,
1965,19,13,6,TIRED OF WAITING FOR YOU,The Kinks,Reprise,9,6,
1965,19,14,24,WOOLY BULLY,Sam the Sham and the Pharaohs,MGM,6,14,
1965,19,15,15,ONE KISS FOR OLD TIMES’ SAKE,Ronnie Dove,Diamond,9,15,
1965,19,16,19,OOO BABY BABY,The Miracles,Tamla,7,16,
1965,19,17,11,THE CLAPPING SONG (Clap Pat Clap Slap),Shirley Ellis,Congress,8,8,
1965,19,18,21,BABY THE RAIN MUST FALL,Glenn Yarbrough,RCA Victor,9,18,
1965,19,19,13,GO NOW!,The Moody Blues,London,12,10,
1965,19,20,20,IT’S GROWING,The Temptations,Gordy,5,20,
1965,19,21,35,"HELP ME, RHONDA",The Beach Boys,Capitol,4,21,
1965,19,22,28,IT’S NOT UNUSUAL,Tom Jones,Parrot,5,22,
1965,19,23,26,IT’S GONNA BE ALRIGHT,Gerry and the Pacemakers,Laurie,5,23,
1965,19,24,16,SHOTGUN,Jr. Walker and the All Stars,Soul,13,4,
1965,19,25,39,IKO IKO,The Dixie Cups,Red Bird,6,25,
1965,19,26,31,I DO LOVE YOU,Billy Stewart,Chess,7,26,
1965,19,27,32,SHE’S ABOUT A MOVER,The Sir Douglas Quintet,Tribe,6,27,
1965,19,28,34,WE’RE GONNA MAKE IT,Little Milton,Checker,7,28,
1965,19,29,33,WOMAN’S GOT SOUL,The Impressions,ABC-Paramount,6,29,
1965,19,30,10,STOP! IN THE NAME OF LOVE,The Supremes,Motown,12,1,
1965,19,31,42,THE ENTERTAINER,Tony Clarke,Chess,7,31,
1965,19,32,47,TRUE LOVE WAYS,Peter and Gordon,Capitol,4,32,
1965,19,33,43,REELIN’ AND ROCKIN’,The Dave Clark Five,Epic,4,33,
1965,19,34,40,DREAM ON LITTLE DREAMER,Perry Como,RCA Victor,5,34,
1965,19,35,48,JUST A LITTLE,The Beau Brummels,Autumn,4,35,
1965,19,36,37,AND ROSES AND ROSES,Andy Williams,Columbia,6,36,
1965,19,37,30,LAND OF 1000 DANCES,Cannibal and the Headhunters,Rampart,11,30,
1965,19,38,68,BACK IN MY ARMS AGAIN,The Supremes,Motown,2,38,
1965,19,39,51,CRYING IN THE CHAPEL,Elvis Presley,RCA Victor,3,39,
1965,19,40,41,CRAZY DOWNTOWN,Allan Sherman,Warner Brothers,7,40,
1965,19,42,23,NOWHERE TO RUN,Martha and the Vandellas,Gordy,11,8,
1965,19,43,25,CAN’T YOU HEAR MY HEARTBEAT,Herman’s Hermits,MGM,15,2,
1965,19,49,22,GOT TO GET YOU OFF MY MIND,Solomon Burke,Atlantic,10,22,
1965,19,51,29,BUMBLE BEE,The Searchers,Kapp Winner’s Circle,8,21,
1965,19,53,36,I UNDERSTAND (Just How You Feel),Freddie and the Dreamers,Mercury,9,36,
1965,19,54,27,THE RACE IS ON,Jack Jones,Kapp,11,15,
1965,19,41,45,IT’S GOT THE WHOLE WORLD SHAKIN’,Sam Cooke,RCA Victor,5,41,
1965,19,44,44,SUBTERRANEAN HOMESICK BLUES,Bob Dylan,Columbia,6,44,
1965,19,45,63,DO THE FREDDIE,Freddie and the Dreamers,Mercury,3,45,
1965,19,46,67,QUEEN OF THE HOUSE,Jody Miller,Capitol,3,46,
1965,19,47,66,YOU WERE MADE FOR ME,Freddie and the Dreamers,Tower,2,47,
1965,19,48,50,LET’S DO THE FREDDIE,Chubby Checker,Parkway,6,48,
1965,19,50,52,(The Bees Are For the Birds) THE BIRDS ARE FOR THE BEES,The Newbeats,Hickory,6,50,
1965,20,1,1,MRS. BROWN YOU’VE GOT A LOVELY DAUGHTER,Herman’s Hermits,MGM,5,1,3 weeks at #1
1965,20,2,2,COUNT ME IN,Gary Lewis and the Playboys,Liberty,7,2,
1965,20,3,3,TICKET TO RIDE,The Beatles,Capitol,4,3,
1965,20,4,5,I’LL NEVER FIND ANOTHER YOU,The Seekers,Capitol,8,4,
1965,20,5,7,SILHOUETTES,Herman’s Hermits,MGM,7,5,
1965,20,6,21,"HELP ME, RHONDA",The Beach Boys,Capitol,5,6,
1965,20,7,6,I KNOW A PLACE,Petula Clark,Warner Brothers,9,3,
1965,20,8,11,I’LL BE DOGGONE,Marvin Gaye,Tamla,9,8,
1965,20,9,12,JUST ONCE IN MY LIFE,The Righteous Brothers,Philles,6,9,
1965,20,10,14,WOOLY BULLY,Sam the Sham and the Pharaohs,MGM,7,10,
1965,20,11,4,GAME OF LOVE,Wayne Fontana and the Mindbenders,Fontana,9,1,
1965,20,12,10,CAST YOUR FATE TO THE WIND,Sounds Orchestral,Parkway,9,10,
1965,20,13,18,BABY THE RAIN MUST FALL,Glenn Yarbrough,RCA Victor,10,13,
1965,20,14,15,ONE KISS FOR OLD TIMES’ SAKE,Ronnie Dove,Diamond,10,14,
1965,20,15,38,BACK IN MY ARMS AGAIN,The Supremes,Motown,3,15,
1965,20,16,16,OOO BABY BABY,The Miracles,Tamla,8,16,
1965,20,17,22,IT’S NOT UNUSUAL,Tom Jones,Parrot,6,17,
1965,20,18,20,IT’S GROWING,The Temptations,Gordy,6,18,
1965,20,19,9,THE LAST TIME,The Rolling Stones,London,8,9,
1965,20,20,39,CRYING IN THE CHAPEL,Elvis Presley,RCA Victor,4,20,
1965,20,21,27,SHE’S ABOUT A MOVER,The Sir Douglas Quintet,Tribe,7,21,
1965,20,22,25,IKO IKO,The Dixie Cups,Red Bird,7,22,
1965,20,23,23,IT’S GONNA BE ALRIGHT,Gerry and the Pacemakers,Laurie,6,23,
1965,20,24,35,JUST A LITTLE,The Beau Brummels,Autumn,5,24,
1965,20,25,28,WE’RE GONNA MAKE IT,Little Milton,Checker,8,25,
1965,20,26,26,I DO LOVE YOU,Billy Stewart,Chess,8,26,
1965,20,27,32,TRUE LOVE WAYS,Peter and Gordon,Capitol,5,27,
1965,20,28,33,REELIN’ AND ROCKIN’,The Dave Clark Five,Epic,5,28,
1965,20,29,34,DREAM ON LITTLE DREAMER,Perry Como,RCA Victor,6,29,
1965,20,30,46,QUEEN OF THE HOUSE,Jody Miller,Capitol,4,30,
1965,20,31,13,TIRED OF WAITING FOR YOU,The Kinks,Reprise,10,6,
1965,20,32,47,YOU WERE MADE FOR ME,Freddie and the Dreamers,Tower,3,32,
1965,20,33,37,LAND OF 1000 DANCES,Cannibal and the Headhunters,Rampart,12,30,
1965,20,34,29,WOMAN’S GOT SOUL,The Impressions,ABC-Paramount,7,29,
1965,20,35,45,DO THE FREDDIE,Freddie and the Dreamers,Mercury,4,35,
1965,20,36,31,THE ENTERTAINER,Tony Clarke,Chess,8,31,
1965,20,37,19,GO NOW!,The Moody Blues,London,13,10,
1965,20,38,8,I’M TELLING YOU NOW,Freddie and the Dreamers,Tower,10,1,
1965,20,39,44,SUBTERRANEAN HOMESICK BLUES,Bob Dylan,Columbia,7,39,
1965,20,40,17,THE CLAPPING SONG (Clap Pat Clap Slap),Shirley Ellis,Congress,9,8,
1965,20,41,24,SHOTGUN,Jr. Walker and the All Stars,Soul,14,4,
1965,20,43,36,AND ROSES AND ROSES,Andy Williams,Columbia,7,36,
1965,20,48,40,CRAZY DOWNTOWN,Allan Sherman,Warner Brothers,8,40,
1965,20,42,48,LET’S DO THE FREDDIE,Chubby Checker,Parkway,7,42,
1965,20,44,41,IT’S GOT THE WHOLE WORLD SHAKIN’,Sam Cooke,RCA Victor,6,41,
1965,20,45,58,NOTHING CAN STOP ME,Gene Chandler,Constellation,5,45,
1965,20,46,57,YES IT IS,The Beatles,Capitol,3,46,
1965,20,47,78,ENGINE ENGINE #9,Roger Miller,Smash,2,47,
1965,20,49,73,LAST CHANCE TO TURN AROUND,Gene Pitney,Musicor,2,49,
1965,20,50,76,L-O-N-E-L-Y,Bobby Vinton,Epic,2,50,
1965,21,1,3,TICKET TO RIDE,The Beatles,Capitol,5,1,1 week at #1
1965,21,2,1,MRS. BROWN YOU’VE GOT A LOVELY DAUGHTER,Herman’s Hermits,MGM,6,1,
1965,21,3,2,COUNT ME IN,Gary Lewis and the Playboys,Liberty,8,2,
1965,21,4,6,"HELP ME, RHONDA",The Beach Boys,Capitol,6,4,
1965,21,5,4,I’LL NEVER FIND ANOTHER YOU,The Seekers,Capitol,9,4,
1965,21,6,15,BACK IN MY ARMS AGAIN,The Supremes,Motown,4,6,
1965,21,7,5,SILHOUETTES,Herman’s Hermits,MGM,8,5,
1965,21,8,10,WOOLY BULLY,Sam the Sham and the Pharaohs,MGM,8,8,
1965,21,9,9,JUST ONCE IN MY LIFE,The Righteous Brothers,Philles,7,9,
1965,21,10,20,CRYING IN THE CHAPEL,Elvis Presley,RCA Victor,5,10,
1965,21,11,12,CAST YOUR FATE TO THE WIND,Sounds Orchestral,Parkway,10,10,
1965,21,12,13,BABY THE RAIN MUST FALL,Glenn Yarbrough,RCA Victor,11,12,
1965,21,13,7,I KNOW A PLACE,Petula Clark,Warner Brothers,10,3,
1965,21,14,11,GAME OF LOVE,Wayne Fontana and the Mindbenders,Fontana,10,1,
1965,21,15,17,IT’S NOT UNUSUAL,Tom Jones,Parrot,7,15,
1965,21,16,8,I’LL BE DOGGONE,Marvin Gaye,Tamla,10,8,
1965,21,17,27,TRUE LOVE WAYS,Peter and Gordon,Capitol,6,17,
1965,21,18,21,SHE’S ABOUT A MOVER,The Sir Douglas Quintet,Tribe,8,18,
1965,21,19,24,JUST A LITTLE,The Beau Brummels,Autumn,6,19,
1965,21,20,22,IKO IKO,The Dixie Cups,Red Bird,8,20,
1965,21,21,16,OOO BABY BABY,The Miracles,Tamla,9,16,
1965,21,22,19,THE LAST TIME,The Rolling Stones,London,9,9,
1965,21,23,28,REELIN’ AND ROCKIN’,The Dave Clark Five,Epic,6,23,
1965,21,24,35,DO THE FREDDIE,Freddie and the Dreamers,Mercury,5,24,
1965,21,25,30,QUEEN OF THE HOUSE,Jody Miller,Capitol,5,25,
1965,21,26,32,YOU WERE MADE FOR ME,Freddie and the Dreamers,Tower,4,26,
1965,21,27,29,DREAM ON LITTLE DREAMER,Perry Como,RCA Victor,7,27,
1965,21,28,14,ONE KISS FOR OLD TIMES’ SAKE,Ronnie Dove,Diamond,11,14,
1965,21,29,25,WE’RE GONNA MAKE IT,Little Milton,Checker,9,25,
1965,21,30,47,ENGINE ENGINE #9,Roger Miller,Smash,3,30,
1965,21,31,18,IT’S GROWING,The Temptations,Gordy,7,18,
1965,21,32,67,I CAN’T HELP MYSELF,The Four Tops,Motown,2,32,
1965,21,33,26,I DO LOVE YOU,Billy Stewart,Chess,9,26,
1965,21,34,45,NOTHING CAN STOP ME,Gene Chandler,Constellation,6,34,
1965,21,35,33,LAND OF 1000 DANCES,Cannibal and the Headhunters,Rampart,13,30,
1965,21,36,50,L-O-N-E-L-Y,Bobby Vinton,Epic,3,36,
1965,21,37,23,IT’S GONNA BE ALRIGHT,Gerry and the Pacemakers,Laurie,7,23,
1965,21,38,49,LAST CHANCE TO TURN AROUND,Gene Pitney,Musicor,3,38,
1965,21,39,53,"HUSH, HUSH, SWEET CHARLOTTE",Patti Page,Columbia,5,39,
1965,21,40,42,LET’S DO THE FREDDIE,Chubby Checker,Parkway,8,40,
1965,21,42,38,I’M TELLING YOU NOW,Freddie and the Dreamers,Tower,11,1,
1965,21,43,31,TIRED OF WAITING FOR YOU,The Kinks,Reprise,11,6,
1965,21,44,37,GO NOW!,The Moody Blues,London,14,10,
1965,21,46,39,SUBTERRANEAN HOMESICK BLUES,Bob Dylan,Columbia,8,39,
1965,21,48,36,THE ENTERTAINER,Tony Clarke,Chess,9,31,
1965,21,41,52,YOU WERE ONLY FOOLING (While I Was Falling In Love),Vic Damone,Warner Brothers,6,41,
1965,21,45,56,THREE O’CLOCK IN THE MORNING,Bert Kaempfert and His Orchestra,Decca,4,45,
1965,21,47,44,IT’S GOT THE WHOLE WORLD SHAKIN’,Sam Cooke,RCA Victor,7,41,
1965,21,49,61,CONCRETE AND CLAY,Unit Four Plus Two,London,4,49,
1965,21,50,65,BEFORE AND AFTER,Chad and Jeremy,Columbia,2,50,
1965,22,1,4,"HELP ME, RHONDA",The Beach Boys,Capitol,7,1,1 week at #1
1965,22,2,1,TICKET TO RIDE,The Beatles,Capitol,6,1,
1965,22,3,6,BACK IN MY ARMS AGAIN,The Supremes,Motown,5,3,
1965,22,4,2,MRS. BROWN YOU’VE GOT A LOVELY DAUGHTER,Herman’s Hermits,MGM,7,1,
1965,22,5,8,WOOLY BULLY,Sam the Sham and the Pharaohs,MGM,9,5,
1965,22,6,10,CRYING IN THE CHAPEL,Elvis Presley,RCA Victor,6,6,
1965,22,7,3,COUNT ME IN,Gary Lewis and the Playboys,Liberty,9,2,
1965,22,8,5,I’LL NEVER FIND ANOTHER YOU,The Seekers,Capitol,10,4,
1965,22,9,19,JUST A LITTLE,The Beau Brummels,Autumn,7,9,
1965,22,10,15,IT’S NOT UNUSUAL,Tom Jones,Parrot,8,10,
1965,22,11,9,JUST ONCE IN MY LIFE,The Righteous Brothers,Philles,8,9,
1965,22,12,12,BABY THE RAIN MUST FALL,Glenn Yarbrough,RCA Victor,12,12,
1965,22,13,18,SHE’S ABOUT A MOVER,The Sir Douglas Quintet,Tribe,9,13,
1965,22,14,7,SILHOUETTES,Herman’s Hermits,MGM,9,5,
1965,22,15,11,CAST YOUR FATE TO THE WIND,Sounds Orchestral,Parkway,11,10,
1965,22,16,17,TRUE LOVE WAYS,Peter and Gordon,Capitol,7,16,
1965,22,17,32,I CAN’T HELP MYSELF,The Four Tops,Motown,3,17,
1965,22,18,25,QUEEN OF THE HOUSE,Jody Miller,Capitol,6,18,
1965,22,19,30,ENGINE ENGINE #9,Roger Miller,Smash,4,19,
1965,22,20,20,IKO IKO,The Dixie Cups,Red Bird,9,20,
1965,22,21,24,DO THE FREDDIE,Freddie and the Dreamers,Mercury,6,21,
1965,22,22,26,YOU WERE MADE FOR ME,Freddie and the Dreamers,Tower,5,22,
1965,22,23,23,REELIN’ AND ROCKIN’,The Dave Clark Five,Epic,7,23,
1965,22,24,21,OOO BABY BABY,The Miracles,Tamla,10,16,
1965,22,25,27,DREAM ON LITTLE DREAMER,Perry Como,RCA Victor,8,25,
1965,22,26,29,WE’RE GONNA MAKE IT,Little Milton,Checker,10,25,
1965,22,27,16,I’LL BE DOGGONE,Marvin Gaye,Tamla,11,8,
1965,22,28,36,L-O-N-E-L-Y,Bobby Vinton,Epic,4,28,
1965,22,29,38,LAST CHANCE TO TURN AROUND,Gene Pitney,Musicor,4,29,
1965,22,30,34,NOTHING CAN STOP ME,Gene Chandler,Constellation,7,30,
1965,22,31,41,YOU WERE ONLY FOOLING (While I Was Falling In Love),Vic Damone,Warner Brothers,7,31,
1965,22,32,13,I KNOW A PLACE,Petula Clark,Warner Brothers,11,3,
1965,22,33,14,GAME OF LOVE,Wayne Fontana and the Mindbenders,Fontana,11,1,
1965,22,34,39,"HUSH, HUSH, SWEET CHARLOTTE",Patti Page,Columbia,6,34,
1965,22,35,45,THREE O’CLOCK IN THE MORNING,Bert Kaempfert and His Orchestra,Decca,5,35,
1965,22,36,22,THE LAST TIME,The Rolling Stones,London,10,9,
1965,22,37,31,IT’S GROWING,The Temptations,Gordy,8,18,
1965,22,38,49,CONCRETE AND CLAY,Unit Four Plus Two,London,5,38,
1965,22,39,50,BEFORE AND AFTER,Chad and Jeremy,Columbia,3,39,
1965,22,40,52,BRING IT ON HOME TO ME,The Animals,MGM,3,40,
1965,22,41,35,LAND OF 1000 DANCES,Cannibal and the Headhunters,Rampart,14,30,
1965,22,42,33,I DO LOVE YOU,Billy Stewart,Chess,10,26,
1965,22,43,37,IT’S GONNA BE ALRIGHT,Gerry and the Pacemakers,Laurie,8,23,
1965,22,49,40,LET’S DO THE FREDDIE,Chubby Checker,Parkway,9,40,
1965,22,44,55,A WALK IN THE BLACK FOREST,"Horst Jankowski, His Orchestra and Chorus",Mercury,4,44,
1965,22,45,51,CONCRETE AND CLAY,Eddie Rambeau,DynoVoice,5,45,
1965,22,46,56,VOODOO WOMAN,Bobby Goldsboro,United Artists,5,46,
1965,22,47,59,SHAKIN’ ALL OVER,The Guess Who,Scepter,4,47,
1965,22,48,61,FOR YOUR LOVE,The Yardbirds,Epic,3,48,
1965,23,1,1,"HELP ME, RHONDA",The Beach Boys,Capitol,8,1,2 weeks at #1
1965,23,2,5,WOOLY BULLY,Sam the Sham and the Pharaohs,MGM,10,2,
1965,23,3,3,BACK IN MY ARMS AGAIN,The Supremes,Motown,6,3,
1965,23,4,6,CRYING IN THE CHAPEL,Elvis Presley,RCA Victor,7,4,
1965,23,5,2,TICKET TO RIDE,The Beatles,Capitol,7,1,
1965,23,6,4,MRS. BROWN YOU’VE GOT A LOVELY DAUGHTER,Herman’s Hermits,MGM,8,1,
1965,23,7,17,I CAN’T HELP MYSELF,The Four Tops,Motown,4,7,
1965,23,8,9,JUST A LITTLE,The Beau Brummels,Autumn,8,8,
1965,23,9,19,ENGINE ENGINE #9,Roger Miller,Smash,5,9,
1965,23,10,10,IT’S NOT UNUSUAL,Tom Jones,Parrot,9,10,
1965,23,11,8,I’LL NEVER FIND ANOTHER YOU,The Seekers,Capitol,11,4,
1965,23,12,18,QUEEN OF THE HOUSE,Jody Miller,Capitol,7,12,
1965,23,13,13,SHE’S ABOUT A MOVER,The Sir Douglas Quintet,Tribe,10,13,
1965,23,14,16,TRUE LOVE WAYS,Peter and Gordon,Capitol,8,14,
1965,23,15,11,JUST ONCE IN MY LIFE,The Righteous Brothers,Philles,9,9,
1965,23,16,14,SILHOUETTES,Herman’s Hermits,MGM,10,5,
1965,23,17,55,MR. TAMBOURINE MAN,The Byrds,Columbia,4,17,
1965,23,18,21,DO THE FREDDIE,Freddie and the Dreamers,Mercury,7,18,
1965,23,19,7,COUNT ME IN,Gary Lewis and the Playboys,Liberty,10,2,
1965,23,20,12,BABY THE RAIN MUST FALL,Glenn Yarbrough,RCA Victor,13,12,
1965,23,21,22,YOU WERE MADE FOR ME,Freddie and the Dreamers,Tower,6,21,
1965,23,22,28,L-O-N-E-L-Y,Bobby Vinton,Epic,5,22,
1965,23,23,15,CAST YOUR FATE TO THE WIND,Sounds Orchestral,Parkway,12,10,
1965,23,24,29,LAST CHANCE TO TURN AROUND,Gene Pitney,Musicor,5,24,
1965,23,25,50,WONDERFUL WORLD,Herman’s Hermits,MGM,2,25,
1965,23,26,30,NOTHING CAN STOP ME,Gene Chandler,Constellation,8,26,
1965,23,27,34,"HUSH, HUSH, SWEET CHARLOTTE",Patti Page,Columbia,7,27,
1965,23,28,23,REELIN’ AND ROCKIN’,The Dave Clark Five,Epic,8,23,
1965,23,29,38,CONCRETE AND CLAY,Unit Four Plus Two,London,6,29,
1965,23,30,39,BEFORE AND AFTER,Chad and Jeremy,Columbia,4,30,
1965,23,31,31,YOU WERE ONLY FOOLING (While I Was Falling In Love),Vic Damone,Warner Brothers,8,31,
1965,23,32,48,FOR YOUR LOVE,The Yardbirds,Epic,4,32,
1965,23,33,35,THREE O’CLOCK IN THE MORNING,Bert Kaempfert and His Orchestra,Decca,6,33,
1965,23,34,25,DREAM ON LITTLE DREAMER,Perry Como,RCA Victor,9,25,
1965,23,35,45,CONCRETE AND CLAY,Eddie Rambeau,DynoVoice,6,35,
1965,23,36,47,SHAKIN’ ALL OVER,The Guess Who,Scepter,5,36,
1965,23,37,40,BRING IT ON HOME TO ME,The Animals,MGM,4,37,
1965,23,38,44,A WALK IN THE BLACK FOREST,"Horst Jankowski, His Orchestra and Chorus",Mercury,5,38,
1965,23,39,46,VOODOO WOMAN,Bobby Goldsboro,United Artists,6,39,
1965,23,40,26,WE’RE GONNA MAKE IT,Little Milton,Checker,11,25,
1965,23,42,24,OOO BABY BABY,The Miracles,Tamla,11,16,
1965,23,43,20,IKO IKO,The Dixie Cups,Red Bird,10,20,
1965,23,45,27,I’LL BE DOGGONE,Marvin Gaye,Tamla,12,8,
1965,23,48,32,I KNOW A PLACE,Petula Clark,Warner Brothers,12,3,
1965,23,41,58,CATCH THE WIND,Donovan,Hickory,4,41,
1965,23,44,54,(Remember Me) I’M THE ONE WHO LOVES YOU,Dean Martin,Reprise,3,44,
1965,23,46,51,I’VE BEEN LOVING YOU TOO LONG (To Stop Now),Otis Redding,Volt,4,46,
1965,23,47,53,BOO-GA-LOO,Tom and Jerrio,ABC-Paramount,6,47,
1965,23,49,60,LAURIE (Strange Things Happen),Dickey Lee,TCF Hall,4,49,
1965,23,50,52,LIPSTICK TRACES (On a Cigarette),The O’Jays,Imperial,5,50,
1965,24,1,3,BACK IN MY ARMS AGAIN,The Supremes,Motown,7,1,1 week at #1
1965,24,2,2,WOOLY BULLY,Sam the Sham and the Pharaohs,MGM,11,2,
1965,24,3,4,CRYING IN THE CHAPEL,Elvis Presley,RCA Victor,8,3,
1965,24,4,7,I CAN’T HELP MYSELF,The Four Tops,Motown,5,4,
1965,24,5,1,"HELP ME, RHONDA",The Beach Boys,Capitol,9,1,
1965,24,6,17,MR. TAMBOURINE MAN,The Byrds,Columbia,5,6,
1965,24,7,9,ENGINE ENGINE #9,Roger Miller,Smash,6,7,
1965,24,8,25,WONDERFUL WORLD,Herman’s Hermits,MGM,3,8,
1965,24,9,5,TICKET TO RIDE,The Beatles,Capitol,8,1,
1965,24,10,8,JUST A LITTLE,The Beau Brummels,Autumn,9,8,
1965,24,11,6,MRS. BROWN YOU’VE GOT A LOVELY DAUGHTER,Herman’s Hermits,MGM,9,1,
1965,24,12,10,IT’S NOT UNUSUAL,Tom Jones,Parrot,10,10,
1965,24,13,32,FOR YOUR LOVE,The Yardbirds,Epic,5,13,
1965,24,14,27,"HUSH, HUSH, SWEET CHARLOTTE",Patti Page,Columbia,8,14,
1965,24,15,13,SHE’S ABOUT A MOVER,The Sir Douglas Quintet,Tribe,11,13,
1965,24,16,24,LAST CHANCE TO TURN AROUND,Gene Pitney,Musicor,6,16,
1965,24,17,11,I’LL NEVER FIND ANOTHER YOU,The Seekers,Capitol,12,4,
1965,24,18,16,SILHOUETTES,Herman’s Hermits,MGM,11,5,
1965,24,19,14,TRUE LOVE WAYS,Peter and Gordon,Capitol,9,14,
1965,24,20,12,QUEEN OF THE HOUSE,Jody Miller,Capitol,8,12,
1965,24,21,15,JUST ONCE IN MY LIFE,The Righteous Brothers,Philles,10,9,
1965,24,22,22,L-O-N-E-L-Y,Bobby Vinton,Epic,6,22,
1965,24,23,20,BABY THE RAIN MUST FALL,Glenn Yarbrough,RCA Victor,14,12,
1965,24,24,26,NOTHING CAN STOP ME,Gene Chandler,Constellation,9,24,
1965,24,25,30,BEFORE AND AFTER,Chad and Jeremy,Columbia,5,25,
1965,24,26,18,DO THE FREDDIE,Freddie and the Dreamers,Mercury,8,18,
1965,24,27,36,SHAKIN’ ALL OVER,The Guess Who,Scepter,6,27,
1965,24,28,29,CONCRETE AND CLAY,Unit Four Plus Two,London,7,28,
1965,24,29,38,A WALK IN THE BLACK FOREST,"Horst Jankowski, His Orchestra and Chorus",Mercury,6,29,
1965,24,30,31,YOU WERE ONLY FOOLING (While I Was Falling In Love),Vic Damone,Warner Brothers,9,30,
1965,24,31,41,CATCH THE WIND,Donovan,Hickory,5,31,
1965,24,32,37,BRING IT ON HOME TO ME,The Animals,MGM,5,32,
1965,24,33,33,THREE O’CLOCK IN THE MORNING,Bert Kaempfert and His Orchestra,Decca,7,33,
1965,24,34,44,(Remember Me) I’M THE ONE WHO LOVES YOU,Dean Martin,Reprise,4,34,
1965,24,35,35,CONCRETE AND CLAY,Eddie Rambeau,DynoVoice,7,35,
1965,24,36,23,CAST YOUR FATE TO THE WIND,Sounds Orchestral,Parkway,13,10,
1965,24,37,39,VOODOO WOMAN,Bobby Goldsboro,United Artists,7,37,
1965,24,38,21,YOU WERE MADE FOR ME,Freddie and the Dreamers,Tower,7,21,
1965,24,39,19,COUNT ME IN,Gary Lewis and the Playboys,Liberty,11,2,
1965,24,40,51,"YES, I’M READY",Barbara Mason,Arctic,5,40,
1965,24,49,28,REELIN’ AND ROCKIN’,The Dave Clark Five,Epic,9,23,
1965,24,50,34,DREAM ON LITTLE DREAMER,Perry Como,RCA Victor,10,25,
1965,24,41,52,WHAT THE WORLD NEEDS NOW IS LOVE,Jackie DeShannon,Imperial,4,41,
1965,24,42,53,GIVE US YOUR BLESSINGS,The Shangri-Las,Red Bird,3,42,
1965,24,43,63,SEVENTH SON,Johnny Rivers,Imperial,2,43,
1965,24,44,54,YOU REALLY KNOW HOW TO HURT A GUY,Jan and Dean,Liberty,4,44,
1965,24,45,55,"OO WEE BABY, I LOVE YOU",Fred Hughes,Vee-Jay,3,45,
1965,24,46,46,I’VE BEEN LOVING YOU TOO LONG (To Stop Now),Otis Redding,Volt,5,46,
1965,24,47,49,LAURIE (Strange Things Happen),Dickey Lee,TCF Hall,5,47,
1965,24,48,50,LIPSTICK TRACES (On a Cigarette),The O’Jays,Imperial,6,48,
1965,25,1,4,I CAN’T HELP MYSELF,The Four Tops,Motown,6,1,1 week at #1
1965,25,2,6,MR. TAMBOURINE MAN,The Byrds,Columbia,6,2,
1965,25,3,2,WOOLY BULLY,Sam the Sham and the Pharaohs,MGM,12,2,
1965,25,4,3,CRYING IN THE CHAPEL,Elvis Presley,RCA Victor,9,3,
1965,25,5,1,BACK IN MY ARMS AGAIN,The Supremes,Motown,8,1,
1965,25,6,8,WONDERFUL WORLD,Herman’s Hermits,MGM,4,6,
1965,25,7,5,"HELP ME, RHONDA",The Beach Boys,Capitol,10,1,
1965,25,8,7,ENGINE ENGINE #9,Roger Miller,Smash,7,7,
1965,25,9,13,FOR YOUR LOVE,The Yardbirds,Epic,6,9,
1965,25,10,14,"HUSH, HUSH, SWEET CHARLOTTE",Patti Page,Columbia,9,10,
1965,25,11,9,TICKET TO RIDE,The Beatles,Capitol,9,1,
1965,25,12,10,JUST A LITTLE,The Beau Brummels,Autumn,10,8,
1965,25,13,16,LAST CHANCE TO TURN AROUND,Gene Pitney,Musicor,7,13,
1965,25,14,11,MRS. BROWN YOU’VE GOT A LOVELY DAUGHTER,Herman’s Hermits,MGM,10,1,
1965,25,15,43,SEVENTH SON,Johnny Rivers,Imperial,3,15,
1965,25,16,29,A WALK IN THE BLACK FOREST,"Horst Jankowski, His Orchestra and Chorus",Mercury,7,16,
1965,25,17,25,BEFORE AND AFTER,Chad and Jeremy,Columbia,6,17,
1965,25,18,24,NOTHING CAN STOP ME,Gene Chandler,Constellation,10,18,
1965,25,19,19,TRUE LOVE WAYS,Peter and Gordon,Capitol,10,14,
1965,25,20,12,IT’S NOT UNUSUAL,Tom Jones,Parrot,11,10,
1965,25,21,51,YOU TURN ME ON (Turn On Song),Ian Whitcomb and Bluesville,Tower,5,21,
1965,25,22,41,WHAT THE WORLD NEEDS NOW IS LOVE,Jackie DeShannon,Imperial,5,22,
1965,25,23,40,"YES, I’M READY",Barbara Mason,Arctic,6,23,
1965,25,24,27,SHAKIN’ ALL OVER,The Guess Who,Scepter,7,24,
1965,25,25,31,CATCH THE WIND,Donovan,Hickory,6,25,
1965,25,26,67,(I Can’t Get No) SATISFACTION,The Rolling Stones,London,2,26,
1965,25,27,22,L-O-N-E-L-Y,Bobby Vinton,Epic,7,22,
1965,25,28,54,"CARA, MIA",Jay and the Americans,United Artists,3,28,
1965,25,29,47,LAURIE (Strange Things Happen),Dickey Lee,TCF Hall,6,29,
1965,25,30,37,VOODOO WOMAN,Bobby Goldsboro,United Artists,8,30,
1965,25,31,18,SILHOUETTES,Herman’s Hermits,MGM,12,5,
1965,25,32,34,(Remember Me) I’M THE ONE WHO LOVES YOU,Dean Martin,Reprise,5,32,
1965,25,33,21,JUST ONCE IN MY LIFE,The Righteous Brothers,Philles,11,9,
1965,25,34,30,YOU WERE ONLY FOOLING (While I Was Falling In Love),Vic Damone,Warner Brothers,10,30,
1965,25,35,42,GIVE US YOUR BLESSINGS,The Shangri-Las,Red Bird,4,35,
1965,25,36,46,I’VE BEEN LOVING YOU TOO LONG (To Stop Now),Otis Redding,Volt,6,36,
1965,25,37,28,CONCRETE AND CLAY,Unit Four Plus Two,London,8,28,
1965,25,38,45,"OO WEE BABY, I LOVE YOU",Fred Hughes,Vee-Jay,4,38,
1965,25,39,36,CAST YOUR FATE TO THE WIND,Sounds Orchestral,Parkway,14,10,
1965,25,40,32,BRING IT ON HOME TO ME,The Animals,MGM,6,32,
1965,25,42,33,THREE O’CLOCK IN THE MORNING,Bert Kaempfert and His Orchestra,Decca,8,33,
1965,25,43,20,QUEEN OF THE HOUSE,Jody Miller,Capitol,9,12,
1965,25,46,35,CONCRETE AND CLAY,Eddie Rambeau,DynoVoice,8,35,
1965,25,50,17,I’LL NEVER FIND ANOTHER YOU,The Seekers,Capitol,13,4,
1965,25,56,15,SHE’S ABOUT A MOVER,The Sir Douglas Quintet,Tribe,12,13,
1965,25,41,44,YOU REALLY KNOW HOW TO HURT A GUY,Jan and Dean,Liberty,5,41,
1965,25,44,57,A WORLD OF OUR OWN,The Seekers,Capitol,4,44,
1965,25,45,53,HERE COMES THE NIGHT,Them,Parrot,4,45,
1965,25,47,68,A LITTLE BIT OF HEAVEN,Ronnie Dove,Diamond,3,47,
1965,25,48,58,I DO,The Marvelows,ABC-Paramount,6,48,
1965,25,49,59,THIS LITTLE BIRD,Marianne Faithfull,London,3,49,
1965,26,1,2,MR. TAMBOURINE MAN,The Byrds,Columbia,7,1,1 week at #1
1965,26,2,1,I CAN’T HELP MYSELF,The Four Tops,Motown,7,1,
1965,26,3,3,WOOLY BULLY,Sam the Sham and the Pharaohs,MGM,13,2,
1965,26,4,26,(I Can’t Get No) SATISFACTION,The Rolling Stones,London,3,4,
1965,26,5,6,WONDERFUL WORLD,Herman’s Hermits,MGM,5,5,
1965,26,6,4,CRYING IN THE CHAPEL,Elvis Presley,RCA Victor,10,3,
1965,26,7,9,FOR YOUR LOVE,The Yardbirds,Epic,7,7,
1965,26,8,10,"HUSH, HUSH, SWEET CHARLOTTE",Patti Page,Columbia,10,8,
1965,26,9,7,"HELP ME, RHONDA",The Beach Boys,Capitol,11,1,
1965,26,10,15,SEVENTH SON,Johnny Rivers,Imperial,4,10,
1965,26,11,5,BACK IN MY ARMS AGAIN,The Supremes,Motown,9,1,
1965,26,12,23,"YES, I’M READY",Barbara Mason,Arctic,7,12,
1965,26,13,16,A WALK IN THE BLACK FOREST,"Horst Jankowski, His Orchestra and Chorus",Mercury,8,13,
1965,26,14,21,YOU TURN ME ON (Turn On Song),Ian Whitcomb and Bluesville,Tower,6,14,
1965,26,15,22,WHAT THE WORLD NEEDS NOW IS LOVE,Jackie DeShannon,Imperial,6,15,
1965,26,16,28,"CARA, MIA",Jay and the Americans,United Artists,4,16,
1965,26,17,17,BEFORE AND AFTER,Chad and Jeremy,Columbia,7,17,
1965,26,18,12,JUST A LITTLE,The Beau Brummels,Autumn,11,8,
1965,26,19,13,LAST CHANCE TO TURN AROUND,Gene Pitney,Musicor,8,13,
1965,26,20,11,TICKET TO RIDE,The Beatles,Capitol,10,1,
1965,26,21,8,ENGINE ENGINE #9,Roger Miller,Smash,8,7,
1965,26,22,29,LAURIE (Strange Things Happen),Dickey Lee,TCF Hall,7,22,
1965,26,23,14,MRS. BROWN YOU’VE GOT A LOVELY DAUGHTER,Herman’s Hermits,MGM,11,1,
1965,26,24,24,SHAKIN’ ALL OVER,The Guess Who,Scepter,8,24,
1965,26,25,25,CATCH THE WIND,Donovan,Hickory,7,25,
1965,26,26,19,TRUE LOVE WAYS,Peter and Gordon,Capitol,11,14,
1965,26,27,30,VOODOO WOMAN,Bobby Goldsboro,United Artists,9,27,
1965,26,28,36,I’VE BEEN LOVING YOU TOO LONG (To Stop Now),Otis Redding,Volt,7,28,
1965,26,29,38,"OO WEE BABY, I LOVE YOU",Fred Hughes,Vee-Jay,5,29,
1965,26,30,35,GIVE US YOUR BLESSINGS,The Shangri-Las,Red Bird,5,30,
1965,26,31,44,A WORLD OF OUR OWN,The Seekers,Capitol,5,31,
1965,26,32,47,A LITTLE BIT OF HEAVEN,Ronnie Dove,Diamond,4,32,
1965,26,33,45,HERE COMES THE NIGHT,Them,Parrot,5,33,
1965,26,34,18,NOTHING CAN STOP ME,Gene Chandler,Constellation,11,18,
1965,26,35,41,YOU REALLY KNOW HOW TO HURT A GUY,Jan and Dean,Liberty,6,35,
1965,26,36,32,(Remember Me) I’M THE ONE WHO LOVES YOU,Dean Martin,Reprise,6,32,
1965,26,37,20,IT’S NOT UNUSUAL,Tom Jones,Parrot,12,10,
1965,26,38,49,THIS LITTLE BIRD,Marianne Faithfull,London,4,38,
1965,26,39,53,TOO MANY RIVERS,Brenda Lee,Decca,5,39,
1965,26,40,27,L-O-N-E-L-Y,Bobby Vinton,Epic,8,22,
1965,26,43,37,CONCRETE AND CLAY,Unit Four Plus Two,London,9,28,
1965,26,46,31,SILHOUETTES,Herman’s Hermits,MGM,13,5,
1965,26,41,79,WHAT’S NEW PUSSYCAT,Tom Jones,Parrot,2,41,
1965,26,42,54,TONIGHT’S THE NIGHT,Solomon Burke,Atlantic,5,42,
1965,26,44,48,I DO,The Marvelows,ABC-Paramount,7,44,
1965,26,45,51,I’LL KEEP HOLDING ON,The Marvelettes,Tamla,5,45,
1965,26,47,70,(Such an) EASY QUESTION,Elvis Presley,RCA Victor,2,47,
1965,26,48,58,LITTLE LONELY ONE,Tom Jones,Tower,5,48,
1965,26,49,60,DO THE BOOMERANG,Jr. Walker and the All Stars,Soul,4,49,
1965,26,50,71,MARIE,The Bachelors,London,3,50,
1965,27,1,2,I CAN’T HELP MYSELF,The Four Tops,Motown,8,1,2 weeks at #1
1965,27,2,4,(I Can’t Get No) SATISFACTION,The Rolling Stones,London,4,2,
1965,27,3,1,MR. TAMBOURINE MAN,The Byrds,Columbia,8,1,
1965,27,4,3,WOOLY BULLY,Sam the Sham and the Pharaohs,MGM,14,2,
1965,27,5,5,WONDERFUL WORLD,Herman’s Hermits,MGM,6,5,
1965,27,6,7,FOR YOUR LOVE,The Yardbirds,Epic,8,6,
1965,27,7,10,SEVENTH SON,Johnny Rivers,Imperial,5,7,
1965,27,8,6,CRYING IN THE CHAPEL,Elvis Presley,RCA Victor,11,3,
1965,27,9,12,"YES, I’M READY",Barbara Mason,Arctic,8,9,
1965,27,10,15,WHAT THE WORLD NEEDS NOW IS LOVE,Jackie DeShannon,Imperial,7,10,
1965,27,11,16,"CARA, MIA",Jay and the Americans,United Artists,5,11,
1965,27,12,14,YOU TURN ME ON (Turn On Song),Ian Whitcomb and Bluesville,Tower,7,12,
1965,27,13,13,A WALK IN THE BLACK FOREST,"Horst Jankowski, His Orchestra and Chorus",Mercury,9,13,
1965,27,14,8,"HUSH, HUSH, SWEET CHARLOTTE",Patti Page,Columbia,11,8,
1965,27,15,11,BACK IN MY ARMS AGAIN,The Supremes,Motown,10,1,
1965,27,16,22,LAURIE (Strange Things Happen),Dickey Lee,TCF Hall,8,16,
1965,27,17,17,BEFORE AND AFTER,Chad and Jeremy,Columbia,8,17,
1965,27,18,9,"HELP ME, RHONDA",The Beach Boys,Capitol,12,1,
1965,27,19,19,LAST CHANCE TO TURN AROUND,Gene Pitney,Musicor,9,13,
1965,27,20,32,A LITTLE BIT OF HEAVEN,Ronnie Dove,Diamond,5,20,
1965,27,21,28,I’VE BEEN LOVING YOU TOO LONG (To Stop Now),Otis Redding,Volt,8,21,
1965,27,22,24,SHAKIN’ ALL OVER,The Guess Who,Scepter,9,22,
1965,27,23,25,CATCH THE WIND,Donovan,Hickory,8,23,
1965,27,24,29,"OO WEE BABY, I LOVE YOU",Fred Hughes,Vee-Jay,6,24,
1965,27,25,31,A WORLD OF OUR OWN,The Seekers,Capitol,6,25,
1965,27,26,41,WHAT’S NEW PUSSYCAT,Tom Jones,Parrot,3,26,
1965,27,27,47,(Such an) EASY QUESTION,Elvis Presley,RCA Victor,3,27,
1965,27,28,33,HERE COMES THE NIGHT,Them,Parrot,6,28,
1965,27,29,30,GIVE US YOUR BLESSINGS,The Shangri-Las,Red Bird,6,29,
1965,27,30,35,YOU REALLY KNOW HOW TO HURT A GUY,Jan and Dean,Liberty,7,30,
1965,27,31,27,VOODOO WOMAN,Bobby Goldsboro,United Artists,10,27,
1965,27,32,42,TONIGHT’S THE NIGHT,Solomon Burke,Atlantic,6,32,
1965,27,33,39,TOO MANY RIVERS,Brenda Lee,Decca,6,33,
1965,27,34,45,I’LL KEEP HOLDING ON,The Marvelettes,Tamla,6,34,
1965,27,35,38,THIS LITTLE BIRD,Marianne Faithfull,London,5,35,
1965,27,36,18,JUST A LITTLE,The Beau Brummels,Autumn,12,8,
1965,27,37,44,I DO,The Marvelows,ABC-Paramount,8,37,
1965,27,38,21,ENGINE ENGINE #9,Roger Miller,Smash,9,7,
1965,27,39,49,DO THE BOOMERANG,Jr. Walker and the All Stars,Soul,5,39,
1965,27,40,50,MARIE,The Bachelors,London,4,40,
1965,27,45,34,NOTHING CAN STOP ME,Gene Chandler,Constellation,12,18,
1965,27,47,20,TICKET TO RIDE,The Beatles,Capitol,11,1,
1965,27,63,36,(Remember Me) I’M THE ONE WHO LOVES YOU,Dean Martin,Reprise,7,32,
1965,27,41,51,SET ME FREE,The Kinks,Reprise,4,41,
1965,27,43,58,I LIKE IT LIKE THAT,The Dave Clark Five,Epic,3,43,
1965,27,44,59,GIRL COME RUNNING,The Four Seasons,Philips,3,44,
1965,27,46,48,LITTLE LONELY ONE,Tom Jones,Tower,6,46,
1965,27,48,53,YOU’LL NEVER WALK ALONE,Gerry and the Pacemakers,Laurie,5,48,
1965,27,49,73,SITTING IN THE PARK,Billy Stewart,Chess,3,49,
1965,27,50,62,WHO’S CHEATING WHO?,Little Milton,Checker,4,50,
1965,28,1,2,(I Can’t Get No) SATISFACTION,The Rolling Stones,London,5,1,1 week at #1
1965,28,2,1,I CAN’T HELP MYSELF,The Four Tops,Motown,9,1,
1965,28,3,3,MR. TAMBOURINE MAN,The Byrds,Columbia,9,1,
1965,28,4,5,WONDERFUL WORLD,Herman’s Hermits,MGM,7,4,
1965,28,5,4,WOOLY BULLY,Sam the Sham and the Pharaohs,MGM,15,2,
1965,28,6,9,"YES, I’M READY",Barbara Mason,Arctic,9,6,
1965,28,7,7,SEVENTH SON,Johnny Rivers,Imperial,6,7,
1965,28,8,11,"CARA, MIA",Jay and the Americans,United Artists,6,8,
1965,28,9,12,YOU TURN ME ON (Turn On Song),Ian Whitcomb and Bluesville,Tower,8,9,
1965,28,10,10,WHAT THE WORLD NEEDS NOW IS LOVE,Jackie DeShannon,Imperial,8,10,
1965,28,11,6,FOR YOUR LOVE,The Yardbirds,Epic,9,6,
1965,28,12,13,A WALK IN THE BLACK FOREST,"Horst Jankowski, His Orchestra and Chorus",Mercury,10,12,
1965,28,13,42,"I’M HENRY THE VIII, I AM",Herman’s Hermits,MGM,2,13,
1965,28,14,16,LAURIE (Strange Things Happen),Dickey Lee,TCF Hall,9,14,
1965,28,15,8,CRYING IN THE CHAPEL,Elvis Presley,RCA Victor,12,3,
1965,28,16,14,"HUSH, HUSH, SWEET CHARLOTTE",Patti Page,Columbia,12,8,
1965,28,17,26,WHAT’S NEW PUSSYCAT,Tom Jones,Parrot,4,17,
1965,28,18,20,A LITTLE BIT OF HEAVEN,Ronnie Dove,Diamond,6,18,
1965,28,19,25,A WORLD OF OUR OWN,The Seekers,Capitol,7,19,
1965,28,20,27,(Such an) EASY QUESTION,Elvis Presley,RCA Victor,4,20,
1965,28,21,21,I’VE BEEN LOVING YOU TOO LONG (To Stop Now),Otis Redding,Volt,9,21,
1965,28,22,22,SHAKIN’ ALL OVER,The Guess Who,Scepter,10,22,
1965,28,23,24,"OO WEE BABY, I LOVE YOU",Fred Hughes,Vee-Jay,7,23,
1965,28,24,33,TOO MANY RIVERS,Brenda Lee,Decca,7,24,
1965,28,25,18,"HELP ME, RHONDA",The Beach Boys,Capitol,13,1,
1965,28,26,28,HERE COMES THE NIGHT,Them,Parrot,7,26,
1965,28,27,30,YOU REALLY KNOW HOW TO HURT A GUY,Jan and Dean,Liberty,8,27,
1965,28,28,40,MARIE,The Bachelors,London,5,28,
1965,28,29,32,TONIGHT’S THE NIGHT,Solomon Burke,Atlantic,7,29,
1965,28,30,41,SET ME FREE,The Kinks,Reprise,5,30,
1965,28,31,43,I LIKE IT LIKE THAT,The Dave Clark Five,Epic,4,31,
1965,28,32,23,CATCH THE WIND,Donovan,Hickory,9,23,
1965,28,33,54,I WANT CANDY,The Strangeloves,Bang,3,33,
1965,28,34,44,GIRL COME RUNNING,The Four Seasons,Philips,4,34,
1965,28,35,35,THIS LITTLE BIRD,Marianne Faithfull,London,6,35,
1965,28,36,39,DO THE BOOMERANG,Jr. Walker and the All Stars,Soul,6,36,
1965,28,37,15,BACK IN MY ARMS AGAIN,The Supremes,Motown,11,1,
1965,28,38,49,SITTING IN THE PARK,Billy Stewart,Chess,4,38,
1965,28,39,29,GIVE US YOUR BLESSINGS,The Shangri-Las,Red Bird,7,29,
1965,28,40,31,VOODOO WOMAN,Bobby Goldsboro,United Artists,11,27,
1965,28,42,17,BEFORE AND AFTER,Chad and Jeremy,Columbia,9,17,
1965,28,44,19,LAST CHANCE TO TURN AROUND,Gene Pitney,Musicor,10,13,
1965,28,54,37,I DO,The Marvelows,ABC-Paramount,9,37,
1965,28,55,34,I’LL KEEP HOLDING ON,The Marvelettes,Tamla,7,34,
1965,28,41,52,"SUNSHINE, LOLLIPOPS AND RAINBOWS",Lesley Gore,Mercury,4,41,
1965,28,43,46,LITTLE LONELY ONE,Tom Jones,Tower,7,43,
1965,28,45,57,DON’T JUST STAND THERE,Patty Duke,United Artists,3,45,
1965,28,46,56,THEME FROM “A SUMMER PLACE”,The Lettermen,Capitol,3,46,
1965,28,47,61,TAKE ME BACK,Little Anthony and the Imperials,DCP,3,47,
1965,28,48,50,WHO’S CHEATING WHO?,Little Milton,Checker,5,48,
1965,28,49,55,IT’S JUST A LITTLE BIT TOO LATE,Wayne Fontana and the Mindbenders,Fontana,5,49,
1965,28,50,53,SEEIN’ THE RIGHT LOVE GO WRONG,Jack Jones,Kapp,5,50,
1965,29,1,1,(I Can’t Get No) SATISFACTION,The Rolling Stones,London,6,1,2 weeks at #1
1965,29,2,2,I CAN’T HELP MYSELF,The Four Tops,Motown,10,1,
1965,29,3,13,"I’M HENRY THE VIII, I AM",Herman’s Hermits,MGM,3,3,
1965,29,4,3,MR. TAMBOURINE MAN,The Byrds,Columbia,10,1,
1965,29,5,8,"CARA, MIA",Jay and the Americans,United Artists,7,5,
1965,29,6,6,"YES, I’M READY",Barbara Mason,Arctic,10,6,
1965,29,7,7,SEVENTH SON,Johnny Rivers,Imperial,7,7,
1965,29,8,9,YOU TURN ME ON (Turn On Song),Ian Whitcomb and Bluesville,Tower,9,8,
1965,29,9,10,WHAT THE WORLD NEEDS NOW IS LOVE,Jackie DeShannon,Imperial,9,9,
1965,29,10,17,WHAT’S NEW PUSSYCAT,Tom Jones,Parrot,5,10,
1965,29,11,5,WOOLY BULLY,Sam the Sham and the Pharaohs,MGM,16,5,
1965,29,12,4,WONDERFUL WORLD,Herman’s Hermits,MGM,8,4,
1965,29,13,11,FOR YOUR LOVE,The Yardbirds,Epic,10,6,
1965,29,14,12,A WALK IN THE BLACK FOREST,"Horst Jankowski, His Orchestra and Chorus",Mercury,11,12,
1965,29,15,20,(Such an) EASY QUESTION,Elvis Presley,RCA Victor,5,15,
1965,29,16,18,A LITTLE BIT OF HEAVEN,Ronnie Dove,Diamond,7,16,
1965,29,17,14,LAURIE (Strange Things Happen),Dickey Lee,TCF Hall,10,14,
1965,29,18,24,TOO MANY RIVERS,Brenda Lee,Decca,8,18,
1965,29,19,19,A WORLD OF OUR OWN,The Seekers,Capitol,8,19,
1965,29,20,15,CRYING IN THE CHAPEL,Elvis Presley,RCA Victor,13,3,
1965,29,21,16,"HUSH, HUSH, SWEET CHARLOTTE",Patti Page,Columbia,13,8,
1965,29,22,28,MARIE,The Bachelors,London,6,22,
1965,29,23,21,I’VE BEEN LOVING YOU TOO LONG (To Stop Now),Otis Redding,Volt,10,21,
1965,29,24,26,HERE COMES THE NIGHT,Them,Parrot,8,24,
1965,29,25,30,SET ME FREE,The Kinks,Reprise,6,25,
1965,29,26,31,I LIKE IT LIKE THAT,The Dave Clark Five,Epic,5,26,
1965,29,27,33,I WANT CANDY,The Strangeloves,Bang,4,27,
1965,29,28,29,TONIGHT’S THE NIGHT,Solomon Burke,Atlantic,8,28,
1965,29,29,38,SITTING IN THE PARK,Billy Stewart,Chess,5,29,
1965,29,30,34,GIRL COME RUNNING,The Four Seasons,Philips,5,30,
1965,29,31,41,"SUNSHINE, LOLLIPOPS AND RAINBOWS",Lesley Gore,Mercury,5,31,
1965,29,32,35,THIS LITTLE BIRD,Marianne Faithfull,London,7,32,
1965,29,33,23,"OO WEE BABY, I LOVE YOU",Fred Hughes,Vee-Jay,8,23,
1965,29,34,45,DON’T JUST STAND THERE,Patty Duke,United Artists,4,34,
1965,29,35,46,THEME FROM “A SUMMER PLACE”,The Lettermen,Capitol,4,35,
1965,29,36,27,YOU REALLY KNOW HOW TO HURT A GUY,Jan and Dean,Liberty,9,27,
1965,29,37,47,TAKE ME BACK,Little Anthony and the Imperials,DCP,4,37,
1965,29,38,22,SHAKIN’ ALL OVER,The Guess Who,Scepter,11,22,
1965,29,39,53,"BABY, I’M YOURS",Barbara Lewis,Atlantic,5,39,
1965,29,40,56,SAVE YOUR HEART FOR ME,Gary Lewis and the Playboys,Liberty,3,40,
1965,29,44,25,"HELP ME, RHONDA",The Beach Boys,Capitol,14,1,
1965,29,45,32,CATCH THE WIND,Donovan,Hickory,10,23,
1965,29,52,39,GIVE US YOUR BLESSINGS,The Shangri-Las,Red Bird,8,29,
1965,29,53,36,DO THE BOOMERANG,Jr. Walker and the All Stars,Soul,7,36,
1965,29,41,52,"HOLD ME, THRILL ME, KISS ME",Mel Carter,Imperial,4,41,
1965,29,42,43,LITTLE LONELY ONE,Tom Jones,Tower,8,42,
1965,29,43,48,WHO’S CHEATING WHO?,Little Milton,Checker,6,43,
1965,29,46,49,IT’S JUST A LITTLE BIT TOO LATE,Wayne Fontana and the Mindbenders,Fontana,6,46,
1965,29,47,50,SEEIN’ THE RIGHT LOVE GO WRONG,Jack Jones,Kapp,6,47,
1965,29,48,51,MEETING OVER YONDER,The Impressions,ABC-Paramount,7,48,
1965,29,49,66,PRETTY LITTLE BABY,Marvin Gaye,Tamla,2,49,
1965,29,50,60,I’M A FOOL,"Dino, Desi and Billy",Reprise,4,50,
1965,30,1,1,(I Can’t Get No) SATISFACTION,The Rolling Stones,London,7,1,3 weeks at #1
1965,30,2,3,"I’M HENRY THE VIII, I AM",Herman’s Hermits,MGM,4,2,
1965,30,3,2,I CAN’T HELP MYSELF,The Four Tops,Motown,11,1,
1965,30,4,10,WHAT’S NEW PUSSYCAT,Tom Jones,Parrot,6,4,
1965,30,5,5,"CARA, MIA",Jay and the Americans,United Artists,8,5,
1965,30,6,6,"YES, I’M READY",Barbara Mason,Arctic,11,6,
1965,30,7,9,WHAT THE WORLD NEEDS NOW IS LOVE,Jackie DeShannon,Imperial,10,7,
1965,30,8,7,SEVENTH SON,Johnny Rivers,Imperial,8,7,
1965,30,9,4,MR. TAMBOURINE MAN,The Byrds,Columbia,11,1,
1965,30,10,8,YOU TURN ME ON (Turn On Song),Ian Whitcomb and Bluesville,Tower,10,8,
1965,30,11,15,(Such an) EASY QUESTION,Elvis Presley,RCA Victor,6,11,
1965,30,12,26,I LIKE IT LIKE THAT,The Dave Clark Five,Epic,6,12,
1965,30,13,40,SAVE YOUR HEART FOR ME,Gary Lewis and the Playboys,Liberty,4,13,
1965,30,14,18,TOO MANY RIVERS,Brenda Lee,Decca,9,14,
1965,30,15,22,MARIE,The Bachelors,London,7,15,
1965,30,16,16,A LITTLE BIT OF HEAVEN,Ronnie Dove,Diamond,8,16,
1965,30,17,11,WOOLY BULLY,Sam the Sham and the Pharaohs,MGM,17,2,
1965,30,18,27,I WANT CANDY,The Strangeloves,Bang,5,18,
1965,30,19,31,"SUNSHINE, LOLLIPOPS AND RAINBOWS",Lesley Gore,Mercury,6,19,
1965,30,20,13,FOR YOUR LOVE,The Yardbirds,Epic,11,6,
1965,30,21,17,LAURIE (Strange Things Happen),Dickey Lee,TCF Hall,11,14,
1965,30,22,34,DON’T JUST STAND THERE,Patty Duke,United Artists,5,22,
1965,30,23,25,SET ME FREE,The Kinks,Reprise,7,23,
1965,30,24,24,HERE COMES THE NIGHT,Them,Parrot,9,24,
1965,30,25,12,WONDERFUL WORLD,Herman’s Hermits,MGM,9,4,
1965,30,26,35,THEME FROM “A SUMMER PLACE”,The Lettermen,Capitol,5,26,
1965,30,27,29,SITTING IN THE PARK,Billy Stewart,Chess,6,27,
1965,30,28,19,A WORLD OF OUR OWN,The Seekers,Capitol,9,19,
1965,30,29,14,A WALK IN THE BLACK FOREST,"Horst Jankowski, His Orchestra and Chorus",Mercury,12,12,
1965,30,30,33,"OO WEE BABY, I LOVE YOU",Fred Hughes,Vee-Jay,9,23,
1965,30,31,41,"HOLD ME, THRILL ME, KISS ME",Mel Carter,Imperial,5,31,
1965,30,32,28,TONIGHT’S THE NIGHT,Solomon Burke,Atlantic,9,28,
1965,30,33,39,"BABY, I’M YOURS",Barbara Lewis,Atlantic,6,33,
1965,30,34,37,TAKE ME BACK,Little Anthony and the Imperials,DCP,5,34,
1965,30,35,51,TO KNOW YOU IS TO LOVE YOU,Peter and Gordon,Capitol,3,35,
1965,30,36,23,I’VE BEEN LOVING YOU TOO LONG (To Stop Now),Otis Redding,Volt,11,21,
1965,30,37,49,PRETTY LITTLE BABY,Marvin Gaye,Tamla,3,37,
1965,30,38,50,I’M A FOOL,"Dino, Desi, and Billy",Reprise,5,38,
1965,30,39,32,THIS LITTLE BIRD,Marianne Faithfull,London,8,32,
1965,30,40,30,GIRL COME RUNNING,The Four Seasons,Philips,6,30,
1965,30,41,20,CRYING IN THE CHAPEL,Elvis Presley,RCA Victor,14,3,
1965,30,46,21,"HUSH, HUSH, SWEET CHARLOTTE",Patti Page,Columbia,14,8,
1965,30,42,54,RIDE YOUR PONY,Lee Dorsey,Amy,4,42,
1965,30,43,60,DOWN IN THE BOONDOCKS,Billy Joe Royal,Columbia,4,43,
1965,30,44,66,YOU’D BETTER COME HOME,Petula Clark,Warner Brothers,3,44,
1965,30,45,46,IT’S JUST A LITTLE BIT TOO LATE,Wayne Fontana and the Mindbenders,Fontana,7,45,
1965,30,47,47,SEEIN’ THE RIGHT LOVE GO WRONG,Jack Jones,Kapp,7,47,
1965,30,48,57,TRAINS AND BOATS AND PLANES,Billy J. Kramer and the Dakotas,Imperial,5,48,
1965,30,49,43,WHO’S CHEATING WHO?,Little Milton,Checker,7,43,
1965,30,50,63,(Say) YOU’RE MY GIRL,Roy Orbison,Monument,3,50,
1965,31,1,1,(I Can’t Get No) SATISFACTION,The Rolling Stones,London,8,1,4 weeks at #1
1965,31,2,2,"I’M HENRY THE VIII, I AM",Herman’s Hermits,MGM,5,2,
1965,31,3,4,WHAT’S NEW PUSSYCAT,Tom Jones,Parrot,7,3,
1965,31,4,5,"CARA, MIA",Jay and the Americans,United Artists,9,4,
1965,31,5,6,"YES, I’M READY",Barbara Mason,Arctic,12,5,
1965,31,6,3,I CAN’T HELP MYSELF,The Four Tops,Motown,12,1,
1965,31,7,7,WHAT THE WORLD NEEDS NOW IS LOVE,Jackie DeShannon,Imperial,11,7,
1965,31,8,13,SAVE YOUR HEART FOR ME,Gary Lewis and the Playboys,Liberty,5,8,
1965,31,9,12,I LIKE IT LIKE THAT,The Dave Clark Five,Epic,7,9,
1965,31,10,8,SEVENTH SON,Johnny Rivers,Imperial,9,7,
1965,31,11,11,(Such an) EASY QUESTION,Elvis Presley,RCA Victor,7,11,
1965,31,12,18,I WANT CANDY,The Strangeloves,Bang,6,12,
1965,31,13,14,TOO MANY RIVERS,Brenda Lee,Decca,10,13,
1965,31,14,22,DON’T JUST STAND THERE,Patty Duke,United Artists,6,14,
1965,31,15,15,MARIE,The Bachelors,London,8,15,
1965,31,16,19,"SUNSHINE, LOLLIPOPS AND RAINBOWS",Lesley Gore,Mercury,7,16,
1965,31,17,10,YOU TURN ME ON (Turn On Song),Ian Whitcomb and Bluesville,Tower,11,8,
1965,31,18,9,MR. TAMBOURINE MAN,The Byrds,Columbia,12,1,
1965,31,19,26,THEME FROM “A SUMMER PLACE”,The Lettermen,Capitol,6,19,
1965,31,20,16,A LITTLE BIT OF HEAVEN,Ronnie Dove,Diamond,9,16,
1965,31,21,21,LAURIE (Strange Things Happen),Dickey Lee,TCF Hall,12,14,
1965,31,22,57,I GOT YOU BABE,Sonny and Cher,Atco,4,22,
1965,31,23,33,"BABY, I’M YOURS",Barbara Lewis,Atlantic,7,23,
1965,31,24,27,SITTING IN THE PARK,Billy Stewart,Chess,7,24,
1965,31,25,31,"HOLD ME, THRILL ME, KISS ME",Mel Carter,Imperial,6,25,
1965,31,26,34,TAKE ME BACK,Little Anthony and the Imperials,DCP,6,26,
1965,31,27,43,DOWN IN THE BOONDOCKS,Billy Joe Royal,Columbia,5,27,
1965,31,28,38,I’M A FOOL,"Dino, Desi and Billy",Reprise,6,28,
1965,31,29,35,TO KNOW YOU IS TO LOVE YOU,Peter and Gordon,Capitol,4,29,
1965,31,30,37,PRETTY LITTLE BABY,Marvin Gaye,Tamla,4,30,
1965,31,31,44,YOU’D BETTER COME HOME,Petula Clark,Warner Brothers,4,31,
1965,31,32,42,RIDE YOUR PONY,Lee Dorsey,Amy,5,32,
1965,31,33,24,HERE COMES THE NIGHT,Them,Parrot,10,24,
1965,31,34,23,SET ME FREE,The Kinks,Reprise,8,23,
1965,31,35,29,A WALK IN THE BLACK FOREST,"Horst Jankowski, His Orchestra and Chorus",Mercury,13,12,
1965,31,36,17,WOOLY BULLY,Sam the Sham and the Pharaohs,MGM,18,2,
1965,31,37,32,TONIGHT’S THE NIGHT,Solomon Burke,Atlantic,10,28,
1965,31,38,56,UNCHAINED MELODY,The Righteous Brothers,Philles,3,38,
1965,31,39,20,FOR YOUR LOVE,The Yardbirds,Epic,12,6,
1965,31,40,28,A WORLD OF OUR OWN,The Seekers,Capitol,10,19,
1965,31,48,25,WONDERFUL WORLD,Herman’s Hermits,MGM,10,4,
1965,31,55,40,GIRL COME RUNNING,The Four Seasons,Philips,7,30,
1965,31,56,30,"OO WEE BABY, I LOVE YOU",Fred Hughes,Vee-Jay,10,23,
1965,31,41,59,ONE DYIN’ AND A BURYIN’,Roger Miller,Smash,4,41,
1965,31,42,53,ALL I REALLY WANT TO DO,Cher,Imperial,5,42,
1965,31,43,50,(Say) YOU’RE MY GIRL,Roy Orbison,Monument,4,43,
1965,31,44,65,PAPA’S GOT A BRAND NEW BAG (Part 1),James Brown and the Famous Flames,King,3,44,
1965,31,45,55,ALL I REALLY WANT TO DO,The Byrds,Columbia,5,45,
1965,31,46,47,SEEIN’ THE RIGHT LOVE GO WRONG,Jack Jones,Kapp,8,46,
1965,31,47,48,TRAINS AND BOATS AND PLANES,Billy J. Kramer and the Dakotas,Imperial,6,47,
1965,31,49,52,NOBODY KNOWS WHAT’S GOING ON (In My Mind But Me),The Chiffons,Laurie,7,49,
1965,31,50,60,I’LL ALWAYS LOVE YOU,The Spinners,Motown,3,50,
1965,32,1,2,"I’M HENRY THE VIII, I AM",Herman’s Hermits,MGM,6,1,1 week at #1
1965,32,2,1,(I Can’t Get No) SATISFACTION,The Rolling Stones,London,9,1,
1965,32,3,3,WHAT’S NEW PUSSYCAT,Tom Jones,Parrot,8,3,
1965,32,4,8,SAVE YOUR HEART FOR ME,Gary Lewis and the Playboys,Liberty,6,4,
1965,32,5,22,I GOT YOU BABE,Sonny and Cher,Atco,5,5,
1965,32,6,5,"YES, I’M READY",Barbara Mason,Arctic,13,5,
1965,32,7,9,I LIKE IT LIKE THAT,The Dave Clark Five,Epic,8,7,
1965,32,8,4,"CARA, MIA",Jay and the Americans,United Artists,10,4,
1965,32,9,6,I CAN’T HELP MYSELF,The Four Tops,Motown,13,1,
1965,32,10,14,DON’T JUST STAND THERE,Patty Duke,United Artists,7,10,
1965,32,11,7,WHAT THE WORLD NEEDS NOW IS LOVE,Jackie DeShannon,Imperial,12,7,
1965,32,12,12,I WANT CANDY,The Strangeloves,Bang,7,12,
1965,32,13,16,"SUNSHINE, LOLLIPOPS AND RAINBOWS",Lesley Gore,Mercury,8,13,
1965,32,14,27,DOWN IN THE BOONDOCKS,Billy Joe Royal,Columbia,6,14,
1965,32,15,38,UNCHAINED MELODY,The Righteous Brothers,Philles,4,15,
1965,32,16,19,THEME FROM “A SUMMER PLACE”,The Lettermen,Capitol,7,16,
1965,32,17,54,IT’S THE SAME OLD SONG,The Four Tops,Motown,2,17,
1965,32,18,23,"BABY, I’M YOURS",Barbara Lewis,Atlantic,8,18,
1965,32,19,26,TAKE ME BACK,Little Anthony and the Imperials,DCP,7,19,
1965,32,20,25,"HOLD ME, THRILL ME, KISS ME",Mel Carter,Imperial,7,20,
1965,32,21,10,SEVENTH SON,Johnny Rivers,Imperial,10,7,
1965,32,22,28,I’M A FOOL,"Dino, Desi and Billy",Reprise,7,22,
1965,32,23,42,ALL I REALLY WANT TO DO,Cher,Imperial,6,23,
1965,32,24,29,TO KNOW YOU IS TO LOVE YOU,Peter and Gordon,Capitol,5,24,
1965,32,25,13,TOO MANY RIVERS,Brenda Lee,Decca,11,13,
1965,32,26,31,YOU’D BETTER COME HOME,Petula Clark,Warner Brothers,5,26,
1965,32,27,30,PRETTY LITTLE BABY,Marvin Gaye,Tamla,5,27,
1965,32,28,52,CALIFORNIA GIRLS,The Beach Boys,Capitol,3,28,
1965,32,29,32,RIDE YOUR PONY,Lee Dorsey,Amy,6,29,
1965,32,30,44,PAPA’S GOT A BRAND NEW BAG (Part 1),James Brown and the Famous Flames,King,4,30,
1965,32,31,15,MARIE,The Bachelors,London,9,15,
1965,32,32,24,SITTING IN THE PARK,Billy Stewart,Chess,8,24,
1965,32,33,57,YOU WERE ON MY MIND,We Five,A&M,3,33,
1965,32,34,17,YOU TURN ME ON (Turn On Song),Ian Whitcomb and Bluesville,Tower,12,8,
1965,32,35,11,(Such an) EASY QUESTION,Elvis Presley,RCA Victor,8,11,
1965,32,36,41,ONE DYIN’ AND A BURYIN’,Roger Miller,Smash,5,36,
1965,32,37,51,THE TRACKS OF MY TEARS,The Miracles,Tamla,4,37,
1965,32,38,18,MR. TAMBOURINE MAN,The Byrds,Columbia,13,1,
1965,32,39,53,SINCE I LOST MY BABY,The Temptations,Gordy,3,39,
1965,32,40,43,(Say) YOU’RE MY GIRL,Roy Orbison,Monument,5,40,
1965,32,42,20,A LITTLE BIT OF HEAVEN,Ronnie Dove,Diamond,10,16,
1965,32,46,21,LAURIE (Strange Things Happen),Dickey Lee,TCF Hall,13,14,
1965,32,43,45,ALL I REALLY WANT TO DO,The Byrds,Columbia,6,43,
1965,32,44,76,LIKE A ROLLING STONE,Bob Dylan,Columbia,3,44,
1965,32,45,50,I’LL ALWAYS LOVE YOU,The Spinners,Motown,4,45,
1965,32,47,88,NOTHING BUT HEARTACHES,The Supremes,Motown,2,47,
1965,32,48,58,NEW ORLEANS,Eddie Hodges,Aurora,6,48,
1965,32,49,49,NOBODY KNOWS WHAT’S GOING ON (In My Mind But Me),The Chiffons,Laurie,8,49,
1965,32,50,47,TRAINS AND BOATS AND PLANES,Billy J. Kramer and the Dakotas,Imperial,7,47,
1965,33,1,5,I GOT YOU BABE,Sonny and Cher,Atco,6,1,1 week at #1
1965,33,2,2,(I Can’t Get No) SATISFACTION,The Rolling Stones,London,10,1,
1965,33,3,4,SAVE YOUR HEART FOR ME,Gary Lewis and the Playboys,Liberty,7,3,
1965,33,4,1,"I’M HENRY THE VIII, I AM",Herman’s Hermits,MGM,7,1,
1965,33,5,3,WHAT’S NEW PUSSYCAT,Tom Jones,Parrot,9,3,
1965,33,6,15,UNCHAINED MELODY,The Righteous Brothers,Philles,5,6,
1965,33,7,17,IT’S THE SAME OLD SONG,The Four Tops,Motown,3,7,
1965,33,8,10,DON’T JUST STAND THERE,Patty Duke,United Artists,8,8,
1965,33,9,28,CALIFORNIA GIRLS,The Beach Boys,Capitol,4,9,
1965,33,10,14,DOWN IN THE BOONDOCKS,Billy Joe Royal,Columbia,7,10,
1965,33,11,12,I WANT CANDY,The Strangeloves,Bang,8,11,
1965,33,12,18,"BABY, I’M YOURS",Barbara Lewis,Atlantic,9,12,
1965,33,13,7,I LIKE IT LIKE THAT,The Dave Clark Five,Epic,9,7,
1965,33,14,41,HELP!,The Beatles,Capitol,2,14,
1965,33,15,20,"HOLD ME, THRILL ME, KISS ME",Mel Carter,Imperial,8,15,
1965,33,16,19,TAKE ME BACK,Little Anthony and the Imperials,DCP,8,16,
1965,33,17,22,I’M A FOOL,"Dino, Desi and Billy",Reprise,8,17,
1965,33,18,23,ALL I REALLY WANT TO DO,Cher,Imperial,7,18,
1965,33,19,8,"CARA, MIA",Jay and the Americans,United Artists,11,4,
1965,33,20,30,PAPA’S GOT A BRAND NEW BAG (Part 1),James Brown and the Famous Flames,King,5,20,
1965,33,21,13,"SUNSHINE, LOLLIPOPS AND RAINBOWS",Lesley Gore,Mercury,9,13,
1965,33,22,33,YOU WERE ON MY MIND,We Five,A&M,4,22,
1965,33,23,26,YOU’D BETTER COME HOME,Petula Clark,Warner Brothers,6,23,
1965,33,24,24,TO KNOW YOU IS TO LOVE YOU,Peter and Gordon,Capitol,6,24,
1965,33,25,27,PRETTY LITTLE BABY,Marvin Gaye,Tamla,6,25,
1965,33,26,44,LIKE A ROLLING STONE,Bob Dylan,Columbia,4,26,
1965,33,27,47,NOTHING BUT HEARTACHES,The Supremes,Motown,3,27,
1965,33,28,29,RIDE YOUR PONY,Lee Dorsey,Amy,7,28,
1965,33,29,39,SINCE I LOST MY BABY,The Temptations,Gordy,4,29,
1965,33,30,37,THE TRACKS OF MY TEARS,The Miracles,Tamla,5,30,
1965,33,31,6,"YES, I’M READY",Barbara Mason,Arctic,14,5,
1965,33,32,16,THEME FROM “A SUMMER PLACE”,The Lettermen,Capitol,8,16,
1965,33,33,11,WHAT THE WORLD NEEDS NOW IS LOVE,Jackie DeShannon,Imperial,13,7,
1965,33,34,36,ONE DYIN’ AND A BURYIN’,Roger Miller,Smash,6,34,
1965,33,35,9,I CAN’T HELP MYSELF,The Four Tops,Motown,14,1,
1965,33,36,25,TOO MANY RIVERS,Brenda Lee,Decca,12,13,
1965,33,37,52,IN THE MIDNIGHT HOUR,Wilson Pickett,Atlantic,6,37,
1965,33,38,45,I’LL ALWAYS LOVE YOU,The Spinners,Motown,5,38,
1965,33,39,40,(Say) YOU’RE MY GIRL,Roy Orbison,Monument,6,39,
1965,33,40,31,MARIE,The Bachelors,London,10,15,
1965,33,43,21,SEVENTH SON,Johnny Rivers,Imperial,11,7,
1965,33,45,34,YOU TURN ME ON (Turn On Song),Ian Whitcomb and Bluesville,Tower,13,8,
1965,33,41,51,LOOKING THROUGH THE EYES OF LOVE,Gene Pitney,Musicor,4,41,
1965,33,42,43,ALL I REALLY WANT TO DO,The Byrds,Columbia,7,42,
1965,33,44,48,NEW ORLEANS,Eddie Hodges,Aurora,7,44,
1965,33,46,59,YOU TELL ME WHY,The Beau Brummels,Autumn,4,46,
1965,33,47,57,JU JU HAND,Sam the Sham and the Pharaohs,MGM,3,47,
1965,33,48,58,SHAKE AND FINGERPOP,Jr. Walker and the All Stars,Soul,3,48,
1965,33,49,69,HEART FULL OF SOUL,The Yardbirds,Epic,3,49,
1965,33,50,53,HUNG ON YOU,The Righteous Brothers,Philles,5,50,
1965,34,1,1,I GOT YOU BABE,Sonny and Cher,Atco,7,1,2 weeks at #1
1965,34,2,3,SAVE YOUR HEART FOR ME,Gary Lewis and the Playboys,Liberty,8,2,
1965,34,3,14,HELP!,The Beatles,Capitol,3,3,
1965,34,4,9,CALIFORNIA GIRLS,The Beach Boys,Capitol,5,4,
1965,34,5,6,UNCHAINED MELODY,The Righteous Brothers,Philles,6,5,
1965,34,6,2,(I Can’t Get No) SATISFACTION,The Rolling Stones,London,11,1,
1965,34,7,7,IT’S THE SAME OLD SONG,The Four Tops,Motown,4,7,
1965,34,8,8,DON’T JUST STAND THERE,Patty Duke,United Artists,9,8,
1965,34,9,4,"I’M HENRY THE VIII, I AM",Herman’s Hermits,MGM,8,1,
1965,34,10,10,DOWN IN THE BOONDOCKS,Billy Joe Royal,Columbia,8,10,
1965,34,11,12,"BABY, I’M YOURS",Barbara Lewis,Atlantic,10,11,
1965,34,12,5,WHAT’S NEW PUSSYCAT,Tom Jones,Parrot,10,3,
1965,34,13,15,"HOLD ME, THRILL ME, KISS ME",Mel Carter,Imperial,9,13,
1965,34,14,20,PAPA’S GOT A BRAND NEW BAG (Part 1),James Brown and the Famous Flames,King,6,14,
1965,34,15,18,ALL I REALLY WANT TO DO,Cher,Imperial,8,15,
1965,34,16,26,LIKE A ROLLING STONE,Bob Dylan,Columbia,5,16,
1965,34,17,22,YOU WERE ON MY MIND,We Five,A&M,5,17,
1965,34,18,27,NOTHING BUT HEARTACHES,The Supremes,Motown,4,18,
1965,34,19,16,TAKE ME BACK,Little Anthony and the Imperials,DCP,9,16,
1965,34,20,17,I’M A FOOL,"Dino, Desi and Billy",Reprise,9,17,
1965,34,21,11,I WANT CANDY,The Strangeloves,Bang,9,11,
1965,34,22,23,YOU’D BETTER COME HOME,Petula Clark,Warner Brothers,7,22,
1965,34,23,30,THE TRACKS OF MY TEARS,The Miracles,Tamla,6,23,
1965,34,24,29,SINCE I LOST MY BABY,The Temptations,Gordy,5,24,
1965,34,25,13,I LIKE IT LIKE THAT,The Dave Clark Five,Epic,10,7,
1965,34,26,19,"CARA, MIA",Jay and the Americans,United Artists,12,4,
1965,34,27,37,IN THE MIDNIGHT HOUR,Wilson Pickett,Atlantic,7,27,
1965,34,28,21,"SUNSHINE, LOLLIPOPS AND RAINBOWS",Lesley Gore,Mercury,10,13,
1965,34,29,47,JU JU HAND,Sam the Sham and the Pharaohs,MGM,4,29,
1965,34,30,49,HEART FULL OF SOUL,The Yardbirds,Epic,4,30,
1965,34,31,41,LOOKING THROUGH THE EYES OF LOVE,Gene Pitney,Musicor,5,31,
1965,34,32,53,IT AIN’T ME BABE,The Turtles,White Whale,3,32,
1965,34,33,25,PRETTY LITTLE BABY,Marvin Gaye,Tamla,7,25,
1965,34,34,57,THE “IN” CROWD,The Ramsey Lewis Trio,Argo,4,34,
1965,34,35,38,I’LL ALWAYS LOVE YOU,The Spinners,Motown,6,35,
1965,34,36,24,TO KNOW YOU IS TO LOVE YOU,Peter and Gordon,Capitol,7,24,
1965,34,37,48,SHAKE AND FINGERPOP,Jr. Walker and the All Stars,Soul,4,37,
1965,34,38,58,HOUSTON,Dean Martin,Reprise,3,38,
1965,34,39,28,RIDE YOUR PONY,Lee Dorsey,Amy,8,28,
1965,34,40,42,ALL I REALLY WANT TO DO,The Byrds,Columbia,8,40,
1965,34,42,34,ONE DYIN’ AND A BURYIN’,Roger Miller,Smash,7,34,
1965,34,43,32,THEME FROM “A SUMMER PLACE”,The Lettermen,Capitol,9,16,
1965,34,48,36,TOO MANY RIVERS,Brenda Lee,Decca,13,13,
1965,34,54,39,(Say) YOU’RE MY GIRL,Roy Orbison,Monument,7,39,
1965,34,41,46,YOU TELL ME WHY,The Beau Brummels,Autumn,5,41,
1965,34,44,44,NEW ORLEANS,Eddie Hodges,Aurora,8,44,
1965,34,45,51,SUGAR DUMPLING,Sam Cooke,RCA Victor,5,45,
1965,34,46,56,I DON’T WANNA LOSE YOU BABY,Chad and Jeremy,Columbia,3,46,
1965,34,47,50,HUNG ON YOU,The Righteous Brothers,Philles,6,47,
1965,34,49,52,IT’S GONNA TAKE A MIRACLE,The Royalettes,MGM,6,49,
1965,34,50,60,A LITTLE YOU,Freddie and the Dreamers,Mercury,4,50,
1965,35,1,1,I GOT YOU BABE,Sonny and Cher,Atco,8,1,3 weeks at #1
1965,35,2,3,HELP!,The Beatles,Capitol,4,2,
1965,35,3,4,CALIFORNIA GIRLS,The Beach Boys,Capitol,6,3,
1965,35,4,5,UNCHAINED MELODY,The Righteous Brothers,Philles,7,4,
1965,35,5,7,IT’S THE SAME OLD SONG,The Four Tops,Motown,5,5,
1965,35,6,16,LIKE A ROLLING STONE,Bob Dylan,Columbia,6,6,
1965,35,7,2,SAVE YOUR HEART FOR ME,Gary Lewis and the Playboys,Liberty,9,2,
1965,35,8,13,"HOLD ME, THRILL ME, KISS ME",Mel Carter,Imperial,10,8,
1965,35,9,10,DOWN IN THE BOONDOCKS,Billy Joe Royal,Columbia,9,9,
1965,35,10,14,PAPA’S GOT A BRAND NEW BAG (Part 1),James Brown and the Famous Flames,King,7,10,
1965,35,11,11,"BABY, I’M YOURS",Barbara Lewis,Atlantic,11,11,
1965,35,12,17,YOU WERE ON MY MIND,We Five,A&M,6,12,
1965,35,13,18,NOTHING BUT HEARTACHES,The Supremes,Motown,5,13,
1965,35,14,8,DON’T JUST STAND THERE,Patty Duke,United Artists,10,8,
1965,35,15,15,ALL I REALLY WANT TO DO,Cher,Imperial,9,15,
1965,35,16,6,(I Can’t Get No) SATISFACTION,The Rolling Stones,London,12,1,
1965,35,17,24,SINCE I LOST MY BABY,The Temptations,Gordy,6,17,
1965,35,18,12,WHAT’S NEW PUSSYCAT,Tom Jones,Parrot,11,3,
1965,35,19,23,THE TRACKS OF MY TEARS,The Miracles,Tamla,7,19,
1965,35,20,9,"I’M HENRY THE VIII, I AM",Herman’s Hermits,MGM,9,1,
1965,35,21,32,IT AIN’T ME BABE,The Turtles,White Whale,4,21,
1965,35,22,34,THE “IN” CROWD,The Ramsey Lewis Trio,Argo,5,22,
1965,35,23,20,I’M A FOOL,"Dino, Desi and Billy",Reprise,10,17,
1965,35,24,27,IN THE MIDNIGHT HOUR,Wilson Pickett,Atlantic,8,24,
1965,35,25,30,HEART FULL OF SOUL,The Yardbirds,Epic,5,25,
1965,35,26,29,JU JU HAND,Sam the Sham and the Pharaohs,MGM,5,26,
1965,35,27,58,EVE OF DESTRUCTION,Barry McGuire,Dunhill,2,27,
1965,35,28,31,LOOKING THROUGH THE EYES OF LOVE,Gene Pitney,Musicor,6,28,
1965,35,29,38,HOUSTON,Dean Martin,Reprise,4,29,
1965,35,30,19,TAKE ME BACK,Little Anthony and the Imperials,DCP,10,16,
1965,35,31,52,ACTION,Freddy Cannon,Warner Brothers,3,31,
1965,35,32,37,SHAKE AND FINGERPOP,Jr. Walker and the All Stars,Soul,5,32,
1965,35,33,28,"SUNSHINE, LOLLIPOPS AND RAINBOWS",Lesley Gore,Mercury,11,13,
1965,35,34,22,YOU’D BETTER COME HOME,Petula Clark,Warner Brothers,8,22,
1965,35,35,46,I DON’T WANNA LOSE YOU BABY,Chad and Jeremy,Columbia,4,35,
1965,35,36,21,I WANT CANDY,The Strangeloves,Bang,10,11,
1965,35,37,45,SUGAR DUMPLING,Sam Cooke,RCA Victor,6,37,
1965,35,38,41,YOU TELL ME WHY,The Beau Brummels,Autumn,6,38,
1965,35,39,25,I LIKE IT LIKE THAT,The Dave Clark Five,Epic,11,7,
1965,35,40,26,"CARA, MIA",Jay and the Americans,United Artists,13,4,
1965,35,47,40,ALL I REALLY WANT TO DO,The Byrds,Columbia,9,40,
1965,35,51,35,I’LL ALWAYS LOVE YOU,The Spinners,Motown,7,35,
1965,35,57,39,RIDE YOUR PONY,Lee Dorsey,Amy,9,28,
1965,35,41,51,AGENT DOUBLE-O-SOUL,Edwin Starr,Ric-Tic,4,41,
1965,35,42,62,CATCH US IF YOU CAN,The Dave Clark Five,Epic,2,42,
1965,35,43,68,WE GOTTA GET OUT OF THIS PLACE,The Animals,MGM,3,43,
1965,35,44,55,"SAD, SAD GIRL",Barbara Mason,Arctic,4,44,
1965,35,45,53,WHO’LL BE THE NEXT IN LINE,The Kinks,Reprise,3,45,
1965,35,46,59,SUMMER NIGHTS,Marianne Faithfull,London,3,46,
1965,35,48,50,A LITTLE YOU,Freddie and the Dreamers,Mercury,5,48,
1965,35,49,67,HANG ON SLOOPY,The McCoys,Bang,3,49,
1965,35,50,57,YOU’VE BEEN IN LOVE TOO LONG,Martha and the Vandellas,Gordy,3,50,
1965,36,1,2,HELP!,The Beatles,Capitol,5,1,1 week at #1
1965,36,2,6,LIKE A ROLLING STONE,Bob Dylan,Columbia,7,2,
1965,36,3,3,CALIFORNIA GIRLS,The Beach Boys,Capitol,7,3,
1965,36,4,4,UNCHAINED MELODY,The Righteous Brothers,Philles,8,4,
1965,36,5,5,IT’S THE SAME OLD SONG,The Four Tops,Motown,6,5,
1965,36,6,1,I GOT YOU BABE,Sonny and Cher,Atco,9,1,
1965,36,7,12,YOU WERE ON MY MIND,We Five,A&M,7,7,
1965,36,8,10,PAPA’S GOT A BRAND NEW BAG (Part 1),James Brown and the Famous Flames,King,8,8,
1965,36,9,27,EVE OF DESTRUCTION,Barry McGuire,Dunhill,3,9,
1965,36,10,8,"HOLD ME, THRILL ME, KISS ME",Mel Carter,Imperial,11,8,
1965,36,11,13,NOTHING BUT HEARTACHES,The Supremes,Motown,6,11,
1965,36,12,21,IT AIN’T ME BABE,The Turtles,White Whale,5,12,
1965,36,13,9,DOWN IN THE BOONDOCKS,Billy Joe Royal,Columbia,10,9,
1965,36,14,11,"BABY, I’M YOURS",Barbara Lewis,Atlantic,12,11,
1965,36,15,22,THE “IN” CROWD,The Ramsey Lewis Trio,Argo,6,15,
1965,36,16,19,THE TRACKS OF MY TEARS,The Miracles,Tamla,8,16,
1965,36,17,17,SINCE I LOST MY BABY,The Temptations,Gordy,7,17,
1965,36,18,15,ALL I REALLY WANT TO DO,Cher,Imperial,10,15,
1965,36,19,25,HEART FULL OF SOUL,The Yardbirds,Epic,6,19,
1965,36,20,7,SAVE YOUR HEART FOR ME,Gary Lewis and the Playboys,Liberty,10,2,
1965,36,21,24,IN THE MIDNIGHT HOUR,Wilson Pickett,Atlantic,9,21,
1965,36,22,49,HANG ON SLOOPY,The McCoys,Bang,4,22,
1965,36,23,31,ACTION,Freddy Cannon,Warner Brothers,4,23,
1965,36,24,29,HOUSTON,Dean Martin,Reprise,5,24,
1965,36,25,42,CATCH US IF YOU CAN,The Dave Clark Five,Epic,3,25,
1965,36,26,26,JU JU HAND,Sam the Sham and the Pharaohs,MGM,6,26,
1965,36,27,52,LAUGH AT ME,Sonny,Atco,3,27,
1965,36,28,28,LOOKING THROUGH THE EYES OF LOVE,Gene Pitney,Musicor,7,28,
1965,36,29,32,SHAKE AND FINGERPOP,Jr. Walker and the All Stars,Soul,6,29,
1965,36,30,41,AGENT DOUBLE-O-SOUL,Edwin Starr,Ric-Tic,5,30,
1965,36,31,16,(I Can’t Get No) SATISFACTION,The Rolling Stones,London,13,1,
1965,36,32,37,SUGAR DUMPLING,Sam Cooke,RCA Victor,7,32,
1965,36,33,43,WE GOTTA GET OUT OF THIS PLACE,The Animals,MGM,4,33,
1965,36,34,44,"SAD, SAD GIRL",Barbara Mason,Arctic,5,34,
1965,36,35,35,I DON’T WANNA LOSE YOU BABY,Chad and Jeremy,Columbia,5,35,
1965,36,36,14,DON’T JUST STAND THERE,Patty Duke,United Artists,11,8,
1965,36,37,45,WHO’LL BE THE NEXT IN LINE,The Kinks,Reprise,4,37,
1965,36,38,23,I’M A FOOL,"Dino, Desi and Billy",Reprise,11,17,
1965,36,39,46,SUMMER NIGHTS,Marianne Faithfull,London,4,39,
1965,36,40,18,WHAT’S NEW PUSSYCAT,Tom Jones,Parrot,12,3,
1965,36,42,34,YOU’D BETTER COME HOME,Petula Clark,Warner Brothers,9,22,
1965,36,43,20,"I’M HENRY THE VIII, I AM",Herman’s Hermits,MGM,10,1,
1965,36,44,30,TAKE ME BACK,Little Anthony and the Imperials,DCP,11,16,
1965,36,46,38,YOU TELL ME WHY,The Beau Brummels,Autumn,7,38,
1965,36,41,50,YOU’VE BEEN IN LOVE TOO LONG,Martha and the Vandellas,Gordy,4,41,
1965,36,45,55,I’M A HAPPY MAN,The Jive Five,United Artists,4,45,
1965,36,47,53,IT’S GONNA TAKE A MIRACLE,The Royalettes,MGM,8,47,
1965,36,48,60,BABY DON’T GO,Sonny and Cher,Reprise,3,48,
1965,36,49,62,ANNIE FANNY,The Kingsmen,Wand,5,49,
1965,36,50,54,IF I DIDN’T LOVE YOU,Chuck Jackson,Wand,5,50,
1965,37,1,1,HELP!,The Beatles,Capitol,6,1,2 weeks at #1
1965,37,2,2,LIKE A ROLLING STONE,Bob Dylan,Columbia,8,2,
1965,37,3,9,EVE OF DESTRUCTION,Barry McGuire,Dunhill,4,3,
1965,37,4,7,YOU WERE ON MY MIND,We Five,A&M,8,4,
1965,37,5,3,CALIFORNIA GIRLS,The Beach Boys,Capitol,8,3,
1965,37,6,4,UNCHAINED MELODY,The Righteous Brothers,Philles,9,4,
1965,37,7,6,I GOT YOU BABE,Sonny and Cher,Atco,10,1,
1965,37,8,8,PAPA’S GOT A BRAND NEW BAG (Part 1),James Brown and the Famous Flames,King,9,8,
1965,37,9,12,IT AIN’T ME BABE,The Turtles,White Whale,6,9,
1965,37,10,15,THE “IN” CROWD,The Ramsey Lewis Trio,Argo,7,10,
1965,37,11,22,HANG ON SLOOPY,The McCoys,Bang,5,11,
1965,37,12,5,IT’S THE SAME OLD SONG,The Four Tops,Motown,7,5,
1965,37,13,25,CATCH US IF YOU CAN,The Dave Clark Five,Epic,4,13,
1965,37,14,19,HEART FULL OF SOUL,The Yardbirds,Epic,7,14,
1965,37,15,10,"HOLD ME, THRILL ME, KISS ME",Mel Carter,Imperial,12,8,
1965,37,16,11,NOTHING BUT HEARTACHES,The Supremes,Motown,7,11,
1965,37,17,13,DOWN IN THE BOONDOCKS,Billy Joe Royal,Columbia,11,9,
1965,37,18,23,ACTION,Freddy Cannon,Warner Brothers,5,18,
1965,37,19,27,LAUGH AT ME,Sonny,Atco,4,19,
1965,37,20,16,THE TRACKS OF MY TEARS,The Miracles,Tamla,9,16,
1965,37,21,24,HOUSTON,Dean Martin,Reprise,6,21,
1965,37,22,17,SINCE I LOST MY BABY,The Temptations,Gordy,8,17,
1965,37,23,14,"BABY, I’M YOURS",Barbara Lewis,Atlantic,13,11,
1965,37,24,18,ALL I REALLY WANT TO DO,Cher,Imperial,11,15,
1965,37,25,21,IN THE MIDNIGHT HOUR,Wilson Pickett,Atlantic,10,21,
1965,37,26,33,WE GOTTA GET OUT OF THIS PLACE,The Animals,MGM,5,26,
1965,37,27,30,AGENT DOUBLE-O-SOUL,Edwin Starr,Ric-Tic,6,27,
1965,37,28,39,SUMMER NIGHTS,Marianne Faithfull,London,5,28,
1965,37,29,29,SHAKE AND FINGERPOP,Jr. Walker and the All Stars,Soul,7,29,
1965,37,30,34,"SAD, SAD GIRL",Barbara Mason,Arctic,6,30,
1965,37,31,51,YOU’VE GOT YOUR TROUBLES,The Fortunes,Press,4,31,
1965,37,32,48,BABY DON’T GO,Sonny and Cher,Reprise,4,32,
1965,37,33,20,SAVE YOUR HEART FOR ME,Gary Lewis and the Playboys,Liberty,11,2,
1965,37,34,32,SUGAR DUMPLING,Sam Cooke,RCA Victor,8,32,
1965,37,35,37,WHO’LL BE THE NEXT IN LINE,The Kinks,Reprise,5,35,
1965,37,36,28,LOOKING THROUGH THE EYES OF LOVE,Gene Pitney,Musicor,8,28,
1965,37,37,35,I DON’T WANNA LOSE YOU BABY,Chad and Jeremy,Columbia,6,35,
1965,37,38,45,I’M A HAPPY MAN,The Jive Five,United Artists,5,38,
1965,37,39,41,YOU’VE BEEN IN LOVE TOO LONG,Martha and the Vandellas,Gordy,5,39,
1965,37,40,26,JU JU HAND,Sam the Sham and the Pharaohs,MGM,7,26,
1965,37,41,31,(I Can’t Get No) SATISFACTION,The Rolling Stones,London,14,1,
1965,37,45,38,I’M A FOOL,"Dino, Desi and Billy",Reprise,12,17,
1965,37,42,64,DO YOU BELIEVE IN MAGIC,The Lovin’ Spoonful,Kama Sutra,4,42,
1965,37,43,47,IT’S GONNA TAKE A MIRACLE,The Royalettes,MGM,9,43,
1965,37,44,58,I’LL MAKE ALL YOUR DREAMS COME TRUE,Ronnie Dove,Diamond,3,44,
1965,37,46,57,RIDE AWAY,Roy Orbison,MGM,4,46,
1965,37,47,49,ANNIE FANNY,The Kingsmen,Wand,6,47,
1965,37,48,50,IF I DIDN’T LOVE YOU,Chuck Jackson,Wand,6,48,
1965,37,49,62,WITH THESE HANDS,Tom Jones,Parrot,3,49,
1965,37,50,60,JUST YOU,Sonny and Cher,Atco,3,50,
1965,38,1,1,HELP!,The Beatles,Capitol,7,1,3 weeks at #1
1965,38,2,3,EVE OF DESTRUCTION,Barry McGuire,Dunhill,5,2,
1965,38,3,2,LIKE A ROLLING STONE,Bob Dylan,Columbia,9,2,
1965,38,4,4,YOU WERE ON MY MIND,We Five,A&M,9,4,
1965,38,5,13,CATCH US IF YOU CAN,The Dave Clark Five,Epic,5,5,
1965,38,6,10,THE “IN” CROWD,The Ramsey Lewis Trio,Argo,8,6,
1965,38,7,11,HANG ON SLOOPY,The McCoys,Bang,6,7,
1965,38,8,9,IT AIN’T ME BABE,The Turtles,White Whale,7,8,
1965,38,9,7,I GOT YOU BABE,Sonny and Cher,Atco,11,1,
1965,38,10,14,HEART FULL OF SOUL,The Yardbirds,Epic,8,10,
1965,38,11,6,UNCHAINED MELODY,The Righteous Brothers,Philles,10,4,
1965,38,12,8,PAPA’S GOT A BRAND NEW BAG (Part 1),James Brown and the Famous Flames,King,10,8,
1965,38,13,18,ACTION,Freddy Cannon,Warner Brothers,6,13,
1965,38,14,19,LAUGH AT ME,Sonny,Atco,5,14,
1965,38,15,5,CALIFORNIA GIRLS,The Beach Boys,Capitol,9,3,
1965,38,16,31,YOU’VE GOT YOUR TROUBLES,The Fortunes,Press,5,16,
1965,38,17,15,"HOLD ME, THRILL ME, KISS ME",Mel Carter,Imperial,13,8,
1965,38,18,26,WE GOTTA GET OUT OF THIS PLACE,The Animals,MGM,6,18,
1965,38,19,12,IT’S THE SAME OLD SONG,The Four Tops,Motown,8,5,
1965,38,20,20,THE TRACKS OF MY TEARS,The Miracles,Tamla,10,16,
1965,38,21,21,HOUSTON,Dean Martin,Reprise,7,21,
1965,38,22,32,BABY DON’T GO,Sonny and Cher,Reprise,5,22,
1965,38,23,16,NOTHING BUT HEARTACHES,The Supremes,Motown,8,11,
1965,38,24,27,AGENT DOUBLE-O-SOUL,Edwin Starr,Ric-Tic,7,24,
1965,38,25,22,SINCE I LOST MY BABY,The Temptations,Gordy,9,17,
1965,38,26,56,TREAT HER RIGHT,Roy Head and the Traits,Back Beat,3,26,
1965,38,27,28,SUMMER NIGHTS,Marianne Faithfull,London,6,27,
1965,38,28,42,DO YOU BELIEVE IN MAGIC,The Lovin’ Spoonful,Kama Sutra,5,28,
1965,38,29,30,"SAD, SAD GIRL",Barbara Mason,Arctic,7,29,
1965,38,30,17,DOWN IN THE BOONDOCKS,Billy Joe Royal,Columbia,12,9,
1965,38,31,55,"LIAR, LIAR",The Castaways,Soma,6,31,
1965,38,32,51,I’M YOURS,Elvis Presley,RCA Victor,4,32,
1965,38,33,44,I’LL MAKE ALL YOUR DREAMS COME TRUE,Ronnie Dove,Diamond,4,33,
1965,38,34,35,WHO’LL BE THE NEXT IN LINE,The Kinks,Reprise,6,34,
1965,38,35,46,RIDE AWAY,Roy Orbison,MGM,5,35,
1965,38,36,39,YOU’VE BEEN IN LOVE TOO LONG,Martha and the Vandellas,Gordy,6,36,
1965,38,37,49,WITH THESE HANDS,Tom Jones,Parrot,4,37,
1965,38,38,38,I’M A HAPPY MAN,The Jive Five,United Artists,6,38,
1965,38,39,25,IN THE MIDNIGHT HOUR,Wilson Pickett,Atlantic,11,21,
1965,38,40,29,SHAKE AND FINGERPOP,Jr. Walker and the All Stars,Soul,8,29,
1965,38,44,23,"BABY, I’M YOURS",Barbara Lewis,Atlantic,14,11,
1965,38,49,24,ALL I REALLY WANT TO DO,Cher,Imperial,12,15,
1965,38,54,34,SUGAR DUMPLING,Sam Cooke,RCA Victor,9,32,
1965,38,55,37,I DON’T WANNA LOSE YOU BABY,Chad and Jeremy,Columbia,7,35,
1965,38,41,43,IT’S GONNA TAKE A MIRACLE,The Royalettes,MGM,10,41,
1965,38,42,50,JUST YOU,Sonny and Cher,Atco,4,42,
1965,38,43,61,SOME ENCHANTED EVENING,Jay and the Americans,United Artists,3,43,
1965,38,45,57,MOHAIR SAM,Charlie Rich,Smash,4,45,
1965,38,46,48,IF I DIDN’T LOVE YOU,Chuck Jackson,Wand,7,46,
1965,38,47,47,ANNIE FANNY,The Kingsmen,Wand,7,47,
1965,38,48,58,HOME OF THE BRAVE,Jody Miller,Capitol,4,48,
1965,38,50,53,(My Girl) SLOOPY,Little Caesar and the Consuls,Mala,6,50,
1965,39,1,2,EVE OF DESTRUCTION,Barry McGuire,Dunhill,6,1,1 week at #1
1965,39,2,7,HANG ON SLOOPY,The McCoys,Bang,7,2,
1965,39,3,4,YOU WERE ON MY MIND,We Five,A&M,10,3,
1965,39,4,5,CATCH US IF YOU CAN,The Dave Clark Five,Epic,6,4,
1965,39,5,1,HELP!,The Beatles,Capitol,8,1,
1965,39,6,6,THE “IN” CROWD,The Ramsey Lewis Trio,Argo,9,6,
1965,39,7,3,LIKE A ROLLING STONE,Bob Dylan,Columbia,10,2,
1965,39,8,8,IT AIN’T ME BABE,The Turtles,White Whale,8,8,
1965,39,9,10,HEART FULL OF SOUL,The Yardbirds,Epic,9,9,
1965,39,10,14,LAUGH AT ME,Sonny,Atco,6,10,
1965,39,11,16,YOU’VE GOT YOUR TROUBLES,The Fortunes,Press,6,11,
1965,39,12,26,TREAT HER RIGHT,Roy Head and the Traits,Back Beat,4,12,
1965,39,13,18,WE GOTTA GET OUT OF THIS PLACE,The Animals,MGM,7,13,
1965,39,14,22,BABY DON’T GO,Sonny and Cher,Reprise,6,14,
1965,39,15,11,UNCHAINED MELODY,The Righteous Brothers,Philles,11,4,
1965,39,16,9,I GOT YOU BABE,Sonny and Cher,Atco,12,1,
1965,39,17,28,DO YOU BELIEVE IN MAGIC,The Lovin’ Spoonful,Kama Sutra,6,17,
1965,39,18,13,ACTION,Freddy Cannon,Warner Brothers,7,13,
1965,39,19,15,CALIFORNIA GIRLS,The Beach Boys,Capitol,10,3,
1965,39,20,43,SOME ENCHANTED EVENING,Jay and the Americans,United Artists,4,20,
1965,39,21,32,I’M YOURS,Elvis Presley,RCA Victor,5,21,
1965,39,22,24,AGENT DOUBLE-O-SOUL,Edwin Starr,Ric-Tic,8,22,
1965,39,23,17,"HOLD ME, THRILL ME, KISS ME",Mel Carter,Imperial,14,8,
1965,39,24,27,SUMMER NIGHTS,Marianne Faithfull,London,7,24,
1965,39,25,33,I’LL MAKE ALL YOUR DREAMS COME TRUE,Ronnie Dove,Diamond,5,25,
1965,39,26,31,"LIAR, LIAR",The Castaways,Soma,7,26,
1965,39,27,29,"SAD, SAD GIRL",Barbara Mason,Arctic,8,27,
1965,39,28,12,PAPA’S GOT A BRAND NEW BAG (Part 1),James Brown and the Famous Flames,King,11,8,
1965,39,29,37,WITH THESE HANDS,Tom Jones,Parrot,5,29,
1965,39,30,35,RIDE AWAY,Roy Orbison,MGM,6,30,
1965,39,31,20,THE TRACKS OF MY TEARS,The Miracles,Tamla,11,16,
1965,39,32,42,JUST YOU,Sonny and Cher,Atco,5,32,
1965,39,33,45,MOHAIR SAM,Charlie Rich,Smash,5,33,
1965,39,34,59,KEEP ON DANCING,The Gentrys,MGM,3,34,
1965,39,35,21,HOUSTON,Dean Martin,Reprise,8,21,
1965,39,36,38,I’M A HAPPY MAN,The Jive Five,United Artists,7,36,
1965,39,37,48,HOME OF THE BRAVE,Jody Miller,Capitol,5,37,
1965,39,38,19,IT’S THE SAME OLD SONG,The Four Tops,Motown,9,5,
1965,39,39,23,NOTHING BUT HEARTACHES,The Supremes,Motown,9,11,
1965,39,40,64,JUST A LITTLE BIT BETTER,Herman’s Hermits,MGM,2,40,
1965,39,41,34,WHO’LL BE THE NEXT IN LINE,The Kinks,Reprise,7,34,
1965,39,43,25,SINCE I LOST MY BABY,The Temptations,Gordy,10,17,
1965,39,48,39,IN THE MIDNIGHT HOUR,Wilson Pickett,Atlantic,12,21,
1965,39,49,30,DOWN IN THE BOONDOCKS,Billy Joe Royal,Columbia,13,9,
1965,39,50,36,YOU’VE BEEN IN LOVE TOO LONG,Martha and the Vandellas,Gordy,7,36,
1965,39,42,52,HEARTACHES BY THE NUMBER,Johnny Tillotson,MGM,5,42,
1965,39,44,56,KANSAS CITY STAR,Roger Miller,Smash,3,44,
1965,39,46,41,IT’S GONNA TAKE A MIRACLE,The Royalettes,MGM,11,41,
1965,39,47,58,AIN’T IT TRUE,Andy Williams,Columbia,4,47,
1965,40,1,2,HANG ON SLOOPY,The McCoys,Bang,8,1,1 week at #1
1965,40,2,1,EVE OF DESTRUCTION,Barry McGuire,Dunhill,7,1,
1965,40,3,45,YESTERDAY,The Beatles,Capitol,2,3,
1965,40,4,4,CATCH US IF YOU CAN,The Dave Clark Five,Epic,7,4,
1965,40,5,3,YOU WERE ON MY MIND,We Five,A&M,11,3,
1965,40,6,6,THE “IN” CROWD,The Ramsey Lewis Trio,Argo,10,6,
1965,40,7,12,TREAT HER RIGHT,Roy Head and the Traits,Back Beat,5,7,
1965,40,8,11,YOU’VE GOT YOUR TROUBLES,The Fortunes,Press,7,8,
1965,40,9,14,BABY DON’T GO,Sonny and Cher,Reprise,7,9,
1965,40,10,10,LAUGH AT ME,Sonny,Atco,7,10,
1965,40,11,5,HELP!,The Beatles,Capitol,9,1,
1965,40,12,17,DO YOU BELIEVE IN MAGIC,The Lovin’ Spoonful,Kama Sutra,7,12,
1965,40,13,13,WE GOTTA GET OUT OF THIS PLACE,The Animals,MGM,8,13,
1965,40,14,9,HEART FULL OF SOUL,The Yardbirds,Epic,10,9,
1965,40,15,20,SOME ENCHANTED EVENING,Jay and the Americans,United Artists,5,15,
1965,40,16,21,I’M YOURS,Elvis Presley,RCA Victor,6,16,
1965,40,17,8,IT AIN’T ME BABE,The Turtles,White Whale,9,8,
1965,40,18,7,LIKE A ROLLING STONE,Bob Dylan,Columbia,11,2,
1965,40,19,34,KEEP ON DANCING,The Gentrys,MGM,4,19,
1965,40,20,26,"LIAR, LIAR",The Castaways,Soma,8,20,
1965,40,21,22,AGENT DOUBLE-O-SOUL,Edwin Starr,Ric-Tic,9,21,
1965,40,22,25,I’LL MAKE ALL YOUR DREAMS COME TRUE,Ronnie Dove,Diamond,6,22,
1965,40,23,15,UNCHAINED MELODY,The Righteous Brothers,Philles,12,4,
1965,40,24,32,JUST YOU,Sonny and Cher,Atco,6,24,
1965,40,25,40,JUST A LITTLE BIT BETTER,Herman’s Hermits,MGM,3,25,
1965,40,26,30,RIDE AWAY,Roy Orbison,MGM,7,26,
1965,40,27,29,WITH THESE HANDS,Tom Jones,Parrot,6,27,
1965,40,28,33,MOHAIR SAM,Charlie Rich,Smash,6,28,
1965,40,29,37,HOME OF THE BRAVE,Jody Miller,Capitol,6,29,
1965,40,30,16,I GOT YOU BABE,Sonny and Cher,Atco,13,1,
1965,40,31,18,ACTION,Freddy Cannon,Warner Brothers,8,13,
1965,40,32,19,CALIFORNIA GIRLS,The Beach Boys,Capitol,11,3,
1965,40,33,44,KANSAS CITY STAR,Roger Miller,Smash,4,33,
1965,40,34,24,SUMMER NIGHTS,Marianne Faithfull,London,8,24,
1965,40,35,27,"SAD, SAD GIRL",Barbara Mason,Arctic,9,27,
1965,40,36,42,HEARTACHES BY THE NUMBER,Johnny Tillotson,MGM,6,36,
1965,40,37,28,PAPA’S GOT A BRAND NEW BAG (Part 1),James Brown and the Famous Flames,King,12,8,
1965,40,38,66,A LOVER’S CONCERTO,The Toys,DynoVoice,4,38,
1965,40,39,23,"HOLD ME, THRILL ME, KISS ME",Mel Carter,Imperial,15,8,
1965,40,40,35,HOUSTON,Dean Martin,Reprise,9,21,
1965,40,46,31,THE TRACKS OF MY TEARS,The Miracles,Tamla,12,16,
1965,40,52,36,I’M A HAPPY MAN,The Jive Five,United Artists,8,36,
1965,40,41,72,YOU’RE THE ONE,The Vogues,Co & Ce,3,41,
1965,40,42,85,EVERYBODY LOVES A CLOWN,Gary Lewis and the Playboys,Liberty,2,42,
1965,40,43,53,THE DAWN OF CORRECTION,The Spokesmen,Decca,3,43,
1965,40,44,54,"MY TOWN, MY GUY AND ME",Lesley Gore,Mercury,4,44,
1965,40,45,47,AIN’T IT TRUE,Andy Williams,Columbia,5,45,
1965,40,47,52,3RD MAN THEME,Herb Alpert and the Tijuana Brass,A&M,4,47,
1965,40,48,56,I WANT TO (Do Everything For You),Joe Tex,Dial,6,48,
1965,40,49,60,MAKE ME YOUR BABY,Barbara Lewis,Atlantic,4,49,
1965,40,50,67,HUNGRY FOR LOVE,San Remo Golden Strings,Ric-Tic,4,50,
1965,41,1,3,YESTERDAY,The Beatles,Capitol,3,1,1 week at #1
1965,41,2,1,HANG ON SLOOPY,The McCoys,Bang,9,1,
1965,41,3,7,TREAT HER RIGHT,Roy Head and the Traits,Back Beat,6,3,
1965,41,4,2,EVE OF DESTRUCTION,Barry McGuire,Dunhill,8,1,
1965,41,5,6,THE “IN” CROWD,The Ramsey Lewis Trio,Argo,11,5,
1965,41,6,4,CATCH US IF YOU CAN,The Dave Clark Five,Epic,8,4,
1965,41,7,8,YOU’VE GOT YOUR TROUBLES,The Fortunes,Press,8,7,
1965,41,8,9,BABY DON’T GO,Sonny and Cher,Reprise,8,8,
1965,41,9,5,YOU WERE ON MY MIND,We Five,A&M,12,3,
1965,41,10,12,DO YOU BELIEVE IN MAGIC,The Lovin’ Spoonful,Kama Sutra,8,10,
1965,41,11,16,I’M YOURS,Elvis Presley,RCA Victor,7,11,
1965,41,12,25,JUST A LITTLE BIT BETTER,Herman’s Hermits,MGM,4,12,
1965,41,13,15,SOME ENCHANTED EVENING,Jay and the Americans,United Artists,6,13,
1965,41,14,19,KEEP ON DANCING,The Gentrys,MGM,5,14,
1965,41,15,11,HELP!,The Beatles,Capitol,10,1,
1965,41,16,10,LAUGH AT ME,Sonny,Atco,8,10,
1965,41,17,13,WE GOTTA GET OUT OF THIS PLACE,The Animals,MGM,9,13,
1965,41,18,20,"LIAR, LIAR",The Castaways,Soma,9,18,
1965,41,19,38,A LOVER’S CONCERTO,The Toys,DynoVoice,5,19,
1965,41,20,24,JUST YOU,Sonny and Cher,Atco,7,20,
1965,41,21,22,I’LL MAKE ALL YOUR DREAMS COME TRUE,Ronnie Dove,Diamond,7,21,
1965,41,22,41,YOU’RE THE ONE,The Vogues,Co & Ce,4,22,
1965,41,23,28,MOHAIR SAM,Charlie Rich,Smash,7,23,
1965,41,24,42,EVERYBODY LOVES A CLOWN,Gary Lewis and the Playboys,Liberty,3,24,
1965,41,25,26,RIDE AWAY,Roy Orbison,MGM,8,25,
1965,41,26,14,HEART FULL OF SOUL,The Yardbirds,Epic,11,9,
1965,41,27,27,WITH THESE HANDS,Tom Jones,Parrot,7,27,
1965,41,28,29,HOME OF THE BRAVE,Jody Miller,Capitol,7,28,
1965,41,29,17,IT AIN’T ME BABE,The Turtles,White Whale,10,8,
1965,41,30,21,AGENT DOUBLE-O-SOUL,Edwin Starr,Ric-Tic,10,21,
1965,41,31,33,KANSAS CITY STAR,Roger Miller,Smash,5,31,
1965,41,32,44,"MY TOWN, MY GUY AND ME",Lesley Gore,Mercury,5,32,
1965,41,33,18,LIKE A ROLLING STONE,Bob Dylan,Columbia,12,2,
1965,41,34,66,POSITIVELY 4TH STREET,Bob Dylan,Columbia,2,34,
1965,41,35,36,HEARTACHES BY THE NUMBER,Johnny Tillotson,MGM,7,35,
1965,41,36,55,I KNEW YOU WHEN,Billy Joe Royal,Columbia,4,36,
1965,41,37,49,MAKE ME YOUR BABY,Barbara Lewis,Atlantic,5,37,
1965,41,38,23,UNCHAINED MELODY,The Righteous Brothers,Philles,13,4,
1965,41,39,43,THE DAWN OF CORRECTION,The Spokesmen,Decca,4,39,
1965,41,40,50,HUNGRY FOR LOVE,San Remo Golden Strings,Ric-Tic,5,40,
1965,41,41,30,I GOT YOU BABE,Sonny and Cher,Atco,14,1,
1965,41,48,31,ACTION,Freddy Cannon,Warner Brothers,9,13,
1965,41,49,37,PAPA’S GOT A BRAND NEW BAG (Part 1),James Brown and the Famous Flames,King,13,8,
1965,41,54,34,SUMMER NIGHTS,Marianne Faithfull,London,9,24,
1965,41,42,45,AIN’T IT TRUE,Andy Williams,Columbia,6,42,
1965,41,43,54,NOT THE LOVIN’ KIND,"Dino, Desi and Billy",Reprise,4,43,
1965,41,44,51,WHAT COLOR (Is a Man),Bobby Vinton,Epic,4,44,
1965,41,45,74,A TASTE OF HONEY,Herb Alpert and the Tijuana Brass,A&M,3,45,
1965,41,46,48,I WANT TO (Do Everything For You),Joe Tex,Dial,7,46,
1965,41,47,47,3RD MAN THEME,Herb Alpert and the Tijuana Brass,A&M,5,47,
1965,41,50,53,THERE BUT FOR FORTUNE,Joan Baez,Vanguard,5,50,
1965,42,1,1,YESTERDAY,The Beatles,Capitol,4,1,2 weeks at #1
1965,42,2,3,TREAT HER RIGHT,Roy Head and the Traits,Back Beat,7,2,
1965,42,3,2,HANG ON SLOOPY,The McCoys,Bang,10,1,
1965,42,4,19,A LOVER’S CONCERTO,The Toys,DynoVoice,6,4,
1965,42,5,14,KEEP ON DANCING,The Gentrys,MGM,6,5,
1965,42,6,5,THE “IN” CROWD,The Ramsey Lewis Trio,Argo,12,5,
1965,42,7,12,JUST A LITTLE BIT BETTER,Herman’s Hermits,MGM,5,7,
1965,42,8,8,BABY DON’T GO,Sonny and Cher,Reprise,9,8,
1965,42,9,10,DO YOU BELIEVE IN MAGIC,The Lovin’ Spoonful,Kama Sutra,9,9,
1965,42,10,4,EVE OF DESTRUCTION,Barry McGuire,Dunhill,9,1,
1965,42,11,11,I’M YOURS,Elvis Presley,RCA Victor,8,11,
1965,42,12,24,EVERYBODY LOVES A CLOWN,Gary Lewis and the Playboys,Liberty,4,12,
1965,42,13,13,SOME ENCHANTED EVENING,Jay and the Americans,United Artists,7,13,
1965,42,14,64,GET OFF OF MY CLOUD,The Rolling Stones,London,2,14,
1965,42,15,18,"LIAR, LIAR",The Castaways,Soma,10,15,
1965,42,16,22,YOU’RE THE ONE,The Vogues,Co & Ce,5,16,
1965,42,17,7,YOU’VE GOT YOUR TROUBLES,The Fortunes,Press,9,7,
1965,42,18,34,POSITIVELY 4TH STREET,Bob Dylan,Columbia,3,18,
1965,42,19,9,YOU WERE ON MY MIND,We Five,A&M,13,3,
1965,42,20,6,CATCH US IF YOU CAN,The Dave Clark Five,Epic,9,4,
1965,42,21,23,MOHAIR SAM,Charlie Rich,Smash,8,21,
1965,42,22,15,HELP!,The Beatles,Capitol,11,1,
1965,42,23,17,WE GOTTA GET OUT OF THIS PLACE,The Animals,MGM,10,13,
1965,42,24,37,MAKE ME YOUR BABY,Barbara Lewis,Atlantic,6,24,
1965,42,25,28,HOME OF THE BRAVE,Jody Miller,Capitol,8,25,
1965,42,26,16,LAUGH AT ME,Sonny,Atco,9,10,
1965,42,27,21,I’LL MAKE ALL YOUR DREAMS COME TRUE,Ronnie Dove,Diamond,8,21,
1965,42,28,36,I KNEW YOU WHEN,Billy Joe Royal,Columbia,5,28,
1965,42,29,20,JUST YOU,Sonny and Cher,Atco,8,20,
1965,42,30,45,A TASTE OF HONEY,Herb Alpert and the Tijuana Brass,A&M,4,30,
1965,42,31,31,KANSAS CITY STAR,Roger Miller,Smash,6,31,
1965,42,32,32,"MY TOWN, MY GUY AND ME",Lesley Gore,Mercury,6,32,
1965,42,33,43,NOT THE LOVIN’ KIND,"Dino, Desi and Billy",Reprise,5,33,
1965,42,34,25,RIDE AWAY,Roy Orbison,MGM,9,25,
1965,42,35,46,I WANT TO (Do Everything For You),Joe Tex,Dial,8,35,
1965,42,36,39,THE DAWN OF CORRECTION,The Spokesmen,Decca,5,36,
1965,42,37,40,HUNGRY FOR LOVE,San Remo Golden Strings,Ric-Tic,6,37,
1965,42,38,44,WHAT COLOR (Is a Man),Bobby Vinton,Epic,5,38,
1965,42,39,27,WITH THESE HANDS,Tom Jones,Parrot,8,27,
1965,42,40,42,AIN’T IT TRUE,Andy Williams,Columbia,7,40,
1965,42,41,35,HEARTACHES BY THE NUMBER,Johnny Tillotson,MGM,8,35,
1965,42,44,29,IT AIN’T ME BABE,The Turtles,White Whale,11,8,
1965,42,45,26,HEART FULL OF SOUL,The Yardbirds,Epic,12,9,
1965,42,66,30,AGENT DOUBLE-O-SOUL,Edwin Starr,Ric-Tic,11,21,
1965,42,42,52,EVERYONE’S GONE TO THE MOON,Jonathan King,Parrot,4,42,
1965,42,43,53,CARA-LIN,The Strangeloves,Bang,5,43,
1965,42,46,56,RESPECT,Otis Redding,Volt,7,46,
1965,42,47,68,BUT YOU’RE MINE,Sonny and Cher,Atco,2,47,
1965,42,48,61,1-2-3,Len Barry,Decca,4,48,
1965,42,49,51,ACT NATURALLY,The Beatles,Capitol,4,49,
1965,42,50,66,SAY SOMETHING FUNNY,Patty Duke,United Artists,3,50,
1965,43,1,1,YESTERDAY,The Beatles,Capitol,5,1,3 weeks at #1
1965,43,2,2,TREAT HER RIGHT,Roy Head and the Traits,Back Beat,8,2,
1965,43,3,4,A LOVER’S CONCERTO,The Toys,DynoVoice,7,3,
1965,43,4,14,GET OFF OF MY CLOUD,The Rolling Stones,London,3,4,
1965,43,5,5,KEEP ON DANCING,The Gentrys,MGM,7,5,
1965,43,6,3,HANG ON SLOOPY,The McCoys,Bang,11,1,
1965,43,7,7,JUST A LITTLE BIT BETTER,Herman’s Hermits,MGM,6,7,
1965,43,8,12,EVERYBODY LOVES A CLOWN,Gary Lewis and the Playboys,Liberty,5,8,
1965,43,9,18,POSITIVELY 4TH STREET,Bob Dylan,Columbia,4,9,
1965,43,10,16,YOU’RE THE ONE,The Vogues,Co & Ce,6,10,
1965,43,11,9,DO YOU BELIEVE IN MAGIC,The Lovin’ Spoonful,Kama Sutra,10,9,
1965,43,12,15,"LIAR, LIAR",The Castaways,Soma,11,12,
1965,43,13,6,THE “IN” CROWD,The Ramsey Lewis Trio,Argo,13,5,
1965,43,14,8,BABY DON’T GO,Sonny and Cher,Reprise,10,8,
1965,43,15,10,EVE OF DESTRUCTION,Barry McGuire,Dunhill,10,1,
1965,43,16,24,MAKE ME YOUR BABY,Barbara Lewis,Atlantic,7,16,
1965,43,17,11,I’M YOURS,Elvis Presley,RCA Victor,9,11,
1965,43,18,13,SOME ENCHANTED EVENING,Jay and the Americans,United Artists,8,13,
1965,43,19,48,1-2-3,Len Barry,Decca,5,19,
1965,43,20,17,YOU’VE GOT YOUR TROUBLES,The Fortunes,Press,10,7,
1965,43,21,19,YOU WERE ON MY MIND,We Five,A&M,14,3,
1965,43,22,28,I KNEW YOU WHEN,Billy Joe Royal,Columbia,6,22,
1965,43,23,47,BUT YOU’RE MINE,Sonny and Cher,Atco,3,23,
1965,43,24,21,MOHAIR SAM,Charlie Rich,Smash,9,21,
1965,43,25,30,A TASTE OF HONEY,Herb Alpert and the Tijuana Brass,A&M,5,25,
1965,43,26,35,I WANT TO (Do Everything For You),Joe Tex,Dial,9,26,
1965,43,27,33,NOT THE LOVIN’ KIND,"Dino, Desi and Billy",Reprise,6,27,
1965,43,28,42,EVERYONE’S GONE TO THE MOON,Jonathan King,Parrot,5,28,
1965,43,29,22,HELP!,The Beatles,Capitol,12,1,
1965,43,30,25,HOME OF THE BRAVE,Jody Miller,Capitol,9,25,
1965,43,31,23,WE GOTTA GET OUT OF THIS PLACE,The Animals,MGM,11,13,
1965,43,32,51,RESCUE ME,Fontella Bass,Checker,4,32,
1965,43,33,20,CATCH US IF YOU CAN,The Dave Clark Five,Epic,10,4,
1965,43,34,37,HUNGRY FOR LOVE,San Remo Golden Strings,Ric-Tic,7,34,
1965,43,35,58,AIN’T THAT PECULIAR,Marvin Gaye,Tamla,3,35,
1965,43,36,32,"MY TOWN, MY GUY AND ME",Lesley Gore,Mercury,7,32,
1965,43,37,26,LAUGH AT ME,Sonny,Atco,10,10,
1965,43,38,46,RESPECT,Otis Redding,Volt,8,38,
1965,43,39,43,CARA-LIN,The Strangeloves,Bang,6,39,
1965,43,40,36,THE DAWN OF CORRECTION,The Spokesmen,Decca,6,36,
1965,43,43,38,WHAT COLOR (Is a Man),Bobby Vinton,Epic,6,38,
1965,43,44,29,JUST YOU,Sonny and Cher,Atco,9,20,
1965,43,45,31,KANSAS CITY STAR,Roger Miller,Smash,7,31,
1965,43,57,27,I’LL MAKE ALL YOUR DREAMS COME TRUE,Ronnie Dove,Diamond,9,21,
1965,43,58,34,RIDE AWAY,Roy Orbison,MGM,10,25,
1965,43,41,60,LET’S HANG ON,The Four Seasons,Philips,3,41,
1965,43,42,50,SAY SOMETHING FUNNY,Patty Duke,United Artists,4,42,
1965,43,46,57,I MISS YOU SO,Little Anthony and the Imperials with the 101 Strings,DCP,4,46,
1965,43,47,49,ACT NATURALLY,The Beatles,Capitol,5,47,
1965,43,48,52,THE UNIVERSAL SOLDIER,Glen Campbell,Capitol,5,48,
1965,43,49,59,"RUN, BABY RUN (Back Into My Arms)",The Newbeats,Hickory,4,49,
1965,43,50,53,STEPPIN’ OUT,Paul Revere and the Raiders,Columbia,6,50,
1965,44,1,1,YESTERDAY,The Beatles,Capitol,6,1,4 weeks at #1
1965,44,2,3,A LOVER’S CONCERTO,The Toys,DynoVoice,8,2,
1965,44,3,4,GET OFF OF MY CLOUD,The Rolling Stones,London,4,3,
1965,44,4,5,KEEP ON DANCING,The Gentrys,MGM,8,4,
1965,44,5,8,EVERYBODY LOVES A CLOWN,Gary Lewis and the Playboys,Liberty,6,5,
1965,44,6,2,TREAT HER RIGHT,Roy Head and the Traits,Back Beat,9,2,
1965,44,7,10,YOU’RE THE ONE,The Vogues,Co & Ce,7,7,
1965,44,8,9,POSITIVELY 4TH STREET,Bob Dylan,Columbia,5,8,
1965,44,9,6,HANG ON SLOOPY,The McCoys,Bang,12,1,
1965,44,10,19,1-2-3,Len Barry,Decca,6,10,
1965,44,11,16,MAKE ME YOUR BABY,Barbara Lewis,Atlantic,8,11,
1965,44,12,12,"LIAR, LIAR",The Castaways,Soma,12,12,
1965,44,13,7,JUST A LITTLE BIT BETTER,Herman’s Hermits,MGM,7,7,
1965,44,14,32,RESCUE ME,Fontella Bass,Checker,5,14,
1965,44,15,25,A TASTE OF HONEY,Herb Alpert and the Tijuana Brass,A&M,6,15,
1965,44,16,22,I KNEW YOU WHEN,Billy Joe Royal,Columbia,7,16,
1965,44,17,23,BUT YOU’RE MINE,Sonny and Cher,Atco,4,17,
1965,44,18,41,LET’S HANG ON,The Four Seasons,Philips,4,18,
1965,44,19,35,AIN’T THAT PECULIAR,Marvin Gaye,Tamla,4,19,
1965,44,20,28,EVERYONE’S GONE TO THE MOON,Jonathan King,Parrot,6,20,
1965,44,21,13,THE “IN” CROWD,The Ramsey Lewis Trio,Argo,14,5,
1965,44,22,11,DO YOU BELIEVE IN MAGIC,The Lovin’ Spoonful,Kama Sutra,11,9,
1965,44,23,26,I WANT TO (Do Everything For You),Joe Tex,Dial,10,23,
1965,44,24,14,BABY DON’T GO,Sonny and Cher,Reprise,11,8,
1965,44,25,27,NOT THE LOVIN’ KIND,"Dino, Desi and Billy",Reprise,7,25,
1965,44,26,17,I’M YOURS,Elvis Presley,RCA Victor,10,17,
1965,44,27,34,HUNGRY FOR LOVE,San Remo Golden Strings,Ric-Tic,8,27,
1965,44,28,18,SOME ENCHANTED EVENING,Jay and the Americans,United Artists,9,13,
1965,44,29,24,MOHAIR SAM,Charlie Rich,Smash,10,21,
1965,44,30,42,SAY SOMETHING FUNNY,Patty Duke,United Artists,5,30,
1965,44,31,21,YOU WERE ON MY MIND,We Five,A&M,15,3,
1965,44,32,29,HELP!,The Beatles,Capitol,13,1,
1965,44,33,49,"RUN, BABY RUN (Back Into My Arms)",The Newbeats,Hickory,5,33,
1965,44,34,15,EVE OF DESTRUCTION,Barry McGuire,Dunhill,11,1,
1965,44,35,52,WHERE HAVE ALL THE FLOWERS GONE,Johnny Rivers,Imperial,5,35,
1965,44,36,20,YOU’VE GOT YOUR TROUBLES,The Fortunes,Press,11,7,
1965,44,37,38,RESPECT,Otis Redding,Volt,9,37,
1965,44,38,55,ROUND EVERY CORNER,Petula Clark,Warner Brothers,4,38,
1965,44,40,33,CATCH US IF YOU CAN,The Dave Clark Five,Epic,11,4,
1965,44,42,39,CARA-LIN,The Strangeloves,Bang,7,39,
1965,44,43,36,"MY TOWN, MY GUY AND ME",Lesley Gore,Mercury,8,32,
1965,44,64,40,THE DAWN OF CORRECTION,The Spokesmen,Decca,7,36,
1965,44,41,46,I MISS YOU SO,Little Anthony and the Imperials with the 101 Strings,DCP,5,41,
1965,44,44,68,WHERE DO YOU GO,Cher,Imperial,3,44,
1965,44,45,48,THE UNIVERSAL SOLDIER,Glen Campbell,Capitol,6,45,
1965,44,46,50,STEPPIN’ OUT,Paul Revere and the Raiders,Columbia,7,46,
1965,44,47,47,ACT NATURALLY,The Beatles,Capitol,6,47,
1965,44,48,60,CHAPEL IN THE MOONLIGHT,The Bachelors,London,4,48,
1965,44,49,53,MY GIRL HAS GONE,The Miracles,Tamla,4,49,
1965,44,50,74,MY BABY,The Temptations,Gordy,2,50,
1965,45,1,3,GET OFF OF MY CLOUD,The Rolling Stones,London,5,1,1 week at #1
1965,45,2,2,A LOVER’S CONCERTO,The Toys,DynoVoice,9,2,
1965,45,3,1,YESTERDAY,The Beatles,Capitol,7,1,
1965,45,4,5,EVERYBODY LOVES A CLOWN,Gary Lewis and the Playboys,Liberty,7,4,
1965,45,5,4,KEEP ON DANCING,The Gentrys,MGM,9,4,
1965,45,6,7,YOU’RE THE ONE,The Vogues,Co & Ce,8,6,
1965,45,7,8,POSITIVELY 4TH STREET,Bob Dylan,Columbia,6,7,
1965,45,8,10,1-2-3,Len Barry,Decca,7,8,
1965,45,9,14,RESCUE ME,Fontella Bass,Checker,6,9,
1965,45,10,15,A TASTE OF HONEY,Herb Alpert and the Tijuana Brass,A&M,7,10,
1965,45,11,11,MAKE ME YOUR BABY,Barbara Lewis,Atlantic,9,11,
1965,45,12,39,I HEAR A SYMPHONY,The Supremes,Motown,2,12,
1965,45,13,18,LET’S HANG ON,The Four Seasons,Philips,5,13,
1965,45,14,16,I KNEW YOU WHEN,Billy Joe Royal,Columbia,8,14,
1965,45,15,19,AIN’T THAT PECULIAR,Marvin Gaye,Tamla,5,15,
1965,45,16,17,BUT YOU’RE MINE,Sonny and Cher,Atco,5,16,
1965,45,17,20,EVERYONE’S GONE TO THE MOON,Jonathan King,Parrot,7,17,
1965,45,18,6,TREAT HER RIGHT,Roy Head and the Traits,Back Beat,10,2,
1965,45,19,12,"LIAR, LIAR",The Castaways,Soma,13,12,
1965,45,20,9,HANG ON SLOOPY,The McCoys,Bang,13,1,
1965,45,21,33,"RUN, BABY RUN (Back Into My Arms)",The Newbeats,Hickory,6,21,
1965,45,22,13,JUST A LITTLE BIT BETTER,Herman’s Hermits,MGM,8,7,
1965,45,23,23,I WANT TO (Do Everything For You),Joe Tex,Dial,11,23,
1965,45,24,38,ROUND EVERY CORNER,Petula Clark,Warner Brothers,5,24,
1965,45,25,30,SAY SOMETHING FUNNY,Patty Duke,United Artists,6,25,
1965,45,26,25,NOT THE LOVIN’ KIND,"Dino, Desi and Billy",Reprise,8,25,
1965,45,27,27,HUNGRY FOR LOVE,San Remo Golden Strings,Ric-Tic,9,27,
1965,45,28,22,DO YOU BELIEVE IN MAGIC,The Lovin’ Spoonful,Kama Sutra,12,9,
1965,45,29,21,THE “IN” CROWD,The Ramsey Lewis Trio,Argo,15,5,
1965,45,30,35,WHERE HAVE ALL THE FLOWERS GONE,Johnny Rivers,Imperial,6,30,
1965,45,31,61,TURN! TURN! TURN! (To Everything There Is a Season),The Byrds,Columbia,3,31,
1965,45,32,44,WHERE DO YOU GO,Cher,Imperial,4,32,
1965,45,33,29,MOHAIR SAM,Charlie Rich,Smash,11,21,
1965,45,34,41,I MISS YOU SO,Little Anthony and the Imperials with the 101 Strings,DCP,6,34,
1965,45,35,37,RESPECT,Otis Redding,Volt,10,35,
1965,45,36,50,MY BABY,The Temptations,Gordy,3,36,
1965,45,37,48,CHAPEL IN THE MOONLIGHT,The Bachelors,London,5,37,
1965,45,38,49,MY GIRL HAS GONE,The Miracles,Tamla,5,38,
1965,45,39,51,YOU’VE GOT TO HIDE YOUR LOVE AWAY,The Silkie,Fontana,4,39,
1965,45,40,24,BABY DON’T GO,Sonny and Cher,Reprise,12,8,
1965,45,41,28,SOME ENCHANTED EVENING,Jay and the Americans,United Artists,10,13,
1965,45,50,26,I’M YOURS,Elvis Presley,RCA Victor,11,11,
1965,45,42,60,RUSTY BELLS,Brenda Lee,Decca,5,42,
1965,45,43,59,MAY THE BIRD OF PARADISE FLY UP YOUR NOSE,“Little” Jimmy Dickens,Columbia,4,43,
1965,45,45,55,RING DANG DOO,Sam the Sham and the Pharaohs,MGM,5,45,
1965,45,46,46,STEPPIN’ OUT,Paul Revere and the Raiders,Columbia,8,46,
1965,45,47,42,CARA-LIN,The Strangeloves,Bang,8,39,
1965,45,48,58,MAKE IT EASY ON YOURSELF,The Walker Brothers,Smash,4,48,
1965,45,49,63,MAKE THE WORLD GO AWAY,Eddy Arnold,RCA Victor,4,49,
1965,46,1,1,GET OFF OF MY CLOUD,The Rolling Stones,London,6,1,2 weeks at #1
1965,46,2,2,A LOVER’S CONCERTO,The Toys,DynoVoice,10,2,
1965,46,3,8,1-2-3,Len Barry,Decca,8,3,
1965,46,4,6,YOU’RE THE ONE,The Vogues,Co & Ce,9,4,
1965,46,5,12,I HEAR A SYMPHONY,The Supremes,Motown,3,5,
1965,46,6,9,RESCUE ME,Fontella Bass,Checker,7,6,
1965,46,7,4,EVERYBODY LOVES A CLOWN,Gary Lewis and the Playboys,Liberty,8,4,
1965,46,8,13,LET’S HANG ON,The Four Seasons,Philips,6,8,
1965,46,9,10,A TASTE OF HONEY,Herb Alpert and the Tijuana Brass,A&M,8,9,
1965,46,10,15,AIN’T THAT PECULIAR,Marvin Gaye,Tamla,6,10,
1965,46,11,3,YESTERDAY,The Beatles,Capitol,8,1,
1965,46,12,31,TURN! TURN! TURN! (To Everything There Is a Season),The Byrds,Columbia,4,12,
1965,46,13,7,POSITIVELY 4TH STREET,Bob Dylan,Columbia,7,7,
1965,46,14,14,I KNEW YOU WHEN,Billy Joe Royal,Columbia,9,14,
1965,46,15,16,BUT YOU’RE MINE,Sonny and Cher,Atco,6,15,
1965,46,16,21,"RUN, BABY RUN (Back Into My Arms)",The Newbeats,Hickory,7,16,
1965,46,17,17,EVERYONE’S GONE TO THE MOON,Jonathan King,Parrot,8,17,
1965,46,18,5,KEEP ON DANCING,The Gentrys,MGM,10,4,
1965,46,19,11,MAKE ME YOUR BABY,Barbara Lewis,Atlantic,10,11,
1965,46,20,39,YOU’VE GOT TO HIDE YOUR LOVE AWAY,The Silkie,Fontana,5,20,
1965,46,21,24,ROUND EVERY CORNER,Petula Clark,Warner Brothers,6,21,
1965,46,22,25,SAY SOMETHING FUNNY,Patty Duke,United Artists,7,22,
1965,46,23,36,MY BABY,The Temptations,Gordy,4,23,
1965,46,24,23,I WANT TO (Do Everything For You),Joe Tex,Dial,12,23,
1965,46,25,32,WHERE DO YOU GO,Cher,Imperial,5,25,
1965,46,26,30,WHERE HAVE ALL THE FLOWERS GONE,Johnny Rivers,Imperial,7,26,
1965,46,27,38,MY GIRL HAS GONE,The Miracles,Tamla,6,27,
1965,46,28,22,JUST A LITTLE BIT BETTER,Herman’s Hermits,MGM,9,7,
1965,46,29,43,MAY THE BIRD OF PARADISE FLY UP YOUR NOSE,“Little” Jimmy Dickens,Columbia,5,29,
1965,46,30,18,TREAT HER RIGHT,Roy Head and the Traits,Back Beat,11,2,
1965,46,31,20,HANG ON SLOOPY,The McCoys,Bang,14,1,
1965,46,32,37,CHAPEL IN THE MOONLIGHT,The Bachelors,London,6,32,
1965,46,33,44,I FOUND A GIRL,Jan and Dean,Liberty,5,33,
1965,46,34,45,RING DANG DOO,Sam the Sham and the Pharaohs,MGM,6,34,
1965,46,35,48,MAKE IT EASY ON YOURSELF,The Walker Brothers,Smash,5,35,
1965,46,36,42,RUSTY BELLS,Brenda Lee,Decca,6,36,
1965,46,37,19,"LIAR, LIAR",The Castaways,Soma,14,12,
1965,46,38,49,MAKE THE WORLD GO AWAY,Eddy Arnold,RCA Victor,5,38,
1965,46,39,58,I WILL,Dean Martin,Reprise,3,39,
1965,46,40,26,NOT THE LOVIN’ KIND,"Dino, Desi and Billy",Reprise,9,25,
1965,46,41,35,RESPECT,Otis Redding,Volt,11,35,
1965,46,42,29,THE “IN” CROWD,The Ramsey Lewis Trio,Argo,16,5,
1965,46,43,34,I MISS YOU SO,Little Anthony and the Imperials with the 101 Strings,DCP,7,34,
1965,46,48,28,DO YOU BELIEVE IN MAGIC,The Lovin’ Spoonful,Kama Sutra,13,9,
1965,46,52,27,HUNGRY FOR LOVE,San Remo Golden Strings,Ric-Tic,10,27,
1965,46,44,61,LET ME BE,The Turtles,White Whale,3,44,
1965,46,45,62,I’M A MAN,The Yardbirds,Epic,3,45,
1965,46,46,56,CLEO’S BACK,Jr. Walker and the All Stars,Soul,6,46,
1965,46,47,51,ROAD RUNNER,The Gants,Liberty,8,47,
1965,46,49,66,(All Of a Sudden) MY HEART SINGS,Mel Carter,Imperial,3,49,
1965,46,50,53,TAKE ME IN YOUR ARMS (Rock Me a Little While),Kim Weston,Gordy,7,50,
1965,47,1,5,I HEAR A SYMPHONY,The Supremes,Motown,4,1,1 week at #1
1965,47,2,3,1-2-3,Len Barry,Decca,9,2,
1965,47,3,1,GET OFF OF MY CLOUD,The Rolling Stones,London,7,1,
1965,47,4,6,RESCUE ME,Fontella Bass,Checker,8,4,
1965,47,5,8,LET’S HANG ON,The Four Seasons,Philips,7,5,
1965,47,6,12,TURN! TURN! TURN! (To Everything There Is a Season),The Byrds,Columbia,5,6,
1965,47,7,2,A LOVER’S CONCERTO,The Toys,DynoVoice,11,2,
1965,47,8,10,AIN’T THAT PECULIAR,Marvin Gaye,Tamla,7,8,
1965,47,9,9,A TASTE OF HONEY,Herb Alpert and the Tijuana Brass,A&M,9,9,
1965,47,10,4,YOU’RE THE ONE,The Vogues,Co & Ce,10,4,
1965,47,11,7,EVERYBODY LOVES A CLOWN,Gary Lewis and the Playboys,Liberty,9,4,
1965,47,12,20,YOU’VE GOT TO HIDE YOUR LOVE AWAY,The Silkie,Fontana,6,12,
1965,47,13,11,YESTERDAY,The Beatles,Capitol,9,1,
1965,47,14,68,I GOT YOU (I Feel Good),James Brown and the Famous Flames,King,2,14,
1965,47,15,16,"RUN, BABY RUN (Back Into My Arms)",The Newbeats,Hickory,8,15,
1965,47,16,27,MY GIRL HAS GONE,The Miracles,Tamla,7,16,
1965,47,17,15,BUT YOU’RE MINE,Sonny and Cher,Atco,7,15,
1965,47,18,14,I KNEW YOU WHEN,Billy Joe Royal,Columbia,10,14,
1965,47,19,29,MAY THE BIRD OF PARADISE FLY UP YOUR NOSE,“Little” Jimmy Dickens,Columbia,6,19,
1965,47,20,23,MY BABY,The Temptations,Gordy,5,20,
1965,47,21,21,ROUND EVERY CORNER,Petula Clark,Warner Brothers,7,21,
1965,47,22,18,KEEP ON DANCING,The Gentrys,MGM,11,4,
1965,47,23,17,EVERYONE’S GONE TO THE MOON,Jonathan King,Parrot,9,17,
1965,47,24,35,MAKE IT EASY ON YOURSELF,The Walker Brothers,Smash,6,24,
1965,47,25,25,WHERE DO YOU GO,Cher,Imperial,6,25,
1965,47,26,13,POSITIVELY 4TH STREET,Bob Dylan,Columbia,8,7,
1965,47,27,19,MAKE ME YOUR BABY,Barbara Lewis,Atlantic,11,11,
1965,47,28,38,MAKE THE WORLD GO AWAY,Eddy Arnold,RCA Victor,6,28,
1965,47,29,39,I WILL,Dean Martin,Reprise,4,29,
1965,47,30,33,I FOUND A GIRL,Jan and Dean,Liberty,6,30,
1965,47,31,51,I CAN NEVER GO HOME ANYMORE,The Shangri-Las,Red Bird,3,31,
1965,47,32,45,I’M A MAN,The Yardbirds,Epic,4,32,
1965,47,33,34,RING DANG DOO,Sam the Sham and the Pharaohs,MGM,7,33,
1965,47,34,44,LET ME BE,The Turtles,White Whale,4,34,
1965,47,35,22,SAY SOMETHING FUNNY,Patty Duke,United Artists,8,22,
1965,47,36,36,RUSTY BELLS,Brenda Lee,Decca,7,36,
1965,47,37,58,SOMETHING ABOUT YOU,The Four Tops,Motown,2,37,
1965,47,38,63,OVER AND OVER,The Dave Clark Five,Epic,2,38,
1965,47,39,26,WHERE HAVE ALL THE FLOWERS GONE,Johnny Rivers,Imperial,8,26,
1965,47,40,32,CHAPEL IN THE MOONLIGHT,The Bachelors,London,7,32,
1965,47,42,28,JUST A LITTLE BIT BETTER,Herman’s Hermits,MGM,10,7,
1965,47,47,24,I WANT TO (Do Everything For You),Joe Tex,Dial,13,23,
1965,47,41,53,KISS AWAY,Ronnie Dove,Diamond,3,41,
1965,47,43,46,CLEO’S BACK,Jr. Walker and the All Stars,Soul,7,43,
1965,47,44,57,ENGLAND SWINGS,Roger Miller,Smash,3,44,
1965,47,45,49,(All Of a Sudden) MY HEART SINGS,Mel Carter,Imperial,4,45,
1965,47,46,59,MYSTIC EYES,Them,Parrot,4,46,
1965,47,48,47,ROAD RUNNER,The Gants,Liberty,9,47,
1965,47,49,64,HERE IT COMES AGAIN,The Fortunes,Press,3,49,
1965,47,50,56,JUST A LITTLE BIT,Roy Head,Scepter,4,50,
1965,48,1,1,I HEAR A SYMPHONY,The Supremes,Motown,5,1,2 weeks at #1
1965,48,2,6,TURN! TURN! TURN! (To Everything There Is a Season),The Byrds,Columbia,6,2,
1965,48,3,2,1-2-3,Len Barry,Decca,10,2,
1965,48,4,5,LET’S HANG ON,The Four Seasons,Philips,8,4,
1965,48,5,3,GET OFF OF MY CLOUD,The Rolling Stones,London,8,1,
1965,48,6,4,RESCUE ME,Fontella Bass,Checker,9,4,
1965,48,7,9,A TASTE OF HONEY,Herb Alpert and the Tijuana Brass,A&M,10,7,
1965,48,8,8,AIN’T THAT PECULIAR,Marvin Gaye,Tamla,8,8,
1965,48,9,14,I GOT YOU (I Feel Good),James Brown and the Famous Flames,King,3,9,
1965,48,10,12,YOU’VE GOT TO HIDE YOUR LOVE AWAY,The Silkie,Fontana,7,10,
1965,48,11,7,A LOVER’S CONCERTO,The Toys,DynoVoice,12,2,
1965,48,12,31,I CAN NEVER GO HOME ANYMORE,The Shangri-Las,Red Bird,4,12,
1965,48,13,20,MY BABY,The Temptations,Gordy,6,13,
1965,48,14,16,MY GIRL HAS GONE,The Miracles,Tamla,8,14,
1965,48,15,15,"RUN, BABY RUN (Back Into My Arms)",The Newbeats,Hickory,9,15,
1965,48,16,38,OVER AND OVER,The Dave Clark Five,Epic,3,16,
1965,48,17,19,MAY THE BIRD OF PARADISE FLY UP YOUR NOSE,“Little” Jimmy Dickens,Columbia,7,17,
1965,48,18,29,I WILL,Dean Martin,Reprise,5,18,
1965,48,19,28,MAKE THE WORLD GO AWAY,Eddy Arnold,RCA Victor,7,19,
1965,48,20,37,SOMETHING ABOUT YOU,The Four Tops,Motown,3,20,
1965,48,21,24,MAKE IT EASY ON YOURSELF,The Walker Brothers,Smash,7,21,
1965,48,22,10,YOU’RE THE ONE,The Vogues,Co & Ce,11,4,
1965,48,23,23,EVERYONE’S GONE TO THE MOON,Jonathan King,Parrot,10,17,
1965,48,24,44,ENGLAND SWINGS,Roger Miller,Smash,4,24,
1965,48,25,22,KEEP ON DANCING,The Gentrys,MGM,12,4,
1965,48,26,13,YESTERDAY,The Beatles,Capitol,10,1,
1965,48,27,32,I’M A MAN,The Yardbirds,Epic,5,27,
1965,48,28,61,HANG ON SLOOPY,The Ramsey Lewis Trio,Cadet,2,28,
1965,48,29,34,LET ME BE,The Turtles,White Whale,5,29,
1965,48,30,11,EVERYBODY LOVES A CLOWN,Gary Lewis and the Playboys,Liberty,10,4,
1965,48,31,41,KISS AWAY,Ronnie Dove,Diamond,4,31,
1965,48,32,51,DON’T THINK TWICE,The Wonder Who? (The Four Seasons),Philips,4,32,
1965,48,33,36,RUSTY BELLS,Brenda Lee,Decca,8,33,
1965,48,34,17,BUT YOU’RE MINE,Sonny and Cher,Atco,8,15,
1965,48,35,18,I KNEW YOU WHEN,Billy Joe Royal,Columbia,11,14,
1965,48,36,33,RING DANG DOO,Sam the Sham and the Pharaohs,MGM,8,33,
1965,48,37,55,FEVER,The McCoys,Bang,3,37,
1965,48,38,27,MAKE ME YOUR BABY,Barbara Lewis,Atlantic,12,11,
1965,48,39,49,HERE IT COMES AGAIN,The Fortunes,Press,4,39,
1965,48,40,45,(All Of a Sudden) MY HEART SINGS,Mel Carter,Imperial,5,40,
1965,48,41,30,I FOUND A GIRL,Jan and Dean,Liberty,7,30,
1965,48,42,25,WHERE DO YOU GO,Cher,Imperial,7,25,
1965,48,44,21,ROUND EVERY CORNER,Petula Clark,Warner Brothers,8,21,
1965,48,50,26,POSITIVELY 4TH STREET,Bob Dylan,Columbia,9,7,
1965,48,58,39,WHERE HAVE ALL THE FLOWERS GONE,Johnny Rivers,Imperial,9,26,
1965,48,43,50,JUST A LITTLE BIT,Roy Head,Scepter,5,43,
1965,48,45,46,MYSTIC EYES,Them,Parrot,5,45,
1965,48,46,56,PUPPET ON A STRING,Elvis Presley,RCA Victor,3,46,
1965,48,47,57,IT’S MY LIFE,The Animals,MGM,4,47,
1965,48,48,48,ROAD RUNNER,The Gants,Liberty,10,47,
1965,48,49,60,CRAWLING BACK,Roy Orbison,MGM,4,49,
1965,49,1,2,TURN! TURN! TURN! (To Everything There Is a Season),The Byrds,Columbia,7,1,1 week at #1
1965,49,2,1,I HEAR A SYMPHONY,The Supremes,Motown,6,1,
1965,49,3,3,1-2-3,Len Barry,Decca,11,2,
1965,49,4,4,LET’S HANG ON,The Four Seasons,Philips,9,4,
1965,49,5,9,I GOT YOU (I Feel Good),James Brown and the Famous Flames,King,4,5,
1965,49,6,6,RESCUE ME,Fontella Bass,Checker,10,4,
1965,49,7,7,A TASTE OF HONEY,Herb Alpert and the Tijuana Brass,A&M,11,7,
1965,49,8,8,AIN’T THAT PECULIAR,Marvin Gaye,Tamla,9,8,
1965,49,9,12,I CAN NEVER GO HOME ANYMORE,The Shangri-Las,Red Bird,5,9,
1965,49,10,16,OVER AND OVER,The Dave Clark Five,Epic,4,10,
1965,49,11,5,GET OFF OF MY CLOUD,The Rolling Stones,London,9,1,
1965,49,12,15,"RUN, BABY RUN (Back Into My Arms)",The Newbeats,Hickory,10,12,
1965,49,13,18,I WILL,Dean Martin,Reprise,6,13,
1965,49,14,10,YOU’VE GOT TO HIDE YOUR LOVE AWAY,The Silkie,Fontana,8,10,
1965,49,15,17,MAY THE BIRD OF PARADISE FLY UP YOUR NOSE,“Little” Jimmy Dickens,Columbia,8,15,
1965,49,16,21,MAKE IT EASY ON YOURSELF,The Walker Brothers,Smash,8,16,
1965,49,17,19,MAKE THE WORLD GO AWAY,Eddy Arnold,RCA Victor,8,17,
1965,49,18,24,ENGLAND SWINGS,Roger Miller,Smash,5,18,
1965,49,19,20,SOMETHING ABOUT YOU,The Four Tops,Motown,4,19,
1965,49,20,37,FEVER,The McCoys,Bang,4,20,
1965,49,21,28,HANG ON SLOOPY,The Ramsey Lewis Trio,Cadet,3,21,
1965,49,22,27,I’M A MAN,The Yardbirds,Epic,6,22,
1965,49,23,11,A LOVER’S CONCERTO,The Toys,DynoVoice,13,2,
1965,49,24,32,DON’T THINK TWICE,The Wonder Who? (The Four Seasons),Philips,5,24,
1965,49,25,13,MY BABY,The Temptations,Gordy,7,13,
1965,49,26,31,KISS AWAY,Ronnie Dove,Diamond,5,26,
1965,49,27,46,PUPPET ON A STRING,Elvis Presley,RCA Victor,4,27,
1965,49,28,14,MY GIRL HAS GONE,The Miracles,Tamla,9,14,
1965,49,29,29,LET ME BE,The Turtles,White Whale,6,29,
1965,49,30,39,HERE IT COMES AGAIN,The Fortunes,Press,5,30,
1965,49,31,52,SUNDAY AND ME,Jay and the Americans,United Artists,3,31,
1965,49,32,25,KEEP ON DANCING,The Gentrys,MGM,13,4,
1965,49,33,22,YOU’RE THE ONE,The Vogues,Co & Ce,12,4,
1965,49,34,65,THE SOUNDS OF SILENCE,Simon and Garfunkel,Columbia,3,34,
1965,49,35,45,MYSTIC EYES,Them,Parrot,6,35,
1965,49,36,47,IT’S MY LIFE,The Animals,MGM,5,36,
1965,49,37,51,ONE HAS MY NAME (The Other Has My Heart),Barry Young,Dot,5,37,
1965,49,38,40,(All Of a Sudden) MY HEART SINGS,Mel Carter,Imperial,6,38,
1965,49,39,43,JUST A LITTLE BIT,Roy Head,Scepter,6,39,
1965,49,40,23,EVERYONE’S GONE TO THE MOON,Jonathan King,Parrot,11,17,
1965,49,43,30,EVERYBODY LOVES A CLOWN,Gary Lewis and the Playboys,Liberty,11,4,
1965,49,45,26,YESTERDAY,The Beatles,Capitol,11,1,
1965,49,49,36,RING DANG DOO,Sam the Sham and the Pharaohs,MGM,9,33,
1965,49,55,33,RUSTY BELLS,Brenda Lee,Decca,9,33,
1965,49,42,69,THE LITTLE GIRL I ONCE KNEW,The Beach Boys,Capitol,2,42,
1965,49,44,60,FLOWERS ON THE WALL,The Statler Brothers,Columbia,4,44,
1965,49,46,48,ROAD RUNNER,The Gants,Liberty,11,46,
1965,49,47,61,APPLE OF MY EYE,Roy Head and the Traits,Back Beat,3,47,
1965,49,48,49,CRAWLING BACK,Roy Orbison,MGM,5,48,
1965,49,50,57,HOLE IN THE WALL,The Packers,Pure Soul,4,50,
1965,50,1,1,TURN! TURN! TURN! (To Everything There Is a Season),The Byrds,Columbia,8,1,2 weeks at #1
1965,50,2,2,I HEAR A SYMPHONY,The Supremes,Motown,7,1,
1965,50,3,4,LET’S HANG ON,The Four Seasons,Philips,10,3,
1965,50,4,5,I GOT YOU (I Feel Good),James Brown and the Famous Flames,King,5,4,
1965,50,5,10,OVER AND OVER,The Dave Clark Five,Epic,5,5,
1965,50,6,9,I CAN NEVER GO HOME ANYMORE,The Shangri-Las,Red Bird,6,6,
1965,50,7,3,1-2-3,Len Barry,Decca,12,2,
1965,50,8,7,A TASTE OF HONEY,Herb Alpert and the Tijuana Brass,A&M,12,7,
1965,50,9,6,RESCUE ME,Fontella Bass,Checker,11,4,
1965,50,10,13,I WILL,Dean Martin,Reprise,7,10,
1965,50,11,21,HANG ON SLOOPY,The Ramsey Lewis Trio,Cadet,4,11,
1965,50,12,18,ENGLAND SWINGS,Roger Miller,Smash,6,12,
1965,50,13,20,FEVER,The McCoys,Bang,5,13,
1965,50,14,17,MAKE THE WORLD GO AWAY,Eddy Arnold,RCA Victor,9,14,
1965,50,15,11,GET OFF OF MY CLOUD,The Rolling Stones,London,10,1,
1965,50,16,8,AIN’T THAT PECULIAR,Marvin Gaye,Tamla,10,8,
1965,50,17,22,I’M A MAN,The Yardbirds,Epic,7,17,
1965,50,18,24,DON’T THINK TWICE,The Wonder Who? (The Four Seasons),Philips,6,18,
1965,50,19,19,SOMETHING ABOUT YOU,The Four Tops,Motown,5,19,
1965,50,20,12,"RUN, BABY RUN (Back Into My Arms)",The Newbeats,Hickory,11,12,
1965,50,21,41,EBB TIDE,The Righteous Brothers,Philles,2,21,
1965,50,22,27,PUPPET ON A STRING,Elvis Presley,RCA Victor,5,22,
1965,50,23,31,SUNDAY AND ME,Jay and the Americans,United Artists,4,23,
1965,50,24,37,ONE HAS MY NAME (The Other Has My Heart),Barry Young,Dot,6,24,
1965,50,25,26,KISS AWAY,Ronnie Dove,Diamond,6,25,
1965,50,26,34,THE SOUNDS OF SILENCE,Simon and Garfunkel,Columbia,4,26,
1965,50,27,14,YOU’VE GOT TO HIDE YOUR LOVE AWAY,The Silkie,Fontana,9,10,
1965,50,28,15,MAY THE BIRD OF PARADISE FLY UP YOUR NOSE,“Little” Jimmy Dickens,Columbia,9,15,
1965,50,29,16,MAKE IT EASY ON YOURSELF,The Walker Brothers,Smash,9,16,
1965,50,30,30,HERE IT COMES AGAIN,The Fortunes,Press,6,30,
1965,50,31,36,IT’S MY LIFE,The Animals,MGM,6,31,
1965,50,32,42,THE LITTLE GIRL I ONCE KNEW,The Beach Boys,Capitol,3,32,
1965,50,33,35,MYSTIC EYES,Them,Parrot,7,33,
1965,50,34,44,FLOWERS ON THE WALL,The Statler Brothers,Columbia,5,34,
1965,50,35,25,MY BABY,The Temptations,Gordy,8,13,
1965,50,36,29,LET ME BE,The Turtles,White Whale,7,29,
1965,50,37,23,A LOVER’S CONCERTO,The Toys,DynoVoice,14,2,
1965,50,38,28,MY GIRL HAS GONE,The Miracles,Tamla,10,14,
1965,50,39,56,YOU DIDN’T HAVE TO BE SO NICE,The Lovin’ Spoonful,Kama Sutra,3,39,
1965,50,40,67,FIVE O’CLOCK WORLD,The Vogues,Co & Ce,3,40,
1965,50,41,39,JUST A LITTLE BIT,Roy Head,Scepter,7,39,
1965,50,49,38,(All Of a Sudden) MY HEART SINGS,Mel Carter,Imperial,7,38,
1965,50,42,54,THE DUCK,Jackie Lee,Mirwood,4,42,
1965,50,43,50,HOLE IN THE WALL,The Packers,Pure Soul,5,43,
1965,50,44,52,PRINCESS IN RAGS,Gene Pitney,Musicor,4,44,
1965,50,45,47,APPLE OF MY EYE,Roy Head and the Traits,Back Beat,4,45,
1965,50,46,48,CRAWLING BACK,Roy Orbison,MGM,6,46,
1965,50,47,53,HARLEM NOCTURNE,The Viscounts,Amy,23,47,
1965,50,48,68,SPANISH EYES,Al Martino,Capitol,2,48,
1965,50,50,46,ROAD RUNNER,The Gants,Liberty,12,46,
1965,51,1,1,TURN! TURN! TURN! (To Everything There Is a Season),The Byrds,Columbia,9,1,3 weeks at #1
1965,51,2,5,OVER AND OVER,The Dave Clark Five,Epic,6,2,
1965,51,3,4,I GOT YOU (I Feel Good),James Brown and the Famous Flames,King,6,3,
1965,51,4,3,LET’S HANG ON,The Four Seasons,Philips,11,3,
1965,51,5,2,I HEAR A SYMPHONY,The Supremes,Motown,8,1,
1965,51,6,6,I CAN NEVER GO HOME ANYMORE,The Shangri-Las,Red Bird,7,6,
1965,51,7,14,MAKE THE WORLD GO AWAY,Eddy Arnold,RCA Victor,10,7,
1965,51,8,12,ENGLAND SWINGS,Roger Miller,Smash,7,8,
1965,51,9,13,FEVER,The McCoys,Bang,6,9,
1965,51,10,10,I WILL,Dean Martin,Reprise,8,10,
1965,51,11,11,HANG ON SLOOPY,The Ramsey Lewis Trio,Cadet,5,11,
1965,51,12,21,EBB TIDE,The Righteous Brothers,Philles,3,12,
1965,51,13,18,DON’T THINK TWICE,The Wonder Who? (The Four Seasons),Philips,7,13,
1965,51,14,8,A TASTE OF HONEY,Herb Alpert and the Tijuana Brass,A&M,13,7,
1965,51,15,7,1-2-3,Len Barry,Decca,13,2,
1965,51,16,26,THE SOUNDS OF SILENCE,Simon and Garfunkel,Columbia,5,16,
1965,51,17,24,ONE HAS MY NAME (The Other Has My Heart),Barry Young,Dot,7,17,
1965,51,18,23,SUNDAY AND ME,Jay and the Americans,United Artists,5,18,
1965,51,19,22,PUPPET ON A STRING,Elvis Presley,RCA Victor,6,19,
1965,51,20,9,RESCUE ME,Fontella Bass,Checker,12,4,
1965,51,21,34,FLOWERS ON THE WALL,The Statler Brothers,Columbia,6,21,
1965,51,22,15,GET OFF OF MY CLOUD,The Rolling Stones,London,11,1,
1965,51,23,40,FIVE O’CLOCK WORLD,The Vogues,Co & Ce,4,23,
1965,51,24,31,IT’S MY LIFE,The Animals,MGM,7,24,
1965,51,25,17,I’M A MAN,The Yardbirds,Epic,8,17,
1965,51,26,32,THE LITTLE GIRL I ONCE KNEW,The Beach Boys,Capitol,4,26,
1965,51,27,30,HERE IT COMES AGAIN,The Fortunes,Press,7,27,
1965,51,28,16,AIN’T THAT PECULIAR,Marvin Gaye,Tamla,11,8,
1965,51,29,19,SOMETHING ABOUT YOU,The Four Tops,Motown,6,19,
1965,51,30,39,YOU DIDN’T HAVE TO BE SO NICE,The Lovin’ Spoonful,Kama Sutra,4,30,
1965,51,31,27,YOU’VE GOT TO HIDE YOUR LOVE AWAY,The Silkie,Fontana,10,10,
1965,51,32,57,SHE’S JUST MY STYLE,Gary Lewis and the Playboys,Liberty,2,32,
1965,51,33,20,"RUN, BABY RUN (Back Into My Arms)",The Newbeats,Hickory,12,12,
1965,51,34,29,MAKE IT EASY ON YOURSELF,The Walker Brothers,Smash,10,16,
1965,51,35,45,APPLE OF MY EYE,Roy Head and the Traits,Back Beat,5,35,
1965,51,37,48,SPANISH EYES,Al Martino,Capitol,3,37,
1965,51,38,42,THE DUCK,Jackie Lee,Mirwood,5,38,
1965,51,39,25,KISS AWAY,Ronnie Dove,Diamond,7,25,
1965,51,40,44,PRINCESS IN RAGS,Gene Pitney,Musicor,5,40,
1965,51,42,33,MYSTIC EYES,Them,Parrot,8,33,
1965,51,47,28,MAY THE BIRD OF PARADISE FLY UP YOUR NOSE,“Little” Jimmy Dickens,Columbia,10,15,
1965,51,48,37,A LOVER’S CONCERTO,The Toys,DynoVoice,15,2,
1965,51,41,51,LET’S GET TOGETHER,We Five,A&M,6,41,
1965,51,43,54,SATIN PILLOWS,Bobby Vinton,Epic,3,43,
1965,51,44,47,HARLEM NOCTURNE,The Viscounts,Amy,24,44,
1965,51,45,69,JUST LIKE ME,Paul Revere and the Raiders Featuring Mark Lindsay,Columbia,3,45,
1965,51,46,56,YOU’VE BEEN CHEATIN’,The Impressions,ABC-Paramount,5,46,
1965,51,49,52,SEESAW,Don Covay and the Goodtimers,Atlantic,6,49,
1965,51,50,60,A SWEET WOMAN LIKE YOU,Joe Tex,Dial,3,50,
1965,52,1,2,OVER AND OVER,The Dave Clark Five,Epic,7,1,1 week at #1
1965,52,2,1,TURN! TURN! TURN! (To Everything There Is a Season),The Byrds,Columbia,10,1,
1965,52,3,3,I GOT YOU (I Feel Good),James Brown and the Famous Flames,King,7,3,
1965,52,4,4,LET’S HANG ON,The Four Seasons,Philips,12,3,
1965,52,5,16,THE SOUNDS OF SILENCE,Simon and Garfunkel,Columbia,6,5,
1965,52,6,7,MAKE THE WORLD GO AWAY,Eddy Arnold,RCA Victor,11,6,
1965,52,7,9,FEVER,The McCoys,Bang,7,7,
1965,52,8,8,ENGLAND SWINGS,Roger Miller,Smash,8,8,
1965,52,9,12,EBB TIDE,The Righteous Brothers,Philles,4,9,
1965,52,10,6,I CAN NEVER GO HOME ANYMORE,The Shangri-Las,Red Bird,8,6,
1965,52,11,36,WE CAN WORK IT OUT,The Beatles,Capitol,2,11,
1965,52,12,13,DON’T THINK TWICE,The Wonder Who? (The Four Seasons),Philips,8,12,
1965,52,13,21,FLOWERS ON THE WALL,The Statler Brothers,Columbia,7,13,
1965,52,14,19,PUPPET ON A STRING,Elvis Presley,RCA Victor,7,14,
1965,52,15,11,HANG ON SLOOPY,The Ramsey Lewis Trio,Cadet,6,11,
1965,52,16,23,FIVE O’CLOCK WORLD,The Vogues,Co & Ce,5,16,
1965,52,17,17,ONE HAS MY NAME (The Other Has My Heart),Barry Young,Dot,8,17,
1965,52,18,18,SUNDAY AND ME,Jay and the Americans,United Artists,6,18,
1965,52,19,10,I WILL,Dean Martin,Reprise,9,10,
1965,52,20,5,I HEAR A SYMPHONY,The Supremes,Motown,9,1,
1965,52,21,26,THE LITTLE GIRL I ONCE KNEW,The Beach Boys,Capitol,5,21,
1965,52,22,32,SHE’S JUST MY STYLE,Gary Lewis and the Playboys,Liberty,3,22,
1965,52,23,30,YOU DIDN’T HAVE TO BE SO NICE,The Lovin’ Spoonful,Kama Sutra,5,23,
1965,52,24,24,IT’S MY LIFE,The Animals,MGM,8,24,
1965,52,25,25,I’M A MAN,The Yardbirds,Epic,8,17,
1965,52,26,14,A TASTE OF HONEY,Herb Alpert and the Tijuana Brass,A&M,14,7,
1965,52,27,15,1-2-3,Len Barry,Decca,13,2,
1965,52,28,56,DAY TRIPPER,The Beatles,Capitol,2,28,
1965,52,29,38,THE DUCK,Jackie Lee,Mirwood,6,29,
1965,52,30,37,SPANISH EYES,Al Martino,Capitol,4,30,
1965,52,31,41,LET’S GET TOGETHER,We Five,A&M,7,31,
1965,52,32,35,APPLE OF MY EYE,Roy Head and the Traits,Back Beat,6,32,
1965,52,33,52,NO MATTER WHAT SHAPE (Your Stomach’s In),The T-Bones,Liberty,3,33,
1965,52,34,29,SOMETHING ABOUT YOU,The Four Tops,Motown,7,19,
1965,52,35,43,SATIN PILLOWS,Bobby Vinton,Epic,4,35,
1965,52,36,22,GET OFF OF MY CLOUD,The Rolling Stones,London,12,1,
1965,52,37,40,PRINCESS IN RAGS,Gene Pitney,Musicor,6,37,
1965,52,38,45,JUST LIKE ME,Paul Revere and the Raiders Featuring Mark Lindsay,Columbia,4,38,
1965,52,39,33,"RUN, BABY RUN (Back Into My Arms)",The Newbeats,Hickory,13,12,
1965,52,40,20,RESCUE ME,Fontella Bass,Checker,13,4,
1965,52,46,28,AIN’T THAT PECULIAR,Marvin Gaye,Tamla,12,8,
1965,52,52,27,HERE IT COMES AGAIN,The Fortunes,Press,8,27,
1965,52,55,39,KISS AWAY,Ronnie Dove,Diamond,8,25,
1965,52,41,51,THUNDERBALL,Tom Jones,Parrot,3,41,
1965,52,42,46,YOU’VE BEEN CHEATIN’,The Impressions,ABC-Paramount,6,42,
1965,52,43,44,HARLEM NOCTURNE,The Viscounts,Amy,25,43,
1965,52,44,49,SEESAW,Don Covay and the Goodtimers,Atlantic,7,44,
1965,52,45,50,A SWEET WOMAN LIKE YOU,Joe Tex,Dial,4,45,
1965,52,47,57,JEALOUS HEART,Connie Francis,MGM,5,47,
1965,52,49,63,SANDY,Ronny and the Daytonas,Mala,4,49,
1965,52,50,55,LOOK THROUGH ANY WINDOW,The Hollies,Imperial,6,50,
