YEAR,WEEK,TW,LW,TITLE,ARTIST,LABEL,WEEKS_ON_CHART,PEAK_POSITION,WEEKS_AT_1
1966,1,7,7,FEVER,The McCoys,Bang,8,7,
1966,1,9,8,ENGLAND SWINGS,Roger Miller,Smash,9,8,
1966,1,10,6,MAKE THE WORLD GO AWAY,Eddy Arnold,RCA Victor,12,6,
1966,1,11,16,FIVE O’CLOCK WORLD,The Vogues,Co & Ce,6,11,
1966,1,12,13,FLOWERS ON THE WALL,The Statler Brothers,Columbia,8,12,
1966,1,13,17,ONE HAS MY NAME (The Other Has My Heart),Barry Young,Dot,9,13,
1966,1,16,22,SHE’S JUST MY STYLE,Gary Lewis and the Playboys,Liberty,4,16,
1966,1,17,12,DON’T THINK TWICE,The Wonder Who? (The Four Seasons),Philips,9,12,
1966,1,18,28,DAY TRIPPER,The Beatles,Capitol,3,18,
1966,1,19,15,HANG ON SLOOPY,The Ramsey Lewis Trio,Cadet,7,11,
1966,1,21,23,YOU DIDN’T HAVE TO BE SO NICE,The Lovin’ Spoonful,Kama Sutra,6,21,
1966,1,22,33,NO MATTER WHAT SHAPE (Your Stomach’s In),The T-Bones,Liberty,4,22,
1966,1,24,29,THE DUCK,Jackie Lee,Mirwood,7,24,
1966,1,25,30,SPANISH EYES,Al Martino,Capitol,5,25,
1966,1,26,18,SUNDAY AND ME,Jay and the Americans,United Artists,7,18,
1966,1,27,48,A MUST TO AVOID,Herman’s Hermits,MGM,2,27,
1966,1,29,35,SATIN PILLOWS,Bobby Vinton,Epic,5,29,
1966,1,31,26,A TASTE OF HONEY,Herb Alpert and the Tijuana Brass,A&M,15,7,
1966,1,32,19,I WILL,Dean Martin,Reprise,10,10,
1966,1,33,59,ATTACK,The Toys,DynoVoice,3,33,
1966,1,36,41,THUNDERBALL,Tom Jones,Parrot,4,36,
1966,1,38,31,LET’S GET TOGETHER,We Five,A&M,8,31,
1966,1,39,43,HARLEM NOCTURNE,The Viscounts,Amy,26,39,
1966,1,40,53,LIES,The Knickerbockers,Challenge,5,40,
1966,1,41,27,1-2-3,Len Barry,Decca,14,2,
1966,1,42,32,APPLE OF MY EYE,Roy Head and the Traits,Back Beat,7,32,
1966,1,43,65,JENNY TAKE A RIDE,Mitch Ryder and the Detroit Wheels,New Voice,4,43,
1966,1,44,54,I’VE GOT TO BE SOMEBODY,Billy Joe Royal,Columbia,5,44,
1966,1,45,49,SANDY,Ronny and the Daytonas,Mala,5,45,
1966,1,47,47,JEALOUS HEART,Connie Francis,MGM,6,47,
1966,2,1,2,WE CAN WORK IT OUT,The Beatles,Capitol,4,1,1 week at #1
1966,2,2,1,THE SOUNDS OF SILENCE,Simon and Garfunkel,Columbia,8,1,
1966,2,3,16,SHE’S JUST MY STYLE,Gary Lewis and the Playboys,Liberty,5,3,
1966,2,4,12,FLOWERS ON THE WALL,The Statler Brothers,Columbia,9,4,
1966,2,5,8,EBB TIDE,The Righteous Brothers,Philles,6,5,
1966,2,6,5,OVER AND OVER,The Dave Clark Five,Epic,9,1,
1966,2,7,3,I GOT YOU (I Feel Good),James Brown and the Famous Flames,King,9,3,
1966,2,8,11,FIVE O’CLOCK WORLD,The Vogues,Co & Ce,7,8,
1966,2,9,4,TURN! TURN! TURN! (To Everything There Is a Season),The Byrds,Columbia,12,1,
1966,2,10,18,DAY TRIPPER,The Beatles,Capitol,4,10,
1966,2,11,6,LET’S HANG ON,The Four Seasons,Philips,14,3,
1966,2,12,7,FEVER,The McCoys,Bang,9,7,
1966,2,13,22,NO MATTER WHAT SHAPE (Your Stomach’s In),The T-Bones,Liberty,5,13,
1966,2,14,48,AS TEARS GO BY,The Rolling Stones,London,3,14,
1966,2,15,27,A MUST TO AVOID,Herman’s Hermits,MGM,3,15,
1966,2,16,21,YOU DIDN’T HAVE TO BE SO NICE,The Lovin’ Spoonful,Kama Sutra,7,16,
1966,2,17,10,MAKE THE WORLD GO AWAY,Eddy Arnold,RCA Victor,13,6,
1966,2,18,24,THE DUCK,Jackie Lee,Mirwood,8,18,
1966,2,19,25,SPANISH EYES,Al Martino,Capitol,6,19,
1966,2,20,9,ENGLAND SWINGS,Roger Miller,Smash,10,8,
1966,2,21,14,PUPPET ON A STRING,Elvis Presley,RCA Victor,9,14,
1966,2,22,13,ONE HAS MY NAME (The Other Has My Heart),Barry Young,Dot,10,13,
1966,2,23,28,JUST LIKE ME,Paul Revere and the Raiders Featuring Mark Lindsay,Columbia,6,23,
1966,2,24,57,THE MEN IN MY LITTLE GIRL’S LIFE,Mike Douglas,Epic,3,24,
1966,2,25,23,IT’S MY LIFE,The Animals,MGM,10,23,
1966,2,26,29,SATIN PILLOWS,Bobby Vinton,Epic,6,26,
1966,2,27,17,DON’T THINK TWICE,The Wonder Who? (The Four Seasons),Philips,10,12,
1966,2,28,33,ATTACK,The Toys,DynoVoice,4,28,
1966,2,29,34,A SWEET WOMAN LIKE YOU,Joe Tex,Dial,6,29,
1966,2,30,36,THUNDERBALL,Tom Jones,Parrot,5,30,
1966,2,31,26,SUNDAY AND ME,Jay and the Americans,United Artists,8,18,
1966,2,32,43,JENNY TAKE A RIDE,Mitch Ryder and the Detroit Wheels,New Voice,5,32,
1966,2,33,37,YOU’VE BEEN CHEATIN’,The Impressions,ABC-Paramount,8,33,
1966,2,34,20,THE LITTLE GIRL I ONCE KNEW,The Beach Boys,Capitol,7,20,
1966,2,35,40,LIES,The Knickerbockers,Challenge,6,35,
1966,2,36,15,I CAN NEVER GO HOME ANYMORE,The Shangri-Las,Red Bird,10,6,
1966,2,37,45,SANDY,Ronny and the Daytonas,Mala,6,37,
1966,2,38,50,A WELL RESPECTED MAN,The Kinks,Reprise,6,38,
1966,2,39,49,LOOK THROUGH ANY WINDOW,The Hollies,Imperial,8,39,
1966,2,40,31,A TASTE OF HONEY,Herb Alpert and the Tijuana Brass,A&M,16,7,
1966,2,42,39,HARLEM NOCTURNE,The Viscounts,Amy,27,39,
1966,2,43,19,HANG ON SLOOPY,The Ramsey Lewis Trio,Cadet,8,11,
1966,2,41,44,I’VE GOT TO BE SOMEBODY,Billy Joe Royal,Columbia,6,41,
1966,2,44,42,APPLE OF MY EYE,Roy Head and the Traits,Back Beat,8,32,
1966,2,47,58,IT WAS A VERY GOOD YEAR,Frank Sinatra,Reprise,3,47,
1966,2,48,52,ARE YOU THERE (With Another Girl),Dionne Warwick,Scepter,5,48,
1966,2,49,59,SECOND HAND ROSE,Barbra Streisand,Columbia,4,49,
1966,2,50,54,IT’S GOOD NEWS WEEK,Hedgehoppers Anonymous (Jonathan King),Parrot,6,50,
1966,3,1,1,WE CAN WORK IT OUT,The Beatles,Capitol,5,1,2 weeks at #1
1966,3,2,2,THE SOUNDS OF SILENCE,Simon and Garfunkel,Columbia,9,1,
1966,3,3,3,SHE’S JUST MY STYLE,Gary Lewis and the Playboys,Liberty,6,3,
1966,3,4,8,FIVE O’CLOCK WORLD,The Vogues,Co & Ce,8,4,
1966,3,5,5,EBB TIDE,The Righteous Brothers,Philles,7,5,
1966,3,6,10,DAY TRIPPER,The Beatles,Capitol,5,6,
1966,3,7,4,FLOWERS ON THE WALL,The Statler Brothers,Columbia,10,4,
1966,3,8,24,THE MEN IN MY LITTLE GIRL’S LIFE,Mike Douglas,Epic,4,8,
1966,3,9,14,AS TEARS GO BY,The Rolling Stones,London,4,9,
1966,3,10,13,NO MATTER WHAT SHAPE (Your Stomach’s In),The T-Bones,Liberty,6,10,
1966,3,11,15,A MUST TO AVOID,Herman’s Hermits,MGM,4,11,
1966,3,12,16,YOU DIDN’T HAVE TO BE SO NICE,The Lovin’ Spoonful,Kama Sutra,8,12,
1966,3,13,6,OVER AND OVER,The Dave Clark Five,Epic,10,1,
1966,3,14,12,FEVER,The McCoys,Bang,10,7,
1966,3,15,11,LET’S HANG ON,The Four Seasons,Philips,15,3,
1966,3,16,23,JUST LIKE ME,Paul Revere and the Raiders Featuring Mark Lindsay,Columbia,7,16,
1966,3,17,18,THE DUCK,Jackie Lee,Mirwood,9,17,
1966,3,18,19,SPANISH EYES,Al Martino,Capitol,7,18,
1966,3,19,9,TURN! TURN! TURN! (To Everything There Is a Season),The Byrds,Columbia,13,1,
1966,3,20,7,I GOT YOU (I Feel Good),James Brown and the Famous Flames,King,10,3,
1966,3,21,32,JENNY TAKE A RIDE,Mitch Ryder and the Detroit Wheels,New Voice,6,21,
1966,3,22,28,ATTACK,The Toys,DynoVoice,5,22,
1966,3,23,26,SATIN PILLOWS,Bobby Vinton,Epic,7,23,
1966,3,24,52,MY LOVE,Petula Clark,Warner Brothers,4,24,
1966,3,25,25,IT’S MY LIFE,The Animals,MGM,11,23,
1966,3,26,35,LIES,The Knickerbockers,Challenge,7,26,
1966,3,27,30,THUNDERBALL,Tom Jones,Parrot,6,27,
1966,3,28,38,A WELL RESPECTED MAN,The Kinks,Reprise,7,28,
1966,3,29,29,A SWEET WOMAN LIKE YOU,Joe Tex,Dial,7,29,
1966,3,30,37,SANDY,Ronny and the Daytonas,Mala,7,30,
1966,3,31,58,BARBARA ANN,The Beach Boys,Capitol,3,31,
1966,3,32,17,MAKE THE WORLD GO AWAY,Eddy Arnold,RCA Victor,14,6,
1966,3,33,45,CRYING TIME,Ray Charles (with the Raeletts),ABC-Paramount,6,33,
1966,3,34,39,LOOK THROUGH ANY WINDOW,The Hollies,Imperial,9,34,
1966,3,35,46,UNDER YOUR SPELL AGAIN,Johnny Rivers,Imperial,5,35,
1966,3,36,27,DON’T THINK TWICE,The Wonder Who? (The Four Seasons),Philips,11,12,
1966,3,37,47,IT WAS A VERY GOOD YEAR,Frank Sinatra,Reprise,4,37,
1966,3,38,41,I’VE GOT TO BE SOMEBODY,Billy Joe Royal,Columbia,7,38,
1966,3,39,20,ENGLAND SWINGS,Roger Miller,Smash,11,8,
1966,3,40,22,ONE HAS MY NAME (The Other Has My Heart),Barry Young,Dot,11,13,
1966,3,44,21,PUPPET ON A STRING,Elvis Presley,RCA Victor,10,14,
1966,3,49,36,I CAN NEVER GO HOME ANYMORE,The Shangri-Las,Red Bird,11,6,
1966,3,50,33,YOU’VE BEEN CHEATIN’,The Impressions,ABC-Paramount,9,33,
1966,3,58,34,THE LITTLE GIRL I ONCE KNEW,The Beach Boys,Capitol,8,20,
1966,3,41,49,SECOND HAND ROSE,Barbra Streisand,Columbia,5,41,
1966,3,42,42,HARLEM NOCTURNE,The Viscounts,Amy,28,39,
1966,3,43,56,ZORBA THE GREEK,Herb Alpert and the Tijuana Brass,A&M,4,43,
1966,3,45,48,ARE YOU THERE (With Another Girl),Dionne Warwick,Scepter,6,45,
1966,3,47,64,TELL ME WHY,Elvis Presley,RCA Victor,3,47,
1966,3,48,59,GOING TO A GO-GO,The Miracles,Tamla,4,48,
1966,4,1,2,THE SOUNDS OF SILENCE,Simon and Garfunkel,Columbia,10,1,2 weeks at #1
1966,4,2,1,WE CAN WORK IT OUT,The Beatles,Capitol,6,1,
1966,4,3,3,SHE’S JUST MY STYLE,Gary Lewis and the Playboys,Liberty,7,3,
1966,4,4,4,FIVE O’CLOCK WORLD,The Vogues,Co & Ce,9,4,
1966,4,5,6,DAY TRIPPER,The Beatles,Capitol,6,5,
1966,4,6,10,NO MATTER WHAT SHAPE (Your Stomach’s In),The T-Bones,Liberty,7,6,
1966,4,7,8,THE MEN IN MY LITTLE GIRL’S LIFE,Mike Douglas,Epic,5,7,
1966,4,8,11,A MUST TO AVOID,Herman’s Hermits,MGM,5,8,
1966,4,9,9,AS TEARS GO BY,The Rolling Stones,London,5,9,
1966,4,10,12,YOU DIDN’T HAVE TO BE SO NICE,The Lovin’ Spoonful,Kama Sutra,9,10,
1966,4,11,16,JUST LIKE ME,Paul Revere and the Raiders Featuring Mark Lindsay,Columbia,8,11,
1966,4,12,7,FLOWERS ON THE WALL,The Statler Brothers,Columbia,11,4,
1966,4,13,5,EBB TIDE,The Righteous Brothers,Philles,8,5,
1966,4,14,17,THE DUCK,Jackie Lee,Mirwood,10,14,
1966,4,15,31,BARBARA ANN,The Beach Boys,Capitol,4,15,
1966,4,16,21,JENNY TAKE A RIDE,Mitch Ryder and the Detroit Wheels,New Voice,7,16,
1966,4,17,24,MY LOVE,Petula Clark,Warner Brothers,5,17,
1966,4,18,18,SPANISH EYES,Al Martino,Capitol,8,18,
1966,4,19,22,ATTACK,The Toys,DynoVoice,6,19,
1966,4,20,26,LIES,The Knickerbockers,Challenge,8,20,
1966,4,21,33,CRYING TIME,Ray Charles (with the Raeletts),ABC-Paramount,7,21,
1966,4,22,13,OVER AND OVER,The Dave Clark Five,Epic,11,1,
1966,4,23,23,SATIN PILLOWS,Bobby Vinton,Epic,8,23,
1966,4,24,28,A WELL RESPECTED MAN,The Kinks,Reprise,8,24,
1966,4,25,27,THUNDERBALL,Tom Jones,Parrot,7,25,
1966,4,26,46,UPTIGHT (Everything’s Alright),Stevie Wonder,Tamla,6,26,
1966,4,27,30,SANDY,Ronny and the Daytonas,Mala,8,27,
1966,4,28,20,I GOT YOU (I Feel Good),James Brown and the Famous Flames,King,11,3,
1966,4,29,48,GOING TO A GO-GO,The Miracles,Tamla,5,29,
1966,4,30,52,LIGHTNIN’ STRIKES,Lou Christie,MGM,5,30,
1966,4,31,37,IT WAS A VERY GOOD YEAR,Frank Sinatra,Reprise,5,31,
1966,4,32,34,LOOK THROUGH ANY WINDOW,The Hollies,Imperial,10,32,
1966,4,33,43,ZORBA THE GREEK,Herb Alpert and the Tijuana Brass,A&M,5,33,
1966,4,34,25,IT’S MY LIFE,The Animals,MGM,12,23,
1966,4,35,35,UNDER YOUR SPELL AGAIN,Johnny Rivers,Imperial,6,35,
1966,4,36,54,LIKE A BABY,Len Barry,Decca,4,36,
1966,4,37,47,TELL ME WHY,Elvis Presley,RCA Victor,4,37,
1966,4,38,41,SECOND HAND ROSE,Barbra Streisand,Columbia,6,38,
1966,4,39,45,ARE YOU THERE (With Another Girl),Dionne Warwick,Scepter,7,39,
1966,4,40,29,A SWEET WOMAN LIKE YOU,Joe Tex,Dial,8,29,
1966,4,41,14,FEVER,The McCoys,Bang,11,7,
1966,4,43,19,TURN! TURN! TURN! (To Everything There Is a Season),The Byrds,Columbia,14,1,
1966,4,45,15,LET’S HANG ON,The Four Seasons,Philips,16,3,
1966,4,50,38,I’VE GOT TO BE SOMEBODY,Billy Joe Royal,Columbia,8,38,
1966,4,42,55,DON’T MESS WITH BILL,The Marvelettes,Tamla,4,42,
1966,4,44,61,MICHAEL,The C.O.D.’s,Kellmac,9,44,
1966,4,46,78,MY WORLD IS EMPTY WITHOUT YOU,The Supremes,Motown,2,46,
1966,4,47,69,MICHELLE,David and Jonathan,Capitol,3,47,
1966,4,48,42,HARLEM NOCTURNE,The Viscounts,Amy,29,39,
1966,4,49,56,RECOVERY,Fontella Bass,Checker,5,49,
1966,5,1,2,WE CAN WORK IT OUT,The Beatles,Capitol,7,1,3 weeks at #1
1966,5,2,15,BARBARA ANN,The Beach Boys,Capitol,5,2,
1966,5,3,3,SHE’S JUST MY STYLE,Gary Lewis and the Playboys,Liberty,8,3,
1966,5,4,6,NO MATTER WHAT SHAPE (Your Stomach’s In),The T-Bones,Liberty,8,4,
1966,5,5,4,FIVE O’CLOCK WORLD,The Vogues,Co & Ce,10,4,
1966,5,6,9,AS TEARS GO BY,The Rolling Stones,London,6,6,
1966,5,7,7,THE MEN IN MY LITTLE GIRL’S LIFE,Mike Douglas,Epic,6,7,
1966,5,8,8,A MUST TO AVOID,Herman’s Hermits,MGM,6,8,
1966,5,9,17,MY LOVE,Petula Clark,Warner Brothers,6,9,
1966,5,10,16,JENNY TAKE A RIDE,Mitch Ryder and the Detroit Wheels,New Voice,8,10,
1966,5,11,11,JUST LIKE ME,Paul Revere and the Raiders Featuring Mark Lindsay,Columbia,9,11,
1966,5,12,1,THE SOUNDS OF SILENCE,Simon and Garfunkel,Columbia,11,1,
1966,5,13,5,DAY TRIPPER,The Beatles,Capitol,7,5,
1966,5,14,14,THE DUCK,Jackie Lee,Mirwood,11,14,
1966,5,15,18,SPANISH EYES,Al Martino,Capitol,9,15,
1966,5,16,21,CRYING TIME,Ray Charles (with the Raeletts),ABC-Paramount,8,16,
1966,5,17,10,YOU DIDN’T HAVE TO BE SO NICE,The Lovin’ Spoonful,Kama Sutra,10,10,
1966,5,18,19,ATTACK,The Toys,DynoVoice,7,18,
1966,5,19,24,A WELL RESPECTED MAN,The Kinks,Reprise,9,19,
1966,5,20,30,LIGHTNIN’ STRIKES,Lou Christie,MGM,6,20,
1966,5,21,26,UPTIGHT (Everything’s Alright),Stevie Wonder,Tamla,7,21,
1966,5,22,20,LIES,The Knickerbockers,Challenge,9,20,
1966,5,23,29,GOING TO A GO-GO,The Miracles,Tamla,6,23,
1966,5,24,33,ZORBA THE GREEK,Herb Alpert and the Tijuana Brass,A&M,6,24,
1966,5,25,12,FLOWERS ON THE WALL,The Statler Brothers,Columbia,12,4,
1966,5,26,46,MY WORLD IS EMPTY WITHOUT YOU,The Supremes,Motown,3,26,
1966,5,27,27,SANDY,Ronny and the Daytonas,Mala,9,27,
1966,5,28,31,IT WAS A VERY GOOD YEAR,Frank Sinatra,Reprise,6,28,
1966,5,29,23,SATIN PILLOWS,Bobby Vinton,Epic,9,23,
1966,5,30,36,LIKE A BABY,Len Barry,Decca,5,30,
1966,5,31,42,DON’T MESS WITH BILL,The Marvelettes,Tamla,5,31,
1966,5,32,32,LOOK THROUGH ANY WINDOW,The Hollies,Imperial,11,32,
1966,5,33,37,TELL ME WHY,Elvis Presley,RCA Victor,5,33,
1966,5,34,38,SECOND HAND ROSE,Barbra Streisand,Columbia,7,34,
1966,5,35,25,THUNDERBALL,Tom Jones,Parrot,8,25,
1966,5,36,47,MICHELLE,David and Jonathan,Capitol,4,36,
1966,5,37,49,RECOVERY,Fontella Bass,Checker,6,37,
1966,5,38,35,UNDER YOUR SPELL AGAIN,Johnny Rivers,Imperial,7,35,
1966,5,39,13,EBB TIDE,The Righteous Brothers,Philles,9,5,
1966,5,40,22,OVER AND OVER,The Dave Clark Five,Epic,12,1,
1966,5,42,28,I GOT YOU (I Feel Good),James Brown and the Famous Flames,King,12,3,
1966,5,43,39,ARE YOU THERE (With Another Girl),Dionne Warwick,Scepter,8,39,
1966,5,49,40,A SWEET WOMAN LIKE YOU,Joe Tex,Dial,9,29,
1966,5,41,44,MICHAEL,The C.O.D.’s,Kellmac,10,41,
1966,5,44,54,CALIFORNIA DREAMIN’,The Mamas and the Papas,Dunhill,4,44,
1966,5,45,51,TIJUANA TAXI,Herb Alpert and the Tijuana Brass,A&M,6,45,
1966,5,46,66,NIGHT TIME,The Strangeloves,Bang,3,46,
1966,5,47,58,A HARD DAY’S NIGHT,The Ramsey Lewis Trio,Cadet,2,47,
1966,5,48,52,IT’S GOOD NEWS WEEK,Hedgehoppers Anonymous (Jonathan King),Parrot,9,48,
1966,5,50,74,THESE BOOTS ARE MADE FOR WALKIN’,Nancy Sinatra,Reprise,2,50,
1966,6,1,9,MY LOVE,Petula Clark,Warner Brothers,7,1,1 week at #1
1966,6,2,2,BARBARA ANN,The Beach Boys,Capitol,6,2,
1966,6,3,4,NO MATTER WHAT SHAPE (Your Stomach’s In),The T-Bones,Liberty,9,3,
1966,6,4,1,WE CAN WORK IT OUT,The Beatles,Capitol,8,1,
1966,6,5,20,LIGHTNIN’ STRIKES,Lou Christie,MGM,7,5,
1966,6,6,7,THE MEN IN MY LITTLE GIRL’S LIFE,Mike Douglas,Epic,7,6,
1966,6,7,3,SHE’S JUST MY STYLE,Gary Lewis and the Playboys,Liberty,9,3,
1966,6,8,5,FIVE O’CLOCK WORLD,The Vogues,Co & Ce,11,4,
1966,6,9,8,A MUST TO AVOID,Herman’s Hermits,MGM,7,8,
1966,6,10,16,CRYING TIME,Ray Charles (with the Raeletts),ABC-Paramount,9,10,
1966,6,11,10,JENNY TAKE A RIDE,Mitch Ryder and the Detroit Wheels,New Voice,9,10,
1966,6,12,6,AS TEARS GO BY,The Rolling Stones,London,7,6,
1966,6,13,26,MY WORLD IS EMPTY WITHOUT YOU,The Supremes,Motown,4,13,
1966,6,14,11,JUST LIKE ME,Paul Revere and the Raiders Featuring Mark Lindsay,Columbia,10,11,
1966,6,15,24,ZORBA THE GREEK,Herb Alpert and the Tijuana Brass,A&M,7,15,
1966,6,16,21,UPTIGHT (Everything’s Alright),Stevie Wonder,Tamla,8,16,
1966,6,17,19,A WELL RESPECTED MAN,The Kinks,Reprise,10,17,
1966,6,18,14,THE DUCK,Jackie Lee,Mirwood,12,14,
1966,6,19,31,DON’T MESS WITH BILL,The Marvelettes,Tamla,6,19,
1966,6,20,12,THE SOUNDS OF SILENCE,Simon and Garfunkel,Columbia,12,1,
1966,6,21,23,GOING TO A GO-GO,The Miracles,Tamla,7,21,
1966,6,22,13,DAY TRIPPER,The Beatles,Capitol,8,5,
1966,6,23,15,SPANISH EYES,Al Martino,Capitol,10,15,
1966,6,24,22,LIES,The Knickerbockers,Challenge,10,20,
1966,6,25,17,YOU DIDN’T HAVE TO BE SO NICE,The Lovin’ Spoonful,Kama Sutra,11,10,
1966,6,26,36,MICHELLE,David and Jonathan,Capitol,5,26,
1966,6,27,30,LIKE A BABY,Len Barry,Decca,6,27,
1966,6,28,50,THESE BOOTS ARE MADE FOR WALKIN’,Nancy Sinatra,Reprise,3,28,
1966,6,29,18,ATTACK,The Toys,DynoVoice,8,18,
1966,6,30,28,IT WAS A VERY GOOD YEAR,Frank Sinatra,Reprise,7,28,
1966,6,31,25,FLOWERS ON THE WALL,The Statler Brothers,Columbia,13,4,
1966,6,32,34,SECOND HAND ROSE,Barbra Streisand,Columbia,8,32,
1966,6,33,44,CALIFORNIA DREAMIN’,The Mamas and the Papas,Dunhill,5,33,
1966,6,34,57,WHEN LIKING TURNS TO LOVING,Ronnie Dove,Diamond,3,34,
1966,6,35,33,TELL ME WHY,Elvis Presley,RCA Victor,6,33,
1966,6,36,46,NIGHT TIME,The Strangeloves,Bang,4,36,
1966,6,37,47,A HARD DAY’S NIGHT,The Ramsey Lewis Trio,Cadet,3,37,
1966,6,38,45,TIJUANA TAXI,Herb Alpert and the Tijuana Brass,A&M,7,38,
1966,6,39,35,THUNDERBALL,Tom Jones,Parrot,9,25,
1966,6,40,27,SANDY,Ronny and the Daytonas,Mala,10,27,
1966,6,42,29,SATIN PILLOWS,Bobby Vinton,Epic,10,23,
1966,6,46,37,RECOVERY,Fontella Bass,Checker,7,37,
1966,6,55,32,LOOK THROUGH ANY WINDOW,The Hollies,Imperial,12,32,
1966,6,60,38,UNDER YOUR SPELL AGAIN,Johnny Rivers,Imperial,8,35,
1966,6,41,53,CALL ME,Chris Montez,A&M,5,41,
1966,6,43,43,ARE YOU THERE (With Another Girl),Dionne Warwick,Scepter,9,39,
1966,6,44,63,WORKING MY WAY BACK TO YOU,The Four Seasons,Philips,2,44,
1966,6,45,55,I SEE THE LIGHT,Five Americans,HBR,6,45,
1966,6,47,68,WHAT NOW MY LOVE,Sonny and Cher,Atco,2,47,
1966,6,48,61,(You’re Gonna) HURT YOURSELF,Frankie Valli,Smash,4,48,
1966,6,49,60,BREAKIN’ UP IS BREAKIN’ MY HEART,Roy Orbison,MGM,3,49,
1966,6,50,52,SPREAD IT ON THICK,The Gentrys,MGM,6,50,
1966,7,1,1,MY LOVE,Petula Clark,Warner Brothers,8,1,2 weeks at #1
1966,7,2,5,LIGHTNIN’ STRIKES,Lou Christie,MGM,8,2,
1966,7,3,16,UPTIGHT (Everything’s Alright),Stevie Wonder,Tamla,9,3,
1966,7,4,2,BARBARA ANN,The Beach Boys,Capitol,7,2,
1966,7,5,4,WE CAN WORK IT OUT,The Beatles,Capitol,9,1,
1966,7,6,3,NO MATTER WHAT SHAPE (Your Stomach’s In),The T-Bones,Liberty,10,3,
1966,7,7,10,CRYING TIME,Ray Charles (with the Raeletts),ABC-Paramount,10,7,
1966,7,8,13,MY WORLD IS EMPTY WITHOUT YOU,The Supremes,Motown,5,8,
1966,7,9,8,FIVE O’CLOCK WORLD,The Vogues,Co & Ce,12,4,
1966,7,10,19,DON’T MESS WITH BILL,The Marvelettes,Tamla,7,10,
1966,7,11,21,GOING TO A GO-GO,The Miracles,Tamla,8,11,
1966,7,12,15,ZORBA THE GREEK,Herb Alpert and the Tijuana Brass,A&M,8,12,
1966,7,13,17,A WELL RESPECTED MAN,The Kinks,Reprise,11,13,
1966,7,14,14,JUST LIKE ME,Paul Revere and the Raiders Featuring Mark Lindsay,Columbia,11,11,
1966,7,15,28,THESE BOOTS ARE MADE FOR WALKIN’,Nancy Sinatra,Reprise,4,15,
1966,7,16,11,JENNY TAKE A RIDE,Mitch Ryder and the Detroit Wheels,New Voice,10,10,
1966,7,17,6,THE MEN IN MY LITTLE GIRL’S LIFE,Mike Douglas,Epic,8,6,
1966,7,18,26,MICHELLE,David and Jonathan,Capitol,6,18,
1966,7,19,7,SHE’S JUST MY STYLE,Gary Lewis and the Playboys,Liberty,10,3,
1966,7,20,9,A MUST TO AVOID,Herman’s Hermits,MGM,8,8,
1966,7,21,18,THE DUCK,Jackie Lee,Mirwood,13,14,
1966,7,22,44,WORKING MY WAY BACK TO YOU,The Four Seasons,Philips,3,22,
1966,7,23,33,CALIFORNIA DREAMIN’,The Mamas and the Papas,Dunhill,6,23,
1966,7,24,24,LIES,The Knickerbockers,Challenge,11,20,
1966,7,25,20,THE SOUNDS OF SILENCE,Simon and Garfunkel,Columbia,13,1,
1966,7,26,12,AS TEARS GO BY,The Rolling Stones,London,8,6,
1966,7,27,27,LIKE A BABY,Len Barry,Decca,7,27,
1966,7,28,47,WHAT NOW MY LOVE,Sonny and Cher,Atco,3,28,
1966,7,29,34,WHEN LIKING TURNS TO LOVING,Ronnie Dove,Diamond,4,29,
1966,7,30,37,A HARD DAY’S NIGHT,The Ramsey Lewis Trio,Cadet,4,30,
1966,7,31,41,CALL ME,Chris Montez,A&M,6,31,
1966,7,32,57,ELUSIVE BUTTERFLY,Bob Lind,World Pacific,4,32,
1966,7,33,54,I FOUGHT THE LAW,The Bobby Fuller Four,Mustang,3,33,
1966,7,34,45,I SEE THE LIGHT,Five Americans,HBR,7,34,
1966,7,35,36,NIGHT TIME,The Strangeloves,Bang,5,35,
1966,7,36,22,DAY TRIPPER,The Beatles,Capitol,9,5,
1966,7,37,49,BREAKIN’ UP IS BREAKIN’ MY HEART,Roy Orbison,MGM,4,37,
1966,7,38,23,SPANISH EYES,Al Martino,Capitol,11,15,
1966,7,39,48,(You’re Gonna) HURT YOURSELF,Frankie Valli,Smash,5,39,
1966,7,40,38,TIJUANA TAXI,Herb Alpert and the Tijuana Brass,A&M,8,38,
1966,7,41,25,YOU DIDN’T HAVE TO BE SO NICE,The Lovin’ Spoonful,Kama Sutra,12,10,
1966,7,42,40,SANDY,Ronny and the Daytonas,Mala,11,27,
1966,7,44,30,IT WAS A VERY GOOD YEAR,Frank Sinatra,Reprise,8,28,
1966,7,45,29,ATTACK,The Toys,DynoVoice,9,18,
1966,7,47,35,TELL ME WHY,Elvis Presley,RCA Victor,7,33,
1966,7,60,32,SECOND HAND ROSE,Barbra Streisand,Columbia,9,32,
1966,7,43,73,AT THE SCENE,The Dave Clark Five,Epic,2,43,
1966,7,46,51,MY BABY LOVES ME,Martha and the Vandellas,Gordy,4,46,
1966,7,48,61,ANDREA,The Sunrays,Tower,4,48,
1966,7,49,59,"GET OUT OF MY LIFE, WOMAN",Lee Dorsey,Amy,7,49,
1966,7,50,53,CLEO’S MOOD,Jr. Walker and the All Stars,Soul,5,50,
1966,8,1,2,LIGHTNIN’ STRIKES,Lou Christie,MGM,9,1,1 week at #1
1966,8,2,15,THESE BOOTS ARE MADE FOR WALKIN’,Nancy Sinatra,Reprise,5,2,
1966,8,3,3,UPTIGHT (Everything’s Alright),Stevie Wonder,Tamla,10,3,
1966,8,4,1,MY LOVE,Petula Clark,Warner Brothers,9,1,
1966,8,5,8,MY WORLD IS EMPTY WITHOUT YOU,The Supremes,Motown,6,5,
1966,8,6,7,CRYING TIME,Ray Charles (with the Raeletts),ABC-Paramount,11,6,
1966,8,7,4,BARBARA ANN,The Beach Boys,Capitol,8,2,
1966,8,8,10,DON’T MESS WITH BILL,The Marvelettes,Tamla,8,8,
1966,8,9,6,NO MATTER WHAT SHAPE (Your Stomach’s In),The T-Bones,Liberty,11,3,
1966,8,10,51,THE BALLAD OF THE GREEN BERETS,S/Sgt. Barry Sadler (U.S. Army Special Forces),RCA Victor,3,10,
1966,8,11,11,GOING TO A GO-GO,The Miracles,Tamla,9,11,
1966,8,12,12,ZORBA THE GREEK,Herb Alpert and the Tijuana Brass,A&M,9,12,
1966,8,13,5,WE CAN WORK IT OUT,The Beatles,Capitol,10,1,
1966,8,14,9,FIVE O’CLOCK WORLD,The Vogues,Co & Ce,13,4,
1966,8,15,22,WORKING MY WAY BACK TO YOU,The Four Seasons,Philips,4,15,
1966,8,16,23,CALIFORNIA DREAMIN’,The Mamas and the Papas,Dunhill,7,16,
1966,8,17,13,A WELL RESPECTED MAN,The Kinks,Reprise,12,13,
1966,8,18,18,MICHELLE,David and Jonathan,Capitol,7,18,
1966,8,19,28,WHAT NOW MY LOVE,Sonny and Cher,Atco,4,19,
1966,8,20,32,ELUSIVE BUTTERFLY,Bob Lind,World Pacific,5,20,
1966,8,21,29,WHEN LIKING TURNS TO LOVING,Ronnie Dove,Diamond,5,21,
1966,8,22,14,JUST LIKE ME,Paul Revere and the Raiders Featuring Mark Lindsay,Columbia,12,11,
1966,8,23,19,SHE’S JUST MY STYLE,Gary Lewis and the Playboys,Liberty,11,3,
1966,8,24,43,AT THE SCENE,The Dave Clark Five,Epic,3,24,
1966,8,25,52,THE CHEATER,Bob Kuban and the In-Men,Musicland U.S.A.,4,25,
1966,8,26,33,I FOUGHT THE LAW,The Bobby Fuller Four,Mustang,4,26,
1966,8,27,16,JENNY TAKE A RIDE,Mitch Ryder and the Detroit Wheels,New Voice,11,10,
1966,8,28,31,CALL ME,Chris Montez,A&M,7,28,
1966,8,29,30,A HARD DAY’S NIGHT,The Ramsey Lewis Trio,Cadet,5,29,
1966,8,30,35,NIGHT TIME,The Strangeloves,Bang,6,30,
1966,8,31,17,THE MEN IN MY LITTLE GIRL’S LIFE,Mike Douglas,Epic,9,6,
1966,8,32,24,LIES,The Knickerbockers,Challenge,12,20,
1966,8,33,25,THE SOUNDS OF SILENCE,Simon and Garfunkel,Columbia,14,1,
1966,8,34,34,I SEE THE LIGHT,Five Americans,HBR,8,34,
1966,8,35,53,YOU BABY,The Turtles,White Whale,3,35,
1966,8,36,46,MY BABY LOVES ME,Martha and the Vandellas,Gordy,5,36,
1966,8,37,37,BREAKIN’ UP IS BREAKIN’ MY HEART,Roy Orbison,MGM,5,37,
1966,8,38,56,LOVE MAKES THE WORLD GO ROUND,Deon Jackson,Carla,5,38,
1966,8,39,27,LIKE A BABY,Len Barry,Decca,8,27,
1966,8,40,20,A MUST TO AVOID,Herman’s Hermits,MGM,9,8,
1966,8,42,21,THE DUCK,Jackie Lee,Mirwood,14,14,
1966,8,45,38,SPANISH EYES,Al Martino,Capitol,12,15,
1966,8,46,39,(You’re Gonna) HURT YOURSELF,Frankie Valli,Smash,6,39,
1966,8,47,36,DAY TRIPPER,The Beatles,Capitol,10,5,
1966,8,50,26,AS TEARS GO BY,The Rolling Stones,London,9,6,
1966,8,43,48,ANDREA,The Sunrays,Tower,5,43,
1966,8,44,55,LONG LIVE OUR LOVE,The Shangri-Las,Red Bird,3,44,
1966,8,48,69,BATMAN THEME,The Marketts,Warner Brothers,3,48,
1966,8,49,49,"GET OUT OF MY LIFE, WOMAN",Lee Dorsey,Amy,8,49,
1966,9,1,2,THESE BOOTS ARE MADE FOR WALKIN’,Nancy Sinatra,Reprise,6,1,1 week at #1
1966,9,2,1,LIGHTNIN’ STRIKES,Lou Christie,MGM,10,1,
1966,9,3,10,THE BALLAD OF THE GREEN BERETS,S/Sgt. Barry Sadler (U.S. Army Special Forces),RCA Victor,4,3,
1966,9,4,3,UPTIGHT (Everything’s Alright),Stevie Wonder,Tamla,11,3,
1966,9,5,5,MY WORLD IS EMPTY WITHOUT YOU,The Supremes,Motown,7,5,
1966,9,6,4,MY LOVE,Petula Clark,Warner Brothers,10,1,
1966,9,7,8,DON’T MESS WITH BILL,The Marvelettes,Tamla,9,7,
1966,9,8,16,CALIFORNIA DREAMIN’,The Mamas and the Papas,Dunhill,8,8,
1966,9,9,20,ELUSIVE BUTTERFLY,Bob Lind,World Pacific,6,9,
1966,9,10,15,WORKING MY WAY BACK TO YOU,The Four Seasons,Philips,5,10,
1966,9,11,12,ZORBA THE GREEK,Herb Alpert and the Tijuana Brass,A&M,10,11,
1966,9,12,6,CRYING TIME,Ray Charles (with the Raeletts),ABC-Paramount,12,6,
1966,9,13,41,LISTEN PEOPLE,Herman’s Hermits,MGM,2,13,
1966,9,14,26,I FOUGHT THE LAW,The Bobby Fuller Four,Mustang,5,14,
1966,9,15,7,BARBARA ANN,The Beach Boys,Capitol,9,2,
1966,9,16,19,WHAT NOW MY LOVE,Sonny and Cher,Atco,5,16,
1966,9,17,17,A WELL RESPECTED MAN,The Kinks,Reprise,13,13,
1966,9,18,21,WHEN LIKING TURNS TO LOVING,Ronnie Dove,Diamond,6,18,
1966,9,19,9,NO MATTER WHAT SHAPE (Your Stomach’s In),The T-Bones,Liberty,12,3,
1966,9,20,25,THE CHEATER,Bob Kuban and the In-Men,Musicland U.S.A.,5,20,
1966,9,21,24,AT THE SCENE,The Dave Clark Five,Epic,4,21,
1966,9,22,28,CALL ME,Chris Montez,A&M,8,22,
1966,9,23,11,GOING TO A GO-GO,The Miracles,Tamla,10,11,
1966,9,24,13,WE CAN WORK IT OUT,The Beatles,Capitol,11,1,
1966,9,25,48,BATMAN THEME,The Marketts,Warner Brothers,4,25,
1966,9,26,22,JUST LIKE ME,Paul Revere and the Raiders Featuring Mark Lindsay,Columbia,13,11,
1966,9,27,34,I SEE THE LIGHT,Five Americans,HBR,9,27,
1966,9,28,35,YOU BABY,The Turtles,White Whale,4,28,
1966,9,29,18,MICHELLE,David and Jonathan,Capitol,8,18,
1966,9,30,36,MY BABY LOVES ME,Martha and the Vandellas,Gordy,6,30,
1966,9,31,54,HOMEWARD BOUND,Simon and Garfunkel,Columbia,3,31,
1966,9,32,30,NIGHT TIME,The Strangeloves,Bang,7,30,
1966,9,33,37,BREAKIN’ UP IS BREAKIN’ MY HEART,Roy Orbison,MGM,6,33,
1966,9,34,32,LIES,The Knickerbockers,Challenge,13,20,
1966,9,35,27,JENNY TAKE A RIDE,Mitch Ryder and the Detroit Wheels,New Voice,12,10,
1966,9,36,38,LOVE MAKES THE WORLD GO ROUND,Deon Jackson,Carla,6,36,
1966,9,37,44,LONG LIVE OUR LOVE,The Shangri-Las,Red Bird,4,37,
1966,9,38,29,A HARD DAY’S NIGHT,The Ramsey Lewis Trio,Cadet,6,29,
1966,9,39,14,FIVE O’CLOCK WORLD,The Vogues,Co & Ce,14,4,
1966,9,40,23,SHE’S JUST MY STYLE,Gary Lewis and the Playboys,Liberty,12,3,
1966,9,45,39,LIKE A BABY,Len Barry,Decca,9,27,
1966,9,41,53,BABY SCRATCH MY BACK,Slim Harpo,Excello,5,41,
1966,9,42,58,634-5789 (Soulsville U.S.A.),Wilson Pickett,Atlantic,3,42,
1966,9,43,43,ANDREA,The Sunrays,Tower,6,43,
1966,9,44,49,"GET OUT OF MY LIFE, WOMAN",Lee Dorsey,Amy,9,44,
1966,9,47,57,SOMEWHERE THERE’S A SOMEONE,Dean Martin,Reprise,3,47,
1966,9,48,52,BATMAN THEME,Neal Hefti,RCA Victor,3,48,
1966,9,49,59,THE RAINS CAME,The Sir Douglas Quintet,Tribe,5,49,
1966,9,50,74,HUSBANDS AND WIVES,Roger Miller,Smash,2,50,
1966,10,1,3,THE BALLAD OF THE GREEN BERETS,S/Sgt. Barry Sadler (U.S. Army Special Forces),RCA Victor,5,1,1 week at #1
1966,10,2,1,THESE BOOTS ARE MADE FOR WALKIN’,Nancy Sinatra,Reprise,7,1,
1966,10,3,2,LIGHTNIN’ STRIKES,Lou Christie,MGM,11,1,
1966,10,4,13,LISTEN PEOPLE,Herman’s Hermits,MGM,3,4,
1966,10,5,8,CALIFORNIA DREAMIN’,The Mamas and the Papas,Dunhill,9,5,
1966,10,6,9,ELUSIVE BUTTERFLY,Bob Lind,World Pacific,7,6,
1966,10,7,6,MY LOVE,Petula Clark,Warner Brothers,11,1,
1966,10,8,4,UPTIGHT (Everything’s Alright),Stevie Wonder,Tamla,12,3,
1966,10,9,10,WORKING MY WAY BACK TO YOU,The Four Seasons,Philips,6,9,
1966,10,10,5,MY WORLD IS EMPTY WITHOUT YOU,The Supremes,Motown,8,5,
1966,10,11,14,I FOUGHT THE LAW,The Bobby Fuller Four,Mustang,6,11,
1966,10,12,46,19TH NERVOUS BREAKDOWN,The Rolling Stones,London,2,12,
1966,10,13,7,DON’T MESS WITH BILL,The Marvelettes,Tamla,10,7,
1966,10,14,16,WHAT NOW MY LOVE,Sonny and Cher,Atco,6,14,
1966,10,15,12,CRYING TIME,Ray Charles (with the Raeletts),ABC-Paramount,13,6,
1966,10,16,31,HOMEWARD BOUND,Simon and Garfunkel,Columbia,4,16,
1966,10,17,20,THE CHEATER,Bob Kuban and the In-Men,Musicland U.S.A.,6,17,
1966,10,18,18,WHEN LIKING TURNS TO LOVING,Ronnie Dove,Diamond,7,18,
1966,10,19,21,AT THE SCENE,The Dave Clark Five,Epic,5,19,
1966,10,20,25,BATMAN THEME,The Marketts,Warner Brothers,5,20,
1966,10,21,11,ZORBA THE GREEK,Herb Alpert and the Tijuana Brass,A&M,11,11,
1966,10,22,22,CALL ME,Chris Montez,A&M,9,22,
1966,10,23,28,YOU BABY,The Turtles,White Whale,5,23,
1966,10,24,15,BARBARA ANN,The Beach Boys,Capitol,10,2,
1966,10,26,27,I SEE THE LIGHT,Five Americans,HBR,10,26,
1966,10,27,36,LOVE MAKES THE WORLD GO ROUND,Deon Jackson,Carla,7,27,
1966,10,28,41,BABY SCRATCH MY BACK,Slim Harpo,Excello,6,28,
1966,10,29,30,MY BABY LOVES ME,Martha and the Vandellas,Gordy,7,29,
1966,10,30,23,GOING TO A GO-GO,The Miracles,Tamla,11,11,
1966,10,31,33,BREAKIN’ UP IS BREAKIN’ MY HEART,Roy Orbison,MGM,7,31,
1966,10,32,42,634-5789 (Soulsville U.S.A.),Wilson Pickett,Atlantic,4,32,
1966,10,33,37,LONG LIVE OUR LOVE,The Shangri-Las,Red Bird,5,33,
1966,10,34,26,JUST LIKE ME,Paul Revere and the Raiders Featuring Mark Lindsay,Columbia,14,11,
1966,10,35,19,NO MATTER WHAT SHAPE (Your Stomach’s In),The T-Bones,Liberty,13,3,
1966,10,36,47,SOMEWHERE THERE’S A SOMEONE,Dean Martin,Reprise,4,36,
1966,10,37,48,BATMAN THEME,Neal Hefti,RCA Victor,4,37,
1966,10,38,17,A WELL RESPECTED MAN,The Kinks,Reprise,14,13,
1966,10,39,49,THE RAINS CAME,The Sir Douglas Quintet,Tribe,6,39,
1966,10,40,50,HUSBANDS AND WIVES,Roger Miller,Smash,3,40,
1966,10,42,29,MICHELLE,David and Jonathan,Capitol,9,18,
1966,10,45,32,NIGHT TIME,The Strangeloves,Bang,8,30,
1966,10,48,24,WE CAN WORK IT OUT,The Beatles,Capitol,12,1,
1966,10,41,43,ANDREA,The Sunrays,Tower,7,41,
1966,10,43,55,WOMAN,Peter and Gordon,Capitol,4,43,
1966,10,44,56,IT’S TOO LATE,Bobby Goldsboro,United Artists,3,44,
1966,10,46,72,I’M SO LONESOME I COULD CRY,B.J. Thomas and the Triumphs,Scepter,3,46,
1966,10,47,52,THE DEDICATION SONG,Freddy Cannon,Warner Brothers,3,47,
1966,10,49,59,I WANT TO GO WITH YOU,Eddy Arnold,RCA Victor,5,49,
1966,10,50,51,LOVE IS ALL WE NEED,Mel Carter,Imperial,7,50,
1966,11,1,1,THE BALLAD OF THE GREEN BERETS,S/Sgt. Barry Sadler (U.S. Army Special Forces),RCA Victor,6,1,2 weeks at #1
1966,11,2,2,THESE BOOTS ARE MADE FOR WALKIN’,Nancy Sinatra,Reprise,8,1,
1966,11,3,4,LISTEN PEOPLE,Herman’s Hermits,MGM,4,3,
1966,11,4,5,CALIFORNIA DREAMIN’,The Mamas and the Papas,Dunhill,10,4,
1966,11,5,6,ELUSIVE BUTTERFLY,Bob Lind,World Pacific,8,5,
1966,11,6,12,19TH NERVOUS BREAKDOWN,The Rolling Stones,London,3,6,
1966,11,7,25,NOWHERE MAN,The Beatles,Capitol,2,7,
1966,11,8,3,LIGHTNIN’ STRIKES,Lou Christie,MGM,12,1,
1966,11,9,11,I FOUGHT THE LAW,The Bobby Fuller Four,Mustang,7,9,
1966,11,10,16,HOMEWARD BOUND,Simon and Garfunkel,Columbia,5,10,
1966,11,11,9,WORKING MY WAY BACK TO YOU,The Four Seasons,Philips,7,9,
1966,11,12,17,THE CHEATER,Bob Kuban and the In-Men,Musicland U.S.A.,7,12,
1966,11,13,8,UPTIGHT (Everything’s Alright),Stevie Wonder,Tamla,13,3,
1966,11,14,7,MY LOVE,Petula Clark,Warner Brothers,12,1,
1966,11,15,27,LOVE MAKES THE WORLD GO ROUND,Deon Jackson,Carla,8,15,
1966,11,16,10,MY WORLD IS EMPTY WITHOUT YOU,The Supremes,Motown,9,5,
1966,11,17,20,BATMAN THEME,The Marketts,Warner Brothers,6,17,
1966,11,18,19,AT THE SCENE,The Dave Clark Five,Epic,6,18,
1966,11,19,13,DON’T MESS WITH BILL,The Marvelettes,Tamla,11,7,
1966,11,20,18,WHEN LIKING TURNS TO LOVING,Ronnie Dove,Diamond,8,18,
1966,11,21,14,WHAT NOW MY LOVE,Sonny and Cher,Atco,7,14,
1966,11,22,28,BABY SCRATCH MY BACK,Slim Harpo,Excello,7,22,
1966,11,23,23,YOU BABY,The Turtles,White Whale,6,23,
1966,11,24,32,634-5789 (Soulsville U.S.A.),Wilson Pickett,Atlantic,5,24,
1966,11,25,53,DAYDREAM,The Lovin’ Spoonful,Kama Sutra,3,25,
1966,11,26,43,WOMAN,Peter and Gordon,Capitol,5,26,
1966,11,27,29,MY BABY LOVES ME,Martha and the Vandellas,Gordy,8,27,
1966,11,28,15,CRYING TIME,Ray Charles (with the Raeletts),ABC-Paramount,14,6,
1966,11,29,40,HUSBANDS AND WIVES,Roger Miller,Smash,4,29,
1966,11,30,44,IT’S TOO LATE,Bobby Goldsboro,United Artists,4,30,
1966,11,31,46,I’M SO LONESOME I COULD CRY,B.J. Thomas and the Triumphs,Scepter,4,31,
1966,11,32,22,CALL ME,Chris Montez,A&M,10,22,
1966,11,33,36,SOMEWHERE THERE’S A SOMEONE,Dean Martin,Reprise,5,33,
1966,11,34,39,THE RAINS CAME,The Sir Douglas Quintet,Tribe,7,34,
1966,11,35,37,BATMAN THEME,Neal Hefti,RCA Victor,5,35,
1966,11,36,55,"SHAKE ME, WAKE ME (When It’s Over)",The Four Tops,Motown,4,36,
1966,11,37,26,I SEE THE LIGHT,Five Americans,HBR,11,26,
1966,11,38,49,I WANT TO GO WITH YOU,Eddy Arnold,RCA Victor,6,38,
1966,11,39,51,ONE MORE HEARTACHE,Marvin Gaye,Tamla,4,39,
1966,11,40,24,BARBARA ANN,The Beach Boys,Capitol,11,2,
1966,11,43,21,ZORBA THE GREEK,Herb Alpert and the Tijuana Brass,A&M,12,11,
1966,11,47,34,JUST LIKE ME,Paul Revere and the Raiders Featuring Mark Lindsay,Columbia,15,11,
1966,11,48,30,GOING TO A GO-GO,The Miracles,Tamla,12,11,
1966,11,49,31,BREAKIN’ UP IS BREAKIN’ MY HEART,Roy Orbison,MGM,8,31,
1966,11,50,33,LONG LIVE OUR LOVE,The Shangri-Las,Red Bird,6,33,
1966,11,41,47,THE DEDICATION SONG,Freddy Cannon,Warner Brothers,4,41,
1966,11,42,64,THIS OLD HEART OF MINE (Is Weak For You),The Isley Brothers,Tamla,4,42,
1966,11,44,56,MAGIC TOWN,The Vogues,Co & Ce,3,44,
1966,11,45,90,(You’re My) SOUL AND INSPIRATION,The Righteous Brothers,Verve,2,45,
1966,11,46,52,UP AND DOWN,The McCoys,Bang,5,46,
1966,12,1,1,THE BALLAD OF THE GREEN BERETS,S/Sgt. Barry Sadler (U.S. Army Special Forces),RCA Victor,7,1,3 weeks at #1
1966,12,2,6,19TH NERVOUS BREAKDOWN,The Rolling Stones,London,4,2,
1966,12,3,2,THESE BOOTS ARE MADE FOR WALKIN’,Nancy Sinatra,Reprise,9,1,
1966,12,4,7,NOWHERE MAN,The Beatles,Capitol,3,4,
1966,12,5,5,ELUSIVE BUTTERFLY,Bob Lind,World Pacific,9,5,
1966,12,6,3,LISTEN PEOPLE,Herman’s Hermits,MGM,5,3,
1966,12,7,4,CALIFORNIA DREAMIN’,The Mamas and the Papas,Dunhill,11,4,
1966,12,8,10,HOMEWARD BOUND,Simon and Garfunkel,Columbia,6,8,
1966,12,9,9,I FOUGHT THE LAW,The Bobby Fuller Four,Mustang,8,9,
1966,12,10,25,DAYDREAM,The Lovin’ Spoonful,Kama Sutra,4,10,
1966,12,11,15,LOVE MAKES THE WORLD GO ROUND,Deon Jackson,Carla,9,11,
1966,12,12,12,THE CHEATER,Bob Kuban and the In-Men,Musicland U.S.A.,8,12,
1966,12,13,8,LIGHTNIN’ STRIKES,Lou Christie,MGM,13,1,
1966,12,14,45,(You’re My) SOUL AND INSPIRATION,The Righteous Brothers,Verve,3,14,
1966,12,15,24,634-5789 (Soulsville U.S.A.),Wilson Pickett,Atlantic,6,15,
1966,12,16,22,BABY SCRATCH MY BACK,Slim Harpo,Excello,8,16,
1966,12,17,17,BATMAN THEME,The Marketts,Warner Brothers,7,17,
1966,12,18,31,I’M SO LONESOME I COULD CRY,B.J. Thomas and the Triumphs,Scepter,5,18,
1966,12,19,36,"SHAKE ME, WAKE ME (When It’s Over)",The Four Tops,Motown,5,19,
1966,12,20,26,WOMAN,Peter and Gordon,Capitol,6,20,
1966,12,21,23,YOU BABY,The Turtles,White Whale,7,21,
1966,12,22,27,MY BABY LOVES ME,Martha and the Vandellas,Gordy,9,22,
1966,12,23,20,WHEN LIKING TURNS TO LOVING,Ronnie Dove,Diamond,9,18,
1966,12,24,19,DON’T MESS WITH BILL,The Marvelettes,Tamla,12,7,
1966,12,25,55,SURE GONNA MISS HER,Gary Lewis and the Playboys,Liberty,3,25,
1966,12,26,29,HUSBANDS AND WIVES,Roger Miller,Smash,5,26,
1966,12,27,42,THIS OLD HEART OF MINE (Is Weak For You),The Isley Brothers,Tamla,5,27,
1966,12,28,30,IT’S TOO LATE,Bobby Goldsboro,United Artists,5,28,
1966,12,29,11,WORKING MY WAY BACK TO YOU,The Four Seasons,Philips,8,9,
1966,12,30,16,MY WORLD IS EMPTY WITHOUT YOU,The Supremes,Motown,10,5,
1966,12,31,34,THE RAINS CAME,The Sir Douglas Quintet,Tribe,8,31,
1966,12,32,33,SOMEWHERE THERE’S A SOMEONE,Dean Martin,Reprise,6,32,
1966,12,33,44,MAGIC TOWN,The Vogues,Co & Ce,4,33,
1966,12,34,39,ONE MORE HEARTACHE,Marvin Gaye,Tamla,5,34,
1966,12,35,35,BATMAN THEME,Neal Hefti,RCA Victor,6,35,
1966,12,36,38,I WANT TO GO WITH YOU,Eddy Arnold,RCA Victor,7,36,
1966,12,37,21,WHAT NOW MY LOVE,Sonny and Cher,Atco,8,14,
1966,12,38,51,WALKIN’ MY CAT NAMED DOG,Norma Tanega,New Voice,4,38,
1966,12,39,18,AT THE SCENE,The Dave Clark Five,Epic,7,18,
1966,12,40,13,UPTIGHT (Everything’s Alright),Stevie Wonder,Tamla,14,3,
1966,12,43,14,MY LOVE,Petula Clark,Warner Brothers,13,1,
1966,12,47,28,CRYING TIME,Ray Charles (with the Raeletts),ABC-Paramount,15,6,
1966,12,41,75,BANG BANG (My Baby Shot Me Down),Cher,Imperial,2,41,
1966,12,42,53,GET READY,The Temptations,Gordy,4,42,
1966,12,44,60,LITTLE LATIN LUPE LU,Mitch Ryder and the Detroit Wheels,New Voice,3,44,
1966,12,45,41,THE DEDICATION SONG,Freddy Cannon,Warner Brothers,5,41,
1966,12,46,56,INSIDE-LOOKING OUT,The Animals,MGM,4,46,
1966,12,48,54,AIN’T THAT A GROOVE (Part 1),James Brown and the Famous Flames,King,3,48,
1966,12,49,46,UP AND DOWN,The McCoys,Bang,6,46,
1966,12,50,65,TIME WON’T LET ME,The Outsiders,Capitol,5,50,
1966,13,1,1,THE BALLAD OF THE GREEN BERETS,S/Sgt. Barry Sadler (U.S. Army Special Forces),RCA Victor,8,1,4 weeks at #1
1966,13,2,2,19TH NERVOUS BREAKDOWN,The Rolling Stones,London,5,2,
1966,13,3,4,NOWHERE MAN,The Beatles,Capitol,4,3,
1966,13,4,3,THESE BOOTS ARE MADE FOR WALKIN’,Nancy Sinatra,Reprise,10,1,
1966,13,5,8,HOMEWARD BOUND,Simon and Garfunkel,Columbia,7,5,
1966,13,6,10,DAYDREAM,The Lovin’ Spoonful,Kama Sutra,5,6,
1966,13,7,7,CALIFORNIA DREAMIN’,The Mamas and the Papas,Dunhill,12,4,
1966,13,8,14,(You’re My) SOUL AND INSPIRATION,The Righteous Brothers,Verve,4,8,
1966,13,9,5,ELUSIVE BUTTERFLY,Bob Lind,World Pacific,10,5,
1966,13,10,6,LISTEN PEOPLE,Herman’s Hermits,MGM,6,3,
1966,13,11,11,LOVE MAKES THE WORLD GO ROUND,Deon Jackson,Carla,10,11,
1966,13,12,18,I’M SO LONESOME I COULD CRY,B.J. Thomas and the Triumphs,Scepter,6,12,
1966,13,13,15,634-5789 (Soulsville U.S.A.),Wilson Pickett,Atlantic,7,13,
1966,13,14,25,SURE GONNA MISS HER,Gary Lewis and the Playboys,Liberty,4,14,
1966,13,15,20,WOMAN,Peter and Gordon,Capitol,7,15,
1966,13,16,16,BABY SCRATCH MY BACK,Slim Harpo,Excello,9,16,
1966,13,17,41,BANG BANG (My Baby Shot Me Down),Cher,Imperial,3,17,
1966,13,18,19,"SHAKE ME, WAKE ME (When It’s Over)",The Four Tops,Motown,6,18,
1966,13,19,9,I FOUGHT THE LAW,The Bobby Fuller Four,Mustang,9,9,
1966,13,20,21,YOU BABY,The Turtles,White Whale,8,20,
1966,13,21,50,TIME WON’T LET ME,The Outsiders,Capitol,6,21,
1966,13,22,60,SECRET AGENT MAN,Johnny Rivers,Imperial,2,22,
1966,13,23,28,IT’S TOO LATE,Bobby Goldsboro,United Artists,6,23,
1966,13,24,22,MY BABY LOVES ME,Martha and the Vandellas,Gordy,10,22,
1966,13,25,27,THIS OLD HEART OF MINE (Is Weak For You),The Isley Brothers,Tamla,6,25,
1966,13,26,33,MAGIC TOWN,The Vogues,Co & Ce,5,26,
1966,13,27,44,LITTLE LATIN LUPE LU,Mitch Ryder and the Detroit Wheels,New Voice,4,27,
1966,13,28,12,THE CHEATER,Bob Kuban and the In-Men,Musicland U.S.A.,9,12,
1966,13,29,34,ONE MORE HEARTACHE,Marvin Gaye,Tamla,6,29,
1966,13,30,38,WALKIN’ MY CAT NAMED DOG,Norma Tanega,New Voice,5,30,
1966,13,31,31,THE RAINS CAME,The Sir Douglas Quintet,Tribe,9,31,
1966,13,32,42,GET READY,The Temptations,Gordy,5,32,
1966,13,33,13,LIGHTNIN’ STRIKES,Lou Christie,MGM,14,1,
1966,13,34,32,SOMEWHERE THERE’S A SOMEONE,Dean Martin,Reprise,7,32,
1966,13,35,17,BATMAN THEME,The Marketts,Warner Brothers,8,17,
1966,13,36,36,I WANT TO GO WITH YOU,Eddy Arnold,RCA Victor,8,36,
1966,13,37,26,HUSBANDS AND WIVES,Roger Miller,Smash,6,26,
1966,13,38,35,BATMAN THEME,Neal Hefti,RCA Victor,7,35,
1966,13,39,62,KICKS,Paul Revere and the Raiders Featuring Mark Lindsay,Columbia,2,39,
1966,13,40,67,GOOD LOVIN’,The Young Rascals,Atlantic,3,40,
1966,13,42,29,WORKING MY WAY BACK TO YOU,The Four Seasons,Philips,9,9,
1966,13,49,30,MY WORLD IS EMPTY WITHOUT YOU,The Supremes,Motown,11,5,
1966,13,41,46,INSIDE-LOOKING OUT,The Animals,MGM,5,41,
1966,13,43,54,SATISFACTION,Otis Redding,Volt,4,43,
1966,13,44,48,AIN’T THAT A GROOVE (Part 1),James Brown and the Famous Flames,King,4,44,
1966,13,45,55,THINK I’LL GO SOMEWHERE AND CRY MYSELF TO SLEEP,Al Martino,Capitol,3,45,
1966,13,46,52,THE ONE ON THE RIGHT IS ON THE LEFT,Johnny Cash,Columbia,5,46,
1966,13,47,45,THE DEDICATION SONG,Freddy Cannon,Warner Brothers,6,41,
1966,13,48,53,STOP HER ON SIGHT (S.O.S.),Edwin Starr,Ric-Tic,6,48,
1966,13,50,56,TIME,Pozo-Seco Singers,Columbia,5,50,
1966,14,1,1,THE BALLAD OF THE GREEN BERETS,S/Sgt. Barry Sadler (U.S. Army Special Forces),RCA Victor,9,1,5 weeks at #1
1966,14,2,2,19TH NERVOUS BREAKDOWN,The Rolling Stones,London,6,2,
1966,14,3,8,(You’re My) SOUL AND INSPIRATION,The Righteous Brothers,Verve,5,3,
1966,14,4,6,DAYDREAM,The Lovin’ Spoonful,Kama Sutra,6,4,
1966,14,5,5,HOMEWARD BOUND,Simon and Garfunkel,Columbia,8,5,
1966,14,6,3,NOWHERE MAN,The Beatles,Capitol,5,3,
1966,14,7,7,CALIFORNIA DREAMIN’,The Mamas and the Papas,Dunhill,13,4,
1966,14,8,4,THESE BOOTS ARE MADE FOR WALKIN’,Nancy Sinatra,Reprise,11,1,
1966,14,9,17,BANG BANG (My Baby Shot Me Down),Cher,Imperial,4,9,
1966,14,10,14,SURE GONNA MISS HER,Gary Lewis and the Playboys,Liberty,5,10,
1966,14,11,12,I’M SO LONESOME I COULD CRY,B.J. Thomas and the Triumphs,Scepter,7,11,
1966,14,12,11,LOVE MAKES THE WORLD GO ROUND,Deon Jackson,Carla,11,11,
1966,14,13,13,634-5789 (Soulsville U.S.A.),Wilson Pickett,Atlantic,8,13,
1966,14,14,15,WOMAN,Peter and Gordon,Capitol,8,14,
1966,14,15,22,SECRET AGENT MAN,Johnny Rivers,Imperial,3,15,
1966,14,16,21,TIME WON’T LET ME,The Outsiders,Capitol,7,16,
1966,14,17,10,LISTEN PEOPLE,Herman’s Hermits,MGM,7,3,
1966,14,18,9,ELUSIVE BUTTERFLY,Bob Lind,World Pacific,11,5,
1966,14,19,16,BABY SCRATCH MY BACK,Slim Harpo,Excello,10,16,
1966,14,20,25,THIS OLD HEART OF MINE (Is Weak For You),The Isley Brothers,Tamla,7,20,
1966,14,21,26,MAGIC TOWN,The Vogues,Co & Ce,6,21,
1966,14,22,27,LITTLE LATIN LUPE LU,Mitch Ryder and the Detroit Wheels,New Voice,5,22,
1966,14,23,18,"SHAKE ME, WAKE ME (When It’s Over)",The Four Tops,Motown,7,18,
1966,14,24,20,YOU BABY,The Turtles,White Whale,9,20,
1966,14,25,30,WALKIN’ MY CAT NAMED DOG,Norma Tanega,New Voice,6,25,
1966,14,26,23,IT’S TOO LATE,Bobby Goldsboro,United Artists,7,23,
1966,14,27,40,GOOD LOVIN’,The Young Rascals,Atlantic,4,27,
1966,14,28,39,KICKS,Paul Revere and the RaidersFeaturing Mark Lindsay,Columbia,3,28,
1966,14,29,32,GET READY,The Temptations,Gordy,6,29,
1966,14,30,19,I FOUGHT THE LAW,The Bobby Fuller Four,Mustang,10,9,
1966,14,31,28,THE CHEATER,Bob Kuban and the In-Men,Musicland U.S.A.,10,12,
1966,14,32,31,THE RAINS CAME,The Sir Douglas Quintet,Tribe,10,31,
1966,14,33,29,ONE MORE HEARTACHE,Marvin Gaye,Tamla,7,29,
1966,14,34,41,INSIDE-LOOKING OUT,The Animals,MGM,6,34,
1966,14,35,43,SATISFACTION,Otis Redding,Volt,5,35,
1966,14,36,70,A SIGN OF THE TIMES,Petula Clark,Warner Brothers,2,36,
1966,14,37,45,THINK I’LL GO SOMEWHERE AND CRY MYSELF TO SLEEP,Al Martino,Capitol,4,37,
1966,14,38,36,I WANT TO GO WITH YOU,Eddy Arnold,RCA Victor,9,36,
1966,14,39,24,MY BABY LOVES ME,Martha and the Vandellas,Gordy,11,22,
1966,14,40,37,HUSBANDS AND WIVES,Roger Miller,Smash,7,26,
1966,14,45,34,SOMEWHERE THERE’S A SOMEONE,Dean Martin,Reprise,8,32,
1966,14,46,33,LIGHTNIN’ STRIKES,Lou Christie,MGM,15,1,
1966,14,52,35,BATMAN THEME,The Marketts,Warner Brothers,9,17,
1966,14,53,38,BATMAN THEME,Neal Hefti,RCA Victor,8,35,
1966,14,41,55,SPANISH FLEA,Herb Alpert and the Tijuana Brass,A&M,3,41,
1966,14,42,52,SHAPES OF THINGS,The Yardbirds,Epic,3,42,
1966,14,43,53,WHAT NOW MY LOVE,Herb Alpert and the Tijuana Brass,A&M,3,43,
1966,14,44,44,AIN’T THAT A GROOVE (Part 1),James Brown and the Famous Flames,King,5,44,
1966,14,47,50,TIME,Pozo-Seco Singers,Columbia,6,47,
1966,14,48,59,SOMEWHERE,Len Barry,Decca,3,48,
1966,14,49,57,OUTSIDE THE GATES OF HEAVEN,Lou Christie,Co & Ce,5,49,
1966,14,50,60,FRANKIE AND JOHNNY,Elvis Presley,RCA Victor,3,50,
1966,15,1,3,(You’re My) SOUL AND INSPIRATION,The Righteous Brothers,Verve,6,1,1 week at #1
1966,15,2,4,DAYDREAM,The Lovin’ Spoonful,Kama Sutra,7,2,
1966,15,3,2,19TH NERVOUS BREAKDOWN,The Rolling Stones,London,7,2,
1966,15,4,9,BANG BANG (My Baby Shot Me Down),Cher,Imperial,5,4,
1966,15,5,1,THE BALLAD OF THE GREEN BERETS,S/Sgt. Barry Sadler (U.S. Army Special Forces),RCA Victor,10,1,
1966,15,6,6,NOWHERE MAN,The Beatles,Capitol,6,3,
1966,15,7,15,SECRET AGENT MAN,Johnny Rivers,Imperial,4,7,
1966,15,8,11,I’M SO LONESOME I COULD CRY,B.J. Thomas and the Triumphs,Scepter,8,8,
1966,15,9,10,SURE GONNA MISS HER,Gary Lewis and the Playboys,Liberty,6,9,
1966,15,10,7,CALIFORNIA DREAMIN’,The Mamas and the Papas,Dunhill,14,4,
1966,15,11,16,TIME WON’T LET ME,The Outsiders,Capitol,8,11,
1966,15,12,5,HOMEWARD BOUND,Simon and Garfunkel,Columbia,9,5,
1966,15,13,13,634-5789 (Soulsville U.S.A.),Wilson Pickett,Atlantic,9,13,
1966,15,14,8,THESE BOOTS ARE MADE FOR WALKIN’,Nancy Sinatra,Reprise,12,1,
1966,15,15,20,THIS OLD HEART OF MINE (Is Weak For You),The Isley Brothers,Tamla,8,15,
1966,15,16,27,GOOD LOVIN’,The Young Rascals,Atlantic,5,16,
1966,15,17,22,LITTLE LATIN LUPE LU,Mitch Ryder and the Detroit Wheels,New Voice,6,17,
1966,15,18,28,KICKS,Paul Revere and the Raiders featuring Mark Lindsay,Columbia,4,18,
1966,15,19,14,WOMAN,Peter and Gordon,Capitol,9,14,
1966,15,20,12,LOVE MAKES THE WORLD GO ROUND,Deon Jackson,Carla,12,11,
1966,15,21,21,MAGIC TOWN,The Vogues,Co & Ce,7,21,
1966,15,22,25,WALKIN’ MY CAT NAMED DOG,Norma Tanega,New Voice,7,22,
1966,15,23,19,BABY SCRATCH MY BACK,Slim Harpo,Excello,11,16,
1966,15,24,36,A SIGN OF THE TIMES,Petula Clark,Warner Brothers,3,24,
1966,15,25,24,YOU BABY,The Turtles,White Whale,10,20,
1966,15,26,18,ELUSIVE BUTTERFLY,Bob Lind,World Pacific,12,5,
1966,15,27,23,"SHAKE ME, WAKE ME (When It’s Over)",The Four Tops,Motown,8,18,
1966,15,28,17,LISTEN PEOPLE,Herman’s Hermits,MGM,8,3,
1966,15,29,43,WHAT NOW MY LOVE,Herb Alpert and the Tijuana Brass,A&M,4,29,
1966,15,30,37,THINK I’LL GO SOMEWHERE AND CRY MYSELF TO SLEEP,Al Martino,Capitol,5,30,
1966,15,31,41,SPANISH FLEA,Herb Alpert and the Tijuana Brass,A&M,4,31,
1966,15,32,42,SHAPES OF THINGS,The Yardbirds,Epic,4,32,
1966,15,33,26,IT’S TOO LATE,Bobby Goldsboro,United Artists,8,23,
1966,15,34,35,SATISFACTION,Otis Redding,Volt,6,34,
1966,15,35,68,SLOOP JOHN B,The Beach Boys,Capitol,2,35,
1966,15,36,51,I HEAR TRUMPETS BLOW,The Tokens,B.T. Puppy,4,36,
1966,15,37,48,SOMEWHERE,Len Barry,Decca,4,37,
1966,15,38,38,I WANT TO GO WITH YOU,Eddy Arnold,RCA Victor,10,36,
1966,15,39,50,FRANKIE AND JOHNNY,Elvis Presley,RCA Victor,4,39,
1966,15,40,29,GET READY,The Temptations,Gordy,7,29,
1966,15,44,34,INSIDE-LOOKING OUT,The Animals,MGM,7,34,
1966,15,45,33,ONE MORE HEARTACHE,Marvin Gaye,Tamla,8,29,
1966,15,46,30,I FOUGHT THE LAW,The Bobby Fuller Four,Mustang,11,9,
1966,15,47,31,THE CHEATER,Bob Kuban and the In-Men,Musicland U.S.A.,11,12,
1966,15,52,32,THE RAINS CAME,The Sir Douglas Quintet,Tribe,11,31,
1966,15,41,60,GLORIA,The Shadows Of Knight,Dunwich,4,41,
1966,15,42,44,AIN’T THAT A GROOVE (Part 1),James Brown and the Famous Flames,King,6,42,
1966,15,43,54,THE PHOENIX LOVE THEME (Senza Fine),Brass Ring Featuring Phil Bodner,Dunhill,5,43,
1966,15,48,58,PLEASE DON’T STOP LOVING ME,Elvis Presley,RCA Victor,4,48,
1966,15,49,49,OUTSIDE THE GATES OF HEAVEN,Lou Christie,Co & Ce,6,49,
1966,15,50,47,TIME,Pozo-Seco Singers,Columbia,7,47,
1966,16,1,1,(You’re My) SOUL AND INSPIRATION,The Righteous Brothers,Verve,7,1,2 weeks at #1
1966,16,2,2,DAYDREAM,The Lovin’ Spoonful,Kama Sutra,8,2,
1966,16,3,4,BANG BANG (My Baby Shot Me Down),Cher,Imperial,6,3,
1966,16,4,7,SECRET AGENT MAN,Johnny Rivers,Imperial,5,4,
1966,16,5,11,TIME WON’T LET ME,The Outsiders,Capitol,9,5,
1966,16,6,3,19TH NERVOUS BREAKDOWN,The Rolling Stones,London,8,2,
1966,16,7,5,THE BALLAD OF THE GREEN BERETS,S/Sgt. Barry Sadler (U.S. Army Special Forces),RCA Victor,11,1,
1966,16,8,8,I’M SO LONESOME I COULD CRY,B.J. Thomas and the Triumphs,Scepter,9,8,
1966,16,9,16,GOOD LOVIN’,The Young Rascals,Atlantic,6,9,
1966,16,10,18,KICKS,Paul Revere and the Raiders Featuring Mark Lindsay,Columbia,5,10,
1966,16,11,6,NOWHERE MAN,The Beatles,Capitol,7,3,
1966,16,12,9,SURE GONNA MISS HER,Gary Lewis and the Playboys,Liberty,7,9,
1966,16,13,35,SLOOP JOHN B,The Beach Boys,Capitol,3,13,
1966,16,14,24,A SIGN OF THE TIMES,Petula Clark,Warner Brothers,4,14,
1966,16,15,15,THIS OLD HEART OF MINE (Is Weak For You),The Isley Brothers,Tamla,9,15,
1966,16,16,10,CALIFORNIA DREAMIN’,The Mamas and the Papas,Dunhill,15,4,
1966,16,17,17,LITTLE LATIN LUPE LU,Mitch Ryder and the Detroit Wheels,New Voice,7,17,
1966,16,18,19,WOMAN,Peter and Gordon,Capitol,10,14,
1966,16,19,12,HOMEWARD BOUND,Simon and Garfunkel,Columbia,10,5,
1966,16,20,14,THESE BOOTS ARE MADE FOR WALKIN’,Nancy Sinatra,Reprise,13,1,
1966,16,21,13,634-5789 (Soulsville U.S.A.),Wilson Pickett,Atlantic,10,13,
1966,16,22,41,GLORIA,The Shadows Of Knight,Dunwich,5,22,
1966,16,23,32,SHAPES OF THINGS,The Yardbirds,Epic,5,23,
1966,16,24,22,WALKIN’ MY CAT NAMED DOG,Norma Tanega,New Voice,8,22,
1966,16,25,29,WHAT NOW MY LOVE,Herb Alpert and the Tijuana Brass,A&M,5,25,
1966,16,26,37,SOMEWHERE,Len Barry,Decca,5,26,
1966,16,27,31,SPANISH FLEA,Herb Alpert and the Tijuana Brass,A&M,5,27,
1966,16,28,39,FRANKIE AND JOHNNY,Elvis Presley,RCA Victor,5,28,
1966,16,29,65,LEANING ON THE LAMP POST,Herman’s Hermits,MGM,2,29,
1966,16,30,30,THINK I’LL GO SOMEWHERE AND CRY MYSELF TO SLEEP,Al Martino,Capitol,6,30,
1966,16,31,34,SATISFACTION,Otis Redding,Volt,7,31,
1966,16,32,21,MAGIC TOWN,The Vogues,Co & Ce,8,21,
1966,16,33,36,I HEAR TRUMPETS BLOW,The Tokens,B.T. Puppy,5,33,
1966,16,34,79,"MONDAY, MONDAY",The Mamas and the Papas,Dunhill,2,34,
1966,16,35,23,BABY SCRATCH MY BACK,Slim Harpo,Excello,12,16,
1966,16,36,20,LOVE MAKES THE WORLD GO ROUND,Deon Jackson,Carla,13,11,
1966,16,37,53,TOGETHER AGAIN,Ray Charles,ABC-Paramount,4,37,
1966,16,38,43,THE PHOENIX LOVE THEME (Senza Fine),Brass Ring Featuring Phil Bodner,Dunhill,6,38,
1966,16,39,25,YOU BABY,The Turtles,White Whale,11,20,
1966,16,40,27,"SHAKE ME, WAKE ME (When It’s Over)",The Four Tops,Motown,9,18,
1966,16,44,26,ELUSIVE BUTTERFLY,Bob Lind,World Pacific,13,5,
1966,16,49,28,LISTEN PEOPLE,Herman’s Hermits,MGM,9,3,
1966,16,55,38,I WANT TO GO WITH YOU,Eddy Arnold,RCA Victor,11,36,
1966,16,41,55,RHAPSODY IN THE RAIN,Lou Christie,MGM,4,41,
1966,16,42,64,MESSAGE TO MICHAEL,Dionne Warwick,Scepter,3,42,
1966,16,43,61,TRY TOO HARD,The Dave Clark Five,Epic,3,43,
1966,16,45,49,OUTSIDE THE GATES OF HEAVEN,Lou Christie,Co & Ce,7,45,
1966,16,46,48,PLEASE DON’T STOP LOVING ME,Elvis Presley,RCA Victor,5,46,
1966,16,47,54,"CAROLINE, NO",Brian Wilson,Capitol,4,47,
1966,16,48,51,ONE TRACK MIND,The Knickerbockers,Challenge,5,48,
1966,16,50,42,AIN’T THAT A GROOVE (Part 1),James Brown and the Famous Flames,King,7,42,
1966,17,1,1,(You’re My) SOUL AND INSPIRATION,The Righteous Brothers,Verve,8,1,3 weeks at #1
1966,17,2,3,BANG BANG (My Baby Shot Me Down),Cher,Imperial,7,2,
1966,17,3,4,SECRET AGENT MAN,Johnny Rivers,Imperial,6,3,
1966,17,4,2,DAYDREAM,The Lovin’ Spoonful,Kama Sutra,9,2,
1966,17,5,5,TIME WON’T LET ME,The Outsiders,Capitol,10,5,
1966,17,6,9,GOOD LOVIN’,The Young Rascals,Atlantic,7,6,
1966,17,7,10,KICKS,Paul Revere and the Raiders Featuring Mark Lindsay,Columbia,6,7,
1966,17,8,13,SLOOP JOHN B,The Beach Boys,Capitol,4,8,
1966,17,9,8,I’M SO LONESOME I COULD CRY,B.J. Thomas and the Triumphs,Scepter,10,8,
1966,17,10,34,"MONDAY, MONDAY",The Mamas and the Papas,Dunhill,3,10,
1966,17,11,14,A SIGN OF THE TIMES,Petula Clark,Warner Brothers,5,11,
1966,17,12,15,THIS OLD HEART OF MINE (Is Weak For You),The Isley Brothers,Tamla,10,12,
1966,17,13,11,NOWHERE MAN,The Beatles,Capitol,8,3,
1966,17,14,6,19TH NERVOUS BREAKDOWN,The Rolling Stones,London,9,2,
1966,17,15,29,LEANING ON THE LAMP POST,Herman’s Hermits,MGM,3,15,
1966,17,16,22,GLORIA,The Shadows Of Knight,Dunwich,6,16,
1966,17,17,7,THE BALLAD OF THE GREEN BERETS,S/Sgt. Barry Sadler (U.S. Army Special Forces),RCA Victor,12,1,
1966,17,18,23,SHAPES OF THINGS,The Yardbirds,Epic,6,18,
1966,17,19,16,CALIFORNIA DREAMIN’,The Mamas and the Papas,Dunhill,16,4,
1966,17,20,17,LITTLE LATIN LUPE LU,Mitch Ryder and the Detroit Wheels,New Voice,8,17,
1966,17,21,12,SURE GONNA MISS HER,Gary Lewis and the Playboys,Liberty,8,9,
1966,17,22,19,HOMEWARD BOUND,Simon and Garfunkel,Columbia,11,5,
1966,17,23,18,WOMAN,Peter and Gordon,Capitol,11,14,
1966,17,24,25,WHAT NOW MY LOVE,Herb Alpert and the Tijuana Brass,A&M,6,24,
1966,17,25,43,TRY TOO HARD,The Dave Clark Five,Epic,4,25,
1966,17,26,26,SOMEWHERE,Len Barry,Decca,6,26,
1966,17,27,27,SPANISH FLEA,Herb Alpert and the Tijuana Brass,A&M,6,27,
1966,17,28,28,FRANKIE AND JOHNNY,Elvis Presley,RCA Victor,6,28,
1966,17,29,37,TOGETHER AGAIN,Ray Charles,ABC-Paramount,5,29,
1966,17,30,33,I HEAR TRUMPETS BLOW,The Tokens,B.T. Puppy,6,30,
1966,17,31,41,RHAPSODY IN THE RAIN,Lou Christie,MGM,5,31,
1966,17,32,42,MESSAGE TO MICHAEL,Dionne Warwick,Scepter,4,32,
1966,17,33,21,634-5789 (Soulsville U.S.A.),Wilson Pickett,Atlantic,11,13,
1966,17,34,20,THESE BOOTS ARE MADE FOR WALKIN’,Nancy Sinatra,Reprise,14,1,
1966,17,35,38,THE PHOENIX LOVE THEME (Senza Fine),Brass Ring Featuring Phil Bodner,Dunhill,7,35,
1966,17,36,24,WALKIN’ MY CAT NAMED DOG,Norma Tanega,New Voice,9,22,
1966,17,37,47,"CAROLINE, NO",Brian Wilson,Capitol,5,37,
1966,17,38,71,RAINY DAY WOMEN #12 & 35,Bob Dylan,Columbia,2,38,
1966,17,39,32,MAGIC TOWN,The Vogues,Co & Ce,9,21,
1966,17,40,30,THINK I’LL GO SOMEWHERE AND CRY MYSELF TO SLEEP,Al Martino,Capitol,7,30,
1966,17,41,39,YOU BABY,The Turtles,White Whale,12,20,
1966,17,43,35,BABY SCRATCH MY BACK,Slim Harpo,Excello,13,16,
1966,17,44,36,LOVE MAKES THE WORLD GO ROUND,Deon Jackson,Carla,14,11,
1966,17,47,31,SATISFACTION,Otis Redding,Volt,8,31,
1966,17,42,53,EIGHT MILES HIGH,The Byrds,Columbia,3,42,
1966,17,45,46,PLEASE DON’T STOP LOVING ME,Elvis Presley,RCA Victor,6,45,
1966,17,46,48,ONE TRACK MIND,The Knickerbockers,Challenge,6,46,
1966,17,48,54,MEMORIES ARE MADE OF THIS,The Drifters,Atlantic,6,48,
1966,17,50,52,YOUNG LOVE,Lesley Gore,Mercury,5,50,
1966,18,1,6,GOOD LOVIN’,The Young Rascals,Atlantic,8,1,1 week at #1
1966,18,2,1,(You’re My) SOUL AND INSPIRATION,The Righteous Brothers,Verve,9,1,
1966,18,3,10,"MONDAY, MONDAY",The Mamas and the Papas,Dunhill,4,3,
1966,18,4,8,SLOOP JOHN B,The Beach Boys,Capitol,5,4,
1966,18,5,3,SECRET AGENT MAN,Johnny Rivers,Imperial,7,3,
1966,18,6,7,KICKS,Paul Revere and the Raiders Featuring Mark Lindsay,Columbia,7,6,
1966,18,7,5,TIME WON’T LET ME,The Outsiders,Capitol,11,5,
1966,18,8,2,BANG BANG (My Baby Shot Me Down),Cher,Imperial,8,2,
1966,18,9,4,DAYDREAM,The Lovin’ Spoonful,Kama Sutra,10,2,
1966,18,10,15,LEANING ON THE LAMP POST,Herman’s Hermits,MGM,4,10,
1966,18,11,16,GLORIA,The Shadows Of Knight,Dunwich,7,11,
1966,18,12,9,I’M SO LONESOME I COULD CRY,B.J. Thomas and the Triumphs,Scepter,11,8,
1966,18,13,11,A SIGN OF THE TIMES,Petula Clark,Warner Brothers,6,11,
1966,18,14,38,RAINY DAY WOMEN #12 & 35,Bob Dylan,Columbia,3,14,
1966,18,15,18,SHAPES OF THINGS,The Yardbirds,Epic,7,15,
1966,18,16,31,RHAPSODY IN THE RAIN,Lou Christie,MGM,6,16,
1966,18,17,25,TRY TOO HARD,The Dave Clark Five,Epic,5,17,
1966,18,18,32,MESSAGE TO MICHAEL,Dionne Warwick,Scepter,5,18,
1966,18,19,29,TOGETHER AGAIN,Ray Charles,ABC-Paramount,6,19,
1966,18,20,17,THE BALLAD OF THE GREEN BERETS,S/Sgt. Barry Sadler (U.S. Army Special Forces),RCA Victor,13,1,
1966,18,21,49,"HOW DOES THAT GRAB YOU, DARLIN’",Nancy Sinatra,Reprise,2,21,
1966,18,22,42,EIGHT MILES HIGH,The Byrds,Columbia,4,22,
1966,18,23,52,A GROOVY KIND OF LOVE,The Mindbenders,Fontana,3,23,
1966,18,24,23,WOMAN,Peter and Gordon,Capitol,12,14,
1966,18,25,28,FRANKIE AND JOHNNY,Elvis Presley,RCA Victor,7,25,
1966,18,26,19,CALIFORNIA DREAMIN’,The Mamas and the Papas,Dunhill,17,4,
1966,18,27,14,19TH NERVOUS BREAKDOWN,The Rolling Stones,London,10,2,
1966,18,28,13,NOWHERE MAN,The Beatles,Capitol,9,3,
1966,18,29,53,WHEN A MAN LOVES A WOMAN,Percy Sledge,Atlantic,4,29,
1966,18,30,12,THIS OLD HEART OF MINE (Is Weak For You),The Isley Brothers,Tamla,11,12,
1966,18,31,20,LITTLE LATIN LUPE LU,Mitch Ryder and the Detroit Wheels,New Voice,9,17,
1966,18,32,37,"CAROLINE, NO",Brian Wilson,Capitol,6,32,
1966,18,33,35,THE PHOENIX LOVE THEME (Senza Fine),Brass Ring Featuring Phil Bodner,Dunhill,8,33,
1966,18,34,30,I HEAR TRUMPETS BLOW,The Tokens,B.T. Puppy,7,30,
1966,18,35,24,WHAT NOW MY LOVE,Herb Alpert and the Tijuana Brass,A&M,7,24,
1966,18,36,21,SURE GONNA MISS HER,Gary Lewis and the Playboys,Liberty,9,9,
1966,18,37,22,HOMEWARD BOUND,Simon and Garfunkel,Columbia,12,5,
1966,18,38,26,SOMEWHERE,Len Barry,Decca,7,26,
1966,18,39,65,THE SUN AIN’T GONNA SHINE (Anymore),The Walker Brothers,Smash,3,39,
1966,18,40,27,SPANISH FLEA,Herb Alpert and the Tijuana Brass,A&M,7,27,
1966,18,43,40,THINK I’LL GO SOMEWHERE AND CRY MYSELF TO SLEEP,Al Martino,Capitol,8,30,
1966,18,41,68,LET’S START ALL OVER AGAIN,Ronnie Dove,Diamond,3,41,
1966,18,42,60,NOTHING’S TOO GOOD FOR MY BABY,Stevie Wonder,Tamla,3,42,
1966,18,44,51,TIPPY TOEING,The Harden Trio,Columbia,8,44,
1966,18,45,45,PLEASE DON’T STOP LOVING ME,Elvis Presley,RCA Victor,7,45,
1966,18,46,56,I’LL TAKE GOOD CARE OF YOU,Garnet Mimms,United Artists,6,46,
1966,18,47,55,I CAN’T GROW PEACHES ON A CHERRY TREE,Just Us,Minuteman/Colpix,8,47,
1966,18,48,59,HISTORY REPEATS ITSELF,Buddy Starcher,Boone,4,48,
1966,18,49,46,ONE TRACK MIND,The Knickerbockers,Challenge,7,46,
1966,18,50,54,"I’M COMIN’ HOME, CINDY",Trini Lopez,Reprise,4,50,
1966,19,1,3,"MONDAY, MONDAY",The Mamas and the Papas,Dunhill,5,1,1 week at #1
1966,19,2,1,GOOD LOVIN’,The Young Rascals,Atlantic,9,1,
1966,19,3,4,SLOOP JOHN B,The Beach Boys,Capitol,6,3,
1966,19,4,2,(You’re My) SOUL AND INSPIRATION,The Righteous Brothers,Verve,10,1,
1966,19,5,6,KICKS,Paul Revere and the Raiders Featuring Mark Lindsay,Columbia,8,5,
1966,19,6,5,SECRET AGENT MAN,Johnny Rivers,Imperial,8,3,
1966,19,7,14,RAINY DAY WOMEN #12 & 35,Bob Dylan,Columbia,4,7,
1966,19,8,8,BANG BANG (My Baby Shot Me Down),Cher,Imperial,9,2,
1966,19,9,10,LEANING ON THE LAMP POST,Herman’s Hermits,MGM,5,9,
1966,19,10,11,GLORIA,The Shadows Of Knight,Dunwich,8,10,
1966,19,11,7,TIME WON’T LET ME,The Outsiders,Capitol,12,5,
1966,19,12,17,TRY TOO HARD,The Dave Clark Five,Epic,6,12,
1966,19,13,18,MESSAGE TO MICHAEL,Dionne Warwick,Scepter,6,13,
1966,19,14,15,SHAPES OF THINGS,The Yardbirds,Epic,8,14,
1966,19,15,21,"HOW DOES THAT GRAB YOU, DARLIN’",Nancy Sinatra,Reprise,3,15,
1966,19,16,29,WHEN A MAN LOVES A WOMAN,Percy Sledge,Atlantic,5,16,
1966,19,17,22,EIGHT MILES HIGH,The Byrds,Columbia,5,17,
1966,19,18,23,A GROOVY KIND OF LOVE,The Mindbenders,Fontana,4,18,
1966,19,19,9,DAYDREAM,The Lovin’ Spoonful,Kama Sutra,11,2,
1966,19,20,12,I’M SO LONESOME I COULD CRY,B.J. Thomas and the Triumphs,Scepter,12,8,
1966,19,21,16,RHAPSODY IN THE RAIN,Lou Christie,MGM,7,16,
1966,19,22,19,TOGETHER AGAIN,Ray Charles,ABC-Paramount,7,19,
1966,19,23,13,A SIGN OF THE TIMES,Petula Clark,Warner Brothers,7,11,
1966,19,24,39,THE SUN AIN’T GONNA SHINE (Anymore),The Walker Brothers,Smash,4,24,
1966,19,25,42,NOTHING’S TOO GOOD FOR MY BABY,Stevie Wonder,Tamla,4,25,
1966,19,26,62,LOVE IS LIKE AN ITCHING IN MY HEART,The Supremes,Motown,2,26,
1966,19,27,41,LET’S START ALL OVER AGAIN,Ronnie Dove,Diamond,4,27,
1966,19,28,25,FRANKIE AND JOHNNY,Elvis Presley,RCA Victor,8,25,
1966,19,29,54,LOVE’S MADE A FOOL OF YOU,The Bobby Fuller Four,Mustang,4,29,
1966,19,30,30,THIS OLD HEART OF MINE (Is Weak For You),The Isley Brothers,Tamla,12,12,
1966,19,31,70,IT’S A MAN’S MAN’S MAN’S WORLD,James Brown and the Famous Flames,King,2,31,
1966,19,32,33,THE PHOENIX LOVE THEME (Senza Fine),Brass Ring Featuring Phil Bodner,Dunhill,9,32,
1966,19,33,46,I’LL TAKE GOOD CARE OF YOU,Garnet Mimms,United Artists,7,33,
1966,19,34,34,I HEAR TRUMPETS BLOW,The Tokens,B.T. Puppy,8,30,
1966,19,35,35,WHAT NOW MY LOVE,Herb Alpert and the Tijuana Brass,A&M,8,24,
1966,19,36,32,"CAROLINE, NO",Brian Wilson,Capitol,7,32,
1966,19,37,58,THE BALLAD OF IRVING,Frank Gallop,Kapp,4,37,
1966,19,38,38,SOMEWHERE,Len Barry,Decca,8,26,
1966,19,39,47,I CAN’T GROW PEACHES ON A CHERRY TREE,Just Us,Minuteman/Colpix,9,39,
1966,19,40,50,"I’M COMIN’ HOME, CINDY",Trini Lopez,Reprise,5,40,
1966,19,41,51,THE “A” TEAM,S/Sgt. Barry Sadler (U.S. Army Special Forces),RCA Victor,3,41,
1966,19,42,52,I CAN’T LET GO,The Hollies,Imperial,8,42,
1966,19,43,53,LOVE ME WITH ALL OF YOUR HEART,The Bachelors,London,4,43,
1966,19,44,48,HISTORY REPEATS ITSELF,Buddy Starcher,Boone,5,44,
1966,19,45,55,SHE BLEW A GOOD THING,The Poets,Symbol,8,45,
1966,19,46,44,TIPPY TOEING,The Harden Trio,Columbia,9,44,
1966,19,47,61,BAND OF GOLD,Mel Carter,Imperial,5,47,
1966,19,48,64,COME ON LET’S GO,The McCoys,Bang,3,48,
1966,19,49,71,BACKSTAGE,Gene Pitney,Musicor,3,49,
1966,19,50,57,TILL THE END OF THE DAY,The Kinks,Reprise,7,50,
1966,20,1,1,"MONDAY, MONDAY",The Mamas and the Papas,Dunhill,6,1,2 weeks at #1
1966,20,2,2,GOOD LOVIN’,The Young Rascals,Atlantic,10,1,
1966,20,3,7,RAINY DAY WOMEN #12 & 35,Bob Dylan,Columbia,5,3,
1966,20,4,5,KICKS,Paul Revere and the Raiders featuring Mark Lindsay,Columbia,9,4,
1966,20,5,3,SLOOP JOHN B,The Beach Boys,Capitol,7,3,
1966,20,6,4,(You’re My) SOUL AND INSPIRATION,The Righteous Brothers,Verve,11,1,
1966,20,7,15,"HOW DOES THAT GRAB YOU, DARLIN’",Nancy Sinatra,Reprise,4,7,
1966,20,8,13,MESSAGE TO MICHAEL,Dionne Warwick,Scepter,7,8,
1966,20,9,16,WHEN A MAN LOVES A WOMAN,Percy Sledge,Atlantic,6,9,
1966,20,10,10,GLORIA,The Shadows Of Knight,Dunwich,9,10,
1966,20,11,14,SHAPES OF THINGS,The Yardbirds,Epic,9,11,
1966,20,12,9,LEANING ON THE LAMP POST,Herman’s Hermits,MGM,6,9,
1966,20,13,18,A GROOVY KIND OF LOVE,The Mindbenders,Fontana,5,13,
1966,20,14,6,SECRET AGENT MAN,Johnny Rivers,Imperial,9,3,
1966,20,15,26,LOVE IS LIKE AN ITCHING IN MY HEART,The Supremes,Motown,3,15,
1966,20,16,17,EIGHT MILES HIGH,The Byrds,Columbia,6,16,
1966,20,17,11,TIME WON’T LET ME,The Outsiders,Capitol,13,5,
1966,20,18,24,THE SUN AIN’T GONNA SHINE (Anymore),The Walker Brothers,Smash,5,18,
1966,20,19,8,BANG BANG (My Baby Shot Me Down),Cher,Imperial,10,2,
1966,20,20,25,NOTHING’S TOO GOOD FOR MY BABY,Stevie Wonder,Tamla,5,20,
1966,20,21,12,TRY TOO HARD,The Dave Clark Five,Epic,7,12,
1966,20,22,27,LET’S START ALL OVER AGAIN,Ronnie Dove,Diamond,5,22,
1966,20,23,31,IT’S A MAN’S MAN’S MAN’S WORLD,James Brown and the Famous Flames,King,3,23,
1966,20,24,62,I AM A ROCK,Simon and Garfunkel,Columbia,2,24,
1966,20,25,65,DID YOU EVER HAVE TO MAKE UP YOUR MIND,The Lovin’ Spoonful,Kama Sutra,2,25,
1966,20,26,29,LOVE’S MADE A FOOL OF YOU,The Bobby Fuller Four,Mustang,5,26,
1966,20,27,21,RHAPSODY IN THE RAIN,Lou Christie,MGM,8,16,
1966,20,28,20,I’M SO LONESOME I COULD CRY,B.J. Thomas and the Triumphs,Scepter,13,8,
1966,20,29,19,DAYDREAM,The Lovin’ Spoonful,Kama Sutra,12,2,
1966,20,30,22,TOGETHER AGAIN,Ray Charles,ABC-Paramount,8,19,
1966,20,31,48,COME ON LET’S GO,The McCoys,Bang,4,31,
1966,20,32,49,BACKSTAGE,Gene Pitney,Musicor,4,32,
1966,20,33,33,I’LL TAKE GOOD CARE OF YOU,Garnet Mimms,United Artists,8,33,
1966,20,34,39,I CAN’T GROW PEACHES ON A CHERRY TREE,Just Us,Minuteman/Colpix,10,34,
1966,20,35,41,THE “A” TEAM,S/Sgt. Barry Sadler (U.S. Army Special Forces),RCA Victor,4,35,
1966,20,36,23,A SIGN OF THE TIMES,Petula Clark,Warner Brothers,8,11,
1966,20,37,37,THE BALLAD OF IRVING,Frank Gallop,Kapp,5,37,
1966,20,38,43,LOVE ME WITH ALL OF YOUR HEART,The Bachelors,London,5,38,
1966,20,39,44,HISTORY REPEATS ITSELF,Buddy Starcher,Boone,6,39,
1966,20,40,40,"I’M COMIN’ HOME, CINDY",Trini Lopez,Reprise,6,40,
1966,20,41,47,BAND OF GOLD,Mel Carter,Imperial,6,41,
1966,20,42,52,TWINKLE TOES,Roy Orbison,MGM,3,42,
1966,20,43,60,(I’m a) ROAD RUNNER,Jr. Walker and the All Stars,Soul,6,43,
1966,20,44,42,I CAN’T LET GO,The Hollies,Imperial,9,42,
1966,20,45,55,DISTANT DRUMS,Jim Reeves,RCA Victor,6,45,
1966,20,46,45,SHE BLEW A GOOD THING,The Poets,Symbol,9,45,
1966,20,47,53,DUM-DE-DA,Bobby Vinton,Epic,3,47,
1966,20,50,54,YOU’RE THE ONE,The Marvelettes,Tamla,4,50,
1966,21,1,1,"MONDAY, MONDAY",The Mamas and the Papas,Dunhill,7,1,3 weeks at #1
1966,21,2,3,RAINY DAY WOMEN #12 & 35,Bob Dylan,Columbia,6,2,
1966,21,3,2,GOOD LOVIN’,The Young Rascals,Atlantic,11,1,
1966,21,4,9,WHEN A MAN LOVES A WOMAN,Percy Sledge,Atlantic,7,4,
1966,21,5,13,A GROOVY KIND OF LOVE,The Mindbenders,Fontana,6,5,
1966,21,6,4,KICKS,Paul Revere and the Raiders Featuring Mark Lindsay,Columbia,10,4,
1966,21,7,7,"HOW DOES THAT GRAB YOU, DARLIN’",Nancy Sinatra,Reprise,5,7,
1966,21,8,8,MESSAGE TO MICHAEL,Dionne Warwick,Scepter,8,8,
1966,21,9,5,SLOOP JOHN B,The Beach Boys,Capitol,8,3,
1966,21,10,15,LOVE IS LIKE AN ITCHING IN MY HEART,The Supremes,Motown,4,10,
1966,21,11,6,(You’re My) SOUL AND INSPIRATION,The Righteous Brothers,Verve,12,1,
1966,21,12,10,GLORIA,The Shadows Of Knight,Dunwich,10,10,
1966,21,13,18,THE SUN AIN’T GONNA SHINE (Anymore),The Walker Brothers,Smash,6,13,
1966,21,14,16,EIGHT MILES HIGH,The Byrds,Columbia,7,14,
1966,21,15,12,LEANING ON THE LAMP POST,Herman’s Hermits,MGM,7,9,
1966,21,16,25,DID YOU EVER HAVE TO MAKE UP YOUR MIND,The Lovin’ Spoonful,Kama Sutra,3,16,
1966,21,17,24,I AM A ROCK,Simon and Garfunkel,Columbia,3,17,
1966,21,18,23,IT’S A MAN’S MAN’S MAN’S WORLD,James Brown and the Famous Flames,King,4,18,
1966,21,19,48,"PAINT IT, BLACK",The Rolling Stones,London,2,19,
1966,21,20,22,LET’S START ALL OVER AGAIN,Ronnie Dove,Diamond,6,20,
1966,21,21,11,SHAPES OF THINGS,The Yardbirds,Epic,10,11,
1966,21,22,20,NOTHING’S TOO GOOD FOR MY BABY,Stevie Wonder,Tamla,6,20,
1966,21,23,17,TIME WON’T LET ME,The Outsiders,Capitol,14,5,
1966,21,24,14,SECRET AGENT MAN,Johnny Rivers,Imperial,10,3,
1966,21,25,49,GREEN GRASS,Gary Lewis and the Playboys,Liberty,2,25,
1966,21,26,31,COME ON LET’S GO,The McCoys,Bang,5,26,
1966,21,27,32,BACKSTAGE,Gene Pitney,Musicor,5,27,
1966,21,28,35,THE “A” TEAM,S/Sgt. Barry Sadler (U.S. Army Special Forces),RCA Victor,5,28,
1966,21,29,26,LOVE’S MADE A FOOL OF YOU,The Bobby Fuller Four,Mustang,6,26,
1966,21,30,33,I’LL TAKE GOOD CARE OF YOU,Garnet Mimms,United Artists,9,30,
1966,21,31,19,BANG BANG (My Baby Shot Me Down),Cher,Imperial,11,2,
1966,21,32,21,TRY TOO HARD,The Dave Clark Five,Epic,8,12,
1966,21,33,51,COOL JERK,The Capitols,Karen,4,33,
1966,21,34,52,BAREFOOTIN’,Robert Parker,Nola,5,34,
1966,21,35,41,BAND OF GOLD,Mel Carter,Imperial,7,35,
1966,21,36,37,THE BALLAD OF IRVING,Frank Gallop,Kapp,6,36,
1966,21,37,43,(I’m a) ROAD RUNNER,Jr. Walker and the All Stars,Soul,7,37,
1966,21,38,38,LOVE ME WITH ALL OF YOUR HEART,The Bachelors,London,6,38,
1966,21,39,40,"I’M COMIN’ HOME, CINDY",Trini Lopez,Reprise,7,39,
1966,21,40,42,TWINKLE TOES,Roy Orbison,MGM,4,40,
1966,21,42,34,I CAN’T GROW PEACHES ON A CHERRY TREE,Just Us,Minuteman/Colpix,11,34,
1966,21,44,39,HISTORY REPEATS ITSELF,Buddy Starcher,Boone,7,39,
1966,21,41,47,DUM-DE-DA,Bobby Vinton,Epic,4,41,
1966,21,43,53,THE MORE I SEE YOU,Chris Montez,A&M,6,43,
1966,21,45,55,HOLD ON! I’M A COMIN’,Sam and Dave,Stax,5,45,
1966,21,46,46,SHE BLEW A GOOD THING,The Poets,Symbol,10,45,
1966,21,47,61,SWEET TALKIN’ GUY,The Chiffons,Laurie,3,47,
1966,21,48,50,YOU’RE THE ONE,The Marvelettes,Tamla,5,48,
1966,21,49,45,DISTANT DRUMS,Jim Reeves,RCA Victor,7,45,
1966,21,50,44,I CAN’T LET GO,The Hollies,Imperial,10,42,
1966,22,1,4,WHEN A MAN LOVES A WOMAN,Percy Sledge,Atlantic,8,1,1 week at #1
1966,22,2,5,A GROOVY KIND OF LOVE,The Mindbenders,Fontana,7,2,
1966,22,3,1,"MONDAY, MONDAY",The Mamas and the Papas,Dunhill,8,1,
1966,22,4,19,"PAINT IT, BLACK",The Rolling Stones,London,3,4,
1966,22,5,2,RAINY DAY WOMEN #12 & 35,Bob Dylan,Columbia,7,2,
1966,22,6,17,I AM A ROCK,Simon and Garfunkel,Columbia,4,6,
1966,22,7,16,DID YOU EVER HAVE TO MAKE UP YOUR MIND,The Lovin’ Spoonful,Kama Sutra,4,7,
1966,22,8,3,GOOD LOVIN’,The Young Rascals,Atlantic,12,1,
1966,22,9,10,LOVE IS LIKE AN ITCHING IN MY HEART,The Supremes,Motown,5,9,
1966,22,10,18,IT’S A MAN’S MAN’S MAN’S WORLD,James Brown and the Famous Flames,King,5,10,
1966,22,11,6,KICKS,Paul Revere and the Raiders Featuring Mark Lindsay,Columbia,11,4,
1966,22,12,25,GREEN GRASS,Gary Lewis and the Playboys,Liberty,3,12,
1966,22,13,13,THE SUN AIN’T GONNA SHINE (Anymore),The Walker Brothers,Smash,7,13,
1966,22,14,8,MESSAGE TO MICHAEL,Dionne Warwick,Scepter,9,8,
1966,22,15,9,SLOOP JOHN B,The Beach Boys,Capitol,9,3,
1966,22,16,7,"HOW DOES THAT GRAB YOU, DARLIN’",Nancy Sinatra,Reprise,6,7,
1966,22,17,34,BAREFOOTIN’,Robert Parker,Nola,6,17,
1966,22,18,47,SWEET TALKIN’ GUY,The Chiffons,Laurie,4,18,
1966,22,19,33,COOL JERK,The Capitols,Karen,5,19,
1966,22,20,12,GLORIA,The Shadows Of Knight,Dunwich,11,10,
1966,22,21,14,EIGHT MILES HIGH,The Byrds,Columbia,8,14,
1966,22,22,20,LET’S START ALL OVER AGAIN,Ronnie Dove,Diamond,7,20,
1966,22,23,26,COME ON LET’S GO,The McCoys,Bang,6,23,
1966,22,24,37,(I’m a) ROAD RUNNER,Jr. Walker and the All Stars,Soul,8,24,
1966,22,25,27,BACKSTAGE,Gene Pitney,Musicor,6,25,
1966,22,26,55,OH HOW HAPPY,The Shades Of Blue,Impact,4,26,
1966,22,27,54,STRANGERS IN THE NIGHT,Frank Sinatra,Reprise,4,27,
1966,22,28,28,THE “A” TEAM,S/Sgt. Barry Sadler (U.S. Army Special Forces),RCA Victor,6,28,
1966,22,29,43,THE MORE I SEE YOU,Chris Montez,A&M,7,29,
1966,22,30,15,LEANING ON THE LAMP POST,Herman’s Hermits,MGM,8,9,
1966,22,31,63,OPUS 17 (Don’t You Worry ‘Bout Me),The Four Seasons,Philips,2,31,
1966,22,32,35,BAND OF GOLD,Mel Carter,Imperial,8,32,
1966,22,33,11,(You’re My) SOUL AND INSPIRATION,The Righteous Brothers,Verve,13,1,
1966,22,34,36,THE BALLAD OF IRVING,Frank Gallop,Kapp,7,34,
1966,22,35,23,TIME WON’T LET ME,The Outsiders,Capitol,15,5,
1966,22,36,21,SHAPES OF THINGS,The Yardbirds,Epic,11,11,
1966,22,37,22,NOTHING’S TOO GOOD FOR MY BABY,Stevie Wonder,Tamla,7,20,
1966,22,38,24,SECRET AGENT MAN,Johnny Rivers,Imperial,11,3,
1966,22,39,40,TWINKLE TOES,Roy Orbison,MGM,5,39,
1966,22,40,41,DUM-DE-DA,Bobby Vinton,Epic,5,40,
1966,22,41,51,DOUBLE SHOT (Of My Baby’s Love),The Swingin’ Medallions,Smash,6,41,
1966,22,42,45,HOLD ON! I’M A COMIN’,Sam and Dave,Stax,6,42,
1966,22,43,57,I LOVE YOU DROPS,Vic Dana,Dolton,4,43,
1966,22,44,66,GIRL IN LOVE,The Outsiders,Capitol,3,44,
1966,22,45,59,MAMA,B.J. Thomas,Scepter,3,45,
1966,22,46,56,COME RUNNING BACK,Dean Martin,Reprise,4,46,
1966,22,47,79,DON’T BRING ME DOWN,The Animals,MGM,2,47,
1966,22,48,48,YOU’RE THE ONE,The Marvelettes,Tamla,6,48,
1966,22,49,76,YOU DON’T HAVE TO SAY YOU LOVE ME,Dusty Springfield,Philips,2,49,
1966,22,50,58,I LOVE YOU 1000 TIMES,The Platters,Musicor,5,50,
1966,23,1,1,WHEN A MAN LOVES A WOMAN,Percy Sledge,Atlantic,9,1,2 weeks at #1
1966,23,2,2,A GROOVY KIND OF LOVE,The Mindbenders,Fontana,8,2,
1966,23,3,4,"PAINT IT, BLACK",The Rolling Stones,London,4,3,
1966,23,4,7,DID YOU EVER HAVE TO MAKE UP YOUR MIND,The Lovin’ Spoonful,Kama Sutra,5,4,
1966,23,5,6,I AM A ROCK,Simon and Garfunkel,Columbia,5,5,
1966,23,6,3,"MONDAY, MONDAY",The Mamas and the Papas,Dunhill,9,1,
1966,23,7,5,RAINY DAY WOMEN #12 & 35,Bob Dylan,Columbia,8,2,
1966,23,8,10,IT’S A MAN’S MAN’S MAN’S WORLD,James Brown and the Famous Flames,King,6,8,
1966,23,9,12,GREEN GRASS,Gary Lewis and the Playboys,Liberty,4,9,
1966,23,10,27,STRANGERS IN THE NIGHT,Frank Sinatra,Reprise,5,10,
1966,23,11,9,LOVE IS LIKE AN ITCHING IN MY HEART,The Supremes,Motown,6,9,
1966,23,12,17,BAREFOOTIN’,Robert Parker,Nola,7,12,
1966,23,13,18,SWEET TALKIN’ GUY,The Chiffons,Laurie,5,13,
1966,23,14,11,KICKS,Paul Revere and the Raiders Featuring Mark Lindsay,Columbia,12,4,
1966,23,15,8,GOOD LOVIN’,The Young Rascals,Atlantic,13,1,
1966,23,16,13,THE SUN AIN’T GONNA SHINE (Anymore),The Walker Brothers,Smash,8,13,
1966,23,17,19,COOL JERK,The Capitols,Karen,6,17,
1966,23,18,26,OH HOW HAPPY,The Shades Of Blue,Impact,5,18,
1966,23,19,31,OPUS 17 (Don’t You Worry ‘Bout Me),The Four Seasons,Philips,3,19,
1966,23,20,14,MESSAGE TO MICHAEL,Dionne Warwick,Scepter,10,8,
1966,23,21,29,THE MORE I SEE YOU,Chris Montez,A&M,8,21,
1966,23,22,23,COME ON LET’S GO,The McCoys,Bang,7,22,
1966,23,23,49,YOU DON’T HAVE TO SAY YOU LOVE ME,Dusty Springfield,Philips,3,23,
1966,23,24,24,(I’m a) ROAD RUNNER,Jr. Walker and the All Stars,Soul,9,24,
1966,23,25,45,MAMA,B.J. Thomas,Scepter,4,25,
1966,23,26,41,DOUBLE SHOT (Of My Baby’s Love),The Swingin’ Medallions,Smash,7,26,
1966,23,27,15,SLOOP JOHN B,The Beach Boys,Capitol,10,3,
1966,23,28,16,"HOW DOES THAT GRAB YOU, DARLIN’",Nancy Sinatra,Reprise,7,7,
1966,23,29,42,HOLD ON! I’M A COMIN’,Sam and Dave,Stax,7,29,
1966,23,30,47,DON’T BRING ME DOWN,The Animals,MGM,3,30,
1966,23,31,20,GLORIA,The Shadows Of Knight,Dunwich,12,10,
1966,23,32,21,EIGHT MILES HIGH,The Byrds,Columbia,9,14,
1966,23,33,44,GIRL IN LOVE,The Outsiders,Capitol,4,33,
1966,23,34,25,BACKSTAGE,Gene Pitney,Musicor,7,25,
1966,23,35,65,RED RUBBER BALL,The Cyrkle,Columbia,3,35,
1966,23,36,22,LET’S START ALL OVER AGAIN,Ronnie Dove,Diamond,8,20,
1966,23,37,34,THE BALLAD OF IRVING,Frank Gallop,Kapp,8,34,
1966,23,38,28,THE “A” TEAM,S/Sgt. Barry Sadler (U.S. Army Special Forces),RCA Victor,7,28,
1966,23,39,50,I LOVE YOU 1000 TIMES,The Platters,Musicor,6,39,
1966,23,40,43,I LOVE YOU DROPS,Vic Dana,Dolton,5,40,
1966,23,42,39,TWINKLE TOES,Roy Orbison,MGM,6,39,
1966,23,43,40,DUM-DE-DA,Bobby Vinton,Epic,6,40,
1966,23,41,46,COME RUNNING BACK,Dean Martin,Reprise,5,41,
1966,23,44,67,AIN’T TOO PROUD TO BEG,The Temptations,Gordy,2,44,
1966,23,45,57,DIRTY WATER,The Standells,Tower,7,45,
1966,23,46,60,DEDICATED FOLLOWER OF FASHION,The Kinks,Reprise,3,46,
1966,23,47,52,THE LAST WORD IN LONESOME IS ME,Eddy Arnold,RCA Victor,4,47,
1966,23,48,51,S.Y.S.L.J.F.M. (The Letter Song),Joe Tex,Dial,4,48,
1966,23,49,59,IT’S OVER,Jimmie Rodgers,Dot,4,49,
1966,23,50,66,CRYING,Jay and the Americans,United Artists,2,50,
1966,24,1,3,"PAINT IT, BLACK",The Rolling Stones,London,5,1,1 week at #1
1966,24,2,4,DID YOU EVER HAVE TO MAKE UP YOUR MIND,The Lovin’ Spoonful,Kama Sutra,6,2,
1966,24,3,5,I AM A ROCK,Simon and Garfunkel,Columbia,6,3,
1966,24,4,1,WHEN A MAN LOVES A WOMAN,Percy Sledge,Atlantic,10,1,
1966,24,5,2,A GROOVY KIND OF LOVE,The Mindbenders,Fontana,9,2,
1966,24,6,10,STRANGERS IN THE NIGHT,Frank Sinatra,Reprise,6,6,
1966,24,7,6,"MONDAY, MONDAY",The Mamas and the Papas,Dunhill,10,1,
1966,24,8,8,IT’S A MAN’S MAN’S MAN’S WORLD,James Brown and the Famous Flames,King,7,8,
1966,24,9,9,GREEN GRASS,Gary Lewis and the Playboys,Liberty,5,9,
1966,24,10,12,BAREFOOTIN’,Robert Parker,Nola,8,10,
1966,24,11,13,SWEET TALKIN’ GUY,The Chiffons,Laurie,6,11,
1966,24,12,17,COOL JERK,The Capitols,Karen,7,12,
1966,24,13,18,OH HOW HAPPY,The Shades Of Blue,Impact,6,13,
1966,24,14,19,OPUS 17 (Don’t You Worry ‘Bout Me),The Four Seasons,Philips,4,14,
1966,24,15,7,RAINY DAY WOMEN #12 & 35,Bob Dylan,Columbia,9,2,
1966,24,16,21,THE MORE I SEE YOU,Chris Montez,A&M,9,16,
1966,24,17,23,YOU DON’T HAVE TO SAY YOU LOVE ME,Dusty Springfield,Philips,4,17,
1966,24,18,11,LOVE IS LIKE AN ITCHING IN MY HEART,The Supremes,Motown,7,9,
1966,24,19,35,RED RUBBER BALL,The Cyrkle,Columbia,4,19,
1966,24,20,24,(I’m a) ROAD RUNNER,Jr. Walker and the All Stars,Soul,10,20,
1966,24,21,26,DOUBLE SHOT (Of My Baby’s Love),The Swingin’ Medallions,Smash,8,21,
1966,24,22,30,DON’T BRING ME DOWN,The Animals,MGM,4,22,
1966,24,23,33,GIRL IN LOVE,The Outsiders,Capitol,5,23,
1966,24,24,25,MAMA,B.J. Thomas,Scepter,5,24,
1966,24,25,22,COME ON LET’S GO,The McCoys,Bang,8,22,
1966,24,26,29,HOLD ON! I’M A COMIN’,Sam and Dave,Stax,8,26,
1966,24,27,14,KICKS,Paul Revere and the Raiders Featuring Mark Lindsay,Columbia,13,4,
1966,24,29,15,GOOD LOVIN’,The Young Rascals,Atlantic,14,1,
1966,24,30,20,MESSAGE TO MICHAEL,Dionne Warwick,Scepter,11,8,
1966,24,31,45,DIRTY WATER,The Standells,Tower,8,31,
1966,24,32,16,THE SUN AIN’T GONNA SHINE (Anymore),The Walker Brothers,Smash,9,13,
1966,24,33,27,SLOOP JOHN B,The Beach Boys,Capitol,11,3,
1966,24,34,40,I LOVE YOU DROPS,Vic Dana,Dolton,6,34,
1966,24,35,41,COME RUNNING BACK,Dean Martin,Reprise,6,35,
1966,24,36,44,AIN’T TOO PROUD TO BEG,The Temptations,Gordy,3,36,
1966,24,37,28,"HOW DOES THAT GRAB YOU, DARLIN’",Nancy Sinatra,Reprise,8,7,
1966,24,38,50,CRYING,Jay and the Americans,United Artists,3,38,
1966,24,39,39,I LOVE YOU 1000 TIMES,The Platters,Musicor,7,39,
1966,24,40,34,BACKSTAGE,Gene Pitney,Musicor,8,25,
1966,24,45,37,THE BALLAD OF IRVING,Frank Gallop,Kapp,9,34,
1966,24,41,46,DEDICATED FOLLOWER OF FASHION,The Kinks,Reprise,4,41,
1966,24,42,49,IT’S OVER,Jimmie Rodgers,Dot,5,42,
1966,24,43,51,HEY JOE,The Leaves,Mira,4,43,
1966,24,44,48,S.Y.S.L.J.F.M. (The Letter Song),Joe Tex,Dial,5,44,
1966,24,46,66,POPSICLE,Jan and Dean,Liberty,2,46,
1966,24,47,47,THE LAST WORD IN LONESOME IS ME,Eddy Arnold,RCA Victor,5,47,
1966,24,48,75,HANKY PANKY,Tommy James and the Shondells,Roulette,2,48,
1966,24,49,59,PETER RABBIT,Dee Jay and the Runaways,Smash,6,49,
1966,24,50,54,THERE’S NO LIVING WITHOUT YOUR LOVE,Peter and Gordon,Capitol,6,50,
1966,25,1,1,"PAINT IT, BLACK",The Rolling Stones,London,6,1,2 weeks at #1
1966,25,2,2,DID YOU EVER HAVE TO MAKE UP YOUR MIND,The Lovin’ Spoonful,Kama Sutra,7,2,
1966,25,3,3,I AM A ROCK,Simon and Garfunkel,Columbia,7,3,
1966,25,4,4,WHEN A MAN LOVES A WOMAN,Percy Sledge,Atlantic,11,1,
1966,25,5,6,STRANGERS IN THE NIGHT,Frank Sinatra,Reprise,7,5,
1966,25,6,5,A GROOVY KIND OF LOVE,The Mindbenders,Fontana,10,2,
1966,25,7,10,BAREFOOTIN’,Robert Parker,Nola,9,7,
1966,25,8,9,GREEN GRASS,Gary Lewis and the Playboys,Liberty,6,8,
1966,25,9,12,COOL JERK,The Capitols,Karen,8,9,
1966,25,10,19,RED RUBBER BALL,The Cyrkle,Columbia,5,10,
1966,25,11,11,SWEET TALKIN’ GUY,The Chiffons,Laurie,7,11,
1966,25,12,17,YOU DON’T HAVE TO SAY YOU LOVE ME,Dusty Springfield,Philips,5,12,
1966,25,13,13,OH HOW HAPPY,The Shades Of Blue,Impact,7,13,
1966,25,14,14,OPUS 17 (Don’t You Worry ‘Bout Me),The Four Seasons,Philips,5,14,
1966,25,15,28,PAPERBACK WRITER,The Beatles,Capitol,2,15,
1966,25,16,16,THE MORE I SEE YOU,Chris Montez,A&M,10,16,
1966,25,17,22,DON’T BRING ME DOWN,The Animals,MGM,5,17,
1966,25,18,8,IT’S A MAN’S MAN’S MAN’S WORLD,James Brown and the Famous Flames,King,8,8,
1966,25,19,21,DOUBLE SHOT (Of My Baby’s Love),The Swingin’ Medallions,Smash,9,19,
1966,25,20,20,(I’m a) ROAD RUNNER,Jr. Walker and the All Stars,Soul,11,20,
1966,25,21,26,HOLD ON! I’M A COMIN’,Sam and Dave,Stax,9,21,
1966,25,22,24,MAMA,B.J. Thomas,Scepter,6,22,
1966,25,23,23,GIRL IN LOVE,The Outsiders,Capitol,6,23,
1966,25,24,7,"MONDAY, MONDAY",The Mamas and the Papas,Dunhill,11,1,
1966,25,25,48,HANKY PANKY,Tommy James and the Shondells,Roulette,3,25,
1966,25,26,31,DIRTY WATER,The Standells,Tower,9,26,
1966,25,27,36,AIN’T TOO PROUD TO BEG,The Temptations,Gordy,4,27,
1966,25,28,38,CRYING,Jay and the Americans,United Artists,4,28,
1966,25,29,15,RAINY DAY WOMEN #12 & 35,Bob Dylan,Columbia,10,2,
1966,25,30,34,I LOVE YOU DROPS,Vic Dana,Dolton,7,30,
1966,25,31,18,LOVE IS LIKE AN ITCHING IN MY HEART,The Supremes,Motown,8,9,
1966,25,32,39,I LOVE YOU 1000 TIMES,The Platters,Musicor,8,32,
1966,25,33,46,POPSICLE,Jan and Dean,Liberty,3,33,
1966,25,34,52,HE,The Righteous Brothers,Verve,3,34,
1966,25,35,43,HEY JOE,The Leaves,Mira,5,35,
1966,25,36,41,DEDICATED FOLLOWER OF FASHION,The Kinks,Reprise,5,36,
1966,25,37,42,IT’S OVER,Jimmie Rodgers,Dot,6,37,
1966,25,38,25,COME ON LET’S GO,The McCoys,Bang,9,22,
1966,25,39,44,S.Y.S.L.J.F.M. (The Letter Song),Joe Tex,Dial,6,39,
1966,25,40,47,THE LAST WORD IN LONESOME IS ME,Eddy Arnold,RCA Victor,6,40,
1966,25,48,27,KICKS,Paul Revere and the Raiders Featuring Mark Lindsay,Columbia,14,4,
1966,25,50,30,MESSAGE TO MICHAEL,Dionne Warwick,Scepter,12,8,
1966,25,55,35,COME RUNNING BACK,Dean Martin,Reprise,7,35,
1966,25,41,51,LITTLE GIRL,The Syndicate Of Sound,Bell,3,41,
1966,25,42,72,RAIN,The Beatles,Capitol,2,42,
1966,25,43,53,THE LAND OF MILK AND HONEY,The Vogues,Co & Ce,3,43,
1966,25,44,64,ALONG COMES MARY,The Association,Valiant,3,44,
1966,25,45,55,TAKE THIS HEART OF MINE,Marvin Gaye,Tamla,5,45,
1966,25,46,56,OH YEAH,The Shadows Of Knight,Dunwich,3,46,
1966,25,47,59,LET’S GO GET STONED,Ray Charles (with the Raeletts),ABC,4,47,
1966,25,49,49,PETER RABBIT,Dee Jay and the Runaways,Smash,7,49,
1966,26,1,15,PAPERBACK WRITER,The Beatles,Capitol,3,1,1 week at #1
1966,26,2,5,STRANGERS IN THE NIGHT,Frank Sinatra,Reprise,8,2,
1966,26,3,1,"PAINT IT, BLACK",The Rolling Stones,London,7,1,
1966,26,4,2,DID YOU EVER HAVE TO MAKE UP YOUR MIND,The Lovin’ Spoonful,Kama Sutra,8,2,
1966,26,5,3,I AM A ROCK,Simon and Garfunkel,Columbia,8,3,
1966,26,6,10,RED RUBBER BALL,The Cyrkle,Columbia,6,6,
1966,26,7,7,BAREFOOTIN’,Robert Parker,Nola,10,7,
1966,26,8,9,COOL JERK,The Capitols,Karen,9,8,
1966,26,9,12,YOU DON’T HAVE TO SAY YOU LOVE ME,Dusty Springfield,Philips,6,9,
1966,26,10,11,SWEET TALKIN’ GUY,The Chiffons,Laurie,8,10,
1966,26,11,4,WHEN A MAN LOVES A WOMAN,Percy Sledge,Atlantic,11,1,
1966,26,12,13,OH HOW HAPPY,The Shades Of Blue,Impact,8,12,
1966,26,13,14,OPUS 17 (Don’t You Worry ‘Bout Me),The Four Seasons,Philips,6,13,
1966,26,14,17,DON’T BRING ME DOWN,The Animals,MGM,6,14,
1966,26,15,25,HANKY PANKY,Tommy James and the Shondells,Roulette,4,15,
1966,26,16,6,A GROOVY KIND OF LOVE,The Mindbenders,Fontana,11,2,
1966,26,17,8,GREEN GRASS,Gary Lewis and the Playboys,Liberty,7,8,
1966,26,18,16,THE MORE I SEE YOU,Chris Montez,A&M,11,16,
1966,26,19,19,DOUBLE SHOT (Of My Baby’s Love),The Swingin’ Medallions,Smash,10,19,
1966,26,20,27,AIN’T TOO PROUD TO BEG,The Temptations,Gordy,5,20,
1966,26,21,26,DIRTY WATER,The Standells,Tower,10,21,
1966,26,22,23,GIRL IN LOVE,The Outsiders,Capitol,7,22,
1966,26,23,21,HOLD ON! I’M A COMIN’,Sam and Dave,Stax,10,21,
1966,26,24,41,LITTLE GIRL,The Syndicate Of Sound,Bell,4,24,
1966,26,25,28,CRYING,Jay and the Americans,United Artists,5,25,
1966,26,26,34,HE,The Righteous Brothers,Verve,4,26,
1966,26,27,33,POPSICLE,Jan and Dean,Liberty,4,27,
1966,26,28,22,MAMA,B.J. Thomas,Scepter,7,22,
1966,26,29,42,RAIN,The Beatles,Capitol,3,29,
1966,26,30,20,(I’m a) ROAD RUNNER,Jr. Walker and the All Stars,Soul,12,20,
1966,26,31,32,I LOVE YOU 1000 TIMES,The Platters,Musicor,9,31,
1966,26,32,44,ALONG COMES MARY,The Association,Valiant,4,32,
1966,26,33,18,IT’S A MAN’S MAN’S MAN’S WORLD,James Brown and the Famous Flames,King,9,8,
1966,26,34,35,HEY JOE,The Leaves,Mira,6,34,
1966,26,35,43,THE LAND OF MILK AND HONEY,The Vogues,Co & Ce,4,35,
1966,26,36,51,DAY FOR DECISION,Johnny Sea,Warner Brothers,3,36,
1966,26,37,47,LET’S GO GET STONED,Ray Charles (with the Raeletts),ABC,5,37,
1966,26,38,57,(I Washed My Hands In) MUDDY WATER,Johnny Rivers,Imperial,3,38,
1966,26,39,30,I LOVE YOU DROPS,Vic Dana,Dolton,8,30,
1966,26,40,37,IT’S OVER,Jimmie Rodgers,Dot,7,37,
1966,26,41,24,"MONDAY, MONDAY",The Mamas and the Papas,Dunhill,12,1,
1966,26,44,36,DEDICATED FOLLOWER OF FASHION,The Kinks,Reprise,6,36,
1966,26,47,40,THE LAST WORD IN LONESOME IS ME,Eddy Arnold,RCA Victor,7,40,
1966,26,53,39,S.Y.S.L.J.F.M. (The Letter Song),Joe Tex,Dial,7,39,
1966,26,42,46,OH YEAH,The Shadows Of Knight,Dunwich,4,42,
1966,26,43,61,PLEASE TELL ME WHY,The Dave Clark Five,Epic,3,43,
1966,26,45,45,TAKE THIS HEART OF MINE,Marvin Gaye,Tamla,6,45,
1966,26,46,49,PETER RABBIT,Dee Jay and the Runaways,Smash,8,46,
1966,26,48,56,YOUNGER GIRL,The Critters,Kapp,5,48,
1966,26,49,52,HAVE I STAYED TOO LONG,Sonny and Cher,Atco,4,49,
1966,26,50,60,LOVING YOU IS SWEETER THAN EVER,The Four Tops,Motown,5,50,
1966,27,1,2,STRANGERS IN THE NIGHT,Frank Sinatra,Reprise,9,1,1 week at #1
1966,27,2,1,PAPERBACK WRITER,The Beatles,Capitol,4,1,
1966,27,3,6,RED RUBBER BALL,The Cyrkle,Columbia,7,3,
1966,27,4,3,"PAINT IT, BLACK",The Rolling Stones,London,8,1,
1966,27,5,9,YOU DON’T HAVE TO SAY YOU LOVE ME,Dusty Springfield,Philips,7,5,
1966,27,6,15,HANKY PANKY,Tommy James and the Shondells,Roulette,5,6,
1966,27,7,8,COOL JERK,The Capitols,Karen,10,7,
1966,27,8,5,I AM A ROCK,Simon and Garfunkel,Columbia,9,3,
1966,27,9,4,DID YOU EVER HAVE TO MAKE UP YOUR MIND,The Lovin’ Spoonful,Kama Sutra,9,2,
1966,27,10,7,BAREFOOTIN’,Robert Parker,Nola,11,7,
1966,27,11,24,LITTLE GIRL,The Syndicate Of Sound,Bell,5,11,
1966,27,12,14,DON’T BRING ME DOWN,The Animals,MGM,7,12,
1966,27,13,10,SWEET TALKIN’ GUY,The Chiffons,Laurie,9,10,
1966,27,14,12,OH HOW HAPPY,The Shades Of Blue,Impact,9,12,
1966,27,15,20,AIN’T TOO PROUD TO BEG,The Temptations,Gordy,6,15,
1966,27,16,21,DIRTY WATER,The Standells,Tower,11,16,
1966,27,17,19,DOUBLE SHOT (Of My Baby’s Love),The Swingin’ Medallions,Smash,11,17,
1966,27,18,13,OPUS 17 (Don’t You Worry ‘Bout Me),The Four Seasons,Philips,7,13,
1966,27,19,32,ALONG COMES MARY,The Association,Valiant,5,19,
1966,27,20,26,HE,The Righteous Brothers,Verve,5,20,
1966,27,21,22,GIRL IN LOVE,The Outsiders,Capitol,8,21,
1966,27,22,23,HOLD ON! I’M A COMIN’,Sam and Dave,Stax,11,21,
1966,27,23,16,A GROOVY KIND OF LOVE,The Mindbenders,Fontana,12,2,
1966,27,24,29,RAIN,The Beatles,Capitol,4,24,
1966,27,25,18,THE MORE I SEE YOU,Chris Montez,A&M,12,16,
1966,27,26,27,POPSICLE,Jan and Dean,Liberty,5,26,
1966,27,27,25,CRYING,Jay and the Americans,United Artists,6,25,
1966,27,28,17,GREEN GRASS,Gary Lewis and the Playboys,Liberty,8,8,
1966,27,29,11,WHEN A MAN LOVES A WOMAN,Percy Sledge,Atlantic,12,1,
1966,27,30,38,(I Washed My Hands In) MUDDY WATER,Johnny Rivers,Imperial,4,30,
1966,27,31,55,LIL’ RED RIDING HOOD,Sam the Sham and the Pharaohs,MGM,4,31,
1966,27,32,34,HEY JOE,The Leaves,Mira,7,32,
1966,27,33,43,PLEASE TELL ME WHY,The Dave Clark Five,Epic,4,33,
1966,27,34,35,THE LAND OF MILK AND HONEY,The Vogues,Co & Ce,5,34,
1966,27,35,36,DAY FOR DECISION,Johnny Sea,Warner Brothers,4,35,
1966,27,36,37,LET’S GO GET STONED,Ray Charles (with the Raeletts),ABC,6,36,
1966,27,37,58,SWEET PEA,Tommy Roe,ABC,4,37,
1966,27,38,28,MAMA,B.J. Thomas,Scepter,8,22,
1966,27,39,42,OH YEAH,The Shadows Of Knight,Dunwich,5,39,
1966,27,40,31,I LOVE YOU 1000 TIMES,The Platters,Musicor,10,31,
1966,27,41,51,YOU BETTER RUN,The Young Rascals,Atlantic,3,41,
1966,27,42,56,THE PIED PIPER,Crispian St. Peters,Jamie,4,42,
1966,27,43,48,YOUNGER GIRL,The Critters,Kapp,6,43,
1966,27,44,45,TAKE THIS HEART OF MINE,Marvin Gaye,Tamla,7,44,
1966,27,45,50,LOVING YOU IS SWEETER THAN EVER,The Four Tops,Motown,6,45,
1966,27,46,46,PETER RABBIT,Dee Jay and the Runaways,Smash,9,46,
1966,27,47,75,WILD THING,The Troggs,Atco/Fontana,2,47,
1966,27,48,59,"SOMEWHERE, MY LOVE",Ray Conniff and the Singers,Columbia,3,48,
1966,27,49,49,HAVE I STAYED TOO LONG,Sonny and Cher,Atco,5,49,
1966,27,50,67,HUNGRY,Paul Revere and the Raiders Featuring Mark Lindsay,Columbia,3,50,
1966,28,1,2,PAPERBACK WRITER,The Beatles,Capitol,5,1,2 weeks at #1
1966,28,2,3,RED RUBBER BALL,The Cyrkle,Columbia,8,2,
1966,28,3,1,STRANGERS IN THE NIGHT,Frank Sinatra,Reprise,10,1,
1966,28,4,6,HANKY PANKY,Tommy James and the Shondells,Roulette,6,4,
1966,28,5,5,YOU DON’T HAVE TO SAY YOU LOVE ME,Dusty Springfield,Philips,8,5,
1966,28,6,47,WILD THING,The Troggs,Atco/Fontana,3,6,
1966,28,7,7,COOL JERK,The Capitols,Karen,11,7,
1966,28,8,11,LITTLE GIRL,The Syndicate Of Sound,Bell,6,8,
1966,28,9,4,"PAINT IT, BLACK",The Rolling Stones,London,9,1,
1966,28,10,19,ALONG COMES MARY,The Association,Valiant,6,10,
1966,28,11,16,DIRTY WATER,The Standells,Tower,12,11,
1966,28,12,31,LIL’ RED RIDING HOOD,Sam the Sham and the Pharaohs,MGM,5,12,
1966,28,13,12,DON’T BRING ME DOWN,The Animals,MGM,8,12,
1966,28,14,15,AIN’T TOO PROUD TO BEG,The Temptations,Gordy,7,14,
1966,28,15,50,HUNGRY,Paul Revere and the Raiders Featuring Mark Lindsay,Columbia,4,15,
1966,28,16,14,OH HOW HAPPY,The Shades Of Blue,Impact,10,12,
1966,28,17,8,I AM A ROCK,Simon and Garfunkel,Columbia,10,3,
1966,28,18,20,HE,The Righteous Brothers,Verve,6,18,
1966,28,19,53,I SAW HER AGAIN,The Mamas and the Papas,Dunhill,2,19,
1966,28,20,10,BAREFOOTIN’,Robert Parker,Nola,12,7,
1966,28,21,26,POPSICLE,Jan and Dean,Liberty,6,21,
1966,28,22,42,THE PIED PIPER,Crispian St. Peters,Jamie,5,22,
1966,28,23,24,RAIN,The Beatles,Capitol,5,23,
1966,28,24,37,SWEET PEA,Tommy Roe,ABC,5,24,
1966,28,25,30,(I Washed My Hands In) MUDDY WATER,Johnny Rivers,Imperial,5,25,
1966,28,26,22,HOLD ON! I’M A COMIN’,Sam and Dave,Stax,12,21,
1966,28,27,9,DID YOU EVER HAVE TO MAKE UP YOUR MIND,The Lovin’ Spoonful,Kama Sutra,10,2,
1966,28,28,33,PLEASE TELL ME WHY,The Dave Clark Five,Epic,5,28,
1966,28,29,34,THE LAND OF MILK AND HONEY,The Vogues,Co & Ce,6,29,
1966,28,30,41,YOU BETTER RUN,The Young Rascals,Atlantic,4,30,
1966,28,31,32,HEY JOE,The Leaves,Mira,8,31,
1966,28,32,36,LET’S GO GET STONED,Ray Charles (with the Raeletts),ABC,7,32,
1966,28,33,13,SWEET TALKIN’ GUY,The Chiffons,Laurie,10,10,
1966,28,34,25,THE MORE I SEE YOU,Chris Montez,A&M,13,16,
1966,28,35,48,"SOMEWHERE, MY LOVE",Ray Conniff and the Singers,Columbia,4,35,
1966,28,36,17,DOUBLE SHOT (Of My Baby’s Love),The Swingin’ Medallions,Smash,12,17,
1966,28,37,18,OPUS 17 (Don’t You Worry ‘Bout Me),The Four Seasons,Philips,8,13,
1966,28,38,51,HAPPY SUMMER DAYS,Ronnie Dove,Diamond,4,38,
1966,28,39,59,THE WORK SONG,Herb Alpert and the Tijuana Brass,A&M,2,39,
1966,28,40,57,LOVE LETTERS,Elvis Presley,RCA Victor,2,40,
1966,28,41,39,OH YEAH,The Shadows Of Knight,Dunwich,6,39,
1966,28,43,35,DAY FOR DECISION,Johnny Sea,Warner Brothers,5,35,
1966,28,44,23,A GROOVY KIND OF LOVE,The Mindbenders,Fontana,13,2,
1966,28,46,21,GIRL IN LOVE,The Outsiders,Capitol,9,21,
1966,28,68,40,I LOVE YOU 1000 TIMES,The Platters,Musicor,11,31,
1966,28,42,43,YOUNGER GIRL,The Critters,Kapp,7,42,
1966,28,45,46,PETER RABBIT,Dee Jay and the Runaways,Smash,10,45,
1966,28,47,60,WHERE WERE YOU WHEN I NEEDED YOU,The Grass Roots,Dunhill,4,47,
1966,28,48,58,THE IMPOSSIBLE DREAM (The Quest),Jack Jones,Kapp,6,48,
1966,28,49,45,LOVING YOU IS SWEETER THAN EVER,The Four Tops,Motown,7,45,
1966,28,50,62,BILLY AND SUE,B.J. Thomas and the Triumphs,Hickory,4,50,
1966,29,1,4,HANKY PANKY,Tommy James and the Shondells,Roulette,7,1,1 week at #1
1966,29,2,6,WILD THING,The Troggs,Atco/Fontana,4,2,
1966,29,3,2,RED RUBBER BALL,The Cyrkle,Columbia,9,2,
1966,29,4,5,YOU DON’T HAVE TO SAY YOU LOVE ME,Dusty Springfield,Philips,9,4,
1966,29,5,1,PAPERBACK WRITER,The Beatles,Capitol,6,1,
1966,29,6,3,STRANGERS IN THE NIGHT,Frank Sinatra,Reprise,11,1,
1966,29,7,10,ALONG COMES MARY,The Association,Valiant,7,7,
1966,29,8,8,LITTLE GIRL,The Syndicate Of Sound,Bell,7,8,
1966,29,9,12,LIL’ RED RIDING HOOD,Sam the Sham and the Pharaohs,MGM,6,9,
1966,29,10,15,HUNGRY,Paul Revere and the Raiders Featuring Mark Lindsay,Columbia,5,10,
1966,29,11,11,DIRTY WATER,The Standells,Tower,13,11,
1966,29,12,22,THE PIED PIPER,Crispian St. Peters,Jamie,6,12,
1966,29,13,14,AIN’T TOO PROUD TO BEG,The Temptations,Gordy,8,13,
1966,29,14,19,I SAW HER AGAIN,The Mamas and the Papas,Dunhill,3,14,
1966,29,15,24,SWEET PEA,Tommy Roe,ABC,6,15,
1966,29,16,7,COOL JERK,The Capitols,Karen,12,7,
1966,29,17,9,"PAINT IT, BLACK",The Rolling Stones,London,10,1,
1966,29,18,13,DON’T BRING ME DOWN,The Animals,MGM,9,12,
1966,29,19,25,(I Washed My Hands In) MUDDY WATER,Johnny Rivers,Imperial,6,19,
1966,29,20,30,YOU BETTER RUN,The Young Rascals,Atlantic,5,20,
1966,29,21,35,"SOMEWHERE, MY LOVE",Ray Conniff and the Singers,Columbia,5,21,
1966,29,22,16,OH HOW HAPPY,The Shades Of Blue,Impact,11,12,
1966,29,23,23,RAIN,The Beatles,Capitol,6,23,
1966,29,24,21,POPSICLE,Jan and Dean,Liberty,7,21,
1966,29,25,39,THE WORK SONG,Herb Alpert and the Tijuana Brass,A&M,3,25,
1966,29,26,40,LOVE LETTERS,Elvis Presley,RCA Victor,3,26,
1966,29,27,18,HE,The Righteous Brothers,Verve,7,18,
1966,29,28,28,PLEASE TELL ME WHY,The Dave Clark Five,Epic,6,28,
1966,29,29,29,THE LAND OF MILK AND HONEY,The Vogues,Co & Ce,7,29,
1966,29,30,38,HAPPY SUMMER DAYS,Ronnie Dove,Diamond,5,30,
1966,29,31,32,LET’S GO GET STONED,Ray Charles (with the Raeletts),ABC,8,31,
1966,29,32,47,WHERE WERE YOU WHEN I NEEDED YOU,The Grass Roots,Dunhill,5,32,
1966,29,33,17,I AM A ROCK,Simon and Garfunkel,Columbia,11,3,
1966,29,34,51,I WANT YOU,Bob Dylan,Columbia,3,34,
1966,29,35,56,TRAINS AND BOATS AND PLANES,Dionne Warwick,Scepter,3,35,
1966,29,36,20,BAREFOOTIN’,Robert Parker,Nola,13,7,
1966,29,37,26,HOLD ON! I’M A COMIN’,Sam and Dave,Stax,13,21,
1966,29,38,70,MOTHER’S LITTLE HELPER,The Rolling Stones,London,2,38,
1966,29,39,54,OVER UNDER SIDEWAYS DOWN,The Yardbirds,Epic,4,39,
1966,29,40,48,THE IMPOSSIBLE DREAM (The Quest),Jack Jones,Kapp,7,40,
1966,29,41,27,DID YOU EVER HAVE TO MAKE UP YOUR MIND,The Lovin’ Spoonful,Kama Sutra,11,2,
1966,29,44,36,DOUBLE SHOT (Of My Baby’s Love),The Swingin’ Medallions,Smash,13,17,
1966,29,46,34,THE MORE I SEE YOU,Chris Montez,A&M,14,16,
1966,29,54,31,HEY JOE,The Leaves,Mira,9,31,
1966,29,42,42,YOUNGER GIRL,The Critters,Kapp,8,42,
1966,29,43,50,BILLY AND SUE,B.J. Thomas and the Triumphs,Hickory,5,43,
1966,29,45,60,PRETTY FLAMINGO,Manfred Mann,United Artists,3,45,
1966,29,47,57,YOU CAN’T ROLLER SKATE IN A BUFFALO HERD,Roger Miller,Smash,4,47,
1966,29,48,61,SWEET DREAMS,Tommy McLain,MSL,4,48,
1966,29,49,59,WHOLE LOT OF SHAKIN’ IN MY HEART (Since I Met You),The Miracles,Tamla,5,49,
1966,29,50,64,SUNNY,Bobby Hebb,Philips,4,50,
1966,30,1,1,HANKY PANKY,Tommy James and the Shondells,Roulette,8,1,2 weeks at #1
1966,30,2,2,WILD THING,The Troggs,Atco/Fontana,5,2,
1966,30,3,9,LIL’ RED RIDING HOOD,Sam the Sham and the Pharaohs,MGM,7,3,
1966,30,4,12,THE PIED PIPER,Crispian St. Peters,Jamie,7,4,
1966,30,5,4,YOU DON’T HAVE TO SAY YOU LOVE ME,Dusty Springfield,Philips,10,4,
1966,30,6,5,PAPERBACK WRITER,The Beatles,Capitol,7,1,
1966,30,7,10,HUNGRY,Paul Revere and the Raiders Featuring Mark Lindsay,Columbia,6,7,
1966,30,8,3,RED RUBBER BALL,The Cyrkle,Columbia,10,2,
1966,30,9,14,I SAW HER AGAIN,The Mamas and the Papas,Dunhill,4,9,
1966,30,10,15,SWEET PEA,Tommy Roe,ABC,7,10,
1966,30,11,7,ALONG COMES MARY,The Association,Valiant,8,7,
1966,30,12,6,STRANGERS IN THE NIGHT,Frank Sinatra,Reprise,12,1,
1966,30,13,8,LITTLE GIRL,The Syndicate Of Sound,Bell,8,8,
1966,30,14,21,"SOMEWHERE, MY LOVE",Ray Conniff and the Singers,Columbia,6,14,
1966,30,15,13,AIN’T TOO PROUD TO BEG,The Temptations,Gordy,9,13,
1966,30,16,11,DIRTY WATER,The Standells,Tower,14,11,
1966,30,17,38,MOTHER’S LITTLE HELPER,The Rolling Stones,London,3,17,
1966,30,18,25,THE WORK SONG,Herb Alpert and the Tijuana Brass,A&M,4,18,
1966,30,19,26,LOVE LETTERS,Elvis Presley,RCA Victor,4,19,
1966,30,20,20,YOU BETTER RUN,The Young Rascals,Atlantic,6,20,
1966,30,21,53,SUMMER IN THE CITY,The Lovin’ Spoonful,Kama Sutra,2,21,
1966,30,22,19,(I Washed My Hands In) MUDDY WATER,Johnny Rivers,Imperial,7,19,
1966,30,23,39,OVER UNDER SIDEWAYS DOWN,The Yardbirds,Epic,5,23,
1966,30,24,34,I WANT YOU,Bob Dylan,Columbia,4,24,
1966,30,25,50,SUNNY,Bobby Hebb,Philips,5,25,
1966,30,26,48,SWEET DREAMS,Tommy McLain,MSL,5,26,
1966,30,27,30,HAPPY SUMMER DAYS,Ronnie Dove,Diamond,6,27,
1966,30,28,24,POPSICLE,Jan and Dean,Liberty,8,21,
1966,30,29,32,WHERE WERE YOU WHEN I NEEDED YOU,The Grass Roots,Dunhill,6,29,
1966,30,30,35,TRAINS AND BOATS AND PLANES,Dionne Warwick,Scepter,4,30,
1966,30,31,28,PLEASE TELL ME WHY,The Dave Clark Five,Epic,7,28,
1966,30,32,56,THIS DOOR SWINGS BOTH WAYS,Herman’s Hermits,MGM,3,32,
1966,30,33,18,DON’T BRING ME DOWN,The Animals,MGM,10,12,
1966,30,34,23,RAIN,The Beatles,Capitol,7,23,
1966,30,35,40,THE IMPOSSIBLE DREAM (The Quest),Jack Jones,Kapp,8,35,
1966,30,36,16,COOL JERK,The Capitols,Karen,13,7,
1966,30,37,43,BILLY AND SUE,B.J. Thomas and the Triumphs,Hickory,6,37,
1966,30,38,45,PRETTY FLAMINGO,Manfred Mann,United Artists,4,38,
1966,30,39,17,"PAINT IT, BLACK",The Rolling Stones,London,11,1,
1966,30,40,47,YOU CAN’T ROLLER SKATE IN A BUFFALO HERD,Roger Miller,Smash,5,40,
1966,30,43,29,THE LAND OF MILK AND HONEY,The Vogues,Co & Ce,8,29,
1966,30,44,31,LET’S GO GET STONED,Ray Charles (with the Raeletts),ABC,9,31,
1966,30,45,22,OH HOW HAPPY,The Shades Of Blue,Impact,12,12,
1966,30,49,36,BAREFOOTIN’,Robert Parker,Nola,14,7,
1966,30,51,27,HE,The Righteous Brothers,Verve,8,18,
1966,30,41,67,SEE YOU IN SEPTEMBER,The Happenings,B.T. Puppy,3,41,
1966,30,42,52,YOU WOULDN’T LISTEN,The Ides Of March,Parrot,5,42,
1966,30,46,73,I COULDN’T LIVE WITHOUT YOUR LOVE,Petula Clark,Warner Brothers,2,46,
1966,30,47,49,WHOLE LOT OF SHAKIN’ IN MY HEART (Since I Met You),The Miracles,Tamla,6,47,
1966,30,48,55,FRIDAY’S CHILD,Nancy Sinatra,Reprise,3,48,
1966,31,1,2,WILD THING,The Troggs,Atco/Fontana,6,1,1 week at #1
1966,31,2,1,HANKY PANKY,Tommy James and the Shondells,Roulette,9,1,
1966,31,3,3,LIL’ RED RIDING HOOD,Sam the Sham and the Pharaohs,MGM,8,3,
1966,31,4,4,THE PIED PIPER,Crispian St. Peters,Jamie,8,4,
1966,31,5,9,I SAW HER AGAIN,The Mamas and the Papas,Dunhill,5,5,
1966,31,6,7,HUNGRY,Paul Revere and the Raiders Featuring Mark Lindsay,Columbia,7,6,
1966,31,7,21,SUMMER IN THE CITY,The Lovin’ Spoonful,Kama Sutra,3,7,
1966,31,8,10,SWEET PEA,Tommy Roe,ABC,8,8,
1966,31,9,17,MOTHER’S LITTLE HELPER,The Rolling Stones,London,4,9,
1966,31,10,14,"SOMEWHERE, MY LOVE",Ray Conniff and the Singers,Columbia,7,10,
1966,31,11,50,"THEY’RE COMING TO TAKE ME AWAY, HA-HAAA!",Napoleon XIV,Warner Brothers,2,11,
1966,31,12,6,PAPERBACK WRITER,The Beatles,Capitol,8,1,
1966,31,13,8,RED RUBBER BALL,The Cyrkle,Columbia,11,2,
1966,31,14,25,SUNNY,Bobby Hebb,Philips,6,14,
1966,31,15,5,YOU DON’T HAVE TO SAY YOU LOVE ME,Dusty Springfield,Philips,11,4,
1966,31,16,32,THIS DOOR SWINGS BOTH WAYS,Herman’s Hermits,MGM,4,16,
1966,31,17,23,OVER UNDER SIDEWAYS DOWN,The Yardbirds,Epic,6,17,
1966,31,18,18,THE WORK SONG,Herb Alpert and the Tijuana Brass,A&M,5,18,
1966,31,19,19,LOVE LETTERS,Elvis Presley,RCA Victor,5,19,
1966,31,20,24,I WANT YOU,Bob Dylan,Columbia,5,20,
1966,31,21,13,LITTLE GIRL,The Syndicate Of Sound,Bell,9,8,
1966,31,22,12,STRANGERS IN THE NIGHT,Frank Sinatra,Reprise,13,1,
1966,31,23,26,SWEET DREAMS,Tommy McLain,MSL,6,23,
1966,31,24,15,AIN’T TOO PROUD TO BEG,The Temptations,Gordy,10,13,
1966,31,25,30,TRAINS AND BOATS AND PLANES,Dionne Warwick,Scepter,5,25,
1966,31,26,46,I COULDN’T LIVE WITHOUT YOUR LOVE,Petula Clark,Warner Brothers,3,26,
1966,31,27,27,HAPPY SUMMER DAYS,Ronnie Dove,Diamond,7,27,
1966,31,28,29,WHERE WERE YOU WHEN I NEEDED YOU,The Grass Roots,Dunhill,7,28,
1966,31,29,11,ALONG COMES MARY,The Association,Valiant,9,7,
1966,31,30,41,SEE YOU IN SEPTEMBER,The Happenings,B.T. Puppy,4,30,
1966,31,31,16,DIRTY WATER,The Standells,Tower,15,11,
1966,31,32,38,PRETTY FLAMINGO,Manfred Mann,United Artists,5,32,
1966,31,33,52,SEARCHING FOR MY LOVE,Bobby Moore and the Rhythm Aces,Checker,6,33,
1966,31,34,37,BILLY AND SUE,B.J. Thomas and the Triumphs,Hickory,7,34,
1966,31,35,35,THE IMPOSSIBLE DREAM (The Quest),Jack Jones,Kapp,9,35,
1966,31,36,48,FRIDAY’S CHILD,Nancy Sinatra,Reprise,4,36,
1966,31,37,20,YOU BETTER RUN,The Young Rascals,Atlantic,7,20,
1966,31,38,36,COOL JERK,The Capitols,Karen,14,7,
1966,31,39,22,(I Washed My Hands In) MUDDY WATER,Johnny Rivers,Imperial,8,19,
1966,31,40,68,BLOWIN’ IN THE WIND,Stevie Wonder,Tamla,2,40,
1966,31,41,28,POPSICLE,Jan and Dean,Liberty,9,21,
1966,31,43,40,YOU CAN’T ROLLER SKATE IN A BUFFALO HERD,Roger Miller,Smash,6,40,
1966,31,42,42,YOU WOULDN’T LISTEN,The Ides Of March,Parrot,6,42,
1966,31,44,54,5 D (Fifth Dimension),The Byrds,Columbia,3,44,
1966,31,45,55,DISTANT SHORES,Chad and Jeremy,Columbia,4,45,
1966,31,46,47,WHOLE LOT OF SHAKIN’ IN MY HEART (Since I Met You),The Miracles,Tamla,7,46,
1966,31,47,62,THE JOKER WENT WILD,Brian Hyland,Philips,3,47,
1966,31,48,78,WARM AND TENDER LOVE,Percy Sledge,Atlantic,2,48,
1966,31,49,56,CAN I TRUST YOU,The Bachelors,London,5,49,
1966,31,50,64,MISTY,Richard “Groove” Holmes,Prestige,6,50,
1966,32,1,1,WILD THING,The Troggs,Atco/Fontana,7,1,2 weeks at #1
1966,32,2,3,LIL’ RED RIDING HOOD,Sam the Sham and the Pharaohs,MGM,9,2,
1966,32,3,7,SUMMER IN THE CITY,The Lovin’ Spoonful,Kama Sutra,4,3,
1966,32,4,4,THE PIED PIPER,Crispian St. Peters,Jamie,9,4,
1966,32,5,11,"THEY’RE COMING TO TAKE ME AWAY, HA-HAAA!",Napoleon XIV,Warner Brothers,3,5,
1966,32,6,5,I SAW HER AGAIN,The Mamas and the Papas,Dunhill,6,5,
1966,32,7,2,HANKY PANKY,Tommy James and the Shondells,Roulette,10,1,
1966,32,8,8,SWEET PEA,Tommy Roe,ABC,9,8,
1966,32,9,9,MOTHER’S LITTLE HELPER,The Rolling Stones,London,5,9,
1966,32,10,10,"SOMEWHERE, MY LOVE",Ray Conniff and the Singers,Columbia,8,10,
1966,32,11,14,SUNNY,Bobby Hebb,Philips,7,11,
1966,32,12,6,HUNGRY,Paul Revere and the Raiders Featuring Mark Lindsay,Columbia,8,6,
1966,32,13,16,THIS DOOR SWINGS BOTH WAYS,Herman’s Hermits,MGM,5,13,
1966,32,14,17,OVER UNDER SIDEWAYS DOWN,The Yardbirds,Epic,7,14,
1966,32,15,30,SEE YOU IN SEPTEMBER,The Happenings,B.T. Puppy,5,15,
1966,32,16,26,I COULDN’T LIVE WITHOUT YOUR LOVE,Petula Clark,Warner Brothers,4,16,
1966,32,17,23,SWEET DREAMS,Tommy McLain,MSL,7,17,
1966,32,18,12,PAPERBACK WRITER,The Beatles,Capitol,9,1,
1966,32,19,18,THE WORK SONG,Herb Alpert and the Tijuana Brass,A&M,6,18,
1966,32,20,20,I WANT YOU,Bob Dylan,Columbia,6,20,
1966,32,21,19,LOVE LETTERS,Elvis Presley,RCA Victor,6,19,
1966,32,22,25,TRAINS AND BOATS AND PLANES,Dionne Warwick,Scepter,6,22,
1966,32,23,13,RED RUBBER BALL,The Cyrkle,Columbia,12,2,
1966,32,24,40,BLOWIN’ IN THE WIND,Stevie Wonder,Tamla,3,24,
1966,32,25,24,AIN’T TOO PROUD TO BEG,The Temptations,Gordy,11,13,
1966,32,26,15,YOU DON’T HAVE TO SAY YOU LOVE ME,Dusty Springfield,Philips,12,4,
1966,32,27,22,STRANGERS IN THE NIGHT,Frank Sinatra,Reprise,14,1,
1966,32,28,33,SEARCHING FOR MY LOVE,Bobby Moore and the Rhythm Aces,Checker,7,28,
1966,32,29,32,PRETTY FLAMINGO,Manfred Mann,United Artists,6,29,
1966,32,30,28,WHERE WERE YOU WHEN I NEEDED YOU,The Grass Roots,Dunhill,8,28,
1966,32,31,31,DIRTY WATER,The Standells,Tower,16,11,
1966,32,32,29,ALONG COMES MARY,The Association,Valiant,10,7,
1966,32,33,57,SUMMERTIME,Billy Stewart,Chess,4,33,
1966,32,34,34,BILLY AND SUE,B.J. Thomas and the Triumphs,Hickory,8,34,
1966,32,35,48,WARM AND TENDER LOVE,Percy Sledge,Atlantic,3,35,
1966,32,36,36,FRIDAY’S CHILD,Nancy Sinatra,Reprise,5,36,
1966,32,37,47,THE JOKER WENT WILD,Brian Hyland,Philips,4,37,
1966,32,38,63,BORN A WOMAN,Sandy Posey,MGM,3,38,
1966,32,39,51,LADY JANE,The Rolling Stones,London,3,39,
1966,32,40,35,THE IMPOSSIBLE DREAM (The Quest),Jack Jones,Kapp,10,35,
1966,32,49,21,LITTLE GIRL,The Syndicate Of Sound,Bell,10,8,
1966,32,54,27,HAPPY SUMMER DAYS,Ronnie Dove,Diamond,8,27,
1966,32,41,45,DISTANT SHORES,Chad and Jeremy,Columbia,5,41,
1966,32,42,53,TAR AND CEMENT,Verdelle Smith,Capitol,5,42,
1966,32,43,76,LAND OF 1000 DANCES,Wilson Pickett,Atlantic,2,43,
1966,32,44,44,5 D (Fifth Dimension),The Byrds,Columbia,4,44,
1966,32,45,64,WORKING IN THE COAL MINE,Lee Dorsey,Amy,3,45,
1966,32,46,56,MAKE ME BELONG TO YOU,Barbara Lewis,Atlantic,3,46,
1966,32,47,50,MISTY,Richard “Groove” Holmes,Prestige,7,47,
1966,32,48,59,THE TIP OF MY FINGERS,Eddy Arnold,RCA Victor,3,48,
1966,32,50,55,YOU YOU YOU,Mel Carter,Imperial,4,50,
1966,33,1,3,SUMMER IN THE CITY,The Lovin’ Spoonful,Kama Sutra,5,1,1 week at #1
1966,33,2,2,LIL’ RED RIDING HOOD,Sam the Sham and the Pharaohs,MGM,10,2,
1966,33,3,5,"THEY’RE COMING TO TAKE ME AWAY, HA-HAAA!",Napoleon XIV,Warner Brothers,4,3,
1966,33,4,1,WILD THING,The Troggs,Atco/Fontana,8,1,
1966,33,5,4,THE PIED PIPER,Crispian St. Peters,Jamie,10,4,
1966,33,6,6,I SAW HER AGAIN,The Mamas and the Papas,Dunhill,7,5,
1966,33,7,11,SUNNY,Bobby Hebb,Philips,8,7,
1966,33,8,9,MOTHER’S LITTLE HELPER,The Rolling Stones,London,6,8,
1966,33,9,10,"SOMEWHERE, MY LOVE",Ray Conniff and the Singers,Columbia,9,9,
1966,33,10,8,SWEET PEA,Tommy Roe,ABC,10,8,
1966,33,11,16,I COULDN’T LIVE WITHOUT YOUR LOVE,Petula Clark,Warner Brothers,5,11,
1966,33,12,13,THIS DOOR SWINGS BOTH WAYS,Herman’s Hermits,MGM,6,12,
1966,33,13,14,OVER UNDER SIDEWAYS DOWN,The Yardbirds,Epic,8,13,
1966,33,14,15,SEE YOU IN SEPTEMBER,The Happenings,B.T. Puppy,6,14,
1966,33,15,7,HANKY PANKY,Tommy James and the Shondells,Roulette,11,1,
1966,33,16,17,SWEET DREAMS,Tommy McLain,MSL,8,16,
1966,33,17,12,HUNGRY,Paul Revere and the Raiders Featuring Mark Lindsay,Columbia,9,6,
1966,33,18,24,BLOWIN’ IN THE WIND,Stevie Wonder,Tamla,4,18,
1966,33,19,57,MY HEART’S SYMPHONY,Gary Lewis and the Playboys,Liberty,3,19,
1966,33,20,61,SUNSHINE SUPERMAN,Donovan,Epic,3,20,
1966,33,21,33,SUMMERTIME,Billy Stewart,Chess,5,21,
1966,33,22,45,WORKING IN THE COAL MINE,Lee Dorsey,Amy,4,22,
1966,33,23,35,WARM AND TENDER LOVE,Percy Sledge,Atlantic,4,23,
1966,33,24,39,LADY JANE,The Rolling Stones,London,4,24,
1966,33,25,43,LAND OF 1000 DANCES,Wilson Pickett,Atlantic,3,25,
1966,33,26,37,THE JOKER WENT WILD,Brian Hyland,Philips,5,26,
1966,33,27,28,SEARCHING FOR MY LOVE,Bobby Moore and the Rhythm Aces,Checker,8,27,
1966,33,28,38,BORN A WOMAN,Sandy Posey,MGM,4,28,
1966,33,29,29,PRETTY FLAMINGO,Manfred Mann,United Artists,7,29,
1966,33,30,19,THE WORK SONG,Herb Alpert and the Tijuana Brass,A&M,7,18,
1966,33,31,41,DISTANT SHORES,Chad and Jeremy,Columbia,6,31,
1966,33,32,22,TRAINS AND BOATS AND PLANES,Dionne Warwick,Scepter,7,22,
1966,33,33,51,GUANTANAMERA,The Sandpipers,A&M,3,33,
1966,33,34,25,AIN’T TOO PROUD TO BEG,The Temptations,Gordy,12,13,
1966,33,35,46,MAKE ME BELONG TO YOU,Barbara Lewis,Atlantic,4,35,
1966,33,36,23,RED RUBBER BALL,The Cyrkle,Columbia,13,2,
1966,33,37,18,PAPERBACK WRITER,The Beatles,Capitol,10,1,
1966,33,38,32,ALONG COMES MARY,The Association,Valiant,11,7,
1966,33,39,42,TAR AND CEMENT,Verdelle Smith,Capitol,6,39,
1966,33,40,34,BILLY AND SUE,B.J. Thomas and the Triumphs,Hickory,9,34,
1966,33,42,26,YOU DON’T HAVE TO SAY YOU LOVE ME,Dusty Springfield,Philips,13,4,
1966,33,44,27,STRANGERS IN THE NIGHT,Frank Sinatra,Reprise,15,1,
1966,33,52,20,I WANT YOU,Bob Dylan,Columbia,7,20,
1966,33,55,21,LOVE LETTERS,Elvis Presley,RCA Victor,7,19,
1966,33,56,30,WHERE WERE YOU WHEN I NEEDED YOU,The Grass Roots,Dunhill,9,28,
1966,33,41,52,ALFIE,Cher,Imperial,3,41,
1966,33,43,55,WADE IN THE WATER,Ramsey Lewis,Cadet,6,43,
1966,33,45,56,A MILLION AND ONE,Dean Martin,Reprise,4,45,
1966,33,46,47,MISTY,Richard “Groove” Holmes,Prestige,8,46,
1966,33,47,58,BUS STOP,The Hollies,Imperial,4,47,
1966,33,48,48,THE TIP OF MY FINGERS,Eddy Arnold,RCA Victor,4,48,
1966,33,49,53,ALMOST PERSUADED,David Houston,Epic,5,49,
1966,33,50,50,YOU YOU YOU,Mel Carter,Imperial,5,50,
1966,34,1,1,SUMMER IN THE CITY,The Lovin’ Spoonful,Kama Sutra,6,1,2 weeks at #1
1966,34,2,7,SUNNY,Bobby Hebb,Philips,9,2,
1966,34,3,2,LIL’ RED RIDING HOOD,Sam the Sham and the Pharaohs,MGM,11,2,
1966,34,4,4,WILD THING,The Troggs,Atco/Fontana,9,1,
1966,34,5,3,"THEY’RE COMING TO TAKE ME AWAY, HA-HAAA!",Napoleon XIV,Warner Brothers,5,3,
1966,34,6,14,SEE YOU IN SEPTEMBER,The Happenings,B.T. Puppy,7,6,
1966,34,7,5,THE PIED PIPER,Crispian St. Peters,Jamie,11,4,
1966,34,8,8,MOTHER’S LITTLE HELPER,The Rolling Stones,London,7,8,
1966,34,9,11,I COULDN’T LIVE WITHOUT YOUR LOVE,Petula Clark,Warner Brothers,6,9,
1966,34,10,20,SUNSHINE SUPERMAN,Donovan,Epic,4,10,
1966,34,11,18,BLOWIN’ IN THE WIND,Stevie Wonder,Tamla,5,11,
1966,34,12,10,SWEET PEA,Tommy Roe,ABC,11,8,
1966,34,13,13,OVER UNDER SIDEWAYS DOWN,The Yardbirds,Epic,9,13,
1966,34,14,19,MY HEART’S SYMPHONY,Gary Lewis and the Playboys,Liberty,4,14,
1966,34,15,16,SWEET DREAMS,Tommy McLain,MSL,9,15,
1966,34,16,21,SUMMERTIME,Billy Stewart,Chess,6,16,
1966,34,17,22,WORKING IN THE COAL MINE,Lee Dorsey,Amy,5,17,
1966,34,18,12,THIS DOOR SWINGS BOTH WAYS,Herman’s Hermits,MGM,7,12,
1966,34,19,9,"SOMEWHERE, MY LOVE",Ray Conniff and the Singers,Columbia,10,9,
1966,34,20,25,LAND OF 1000 DANCES,Wilson Pickett,Atlantic,4,20,
1966,34,21,26,THE JOKER WENT WILD,Brian Hyland,Philips,6,21,
1966,34,22,28,BORN A WOMAN,Sandy Posey,MGM,5,22,
1966,34,23,23,WARM AND TENDER LOVE,Percy Sledge,Atlantic,5,23,
1966,34,24,6,I SAW HER AGAIN,The Mamas and the Papas,Dunhill,8,5,
1966,34,25,17,HUNGRY,Paul Revere and the Raiders Featuring Mark Lindsay,Columbia,10,6,
1966,34,26,51,WOULDN’T IT BE NICE,The Beach Boys,Capitol,4,26,
1966,34,27,33,GUANTANAMERA,The Sandpipers,A&M,4,27,
1966,34,28,66,YOU CAN’T HURRY LOVE,The Supremes,Motown,2,28,
1966,34,29,35,MAKE ME BELONG TO YOU,Barbara Lewis,Atlantic,5,29,
1966,34,30,31,DISTANT SHORES,Chad and Jeremy,Columbia,7,30,
1966,34,31,47,BUS STOP,The Hollies,Imperial,5,31,
1966,34,32,43,WADE IN THE WATER,Ramsey Lewis,Cadet,7,32,
1966,34,33,15,HANKY PANKY,Tommy James and the Shondells,Roulette,12,1,
1966,34,34,57,RESPECTABLE,The Outsiders,Capitol,3,34,
1966,34,35,41,ALFIE,Cher,Imperial,4,35,
1966,34,36,24,LADY JANE,The Rolling Stones,London,5,24,
1966,34,37,58,SAY I AM (What I Am),Tommy James and the Shondells,Roulette,3,37,
1966,34,38,39,TAR AND CEMENT,Verdelle Smith,Capitol,7,38,
1966,34,39,27,SEARCHING FOR MY LOVE,Bobby Moore and the Rhythm Aces,Checker,9,27,
1966,34,40,29,PRETTY FLAMINGO,Manfred Mann,United Artists,8,29,
1966,34,42,34,AIN’T TOO PROUD TO BEG,The Temptations,Gordy,13,13,
1966,34,43,40,BILLY AND SUE,B.J. Thomas and the Triumphs,Hickory,10,34,
1966,34,50,30,THE WORK SONG,Herb Alpert and the Tijuana Brass,A&M,8,18,
1966,34,41,45,A MILLION AND ONE,Dean Martin,Reprise,5,41,
1966,34,44,46,MISTY,Richard “Groove” Holmes,Prestige,9,44,
1966,34,45,48,THE TIP OF MY FINGERS,Eddy Arnold,RCA Victor,5,45,
1966,34,46,49,ALMOST PERSUADED,David Houston,Epic,6,46,
1966,34,47,60,WITH A GIRL LIKE YOU,The Troggs,Atco/Fontana,3,47,
1966,34,48,59,GO AHEAD AND CRY,The Righteous Brothers,Verve,3,48,
1966,34,49,50,YOU YOU YOU,Mel Carter,Imperial,6,49,
1966,35,1,1,SUMMER IN THE CITY,The Lovin’ Spoonful,Kama Sutra,7,1,3 weeks at #1
1966,35,2,2,SUNNY,Bobby Hebb,Philips,10,2,
1966,35,3,6,SEE YOU IN SEPTEMBER,The Happenings,B.T. Puppy,8,3,
1966,35,4,3,LIL’ RED RIDING HOOD,Sam the Sham and the Pharaohs,MGM,12,2,
1966,35,5,10,SUNSHINE SUPERMAN,Donovan,Epic,5,5,
1966,35,6,4,WILD THING,The Troggs,Atco/Fontana,10,1,
1966,35,7,28,YOU CAN’T HURRY LOVE,The Supremes,Motown,3,7,
1966,35,8,52,YELLOW SUBMARINE,The Beatles,Capitol,2,8,
1966,35,9,9,I COULDN’T LIVE WITHOUT YOUR LOVE,Petula Clark,Warner Brothers,7,9,
1966,35,10,16,SUMMERTIME,Billy Stewart,Chess,7,10,
1966,35,11,11,BLOWIN’ IN THE WIND,Stevie Wonder,Tamla,6,11,
1966,35,12,17,WORKING IN THE COAL MINE,Lee Dorsey,Amy,6,12,
1966,35,13,8,MOTHER’S LITTLE HELPER,The Rolling Stones,London,8,8,
1966,35,14,14,MY HEART’S SYMPHONY,Gary Lewis and the Playboys,Liberty,5,14,
1966,35,15,20,LAND OF 1000 DANCES,Wilson Pickett,Atlantic,5,15,
1966,35,16,26,WOULDN’T IT BE NICE,The Beach Boys,Capitol,5,16,
1966,35,17,15,SWEET DREAMS,Tommy McLain,MSL,10,15,
1966,35,18,23,WARM AND TENDER LOVE,Percy Sledge,Atlantic,6,18,
1966,35,19,12,SWEET PEA,Tommy Roe,ABC,12,8,
1966,35,20,22,BORN A WOMAN,Sandy Posey,MGM,6,20,
1966,35,21,21,THE JOKER WENT WILD,Brian Hyland,Philips,7,21,
1966,35,22,27,GUANTANAMERA,The Sandpipers,A&M,5,22,
1966,35,23,31,BUS STOP,The Hollies,Imperial,6,23,
1966,35,24,19,"SOMEWHERE, MY LOVE",Ray Conniff and the Singers,Columbia,11,9,
1966,35,25,13,OVER UNDER SIDEWAYS DOWN,The Yardbirds,Epic,10,13,
1966,35,26,37,SAY I AM (What I Am),Tommy James and the Shondells,Roulette,4,26,
1966,35,27,32,WADE IN THE WATER,Ramsey Lewis,Cadet,8,27,
1966,35,28,29,MAKE ME BELONG TO YOU,Barbara Lewis,Atlantic,6,28,
1966,35,29,34,RESPECTABLE,The Outsiders,Capitol,4,29,
1966,35,30,7,THE PIED PIPER,Crispian St. Peters,Jamie,12,4,
1966,35,31,58,TURN-DOWN DAY,The Cyrkle,Columbia,3,31,
1966,35,32,35,ALFIE,Cher,Imperial,5,32,
1966,35,33,24,I SAW HER AGAIN,The Mamas and the Papas,Dunhill,9,5,
1966,35,34,57,THE DANGLING CONVERSATION,Simon and Garfunkel,Columbia,4,34,
1966,35,35,55,SUNNY AFTERNOON,The Kinks,Reprise,4,35,
1966,35,36,36,LADY JANE,The Rolling Stones,London,6,24,
1966,35,37,5,"THEY’RE COMING TO TAKE ME AWAY, HA-HAAA!",Napoleon XIV,Warner Brothers,6,3,
1966,35,38,48,GO AHEAD AND CRY,The Righteous Brothers,Verve,4,38,
1966,35,39,51,WIPE OUT,The Surfaris,Dot,21,2,
1966,35,40,46,ALMOST PERSUADED,David Houston,Epic,7,40,
1966,35,44,39,SEARCHING FOR MY LOVE,Bobby Moore and the Rhythm Aces,Checker,10,27,
1966,35,45,25,HUNGRY,Paul Revere and the Raiders Featuring Mark Lindsay,Columbia,11,6,
1966,35,46,18,THIS DOOR SWINGS BOTH WAYS,Herman’s Hermits,MGM,8,12,
1966,35,49,30,DISTANT SHORES,Chad and Jeremy,Columbia,8,30,
1966,35,56,38,TAR AND CEMENT,Verdelle Smith,Capitol,8,38,
1966,35,41,41,A MILLION AND ONE,Dean Martin,Reprise,6,41,
1966,35,42,47,WITH A GIRL LIKE YOU,The Troggs,Atco/Fontana,4,42,
1966,35,43,45,THE TIP OF MY FINGERS,Eddy Arnold,RCA Victor,6,43,
1966,35,47,60,HOW SWEET IT IS (To Be Loved By You),Jr. Walker and the All Stars,Soul,5,47,
1966,35,48,44,MISTY,Richard “Groove” Holmes,Prestige,10,44,
1966,35,50,43,BILLY AND SUE,B.J. Thomas and the Triumphs,Hickory,11,34,
1966,36,1,5,SUNSHINE SUPERMAN,Donovan,Epic,6,1,1 week at #1
1966,36,2,1,SUMMER IN THE CITY,The Lovin’ Spoonful,Kama Sutra,8,1,
1966,36,3,3,SEE YOU IN SEPTEMBER,The Happenings,B.T. Puppy,9,3,
1966,36,4,7,YOU CAN’T HURRY LOVE,The Supremes,Motown,4,4,
1966,36,5,8,YELLOW SUBMARINE,The Beatles,Capitol,3,5,
1966,36,6,2,SUNNY,Bobby Hebb,Philips,11,2,
1966,36,7,15,LAND OF 1000 DANCES,Wilson Pickett,Atlantic,6,7,
1966,36,8,12,WORKING IN THE COAL MINE,Lee Dorsey,Amy,7,8,
1966,36,9,11,BLOWIN’ IN THE WIND,Stevie Wonder,Tamla,7,9,
1966,36,10,10,SUMMERTIME,Billy Stewart,Chess,8,10,
1966,36,11,16,WOULDN’T IT BE NICE,The Beach Boys,Capitol,6,11,
1966,36,12,4,LIL’ RED RIDING HOOD,Sam the Sham and the Pharaohs,MGM,13,2,
1966,36,13,14,MY HEART’S SYMPHONY,Gary Lewis and the Playboys,Liberty,6,13,
1966,36,14,9,I COULDN’T LIVE WITHOUT YOUR LOVE,Petula Clark,Warner Brothers,8,9,
1966,36,15,29,RESPECTABLE,The Outsiders,Capitol,5,15,
1966,36,16,22,GUANTANAMERA,The Sandpipers,A&M,6,16,
1966,36,17,18,WARM AND TENDER LOVE,Percy Sledge,Atlantic,7,17,
1966,36,18,23,BUS STOP,The Hollies,Imperial,7,18,
1966,36,19,20,BORN A WOMAN,Sandy Posey,MGM,7,19,
1966,36,20,21,THE JOKER WENT WILD,Brian Hyland,Philips,8,20,
1966,36,21,26,SAY I AM (What I Am),Tommy James and the Shondells,Roulette,5,21,
1966,36,22,35,SUNNY AFTERNOON,The Kinks,Reprise,5,22,
1966,36,23,31,TURN-DOWN DAY,The Cyrkle,Columbia,4,23,
1966,36,24,27,WADE IN THE WATER,Ramsey Lewis,Cadet,9,24,
1966,36,25,34,THE DANGLING CONVERSATION,Simon and Garfunkel,Columbia,5,25,
1966,36,26,62,BEAUTY IS ONLY SKIN DEEP,The Temptations,Gordy,3,26,
1966,36,27,66,CHERISH,The Association,Valiant,2,27,
1966,36,28,39,WIPE OUT,The Surfaris,Dot,22,2,
1966,36,29,47,HOW SWEET IT IS (To Be Loved By You),Jr. Walker and the All Stars,Soul,6,29,
1966,36,30,38,GO AHEAD AND CRY,The Righteous Brothers,Verve,5,30,
1966,36,31,6,WILD THING,The Troggs,Atco/Fontana,11,1,
1966,36,32,42,WITH A GIRL LIKE YOU,The Troggs,Atco/Fontana,5,32,
1966,36,33,28,MAKE ME BELONG TO YOU,Barbara Lewis,Atlantic,7,28,
1966,36,34,24,"SOMEWHERE, MY LOVE",Ray Conniff and the Singers,Columbia,12,9,
1966,36,35,19,SWEET PEA,Tommy Roe,ABC,13,8,
1966,36,36,40,ALMOST PERSUADED,David Houston,Epic,8,36,
1966,36,37,32,ALFIE,Cher,Imperial,6,32,
1966,36,38,54,MR. DIEINGLY SAD,The Critters,Kapp,4,38,
1966,36,39,17,SWEET DREAMS,Tommy McLain,MSL,11,15,
1966,36,40,13,MOTHER’S LITTLE HELPER,The Rolling Stones,London,9,8,
1966,36,46,25,OVER UNDER SIDEWAYS DOWN,The Yardbirds,Epic,11,13,
1966,36,41,63,BLACK IS BLACK,Los Bravos,Press,4,41,
1966,36,42,53,7 AND 7 IS,Love,Elektra,6,42,
1966,36,43,59,THERE WILL NEVER BE ANOTHER YOU,Chris Montez,A&M,4,43,
1966,36,44,41,A MILLION AND ONE,Dean Martin,Reprise,7,41,
1966,36,45,51,GOD ONLY KNOWS,The Beach Boys,Capitol,4,45,
1966,36,47,65,ELEANOR RIGBY,The Beatles,Capitol,2,47,
1966,36,48,58,OPEN THE DOOR TO YOUR HEART,Darrell Banks,Revilot,7,48,
1966,36,49,52,SUGAR AND SPICE,The Cryan’ Shames,Destination,7,49,
1966,36,50,55,SATISFIED WITH YOU,The Dave Clark Five,Epic,4,50,
1966,37,1,4,YOU CAN’T HURRY LOVE,The Supremes,Motown,5,1,1 week at #1
1966,37,2,1,SUNSHINE SUPERMAN,Donovan,Epic,7,1,
1966,37,3,5,YELLOW SUBMARINE,The Beatles,Capitol,4,3,
1966,37,4,3,SEE YOU IN SEPTEMBER,The Happenings,B.T. Puppy,10,3,
1966,37,5,2,SUMMER IN THE CITY,The Lovin’ Spoonful,Kama Sutra,9,1,
1966,37,6,7,LAND OF 1000 DANCES,Wilson Pickett,Atlantic,7,6,
1966,37,7,6,SUNNY,Bobby Hebb,Philips,12,2,
1966,37,8,8,WORKING IN THE COAL MINE,Lee Dorsey,Amy,8,8,
1966,37,9,18,BUS STOP,The Hollies,Imperial,8,9,
1966,37,10,16,GUANTANAMERA,The Sandpipers,A&M,7,10,
1966,37,11,11,WOULDN’T IT BE NICE,The Beach Boys,Capitol,7,11,
1966,37,12,10,SUMMERTIME,Billy Stewart,Chess,9,10,
1966,37,13,19,BORN A WOMAN,Sandy Posey,MGM,8,13,
1966,37,14,27,CHERISH,The Association,Valiant,3,14,
1966,37,15,15,RESPECTABLE,The Outsiders,Capitol,6,15,
1966,37,16,26,BEAUTY IS ONLY SKIN DEEP,The Temptations,Gordy,4,16,
1966,37,17,9,BLOWIN’ IN THE WIND,Stevie Wonder,Tamla,8,9,
1966,37,18,23,TURN-DOWN DAY,The Cyrkle,Columbia,5,18,
1966,37,19,24,WADE IN THE WATER,Ramsey Lewis,Cadet,10,19,
1966,37,20,22,SUNNY AFTERNOON,The Kinks,Reprise,6,20,
1966,37,21,21,SAY I AM (What I Am),Tommy James and the Shondells,Roulette,5,21,
1966,37,22,17,WARM AND TENDER LOVE,Percy Sledge,Atlantic,8,17,
1966,37,23,28,WIPE OUT,The Surfaris,Dot,23,2,
1966,37,24,29,HOW SWEET IT IS (To Be Loved By You),Jr. Walker and the All Stars,Soul,7,24,
1966,37,25,25,THE DANGLING CONVERSATION,Simon and Garfunkel,Columbia,6,25,
1966,37,26,47,ELEANOR RIGBY,The Beatles,Capitol,3,26,
1966,37,27,41,BLACK IS BLACK,Los Bravos,Press,5,27,
1966,37,28,20,THE JOKER WENT WILD,Brian Hyland,Philips,9,20,
1966,37,29,32,WITH A GIRL LIKE YOU,The Troggs,Atco/Fontana,6,29,
1966,37,30,12,LIL’ RED RIDING HOOD,Sam the Sham and the Pharaohs,MGM,14,2,
1966,37,31,48,OPEN THE DOOR TO YOUR HEART,Darrell Banks,Revilot,8,31,
1966,37,32,38,MR. DIEINGLY SAD,The Critters,Kapp,5,32,
1966,37,33,14,I COULDN’T LIVE WITHOUT YOUR LOVE,Petula Clark,Warner Brothers,9,9,
1966,37,34,13,MY HEART’S SYMPHONY,Gary Lewis and the Playboys,Liberty,7,13,
1966,37,35,43,THERE WILL NEVER BE ANOTHER YOU,Chris Montez,A&M,5,35,
1966,37,36,36,ALMOST PERSUADED,David Houston,Epic,9,36,
1966,37,37,52,WHAT BECOMES OF THE BROKEN HEARTED,Jimmy Ruffin,Soul,4,37,
1966,37,38,42,7 AND 7 IS,Love,Elektra,7,38,
1966,37,39,54,"CHERRY, CHERRY",Neil Diamond,Bang,4,39,
1966,37,40,30,GO AHEAD AND CRY,The Righteous Brothers,Verve,6,30,
1966,37,43,35,SWEET PEA,Tommy Roe,ABC,14,8,
1966,37,44,33,MAKE ME BELONG TO YOU,Barbara Lewis,Atlantic,8,28,
1966,37,41,83,I’VE GOT YOU UNDER MY SKIN,The Four Seasons,Philips,2,41,
1966,37,42,45,GOD ONLY KNOWS,The Beach Boys,Capitol,5,42,
1966,37,45,75,96 TEARS,? (Question Mark) and the Mysterians,Cameo,2,45,
1966,37,46,72,FLAMINGO,Herb Alpert and the Tijuana Brass,A&M,2,46,
1966,37,47,55,"LITTLE DARLING, I NEED YOU",Marvin Gaye,Tamla,4,47,
1966,37,48,74,SUMMER WIND,Frank Sinatra,Reprise,2,48,
1966,37,49,53,THE PHILLY FREEZE,Alvin Cash and the Registers,Mar-V-Lus,7,49,
1966,37,50,50,SATISFIED WITH YOU,The Dave Clark Five,Epic,5,50,
1966,38,1,1,YOU CAN’T HURRY LOVE,The Supremes,Motown,6,1,2 weeks at #1
1966,38,2,3,YELLOW SUBMARINE,The Beatles,Capitol,5,2,
1966,38,3,2,SUNSHINE SUPERMAN,Donovan,Epic,8,1,
1966,38,4,14,CHERISH,The Association,Valiant,4,4,
1966,38,5,9,BUS STOP,The Hollies,Imperial,9,5,
1966,38,6,4,SEE YOU IN SEPTEMBER,The Happenings,B.T. Puppy,11,3,
1966,38,7,6,LAND OF 1000 DANCES,Wilson Pickett,Atlantic,8,6,
1966,38,8,11,WOULDN’T IT BE NICE,The Beach Boys,Capitol,8,8,
1966,38,9,10,GUANTANAMERA,The Sandpipers,A&M,8,9,
1966,38,10,7,SUNNY,Bobby Hebb,Philips,13,2,
1966,38,11,16,BEAUTY IS ONLY SKIN DEEP,The Temptations,Gordy,5,11,
1966,38,12,13,BORN A WOMAN,Sandy Posey,MGM,9,12,
1966,38,13,8,WORKING IN THE COAL MINE,Lee Dorsey,Amy,9,8,
1966,38,14,26,ELEANOR RIGBY,The Beatles,Capitol,4,14,
1966,38,15,20,SUNNY AFTERNOON,The Kinks,Reprise,7,15,
1966,38,16,18,TURN-DOWN DAY,The Cyrkle,Columbia,6,16,
1966,38,17,5,SUMMER IN THE CITY,The Lovin’ Spoonful,Kama Sutra,10,1,
1966,38,18,27,BLACK IS BLACK,Los Bravos,Press,6,18,
1966,38,19,19,WADE IN THE WATER,Ramsey Lewis,Cadet,11,19,
1966,38,20,23,WIPE OUT,The Surfaris,Dot,24,2,
1966,38,21,21,SAY I AM (What I Am),Tommy James and the Shondells,Roulette,6,21,
1966,38,22,15,RESPECTABLE,The Outsiders,Capitol,7,15,
1966,38,23,24,HOW SWEET IT IS (To Be Loved By You),Jr. Walker and the All Stars,Soul,8,23,
1966,38,24,39,"CHERRY, CHERRY",Neil Diamond,Bang,5,24,
1966,38,25,45,96 TEARS,? (Question Mark) and the Mysterians,Cameo,3,25,
1966,38,26,57,REACH OUT I’LL BE THERE,The Four Tops,Motown,3,26,
1966,38,27,32,MR. DIEINGLY SAD,The Critters,Kapp,6,27,
1966,38,28,41,I’VE GOT YOU UNDER MY SKIN,The Four Seasons,Philips,3,28,
1966,38,29,37,WHAT BECOMES OF THE BROKEN HEARTED,Jimmy Ruffin,Soul,5,29,
1966,38,30,36,ALMOST PERSUADED,David Houston,Epic,10,30,
1966,38,31,31,OPEN THE DOOR TO YOUR HEART,Darrell Banks,Revilot,9,31,
1966,38,32,25,THE DANGLING CONVERSATION,Simon and Garfunkel,Columbia,7,25,
1966,38,33,35,THERE WILL NEVER BE ANOTHER YOU,Chris Montez,A&M,6,33,
1966,38,34,28,THE JOKER WENT WILD,Brian Hyland,Philips,10,20,
1966,38,35,17,BLOWIN’ IN THE WIND,Stevie Wonder,Tamla,9,9,
1966,38,36,46,FLAMINGO,Herb Alpert and the Tijuana Brass,A&M,3,36,
1966,38,37,48,SUMMER WIND,Frank Sinatra,Reprise,3,37,
1966,38,38,38,7 AND 7 IS,Love,Elektra,8,38,
1966,38,39,12,SUMMERTIME,Billy Stewart,Chess,10,10,
1966,38,40,42,GOD ONLY KNOWS,The Beach Boys,Capitol,6,40,
1966,38,41,22,WARM AND TENDER LOVE,Percy Sledge,Atlantic,9,17,
1966,38,45,29,WITH A GIRL LIKE YOU,The Troggs,Atco/Fontana,7,29,
1966,38,42,79,PSYCHOTIC REACTION,Count Five,Double Shot,2,42,
1966,38,43,67,LAST TRAIN TO CLARKSVILLE,The Monkees,Colgems,2,43,
1966,38,44,54,B-A-B-Y,Carla Thomas,Stax,5,44,
1966,38,46,56,I REALLY DON’T WANT TO KNOW,Ronnie Dove,Diamond,3,46,
1966,38,47,47,"LITTLE DARLING, I NEED YOU",Marvin Gaye,Tamla,5,47,
1966,38,48,53,SOMETIMES GOOD GUYS DON’T WEAR WHITE,The Standells,Tower,6,48,
1966,38,49,52,WORLD OF FANTASY,The Five Stairsteps,Windy C,7,49,
1966,38,50,49,THE PHILLY FREEZE,Alvin Cash and the Registers,Mar-V-Lus,8,49,
1966,39,1,4,CHERISH,The Association,Valiant,5,1,1 week at #1
1966,39,2,1,YOU CAN’T HURRY LOVE,The Supremes,Motown,7,1,
1966,39,3,3,SUNSHINE SUPERMAN,Donovan,Epic,9,1,
1966,39,4,2,YELLOW SUBMARINE,The Beatles,Capitol,6,2,
1966,39,5,5,BUS STOP,The Hollies,Imperial,10,5,
1966,39,6,11,BEAUTY IS ONLY SKIN DEEP,The Temptations,Gordy,6,6,
1966,39,7,18,BLACK IS BLACK,Los Bravos,Press,7,7,
1966,39,8,25,96 TEARS,? (Question Mark) and the Mysterians,Cameo,4,8,
1966,39,9,8,WOULDN’T IT BE NICE,The Beach Boys,Capitol,9,8,
1966,39,10,26,REACH OUT I’LL BE THERE,The Four Tops,Motown,4,10,
1966,39,11,14,ELEANOR RIGBY,The Beatles,Capitol,5,11,
1966,39,12,6,SEE YOU IN SEPTEMBER,The Happenings,B.T. Puppy,12,3,
1966,39,13,9,GUANTANAMERA,The Sandpipers,A&M,9,9,
1966,39,14,24,"CHERRY, CHERRY",Neil Diamond,Bang,6,14,
1966,39,15,15,SUNNY AFTERNOON,The Kinks,Reprise,8,15,
1966,39,16,12,BORN A WOMAN,Sandy Posey,MGM,10,12,
1966,39,17,20,WIPE OUT,The Surfaris,Dot,25,2,
1966,39,18,23,HOW SWEET IT IS (To Be Loved By You),Jr. Walker and the All Stars,Soul,9,18,
1966,39,19,28,I’VE GOT YOU UNDER MY SKIN,The Four Seasons,Philips,4,19,
1966,39,20,27,MR. DIEINGLY SAD,The Critters,Kapp,7,20,
1966,39,21,10,SUNNY,Bobby Hebb,Philips,14,2,
1966,39,22,16,TURN-DOWN DAY,The Cyrkle,Columbia,7,16,
1966,39,23,29,WHAT BECOMES OF THE BROKEN HEARTED,Jimmy Ruffin,Soul,6,23,
1966,39,24,7,LAND OF 1000 DANCES,Wilson Pickett,Atlantic,9,6,
1966,39,25,42,PSYCHOTIC REACTION,Count Five,Double Shot,3,25,
1966,39,26,43,LAST TRAIN TO CLARKSVILLE,The Monkees,Colgems,3,26,
1966,39,27,13,WORKING IN THE COAL MINE,Lee Dorsey,Amy,10,8,
1966,39,28,31,OPEN THE DOOR TO YOUR HEART,Darrell Banks,Revilot,10,28,
1966,39,29,30,ALMOST PERSUADED,David Houston,Epic,11,29,
1966,39,30,36,FLAMINGO,Herb Alpert and the Tijuana Brass,A&M,4,30,
1966,39,31,22,RESPECTABLE,The Outsiders,Capitol,8,15,
1966,39,32,37,SUMMER WIND,Frank Sinatra,Reprise,4,32,
1966,39,33,38,7 AND 7 IS,Love,Elektra,9,33,
1966,39,34,34,THE JOKER WENT WILD,Brian Hyland,Philips,11,20,
1966,39,35,19,WADE IN THE WATER,Ramsey Lewis,Cadet,12,19,
1966,39,36,46,I REALLY DON’T WANT TO KNOW,Ronnie Dove,Diamond,4,36,
1966,39,37,17,SUMMER IN THE CITY,The Lovin’ Spoonful,Kama Sutra,11,1,
1966,39,38,44,B-A-B-Y,Carla Thomas,Stax,6,38,
1966,39,39,40,GOD ONLY KNOWS,The Beach Boys,Capitol,7,39,
1966,39,40,58,WALK AWAY RENEE,The Left Banke,Smash,3,40,
1966,39,46,33,THERE WILL NEVER BE ANOTHER YOU,Chris Montez,A&M,7,33,
1966,39,47,35,BLOWIN’ IN THE WIND,Stevie Wonder,Tamla,10,9,
1966,39,48,21,SAY I AM (What I Am),Tommy James and the Shondells,Roulette,7,21,
1966,39,41,54,JUST LIKE A WOMAN,Bob Dylan,Columbia,3,41,
1966,39,42,52,ALL STRUNG OUT,Nino Tempo and April Stevens,White Whale,3,42,
1966,39,43,48,SOMETIMES GOOD GUYS DON’T WEAR WHITE,The Standells,Tower,7,43,
1966,39,44,56,SUMMER SAMBA (So Nice),Walter Wanderley,Verve,5,44,
1966,39,45,55,I CHOSE TO SING THE BLUES,Ray Charles (with the Raeletts),ABC,4,45,
1966,39,49,57,IN THE ARMS OF LOVE,Andy Williams,Columbia,5,49,
1966,39,50,45,WITH A GIRL LIKE YOU,The Troggs,Atco/Fontana,8,29,
1966,40,1,1,CHERISH,The Association,Valiant,6,1,2 weeks at #1
1966,40,2,2,YOU CAN’T HURRY LOVE,The Supremes,Motown,8,1,
1966,40,3,6,BEAUTY IS ONLY SKIN DEEP,The Temptations,Gordy,7,3,
1966,40,4,7,BLACK IS BLACK,Los Bravos,Press,8,4,
1966,40,5,5,BUS STOP,The Hollies,Imperial,11,5,
1966,40,6,8,96 TEARS,? (Question Mark) and the Mysterians,Cameo,5,6,
1966,40,7,10,REACH OUT I’LL BE THERE,The Four Tops,Motown,5,7,
1966,40,8,4,YELLOW SUBMARINE,The Beatles,Capitol,7,2,
1966,40,9,3,SUNSHINE SUPERMAN,Donovan,Epic,10,1,
1966,40,10,14,"CHERRY, CHERRY",Neil Diamond,Bang,7,10,
1966,40,11,11,ELEANOR RIGBY,The Beatles,Capitol,6,11,
1966,40,12,19,I’VE GOT YOU UNDER MY SKIN,The Four Seasons,Philips,5,12,
1966,40,13,16,BORN A WOMAN,Sandy Posey,MGM,11,12,
1966,40,14,15,SUNNY AFTERNOON,The Kinks,Reprise,9,14,
1966,40,15,25,PSYCHOTIC REACTION,Count Five,Double Shot,4,15,
1966,40,16,17,WIPE OUT,The Surfaris,Dot,26,2,
1966,40,17,13,GUANTANAMERA,The Sandpipers,A&M,10,9,
1966,40,18,26,LAST TRAIN TO CLARKSVILLE,The Monkees,Colgems,4,18,
1966,40,19,23,WHAT BECOMES OF THE BROKEN HEARTED,Jimmy Ruffin,Soul,7,19,
1966,40,20,20,MR. DIEINGLY SAD,The Critters,Kapp,8,20,
1966,40,21,18,HOW SWEET IT IS (To Be Loved By You),Jr. Walker and the All Stars,Soul,10,18,
1966,40,22,12,SEE YOU IN SEPTEMBER,The Happenings,B.T. Puppy,13,3,
1966,40,23,9,WOULDN’T IT BE NICE,The Beach Boys,Capitol,10,8,
1966,40,24,29,ALMOST PERSUADED,David Houston,Epic,12,24,
1966,40,25,32,SUMMER WIND,Frank Sinatra,Reprise,5,25,
1966,40,26,24,LAND OF 1000 DANCES,Wilson Pickett,Atlantic,10,6,
1966,40,27,28,OPEN THE DOOR TO YOUR HEART,Darrell Banks,Revilot,11,27,
1966,40,28,30,FLAMINGO,Herb Alpert and the Tijuana Brass,A&M,5,28,
1966,40,29,44,SUMMER SAMBA (So Nice),Walter Wanderley,Verve,6,29,
1966,40,30,40,WALK AWAY RENEE,The Left Banke,Smash,4,30,
1966,40,31,38,B-A-B-Y,Carla Thomas,Stax,7,31,
1966,40,32,27,WORKING IN THE COAL MINE,Lee Dorsey,Amy,11,8,
1966,40,33,21,SUNNY,Bobby Hebb,Philips,15,2,
1966,40,34,45,I CHOSE TO SING THE BLUES,Ray Charles (with the Raeletts),ABC,5,34,
1966,40,35,41,JUST LIKE A WOMAN,Bob Dylan,Columbia,4,35,
1966,40,36,36,I REALLY DON’T WANT TO KNOW,Ronnie Dove,Diamond,5,36,
1966,40,37,53,SEE SEE RIDER,Eric Burdon and the Animals,MGM,3,37,
1966,40,38,42,ALL STRUNG OUT,Nino Tempo and April Stevens,White Whale,4,38,
1966,40,39,59,HOORAY FOR HAZEL,Tommy Roe,ABC,3,39,
1966,40,40,51,ALL I SEE IS YOU,Dusty Springfield,Philips,3,40,
1966,40,41,22,TURN-DOWN DAY,The Cyrkle,Columbia,8,16,
1966,40,43,33,7 AND 7 IS,Love,Elektra,10,33,
1966,40,44,35,WADE IN THE WATER,Ramsey Lewis,Cadet,13,19,
1966,40,45,39,GOD ONLY KNOWS,The Beach Boys,Capitol,8,39,
1966,40,42,72,POOR SIDE OF TOWN,Johnny Rivers,Imperial,3,42,
1966,40,46,46,THERE WILL NEVER BE ANOTHER YOU,Chris Montez,A&M,8,33,
1966,40,47,54,BORN FREE,Roger Williams,Kapp,6,47,
1966,40,48,58,I CAN MAKE IT WITH YOU,Pozo-Seco Singers,Columbia,4,48,
1966,40,49,49,IN THE ARMS OF LOVE,Andy Williams,Columbia,6,49,
1966,40,50,43,SOMETIMES GOOD GUYS DON’T WEAR WHITE,The Standells,Tower,8,43,
1966,41,1,1,CHERISH,The Association,Valiant,7,1,3 weeks at #1
1966,41,2,7,REACH OUT I’LL BE THERE,The Four Tops,Motown,6,2,
1966,41,3,6,96 TEARS,? (Question Mark) and the Mysterians,Cameo,6,3,
1966,41,4,4,BLACK IS BLACK,Los Bravos,Press,9,4,
1966,41,5,3,BEAUTY IS ONLY SKIN DEEP,The Temptations,Gordy,8,3,
1966,41,6,18,LAST TRAIN TO CLARKSVILLE,The Monkees,Colgems,5,6,
1966,41,7,10,"CHERRY, CHERRY",Neil Diamond,Bang,8,7,
1966,41,8,2,YOU CAN’T HURRY LOVE,The Supremes,Motown,9,1,
1966,41,9,15,PSYCHOTIC REACTION,Count Five,Double Shot,5,9,
1966,41,10,12,I’VE GOT YOU UNDER MY SKIN,The Four Seasons,Philips,6,10,
1966,41,11,19,WHAT BECOMES OF THE BROKEN HEARTED,Jimmy Ruffin,Soul,8,11,
1966,41,12,9,SUNSHINE SUPERMAN,Donovan,Epic,11,1,
1966,41,13,13,BORN A WOMAN,Sandy Posey,MGM,12,12,
1966,41,14,30,WALK AWAY RENEE,The Left Banke,Smash,5,14,
1966,41,15,5,BUS STOP,The Hollies,Imperial,12,5,
1966,41,16,8,YELLOW SUBMARINE,The Beatles,Capitol,8,2,
1966,41,17,20,MR. DIEINGLY SAD,The Critters,Kapp,9,17,
1966,41,18,16,WIPE OUT,The Surfaris,Dot,27,2,
1966,41,19,37,SEE SEE RIDER,Eric Burdon and the Animals,MGM,4,19,
1966,41,20,42,POOR SIDE OF TOWN,Johnny Rivers,Imperial,4,20,
1966,41,21,11,ELEANOR RIGBY,The Beatles,Capitol,7,11,
1966,41,22,51,IF I WERE A CARPENTER,Bobby Darin,Atlantic,3,22,
1966,41,23,39,HOORAY FOR HAZEL,Tommy Roe,ABC,4,23,
1966,41,24,36,I REALLY DON’T WANT TO KNOW,Ronnie Dove,Diamond,6,24,
1966,41,25,31,B-A-B-Y,Carla Thomas,Stax,8,25,
1966,41,26,40,ALL I SEE IS YOU,Dusty Springfield,Philips,4,26,
1966,41,27,14,SUNNY AFTERNOON,The Kinks,Reprise,10,14,
1966,41,28,29,SUMMER SAMBA (So Nice),Walter Wanderley,Verve,7,28,
1966,41,29,38,ALL STRUNG OUT,Nino Tempo and April Stevens,White Whale,5,29,
1966,41,30,28,FLAMINGO,Herb Alpert and the Tijuana Brass,A&M,6,28,
1966,41,31,24,ALMOST PERSUADED,David Houston,Epic,13,24,
1966,41,32,34,I CHOSE TO SING THE BLUES,Ray Charles (with the Raeletts),ABC,6,32,
1966,41,33,35,JUST LIKE A WOMAN,Bob Dylan,Columbia,5,33,
1966,41,34,25,SUMMER WIND,Frank Sinatra,Reprise,6,25,
1966,41,35,17,GUANTANAMERA,The Sandpipers,A&M,11,9,
1966,41,36,22,SEE YOU IN SEPTEMBER,The Happenings,B.T. Puppy,14,3,
1966,41,37,52,GIRL ON A SWING,Gerry and the Pacemakers,Laurie,5,37,
1966,41,38,48,I CAN MAKE IT WITH YOU,Pozo-Seco Singers,Columbia,5,38,
1966,41,39,32,WORKING IN THE COAL MINE,Lee Dorsey,Amy,12,8,
1966,41,42,27,OPEN THE DOOR TO YOUR HEART,Darrell Banks,Revilot,12,27,
1966,41,45,23,WOULDN’T IT BE NICE,The Beach Boys,Capitol,11,8,
1966,41,46,26,LAND OF 1000 DANCES,Wilson Pickett,Atlantic,11,6,
1966,41,47,21,HOW SWEET IT IS (To Be Loved By You),Jr. Walker and the All Stars,Soul,11,18,
1966,41,41,47,BORN FREE,Roger Williams,Kapp,7,41,
1966,41,43,72,LITTLE MAN,Sonny and Cher,Atco,2,43,
1966,41,44,61,LOVE IS A HURTIN’ THING,Lou Rawls,Capitol,5,44,
1966,41,48,89,DANDY,Herman’s Hermits,MGM,2,48,
1966,41,49,60,IN OUR TIME,Nancy Sinatra,Reprise,4,49,
1966,41,50,49,IN THE ARMS OF LOVE,Andy Williams,Columbia,7,49,
1966,42,1,2,REACH OUT I’LL BE THERE,The Four Tops,Motown,7,1,1 week at #1
1966,42,2,1,CHERISH,The Association,Valiant,8,1,
1966,42,3,3,96 TEARS,? (Question Mark) and the Mysterians,Cameo,7,3,
1966,42,4,6,LAST TRAIN TO CLARKSVILLE,The Monkees,Colgems,6,4,
1966,42,5,9,PSYCHOTIC REACTION,Count Five,Double Shot,6,5,
1966,42,6,7,"CHERRY, CHERRY",Neil Diamond,Bang,9,6,
1966,42,7,14,WALK AWAY RENEE,The Left Banke,Smash,6,7,
1966,42,8,11,WHAT BECOMES OF THE BROKEN HEARTED,Jimmy Ruffin,Soul,9,8,
1966,42,9,10,I’VE GOT YOU UNDER MY SKIN,The Four Seasons,Philips,7,9,
1966,42,10,8,YOU CAN’T HURRY LOVE,The Supremes,Motown,10,1,
1966,42,11,20,POOR SIDE OF TOWN,Johnny Rivers,Imperial,5,11,
1966,42,12,5,BEAUTY IS ONLY SKIN DEEP,The Temptations,Gordy,9,3,
1966,42,13,4,BLACK IS BLACK,Los Bravos,Press,10,4,
1966,42,14,19,SEE SEE RIDER,Eric Burdon and the Animals,MGM,5,14,
1966,42,15,48,DANDY,Herman’s Hermits,MGM,3,15,
1966,42,16,23,HOORAY FOR HAZEL,Tommy Roe,ABC,5,16,
1966,42,17,22,IF I WERE A CARPENTER,Bobby Darin,Atlantic,4,17,
1966,42,18,40,"HAVE YOU SEEN YOUR MOTHER, BABY, STANDING IN THE SHADOW",The Rolling Stones,London,2,18,
1966,42,19,25,B-A-B-Y,Carla Thomas,Stax,9,19,
1966,42,20,17,MR. DIEINGLY SAD,The Critters,Kapp,10,17,
1966,42,21,26,ALL I SEE IS YOU,Dusty Springfield,Philips,5,21,
1966,42,22,24,I REALLY DON’T WANT TO KNOW,Ronnie Dove,Diamond,7,22,
1966,42,23,15,BUS STOP,The Hollies,Imperial,13,5,
1966,42,24,13,BORN A WOMAN,Sandy Posey,MGM,13,12,
1966,42,25,18,WIPE OUT,The Surfaris,Dot,28,2,
1966,42,26,28,SUMMER SAMBA (So Nice),Walter Wanderley,Verve,8,26,
1966,42,27,29,ALL STRUNG OUT,Nino Tempo and April Stevens,White Whale,6,27,
1966,42,28,43,LITTLE MAN,Sonny and Cher,Atco,3,28,
1966,42,29,12,SUNSHINE SUPERMAN,Donovan,Epic,12,1,
1966,42,30,37,GIRL ON A SWING,Gerry and the Pacemakers,Laurie,6,30,
1966,42,31,41,BORN FREE,Roger Williams,Kapp,8,31,
1966,42,32,16,YELLOW SUBMARINE,The Beatles,Capitol,9,2,
1966,42,33,31,ALMOST PERSUADED,David Houston,Epic,14,24,
1966,42,34,38,I CAN MAKE IT WITH YOU,Pozo-Seco Singers,Columbia,6,34,
1966,42,35,52,THE GREAT AIRPLANE STRIKE,Paul Revere and the Raiders Featuring Mark Lindsay,Columbia,3,35,
1966,42,36,51,THE HAIR ON MY CHINNY CHIN CHIN,Sam the Sham and the Pharaohs,MGM,3,36,
1966,42,37,21,ELEANOR RIGBY,The Beatles,Capitol,8,11,
1966,42,38,44,LOVE IS A HURTIN’ THING,Lou Rawls,Capitol,6,38,
1966,42,39,33,JUST LIKE A WOMAN,Bob Dylan,Columbia,6,33,
1966,42,40,34,SUMMER WIND,Frank Sinatra,Reprise,7,25,
1966,42,41,32,I CHOSE TO SING THE BLUES,Ray Charles (with the Raeletts),ABC,7,32,
1966,42,48,27,SUNNY AFTERNOON,The Kinks,Reprise,11,14,
1966,42,42,63,GO AWAY LITTLE GIRL,The Happenings,B.T. Puppy,3,42,
1966,42,43,56,MR. SPACEMAN,The Byrds,Columbia,4,43,
1966,42,44,57,COME ON UP,The Young Rascals,Atlantic,4,44,
1966,42,45,69,I JUST DON’T KNOW WHAT TO DO WITH MYSELF,Dionne Warwick,Scepter,3,45,
1966,42,46,49,IN OUR TIME,Nancy Sinatra,Reprise,5,46,
1966,42,47,54,I WANT TO BE WITH YOU,Dee Dee Warwick,Mercury,8,47,
1966,42,49,71,I’M YOUR PUPPET,James and Bobby Purify,Bell,4,49,
1966,42,50,73,(You Don’t Have To) PAINT ME A PICTURE,Gary Lewis and the Playboys,Liberty,2,50,
1966,43,1,1,REACH OUT I’LL BE THERE,The Four Tops,Motown,8,1,2 weeks at #1
1966,43,2,3,96 TEARS,? (Question Mark) and the Mysterians,Cameo,8,2,
1966,43,3,4,LAST TRAIN TO CLARKSVILLE,The Monkees,Colgems,7,3,
1966,43,4,2,CHERISH,The Association,Valiant,9,1,
1966,43,5,5,PSYCHOTIC REACTION,Count Five,Double Shot,7,5,
1966,43,6,7,WALK AWAY RENEE,The Left Banke,Smash,7,6,
1966,43,7,11,POOR SIDE OF TOWN,Johnny Rivers,Imperial,6,7,
1966,43,8,8,WHAT BECOMES OF THE BROKEN HEARTED,Jimmy Ruffin,Soul,10,8,
1966,43,9,15,DANDY,Herman’s Hermits,MGM,4,9,
1966,43,10,14,SEE SEE RIDER,Eric Burdon and the Animals,MGM,6,10,
1966,43,11,16,HOORAY FOR HAZEL,Tommy Roe,ABC,6,11,
1966,43,12,17,IF I WERE A CARPENTER,Bobby Darin,Atlantic,5,12,
1966,43,13,18,"HAVE YOU SEEN YOUR MOTHER, BABY, STANDING IN THE SHADOW",The Rolling Stones,London,3,13,
1966,43,14,6,"CHERRY, CHERRY",Neil Diamond,Bang,10,6,
1966,43,15,9,I’VE GOT YOU UNDER MY SKIN,The Four Seasons,Philips,8,9,
1966,43,16,19,B-A-B-Y,Carla Thomas,Stax,10,16,
1966,43,17,42,GO AWAY LITTLE GIRL,The Happenings,B.T. Puppy,4,17,
1966,43,18,10,YOU CAN’T HURRY LOVE,The Supremes,Motown,11,1,
1966,43,19,13,BLACK IS BLACK,Los Bravos,Press,11,4,
1966,43,20,21,ALL I SEE IS YOU,Dusty Springfield,Philips,6,20,
1966,43,21,35,THE GREAT AIRPLANE STRIKE,Paul Revere and the Raiders Featuring Mark Lindsay,Columbia,4,21,
1966,43,22,12,BEAUTY IS ONLY SKIN DEEP,The Temptations,Gordy,10,3,
1966,43,23,28,LITTLE MAN,Sonny and Cher,Atco,4,23,
1966,43,24,38,LOVE IS A HURTIN’ THING,Lou Rawls,Capitol,7,24,
1966,43,25,31,BORN FREE,Roger Williams,Kapp,9,25,
1966,43,26,27,ALL STRUNG OUT,Nino Tempo and April Stevens,White Whale,7,26,
1966,43,27,36,THE HAIR ON MY CHINNY CHIN CHIN,Sam the Sham and the Pharaohs,MGM,4,27,
1966,43,28,30,GIRL ON A SWING,Gerry and the Pacemakers,Laurie,7,28,
1966,43,29,22,I REALLY DON’T WANT TO KNOW,Ronnie Dove,Diamond,8,22,
1966,43,30,25,WIPE OUT,The Surfaris,Dot,29,2,
1966,43,31,24,BORN A WOMAN,Sandy Posey,MGM,14,12,
1966,43,32,34,I CAN MAKE IT WITH YOU,Pozo-Seco Singers,Columbia,7,32,
1966,43,33,49,I’M YOUR PUPPET,James and Bobby Purify,Bell,5,33,
1966,43,34,59,DEVIL WITH A BLUE DRESS ON AND GOOD GOLLY MISS MOLLY (Medley),Mitch Ryder and the Detroit Wheels,New Voice,3,34,
1966,43,35,45,I JUST DON’T KNOW WHAT TO DO WITH MYSELF,Dionne Warwick,Scepter,4,35,
1966,43,36,20,MR. DIEINGLY SAD,The Critters,Kapp,11,17,
1966,43,37,50,(You Don’t Have To) PAINT ME A PICTURE,Gary Lewis and the Playboys,Liberty,3,37,
1966,43,38,43,MR. SPACEMAN,The Byrds,Columbia,5,38,
1966,43,39,26,SUMMER SAMBA (So Nice),Walter Wanderley,Verve,9,26,
1966,43,40,76,RAIN ON THE ROOF,The Lovin’ Spoonful,Kama Sutra,2,40,
1966,43,41,23,BUS STOP,The Hollies,Imperial,14,5,
1966,43,43,33,ALMOST PERSUADED,David Houston,Epic,15,24,
1966,43,50,29,SUNSHINE SUPERMAN,Donovan,Epic,13,1,
1966,43,42,53,COMING ON STRONG,Brenda Lee,Decca,4,42,
1966,43,44,44,COME ON UP,The Young Rascals,Atlantic,5,44,
1966,43,45,55,FA-FA-FA-FA-FA (Sad Song),Otis Redding,Volt,4,45,
1966,43,46,47,I WANT TO BE WITH YOU,Dee Dee Warwick,Mercury,9,46,
1966,43,47,57,SPINOUT,Elvis Presley,RCA Victor,3,47,
1966,43,48,58,PLEASE MR. SUN,The Vogues,Co & Ce,5,48,
1966,43,49,51,MAS QUE NADA,Sergio Mendes and Brasil ’66,A&M,5,49,
1966,44,1,2,96 TEARS,? (Question Mark) and the Mysterians,Cameo,9,1,1 week at #1
1966,44,2,3,LAST TRAIN TO CLARKSVILLE,The Monkees,Colgems,8,2,
1966,44,3,1,REACH OUT I’LL BE THERE,The Four Tops,Motown,9,1,
1966,44,4,7,POOR SIDE OF TOWN,Johnny Rivers,Imperial,7,4,
1966,44,5,6,WALK AWAY RENEE,The Left Banke,Smash,8,5,
1966,44,6,9,DANDY,Herman’s Hermits,MGM,5,6,
1966,44,7,8,WHAT BECOMES OF THE BROKEN HEARTED,Jimmy Ruffin,Soul,11,7,
1966,44,8,11,HOORAY FOR HAZEL,Tommy Roe,ABC,7,8,
1966,44,9,13,"HAVE YOU SEEN YOUR MOTHER, BABY, STANDING IN THE SHADOW",The Rolling Stones,London,4,9,
1966,44,10,10,SEE SEE RIDER,Eric Burdon and the Animals,MGM,7,10,
1966,44,11,12,IF I WERE A CARPENTER,Bobby Darin,Atlantic,6,11,
1966,44,12,17,GO AWAY LITTLE GIRL,The Happenings,B.T. Puppy,5,12,
1966,44,13,4,CHERISH,The Association,Valiant,10,1,
1966,44,14,5,PSYCHOTIC REACTION,Count Five,Double Shot,8,5,
1966,44,15,16,B-A-B-Y,Carla Thomas,Stax,11,15,
1966,44,16,33,I’M YOUR PUPPET,James and Bobby Purify,Bell,6,16,
1966,44,17,14,"CHERRY, CHERRY",Neil Diamond,Bang,11,6,
1966,44,18,37,(You Don’t Have To) PAINT ME A PICTURE,Gary Lewis and the Playboys,Liberty,4,18,
1966,44,19,24,LOVE IS A HURTIN’ THING,Lou Rawls,Capitol,8,19,
1966,44,20,21,THE GREAT AIRPLANE STRIKE,Paul Revere and the Raiders Featuring Mark Lindsay,Columbia,5,20,
1966,44,21,23,LITTLE MAN,Sonny and Cher,Atco,5,21,
1966,44,22,27,THE HAIR ON MY CHINNY CHIN CHIN,Sam the Sham and the Pharaohs,MGM,5,22,
1966,44,23,15,I’VE GOT YOU UNDER MY SKIN,The Four Seasons,Philips,9,9,
1966,44,24,25,BORN FREE,Roger Williams,Kapp,10,24,
1966,44,25,18,YOU CAN’T HURRY LOVE,The Supremes,Motown,12,1,
1966,44,26,40,RAIN ON THE ROOF,The Lovin’ Spoonful,Kama Sutra,3,26,
1966,44,27,34,DEVIL WITH A BLUE DRESS ON AND GOOD GOLLY MISS MOLLY (Medley),Mitch Ryder and the Detroit Wheels,New Voice,4,27,
1966,44,28,19,BLACK IS BLACK,Los Bravos,Press,12,4,
1966,44,29,20,ALL I SEE IS YOU,Dusty Springfield,Philips,7,20,
1966,44,30,35,I JUST DON’T KNOW WHAT TO DO WITH MYSELF,Dionne Warwick,Scepter,5,30,
1966,44,31,42,COMING ON STRONG,Brenda Lee,Decca,5,31,
1966,44,32,28,GIRL ON A SWING,Gerry and the Pacemakers,Laurie,8,28,
1966,44,33,32,I CAN MAKE IT WITH YOU,Pozo-Seco Singers,Columbia,8,32,
1966,44,34,45,FA-FA-FA-FA-FA (Sad Song),Otis Redding,Volt,5,34,
1966,44,35,30,WIPE OUT,The Surfaris,Dot,30,2,
1966,44,36,38,MR. SPACEMAN,The Byrds,Columbia,6,36,
1966,44,37,22,BEAUTY IS ONLY SKIN DEEP,The Temptations,Gordy,11,3,
1966,44,38,81,GOOD VIBRATIONS,The Beach Boys,Capitol,2,38,
1966,44,39,70,WHO AM I,Petula Clark,Warner Brothers,2,39,
1966,44,40,26,ALL STRUNG OUT,Nino Tempo and April Stevens,White Whale,8,26,
1966,44,53,29,I REALLY DON’T WANT TO KNOW,Ronnie Dove,Diamond,9,22,
1966,44,41,46,I WANT TO BE WITH YOU,Dee Dee Warwick,Mercury,10,41,
1966,44,42,52,ALL THAT I AM,Elvis Presley,RCA Victor,4,42,
1966,44,43,44,COME ON UP,The Young Rascals,Atlantic,6,43,
1966,44,44,47,SPINOUT,Elvis Presley,RCA Victor,4,44,
1966,44,45,55,A SATISFIED MIND,Bobby Hebb,Philips,4,45,
1966,44,46,57,LADY GODIVA,Peter and Gordon,Capitol,4,46,
1966,44,47,49,MAS QUE NADA,Sergio Mendes and Brasil ’66,A&M,6,47,
1966,44,48,48,PLEASE MR. SUN,The Vogues,Co & Ce,6,48,
1966,44,49,59,SECRET LOVE,Billy Stewart,Chess,3,49,
1966,44,50,58,UP TIGHT,Ramsey Lewis,Cadet,3,50,
1966,45,1,2,LAST TRAIN TO CLARKSVILLE,The Monkees,Colgems,9,1,1 week at #1
1966,45,2,1,96 TEARS,? (Question Mark) and the Mysterians,Cameo,10,1,
1966,45,3,4,POOR SIDE OF TOWN,Johnny Rivers,Imperial,8,3,
1966,45,4,3,REACH OUT I’LL BE THERE,The Four Tops,Motown,10,1,
1966,45,5,6,DANDY,Herman’s Hermits,MGM,6,5,
1966,45,6,8,HOORAY FOR HAZEL,Tommy Roe,ABC,8,6,
1966,45,7,7,WHAT BECOMES OF THE BROKEN HEARTED,Jimmy Ruffin,Soul,12,7,
1966,45,8,11,IF I WERE A CARPENTER,Bobby Darin,Atlantic,7,8,
1966,45,9,9,"HAVE YOU SEEN YOUR MOTHER, BABY, STANDING IN THE SHADOW",The Rolling Stones,London,5,9,
1966,45,10,5,WALK AWAY RENEE,The Left Banke,Smash,9,5,
1966,45,11,16,I’M YOUR PUPPET,James and Bobby Purify,Bell,7,11,
1966,45,12,12,GO AWAY LITTLE GIRL,The Happenings,B.T. Puppy,6,12,
1966,45,13,19,LOVE IS A HURTIN’ THING,Lou Rawls,Capitol,9,13,
1966,45,14,15,B-A-B-Y,Carla Thomas,Stax,12,14,
1966,45,15,18,(You Don’t Have To) PAINT ME A PICTURE,Gary Lewis and the Playboys,Liberty,5,15,
1966,45,16,10,SEE SEE RIDER,Eric Burdon and the Animals,MGM,8,10,
1966,45,17,38,GOOD VIBRATIONS,The Beach Boys,Capitol,3,17,
1966,45,18,27,DEVIL WITH A BLUE DRESS ON AND GOOD GOLLY MISS MOLLY (Medley),Mitch Ryder and the Detroit Wheels,New Voice,5,18,
1966,45,19,24,BORN FREE,Roger Williams,Kapp,11,19,
1966,45,20,26,RAIN ON THE ROOF,The Lovin’ Spoonful,Kama Sutra,4,20,
1966,45,21,13,CHERISH,The Association,Valiant,11,1,
1966,45,22,22,THE HAIR ON MY CHINNY CHIN CHIN,Sam the Sham and the Pharaohs,MGM,6,22,
1966,45,23,14,PSYCHOTIC REACTION,Count Five,Double Shot,9,5,
1966,45,24,66,WINCHESTER CATHEDRAL,The New Vaudeville Band,Fontana,2,24,
1966,45,25,31,COMING ON STRONG,Brenda Lee,Decca,6,25,
1966,45,26,20,THE GREAT AIRPLANE STRIKE,Paul Revere and the Raiders Featuring Mark Lindsay,Columbia,6,20,
1966,45,27,68,YOU KEEP ME HANGIN’ ON,The Supremes,Motown,2,27,
1966,45,28,30,I JUST DON’T KNOW WHAT TO DO WITH MYSELF,Dionne Warwick,Scepter,6,28,
1966,45,29,46,LADY GODIVA,Peter and Gordon,Capitol,5,29,
1966,45,30,39,WHO AM I,Petula Clark,Warner Brothers,3,30,
1966,45,31,17,"CHERRY, CHERRY",Neil Diamond,Bang,12,6,
1966,45,32,34,FA-FA-FA-FA-FA (Sad Song),Otis Redding,Volt,6,32,
1966,45,33,33,I CAN MAKE IT WITH YOU,Pozo-Seco Singers,Columbia,9,32,
1966,45,34,51,LOOK THROUGH MY WINDOW,The Mamas and the Papas,Dunhill,3,34,
1966,45,35,21,LITTLE MAN,Sonny and Cher,Atco,6,21,
1966,45,36,23,I’VE GOT YOU UNDER MY SKIN,The Four Seasons,Philips,10,9,
1966,45,37,49,SECRET LOVE,Billy Stewart,Chess,4,37,
1966,45,38,54,BUT IT’S ALRIGHT,J.J. Jackson,Calla,6,38,
1966,45,39,45,A SATISFIED MIND,Bobby Hebb,Philips,5,39,
1966,45,40,44,SPINOUT,Elvis Presley,RCA Victor,5,40,
1966,45,44,32,GIRL ON A SWING,Gerry and the Pacemakers,Laurie,9,28,
1966,45,48,37,BEAUTY IS ONLY SKIN DEEP,The Temptations,Gordy,12,3,
1966,45,50,25,YOU CAN’T HURRY LOVE,The Supremes,Motown,13,1,
1966,45,54,29,ALL I SEE IS YOU,Dusty Springfield,Philips,8,20,
1966,45,55,36,MR. SPACEMAN,The Byrds,Columbia,7,36,
1966,45,41,52,AIN’T GONNA LIE,Keith,Mercury,8,41,
1966,45,42,42,ALL THAT I AM,Elvis Presley,RCA Victor,5,42,
1966,45,43,76,STOP STOP STOP,The Hollies,Imperial,2,43,
1966,45,45,55,I CAN’T CONTROL MYSELF,The Troggs,Atco/Fontana,4,45,
1966,45,46,59,"LOUIE, LOUIE",The Sandpipers,A&M,3,46,
1966,45,47,47,MAS QUE NADA,Sergio Mendes and Brasil ’66,A&M,7,47,
1966,46,1,3,POOR SIDE OF TOWN,Johnny Rivers,Imperial,9,1,1 week at #1
1966,46,2,1,LAST TRAIN TO CLARKSVILLE,The Monkees,Colgems,10,1,
1966,46,3,2,96 TEARS,? (Question Mark) and the Mysterians,Cameo,11,1,
1966,46,4,17,GOOD VIBRATIONS,The Beach Boys,Capitol,4,4,
1966,46,5,5,DANDY,Herman’s Hermits,MGM,7,5,
1966,46,6,24,WINCHESTER CATHEDRAL,The New Vaudeville Band,Fontana,3,6,
1966,46,7,27,YOU KEEP ME HANGIN’ ON,The Supremes,Motown,3,7,
1966,46,8,8,IF I WERE A CARPENTER,Bobby Darin,Atlantic,8,8,
1966,46,9,18,DEVIL WITH A BLUE DRESS ON AND GOOD GOLLY MISS MOLLY (Medley),Mitch Ryder and the Detroit Wheels,New Voice,6,9,
1966,46,10,11,I’M YOUR PUPPET,James and Bobby Purify,Bell,8,10,
1966,46,11,4,REACH OUT I’LL BE THERE,The Four Tops,Motown,11,1,
1966,46,12,10,WALK AWAY RENEE,The Left Banke,Smash,10,5,
1966,46,13,13,LOVE IS A HURTIN’ THING,Lou Rawls,Capitol,10,13,
1966,46,14,6,HOORAY FOR HAZEL,Tommy Roe,ABC,9,6,
1966,46,15,20,RAIN ON THE ROOF,The Lovin’ Spoonful,Kama Sutra,5,15,
1966,46,16,9,"HAVE YOU SEEN YOUR MOTHER, BABY, STANDING IN THE SHADOW",The Rolling Stones,London,6,9,
1966,46,17,19,BORN FREE,Roger Williams,Kapp,12,17,
1966,46,18,7,WHAT BECOMES OF THE BROKEN HEARTED,Jimmy Ruffin,Soul,13,7,
1966,46,19,12,GO AWAY LITTLE GIRL,The Happenings,B.T. Puppy,7,12,
1966,46,20,25,COMING ON STRONG,Brenda Lee,Decca,7,20,
1966,46,21,29,LADY GODIVA,Peter and Gordon,Capitol,6,21,
1966,46,22,30,WHO AM I,Petula Clark,Warner Brothers,4,22,
1966,46,23,16,SEE SEE RIDER,Eric Burdon and the Animals,MGM,9,10,
1966,46,24,15,(You Don’t Have To) PAINT ME A PICTURE,Gary Lewis and the Playboys,Liberty,6,15,
1966,46,25,34,LOOK THROUGH MY WINDOW,The Mamas and the Papas,Dunhill,4,25,
1966,46,26,28,I JUST DON’T KNOW WHAT TO DO WITH MYSELF,Dionne Warwick,Scepter,7,26,
1966,46,27,14,B-A-B-Y,Carla Thomas,Stax,13,14,
1966,46,28,22,THE HAIR ON MY CHINNY CHIN CHIN,Sam the Sham and the Pharaohs,MGM,7,22,
1966,46,29,32,FA-FA-FA-FA-FA (Sad Song),Otis Redding,Volt,7,29,
1966,46,30,38,BUT IT’S ALRIGHT,J.J. Jackson,Calla,7,30,
1966,46,31,43,STOP STOP STOP,The Hollies,Imperial,3,31,
1966,46,32,21,CHERISH,The Association,Valiant,12,1,
1966,46,33,23,PSYCHOTIC REACTION,Count Five,Double Shot,10,5,
1966,46,34,57,I’M READY FOR LOVE,Martha and the Vandellas,Gordy,3,34,
1966,46,35,33,I CAN MAKE IT WITH YOU,Pozo-Seco Singers,Columbia,10,32,
1966,46,36,26,THE GREAT AIRPLANE STRIKE,Paul Revere and the Raiders Featuring Mark Lindsay,Columbia,7,20,
1966,46,37,37,SECRET LOVE,Billy Stewart,Chess,5,37,
1966,46,38,46,"LOUIE, LOUIE",The Sandpipers,A&M,4,38,
1966,46,39,41,AIN’T GONNA LIE,Keith,Mercury,9,39,
1966,46,40,40,SPINOUT,Elvis Presley,RCA Victor,6,40,
1966,46,41,39,A SATISFIED MIND,Bobby Hebb,Philips,6,39,
1966,46,44,35,LITTLE MAN,Sonny and Cher,Atco,7,21,
1966,46,42,42,ALL THAT I AM,Elvis Presley,RCA Victor,6,42,
1966,46,43,45,I CAN’T CONTROL MYSELF,The Troggs,Atco/Fontana,5,43,
1966,46,45,58,KNOCK ON WOOD,Eddie Floyd,Stax,10,45,
1966,46,46,65,HOLY COW,Lee Dorsey,Amy,4,46,
1966,46,47,81,A HAZY SHADE OF WINTER,Simon and Garfunkel,Columbia,2,47,
1966,46,48,47,MAS QUE NADA,Sergio Mendes and Brasil ‘66,A&M,8,47,
1966,46,49,56,THE WHEEL OF HURT,Margaret Whiting,London,6,49,
1966,46,50,53,DON’T BE A DROP-OUT,James Brown and the Famous Flames,King,6,50,
1966,47,1,7,YOU KEEP ME HANGIN’ ON,The Supremes,Motown,4,1,1 week at #1
1966,47,2,4,GOOD VIBRATIONS,The Beach Boys,Capitol,5,2,
1966,47,3,6,WINCHESTER CATHEDRAL,The New Vaudeville Band,Fontana,4,3,
1966,47,4,2,LAST TRAIN TO CLARKSVILLE,The Monkees,Colgems,11,1,
1966,47,5,1,POOR SIDE OF TOWN,Johnny Rivers,Imperial,10,1,
1966,47,6,9,DEVIL WITH A BLUE DRESS ON AND GOOD GOLLY MISS MOLLY (Medley),Mitch Ryder and the Detroit Wheels,New Voice,7,6,
1966,47,7,10,I’M YOUR PUPPET,James and Bobby Purify,Bell,9,7,
1966,47,8,3,96 TEARS,? (Question Mark) and the Mysterians,Cameo,12,1,
1966,47,9,8,IF I WERE A CARPENTER,Bobby Darin,Atlantic,9,8,
1966,47,10,15,RAIN ON THE ROOF,The Lovin’ Spoonful,Kama Sutra,6,10,
1966,47,11,21,LADY GODIVA,Peter and Gordon,Capitol,7,11,
1966,47,12,17,BORN FREE,Roger Williams,Kapp,13,12,
1966,47,13,13,LOVE IS A HURTIN’ THING,Lou Rawls,Capitol,11,13,
1966,47,14,11,REACH OUT I’LL BE THERE,The Four Tops,Motown,12,1,
1966,47,15,14,HOORAY FOR HAZEL,Tommy Roe,ABC,10,6,
1966,47,16,12,WALK AWAY RENEE,The Left Banke,Smash,11,5,
1966,47,17,20,COMING ON STRONG,Brenda Lee,Decca,8,17,
1966,47,18,18,WHAT BECOMES OF THE BROKEN HEARTED,Jimmy Ruffin,Soul,14,7,
1966,47,19,5,DANDY,Herman’s Hermits,MGM,8,5,
1966,47,20,31,STOP STOP STOP,The Hollies,Imperial,4,20,
1966,47,21,34,I’M READY FOR LOVE,Martha and the Vandellas,Gordy,4,21,
1966,47,22,22,WHO AM I,Petula Clark,Warner Brothers,5,22,
1966,47,23,47,A HAZY SHADE OF WINTER,Simon and Garfunkel,Columbia,3,23,
1966,47,24,65,MELLOW YELLOW,Donovan,Epic,2,24,
1966,47,25,25,LOOK THROUGH MY WINDOW,The Mamas and the Papas,Dunhill,5,25,
1966,47,26,30,BUT IT’S ALRIGHT,J.J. Jackson,Calla,8,26,
1966,47,27,27,B-A-B-Y,Carla Thomas,Stax,14,14,
1966,47,28,24,(You Don’t Have To) PAINT ME A PICTURE,Gary Lewis and the Playboys,Liberty,7,15,
1966,47,29,37,SECRET LOVE,Billy Stewart,Chess,6,29,
1966,47,30,19,GO AWAY LITTLE GIRL,The Happenings,B.T. Puppy,8,12,
1966,47,31,26,I JUST DON’T KNOW WHAT TO DO WITH MYSELF,Dionne Warwick,Scepter,8,26,
1966,47,32,38,"LOUIE, LOUIE",The Sandpipers,A&M,5,32,
1966,47,33,49,THE WHEEL OF HURT,Margaret Whiting,London,7,33,
1966,47,34,46,HOLY COW,Lee Dorsey,Amy,5,34,
1966,47,35,33,PSYCHOTIC REACTION,Count Five,Double Shot,11,5,
1966,47,36,32,CHERISH,The Association,Valiant,13,1,
1966,47,37,45,KNOCK ON WOOD,Eddie Floyd,Stax,11,37,
1966,47,38,29,FA-FA-FA-FA-FA (Sad Song),Otis Redding,Volt,8,29,
1966,47,39,55,WHISPERS (Gettin’ Louder),Jackie Wilson,Brunswick,5,39,
1966,47,40,51,IT TEARS ME UP,Percy Sledge,Atlantic,5,40,
1966,47,42,39,AIN’T GONNA LIE,Keith,Mercury,10,39,
1966,47,44,36,THE GREAT AIRPLANE STRIKE,Paul Revere and the Raiders Featuring Mark Lindsay,Columbia,8,20,
1966,47,45,23,SEE SEE RIDER,Eric Burdon and the Animals,MGM,10,10,
1966,47,46,16,"HAVE YOU SEEN YOUR MOTHER, BABY, STANDING IN THE SHADOW",The Rolling Stones,London,7,9,
1966,47,49,35,I CAN MAKE IT WITH YOU,Pozo-Seco Singers,Columbia,11,32,
1966,47,50,28,THE HAIR ON MY CHINNY CHIN CHIN,Sam the Sham and the Pharaohs,MGM,8,22,
1966,47,68,40,SPINOUT,Elvis Presley,RCA Victor,7,40,
1966,47,41,42,ALL THAT I AM,Elvis Presley,RCA Victor,7,41,
1966,47,43,57,"RUN, RUN, LOOK AND SEE",Brian Hyland,Philips,5,43,
1966,47,47,58,ON THIS SIDE OF GOODBYE,The Righteous Brothers,Verve,4,47,
1966,47,48,54,NINETEEN DAYS,The Dave Clark Five,Epic,5,48,
1966,48,1,1,YOU KEEP ME HANGIN’ ON,The Supremes,Motown,5,1,2 weeks at #1
1966,48,2,2,GOOD VIBRATIONS,The Beach Boys,Capitol,6,2,
1966,48,3,3,WINCHESTER CATHEDRAL,The New Vaudeville Band,Fontana,5,3,
1966,48,4,6,DEVIL WITH A BLUE DRESS ON AND GOOD GOLLY MISS MOLLY (Medley),Mitch Ryder and the Detroit Wheels,New Voice,8,4,
1966,48,5,5,POOR SIDE OF TOWN,Johnny Rivers,Imperial,11,1,
1966,48,6,7,I’M YOUR PUPPET,James and Bobby Purify,Bell,10,6,
1966,48,7,4,LAST TRAIN TO CLARKSVILLE,The Monkees,Colgems,12,1,
1966,48,8,11,LADY GODIVA,Peter and Gordon,Capitol,8,8,
1966,48,9,24,MELLOW YELLOW,Donovan,Epic,3,9,
1966,48,10,12,BORN FREE,Roger Williams,Kapp,14,10,
1966,48,11,8,96 TEARS,? (Question Mark) and the Mysterians,Cameo,13,1,
1966,48,12,17,COMING ON STRONG,Brenda Lee,Decca,9,12,
1966,48,13,20,STOP STOP STOP,The Hollies,Imperial,5,13,
1966,48,14,10,RAIN ON THE ROOF,The Lovin’ Spoonful,Kama Sutra,7,10,
1966,48,15,9,IF I WERE A CARPENTER,Bobby Darin,Atlantic,10,8,
1966,48,16,21,I’M READY FOR LOVE,Martha and the Vandellas,Gordy,5,16,
1966,48,17,23,A HAZY SHADE OF WINTER,Simon and Garfunkel,Columbia,4,17,
1966,48,18,13,LOVE IS A HURTIN’ THING,Lou Rawls,Capitol,12,13,
1966,48,19,15,HOORAY FOR HAZEL,Tommy Roe,ABC,11,6,
1966,48,20,18,WHAT BECOMES OF THE BROKEN HEARTED,Jimmy Ruffin,Soul,15,7,
1966,48,21,22,WHO AM I,Petula Clark,Warner Brothers,6,21,
1966,48,22,14,REACH OUT I’LL BE THERE,The Four Tops,Motown,13,1,
1966,48,23,16,WALK AWAY RENEE,The Left Banke,Smash,12,5,
1966,48,24,25,LOOK THROUGH MY WINDOW,The Mamas and the Papas,Dunhill,6,24,
1966,48,25,19,DANDY,Herman’s Hermits,MGM,9,5,
1966,48,26,39,WHISPERS (Gettin’ Louder),Jackie Wilson,Brunswick,6,26,
1966,48,27,58,I GOT THE FEELIN’ (Oh No No),Neil Diamond,Bang,3,27,
1966,48,28,26,BUT IT’S ALRIGHT,J.J. Jackson,Calla,9,26,
1966,48,29,29,SECRET LOVE,Billy Stewart,Chess,7,29,
1966,48,30,32,"LOUIE, LOUIE",The Sandpipers,A&M,6,30,
1966,48,31,33,THE WHEEL OF HURT,Margaret Whiting,London,8,31,
1966,48,32,34,HOLY COW,Lee Dorsey,Amy,6,32,
1966,48,33,43,"RUN, RUN, LOOK AND SEE",Brian Hyland,Philips,6,33,
1966,48,34,40,IT TEARS ME UP,Percy Sledge,Atlantic,6,34,
1966,48,35,37,KNOCK ON WOOD,Eddie Floyd,Stax,12,35,
1966,48,36,55,(Come ‘Round Here) I’M THE ONE YOU NEED,The Miracles,Tamla,4,36,
1966,48,37,53,A PLACE IN THE SUN,Stevie Wonder,Tamla,3,37,
1966,48,38,27,B-A-B-Y,Carla Thomas,Stax,15,14,
1966,48,39,57,(When She Needs Good Lovin’) SHE COMES TO ME,The Chicago Loop,DynoVoice,4,39,
1966,48,40,28,(You Don’t Have To) PAINT ME A PICTURE,Gary Lewis and the Playboys,Liberty,8,15,
1966,48,41,35,PSYCHOTIC REACTION,Count Five,Double Shot,12,5,
1966,48,44,36,CHERISH,The Association,Valiant,14,1,
1966,48,48,30,GO AWAY LITTLE GIRL,The Happenings,B.T. Puppy,9,12,
1966,48,42,75,THAT’S LIFE,Frank Sinatra,Reprise,2,42,
1966,48,43,79,(I Know) I’M LOSING YOU,The Temptations,Gordy,2,43,
1966,48,45,82,MAME,Herb Alpert and the Tijuana Brass,A&M,2,45,
1966,48,46,54,TIME AFTER TIME,Chris Montez,A&M,5,46,
1966,48,47,47,ON THIS SIDE OF GOODBYE,The Righteous Brothers,Verve,5,47,
1966,48,49,48,NINETEEN DAYS,The Dave Clark Five,Epic,6,48,
1966,48,50,60,HELP ME GIRL,The Outsiders,Capitol,5,50,
1966,49,1,3,WINCHESTER CATHEDRAL,The New Vaudeville Band,Fontana,6,1,1 week at #1
1966,49,2,2,GOOD VIBRATIONS,The Beach Boys,Capitol,7,2,
1966,49,3,1,YOU KEEP ME HANGIN’ ON,The Supremes,Motown,6,1,
1966,49,4,4,DEVIL WITH A BLUE DRESS ON AND GOOD GOLLY MISS MOLLY (Medley),Mitch Ryder and the Detroit Wheels,New Voice,9,4,
1966,49,5,9,MELLOW YELLOW,Donovan,Epic,4,5,
1966,49,6,6,I’M YOUR PUPPET,James and Bobby Purify,Bell,11,6,
1966,49,7,8,LADY GODIVA,Peter and Gordon,Capitol,9,7,
1966,49,8,10,BORN FREE,Roger Williams,Kapp,15,8,
1966,49,9,5,POOR SIDE OF TOWN,Johnny Rivers,Imperial,12,1,
1966,49,10,7,LAST TRAIN TO CLARKSVILLE,The Monkees,Colgems,13,1,
1966,49,11,12,COMING ON STRONG,Brenda Lee,Decca,10,11,
1966,49,12,16,I’M READY FOR LOVE,Martha and the Vandellas,Gordy,6,12,
1966,49,13,13,STOP STOP STOP,The Hollies,Imperial,6,13,
1966,49,14,17,A HAZY SHADE OF WINTER,Simon and Garfunkel,Columbia,5,14,
1966,49,15,42,THAT’S LIFE,Frank Sinatra,Reprise,3,15,
1966,49,16,26,WHISPERS (Gettin’ Louder),Jackie Wilson,Brunswick,7,16,
1966,49,17,27,I GOT THE FEELIN’ (Oh No No),Neil Diamond,Bang,4,17,
1966,49,18,11,96 TEARS,? (Question Mark) and the Mysterians,Cameo,14,1,
1966,49,19,14,RAIN ON THE ROOF,The Lovin’ Spoonful,Kama Sutra,8,10,
1966,49,20,36,(Come ‘Round Here) I’M THE ONE YOU NEED,The Miracles,Tamla,5,20,
1966,49,21,19,HOORAY FOR HAZEL,Tommy Roe,ABC,12,6,
1966,49,22,34,IT TEARS ME UP,Percy Sledge,Atlantic,7,22,
1966,49,23,37,A PLACE IN THE SUN,Stevie Wonder,Tamla,4,23,
1966,49,24,32,HOLY COW,Lee Dorsey,Amy,7,24,
1966,49,25,20,WHAT BECOMES OF THE BROKEN HEARTED,Jimmy Ruffin,Soul,16,7,
1966,49,26,31,THE WHEEL OF HURT,Margaret Whiting,London,9,26,
1966,49,27,28,BUT IT’S ALRIGHT,J.J. Jackson,Calla,10,27,
1966,49,28,33,"RUN, RUN, LOOK AND SEE",Brian Hyland,Philips,7,28,
1966,49,29,35,KNOCK ON WOOD,Eddie Floyd,Stax,13,29,
1966,49,30,18,LOVE IS A HURTIN’ THING,Lou Rawls,Capitol,13,13,
1966,49,31,45,MAME,Herb Alpert and the Tijuana Brass,A&M,3,31,
1966,49,32,43,(I Know) I’M LOSING YOU,The Temptations,Gordy,3,32,
1966,49,33,15,IF I WERE A CARPENTER,Bobby Darin,Atlantic,11,8,
1966,49,34,21,WHO AM I,Petula Clark,Warner Brothers,7,21,
1966,49,35,30,"LOUIE, LOUIE",The Sandpipers,A&M,7,30,
1966,49,36,46,TIME AFTER TIME,Chris Montez,A&M,6,36,
1966,49,37,39,(When She Needs Good Lovin’) SHE COMES TO ME,The Chicago Loop,DynoVoice,5,37,
1966,49,38,22,REACH OUT I’LL BE THERE,The Four Tops,Motown,14,1,
1966,49,39,25,DANDY,Herman’s Hermits,MGM,10,5,
1966,49,40,29,SECRET LOVE,Billy Stewart,Chess,8,29,
1966,49,41,24,LOOK THROUGH MY WINDOW,The Mamas and the Papas,Dunhill,7,24,
1966,49,43,23,WALK AWAY RENEE,The Left Banke,Smash,13,5,
1966,49,45,38,B-A-B-Y,Carla Thomas,Stax,16,14,
1966,49,42,56,IT’S ONLY LOVE,Tommy James and the Shondells,Roulette,5,42,
1966,49,44,62,SUGAR TOWN,Nancy Sinatra,Reprise,3,44,
1966,49,46,57,GAMES THAT LOVERS PLAY,Eddie Fisher,RCA Victor,6,46,
1966,49,47,58,TALK TALK,The Music Machine,Original Sound,4,47,
1966,49,48,50,HELP ME GIRL,The Outsiders,Capitol,6,48,
1966,49,49,53,"WISH YOU WERE HERE, BUDDY",Pat Boone,Dot,7,49,
1966,49,50,52,HEAVEN MUST HAVE SENT YOU,The Elgins,V.I.P.,7,50,
1966,50,1,2,GOOD VIBRATIONS,The Beach Boys,Capitol,8,1,1 week at #1
1966,50,2,5,MELLOW YELLOW,Donovan,Epic,5,2,
1966,50,3,1,WINCHESTER CATHEDRAL,The New Vaudeville Band,Fontana,7,1,
1966,50,4,4,DEVIL WITH A BLUE DRESS ON AND GOOD GOLLY MISS MOLLY (Medley),Mitch Ryder and the Detroit Wheels,New Voice,10,4,
1966,50,5,3,YOU KEEP ME HANGIN’ ON,The Supremes,Motown,7,1,
1966,50,6,7,LADY GODIVA,Peter and Gordon,Capitol,10,6,
1966,50,7,13,STOP STOP STOP,The Hollies,Imperial,7,7,
1966,50,8,8,BORN FREE,Roger Williams,Kapp,16,8,
1966,50,9,12,I’M READY FOR LOVE,Martha and the Vandellas,Gordy,7,9,
1966,50,10,15,THAT’S LIFE,Frank Sinatra,Reprise,4,10,
1966,50,11,16,WHISPERS (Gettin’ Louder),Jackie Wilson,Brunswick,8,11,
1966,50,12,6,I’M YOUR PUPPET,James and Bobby Purify,Bell,12,6,
1966,50,13,14,A HAZY SHADE OF WINTER,Simon and Garfunkel,Columbia,6,13,
1966,50,14,23,A PLACE IN THE SUN,Stevie Wonder,Tamla,5,14,
1966,50,15,9,POOR SIDE OF TOWN,Johnny Rivers,Imperial,13,1,
1966,50,16,44,SUGAR TOWN,Nancy Sinatra,Reprise,4,16,
1966,50,17,17,I GOT THE FEELIN’ (Oh No No),Neil Diamond,Bang,5,17,
1966,50,18,20,(Come ‘Round Here) I’M THE ONE YOU NEED,The Miracles,Tamla,6,18,
1966,50,19,32,(I Know) I’M LOSING YOU,The Temptations,Gordy,4,19,
1966,50,20,11,COMING ON STRONG,Brenda Lee,Decca,11,11,
1966,50,21,22,IT TEARS ME UP,Percy Sledge,Atlantic,8,21,
1966,50,22,27,BUT IT’S ALRIGHT,J.J. Jackson,Calla,11,22,
1966,50,23,24,HOLY COW,Lee Dorsey,Amy,8,23,
1966,50,24,31,MAME,Herb Alpert and the Tijuana Brass,A&M,4,24,
1966,50,25,28,"RUN, RUN, LOOK AND SEE",Brian Hyland,Philips,8,25,
1966,50,26,26,THE WHEEL OF HURT,Margaret Whiting,London,10,26,
1966,50,27,10,LAST TRAIN TO CLARKSVILLE,The Monkees,Colgems,14,1,
1966,50,28,29,KNOCK ON WOOD,Eddie Floyd,Stax,14,28,
1966,50,29,25,WHAT BECOMES OF THE BROKEN HEARTED,Jimmy Ruffin,Soul,17,7,
1966,50,30,19,RAIN ON THE ROOF,The Lovin’ Spoonful,Kama Sutra,9,10,
1966,50,31,53,SINGLE GIRL,Sandy Posey,MGM,4,31,
1966,50,32,42,IT’S ONLY LOVE,Tommy James and the Shondells,Roulette,6,32,
1966,50,33,56,I NEED SOMEBODY,? (Question Mark) and the Mysterians,Cameo,4,33,
1966,50,34,52,MUSTANG SALLY,Wilson Pickett,Atlantic,3,34,
1966,50,35,57,CRY,Ronnie Dove,Diamond,3,35,
1966,50,36,36,TIME AFTER TIME,Chris Montez,A&M,7,36,
1966,50,37,47,TALK TALK,The Music Machine,Original Sound,5,37,
1966,50,38,48,HELP ME GIRL,The Outsiders,Capitol,7,38,
1966,50,39,37,(When She Needs Good Lovin’) SHE COMES TO ME,The Chicago Loop,DynoVoice,6,37,
1966,50,40,21,HOORAY FOR HAZEL,Tommy Roe,ABC,13,6,
1966,50,41,18,96 TEARS,? (Question Mark) and the Mysterians,Cameo,15,1,
1966,50,47,38,REACH OUT I’LL BE THERE,The Four Tops,Motown,15,1,
1966,50,48,30,LOVE IS A HURTIN’ THING,Lou Rawls,Capitol,14,13,
1966,50,49,39,DANDY,Herman’s Hermits,MGM,11,5,
1966,50,42,55,COMING HOME SOLDIER,Bobby Vinton,Epic,4,42,
1966,50,43,58,PANDORA’S GOLDEN HEEBIE JEEBIES,The Association,Valiant,3,43,
1966,50,45,46,GAMES THAT LOVERS PLAY,Eddie Fisher,RCA Victor,7,45,
1966,50,46,81,WORDS OF LOVE,The Mamas and the Papas,Dunhill,2,46,
1966,50,50,67,I FOOLED YOU THIS TIME,Gene Chandler,Checker,3,50,
1966,51,1,3,WINCHESTER CATHEDRAL,The New Vaudeville Band,Fontana,8,1,2 weeks at #1
1966,51,2,2,MELLOW YELLOW,Donovan,Epic,6,2,
1966,51,3,1,GOOD VIBRATIONS,The Beach Boys,Capitol,9,1,
1966,51,4,4,DEVIL WITH A BLUE DRESS ON AND GOOD GOLLY MISS MOLLY (Medley),Mitch Ryder and the Detroit Wheels,New Voice,11,4,
1966,51,5,5,YOU KEEP ME HANGIN’ ON,The Supremes,Motown,8,1,
1966,51,6,10,THAT’S LIFE,Frank Sinatra,Reprise,5,6,
1966,51,7,8,BORN FREE,Roger Williams,Kapp,17,7,
1966,51,8,44,I’M A BELIEVER,The Monkees,Colgems,2,8,
1966,51,9,16,SUGAR TOWN,Nancy Sinatra,Reprise,5,9,
1966,51,10,14,A PLACE IN THE SUN,Stevie Wonder,Tamla,6,10,
1966,51,11,11,WHISPERS (Gettin’ Louder),Jackie Wilson,Brunswick,9,11,
1966,51,12,19,(I Know) I’M LOSING YOU,The Temptations,Gordy,5,12,
1966,51,13,6,LADY GODIVA,Peter and Gordon,Capitol,11,6,
1966,51,14,9,I’M READY FOR LOVE,Martha and the Vandellas,Gordy,8,9,
1966,51,15,13,A HAZY SHADE OF WINTER,Simon and Garfunkel,Columbia,7,13,
1966,51,16,17,I GOT THE FEELIN’ (Oh No No),Neil Diamond,Bang,6,16,
1966,51,17,18,(Come ‘Round Here) I’M THE ONE YOU NEED,The Miracles,Tamla,7,17,
1966,51,18,7,STOP STOP STOP,The Hollies,Imperial,8,7,
1966,51,19,24,MAME,Herb Alpert and the Tijuana Brass,A&M,5,19,
1966,51,20,21,IT TEARS ME UP,Percy Sledge,Atlantic,9,20,
1966,51,21,12,I’M YOUR PUPPET,James and Bobby Purify,Bell,13,6,
1966,51,22,15,POOR SIDE OF TOWN,Johnny Rivers,Imperial,14,1,
1966,51,23,31,SINGLE GIRL,Sandy Posey,MGM,5,23,
1966,51,24,37,TALK TALK,The Music Machine,Original Sound,6,24,
1966,51,25,51,TELL IT LIKE IT IS,Aaron Neville,Par-Lo,3,25,
1966,51,26,35,CRY,Ronnie Dove,Diamond,4,26,
1966,51,27,33,I NEED SOMEBODY,? (Question Mark) and the Mysterians,Cameo,5,27,
1966,51,28,28,KNOCK ON WOOD,Eddie Floyd,Stax,15,28,
1966,51,29,34,MUSTANG SALLY,Wilson Pickett,Atlantic,4,29,
1966,51,31,32,IT’S ONLY LOVE,Tommy James and the Shondells,Roulette,7,31,
1966,51,32,42,COMING HOME SOLDIER,Bobby Vinton,Epic,5,32,
1966,51,33,20,COMING ON STRONG,Brenda Lee,Decca,12,11,
1966,51,34,22,BUT IT’S ALRIGHT,J.J. Jackson,Calla,12,22,
1966,51,35,66,GOOD THING,Paul Revere and the Raiders Featuring Mark Lindsay,Columbia,3,35,
1966,51,36,46,WORDS OF LOVE,The Mamas and the Papas,Dunhill,3,36,
1966,51,37,38,HELP ME GIRL,The Outsiders,Capitol,8,37,
1966,51,38,23,HOLY COW,Lee Dorsey,Amy,9,23,
1966,51,39,43,PANDORA’S GOLDEN HEEBIE JEEBIES,The Association,Valiant,4,39,
1966,51,40,26,THE WHEEL OF HURT,Margaret Whiting,London,11,26,
1966,51,42,25,"RUN, RUN, LOOK AND SEE",Brian Hyland,Philips,9,25,
1966,51,43,27,LAST TRAIN TO CLARKSVILLE,The Monkees,Colgems,15,1,
1966,51,44,30,RAIN ON THE ROOF,The Lovin’ Spoonful,Kama Sutra,10,10,
1966,51,50,36,TIME AFTER TIME,Chris Montez,A&M,8,36,
1966,51,54,39,(When She Needs Good Lovin’) SHE COMES TO ME,The Chicago Loop,DynoVoice,7,37,
1966,51,41,60,EAST WEST,Herman’s Hermits,MGM,3,41,
1966,51,45,45,GAMES THAT LOVERS PLAY,Eddie Fisher,RCA Victor,8,45,
1966,51,46,58,I’VE PASSED THIS WAY BEFORE,Jimmy Ruffin,Soul,3,46,
1966,51,47,57,HAPPENINGS TEN YEARS TIME AGO,The Yardbirds,Epic,4,47,
1966,51,48,50,I FOOLED YOU THIS TIME,Gene Chandler,Checker,4,48,
1966,51,49,59,HELP ME GIRL,Eric Burdon and the Animals,MGM,4,49,
1966,52,1,1,WINCHESTER CATHEDRAL,The New Vaudeville Band,Fontana,9,1,3 weeks at #1
1966,52,2,2,MELLOW YELLOW,Donovan,Epic,7,2,
1966,52,3,8,I’M A BELIEVER,The Monkees,Colgems,3,3,
1966,52,4,6,THAT’S LIFE,Frank Sinatra,Reprise,6,4,
1966,52,5,4,DEVIL WITH A BLUE DRESS ON AND GOOD GOLLY MISS MOLLY (Medley),Mitch Ryder and the Detroit Wheels,New Voice,11,4,
1966,52,6,9,SUGAR TOWN,Nancy Sinatra,Reprise,6,6,
1966,52,7,30,SNOOPY VS. THE RED BARON,The Royal Guardsmen,Laurie,2,7,
1966,52,8,3,GOOD VIBRATIONS,The Beach Boys,Capitol,10,1,
1966,52,9,10,A PLACE IN THE SUN,Stevie Wonder,Tamla,7,9,
1966,52,10,12,(I Know) I’M LOSING YOU,The Temptations,Gordy,6,10,
1966,52,11,5,YOU KEEP ME HANGIN’ ON,The Supremes,Motown,9,1,
1966,52,12,7,BORN FREE,Roger Williams,Kapp,18,7,
1966,52,13,11,WHISPERS (Gettin’ Louder),Jackie Wilson,Brunswick,10,11,
1966,52,14,25,TELL IT LIKE IT IS,Aaron Neville,Par-Lo,4,14,
1966,52,15,13,LADY GODIVA,Peter and Gordon,Capitol,12,6,
1966,52,16,16,I GOT THE FEELIN’ (Oh No No),Neil Diamond,Bang,7,16,
1966,52,17,23,SINGLE GIRL,Sandy Posey,MGM,6,17,
1966,52,18,26,CRY,Ronnie Dove,Diamond,5,18,
1966,52,19,19,MAME,Herb Alpert and the Tijuana Brass,A&M,6,19,
1966,52,20,32,COMING HOME SOLDIER,Bobby Vinton,Epic,6,20,
1966,52,21,24,TALK TALK,The Music Machine,Original Sound,7,21,
1966,52,22,27,I NEED SOMEBODY,? (Question Mark) and the Mysterians,Cameo,6,22,
1966,52,23,29,MUSTANG SALLY,Wilson Pickett,Atlantic,5,23,
1966,52,24,36,WORDS OF LOVE,The Mamas and the Papas,Dunhill,4,24,
1966,52,25,14,I’M READY FOR LOVE,Martha and the Vandellas,Gordy,9,9,
1966,52,26,18,STOP STOP STOP,The Hollies,Imperial,9,7,
1966,52,27,35,GOOD THING,Paul Revere and the Raiders Featuring Mark Lindsay,Columbia,4,27,
1966,52,28,15,A HAZY SHADE OF WINTER,Simon and Garfunkel,Columbia,8,13,
1966,52,29,41,EAST WEST,Herman’s Hermits,MGM,4,29,
1966,52,30,17,(Come ‘Round Here) I’M THE ONE YOU NEED,The Miracles,Tamla,8,17,
1966,52,31,58,TELL IT TO THE RAIN,The Four Seasons,Philips,3,31,
1966,52,32,31,IT’S ONLY LOVE,Tommy James and the Shondells,Roulette,8,31,
1966,52,33,46,I’VE PASSED THIS WAY BEFORE,Jimmy Ruffin,Soul,4,33,
1966,52,34,28,KNOCK ON WOOD,Eddie Floyd,Stax,16,28,
1966,52,35,39,PANDORA’S GOLDEN HEEBIE JEEBIES,The Association,Valiant,5,35,
1966,52,36,21,I’M YOUR PUPPET,James and Bobby Purify,Bell,14,6,
1966,52,37,20,IT TEARS ME UP,Percy Sledge,Atlantic,10,20,
1966,52,38,62,STANDING IN THE SHADOWS OF LOVE,The Four Tops,Motown,2,38,
1966,52,39,22,POOR SIDE OF TOWN,Johnny Rivers,Imperial,15,1,
1966,52,40,47,HAPPENINGS TEN YEARS TIME AGO,The Yardbirds,Epic,5,40,
1966,52,42,34,BUT IT’S ALRIGHT,J.J. Jackson,Calla,13,22,
1966,52,43,37,HELP ME GIRL,The Outsiders,Capitol,9,37,
1966,52,44,33,COMING ON STRONG,Brenda Lee,Decca,13,11,
1966,52,41,49,HELP ME GIRL,Eric Burdon and the Animals,MGM,5,41,
1966,52,45,86,NASHVILLE CATS,The Lovin’ Spoonful,Kama Sutra,2,45,
1966,52,46,56,TRY A LITTLE TENDERNESS,Otis Redding,Volt,4,46,
1966,52,47,45,GAMES THAT LOVERS PLAY,Eddie Fisher,RCA Victor,9,45,
1966,52,48,77,(I’m Not Your) STEPPIN’ STONE,The Monkees,Colgems,2,48,
1966,52,49,48,I FOOLED YOU THIS TIME,Gene Chandler,Checker,5,48,
1966,52,50,59,GEORGY GIRL,The Seekers,Capitol,4,50,
1966,53,1,3,I’M A BELIEVER,The Monkees,Colgems,4,1,1 week at #1
1966,53,2,7,SNOOPY VS. THE RED BARON,The Royal Guardsmen,Laurie,3,2,
1966,53,3,1,WINCHESTER CATHEDRAL,The New Vaudeville Band,Fontana,10,1,
1966,53,4,4,THAT’S LIFE,Frank Sinatra,Reprise,7,4,
1966,53,5,6,SUGAR TOWN,Nancy Sinatra,Reprise,7,5,
1966,53,6,2,MELLOW YELLOW,Donovan,Epic,8,2,
1966,53,7,14,TELL IT LIKE IT IS,Aaron Neville,Par-Lo,5,7,
1966,53,8,10,(I Know) I’M LOSING YOU,The Temptations,Gordy,7,8,
1966,53,9,9,A PLACE IN THE SUN,Stevie Wonder,Tamla,8,9,
1966,53,10,27,GOOD THING,Paul Revere and the Raiders Featuring Mark Lindsay,Columbia,5,10,
1966,53,11,5,DEVIL WITH A BLUE DRESS ON AND GOOD GOLLY MISS MOLLY (Medley),Mitch Ryder and the Detroit Wheels,New Voice,12,4,
1966,53,12,17,SINGLE GIRL,Sandy Posey,MGM,7,12,
1966,53,13,8,GOOD VIBRATIONS,The Beach Boys,Capitol,11,1,
1966,53,14,11,YOU KEEP ME HANGIN’ ON,The Supremes,Motown,10,1,
1966,53,15,38,STANDING IN THE SHADOWS OF LOVE,The Four Tops,Motown,3,15,
1966,53,16,21,TALK TALK,The Music Machine,Original Sound,8,16,
1966,53,17,20,COMING HOME SOLDIER,Bobby Vinton,Epic,7,17,
1966,53,18,18,CRY,Ronnie Dove,Diamond,6,18,
1966,53,19,24,WORDS OF LOVE,The Mamas and the Papas,Dunhill,5,19,
1966,53,20,12,BORN FREE,Roger Williams,Kapp,19,7,
1966,53,21,13,WHISPERS (Gettin’ Louder),Jackie Wilson,Brunswick,11,11,
1966,53,22,22,I NEED SOMEBODY,? (Question Mark) and the Mysterians,Cameo,7,22,
1966,53,23,31,TELL IT TO THE RAIN,The Four Seasons,Philips,4,23,
1966,53,24,19,MAME,Herb Alpert and the Tijuana Brass,A&M,7,19,
1966,53,25,15,LADY GODIVA,Peter and Gordon,Capitol,13,6,
1966,53,26,23,MUSTANG SALLY,Wilson Pickett,Atlantic,6,23,
1966,53,27,29,EAST WEST,Herman’s Hermits,MGM,5,27,
1966,53,28,33,I’VE PASSED THIS WAY BEFORE,Jimmy Ruffin,Soul,5,28,
1966,53,29,41,HELP ME GIRL,Eric Burdon and the Animals,MGM,6,29,
1966,53,30,40,HAPPENINGS TEN YEARS TIME AGO,The Yardbirds,Epic,6,30,
1966,53,31,16,I GOT THE FEELIN’ (Oh No No),Neil Diamond,Bang,8,16,
1966,53,32,48,(I’m Not Your) STEPPIN’ STONE,The Monkees,Colgems,3,32,
1966,53,33,45,NASHVILLE CATS,The Lovin’ Spoonful,Kama Sutra,3,33,
1966,53,34,30,(Come ‘Round Here) I’M THE ONE YOU NEED,The Miracles,Tamla,9,17,
1966,53,35,35,PANDORA’S GOLDEN HEEBIE JEEBIES,The Association,Valiant,6,35,
1966,53,36,46,TRY A LITTLE TENDERNESS,Otis Redding,Volt,5,36,
1966,53,37,50,GEORGY GIRL,The Seekers,Capitol,5,37,
1966,53,38,69,COLOR MY WORLD,Petula Clark,Warner Brothers,2,38,
1966,53,39,32,IT’S ONLY LOVE,Tommy James and the Shondells,Roulette,9,31,
1966,53,40,37,IT TEARS ME UP,Percy Sledge,Atlantic,11,20,
1966,53,45,25,I’M READY FOR LOVE,Martha and the Vandellas,Gordy,10,9,
1966,53,46,28,A HAZY SHADE OF WINTER,Simon and Garfunkel,Columbia,9,13,
1966,53,50,26,STOP STOP STOP,The Hollies,Imperial,10,7,
1966,53,53,34,KNOCK ON WOOD,Eddie Floyd,Stax,17,28,
1966,53,41,60,(We Ain’t Got) NOTHIN’ YET,The Blues Magoos,Mercury,4,41,
1966,53,42,55,THERE’S GOT TO BE A WORD,The Innocence,Kama Sutra,5,42,
1966,53,43,65,GALLANT MEN,Senator Everett McKinley Dirksen,Capitol,2,43,
1966,53,44,54,BLUE AUTUMN,Bobby Goldsboro,United Artists,4,44,
1966,53,47,57,98.6,Keith,Mercury,4,47,
1966,53,48,51,I (Who Have Nothing),Terry Knight and the Pack,Lucky Eleven,8,48,
1966,53,49,49,I FOOLED YOU THIS TIME,Gene Chandler,Checker,6,48,
