YEAR,WEEK,TW,LW,TITLE,ARTIST,LABEL,WEEKS_ON_CHART,PEAK_POSITION,WEEKS_AT_1
1967,1,2,2,SNOOPY VS. THE RED BARON,The Royal Guardsmen,Laurie,4,2,
1967,1,3,7,TELL IT LIKE IT IS,Aaron Neville,Par-Lo,6,3,
1967,1,4,3,WINCHESTER CATHEDRAL,The New Vaudeville Band,Fontana,11,1,
1967,1,5,5,SUGAR TOWN,Nancy Sinatra,Reprise,8,5,
1967,1,6,4,THAT’S LIFE,Frank Sinatra,Reprise,8,4,
1967,1,11,17,COMING HOME SOLDIER,Bobby Vinton,Epic,8,11,
1967,1,12,12,SINGLE GIRL,Sandy Posey,MGM,8,12,
1967,1,14,11,DEVIL WITH A BLUE DRESS ON AND GOOD GOLLY MISS MOLLY (Medley),Mitch Ryder and the Detroit Wheels,New Voice,13,4,
1967,1,16,16,TALK TALK,The Music Machine,Original Sound,9,16,
1967,1,18,18,CRY,Ronnie Dove,Diamond,7,18,
1967,1,20,37,GEORGY GIRL,The Seekers,Capitol,6,20,
1967,1,22,20,BORN FREE,Roger Williams,Kapp,20,7,
1967,1,23,28,I’VE PASSED THIS WAY BEFORE,Jimmy Ruffin,Soul,6,23,
1967,1,24,33,NASHVILLE CATS,The Lovin’ Spoonful,Kama Sutra,4,24,
1967,1,25,22,I NEED SOMEBODY,? (Question Mark) and the Mysterians,Cameo,8,22,
1967,1,27,27,EAST WEST,Herman’s Hermits,MGM,6,27,
1967,1,28,38,COLOR MY WORLD,Petula Clark,Warner Brothers,3,28,
1967,1,31,41,(We Ain’t Got) NOTHIN’ YET,The Blues Magoos,Mercury,5,31,
1967,1,32,32,(I’m Not Your) STEPPIN’ STONE,The Monkees,Colgems,4,32,
1967,1,33,43,GALLANT MEN,Senator Everett McKinley Dirksen,Capitol,3,33,
1967,1,35,25,LADY GODIVA,Peter and Gordon,Capitol,14,6,
1967,1,36,42,THERE’S GOT TO BE A WORD,The Innocence,Kama Sutra,6,36,
1967,1,37,47,98.6,Keith,Mercury,5,37,
1967,1,39,51,WHERE WILL THE WORDS COME FROM,Gary Lewis and the Playboys,Liberty,4,39,
1967,1,40,24,MAME,Herb Alpert and the Tijuana Brass,A&M,8,19,
1967,1,44,35,PANDORA’S GOLDEN HEEBIE JEEBIES,The Association,Valiant,7,35,
1967,1,41,71,KNIGHT IN RUSTY ARMOUR,Peter and Gordon,Capitol,3,41,
1967,1,42,44,BLUE AUTUMN,Bobby Goldsboro,United Artists,5,42,
1967,1,43,58,STAND BY ME,Spyder Turner,MGM,4,43,
1967,1,46,48,I (Who Have Nothing),Terry Knight and the Pack,Lucky Eleven,9,46,
1967,1,47,54,I HAD TOO MUCH TO DREAM (Last Night),The Electric Prunes,Reprise,5,47,
1967,1,48,64,LOOK WHAT YOU’VE DONE,The Pozo-Seco Singers,Columbia,4,48,
1967,1,50,61,HOW DO YOU CATCH A GIRL,Sam the Sham and the Pharaohs,MGM,3,50,
1967,2,1,1,I’M A BELIEVER,The Monkees,Colgems,6,1,3 weeks at #1
1967,2,2,2,SNOOPY VS. THE RED BARON,The Royal Guardsmen,Laurie,5,2,
1967,2,3,3,TELL IT LIKE IT IS,Aaron Neville,Par-Lo,7,3,
1967,2,4,7,GOOD THING,Paul Revere and the Raiders Featuring Mark Lindsay,Columbia,7,4,
1967,2,5,5,SUGAR TOWN,Nancy Sinatra,Reprise,9,5,
1967,2,6,8,WORDS OF LOVE,The Mamas and the Papas,Dunhill,7,6,
1967,2,7,9,STANDING IN THE SHADOWS OF LOVE,The Four Tops,Motown,5,7,
1967,2,8,4,WINCHESTER CATHEDRAL,The New Vaudeville Band,Fontana,12,1,
1967,2,9,6,THAT’S LIFE,Frank Sinatra,Reprise,9,4,
1967,2,10,20,GEORGY GIRL,The Seekers,Capitol,7,10,
1967,2,11,11,COMING HOME SOLDIER,Bobby Vinton,Epic,9,11,
1967,2,12,15,TELL IT TO THE RAIN,The Four Seasons,Philips,6,12,
1967,2,13,10,MELLOW YELLOW,Donovan,Epic,10,2,
1967,2,14,12,SINGLE GIRL,Sandy Posey,MGM,9,12,
1967,2,15,16,TALK TALK,The Music Machine,Original Sound,10,15,
1967,2,16,24,NASHVILLE CATS,The Lovin’ Spoonful,Kama Sutra,5,16,
1967,2,17,14,DEVIL WITH A BLUE DRESS ON AND GOOD GOLLY MISS MOLLY (Medley),Mitch Ryder and the Detroit Wheels,New Voice,14,4,
1967,2,18,23,I’VE PASSED THIS WAY BEFORE,Jimmy Ruffin,Soul,7,18,
1967,2,19,13,(I Know) I’M LOSING YOU,The Temptations,Gordy,9,8,
1967,2,20,32,(I’m Not Your) STEPPIN’ STONE,The Monkees,Colgems,5,20,
1967,2,21,17,GOOD VIBRATIONS,The Beach Boys,Capitol,13,1,
1967,2,22,18,CRY,Ronnie Dove,Diamond,8,18,
1967,2,23,28,COLOR MY WORLD,Petula Clark,Warner Brothers,4,23,
1967,2,24,31,(We Ain’t Got) NOTHIN’ YET,The Blues Magoos,Mercury,6,24,
1967,2,25,37,98.6,Keith,Mercury,6,25,
1967,2,26,43,STAND BY ME,Spyder Turner,MGM,5,26,
1967,2,27,27,EAST WEST,Herman’s Hermits,MGM,7,27,
1967,2,28,39,WHERE WILL THE WORDS COME FROM,Gary Lewis and the Playboys,Liberty,5,28,
1967,2,29,34,TRY A LITTLE TENDERNESS,Otis Redding,Volt,7,29,
1967,2,30,33,GALLANT MEN,Senator Everett McKinley Dirksen,Capitol,4,30,
1967,2,31,41,KNIGHT IN RUSTY ARMOUR,Peter and Gordon,Capitol,4,31,
1967,2,32,26,MUSTANG SALLY,Wilson Pickett,Atlantic,8,23,
1967,2,33,19,A PLACE IN THE SUN,Stevie Wonder,Tamla,10,9,
1967,2,34,36,THERE’S GOT TO BE A WORD,The Innocence,Kama Sutra,7,34,
1967,2,35,29,HELP ME GIRL,Eric Burdon and the Animals,MGM,8,29,
1967,2,36,25,I NEED SOMEBODY,? (Question Mark) and the Mysterians,Cameo,9,22,
1967,2,37,42,BLUE AUTUMN,Bobby Goldsboro,United Artists,6,37,
1967,2,38,30,HAPPENINGS TEN YEARS TIME AGO,The Yardbirds,Epic,8,30,
1967,2,39,22,BORN FREE,Roger Williams,Kapp,21,7,
1967,2,40,48,LOOK WHAT YOU’VE DONE,The Pozo-Seco Singers,Columbia,5,40,
1967,2,50,21,YOU KEEP ME HANGIN’ ON,The Supremes,Motown,12,1,
1967,2,41,51,"GREEN, GREEN GRASS OF HOME",Tom Jones,Parrot,4,41,
1967,2,42,66,KIND OF A DRAG,The Buckinghams,U.S.A.,3,42,
1967,2,43,50,HOW DO YOU CATCH A GIRL,Sam the Sham and the Pharaohs,MGM,4,43,
1967,2,44,47,I HAD TOO MUCH TO DREAM (Last Night),The Electric Prunes,Reprise,6,44,
1967,2,45,45,I FOOLED YOU THIS TIME,Gene Chandler,Checker,8,45,
1967,2,46,53,WACK WACK,The Young Holt Trio,Brunswick,5,46,
1967,2,47,58,MUSIC TO WATCH GIRLS BY,The Bob Crewe Generation,DynoVoice,3,47,
1967,2,48,49,PAPA WAS TOO,Joe Tex,Dial,5,48,
1967,2,49,59,ANOTHER NIGHT,Dionne Warwick,Scepter,4,49,
1967,3,1,1,I’M A BELIEVER,The Monkees,Colgems,7,1,4 weeks at #1
1967,3,2,2,SNOOPY VS. THE RED BARON,The Royal Guardsmen,Laurie,6,2,
1967,3,3,3,TELL IT LIKE IT IS,Aaron Neville,Par-Lo,8,3,
1967,3,4,4,GOOD THING,Paul Revere and the Raiders Featuring Mark Lindsay,Columbia,8,4,
1967,3,5,6,WORDS OF LOVE,The Mamas and the Papas,Dunhill,8,5,
1967,3,6,7,STANDING IN THE SHADOWS OF LOVE,The Four Tops,Motown,6,6,
1967,3,7,10,GEORGY GIRL,The Seekers,Capitol,8,7,
1967,3,8,5,SUGAR TOWN,Nancy Sinatra,Reprise,10,5,
1967,3,9,16,NASHVILLE CATS,The Lovin’ Spoonful,Kama Sutra,6,9,
1967,3,10,12,TELL IT TO THE RAIN,The Four Seasons,Philips,7,10,
1967,3,11,11,COMING HOME SOLDIER,Bobby Vinton,Epic,10,11,
1967,3,12,8,WINCHESTER CATHEDRAL,The New Vaudeville Band,Fontana,13,1,
1967,3,13,24,(We Ain’t Got) NOTHIN’ YET,The Blues Magoos,Mercury,7,13,
1967,3,14,25,98.6,Keith,Mercury,7,14,
1967,3,15,42,KIND OF A DRAG,The Buckinghams,U.S.A.,4,15,
1967,3,16,23,COLOR MY WORLD,Petula Clark,Warner Brothers,5,16,
1967,3,17,15,TALK TALK,The Music Machine,Original Sound,11,15,
1967,3,18,18,I’VE PASSED THIS WAY BEFORE,Jimmy Ruffin,Soul,8,18,
1967,3,19,9,THAT’S LIFE,Frank Sinatra,Reprise,10,4,
1967,3,20,31,KNIGHT IN RUSTY ARMOUR,Peter and Gordon,Capitol,5,20,
1967,3,21,26,STAND BY ME,Spyder Turner,MGM,6,21,
1967,3,22,17,DEVIL WITH A BLUE DRESS ON AND GOOD GOLLY MISS MOLLY (Medley),Mitch Ryder and the Detroit Wheels,New Voice,15,4,
1967,3,23,14,SINGLE GIRL,Sandy Posey,MGM,10,12,
1967,3,24,44,I HAD TOO MUCH TO DREAM (Last Night),The Electric Prunes,Reprise,7,24,
1967,3,25,28,WHERE WILL THE WORDS COME FROM,Gary Lewis and the Playboys,Liberty,6,25,
1967,3,26,29,TRY A LITTLE TENDERNESS,Otis Redding,Volt,8,26,
1967,3,27,13,MELLOW YELLOW,Donovan,Epic,11,2,
1967,3,28,20,(I’m Not Your) STEPPIN’ STONE,The Monkees,Colgems,6,20,
1967,3,29,30,GALLANT MEN,Senator Everett McKinley Dirksen,Capitol,5,29,
1967,3,30,52,WILD THING,Senator Bobby,Parkway,3,30,
1967,3,31,41,"GREEN, GREEN GRASS OF HOME",Tom Jones,Parrot,5,31,
1967,3,32,47,MUSIC TO WATCH GIRLS BY,The Bob Crewe Generation,DynoVoice,4,32,
1967,3,33,43,HOW DO YOU CATCH A GIRL,Sam the Sham and the Pharaohs,MGM,5,33,
1967,3,34,27,EAST WEST,Herman’s Hermits,MGM,8,27,
1967,3,35,35,HELP ME GIRL,Eric Burdon and the Animals,MGM,9,29,
1967,3,36,40,LOOK WHAT YOU’VE DONE,The Pozo-Seco Singers,Columbia,6,36,
1967,3,37,37,BLUE AUTUMN,Bobby Goldsboro,United Artists,7,37,
1967,3,38,19,(I Know) I’M LOSING YOU,The Temptations,Gordy,10,8,
1967,3,39,34,THERE’S GOT TO BE A WORD,The Innocence,Kama Sutra,8,34,
1967,3,40,46,WACK WACK,The Young Holt Trio,Brunswick,6,40,
1967,3,41,36,I NEED SOMEBODY,? (Question Mark) and the Mysterians,Cameo,10,22,
1967,3,44,38,HAPPENINGS TEN YEARS TIME AGO,The Yardbirds,Epic,9,30,
1967,3,45,33,A PLACE IN THE SUN,Stevie Wonder,Tamla,11,9,
1967,3,47,32,MUSTANG SALLY,Wilson Pickett,Atlantic,9,23,
1967,3,50,21,GOOD VIBRATIONS,The Beach Boys,Capitol,14,1,
1967,3,64,22,CRY,Ronnie Dove,Diamond,9,18,
1967,3,42,53,IT’S NOW WINTERS DAY,Tommy Roe,ABC,5,42,
1967,3,43,58,HELLO HELLO,The Sopwith “Camel”,Kama Sutra,5,43,
1967,3,46,48,PAPA WAS TOO,Joe Tex,Dial,6,46,
1967,3,48,59,BRING IT UP,James Brown and the Famous Flames,King,3,48,
1967,3,49,49,ANOTHER NIGHT,Dionne Warwick,Scepter,5,49,
1967,4,1,1,I’M A BELIEVER,The Monkees,Colgems,8,1,5 weeks at #1
1967,4,2,3,TELL IT LIKE IT IS,Aaron Neville,Par-Lo,9,2,
1967,4,3,2,SNOOPY VS. THE RED BARON,The Royal Guardsmen,Laurie,7,2,
1967,4,4,7,GEORGY GIRL,The Seekers,Capitol,9,4,
1967,4,5,5,WORDS OF LOVE,The Mamas and the Papas,Dunhill,9,5,
1967,4,6,6,STANDING IN THE SHADOWS OF LOVE,The Four Tops,Motown,7,6,
1967,4,7,4,GOOD THING,Paul Revere and the Raiders Featuring Mark Lindsay,Columbia,9,4,
1967,4,8,9,NASHVILLE CATS,The Lovin’ Spoonful,Kama Sutra,7,8,
1967,4,9,15,KIND OF A DRAG,The Buckinghams,U.S.A.,5,9,
1967,4,10,13,(We Ain’t Got) NOTHIN’ YET,The Blues Magoos,Mercury,8,10,
1967,4,11,14,98.6,Keith,Mercury,8,11,
1967,4,12,8,SUGAR TOWN,Nancy Sinatra,Reprise,11,5,
1967,4,13,10,TELL IT TO THE RAIN,The Four Seasons,Philips,8,10,
1967,4,14,21,STAND BY ME,Spyder Turner,MGM,7,14,
1967,4,15,20,KNIGHT IN RUSTY ARMOUR,Peter and Gordon,Capitol,6,15,
1967,4,16,16,COLOR MY WORLD,Petula Clark,Warner Brothers,6,16,
1967,4,17,18,I’VE PASSED THIS WAY BEFORE,Jimmy Ruffin,Soul,9,17,
1967,4,18,11,COMING HOME SOLDIER,Bobby Vinton,Epic,11,11,
1967,4,19,31,"GREEN, GREEN GRASS OF HOME",Tom Jones,Parrot,6,19,
1967,4,20,24,I HAD TOO MUCH TO DREAM (Last Night),The Electric Prunes,Reprise,8,20,
1967,4,21,25,WHERE WILL THE WORDS COME FROM,Gary Lewis and the Playboys,Liberty,7,21,
1967,4,22,12,WINCHESTER CATHEDRAL,The New Vaudeville Band,Fontana,14,1,
1967,4,23,30,WILD THING,Senator Bobby,Parkway,4,23,
1967,4,24,32,MUSIC TO WATCH GIRLS BY,The Bob Crewe Generation,DynoVoice,5,24,
1967,4,25,26,TRY A LITTLE TENDERNESS,Otis Redding,Volt,9,25,
1967,4,26,23,SINGLE GIRL,Sandy Posey,MGM,11,12,
1967,4,27,33,HOW DO YOU CATCH A GIRL,Sam the Sham and the Pharaohs,MGM,6,27,
1967,4,28,28,(I’m Not Your) STEPPIN’ STONE,The Monkees,Colgems,7,20,
1967,4,29,42,IT’S NOW WINTERS DAY,Tommy Roe,ABC,6,29,
1967,4,30,17,TALK TALK,The Music Machine,Original Sound,12,15,
1967,4,31,43,HELLO HELLO,The Sopwith “Camel”,Kama Sutra,6,31,
1967,4,32,19,THAT’S LIFE,Frank Sinatra,Reprise,11,4,
1967,4,33,36,LOOK WHAT YOU’VE DONE,The Pozo-Seco Singers,Columbia,7,33,
1967,4,34,58,THE BEAT GOES ON,Sonny and Cher,Atco,3,34,
1967,4,35,37,BLUE AUTUMN,Bobby Goldsboro,United Artists,8,35,
1967,4,36,69,THEN YOU CAN TELL ME GOODBYE,The Casinos,Fraternity,3,36,
1967,4,37,48,BRING IT UP,James Brown and the Famous Flames,King,4,37,
1967,4,38,57,"MERCY, MERCY, MERCY",“Cannonball” Adderley,Capitol,4,38,
1967,4,39,52,GIMME SOME LOVIN’,The Spencer Davis Group,United Artists,5,39,
1967,4,40,40,WACK WACK,The Young Holt Trio,Brunswick,7,40,
1967,4,41,29,GALLANT MEN,Senator Everett McKinley Dirksen,Capitol,6,29,
1967,4,42,27,MELLOW YELLOW,Donovan,Epic,12,2,
1967,4,43,78,RUBY TUESDAY,The Rolling Stones,London,2,43,
1967,4,44,46,PAPA WAS TOO,Joe Tex,Dial,7,44,
1967,4,45,53,"HEY, LEROY, YOUR MAMA’S CALLIN’ YOU",Jimmy Castor,Smash,5,45,
1967,4,46,61,IT TAKES TWO,Marvin Gaye and Kim Weston,Tamla,4,46,
1967,4,48,72,IT MAY BE WINTER OUTSIDE (But In My Heart It’s Spring),Felice Taylor,Mustang,3,48,
1967,4,49,49,ANOTHER NIGHT,Dionne Warwick,Scepter,6,49,
1967,4,50,62,PRETTY BALLERINA,The Left Banke,Smash,4,50,
1967,5,1,1,I’M A BELIEVER,The Monkees,Colgems,9,1,6 weeks at #1
1967,5,2,4,GEORGY GIRL,The Seekers,Capitol,10,2,
1967,5,3,3,SNOOPY VS. THE RED BARON,The Royal Guardsmen,Laurie,8,2,
1967,5,4,2,TELL IT LIKE IT IS,Aaron Neville,Par-Lo,10,2,
1967,5,5,9,KIND OF A DRAG,The Buckinghams,U.S.A.,6,5,
1967,5,6,5,WORDS OF LOVE,The Mamas and the Papas,Dunhill,10,5,
1967,5,7,10,(We Ain’t Got) NOTHIN’ YET,The Blues Magoos,Mercury,9,7,
1967,5,8,11,98.6,Keith,Mercury,9,8,
1967,5,9,7,GOOD THING,Paul Revere and the Raiders Featuring Mark Lindsay,Columbia,10,4,
1967,5,10,6,STANDING IN THE SHADOWS OF LOVE,The Four Tops,Motown,8,6,
1967,5,11,43,RUBY TUESDAY,The Rolling Stones,London,3,11,
1967,5,12,8,NASHVILLE CATS,The Lovin’ Spoonful,Kama Sutra,8,8,
1967,5,13,19,"GREEN, GREEN GRASS OF HOME",Tom Jones,Parrot,7,13,
1967,5,14,14,STAND BY ME,Spyder Turner,MGM,8,14,
1967,5,15,15,KNIGHT IN RUSTY ARMOUR,Peter and Gordon,Capitol,7,15,
1967,5,16,34,THE BEAT GOES ON,Sonny and Cher,Atco,4,16,
1967,5,17,24,MUSIC TO WATCH GIRLS BY,The Bob Crewe Generation,DynoVoice,6,17,
1967,5,18,20,I HAD TOO MUCH TO DREAM (Last Night),The Electric Prunes,Reprise,9,18,
1967,5,19,16,COLOR MY WORLD,Petula Clark,Warner Brothers,7,16,
1967,5,20,23,WILD THING,Senator Bobby,Parkway,5,20,
1967,5,21,13,TELL IT TO THE RAIN,The Four Seasons,Philips,9,10,
1967,5,22,12,SUGAR TOWN,Nancy Sinatra,Reprise,12,5,
1967,5,23,36,THEN YOU CAN TELL ME GOODBYE,The Casinos,Fraternity,4,23,
1967,5,24,29,IT’S NOW WINTERS DAY,Tommy Roe,ABC,7,24,
1967,5,25,21,WHERE WILL THE WORDS COME FROM,Gary Lewis and the Playboys,Liberty,8,21,
1967,5,26,39,GIMME SOME LOVIN’,The Spencer Davis Group,United Artists,6,26,
1967,5,27,47,LOVE IS HERE AND NOW YOU’RE GONE,The Supremes,Motown,2,27,
1967,5,28,17,I’VE PASSED THIS WAY BEFORE,Jimmy Ruffin,Soul,10,17,
1967,5,29,38,"MERCY, MERCY, MERCY",“Cannonball” Adderley,Capitol,5,29,
1967,5,30,37,BRING IT UP,James Brown and the Famous Flames,King,5,30,
1967,5,31,31,HELLO HELLO,The Sopwith “Camel”,Kama Sutra,7,31,
1967,5,32,33,LOOK WHAT YOU’VE DONE,The Pozo-Seco Singers,Columbia,8,32,
1967,5,33,27,HOW DO YOU CATCH A GIRL,Sam the Sham and the Pharaohs,MGM,7,27,
1967,5,34,50,PRETTY BALLERINA,The Left Banke,Smash,5,34,
1967,5,35,46,IT TAKES TWO,Marvin Gaye and Kim Weston,Tamla,5,35,
1967,5,36,52,GO WHERE YOU WANNA GO,The 5th Dimension,Soul City,4,36,
1967,5,37,18,COMING HOME SOLDIER,Bobby Vinton,Epic,12,11,
1967,5,38,45,"HEY, LEROY, YOUR MAMA’S CALLIN’ YOU",Jimmy Castor,Smash,6,38,
1967,5,39,25,TRY A LITTLE TENDERNESS,Otis Redding,Volt,10,25,
1967,5,40,28,(I’m Not Your) STEPPIN’ STONE,The Monkees,Colgems,8,20,
1967,5,44,22,WINCHESTER CATHEDRAL,The New Vaudeville Band,Fontana,15,1,
1967,5,47,26,SINGLE GIRL,Sandy Posey,MGM,12,12,
1967,5,52,40,WACK WACK,The Young Holt Trio,Brunswick,8,40,
1967,5,57,35,BLUE AUTUMN,Bobby Goldsboro,United Artists,9,35,
1967,5,41,51,PUSHIN’ TOO HARD,The Seeds,GNP Crescendo,7,41,
1967,5,42,48,IT MAY BE WINTER OUTSIDE (But In My Heart It’s Spring),Felice Taylor,Mustang,4,42,
1967,5,43,54,"RIDE, RIDE, RIDE",Brenda Lee,Decca,4,43,
1967,5,45,56,I’VE GOT TO HAVE A REASON,The Dave Clark Five,Epic,5,45,
1967,5,46,57,ARE YOU LONELY FOR ME,Freddie Scott,Shout,7,46,
1967,5,48,60,LOVIN’ YOU,Bobby Darin,Atlantic,4,48,
1967,5,49,59,ALL,James Darren,Warner Brothers,4,49,
1967,5,50,61,MY CUP RUNNETH OVER,Ed Ames,RCA Victor,3,50,
1967,6,1,1,I’M A BELIEVER,The Monkees,Colgems,10,1,7 weeks at #1
1967,6,2,2,GEORGY GIRL,The Seekers,Capitol,11,2,
1967,6,3,5,KIND OF A DRAG,The Buckinghams,U.S.A.,7,3,
1967,6,4,11,RUBY TUESDAY,The Rolling Stones,London,4,4,
1967,6,5,7,(We Ain’t Got) NOTHIN’ YET,The Blues Magoos,Mercury,10,5,
1967,6,6,4,TELL IT LIKE IT IS,Aaron Neville,Par-Lo,11,2,
1967,6,7,8,98.6,Keith,Mercury,10,7,
1967,6,8,3,SNOOPY VS. THE RED BARON,The Royal Guardsmen,Laurie,9,2,
1967,6,9,27,LOVE IS HERE AND NOW YOU’RE GONE,The Supremes,Motown,3,9,
1967,6,10,16,THE BEAT GOES ON,Sonny and Cher,Atco,5,10,
1967,6,11,18,I HAD TOO MUCH TO DREAM (Last Night),The Electric Prunes,Reprise,10,11,
1967,6,12,14,STAND BY ME,Spyder Turner,MGM,9,12,
1967,6,13,13,"GREEN, GREEN GRASS OF HOME",Tom Jones,Parrot,8,13,
1967,6,14,6,WORDS OF LOVE,The Mamas and the Papas,Dunhill,11,5,
1967,6,15,17,MUSIC TO WATCH GIRLS BY,The Bob Crewe Generation,DynoVoice,7,15,
1967,6,16,23,THEN YOU CAN TELL ME GOODBYE,The Casinos,Fraternity,5,16,
1967,6,17,26,GIMME SOME LOVIN’,The Spencer Davis Group,United Artists,7,17,
1967,6,18,10,STANDING IN THE SHADOWS OF LOVE,The Four Tops,Motown,9,6,
1967,6,19,9,GOOD THING,Paul Revere and the Raiders Featuring Mark Lindsay,Columbia,11,4,
1967,6,20,20,WILD THING,Senator Bobby,Parkway,6,20,
1967,6,21,29,"MERCY, MERCY, MERCY",“Cannonball” Adderley,Capitol,6,21,
1967,6,22,12,NASHVILLE CATS,The Lovin’ Spoonful,Kama Sutra,9,8,
1967,6,23,15,KNIGHT IN RUSTY ARMOUR,Peter and Gordon,Capitol,8,15,
1967,6,24,24,IT’S NOW WINTERS DAY,Tommy Roe,ABC,8,24,
1967,6,25,34,PRETTY BALLERINA,The Left Banke,Smash,6,25,
1967,6,26,31,HELLO HELLO,The Sopwith “Camel”,Kama Sutra,8,26,
1967,6,27,36,GO WHERE YOU WANNA GO,The 5th Dimension,Soul City,5,27,
1967,6,28,19,COLOR MY WORLD,Petula Clark,Warner Brothers,8,16,
1967,6,29,35,IT TAKES TWO,Marvin Gaye and Kim Weston,Tamla,6,29,
1967,6,30,30,BRING IT UP,James Brown and the Famous Flames,King,6,30,
1967,6,31,21,TELL IT TO THE RAIN,The Four Seasons,Philips,10,10,
1967,6,32,54,YOU GOT TO ME,Neil Diamond,Bang,3,32,
1967,6,33,28,I’VE PASSED THIS WAY BEFORE,Jimmy Ruffin,Soul,11,17,
1967,6,34,25,WHERE WILL THE WORDS COME FROM,Gary Lewis and the Playboys,Liberty,9,21,
1967,6,35,48,LOVIN’ YOU,Bobby Darin,Atlantic,5,35,
1967,6,36,50,MY CUP RUNNETH OVER,Ed Ames,RCA Victor,4,36,
1967,6,37,43,"RIDE, RIDE, RIDE",Brenda Lee,Decca,5,37,
1967,6,38,38,"HEY, LEROY, YOUR MAMA’S CALLIN’ YOU",Jimmy Castor,Smash,7,38,
1967,6,39,33,HOW DO YOU CATCH A GIRL,Sam the Sham and the Pharaohs,MGM,8,27,
1967,6,40,41,PUSHIN’ TOO HARD,The Seeds,GNP Crescendo,8,40,
1967,6,41,22,SUGAR TOWN,Nancy Sinatra,Reprise,13,5,
1967,6,50,32,LOOK WHAT YOU’VE DONE,The Pozo-Seco Singers,Columbia,9,32,
1967,6,42,42,IT MAY BE WINTER OUTSIDE (But In My Heart It’s Spring),Felice Taylor,Mustang,5,42,
1967,6,43,49,ALL,James Darren,Warner Brothers,5,43,
1967,6,44,45,I’VE GOT TO HAVE A REASON,The Dave Clark Five,Epic,6,44,
1967,6,45,46,ARE YOU LONELY FOR ME,Freddie Scott,Shout,8,45,
1967,6,46,56,THE HUNTER GETS CAPTURED BY THE GAME,The Marvelettes,Tamla,4,46,
1967,6,47,58,INDESCRIBABLY BLUE,Elvis Presley,RCA Victor,3,47,
1967,6,48,51,WISH YOU DIDN’T HAVE TO GO,James and Bobby Purify,Bell,3,48,
1967,6,49,81,BABY I NEED YOUR LOVIN’,Johnny Rivers,Imperial,2,49,
1967,7,1,3,KIND OF A DRAG,The Buckinghams,U.S.A.,8,1,1 week at #1
1967,7,2,1,I’M A BELIEVER,The Monkees,Colgems,11,1,
1967,7,3,4,RUBY TUESDAY,The Rolling Stones,London,5,3,
1967,7,4,2,GEORGY GIRL,The Seekers,Capitol,12,2,
1967,7,5,5,(We Ain’t Got) NOTHIN’ YET,The Blues Magoos,Mercury,11,5,
1967,7,6,9,LOVE IS HERE AND NOW YOU’RE GONE,The Supremes,Motown,4,6,
1967,7,7,7,98.6,Keith,Mercury,11,7,
1967,7,8,6,TELL IT LIKE IT IS,Aaron Neville,Par-Lo,12,2,
1967,7,9,10,THE BEAT GOES ON,Sonny and Cher,Atco,6,9,
1967,7,10,17,GIMME SOME LOVIN’,The Spencer Davis Group,United Artists,8,10,
1967,7,11,13,"GREEN, GREEN GRASS OF HOME",Tom Jones,Parrot,9,11,
1967,7,12,12,STAND BY ME,Spyder Turner,MGM,10,12,
1967,7,13,16,THEN YOU CAN TELL ME GOODBYE,The Casinos,Fraternity,6,13,
1967,7,14,11,I HAD TOO MUCH TO DREAM (Last Night),The Electric Prunes,Reprise,11,11,
1967,7,15,8,SNOOPY VS. THE RED BARON,The Royal Guardsmen,Laurie,10,2,
1967,7,16,21,"MERCY, MERCY, MERCY",“Cannonball” Adderley,Capitol,7,16,
1967,7,17,25,PRETTY BALLERINA,The Left Banke,Smash,7,17,
1967,7,18,15,MUSIC TO WATCH GIRLS BY,The Bob Crewe Generation,DynoVoice,8,15,
1967,7,19,49,BABY I NEED YOUR LOVIN’,Johnny Rivers,Imperial,3,19,
1967,7,20,29,IT TAKES TWO,Marvin Gaye and Kim Weston,Tamla,7,20,
1967,7,21,27,GO WHERE YOU WANNA GO,The 5th Dimension,Soul City,6,21,
1967,7,22,19,GOOD THING,Paul Revere and the Raiders Featuring Mark Lindsay,Columbia,12,4,
1967,7,23,24,IT’S NOW WINTERS DAY,Tommy Roe,ABC,9,23,
1967,7,24,36,MY CUP RUNNETH OVER,Ed Ames,RCA Victor,5,24,
1967,7,25,32,YOU GOT TO ME,Neil Diamond,Bang,4,25,
1967,7,26,18,STANDING IN THE SHADOWS OF LOVE,The Four Tops,Motown,10,6,
1967,7,27,58,SOCK IT TO ME-BABY!,Mitch Ryder and the Detroit Wheels,New Voice,3,27,
1967,7,28,26,HELLO HELLO,The Sopwith “Camel”,Kama Sutra,9,26,
1967,7,29,30,BRING IT UP,James Brown and the Famous Flames,King,7,29,
1967,7,30,22,NASHVILLE CATS,The Lovin’ Spoonful,Kama Sutra,10,8,
1967,7,31,38,"HEY, LEROY, YOUR MAMA’S CALLIN’ YOU",Jimmy Castor,Smash,8,31,
1967,7,32,35,LOVIN’ YOU,Bobby Darin,Atlantic,6,32,
1967,7,33,46,THE HUNTER GETS CAPTURED BY THE GAME,The Marvelettes,Tamla,5,33,
1967,7,34,51,SO YOU WANT TO BE A ROCK ‘N’ ROLL STAR,The Byrds,Columbia,4,34,
1967,7,35,47,INDESCRIBABLY BLUE,Elvis Presley,RCA Victor,4,35,
1967,7,36,43,ALL,James Darren,Warner Brothers,6,36,
1967,7,37,37,"RIDE, RIDE, RIDE",Brenda Lee,Decca,6,37,
1967,7,38,40,PUSHIN’ TOO HARD,The Seeds,GNP Crescendo,9,38,
1967,7,39,56,"FOR WHAT IT’S WORTH (Stop, Hey What’s That Sound)",Buffalo Springfield,Atco,4,39,
1967,7,40,45,ARE YOU LONELY FOR ME,Freddie Scott,Shout,9,40,
1967,7,45,14,WORDS OF LOVE,The Mamas and the Papas,Dunhill,12,5,
1967,7,48,23,KNIGHT IN RUSTY ARMOUR,Peter and Gordon,Capitol,9,15,
1967,7,50,28,COLOR MY WORLD,Petula Clark,Warner Brothers,9,16,
1967,7,53,20,WILD THING,Senator Bobby,Parkway,7,20,
1967,7,41,53,I’VE BEEN LONELY TOO LONG,The Young Rascals,Atlantic,4,41,
1967,7,42,48,WISH YOU DIDN’T HAVE TO GO,James and Bobby Purify,Bell,4,42,
1967,7,43,69,EPISTLE TO DIPPY,Donovan,Epic,2,43,
1967,7,44,55,NIKI HOEKY,P.J. Proby,Liberty,4,44,
1967,7,46,59,EVERYBODY NEEDS SOMEBODY TO LOVE,Wilson Pickett,Atlantic,3,46,
1967,7,47,60,LET’S FALL IN LOVE,Peaches and Herb,Date,6,47,
1967,7,49,42,IT MAY BE WINTER OUTSIDE (But In My Heart It’s Spring),Felice Taylor,Mustang,6,42,
1967,8,1,1,KIND OF A DRAG,The Buckinghams,U.S.A.,9,1,2 weeks at #1
1967,8,2,6,LOVE IS HERE AND NOW YOU’RE GONE,The Supremes,Motown,5,2,
1967,8,3,3,RUBY TUESDAY,The Rolling Stones,London,6,3,
1967,8,4,2,I’M A BELIEVER,The Monkees,Colgems,12,1,
1967,8,5,4,GEORGY GIRL,The Seekers,Capitol,13,2,
1967,8,6,9,THE BEAT GOES ON,Sonny and Cher,Atco,7,6,
1967,8,7,10,GIMME SOME LOVIN’,The Spencer Davis Group,United Artists,9,7,
1967,8,8,13,THEN YOU CAN TELL ME GOODBYE,The Casinos,Fraternity,7,8,
1967,8,9,5,(We Ain’t Got) NOTHIN’ YET,The Blues Magoos,Mercury,12,5,
1967,8,10,19,BABY I NEED YOUR LOVIN’,Johnny Rivers,Imperial,4,10,
1967,8,11,16,"MERCY, MERCY, MERCY",“Cannonball” Adderley,Capitol,8,11,
1967,8,12,7,98.6,Keith,Mercury,12,7,
1967,8,13,11,"GREEN, GREEN GRASS OF HOME",Tom Jones,Parrot,10,11,
1967,8,14,27,SOCK IT TO ME-BABY!,Mitch Ryder and the Detroit Wheels,New Voice,4,14,
1967,8,15,17,PRETTY BALLERINA,The Left Banke,Smash,8,15,
1967,8,16,21,GO WHERE YOU WANNA GO,The 5th Dimension,Soul City,7,16,
1967,8,17,14,I HAD TOO MUCH TO DREAM (Last Night),The Electric Prunes,Reprise,12,11,
1967,8,18,20,IT TAKES TWO,Marvin Gaye and Kim Weston,Tamla,8,18,
1967,8,19,24,MY CUP RUNNETH OVER,Ed Ames,RCA Victor,6,19,
1967,8,20,12,STAND BY ME,Spyder Turner,MGM,11,12,
1967,8,21,25,YOU GOT TO ME,Neil Diamond,Bang,5,21,
1967,8,22,8,TELL IT LIKE IT IS,Aaron Neville,Par-Lo,13,2,
1967,8,23,23,IT’S NOW WINTERS DAY,Tommy Roe,ABC,10,23,
1967,8,24,18,MUSIC TO WATCH GIRLS BY,The Bob Crewe Generation,DynoVoice,9,15,
1967,8,25,39,"FOR WHAT IT’S WORTH (Stop, Hey What’s That Sound)",Buffalo Springfield,Atco,5,25,
1967,8,26,33,THE HUNTER GETS CAPTURED BY THE GAME,The Marvelettes,Tamla,6,26,
1967,8,27,59,DARLING BE HOME SOON,The Lovin’ Spoonful,Kama Sutra,3,27,
1967,8,28,15,SNOOPY VS. THE RED BARON,The Royal Guardsmen,Laurie,11,2,
1967,8,29,43,EPISTLE TO DIPPY,Donovan,Epic,3,29,
1967,8,30,34,SO YOU WANT TO BE A ROCK ‘N’ ROLL STAR,The Byrds,Columbia,5,30,
1967,8,31,41,I’VE BEEN LONELY TOO LONG,The Young Rascals,Atlantic,5,31,
1967,8,32,32,LOVIN’ YOU,Bobby Darin,Atlantic,7,32,
1967,8,33,35,INDESCRIBABLY BLUE,Elvis Presley,RCA Victor,5,33,
1967,8,34,44,NIKI HOEKY,P.J. Proby,Liberty,5,34,
1967,8,35,36,ALL,James Darren,Warner Brothers,7,35,
1967,8,36,38,PUSHIN’ TOO HARD,The Seeds,GNP Crescendo,10,36,
1967,8,37,47,LET’S FALL IN LOVE,Peaches and Herb,Date,7,37,
1967,8,38,42,WISH YOU DIDN’T HAVE TO GO,James and Bobby Purify,Bell,5,38,
1967,8,39,40,ARE YOU LONELY FOR ME,Freddie Scott,Shout,10,39,
1967,8,40,46,EVERYBODY NEEDS SOMEBODY TO LOVE,Wilson Pickett,Atlantic,4,40,
1967,8,44,29,BRING IT UP,James Brown and the Famous Flames,King,8,29,
1967,8,46,28,HELLO HELLO,The Sopwith “Camel”,Kama Sutra,10,26,
1967,8,47,31,"HEY, LEROY, YOUR MAMA’S CALLIN’ YOU",Jimmy Castor,Smash,9,31,
1967,8,48,37,"RIDE, RIDE, RIDE",Brenda Lee,Decca,7,37,
1967,8,41,62,HAPPY TOGETHER,The Turtles,White Whale,3,41,
1967,8,42,54,THERE’S A KIND OF HUSH,Herman’s Hermits,MGM,3,42,
1967,8,43,58,CALIFORNIA NIGHTS,Lesley Gore,Mercury,4,43,
1967,8,45,56,DADDY’S LITTLE GIRL,Al Martino,Capitol,5,45,
1967,8,49,51,I’LL TAKE CARE OF YOUR CARES,Frankie Laine,ABC,6,49,
1967,8,50,60,THE DIS-ADVANTAGES OF YOU,Brass Ring Featuring Phil Bodner,Dunhill,4,50,
1967,9,1,3,RUBY TUESDAY,The Rolling Stones,London,7,1,1 week at #1
1967,9,2,2,LOVE IS HERE AND NOW YOU’RE GONE,The Supremes,Motown,6,2,
1967,9,3,1,KIND OF A DRAG,The Buckinghams,U.S.A.,10,1,
1967,9,4,10,BABY I NEED YOUR LOVIN’,Johnny Rivers,Imperial,5,4,
1967,9,5,5,GEORGY GIRL,The Seekers,Capitol,14,2,
1967,9,6,6,THE BEAT GOES ON,Sonny and Cher,Atco,8,6,
1967,9,7,7,GIMME SOME LOVIN’,The Spencer Davis Group,United Artists,10,7,
1967,9,8,8,THEN YOU CAN TELL ME GOODBYE,The Casinos,Fraternity,8,8,
1967,9,9,14,SOCK IT TO ME-BABY!,Mitch Ryder and the Detroit Wheels,New Voice,5,9,
1967,9,10,4,I’M A BELIEVER,The Monkees,Colgems,13,1,
1967,9,11,11,"MERCY, MERCY, MERCY",“Cannonball” Adderley,Capitol,9,11,
1967,9,12,9,(We Ain’t Got) NOTHIN’ YET,The Blues Magoos,Mercury,13,5,
1967,9,13,19,MY CUP RUNNETH OVER,Ed Ames,RCA Victor,7,13,
1967,9,14,18,IT TAKES TWO,Marvin Gaye and Kim Weston,Tamla,9,14,
1967,9,15,15,PRETTY BALLERINA,The Left Banke,Smash,9,15,
1967,9,16,16,GO WHERE YOU WANNA GO,The 5th Dimension,Soul City,8,16,
1967,9,17,17,I HAD TOO MUCH TO DREAM (Last Night),The Electric Prunes,Reprise,13,11,
1967,9,18,21,YOU GOT TO ME,Neil Diamond,Bang,6,18,
1967,9,19,26,THE HUNTER GETS CAPTURED BY THE GAME,The Marvelettes,Tamla,7,19,
1967,9,20,25,"FOR WHAT IT’S WORTH (Stop, Hey What’s That Sound)",Buffalo Springfield,Atco,6,20,
1967,9,21,41,HAPPY TOGETHER,The Turtles,White Whale,4,21,
1967,9,22,27,DARLING BE HOME SOON,The Lovin’ Spoonful,Kama Sutra,4,22,
1967,9,23,42,THERE’S A KIND OF HUSH,Herman’s Hermits,MGM,4,23,
1967,9,24,29,EPISTLE TO DIPPY,Donovan,Epic,4,24,
1967,9,25,12,98.6,Keith,Mercury,13,7,
1967,9,26,57,DEDICATED TO THE ONE I LOVE,The Mamas and the Papas,Dunhill,2,26,
1967,9,27,37,LET’S FALL IN LOVE,Peaches and Herb,Date,8,27,
1967,9,28,31,I’VE BEEN LONELY TOO LONG,The Young Rascals,Atlantic,6,28,
1967,9,29,30,SO YOU WANT TO BE A ROCK ‘N’ ROLL STAR,The Byrds,Columbia,6,29,
1967,9,30,34,NIKI HOEKY,P.J. Proby,Liberty,6,30,
1967,9,31,13,"GREEN, GREEN GRASS OF HOME",Tom Jones,Parrot,11,11,
1967,9,32,43,CALIFORNIA NIGHTS,Lesley Gore,Mercury,5,32,
1967,9,33,33,INDESCRIBABLY BLUE,Elvis Presley,RCA Victor,6,33,
1967,9,34,40,EVERYBODY NEEDS SOMEBODY TO LOVE,Wilson Pickett,Atlantic,5,34,
1967,9,35,24,MUSIC TO WATCH GIRLS BY,The Bob Crewe Generation,DynoVoice,10,15,
1967,9,36,85,PENNY LANE,The Beatles,Capitol,2,36,
1967,9,37,54,UPS AND DOWNS,Paul Revere and the Raiders Featuring Mark Lindsay,Columbia,3,37,
1967,9,38,20,STAND BY ME,Spyder Turner,MGM,12,12,
1967,9,39,49,I’LL TAKE CARE OF YOUR CARES,Frankie Laine,ABC,7,39,
1967,9,40,50,THE DIS-ADVANTAGES OF YOU,Brass Ring Featuring Phil Bodner,Dunhill,5,40,
1967,9,42,22,TELL IT LIKE IT IS,Aaron Neville,Par-Lo,14,2,
1967,9,46,36,PUSHIN’ TOO HARD,The Seeds,GNP Crescendo,11,36,
1967,9,49,28,SNOOPY VS. THE RED BARON,The Royal Guardsmen,Laurie,12,2,
1967,9,56,38,WISH YOU DIDN’T HAVE TO GO,James and Bobby Purify,Bell,6,38,
1967,9,59,32,LOVIN’ YOU,Bobby Darin,Atlantic,8,32,
1967,9,62,39,ARE YOU LONELY FOR ME,Freddie Scott,Shout,11,39,
1967,9,63,35,ALL,James Darren,Warner Brothers,8,35,
1967,9,65,23,IT’S NOW WINTERS DAY,Tommy Roe,ABC,11,23,
1967,9,41,52,I THINK WE’RE ALONE NOW,Tommy James and the Shondells,Roulette,4,41,
1967,9,43,45,DADDY’S LITTLE GIRL,Al Martino,Capitol,6,43,
1967,9,44,55,PUCKER UP BUTTERCUP,Jr. Walker and the All Stars,Soul,4,44,
1967,9,45,83,STRAWBERRY FIELDS FOREVER,The Beatles,Capitol,2,45,
1967,9,47,67,NO MILK TODAY,Herman’s Hermits,MGM,3,47,
1967,9,48,60,"SIT DOWN, I THINK I LOVE YOU",The Mojo Men,Reprise,5,48,
1967,9,50,62,THE LOVE I SAW IN YOU WAS JUST A MIRAGE,Smokey Robinson and the Miracles,Tamla,3,50,
1967,10,1,2,LOVE IS HERE AND NOW YOU’RE GONE,The Supremes,Motown,7,1,1 week at #1
1967,10,2,1,RUBY TUESDAY,The Rolling Stones,London,8,1,
1967,10,3,4,BABY I NEED YOUR LOVIN’,Johnny Rivers,Imperial,6,3,
1967,10,4,3,KIND OF A DRAG,The Buckinghams,U.S.A.,11,1,
1967,10,5,36,PENNY LANE,The Beatles,Capitol,3,5,
1967,10,6,8,THEN YOU CAN TELL ME GOODBYE,The Casinos,Fraternity,9,6,
1967,10,7,9,SOCK IT TO ME-BABY!,Mitch Ryder and the Detroit Wheels,New Voice,6,7,
1967,10,8,21,HAPPY TOGETHER,The Turtles,White Whale,5,8,
1967,10,9,13,MY CUP RUNNETH OVER,Ed Ames,RCA Victor,8,9,
1967,10,10,26,DEDICATED TO THE ONE I LOVE,The Mamas and the Papas,Dunhill,3,10,
1967,10,11,7,GIMME SOME LOVIN’,The Spencer Davis Group,United Artists,11,7,
1967,10,12,23,THERE’S A KIND OF HUSH,Herman’s Hermits,MGM,5,12,
1967,10,13,11,"MERCY, MERCY, MERCY",“Cannonball” Adderley,Capitol,10,11,
1967,10,14,19,THE HUNTER GETS CAPTURED BY THE GAME,The Marvelettes,Tamla,8,14,
1967,10,15,20,"FOR WHAT IT’S WORTH (Stop, Hey What’s That Sound)",Buffalo Springfield,Atco,7,15,
1967,10,16,45,STRAWBERRY FIELDS FOREVER,The Beatles,Capitol,3,16,
1967,10,17,22,DARLING BE HOME SOON,The Lovin’ Spoonful,Kama Sutra,5,17,
1967,10,18,6,THE BEAT GOES ON,Sonny and Cher,Atco,9,6,
1967,10,19,24,EPISTLE TO DIPPY,Donovan,Epic,5,19,
1967,10,20,5,GEORGY GIRL,The Seekers,Capitol,15,2,
1967,10,21,10,I’M A BELIEVER,The Monkees,Colgems,14,1,
1967,10,22,28,I’VE BEEN LONELY TOO LONG,The Young Rascals,Atlantic,7,22,
1967,10,23,18,YOU GOT TO ME,Neil Diamond,Bang,7,18,
1967,10,24,37,UPS AND DOWNS,Paul Revere and the Raiders Featuring Mark Lindsay,Columbia,4,24,
1967,10,25,30,NIKI HOEKY,P.J. Proby,Liberty,7,25,
1967,10,26,27,LET’S FALL IN LOVE,Peaches and Herb,Date,9,26,
1967,10,27,32,CALIFORNIA NIGHTS,Lesley Gore,Mercury,6,27,
1967,10,28,16,GO WHERE YOU WANNA GO,The 5th Dimension,Soul City,9,16,
1967,10,29,34,EVERYBODY NEEDS SOMEBODY TO LOVE,Wilson Pickett,Atlantic,6,29,
1967,10,30,15,PRETTY BALLERINA,The Left Banke,Smash,10,15,
1967,10,31,41,I THINK WE’RE ALONE NOW,Tommy James and the Shondells,Roulette,5,31,
1967,10,32,14,IT TAKES TWO,Marvin Gaye and Kim Weston,Tamla,10,14,
1967,10,33,17,I HAD TOO MUCH TO DREAM (Last Night),The Electric Prunes,Reprise,14,11,
1967,10,34,44,PUCKER UP BUTTERCUP,Jr. Walker and the All Stars,Soul,5,34,
1967,10,35,12,(We Ain’t Got) NOTHIN’ YET,The Blues Magoos,Mercury,14,5,
1967,10,36,40,THE DIS-ADVANTAGES OF YOU,Brass Ring Featuring Phil Bodner,Dunhill,6,36,
1967,10,37,58,THE RETURN OF THE RED BARON,The Royal Guardsmen,Laurie,3,37,
1967,10,38,33,INDESCRIBABLY BLUE,Elvis Presley,RCA Victor,7,33,
1967,10,39,39,I’LL TAKE CARE OF YOUR CARES,Frankie Laine,ABC,8,39,
1967,10,40,50,THE LOVE I SAW IN YOU WAS JUST A MIRAGE,Smokey Robinson and the Miracles,Tamla,4,40,
1967,10,41,31,"GREEN, GREEN GRASS OF HOME",Tom Jones,Parrot,12,11,
1967,10,44,29,SO YOU WANT TO BE A ROCK ‘N’ ROLL STAR,The Byrds,Columbia,7,29,
1967,10,49,25,98.6,Keith,Mercury,14,7,
1967,10,42,54,THE 59TH STREET BRIDGE SONG (Feelin’ Groovy),Harpers Bizarre,Warner Brothers,4,42,
1967,10,43,43,DADDY’S LITTLE GIRL,Al Martino,Capitol,7,43,
1967,10,45,47,NO MILK TODAY,Herman’s Hermits,MGM,4,45,
1967,10,46,48,"SIT DOWN, I THINK I LOVE YOU",The Mojo Men,Reprise,6,46,
1967,10,47,52,LADY,Jack Jones,Kapp,8,47,
1967,10,48,51,ONE MORE MOUNTAIN TO CLIMB,Ronnie Dove,Diamond,4,48,
1967,10,50,68,JIMMY MACK,Martha and the Vandellas,Gordy,3,50,
1967,11,1,5,PENNY LANE,The Beatles,Capitol,4,1,1 week at #1
1967,11,2,8,HAPPY TOGETHER,The Turtles,White Whale,6,2,
1967,11,3,3,BABY I NEED YOUR LOVIN’,Johnny Rivers,Imperial,7,3,
1967,11,4,1,LOVE IS HERE AND NOW YOU’RE GONE,The Supremes,Motown,8,1,
1967,11,5,2,RUBY TUESDAY,The Rolling Stones,London,9,1,
1967,11,6,10,DEDICATED TO THE ONE I LOVE,The Mamas and the Papas,Dunhill,4,6,
1967,11,7,7,SOCK IT TO ME-BABY!,Mitch Ryder and the Detroit Wheels,New Voice,7,7,
1967,11,8,12,THERE’S A KIND OF HUSH,Herman’s Hermits,MGM,6,8,
1967,11,9,9,MY CUP RUNNETH OVER,Ed Ames,RCA Victor,9,9,
1967,11,10,6,THEN YOU CAN TELL ME GOODBYE,The Casinos,Fraternity,10,6,
1967,11,11,16,STRAWBERRY FIELDS FOREVER,The Beatles,Capitol,4,11,
1967,11,12,15,"FOR WHAT IT’S WORTH (Stop, Hey What’s That Sound)",Buffalo Springfield,Atco,8,12,
1967,11,13,14,THE HUNTER GETS CAPTURED BY THE GAME,The Marvelettes,Tamla,9,13,
1967,11,14,4,KIND OF A DRAG,The Buckinghams,U.S.A.,12,1,
1967,11,15,17,DARLING BE HOME SOON,The Lovin’ Spoonful,Kama Sutra,6,15,
1967,11,16,27,CALIFORNIA NIGHTS,Lesley Gore,Mercury,7,16,
1967,11,17,22,I’VE BEEN LONELY TOO LONG,The Young Rascals,Atlantic,8,17,
1967,11,18,31,I THINK WE’RE ALONE NOW,Tommy James and the Shondells,Roulette,6,18,
1967,11,19,19,EPISTLE TO DIPPY,Donovan,Epic,6,19,
1967,11,20,11,GIMME SOME LOVIN’,The Spencer Davis Group,United Artists,12,7,
1967,11,21,26,LET’S FALL IN LOVE,Peaches and Herb,Date,10,21,
1967,11,22,24,UPS AND DOWNS,Paul Revere and the Raiders Featuring Mark Lindsay,Columbia,5,22,
1967,11,23,65,BERNADETTE,The Four Tops,Motown,2,23,
1967,11,24,25,NIKI HOEKY,P.J. Proby,Liberty,8,24,
1967,11,25,52,I NEVER LOVED A MAN (The Way I Love You),Aretha Franklin,Atlantic,3,25,
1967,11,26,42,THE 59TH STREET BRIDGE SONG (Feelin’ Groovy),Harpers Bizarre,Warner Brothers,5,26,
1967,11,27,37,THE RETURN OF THE RED BARON,The Royal Guardsmen,Laurie,4,27,
1967,11,28,57,THIS IS MY SONG,Petula Clark,Warner Brothers,3,28,
1967,11,29,50,JIMMY MACK,Martha and the Vandellas,Gordy,4,29,
1967,11,30,40,THE LOVE I SAW IN YOU WAS JUST A MIRAGE,Smokey Robinson and the Miracles,Tamla,5,30,
1967,11,31,34,PUCKER UP BUTTERCUP,Jr. Walker and the All Stars,Soul,6,31,
1967,11,32,32,IT TAKES TWO,Marvin Gaye and Kim Weston,Tamla,11,14,
1967,11,33,13,"MERCY, MERCY, MERCY",“Cannonball” Adderley,Capitol,11,11,
1967,11,34,18,THE BEAT GOES ON,Sonny and Cher,Atco,10,6,
1967,11,35,58,WESTERN UNION,The Five Americans,Abnak,3,35,
1967,11,36,46,"SIT DOWN, I THINK I LOVE YOU",The Mojo Men,Reprise,7,36,
1967,11,37,56,BEGGIN’,The Four Seasons,Philips,3,37,
1967,11,38,28,GO WHERE YOU WANNA GO,The 5th Dimension,Soul City,10,16,
1967,11,39,20,GEORGY GIRL,The Seekers,Capitol,16,2,
1967,11,40,45,NO MILK TODAY,Herman’s Hermits,MGM,5,40,
1967,11,43,21,I’M A BELIEVER,The Monkees,Colgems,15,1,
1967,11,47,39,I’LL TAKE CARE OF YOUR CARES,Frankie Laine,ABC,9,39,
1967,11,48,23,YOU GOT TO ME,Neil Diamond,Bang,8,18,
1967,11,49,29,EVERYBODY NEEDS SOMEBODY TO LOVE,Wilson Pickett,Atlantic,7,29,
1967,11,54,38,INDESCRIBABLY BLUE,Elvis Presley,RCA Victor,8,33,
1967,11,56,36,THE DIS-ADVANTAGES OF YOU,Brass Ring Featuring Phil Bodner,Dunhill,7,36,
1967,11,41,51,DRY YOUR EYES,Brenda and the Tabulations,Dionn,4,41,
1967,11,42,43,DADDY’S LITTLE GIRL,Al Martino,Capitol,8,42,
1967,11,44,47,LADY,Jack Jones,Kapp,9,44,
1967,11,45,48,ONE MORE MOUNTAIN TO CLIMB,Ronnie Dove,Diamond,5,45,
1967,11,46,53,MORNINGTOWN RIDE,The Seekers,Capitol,5,46,
1967,12,1,2,HAPPY TOGETHER,The Turtles,White Whale,7,1,1 week at #1
1967,12,2,6,DEDICATED TO THE ONE I LOVE,The Mamas and the Papas,Dunhill,5,2,
1967,12,3,1,PENNY LANE,The Beatles,Capitol,5,1,
1967,12,4,8,THERE’S A KIND OF HUSH,Herman’s Hermits,MGM,7,4,
1967,12,5,3,BABY I NEED YOUR LOVIN’,Johnny Rivers,Imperial,8,3,
1967,12,6,7,SOCK IT TO ME-BABY!,Mitch Ryder and the Detroit Wheels,New Voice,8,6,
1967,12,7,12,"FOR WHAT IT’S WORTH (Stop, Hey What’s That Sound)",Buffalo Springfield,Atco,9,7,
1967,12,8,9,MY CUP RUNNETH OVER,Ed Ames,RCA Victor,10,8,
1967,12,9,4,LOVE IS HERE AND NOW YOU’RE GONE,The Supremes,Motown,9,1,
1967,12,10,5,RUBY TUESDAY,The Rolling Stones,London,10,1,
1967,12,11,11,STRAWBERRY FIELDS FOREVER,The Beatles,Capitol,5,11,
1967,12,12,10,THEN YOU CAN TELL ME GOODBYE,The Casinos,Fraternity,11,6,
1967,12,13,18,I THINK WE’RE ALONE NOW,Tommy James and the Shondells,Roulette,7,13,
1967,12,14,26,THE 59TH STREET BRIDGE SONG (Feelin’ Groovy),Harpers Bizarre,Warner Brothers,6,14,
1967,12,15,27,THE RETURN OF THE RED BARON,The Royal Guardsmen,Laurie,5,15,
1967,12,16,16,CALIFORNIA NIGHTS,Lesley Gore,Mercury,8,16,
1967,12,17,17,I’VE BEEN LONELY TOO LONG,The Young Rascals,Atlantic,9,17,
1967,12,18,23,BERNADETTE,The Four Tops,Motown,3,18,
1967,12,19,28,THIS IS MY SONG,Petula Clark,Warner Brothers,4,19,
1967,12,20,25,I NEVER LOVED A MAN (The Way I Love You),Aretha Franklin,Atlantic,4,20,
1967,12,21,15,DARLING BE HOME SOON,The Lovin’ Spoonful,Kama Sutra,7,15,
1967,12,22,22,UPS AND DOWNS,Paul Revere and the Raiders Featuring Mark Lindsay,Columbia,6,22,
1967,12,23,24,NIKI HOEKY,P.J. Proby,Liberty,9,23,
1967,12,24,29,JIMMY MACK,Martha and the Vandellas,Gordy,5,24,
1967,12,25,21,LET’S FALL IN LOVE,Peaches and Herb,Date,11,21,
1967,12,26,13,THE HUNTER GETS CAPTURED BY THE GAME,The Marvelettes,Tamla,10,13,
1967,12,27,30,THE LOVE I SAW IN YOU WAS JUST A MIRAGE,Smokey Robinson and the Miracles,Tamla,6,27,
1967,12,28,35,WESTERN UNION,The Five Americans,Abnak,4,28,
1967,12,29,50,SOMETHIN’ STUPID,Nancy Sinatra and Frank Sinatra,Reprise,2,29,
1967,12,30,37,BEGGIN’,The Four Seasons,Philips,4,30,
1967,12,31,41,DRY YOUR EYES,Brenda and the Tabulations,Dionn,5,31,
1967,12,33,20,GIMME SOME LOVIN’,The Spencer Davis Group,United Artists,13,7,
1967,12,34,14,KIND OF A DRAG,The Buckinghams,U.S.A.,13,1,
1967,12,35,31,PUCKER UP BUTTERCUP,Jr. Walker and the All Stars,Soul,7,31,
1967,12,36,36,"SIT DOWN, I THINK I LOVE YOU",The Mojo Men,Reprise,8,36,
1967,12,37,51,WITH THIS RING,The Platters,Musicor,5,37,
1967,12,38,40,NO MILK TODAY,Herman’s Hermits,MGM,6,38,
1967,12,39,44,LADY,Jack Jones,Kapp,10,39,
1967,12,40,19,EPISTLE TO DIPPY,Donovan,Epic,7,19,
1967,12,41,32,IT TAKES TWO,Marvin Gaye and Kim Weston,Tamla,12,14,
1967,12,42,34,THE BEAT GOES ON,Sonny and Cher,Atco,11,6,
1967,12,43,53,TRAVELIN’ MAN,Stevie Wonder,Tamla,4,43,
1967,12,44,46,MORNINGTOWN RIDE,The Seekers,Capitol,6,44,
1967,12,45,55,SWEET SOUL MUSIC,Arthur Conley,Atco,3,45,
1967,12,46,52,WHEN SOMETHING IS WRONG WITH MY BABY,Sam and Dave,Stax,5,46,
1967,12,47,61,WADE IN THE WATER,Herb Alpert and the Tijuana Brass,A&M,3,47,
1967,12,48,45,ONE MORE MOUNTAIN TO CLIMB,Ronnie Dove,Diamond,6,45,
1967,12,49,42,DADDY’S LITTLE GIRL,Al Martino,Capitol,9,42,
1967,12,50,57,THE LOSER (With a Broken Heart),Gary Lewis and the Playboys,Liberty,3,50,
1967,13,1,1,HAPPY TOGETHER,The Turtles,White Whale,8,1,2 weeks at #1
1967,13,2,2,DEDICATED TO THE ONE I LOVE,The Mamas and the Papas,Dunhill,6,2,
1967,13,3,3,PENNY LANE,The Beatles,Capitol,6,1,
1967,13,4,4,THERE’S A KIND OF HUSH,Herman’s Hermits,MGM,8,4,
1967,13,5,18,BERNADETTE,The Four Tops,Motown,4,5,
1967,13,6,19,THIS IS MY SONG,Petula Clark,Warner Brothers,5,6,
1967,13,7,7,"FOR WHAT IT’S WORTH (Stop, Hey What’s That Sound)",Buffalo Springfield,Atco,10,7,
1967,13,8,11,STRAWBERRY FIELDS FOREVER,The Beatles,Capitol,6,8,
1967,13,9,29,SOMETHIN’ STUPID,Nancy Sinatra and Frank Sinatra,Reprise,3,9,
1967,13,10,28,WESTERN UNION,The Five Americans,Abnak,5,10,
1967,13,11,8,MY CUP RUNNETH OVER,Ed Ames,RCA Victor,11,8,
1967,13,12,13,I THINK WE’RE ALONE NOW,Tommy James and the Shondells,Roulette,8,12,
1967,13,13,14,THE 59TH STREET BRIDGE SONG (Feelin’ Groovy),Harpers Bizarre,Warner Brothers,7,13,
1967,13,14,20,I NEVER LOVED A MAN (The Way I Love You),Aretha Franklin,Atlantic,5,14,
1967,13,15,5,BABY I NEED YOUR LOVIN’,Johnny Rivers,Imperial,9,3,
1967,13,16,17,I’VE BEEN LONELY TOO LONG,The Young Rascals,Atlantic,10,16,
1967,13,17,6,SOCK IT TO ME-BABY!,Mitch Ryder and the Detroit Wheels,New Voice,9,6,
1967,13,18,24,JIMMY MACK,Martha and the Vandellas,Gordy,6,18,
1967,13,19,32,"A LITTLE BIT ME, A LITTLE BIT YOU",The Monkees,Colgems,2,19,
1967,13,20,9,LOVE IS HERE AND NOW YOU’RE GONE,The Supremes,Motown,10,1,
1967,13,21,15,THE RETURN OF THE RED BARON,The Royal Guardsmen,Laurie,6,15,
1967,13,22,16,CALIFORNIA NIGHTS,Lesley Gore,Mercury,9,16,
1967,13,23,10,RUBY TUESDAY,The Rolling Stones,London,11,1,
1967,13,24,27,THE LOVE I SAW IN YOU WAS JUST A MIRAGE,Smokey Robinson and the Miracles,Tamla,7,24,
1967,13,25,30,BEGGIN’,The Four Seasons,Philips,5,25,
1967,13,26,31,DRY YOUR EYES,Brenda and the Tabulations,Dionn,6,26,
1967,13,27,12,THEN YOU CAN TELL ME GOODBYE,The Casinos,Fraternity,12,6,
1967,13,28,37,WITH THIS RING,The Platters,Musicor,6,28,
1967,13,29,22,UPS AND DOWNS,Paul Revere and the Raiders Featuring Mark Lindsay,Columbia,7,22,
1967,13,30,45,SWEET SOUL MUSIC,Arthur Conley,Atco,4,30,
1967,13,31,26,THE HUNTER GETS CAPTURED BY THE GAME,The Marvelettes,Tamla,11,13,
1967,13,32,43,TRAVELIN’ MAN,Stevie Wonder,Tamla,5,32,
1967,13,33,25,LET’S FALL IN LOVE,Peaches and Herb,Date,12,21,
1967,13,34,58,AT THE ZOO,Simon and Garfunkel,Columbia,3,34,
1967,13,35,35,PUCKER UP BUTTERCUP,Jr. Walker and the All Stars,Soul,8,31,
1967,13,36,38,NO MILK TODAY,Herman’s Hermits,MGM,7,36,
1967,13,37,47,WADE IN THE WATER,Herb Alpert and the Tijuana Brass,A&M,4,37,
1967,13,38,51,DETROIT CITY,Tom Jones,Parrot,4,38,
1967,13,39,39,LADY,Jack Jones,Kapp,11,39,
1967,13,40,36,"SIT DOWN, I THINK I LOVE YOU",The Mojo Men,Reprise,9,36,
1967,13,46,21,DARLING BE HOME SOON,The Lovin’ Spoonful,Kama Sutra,8,15,
1967,13,47,23,NIKI HOEKY,P.J. Proby,Liberty,10,23,
1967,13,41,52,WHAT A WOMAN IN LOVE WON’T DO,Sandy Posey,MGM,4,41,
1967,13,42,46,WHEN SOMETHING IS WRONG WITH MY BABY,Sam and Dave,Stax,6,42,
1967,13,43,53,SHOW ME,Joe Tex,Dial,5,43,
1967,13,44,54,TELL ME TO MY FACE,Keith,Mercury,3,44,
1967,13,45,50,THE LOSER (With a Broken Heart),Gary Lewis and the Playboys,Liberty,4,45,
1967,13,48,59,DON’T YOU CARE,The Buckinghams,Columbia,4,48,
1967,13,49,71,I’M A MAN,The Spencer Davis Group,United Artists,2,49,
1967,13,50,44,MORNINGTOWN RIDE,The Seekers,Capitol,7,44,
1967,14,1,1,HAPPY TOGETHER,The Turtles,White Whale,9,1,3 weeks at #1
1967,14,2,2,DEDICATED TO THE ONE I LOVE,The Mamas and the Papas,Dunhill,7,2,
1967,14,3,9,SOMETHIN’ STUPID,Nancy Sinatra and Frank Sinatra,Reprise,4,3,
1967,14,4,5,BERNADETTE,The Four Tops,Motown,5,4,
1967,14,5,6,THIS IS MY SONG,Petula Clark,Warner Brothers,6,5,
1967,14,6,3,PENNY LANE,The Beatles,Capitol,7,1,
1967,14,7,10,WESTERN UNION,The Five Americans,Abnak,6,7,
1967,14,8,12,I THINK WE’RE ALONE NOW,Tommy James and the Shondells,Roulette,9,8,
1967,14,9,19,"A LITTLE BIT ME, A LITTLE BIT YOU",The Monkees,Colgems,3,9,
1967,14,10,4,THERE’S A KIND OF HUSH,Herman’s Hermits,MGM,9,4,
1967,14,11,18,JIMMY MACK,Martha and the Vandellas,Gordy,7,11,
1967,14,12,14,I NEVER LOVED A MAN (The Way I Love You),Aretha Franklin,Atlantic,6,12,
1967,14,13,13,THE 59TH STREET BRIDGE SONG (Feelin’ Groovy),Harpers Bizarre,Warner Brothers,8,13,
1967,14,14,7,"FOR WHAT IT’S WORTH (Stop, Hey What’s That Sound)",Buffalo Springfield,Atco,11,7,
1967,14,15,8,STRAWBERRY FIELDS FOREVER,The Beatles,Capitol,7,8,
1967,14,16,25,BEGGIN’,The Four Seasons,Philips,6,16,
1967,14,17,15,BABY I NEED YOUR LOVIN’,Johnny Rivers,Imperial,10,3,
1967,14,18,30,SWEET SOUL MUSIC,Arthur Conley,Atco,5,18,
1967,14,19,17,SOCK IT TO ME-BABY!,Mitch Ryder and the Detroit Wheels,New Voice,10,6,
1967,14,20,24,THE LOVE I SAW IN YOU WAS JUST A MIRAGE,Smokey Robinson and the Miracles,Tamla,8,20,
1967,14,21,26,DRY YOUR EYES,Brenda and the Tabulations,Dionn,7,21,
1967,14,22,16,I’VE BEEN LONELY TOO LONG,The Young Rascals,Atlantic,11,16,
1967,14,23,11,MY CUP RUNNETH OVER,Ed Ames,RCA Victor,12,8,
1967,14,24,21,THE RETURN OF THE RED BARON,The Royal Guardsmen,Laurie,7,15,
1967,14,25,22,CALIFORNIA NIGHTS,Lesley Gore,Mercury,10,16,
1967,14,26,28,WITH THIS RING,The Platters,Musicor,7,26,
1967,14,27,34,AT THE ZOO,Simon and Garfunkel,Columbia,4,27,
1967,14,28,48,DON’T YOU CARE,The Buckinghams,Columbia,5,28,
1967,14,29,20,LOVE IS HERE AND NOW YOU’RE GONE,The Supremes,Motown,11,1,
1967,14,30,38,DETROIT CITY,Tom Jones,Parrot,5,30,
1967,14,31,41,WHAT A WOMAN IN LOVE WON’T DO,Sandy Posey,MGM,5,31,
1967,14,32,32,TRAVELIN’ MAN,Stevie Wonder,Tamla,6,32,
1967,14,33,49,I’M A MAN,The Spencer Davis Group,United Artists,3,33,
1967,14,34,29,UPS AND DOWNS,Paul Revere and the Raiders Featuring Mark Lindsay,Columbia,8,22,
1967,14,35,36,NO MILK TODAY,Herman’s Hermits,MGM,8,35,
1967,14,36,43,SHOW ME,Joe Tex,Dial,6,36,
1967,14,37,37,WADE IN THE WATER,Herb Alpert and the Tijuana Brass,A&M,5,37,
1967,14,38,61,LOVE EYES,Nancy Sinatra,Reprise,3,38,
1967,14,39,52,GONNA GIVE HER ALL THE LOVE I’VE GOT,Jimmy Ruffin,Soul,4,39,
1967,14,40,44,TELL ME TO MY FACE,Keith,Mercury,4,40,
1967,14,42,27,THEN YOU CAN TELL ME GOODBYE,The Casinos,Fraternity,13,6,
1967,14,47,23,RUBY TUESDAY,The Rolling Stones,London,12,1,
1967,14,58,40,"SIT DOWN, I THINK I LOVE YOU",The Mojo Men,Reprise,10,36,
1967,14,41,53,LAWDY MISS CLAWDY,The Buckinghams,U.S.A.,5,41,
1967,14,43,45,THE LOSER (With a Broken Heart),Gary Lewis and the Playboys,Liberty,5,43,
1967,14,44,42,WHEN SOMETHING IS WRONG WITH MY BABY,Sam and Dave,Stax,7,42,
1967,14,45,56,SUNDAY FOR TEA,Peter and Gordon,Capitol,3,45,
1967,14,46,51,THE GIRL I KNEW SOMEWHERE,The Monkees,Colgems,3,46,
1967,14,48,83,YOU GOT WHAT IT TAKES,The Dave Clark Five,Epic,2,48,
1967,14,49,54,SUMMER WINE,Nancy Sinatra and Lee Hazlewood,Reprise,6,49,
1967,14,50,55,ON A CAROUSEL,The Hollies,Imperial,4,50,
1967,15,1,3,SOMETHIN’ STUPID,Nancy Sinatra and Frank Sinatra,Reprise,5,1,1 week at #1
1967,15,2,1,HAPPY TOGETHER,The Turtles,White Whale,10,1,
1967,15,3,5,THIS IS MY SONG,Petula Clark,Warner Brothers,7,3,
1967,15,4,4,BERNADETTE,The Four Tops,Motown,6,4,
1967,15,5,9,"A LITTLE BIT ME, A LITTLE BIT YOU",The Monkees,Colgems,4,5,
1967,15,6,7,WESTERN UNION,The Five Americans,Abnak,7,6,
1967,15,7,8,I THINK WE’RE ALONE NOW,Tommy James and the Shondells,Roulette,10,7,
1967,15,8,2,DEDICATED TO THE ONE I LOVE,The Mamas and the Papas,Dunhill,8,2,
1967,15,9,12,I NEVER LOVED A MAN (The Way I Love You),Aretha Franklin,Atlantic,7,9,
1967,15,10,11,JIMMY MACK,Martha and the Vandellas,Gordy,8,10,
1967,15,11,18,SWEET SOUL MUSIC,Arthur Conley,Atco,6,11,
1967,15,12,6,PENNY LANE,The Beatles,Capitol,8,1,
1967,15,13,10,THERE’S A KIND OF HUSH,Herman’s Hermits,MGM,10,4,
1967,15,14,13,THE 59TH STREET BRIDGE SONG (Feelin’ Groovy),Harpers Bizarre,Warner Brothers,9,13,
1967,15,15,14,"FOR WHAT IT’S WORTH (Stop, Hey What’s That Sound)",Buffalo Springfield,Atco,12,7,
1967,15,16,16,BEGGIN’,The Four Seasons,Philips,7,16,
1967,15,17,27,AT THE ZOO,Simon and Garfunkel,Columbia,5,17,
1967,15,18,26,WITH THIS RING,The Platters,Musicor,8,18,
1967,15,19,57,THE HAPPENING,The Supremes,Motown,2,19,
1967,15,20,21,DRY YOUR EYES,Brenda and the Tabulations,Dionn,8,20,
1967,15,21,15,STRAWBERRY FIELDS FOREVER,The Beatles,Capitol,8,8,
1967,15,22,33,I’M A MAN,The Spencer Davis Group,United Artists,4,22,
1967,15,23,28,DON’T YOU CARE,The Buckinghams,Columbia,6,23,
1967,15,24,22,I’VE BEEN LONELY TOO LONG,The Young Rascals,Atlantic,12,16,
1967,15,25,20,THE LOVE I SAW IN YOU WAS JUST A MIRAGE,Smokey Robinson and the Miracles,Tamla,9,20,
1967,15,26,19,SOCK IT TO ME-BABY!,Mitch Ryder and the Detroit Wheels,New Voice,11,6,
1967,15,27,25,CALIFORNIA NIGHTS,Lesley Gore,Mercury,11,16,
1967,15,28,30,DETROIT CITY,Tom Jones,Parrot,6,28,
1967,15,29,38,LOVE EYES,Nancy Sinatra,Reprise,4,29,
1967,15,30,39,GONNA GIVE HER ALL THE LOVE I’VE GOT,Jimmy Ruffin,Soul,5,30,
1967,15,31,31,WHAT A WOMAN IN LOVE WON’T DO,Sandy Posey,MGM,6,31,
1967,15,32,23,MY CUP RUNNETH OVER,Ed Ames,RCA Victor,13,8,
1967,15,33,51,CLOSE YOUR EYES,Peaches and Herb,Date,4,33,
1967,15,34,45,SUNDAY FOR TEA,Peter and Gordon,Capitol,4,34,
1967,15,35,36,SHOW ME,Joe Tex,Dial,7,35,
1967,15,36,50,ON A CAROUSEL,The Hollies,Imperial,5,36,
1967,15,37,40,TELL ME TO MY FACE,Keith,Mercury,5,37,
1967,15,38,48,YOU GOT WHAT IT TAKES,The Dave Clark Five,Epic,3,38,
1967,15,39,46,THE GIRL I KNEW SOMEWHERE,The Monkees,Colgems,4,39,
1967,15,40,32,TRAVELIN’ MAN,Stevie Wonder,Tamla,7,32,
1967,15,42,35,NO MILK TODAY,Herman’s Hermits,MGM,9,35,
1967,15,48,17,BABY I NEED YOUR LOVIN’,Johnny Rivers,Imperial,11,3,
1967,15,41,41,LAWDY MISS CLAWDY,The Buckinghams,U.S.A.,6,41,
1967,15,43,59,I FOUND A LOVE (Part 1),Wilson Pickett,Atlantic,3,43,
1967,15,44,44,WHEN SOMETHING IS WRONG WITH MY BABY,Sam and Dave,Stax,8,42,
1967,15,45,55,GET ME TO THE WORLD ON TIME,The Electric Prunes,Reprise,3,45,
1967,15,46,56,FRIDAY ON MY MIND,The Easybeats,United Artists,5,46,
1967,15,47,52,MUSIC TO WATCH GIRLS BY,Andy Williams,Columbia,4,47,
1967,15,49,49,SUMMER WINE,Nancy Sinatra and Lee Hazlewood,Reprise,7,49,
1967,15,50,53,I’LL TRY ANYTHING,Dusty Springfield,Philips,5,50,
1967,16,1,1,SOMETHIN’ STUPID,Nancy Sinatra and Frank Sinatra,Reprise,6,1,2 weeks at #1
1967,16,2,2,HAPPY TOGETHER,The Turtles,White Whale,11,1,
1967,16,3,5,"A LITTLE BIT ME, A LITTLE BIT YOU",The Monkees,Colgems,5,3,
1967,16,4,7,I THINK WE’RE ALONE NOW,Tommy James and the Shondells,Roulette,11,4,
1967,16,5,6,WESTERN UNION,The Five Americans,Abnak,8,5,
1967,16,6,3,THIS IS MY SONG,Petula Clark,Warner Brothers,8,3,
1967,16,7,11,SWEET SOUL MUSIC,Arthur Conley,Atco,7,7,
1967,16,8,4,BERNADETTE,The Four Tops,Motown,7,4,
1967,16,9,9,I NEVER LOVED A MAN (The Way I Love You),Aretha Franklin,Atlantic,8,9,
1967,16,10,10,JIMMY MACK,Martha and the Vandellas,Gordy,9,10,
1967,16,11,19,THE HAPPENING,The Supremes,Motown,3,11,
1967,16,12,8,DEDICATED TO THE ONE I LOVE,The Mamas and the Papas,Dunhill,9,2,
1967,16,13,22,I’M A MAN,The Spencer Davis Group,United Artists,5,13,
1967,16,14,18,WITH THIS RING,The Platters,Musicor,9,14,
1967,16,15,29,LOVE EYES,Nancy Sinatra,Reprise,5,15,
1967,16,16,17,AT THE ZOO,Simon and Garfunkel,Columbia,6,16,
1967,16,17,23,DON’T YOU CARE,The Buckinghams,Columbia,7,17,
1967,16,18,38,YOU GOT WHAT IT TAKES,The Dave Clark Five,Epic,4,18,
1967,16,19,15,"FOR WHAT IT’S WORTH (Stop, Hey What’s That Sound)",Buffalo Springfield,Atco,13,7,
1967,16,20,20,DRY YOUR EYES,Brenda and the Tabulations,Dionn,9,20,
1967,16,21,12,PENNY LANE,The Beatles,Capitol,9,1,
1967,16,22,13,THERE’S A KIND OF HUSH,Herman’s Hermits,MGM,11,4,
1967,16,23,14,THE 59TH STREET BRIDGE SONG (Feelin’ Groovy),Harpers Bizarre,Warner Brothers,10,13,
1967,16,24,36,ON A CAROUSEL,The Hollies,Imperial,6,24,
1967,16,25,16,BEGGIN’,The Four Seasons,Philips,8,16,
1967,16,26,33,CLOSE YOUR EYES,Peaches and Herb,Date,5,26,
1967,16,27,28,DETROIT CITY,Tom Jones,Parrot,7,27,
1967,16,28,21,STRAWBERRY FIELDS FOREVER,The Beatles,Capitol,9,8,
1967,16,29,30,GONNA GIVE HER ALL THE LOVE I’VE GOT,Jimmy Ruffin,Soul,6,29,
1967,16,30,46,FRIDAY ON MY MIND,The Easybeats,United Artists,6,30,
1967,16,31,34,SUNDAY FOR TEA,Peter and Gordon,Capitol,5,31,
1967,16,32,43,I FOUND A LOVE (Part 1),Wilson Pickett,Atlantic,4,32,
1967,16,33,27,CALIFORNIA NIGHTS,Lesley Gore,Mercury,12,16,
1967,16,34,45,GET ME TO THE WORLD ON TIME,The Electric Prunes,Reprise,4,34,
1967,16,35,47,MUSIC TO WATCH GIRLS BY,Andy Williams,Columbia,5,35,
1967,16,36,25,THE LOVE I SAW IN YOU WAS JUST A MIRAGE,Smokey Robinson and the Miracles,Tamla,10,20,
1967,16,37,35,SHOW ME,Joe Tex,Dial,8,35,
1967,16,38,61,WHEN I WAS YOUNG,Eric Burdon and the Animals,MGM,3,38,
1967,16,39,24,I’VE BEEN LONELY TOO LONG,The Young Rascals,Atlantic,13,16,
1967,16,40,50,I’LL TRY ANYTHING,Dusty Springfield,Philips,6,40,
1967,16,44,31,WHAT A WOMAN IN LOVE WON’T DO,Sandy Posey,MGM,7,31,
1967,16,48,39,THE GIRL I KNEW SOMEWHERE,The Monkees,Colgems,5,39,
1967,16,49,37,TELL ME TO MY FACE,Keith,Mercury,6,37,
1967,16,41,51,WALKIN’ IN THE SUNSHINE,Roger Miller,Smash,5,41,
1967,16,42,52,MY BACK PAGES,The Byrds,Columbia,4,42,
1967,16,43,53,"GIRL, YOU’LL BE A WOMAN SOON",Neil Diamond,Bang,3,43,
1967,16,45,42,NO MILK TODAY,Herman’s Hermits,MGM,10,35,
1967,16,46,59,I GOT RHYTHM,The Happenings,B.T. Puppy,3,46,
1967,16,47,57,YELLOW BALLOON,The Yellow Balloon,Canterbury,4,47,
1967,16,50,65,CASINO ROYALE,Herb Alpert and the Tijuana Brass,A&M,3,50,
1967,17,1,1,SOMETHIN’ STUPID,Nancy Sinatra and Frank Sinatra,Reprise,7,1,3 weeks at #1
1967,17,2,3,"A LITTLE BIT ME, A LITTLE BIT YOU",The Monkees,Colgems,6,2,
1967,17,3,2,HAPPY TOGETHER,The Turtles,White Whale,12,1,
1967,17,4,7,SWEET SOUL MUSIC,Arthur Conley,Atco,8,4,
1967,17,5,4,I THINK WE’RE ALONE NOW,Tommy James and the Shondells,Roulette,12,4,
1967,17,6,5,WESTERN UNION,The Five Americans,Abnak,9,5,
1967,17,7,6,THIS IS MY SONG,Petula Clark,Warner Brothers,9,3,
1967,17,8,11,THE HAPPENING,The Supremes,Motown,4,8,
1967,17,9,8,BERNADETTE,The Four Tops,Motown,8,4,
1967,17,10,10,JIMMY MACK,Martha and the Vandellas,Gordy,10,10,
1967,17,11,17,DON’T YOU CARE,The Buckinghams,Columbia,8,11,
1967,17,12,18,YOU GOT WHAT IT TAKES,The Dave Clark Five,Epic,5,12,
1967,17,13,13,I’M A MAN,The Spencer Davis Group,United Artists,6,13,
1967,17,14,9,I NEVER LOVED A MAN (The Way I Love You),Aretha Franklin,Atlantic,9,9,
1967,17,15,15,LOVE EYES,Nancy Sinatra,Reprise,6,15,
1967,17,16,16,AT THE ZOO,Simon and Garfunkel,Columbia,7,16,
1967,17,17,24,ON A CAROUSEL,The Hollies,Imperial,7,17,
1967,17,18,26,CLOSE YOUR EYES,Peaches and Herb,Date,6,18,
1967,17,19,14,WITH THIS RING,The Platters,Musicor,10,14,
1967,17,20,12,DEDICATED TO THE ONE I LOVE,The Mamas and the Papas,Dunhill,10,2,
1967,17,21,38,WHEN I WAS YOUNG,Eric Burdon and the Animals,MGM,4,21,
1967,17,22,20,DRY YOUR EYES,Brenda and the Tabulations,Dionn,10,20,
1967,17,23,30,FRIDAY ON MY MIND,The Easybeats,United Artists,7,23,
1967,17,24,23,THE 59TH STREET BRIDGE SONG (Feelin’ Groovy),Harpers Bizarre,Warner Brothers,11,13,
1967,17,25,21,PENNY LANE,The Beatles,Capitol,10,1,
1967,17,26,22,THERE’S A KIND OF HUSH,Herman’s Hermits,MGM,12,4,
1967,17,27,19,"FOR WHAT IT’S WORTH (Stop, Hey What’s That Sound)",Buffalo Springfield,Atco,14,7,
1967,17,28,34,GET ME TO THE WORLD ON TIME,The Electric Prunes,Reprise,5,28,
1967,17,29,46,I GOT RHYTHM,The Happenings,B.T. Puppy,4,29,
1967,17,30,25,BEGGIN’,The Four Seasons,Philips,9,16,
1967,17,31,42,MY BACK PAGES,The Byrds,Columbia,5,31,
1967,17,32,32,I FOUND A LOVE (Part 1),Wilson Pickett,Atlantic,5,32,
1967,17,33,43,"GIRL, YOU’LL BE A WOMAN SOON",Neil Diamond,Bang,4,33,
1967,17,34,35,MUSIC TO WATCH GIRLS BY,Andy Williams,Columbia,6,34,
1967,17,35,33,CALIFORNIA NIGHTS,Lesley Gore,Mercury,13,16,
1967,17,36,54,RELEASE ME (And Let Me Love Again),Engelbert Humperdinck,Parrot,4,36,
1967,17,37,47,YELLOW BALLOON,The Yellow Balloon,Canterbury,5,37,
1967,17,38,31,SUNDAY FOR TEA,Peter and Gordon,Capitol,6,31,
1967,17,39,50,CASINO ROYALE,Herb Alpert and the Tijuana Brass,A&M,3,39,
1967,17,40,40,I’LL TRY ANYTHING,Dusty Springfield,Philips,7,40,
1967,17,45,39,I’VE BEEN LONELY TOO LONG,The Young Rascals,Atlantic,14,16,
1967,17,46,29,GONNA GIVE HER ALL THE LOVE I’VE GOT,Jimmy Ruffin,Soul,7,29,
1967,17,47,27,DETROIT CITY,Tom Jones,Parrot,8,27,
1967,17,41,41,WALKIN’ IN THE SUNSHINE,Roger Miller,Smash,6,41,
1967,17,42,52,DEAD END STREET,Lou Rawls,Capitol,6,42,
1967,17,43,53,HERE COMES MY BABY,The Tremeloes,Epic,4,43,
1967,17,44,58,SOMEBODY TO LOVE,Jefferson Airplane,RCA Victor,5,44,
1967,17,48,59,MAKING MEMORIES,Frankie Laine,ABC,4,48,
1967,17,49,79,GROOVIN’,The Young Rascals,Atlantic,2,49,
1967,18,1,1,SOMETHIN’ STUPID,Nancy Sinatra and Frank Sinatra,Reprise,8,1,4 weeks at #1
1967,18,2,8,THE HAPPENING,The Supremes,Motown,5,2,
1967,18,3,4,SWEET SOUL MUSIC,Arthur Conley,Atco,9,3,
1967,18,4,2,"A LITTLE BIT ME, A LITTLE BIT YOU",The Monkees,Colgems,7,2,
1967,18,5,3,HAPPY TOGETHER,The Turtles,White Whale,13,1,
1967,18,6,5,I THINK WE’RE ALONE NOW,Tommy James and the Shondells,Roulette,13,4,
1967,18,7,11,DON’T YOU CARE,The Buckinghams,Columbia,9,7,
1967,18,8,18,CLOSE YOUR EYES,Peaches and Herb,Date,7,8,
1967,18,9,12,YOU GOT WHAT IT TAKES,The Dave Clark Five,Epic,6,9,
1967,18,10,13,I’M A MAN,The Spencer Davis Group,United Artists,7,10,
1967,18,12,17,ON A CAROUSEL,The Hollies,Imperial,8,12,
1967,18,13,7,THIS IS MY SONG,Petula Clark,Warner Brothers,10,3,
1967,18,14,6,WESTERN UNION,The Five Americans,Abnak,10,5,
1967,18,15,21,WHEN I WAS YOUNG,Eric Burdon and the Animals,MGM,5,15,
1967,18,16,14,I NEVER LOVED A MAN (The Way I Love You),Aretha Franklin,Atlantic,10,9,
1967,18,17,29,I GOT RHYTHM,The Happenings,B.T. Puppy,5,17,
1967,18,18,23,FRIDAY ON MY MIND,The Easybeats,United Artists,8,18,
1967,18,19,49,GROOVIN’,The Young Rascals,Atlantic,3,19,
1967,18,20,36,RELEASE ME (And Let Me Love Again),Engelbert Humperdinck,Parrot,5,20,
1967,18,21,33,"GIRL, YOU’LL BE A WOMAN SOON",Neil Diamond,Bang,5,21,
1967,18,22,15,LOVE EYES,Nancy Sinatra,Reprise,7,15,
1967,18,23,16,AT THE ZOO,Simon and Garfunkel,Columbia,8,16,
1967,18,24,9,BERNADETTE,The Four Tops,Motown,9,4,
1967,18,25,43,HERE COMES MY BABY,The Tremeloes,Epic,5,25,
1967,18,26,50,RESPECT,Aretha Franklin,Atlantic,2,26,
1967,18,27,19,WITH THIS RING,The Platters,Musicor,11,14,
1967,18,28,28,GET ME TO THE WORLD ON TIME,The Electric Prunes,Reprise,6,28,
1967,18,29,37,YELLOW BALLOON,The Yellow Balloon,Canterbury,6,29,
1967,18,30,31,MY BACK PAGES,The Byrds,Columbia,6,30,
1967,18,31,44,SOMEBODY TO LOVE,Jefferson Airplane,RCA Victor,6,31,
1967,18,32,42,DEAD END STREET,Lou Rawls,Capitol,7,32,
1967,18,33,65,HIM OR ME – WHAT’S IT GONNA BE,Paul Revere and the Raiders Featuring Mark Lindsay,Columbia,2,33,
1967,18,34,34,MUSIC TO WATCH GIRLS BY,Andy Williams,Columbia,7,34,
1967,18,35,56,SUNSHINE GIRL,The Parade,A&M,4,35,
1967,18,36,48,MAKING MEMORIES,Frankie Laine,ABC,5,36,
1967,18,37,41,WALKIN’ IN THE SUNSHINE,Roger Miller,Smash,7,37,
1967,18,38,60,MY GIRL JOSEPHINE,Jerry Jaye,Hi,4,38,
1967,18,39,39,CASINO ROYALE,Herb Alpert and the Tijuana Brass,A&M,4,39,
1967,18,40,69,MIRAGE,Tommy James and the Shondells,Roulette,2,40,
1967,18,43,35,CALIFORNIA NIGHTS,Lesley Gore,Mercury,14,16,
1967,18,50,27,"FOR WHAT IT’S WORTH (Stop, Hey What’s That Sound)",Buffalo Springfield,Atco,15,7,
1967,18,52,22,DRY YOUR EYES,Brenda and the Tabulations,Dionn,11,20,
1967,18,53,32,I FOUND A LOVE (Part 1),Wilson Pickett,Atlantic,6,32,
1967,18,54,40,I’LL TRY ANYTHING,Dusty Springfield,Philips,8,40,
1967,18,41,51,SHAKE A TAIL FEATHER,James and Bobby Purify,Bell,4,41,
1967,18,42,81,ALL I NEED,The Temptations,Gordy,2,42,
1967,18,44,83,CREEQUE ALLEY,The Mamas and the Papas,Dunhill,2,44,
1967,18,45,55,BUY FOR ME THE RAIN,The Nitty Gritty Dirt Band,Liberty,5,45,
1967,18,46,64,I WAS KAISER BILL’S BATMAN,Whistling Jack Smith,Deram,2,46,
1967,18,47,57,MELANCHOLY MUSIC MAN,The Righteous Brothers,Verve,3,47,
1967,18,48,53,PORTRAIT OF MY LOVE,The Tokens,Warner Brothers,4,48,
1967,18,49,52,HIP HUG-HER,Booker T. and the MG’s,Stax,7,49,
1967,19,1,2,THE HAPPENING,The Supremes,Motown,6,1,1 week at #1
1967,19,2,3,SWEET SOUL MUSIC,Arthur Conley,Atco,10,2,
1967,19,3,1,SOMETHIN’ STUPID,Nancy Sinatra and Frank Sinatra,Reprise,9,1,
1967,19,4,19,GROOVIN’,The Young Rascals,Atlantic,4,4,
1967,19,5,4,"A LITTLE BIT ME, A LITTLE BIT YOU",The Monkees,Colgems,8,2,
1967,19,6,7,DON’T YOU CARE,The Buckinghams,Columbia,10,6,
1967,19,7,9,YOU GOT WHAT IT TAKES,The Dave Clark Five,Epic,7,7,
1967,19,8,8,CLOSE YOUR EYES,Peaches and Herb,Date,8,8,
1967,19,9,17,I GOT RHYTHM,The Happenings,B.T. Puppy,6,9,
1967,19,10,6,I THINK WE’RE ALONE NOW,Tommy James and the Shondells,Roulette,14,4,
1967,19,11,21,"GIRL, YOU’LL BE A WOMAN SOON",Neil Diamond,Bang,6,11,
1967,19,12,12,ON A CAROUSEL,The Hollies,Imperial,9,12,
1967,19,13,20,RELEASE ME (And Let Me Love Again),Engelbert Humperdinck,Parrot,6,13,
1967,19,14,26,RESPECT,Aretha Franklin,Atlantic,3,14,
1967,19,15,15,WHEN I WAS YOUNG,Eric Burdon and the Animals,MGM,6,15,
1967,19,16,5,HAPPY TOGETHER,The Turtles,White Whale,14,1,
1967,19,17,10,I’M A MAN,The Spencer Davis Group,United Artists,8,10,
1967,19,18,18,FRIDAY ON MY MIND,The Easybeats,United Artists,9,18,
1967,19,19,25,HERE COMES MY BABY,The Tremeloes,Epic,6,19,
1967,19,20,11,JIMMY MACK,Martha and the Vandellas,Gordy,12,10,
1967,19,21,33,HIM OR ME – WHAT’S IT GONNA BE,Paul Revere and the Raiders Featuring Mark Lindsay,Columbia,3,21,
1967,19,22,44,CREEQUE ALLEY,The Mamas and the Papas,Dunhill,3,22,
1967,19,23,13,THIS IS MY SONG,Petula Clark,Warner Brothers,11,3,
1967,19,24,40,MIRAGE,Tommy James and the Shondells,Roulette,3,24,
1967,19,25,35,SUNSHINE GIRL,The Parade,A&M,5,25,
1967,19,26,29,YELLOW BALLOON,The Yellow Balloon,Canterbury,7,26,
1967,19,27,28,GET ME TO THE WORLD ON TIME,The Electric Prunes,Reprise,7,27,
1967,19,28,42,ALL I NEED,The Temptations,Gordy,3,28,
1967,19,29,32,DEAD END STREET,Lou Rawls,Capitol,8,29,
1967,19,30,41,SHAKE A TAIL FEATHER,James and Bobby Purify,Bell,5,30,
1967,19,31,31,SOMEBODY TO LOVE,Jefferson Airplane,RCA Victor,7,31,
1967,19,32,16,I NEVER LOVED A MAN (The Way I Love You),Aretha Franklin,Atlantic,11,9,
1967,19,33,23,AT THE ZOO,Simon and Garfunkel,Columbia,9,16,
1967,19,34,46,I WAS KAISER BILL’S BATMAN,Whistling Jack Smith,Deram,3,34,
1967,19,35,38,MY GIRL JOSEPHINE,Jerry Jaye,Hi,5,35,
1967,19,36,36,MAKING MEMORIES,Frankie Laine,ABC,6,36,
1967,19,37,39,CASINO ROYALE,Herb Alpert and the Tijuana Brass,A&M,5,37,
1967,19,38,14,WESTERN UNION,The Five Americans,Abnak,11,5,
1967,19,39,30,MY BACK PAGES,The Byrds,Columbia,7,30,
1967,19,40,57,TOO MANY FISH IN THE SEA & THREE LITTLE FISHES (Medley),Mitch Ryder and the Detroit Wheels,New Voice,3,40,
1967,19,43,27,WITH THIS RING,The Platters,Musicor,12,14,
1967,19,46,22,LOVE EYES,Nancy Sinatra,Reprise,8,15,
1967,19,50,24,BERNADETTE,The Four Tops,Motown,10,4,
1967,19,54,34,MUSIC TO WATCH GIRLS BY,Andy Williams,Columbia,8,34,
1967,19,41,51,HAPPY JACK,The Who,Decca,5,41,
1967,19,42,49,HIP HUG-HER,Booker T. and the MG’s,Stax,8,42,
1967,19,44,48,PORTRAIT OF MY LOVE,The Tokens,Warner Brothers,5,44,
1967,19,45,45,BUY FOR ME THE RAIN,The Nitty Gritty Dirt Band,Liberty,6,45,
1967,19,47,47,MELANCHOLY MUSIC MAN,The Righteous Brothers,Verve,4,47,
1967,19,48,64,SIX O’CLOCK,The Lovin’ Spoonful,Kama Sutra,3,48,
1967,19,49,59,WHEN YOU’RE YOUNG AND IN LOVE,The Marvelettes,Tamla,4,49,
1967,20,1,4,GROOVIN’,The Young Rascals,Atlantic,5,1,1 week at #1
1967,20,2,1,THE HAPPENING,The Supremes,Motown,7,1,
1967,20,3,2,SWEET SOUL MUSIC,Arthur Conley,Atco,11,2,
1967,20,4,3,SOMETHIN’ STUPID,Nancy Sinatra and Frank Sinatra,Reprise,10,1,
1967,20,5,14,RESPECT,Aretha Franklin,Atlantic,4,5,
1967,20,6,9,I GOT RHYTHM,The Happenings,B.T. Puppy,7,6,
1967,20,7,13,RELEASE ME (And Let Me Love Again),Engelbert Humperdinck,Parrot,7,7,
1967,20,8,8,CLOSE YOUR EYES,Peaches and Herb,Date,9,8,
1967,20,9,6,DON’T YOU CARE,The Buckinghams,Columbia,11,6,
1967,20,10,7,YOU GOT WHAT IT TAKES,The Dave Clark Five,Epic,8,7,
1967,20,11,11,"GIRL, YOU’LL BE A WOMAN SOON",Neil Diamond,Bang,7,11,
1967,20,12,12,ON A CAROUSEL,The Hollies,Imperial,10,12,
1967,20,13,22,CREEQUE ALLEY,The Mamas and the Papas,Dunhill,4,13,
1967,20,14,21,HIM OR ME – WHAT’S IT GONNA BE,Paul Revere and the Raiders Featuring Mark Lindsay,Columbia,4,14,
1967,20,15,15,WHEN I WAS YOUNG,Eric Burdon and the Animals,MGM,7,15,
1967,20,16,18,FRIDAY ON MY MIND,The Easybeats,United Artists,10,16,
1967,20,17,10,I THINK WE’RE ALONE NOW,Tommy James and the Shondells,Roulette,15,4,
1967,20,18,19,HERE COMES MY BABY,The Tremeloes,Epic,7,18,
1967,20,19,24,MIRAGE,Tommy James and the Shondells,Roulette,4,19,
1967,20,20,5,"A LITTLE BIT ME, A LITTLE BIT YOU",The Monkees,Colgems,9,2,
1967,20,21,28,ALL I NEED,The Temptations,Gordy,4,21,
1967,20,22,31,SOMEBODY TO LOVE,Jefferson Airplane,RCA Victor,8,22,
1967,20,23,25,SUNSHINE GIRL,The Parade,A&M,6,23,
1967,20,24,17,I’M A MAN,The Spencer Davis Group,United Artists,9,10,
1967,20,25,26,YELLOW BALLOON,The Yellow Balloon,Canterbury,8,25,
1967,20,26,34,I WAS KAISER BILL’S BATMAN,Whistling Jack Smith,Deram,4,26,
1967,20,27,40,TOO MANY FISH IN THE SEA & THREE LITTLE FISHES (Medley),Mitch Ryder and the Detroit Wheels,New Voice,4,27,
1967,20,28,30,SHAKE A TAIL FEATHER,James and Bobby Purify,Bell,6,28,
1967,20,29,29,DEAD END STREET,Lou Rawls,Capitol,9,29,
1967,20,30,37,CASINO ROYALE,Herb Alpert and the Tijuana Brass,A&M,6,30,
1967,20,31,41,HAPPY JACK,The Who,Decca,6,31,
1967,20,32,48,SIX O’CLOCK,The Lovin’ Spoonful,Kama Sutra,4,32,
1967,20,33,16,HAPPY TOGETHER,The Turtles,White Whale,15,1,
1967,20,34,35,MY GIRL JOSEPHINE,Jerry Jaye,Hi,6,34,
1967,20,35,36,MAKING MEMORIES,Frankie Laine,ABC,7,35,
1967,20,36,20,JIMMY MACK,Martha and the Vandellas,Gordy,13,10,
1967,20,37,44,PORTRAIT OF MY LOVE,The Tokens,Warner Brothers,6,37,
1967,20,38,42,HIP HUG-HER,Booker T. and the MG’s,Stax,9,38,
1967,20,39,49,WHEN YOU’RE YOUNG AND IN LOVE,The Marvelettes,Tamla,5,39,
1967,20,40,27,GET ME TO THE WORLD ON TIME,The Electric Prunes,Reprise,8,27,
1967,20,41,38,WESTERN UNION,The Five Americans,Abnak,12,5,
1967,20,42,23,THIS IS MY SONG,Petula Clark,Warner Brothers,12,3,
1967,20,43,47,MELANCHOLY MUSIC MAN,The Righteous Brothers,Verve,5,43,
1967,20,44,72,COME ON DOWN TO MY BOAT,Every Mothers’ Son,MGM,3,44,
1967,20,45,45,BUY FOR ME THE RAIN,The Nitty Gritty Dirt Band,Liberty,7,45,
1967,20,46,68,DO IT AGAIN A LITTLE BIT SLOWER,Jon and Robin and the In Crowd,Abnak,3,46,
1967,20,47,61,ALFIE,Dionne Warwick,Scepter,7,47,
1967,20,48,60,"ANOTHER DAY, ANOTHER HEARTACHE",The 5th Dimension,Soul City,4,48,
1967,20,49,57,CAN’T SEEM TO MAKE YOU MINE,The Seeds,GNP Crescendo,4,49,
1967,20,50,51,MY BABE,Ronnie Dove,Diamond,5,50,
1967,21,1,1,GROOVIN’,The Young Rascals,Atlantic,6,1,2 weeks at #1
1967,21,2,5,RESPECT,Aretha Franklin,Atlantic,5,2,
1967,21,3,6,I GOT RHYTHM,The Happenings,B.T. Puppy,8,3,
1967,21,4,7,RELEASE ME (And Let Me Love Again),Engelbert Humperdinck,Parrot,8,4,
1967,21,5,2,THE HAPPENING,The Supremes,Motown,8,1,
1967,21,6,3,SWEET SOUL MUSIC,Arthur Conley,Atco,12,2,
1967,21,7,14,HIM OR ME – WHAT’S IT GONNA BE,Paul Revere and the Raiders Featuring Mark Lindsay,Columbia,5,7,
1967,21,8,13,CREEQUE ALLEY,The Mamas and the Papas,Dunhill,5,8,
1967,21,9,4,SOMETHIN’ STUPID,Nancy Sinatra and Frank Sinatra,Reprise,11,1,
1967,21,10,11,"GIRL, YOU’LL BE A WOMAN SOON",Neil Diamond,Bang,8,10,
1967,21,11,12,ON A CAROUSEL,The Hollies,Imperial,11,11,
1967,21,12,9,DON’T YOU CARE,The Buckinghams,Columbia,12,6,
1967,21,13,18,HERE COMES MY BABY,The Tremeloes,Epic,8,13,
1967,21,14,19,MIRAGE,Tommy James and the Shondells,Roulette,5,14,
1967,21,15,21,ALL I NEED,The Temptations,Gordy,5,15,
1967,21,16,16,FRIDAY ON MY MIND,The Easybeats,United Artists,11,16,
1967,21,17,22,SOMEBODY TO LOVE,Jefferson Airplane,RCA Victor,9,17,
1967,21,18,8,CLOSE YOUR EYES,Peaches and Herb,Date,10,8,
1967,21,19,10,YOU GOT WHAT IT TAKES,The Dave Clark Five,Epic,9,7,
1967,21,20,23,SUNSHINE GIRL,The Parade,A&M,7,20,
1967,21,21,26,I WAS KAISER BILL’S BATMAN,Whistling Jack Smith,Deram,5,21,
1967,21,22,15,WHEN I WAS YOUNG,Eric Burdon and the Animals,MGM,8,15,
1967,21,23,17,I THINK WE’RE ALONE NOW,Tommy James and the Shondells,Roulette,16,4,
1967,21,24,27,TOO MANY FISH IN THE SEA & THREE LITTLE FISHES (Medley),Mitch Ryder and the Detroit Wheels,New Voice,5,24,
1967,21,25,28,SHAKE A TAIL FEATHER,James and Bobby Purify,Bell,7,25,
1967,21,26,31,HAPPY JACK,The Who,Decca,7,26,
1967,21,27,30,CASINO ROYALE,Herb Alpert and the Tijuana Brass,A&M,7,27,
1967,21,28,39,WHEN YOU’RE YOUNG AND IN LOVE,The Marvelettes,Tamla,6,28,
1967,21,29,34,MY GIRL JOSEPHINE,Jerry Jaye,Hi,7,29,
1967,21,30,32,SIX O’CLOCK,The Lovin’ Spoonful,Kama Sutra,5,30,
1967,21,31,25,YELLOW BALLOON,The Yellow Balloon,Canterbury,9,25,
1967,21,32,29,DEAD END STREET,Lou Rawls,Capitol,10,29,
1967,21,33,20,"A LITTLE BIT ME, A LITTLE BIT YOU",The Monkees,Colgems,10,2,
1967,21,34,44,COME ON DOWN TO MY BOAT,Every Mothers’ Son,MGM,4,34,
1967,21,35,46,DO IT AGAIN A LITTLE BIT SLOWER,Jon and Robin and the In Crowd,Abnak,4,35,
1967,21,36,37,PORTRAIT OF MY LOVE,The Tokens,Warner Brothers,7,36,
1967,21,37,47,ALFIE,Dionne Warwick,Scepter,8,37,
1967,21,38,38,HIP HUG-HER,Booker T. and the MG’s,Stax,10,38,
1967,21,39,58,SHE’D RATHER BE WITH ME,The Turtles,White Whale,3,39,
1967,21,40,73,LITTLE BIT O’ SOUL,The Music Explosion,Laurie,3,40,
1967,21,44,35,MAKING MEMORIES,Frankie Laine,ABC,8,35,
1967,21,48,36,JIMMY MACK,Martha and the Vandellas,Gordy,14,10,
1967,21,41,49,CAN’T SEEM TO MAKE YOU MINE,The Seeds,GNP Crescendo,5,41,
1967,21,42,54,TRAMP,Otis and Carla,Stax,4,42,
1967,21,43,65,GIRLS IN LOVE,Gary Lewis and the Playboys,Liberty,3,43,
1967,21,45,48,"ANOTHER DAY, ANOTHER HEARTACHE",The 5th Dimension,Soul City,5,45,
1967,21,46,66,LET’S LIVE FOR TODAY,The Grass Roots,Dunhill,3,46,
1967,21,47,62,AIN’T NO MOUNTAIN HIGH ENOUGH,Marvin Gaye and Tammi Terrell,Tamla,3,47,
1967,21,49,98,SUNDAY WILL NEVER BE THE SAME,Spanky and Our Gang,Mercury,2,49,
1967,21,50,87,7 ROOMS OF GLOOM,The Four Tops,Motown,2,50,
1967,22,1,2,RESPECT,Aretha Franklin,Atlantic,6,1,1 week at #1
1967,22,2,1,GROOVIN’,The Young Rascals,Atlantic,7,1,
1967,22,3,3,I GOT RHYTHM,The Happenings,B.T. Puppy,9,3,
1967,22,4,4,RELEASE ME (And Let Me Love Again),Engelbert Humperdinck,Parrot,9,4,
1967,22,5,8,CREEQUE ALLEY,The Mamas and the Papas,Dunhill,6,5,
1967,22,6,7,HIM OR ME – WHAT’S IT GONNA BE,Paul Revere and the Raiders Featuring Mark Lindsay,Columbia,6,6,
1967,22,7,5,THE HAPPENING,The Supremes,Motown,9,1,
1967,22,8,6,SWEET SOUL MUSIC,Arthur Conley,Atco,13,2,
1967,22,9,17,SOMEBODY TO LOVE,Jefferson Airplane,RCA Victor,10,9,
1967,22,10,15,ALL I NEED,The Temptations,Gordy,6,10,
1967,22,11,14,MIRAGE,Tommy James and the Shondells,Roulette,6,11,
1967,22,12,10,"GIRL, YOU’LL BE A WOMAN SOON",Neil Diamond,Bang,9,10,
1967,22,13,13,HERE COMES MY BABY,The Tremeloes,Epic,9,13,
1967,22,14,39,SHE’D RATHER BE WITH ME,The Turtles,White Whale,4,14,
1967,22,15,11,ON A CAROUSEL,The Hollies,Imperial,12,11,
1967,22,16,9,SOMETHIN’ STUPID,Nancy Sinatra and Frank Sinatra,Reprise,12,1,
1967,22,17,40,LITTLE BIT O’ SOUL,The Music Explosion,Laurie,4,17,
1967,22,18,16,FRIDAY ON MY MIND,The Easybeats,United Artists,12,16,
1967,22,19,30,SIX O’CLOCK,The Lovin’ Spoonful,Kama Sutra,6,19,
1967,22,20,21,I WAS KAISER BILL’S BATMAN,Whistling Jack Smith,Deram,6,20,
1967,22,21,18,CLOSE YOUR EYES,Peaches and Herb,Date,11,8,
1967,22,22,12,DON’T YOU CARE,The Buckinghams,Columbia,13,6,
1967,22,23,28,WHEN YOU’RE YOUNG AND IN LOVE,The Marvelettes,Tamla,7,23,
1967,22,24,26,HAPPY JACK,The Who,Decca,8,24,
1967,22,25,25,SHAKE A TAIL FEATHER,James and Bobby Purify,Bell,8,25,
1967,22,26,35,DO IT AGAIN A LITTLE BIT SLOWER,Jon and Robin and the In Crowd,Abnak,5,26,
1967,22,27,49,SUNDAY WILL NEVER BE THE SAME,Spanky and Our Gang,Mercury,3,27,
1967,22,28,52,WINDY,The Association,Warner Brothers,2,28,
1967,22,29,34,COME ON DOWN TO MY BOAT,Every Mothers’ Son,MGM,5,29,
1967,22,30,50,7 ROOMS OF GLOOM,The Four Tops,Motown,3,30,
1967,22,31,20,SUNSHINE GIRL,The Parade,A&M,8,20,
1967,22,32,24,TOO MANY FISH IN THE SEA & THREE LITTLE FISHES (Medley),Mitch Ryder and the Detroit Wheels,New Voice,6,24,
1967,22,33,53,CAN’T TAKE MY EYES OFF YOU,Frankie Valli,Philips,3,33,
1967,22,34,29,MY GIRL JOSEPHINE,Jerry Jaye,Hi,8,29,
1967,22,35,37,ALFIE,Dionne Warwick,Scepter,9,35,
1967,22,36,46,LET’S LIVE FOR TODAY,The Grass Roots,Dunhill,4,36,
1967,22,37,38,HIP HUG-HER,Booker T. and the MG’s,Stax,11,37,
1967,22,38,27,CASINO ROYALE,Herb Alpert and the Tijuana Brass,A&M,8,27,
1967,22,39,47,AIN’T NO MOUNTAIN HIGH ENOUGH,Marvin Gaye and Tammi Terrell,Tamla,4,39,
1967,22,40,42,TRAMP,Otis and Carla,Stax,5,40,
1967,22,43,19,YOU GOT WHAT IT TAKES,The Dave Clark Five,Epic,10,7,
1967,22,46,23,I THINK WE’RE ALONE NOW,Tommy James and the Shondells,Roulette,17,4,
1967,22,47,22,WHEN I WAS YOUNG,Eric Burdon and the Animals,MGM,9,15,
1967,22,48,32,DEAD END STREET,Lou Rawls,Capitol,11,29,
1967,22,50,36,PORTRAIT OF MY LOVE,The Tokens,Warner Brothers,8,36,
1967,22,54,31,YELLOW BALLOON,The Yellow Balloon,Canterbury,10,25,
1967,22,41,41,CAN’T SEEM TO MAKE YOU MINE,The Seeds,GNP Crescendo,6,41,
1967,22,42,43,GIRLS IN LOVE,Gary Lewis and the Playboys,Liberty,4,42,
1967,22,44,54,THE OOGUM BOOGUM SONG,Brenton Wood,Double Shot,8,44,
1967,22,45,58,DING DONG! THE WITCH IS DEAD,The Fifth Estate,Jubilee,3,45,
1967,22,49,79,"NEW YORK MINING DISASTER 1941 (Have You Seen My Wife, Mr. Jones)",The Bee Gees,Atco,2,49,
1967,23,1,1,RESPECT,Aretha Franklin,Atlantic,7,1,2 weeks at #1
1967,23,2,2,GROOVIN’,The Young Rascals,Atlantic,8,1,
1967,23,3,3,I GOT RHYTHM,The Happenings,B.T. Puppy,10,3,
1967,23,4,4,RELEASE ME (And Let Me Love Again),Engelbert Humperdinck,Parrot,10,4,
1967,23,5,6,HIM OR ME – WHAT’S IT GONNA BE,Paul Revere and the Raiders Featuring Mark Lindsay,Columbia,7,5,
1967,23,6,9,SOMEBODY TO LOVE,Jefferson Airplane,RCA Victor,11,6,
1967,23,7,14,SHE’D RATHER BE WITH ME,The Turtles,White Whale,5,7,
1967,23,8,17,LITTLE BIT O’ SOUL,The Music Explosion,Laurie,5,8,
1967,23,9,10,ALL I NEED,The Temptations,Gordy,7,9,
1967,23,10,5,CREEQUE ALLEY,The Mamas and the Papas,Dunhill,7,5,
1967,23,11,11,MIRAGE,Tommy James and the Shondells,Roulette,7,11,
1967,23,12,28,WINDY,The Association,Warner Brothers,3,12,
1967,23,13,13,HERE COMES MY BABY,The Tremeloes,Epic,10,13,
1967,23,14,27,SUNDAY WILL NEVER BE THE SAME,Spanky and Our Gang,Mercury,4,14,
1967,23,15,36,LET’S LIVE FOR TODAY,The Grass Roots,Dunhill,5,15,
1967,23,16,29,COME ON DOWN TO MY BOAT,Every Mothers’ Son,MGM,6,16,
1967,23,17,33,CAN’T TAKE MY EYES OFF YOU,Frankie Valli,Philips,4,17,
1967,23,18,19,SIX O’CLOCK,The Lovin’ Spoonful,Kama Sutra,7,18,
1967,23,19,30,7 ROOMS OF GLOOM,The Four Tops,Motown,4,19,
1967,23,20,15,ON A CAROUSEL,The Hollies,Imperial,13,11,
1967,23,21,26,DO IT AGAIN A LITTLE BIT SLOWER,Jon and Robin and the In Crowd,Abnak,6,21,
1967,23,22,18,FRIDAY ON MY MIND,The Easybeats,United Artists,13,16,
1967,23,23,23,WHEN YOU’RE YOUNG AND IN LOVE,The Marvelettes,Tamla,8,23,
1967,23,24,12,"GIRL, YOU’LL BE A WOMAN SOON",Neil Diamond,Bang,10,10,
1967,23,25,7,THE HAPPENING,The Supremes,Motown,10,1,
1967,23,26,49,"NEW YORK MINING DISASTER 1941 (Have You Seen My Wife, Mr. Jones)",The Bee Gees,Atco,3,26,
1967,23,27,8,SWEET SOUL MUSIC,Arthur Conley,Atco,14,2,
1967,23,28,35,ALFIE,Dionne Warwick,Scepter,10,28,
1967,23,29,39,AIN’T NO MOUNTAIN HIGH ENOUGH,Marvin Gaye and Tammi Terrell,Tamla,5,29,
1967,23,30,40,TRAMP,Otis and Carla,Stax,6,30,
1967,23,31,20,I WAS KAISER BILL’S BATMAN,Whistling Jack Smith,Deram,7,20,
1967,23,32,55,SAN FRANCISCO (Be Sure To Wear Flowers In Your Hair),Scott McKenzie,Ode,3,32,
1967,23,33,45,DING DONG! THE WITCH IS DEAD,The Fifth Estate,Jubilee,4,33,
1967,23,34,22,DON’T YOU CARE,The Buckinghams,Columbia,14,6,
1967,23,35,21,CLOSE YOUR EYES,Peaches and Herb,Date,12,8,
1967,23,36,25,SHAKE A TAIL FEATHER,James and Bobby Purify,Bell,9,25,
1967,23,37,53,HERE WE GO AGAIN,Ray Charles,ABC/TRC,4,37,
1967,23,38,24,HAPPY JACK,The Who,Decca,9,24,
1967,23,39,34,MY GIRL JOSEPHINE,Jerry Jaye,Hi,9,29,
1967,23,40,42,GIRLS IN LOVE,Gary Lewis and the Playboys,Liberty,5,40,
1967,23,41,16,SOMETHIN’ STUPID,Nancy Sinatra and Frank Sinatra,Reprise,13,1,
1967,23,51,37,HIP HUG-HER,Booker T. and the MG’s,Stax,12,37,
1967,23,42,52,SOUND OF LOVE,The Five Americans,Abnak,4,42,
1967,23,43,44,THE OOGUM BOOGUM SONG,Brenton Wood,Double Shot,9,43,
1967,23,44,83,UP-UP AND AWAY,The 5th Dimension,Soul City,2,44,
1967,23,45,70,THE TRACKS OF MY TEARS,Johnny Rivers,Imperial,2,45,
1967,23,46,51,LET YOURSELF GO,James Brown and the Famous Flames,King,6,46,
1967,23,47,60,COME TO THE SUNSHINE,Harpers Bizarre,Warner Brothers,4,47,
1967,23,48,66,SOCIETY’S CHILD (Baby I’ve Been Thinking),Janis Ian,Verve,3,48,
1967,23,49,76,DON’T SLEEP IN THE SUBWAY,Petula Clark,Warner Brothers,2,49,
1967,23,50,41,CAN’T SEEM TO MAKE YOU MINE,The Seeds,GNP Crescendo,7,41,
1967,24,1,2,GROOVIN’,The Young Rascals,Atlantic,9,1,3 weeks at #1
1967,24,2,1,RESPECT,Aretha Franklin,Atlantic,8,1,
1967,24,3,7,SHE’D RATHER BE WITH ME,The Turtles,White Whale,6,3,
1967,24,4,4,RELEASE ME (And Let Me Love Again),Engelbert Humperdinck,Parrot,11,4,
1967,24,5,6,SOMEBODY TO LOVE,Jefferson Airplane,RCA Victor,12,5,
1967,24,6,8,LITTLE BIT O’ SOUL,The Music Explosion,Laurie,6,6,
1967,24,7,12,WINDY,The Association,Warner Brothers,4,7,
1967,24,8,9,ALL I NEED,The Temptations,Gordy,8,8,
1967,24,9,3,I GOT RHYTHM,The Happenings,B.T. Puppy,11,3,
1967,24,10,11,MIRAGE,Tommy James and the Shondells,Roulette,8,10,
1967,24,11,17,CAN’T TAKE MY EYES OFF YOU,Frankie Valli,Philips,5,11,
1967,24,12,14,SUNDAY WILL NEVER BE THE SAME,Spanky and Our Gang,Mercury,5,12,
1967,24,13,16,COME ON DOWN TO MY BOAT,Every Mothers’ Son,MGM,7,13,
1967,24,14,19,7 ROOMS OF GLOOM,The Four Tops,Motown,5,14,
1967,24,15,15,LET’S LIVE FOR TODAY,The Grass Roots,Dunhill,6,15,
1967,24,16,5,HIM OR ME – WHAT’S IT GONNA BE,Paul Revere and the Raiders Featuring Mark Lindsay,Columbia,8,5,
1967,24,17,33,DING DONG! THE WITCH IS DEAD,The Fifth Estate,Jubilee,5,17,
1967,24,18,26,"NEW YORK MINING DISASTER 1941 (Have You Seen My Wife, Mr. Jones)",The Bee Gees,Atco,4,18,
1967,24,19,21,DO IT AGAIN A LITTLE BIT SLOWER,Jon and Robin and the In Crowd,Abnak,7,19,
1967,24,20,32,SAN FRANCISCO (Be Sure To Wear Flowers In Your Hair),Scott McKenzie,Ode,4,20,
1967,24,21,10,CREEQUE ALLEY,The Mamas and the Papas,Dunhill,8,5,
1967,24,22,28,ALFIE,Dionne Warwick,Scepter,11,22,
1967,24,23,13,HERE COMES MY BABY,The Tremeloes,Epic,11,13,
1967,24,24,45,THE TRACKS OF MY TEARS,Johnny Rivers,Imperial,3,24,
1967,24,25,18,SIX O’CLOCK,The Lovin’ Spoonful,Kama Sutra,8,18,
1967,24,26,49,DON’T SLEEP IN THE SUBWAY,Petula Clark,Warner Brothers,3,26,
1967,24,27,29,AIN’T NO MOUNTAIN HIGH ENOUGH,Marvin Gaye and Tammi Terrell,Tamla,6,27,
1967,24,28,37,HERE WE GO AGAIN,Ray Charles,ABC/TRC,5,28,
1967,24,29,30,TRAMP,Otis and Carla,Stax,7,29,
1967,24,30,48,SOCIETY’S CHILD (Baby I’ve Been Thinking),Janis Ian,Verve,4,30,
1967,24,31,44,UP-UP AND AWAY,The 5th Dimension,Soul City,3,31,
1967,24,32,23,WHEN YOU’RE YOUNG AND IN LOVE,The Marvelettes,Tamla,9,23,
1967,24,33,66,C’MON MARIANNE,The Four Seasons,Philips,2,33,
1967,24,34,53,FOR YOUR PRECIOUS LOVE,"Oscar Toney, Jr.",Bell,4,34,
1967,24,35,24,"GIRL, YOU’LL BE A WOMAN SOON",Neil Diamond,Bang,11,10,
1967,24,36,42,SOUND OF LOVE,The Five Americans,Abnak,5,36,
1967,24,37,47,COME TO THE SUNSHINE,Harpers Bizarre,Warner Brothers,5,37,
1967,24,38,52,MARY IN THE MORNING,Al Martino,Capitol,4,38,
1967,24,39,40,GIRLS IN LOVE,Gary Lewis and the Playboys,Liberty,6,39,
1967,24,40,25,THE HAPPENING,The Supremes,Motown,11,1,
1967,24,41,20,ON A CAROUSEL,The Hollies,Imperial,14,11,
1967,24,44,27,SWEET SOUL MUSIC,Arthur Conley,Atco,15,2,
1967,24,45,22,FRIDAY ON MY MIND,The Easybeats,United Artists,14,16,
1967,24,42,43,THE OOGUM BOOGUM SONG,Brenton Wood,Double Shot,10,42,
1967,24,43,68,I WAS MADE TO LOVE HER,Stevie Wonder,Tamla,2,43,
1967,24,46,56,PAY YOU BACK WITH INTEREST,The Hollies,Imperial,3,46,
1967,24,47,54,SHAKE,Otis Redding,Volt,5,47,
1967,24,48,58,DON’T BLAME THE CHILDREN,"Sammy Davis, Jr.",Reprise,4,48,
1967,24,49,55,FUNNY FAMILIAR FORGOTTEN FEELINGS,Tom Jones,Parrot,5,49,
1967,24,50,61,LIGHT MY FIRE,The Doors,Elektra,3,50,
1967,25,1,1,GROOVIN’,The Young Rascals,Atlantic,10,1,4 weeks at #1
1967,25,2,2,RESPECT,Aretha Franklin,Atlantic,9,1,
1967,25,3,3,SHE’D RATHER BE WITH ME,The Turtles,White Whale,7,3,
1967,25,4,7,WINDY,The Association,Warner Brothers,5,4,
1967,25,5,6,LITTLE BIT O’ SOUL,The Music Explosion,Laurie,7,5,
1967,25,6,20,SAN FRANCISCO (Be Sure To Wear Flowers In Your Hair),Scott McKenzie,Ode,5,6,
1967,25,7,5,SOMEBODY TO LOVE,Jefferson Airplane,RCA Victor,13,5,
1967,25,8,11,CAN’T TAKE MY EYES OFF YOU,Frankie Valli,Philips,6,8,
1967,25,9,12,SUNDAY WILL NEVER BE THE SAME,Spanky and Our Gang,Mercury,6,9,
1967,25,10,15,LET’S LIVE FOR TODAY,The Grass Roots,Dunhill,7,10,
1967,25,11,13,COME ON DOWN TO MY BOAT,Every Mothers’ Son,MGM,8,11,
1967,25,12,4,RELEASE ME (And Let Me Love Again),Engelbert Humperdinck,Parrot,12,4,
1967,25,13,24,THE TRACKS OF MY TEARS,Johnny Rivers,Imperial,4,13,
1967,25,14,14,7 ROOMS OF GLOOM,The Four Tops,Motown,6,14,
1967,25,15,17,DING DONG! THE WITCH IS DEAD,The Fifth Estate,Jubilee,6,15,
1967,25,16,18,"NEW YORK MINING DISASTER 1941 (Have You Seen My Wife, Mr. Jones)",The Bee Gees,Atco,5,16,
1967,25,17,22,ALFIE,Dionne Warwick,Scepter,12,17,
1967,25,18,19,DO IT AGAIN A LITTLE BIT SLOWER,Jon and Robin and the In Crowd,Abnak,8,18,
1967,25,19,8,ALL I NEED,The Temptations,Gordy,9,8,
1967,25,20,26,DON’T SLEEP IN THE SUBWAY,Petula Clark,Warner Brothers,4,20,
1967,25,21,31,UP-UP AND AWAY,The 5th Dimension,Soul City,4,21,
1967,25,22,27,AIN’T NO MOUNTAIN HIGH ENOUGH,Marvin Gaye and Tammi Terrell,Tamla,7,22,
1967,25,23,28,HERE WE GO AGAIN,Ray Charles,ABC/TRC,6,23,
1967,25,24,50,LIGHT MY FIRE,The Doors,Elektra,4,24,
1967,25,25,30,SOCIETY’S CHILD (Baby I’ve Been Thinking),Janis Ian,Verve,5,25,
1967,25,26,29,TRAMP,Otis and Carla,Stax,8,26,
1967,25,27,10,MIRAGE,Tommy James and the Shondells,Roulette,9,10,
1967,25,28,33,C’MON MARIANNE,The Four Seasons,Philips,3,28,
1967,25,29,9,I GOT RHYTHM,The Happenings,B.T. Puppy,12,3,
1967,25,30,38,MARY IN THE MORNING,Al Martino,Capitol,5,30,
1967,25,31,34,FOR YOUR PRECIOUS LOVE,"Oscar Toney, Jr.",Bell,5,31,
1967,25,32,16,HIM OR ME – WHAT’S IT GONNA BE,Paul Revere and the Raiders Featuring Mark Lindsay,Columbia,9,5,
1967,25,33,43,I WAS MADE TO LOVE HER,Stevie Wonder,Tamla,3,33,
1967,25,34,42,THE OOGUM BOOGUM SONG,Brenton Wood,Double Shot,11,34,
1967,25,35,46,PAY YOU BACK WITH INTEREST,The Hollies,Imperial,4,35,
1967,25,36,36,SOUND OF LOVE,The Five Americans,Abnak,6,36,
1967,25,37,37,COME TO THE SUNSHINE,Harpers Bizarre,Warner Brothers,6,37,
1967,25,38,48,DON’T BLAME THE CHILDREN,"Sammy Davis, Jr.",Reprise,5,38,
1967,25,39,23,HERE COMES MY BABY,The Tremeloes,Epic,12,13,
1967,25,40,21,CREEQUE ALLEY,The Mamas and the Papas,Dunhill,9,5,
1967,25,42,32,WHEN YOU’RE YOUNG AND IN LOVE,The Marvelettes,Tamla,10,23,
1967,25,41,54,SOUL FINGER,The Bar-Kays,Volt,6,41,
1967,25,43,60,BOWLING GREEN,The Everly Brothers,Warner Brothers,5,43,
1967,25,44,61,"SHAKE, RATTLE AND ROLL",Arthur Conley,Atco,3,44,
1967,25,45,55,YOU MUST HAVE BEEN A BEAUTIFUL BABY,The Dave Clark Five,Epic,3,45,
1967,25,46,53,MAKE ME YOURS,Bettye Swann,Money,6,46,
1967,25,47,47,SHAKE,Otis Redding,Volt,6,47,
1967,25,48,56,TOGETHER,The Intruders,Gamble,9,48,
1967,25,49,81,"MERCY, MERCY, MERCY",The Buckinghams,Columbia,2,49,
1967,26,1,4,WINDY,The Association,Warner Brothers,6,1,1 week at #1
1967,26,2,1,GROOVIN’,The Young Rascals,Atlantic,11,1,
1967,26,3,5,LITTLE BIT O’ SOUL,The Music Explosion,Laurie,8,3,
1967,26,4,6,SAN FRANCISCO (Be Sure To Wear Flowers In Your Hair),Scott McKenzie,Ode,6,4,
1967,26,5,3,SHE’D RATHER BE WITH ME,The Turtles,White Whale,8,3,
1967,26,6,2,RESPECT,Aretha Franklin,Atlantic,10,1,
1967,26,7,8,CAN’T TAKE MY EYES OFF YOU,Frankie Valli,Philips,7,7,
1967,26,8,10,LET’S LIVE FOR TODAY,The Grass Roots,Dunhill,8,8,
1967,26,9,11,COME ON DOWN TO MY BOAT,Every Mothers’ Son,MGM,9,9,
1967,26,10,20,DON’T SLEEP IN THE SUBWAY,Petula Clark,Warner Brothers,5,10,
1967,26,11,15,DING DONG! THE WITCH IS DEAD,The Fifth Estate,Jubilee,7,11,
1967,26,12,21,UP-UP AND AWAY,The 5th Dimension,Soul City,5,12,
1967,26,13,13,THE TRACKS OF MY TEARS,Johnny Rivers,Imperial,5,13,
1967,26,14,16,"NEW YORK MINING DISASTER 1941 (Have You Seen My Wife, Mr. Jones)",The Bee Gees,Atco,6,14,
1967,26,15,17,ALFIE,Dionne Warwick,Scepter,13,15,
1967,26,16,9,SUNDAY WILL NEVER BE THE SAME,Spanky and Our Gang,Mercury,7,9,
1967,26,17,7,SOMEBODY TO LOVE,Jefferson Airplane,RCA Victor,14,5,
1967,26,18,28,C’MON MARIANNE,The Four Seasons,Philips,4,18,
1967,26,19,24,LIGHT MY FIRE,The Doors,Elektra,5,19,
1967,26,20,14,7 ROOMS OF GLOOM,The Four Tops,Motown,7,14,
1967,26,21,22,AIN’T NO MOUNTAIN HIGH ENOUGH,Marvin Gaye and Tammi Terrell,Tamla,8,21,
1967,26,22,25,SOCIETY’S CHILD (Baby I’ve Been Thinking),Janis Ian,Verve,6,22,
1967,26,23,23,HERE WE GO AGAIN,Ray Charles,ABC/TRC,7,23,
1967,26,24,18,DO IT AGAIN A LITTLE BIT SLOWER,Jon and Robin and the In Crowd,Abnak,9,18,
1967,26,25,33,I WAS MADE TO LOVE HER,Stevie Wonder,Tamla,4,25,
1967,26,26,31,FOR YOUR PRECIOUS LOVE,"Oscar Toney, Jr.",Bell,6,26,
1967,26,27,12,RELEASE ME (And Let Me Love Again),Engelbert Humperdinck,Parrot,13,4,
1967,26,28,80,A WHITER SHADE OF PALE,Procol Harum,Deram,2,28,
1967,26,29,35,PAY YOU BACK WITH INTEREST,The Hollies,Imperial,5,29,
1967,26,30,30,MARY IN THE MORNING,Al Martino,Capitol,6,30,
1967,26,31,41,SOUL FINGER,The Bar-Kays,Volt,7,31,
1967,26,32,46,MAKE ME YOURS,Bettye Swann,Money,7,32,
1967,26,33,50,WHITE RABBIT,Jefferson Airplane,RCA Victor,2,33,
1967,26,34,44,"SHAKE, RATTLE AND ROLL",Arthur Conley,Atco,4,34,
1967,26,35,45,YOU MUST HAVE BEEN A BEAUTIFUL BABY,The Dave Clark Five,Epic,4,35,
1967,26,36,49,"MERCY, MERCY, MERCY",The Buckinghams,Columbia,3,36,
1967,26,37,37,COME TO THE SUNSHINE,Harpers Bizarre,Warner Brothers,7,37,
1967,26,38,38,DON’T BLAME THE CHILDREN,"Sammy Davis, Jr.",Reprise,6,38,
1967,26,39,51,I TAKE IT BACK,Sandy Posey,MGM,4,39,
1967,26,40,19,ALL I NEED,The Temptations,Gordy,10,8,
1967,26,44,26,TRAMP,Otis and Carla,Stax,9,26,
1967,26,47,27,MIRAGE,Tommy James and the Shondells,Roulette,10,10,
1967,26,48,29,I GOT RHYTHM,The Happenings,B.T. Puppy,13,3,
1967,26,51,36,SOUND OF LOVE,The Five Americans,Abnak,7,36,
1967,26,52,34,THE OOGUM BOOGUM SONG,Brenton Wood,Double Shot,12,34,
1967,26,41,53,STEP OUT OF YOUR MIND,The American Breed,Acta,5,41,
1967,26,42,52,MORE LOVE,Smokey Robinson and the Miracles,Tamla,3,42,
1967,26,43,43,BOWLING GREEN,The Everly Brothers,Warner Brothers,6,43,
1967,26,45,55,CARRIE-ANNE,The Hollies,Epic,3,45,
1967,26,46,56,FOR YOUR LOVE,Peaches and Herb,Date,2,46,
1967,26,49,81,DON’T GO OUT INTO THE RAIN (You’re Going To Melt),Herman’s Hermits,MGM,2,49,
1967,26,50,79,JACKSON,Nancy Sinatra and Lee Hazlewood,Reprise,2,50,
1967,27,1,1,WINDY,The Association,Warner Brothers,7,1,2 weeks at #1
1967,27,2,3,LITTLE BIT O’ SOUL,The Music Explosion,Laurie,9,2,
1967,27,3,7,CAN’T TAKE MY EYES OFF YOU,Frankie Valli,Philips,8,3,
1967,27,4,4,SAN FRANCISCO (Be Sure To Wear Flowers In Your Hair),Scott McKenzie,Ode,7,4,
1967,27,5,10,DON’T SLEEP IN THE SUBWAY,Petula Clark,Warner Brothers,6,5,
1967,27,6,9,COME ON DOWN TO MY BOAT,Every Mothers’ Son,MGM,10,6,
1967,27,7,12,UP-UP AND AWAY,The 5th Dimension,Soul City,6,7,
1967,27,8,8,LET’S LIVE FOR TODAY,The Grass Roots,Dunhill,9,8,
1967,27,9,2,GROOVIN’,The Young Rascals,Atlantic,12,1,
1967,27,10,13,THE TRACKS OF MY TEARS,Johnny Rivers,Imperial,6,10,
1967,27,11,5,SHE’D RATHER BE WITH ME,The Turtles,White Whale,9,3,
1967,27,12,19,LIGHT MY FIRE,The Doors,Elektra,6,12,
1967,27,13,28,A WHITER SHADE OF PALE,Procol Harum,Deram,3,13,
1967,27,14,6,RESPECT,Aretha Franklin,Atlantic,11,1,
1967,27,15,15,ALFIE,Dionne Warwick,Scepter,14,15,
1967,27,16,18,C’MON MARIANNE,The Four Seasons,Philips,5,16,
1967,27,17,22,SOCIETY’S CHILD (Baby I’ve Been Thinking),Janis Ian,Verve,7,17,
1967,27,18,11,DING DONG! THE WITCH IS DEAD,The Fifth Estate,Jubilee,8,11,
1967,27,19,25,I WAS MADE TO LOVE HER,Stevie Wonder,Tamla,5,19,
1967,27,20,23,HERE WE GO AGAIN,Ray Charles,ABC/TRC,8,20,
1967,27,21,21,AIN’T NO MOUNTAIN HIGH ENOUGH,Marvin Gaye and Tammi Terrell,Tamla,9,21,
1967,27,22,33,WHITE RABBIT,Jefferson Airplane,RCA Victor,3,22,
1967,27,23,26,FOR YOUR PRECIOUS LOVE,"Oscar Toney, Jr.",Bell,7,23,
1967,27,24,31,SOUL FINGER,The Bar-Kays,Volt,8,24,
1967,27,25,39,I TAKE IT BACK,Sandy Posey,MGM,5,25,
1967,27,26,32,MAKE ME YOURS,Bettye Swann,Money,8,26,
1967,27,27,30,MARY IN THE MORNING,Al Martino,Capitol,7,27,
1967,27,28,29,PAY YOU BACK WITH INTEREST,The Hollies,Imperial,6,28,
1967,27,29,36,"MERCY, MERCY, MERCY",The Buckinghams,Columbia,4,29,
1967,27,30,42,MORE LOVE,Smokey Robinson and the Miracles,Tamla,4,30,
1967,27,31,34,"SHAKE, RATTLE AND ROLL",Arthur Conley,Atco,5,31,
1967,27,32,46,FOR YOUR LOVE,Peaches and Herb,Date,3,32,
1967,27,33,50,JACKSON,Nancy Sinatra and Lee Hazlewood,Reprise,3,33,
1967,27,34,45,CARRIE-ANNE,The Hollies,Epic,4,34,
1967,27,35,35,YOU MUST HAVE BEEN A BEAUTIFUL BABY,The Dave Clark Five,Epic,5,35,
1967,27,36,41,STEP OUT OF YOUR MIND,The American Breed,Acta,6,36,
1967,27,37,49,DON’T GO OUT INTO THE RAIN (You’re Going To Melt),Herman’s Hermits,MGM,3,37,
1967,27,38,38,DON’T BLAME THE CHILDREN,"Sammy Davis, Jr.",Reprise,7,38,
1967,27,39,20,7 ROOMS OF GLOOM,The Four Tops,Motown,8,14,
1967,27,40,43,BOWLING GREEN,The Everly Brothers,Warner Brothers,7,40,
1967,27,41,17,SOMEBODY TO LOVE,Jefferson Airplane,RCA Victor,15,5,
1967,27,42,14,"NEW YORK MINING DISASTER 1941 (Have You Seen My Wife, Mr. Jones)",The Bee Gees,Atco,7,14,
1967,27,44,16,SUNDAY WILL NEVER BE THE SAME,Spanky and Our Gang,Mercury,8,9,
1967,27,46,24,DO IT AGAIN A LITTLE BIT SLOWER,Jon and Robin and the In Crowd,Abnak,10,18,
1967,27,49,27,RELEASE ME (And Let Me Love Again),Engelbert Humperdinck,Parrot,14,4,
1967,27,43,53,LOVE ME TENDER,Percy Sledge,Atlantic,4,43,
1967,27,45,63,THERE GOES MY EVERYTHING,Engelbert Humperdinck,Parrot,3,45,
1967,27,47,58,SILENCE IS GOLDEN,The Tremeloes,Epic,4,47,
1967,27,48,54,AIRPLANE SONG (My Airplane),The Royal Guardsmen,Laurie,4,48,
1967,27,50,77,I LIKE THE WAY,Tommy James and the Shondells,Roulette,2,50,
1967,28,1,1,WINDY,The Association,Warner Brothers,8,1,3 weeks at #1
1967,28,2,2,LITTLE BIT O’ SOUL,The Music Explosion,Laurie,10,2,
1967,28,3,3,CAN’T TAKE MY EYES OFF YOU,Frankie Valli,Philips,9,3,
1967,28,4,4,SAN FRANCISCO (Be Sure To Wear Flowers In Your Hair),Scott McKenzie,Ode,8,4,
1967,28,5,5,DON’T SLEEP IN THE SUBWAY,Petula Clark,Warner Brothers,7,5,
1967,28,6,6,COME ON DOWN TO MY BOAT,Every Mothers’ Son,MGM,11,6,
1967,28,7,7,UP-UP AND AWAY,The 5th Dimension,Soul City,7,7,
1967,28,8,12,LIGHT MY FIRE,The Doors,Elektra,7,8,
1967,28,9,16,C’MON MARIANNE,The Four Seasons,Philips,6,9,
1967,28,10,13,A WHITER SHADE OF PALE,Procol Harum,Deram,4,10,
1967,28,11,19,I WAS MADE TO LOVE HER,Stevie Wonder,Tamla,6,11,
1967,28,12,22,WHITE RABBIT,Jefferson Airplane,RCA Victor,4,12,
1967,28,13,10,THE TRACKS OF MY TEARS,Johnny Rivers,Imperial,7,10,
1967,28,14,17,SOCIETY’S CHILD (Baby I’ve Been Thinking),Janis Ian,Verve,8,14,
1967,28,15,20,HERE WE GO AGAIN,Ray Charles,ABC/TRC,9,15,
1967,28,16,8,LET’S LIVE FOR TODAY,The Grass Roots,Dunhill,10,8,
1967,28,17,29,"MERCY, MERCY, MERCY",The Buckinghams,Columbia,5,17,
1967,28,18,15,ALFIE,Dionne Warwick,Scepter,15,15,
1967,28,19,21,AIN’T NO MOUNTAIN HIGH ENOUGH,Marvin Gaye and Tammi Terrell,Tamla,10,19,
1967,28,20,25,I TAKE IT BACK,Sandy Posey,MGM,6,20,
1967,28,21,33,JACKSON,Nancy Sinatra and Lee Hazlewood,Reprise,4,21,
1967,28,22,24,SOUL FINGER,The Bar-Kays,Volt,9,22,
1967,28,23,37,DON’T GO OUT INTO THE RAIN (You’re Going To Melt),Herman’s Hermits,MGM,4,23,
1967,28,24,36,STEP OUT OF YOUR MIND,The American Breed,Acta,7,24,
1967,28,25,30,MORE LOVE,Smokey Robinson and the Miracles,Tamla,5,25,
1967,28,26,26,MAKE ME YOURS,Bettye Swann,Money,9,26,
1967,28,27,32,FOR YOUR LOVE,Peaches and Herb,Date,4,27,
1967,28,28,34,CARRIE-ANNE,The Hollies,Epic,5,28,
1967,28,29,18,DING DONG! THE WITCH IS DEAD,The Fifth Estate,Jubilee,9,11,
1967,28,30,45,THERE GOES MY EVERYTHING,Engelbert Humperdinck,Parrot,4,30,
1967,28,31,31,"SHAKE, RATTLE AND ROLL",Arthur Conley,Atco,6,31,
1967,28,32,47,SILENCE IS GOLDEN,The Tremeloes,Epic,5,32,
1967,28,33,11,SHE’D RATHER BE WITH ME,The Turtles,White Whale,10,3,
1967,28,34,23,FOR YOUR PRECIOUS LOVE,"Oscar Toney, Jr.",Bell,8,23,
1967,28,35,50,I LIKE THE WAY,Tommy James and the Shondells,Roulette,3,35,
1967,28,36,14,RESPECT,Aretha Franklin,Atlantic,12,1,
1967,28,37,38,DON’T BLAME THE CHILDREN,"Sammy Davis, Jr.",Reprise,8,37,
1967,28,38,9,GROOVIN’,The Young Rascals,Atlantic,13,1,
1967,28,39,27,MARY IN THE MORNING,Al Martino,Capitol,8,27,
1967,28,40,40,BOWLING GREEN,The Everly Brothers,Warner Brothers,8,40,
1967,28,43,28,PAY YOU BACK WITH INTEREST,The Hollies,Imperial,7,28,
1967,28,44,35,YOU MUST HAVE BEEN A BEAUTIFUL BABY,The Dave Clark Five,Epic,6,35,
1967,28,41,43,LOVE ME TENDER,Percy Sledge,Atlantic,5,41,
1967,28,42,60,IN THE CHAPEL IN THE MOONLIGHT,Dean Martin,Reprise,2,42,
1967,28,45,51,HYPNOTIZED,Linda Jones,Loma,4,45,
1967,28,46,48,AIRPLANE SONG (My Airplane),The Royal Guardsmen,Laurie,5,46,
1967,28,47,61,LET THE GOOD TIMES ROLL & FEEL SO GOOD (Medley),Bunny Sigler,Parkway,4,47,
1967,28,48,58,SHOW BUSINESS,Lou Rawls,Capitol,3,48,
1967,28,49,62,YOUR UNCHANGING LOVE,Marvin Gaye,Tamla,3,49,
1967,28,50,63,TAKE ME (Just As I Am),Solomon Burke,Atlantic,3,50,
1967,29,1,1,WINDY,The Association,Warner Brothers,9,1,4 weeks at #1
1967,29,2,3,CAN’T TAKE MY EYES OFF YOU,Frankie Valli,Philips,10,2,
1967,29,3,8,LIGHT MY FIRE,The Doors,Elektra,8,3,
1967,29,4,4,SAN FRANCISCO (Be Sure To Wear Flowers In Your Hair),Scott McKenzie,Ode,9,4,
1967,29,5,2,LITTLE BIT O’ SOUL,The Music Explosion,Laurie,11,2,
1967,29,6,11,I WAS MADE TO LOVE HER,Stevie Wonder,Tamla,7,6,
1967,29,7,7,UP-UP AND AWAY,The 5th Dimension,Soul City,8,7,
1967,29,8,10,A WHITER SHADE OF PALE,Procol Harum,Deram,5,8,
1967,29,9,9,C’MON MARIANNE,The Four Seasons,Philips,7,9,
1967,29,10,6,COME ON DOWN TO MY BOAT,Every Mothers’ Son,MGM,12,6,
1967,29,11,17,"MERCY, MERCY, MERCY",The Buckinghams,Columbia,6,11,
1967,29,12,12,WHITE RABBIT,Jefferson Airplane,RCA Victor,5,12,
1967,29,13,5,DON’T SLEEP IN THE SUBWAY,Petula Clark,Warner Brothers,8,5,
1967,29,14,14,SOCIETY’S CHILD (Baby I’ve Been Thinking),Janis Ian,Verve,9,14,
1967,29,15,15,HERE WE GO AGAIN,Ray Charles,ABC/TRC,10,15,
1967,29,16,21,JACKSON,Nancy Sinatra and Lee Hazlewood,Reprise,5,16,
1967,29,17,20,I TAKE IT BACK,Sandy Posey,MGM,7,17,
1967,29,18,23,DON’T GO OUT INTO THE RAIN (You’re Going To Melt),Herman’s Hermits,MGM,5,18,
1967,29,19,19,AIN’T NO MOUNTAIN HIGH ENOUGH,Marvin Gaye and Tammi Terrell,Tamla,11,19,
1967,29,20,22,SOUL FINGER,The Bar-Kays,Volt,10,20,
1967,29,21,26,MAKE ME YOURS,Bettye Swann,Money,10,21,
1967,29,22,27,FOR YOUR LOVE,Peaches and Herb,Date,5,22,
1967,29,23,28,CARRIE-ANNE,The Hollies,Epic,6,23,
1967,29,24,24,STEP OUT OF YOUR MIND,The American Breed,Acta,8,24,
1967,29,25,25,MORE LOVE,Smokey Robinson and the Miracles,Tamla,6,25,
1967,29,26,32,SILENCE IS GOLDEN,The Tremeloes,Epic,6,26,
1967,29,27,30,THERE GOES MY EVERYTHING,Engelbert Humperdinck,Parrot,5,27,
1967,29,28,16,LET’S LIVE FOR TODAY,The Grass Roots,Dunhill,11,8,
1967,29,29,13,THE TRACKS OF MY TEARS,Johnny Rivers,Imperial,8,10,
1967,29,30,35,I LIKE THE WAY,Tommy James and the Shondells,Roulette,4,30,
1967,29,31,61,A GIRL LIKE YOU,The Young Rascals,Atlantic,2,31,
1967,29,32,42,IN THE CHAPEL IN THE MOONLIGHT,Dean Martin,Reprise,3,32,
1967,29,33,52,MY MAMMY,The Happenings,B.T. Puppy,2,33,
1967,29,34,53,THE HAPPENING,Herb Alpert and the Tijuana Brass,A&M,3,34,
1967,29,35,45,HYPNOTIZED,Linda Jones,Loma,5,35,
1967,29,36,57,YOU WERE ON MY MIND,Crispian St. Peters,Jamie,4,36,
1967,29,37,47,LET THE GOOD TIMES ROLL & FEEL SO GOOD (Medley),Bunny Sigler,Parkway,5,37,
1967,29,38,18,ALFIE,Dionne Warwick,Scepter,16,15,
1967,29,39,49,YOUR UNCHANGING LOVE,Marvin Gaye,Tamla,4,39,
1967,29,40,41,LOVE ME TENDER,Percy Sledge,Atlantic,6,40,
1967,29,43,29,DING DONG! THE WITCH IS DEAD,The Fifth Estate,Jubilee,10,11,
1967,29,44,33,SHE’D RATHER BE WITH ME,The Turtles,White Whale,11,3,
1967,29,55,34,FOR YOUR PRECIOUS LOVE,"Oscar Toney, Jr.",Bell,9,23,
1967,29,59,37,DON’T BLAME THE CHILDREN,"Sammy Davis, Jr.",Reprise,9,37,
1967,29,60,31,"SHAKE, RATTLE AND ROLL",Arthur Conley,Atco,7,31,
1967,29,41,58,JOY,Mitch Ryder,New Voice,4,41,
1967,29,42,79,TO LOVE SOMEBODY,The Bee Gees,Atco,2,42,
1967,29,45,48,SHOW BUSINESS,Lou Rawls,Capitol,4,45,
1967,29,46,46,AIRPLANE SONG (My Airplane),The Royal Guardsmen,Laurie,6,46,
1967,29,47,54,SOMEBODY HELP ME,The Spencer Davis Group,United Artists,6,47,
1967,29,48,51,YOU WANTED SOMEONE TO PLAY WITH (I Wanted Someone To Love),Frankie Laine,ABC,6,48,
1967,29,49,50,TAKE ME (Just As I Am),Solomon Burke,Atlantic,4,49,
1967,29,50,55,YOU ONLY LIVE TWICE,Nancy Sinatra,Reprise,5,50,
1967,30,1,3,LIGHT MY FIRE,The Doors,Elektra,9,1,1 week at #1
1967,30,2,6,I WAS MADE TO LOVE HER,Stevie Wonder,Tamla,8,2,
1967,30,3,1,WINDY,The Association,Warner Brothers,10,1,
1967,30,4,2,CAN’T TAKE MY EYES OFF YOU,Frankie Valli,Philips,11,2,
1967,30,5,8,A WHITER SHADE OF PALE,Procol Harum,Deram,6,5,
1967,30,6,5,LITTLE BIT O’ SOUL,The Music Explosion,Laurie,12,2,
1967,30,7,11,"MERCY, MERCY, MERCY",The Buckinghams,Columbia,7,7,
1967,30,8,12,WHITE RABBIT,Jefferson Airplane,RCA Victor,6,8,
1967,30,9,7,UP-UP AND AWAY,The 5th Dimension,Soul City,9,7,
1967,30,10,9,C’MON MARIANNE,The Four Seasons,Philips,8,9,
1967,30,11,4,SAN FRANCISCO (Be Sure To Wear Flowers In Your Hair),Scott McKenzie,Ode,10,4,
1967,30,12,17,I TAKE IT BACK,Sandy Posey,MGM,8,12,
1967,30,13,10,COME ON DOWN TO MY BOAT,Every Mothers’ Son,MGM,13,6,
1967,30,14,16,JACKSON,Nancy Sinatra and Lee Hazlewood,Reprise,6,14,
1967,30,15,15,HERE WE GO AGAIN,Ray Charles,ABC/TRC,11,15,
1967,30,16,23,CARRIE-ANNE,The Hollies,Epic,7,16,
1967,30,17,26,SILENCE IS GOLDEN,The Tremeloes,Epic,7,17,
1967,30,18,20,SOUL FINGER,The Bar-Kays,Volt,11,18,
1967,30,19,31,A GIRL LIKE YOU,The Young Rascals,Atlantic,3,19,
1967,30,20,27,THERE GOES MY EVERYTHING,Engelbert Humperdinck,Parrot,6,20,
1967,30,21,21,MAKE ME YOURS,Bettye Swann,Money,11,21,
1967,30,22,22,FOR YOUR LOVE,Peaches and Herb,Date,6,22,
1967,30,23,25,MORE LOVE,Smokey Robinson and the Miracles,Tamla,7,23,
1967,30,24,51,PLEASANT VALLEY SUNDAY,The Monkees,Colgems,2,24,
1967,30,25,30,I LIKE THE WAY,Tommy James and the Shondells,Roulette,5,25,
1967,30,26,14,SOCIETY’S CHILD (Baby I’ve Been Thinking),Janis Ian,Verve,10,14,
1967,30,27,13,DON’T SLEEP IN THE SUBWAY,Petula Clark,Warner Brothers,9,5,
1967,30,28,33,MY MAMMY,The Happenings,B.T. Puppy,3,28,
1967,30,29,71,ALL YOU NEED IS LOVE,The Beatles,Capitol,2,29,
1967,30,30,35,HYPNOTIZED,Linda Jones,Loma,6,30,
1967,30,31,32,IN THE CHAPEL IN THE MOONLIGHT,Dean Martin,Reprise,4,31,
1967,30,32,42,TO LOVE SOMEBODY,The Bee Gees,Atco,3,32,
1967,30,33,34,THE HAPPENING,Herb Alpert and the Tijuana Brass,A&M,4,33,
1967,30,34,18,DON’T GO OUT INTO THE RAIN (You’re Going To Melt),Herman’s Hermits,MGM,6,18,
1967,30,35,37,LET THE GOOD TIMES ROLL & FEEL SO GOOD (Medley),Bunny Sigler,Parkway,6,35,
1967,30,36,36,YOU WERE ON MY MIND,Crispian St. Peters,Jamie,5,36,
1967,30,37,39,YOUR UNCHANGING LOVE,Marvin Gaye,Tamla,5,37,
1967,30,38,19,AIN’T NO MOUNTAIN HIGH ENOUGH,Marvin Gaye and Tammi Terrell,Tamla,12,19,
1967,30,39,24,STEP OUT OF YOUR MIND,The American Breed,Acta,9,24,
1967,30,40,28,LET’S LIVE FOR TODAY,The Grass Roots,Dunhill,12,8,
1967,30,42,38,ALFIE,Dionne Warwick,Scepter,17,15,
1967,30,49,29,THE TRACKS OF MY TEARS,Johnny Rivers,Imperial,9,10,
1967,30,41,41,JOY,Mitch Ryder,New Voice,5,41,
1967,30,43,54,(I Wanna) TESTIFY,The Parliaments,Revilot,5,43,
1967,30,44,50,YOU ONLY LIVE TWICE,Nancy Sinatra,Reprise,6,44,
1967,30,45,45,SHOW BUSINESS,Lou Rawls,Capitol,5,45,
1967,30,46,78,WORDS,The Monkees,Colgems,2,46,
1967,30,47,65,BABY I LOVE YOU,Aretha Franklin,Atlantic,2,47,
1967,30,48,62,I THANK THE LORD FOR THE NIGHT TIME,Neil Diamond,Bang,3,48,
1967,30,50,58,DON’T LET THE RAIN FALL DOWN ON ME,The Critters,Kapp,4,50,
1967,31,1,1,LIGHT MY FIRE,The Doors,Elektra,10,1,2 weeks at #1
1967,31,2,2,I WAS MADE TO LOVE HER,Stevie Wonder,Tamla,9,2,
1967,31,3,29,ALL YOU NEED IS LOVE,The Beatles,Capitol,3,3,
1967,31,4,3,WINDY,The Association,Warner Brothers,11,1,
1967,31,5,5,A WHITER SHADE OF PALE,Procol Harum,Deram,7,5,
1967,31,6,4,CAN’T TAKE MY EYES OFF YOU,Frankie Valli,Philips,12,2,
1967,31,7,7,"MERCY, MERCY, MERCY",The Buckinghams,Columbia,8,7,
1967,31,8,8,WHITE RABBIT,Jefferson Airplane,RCA Victor,7,8,
1967,31,9,24,PLEASANT VALLEY SUNDAY,The Monkees,Colgems,3,9,
1967,31,10,6,LITTLE BIT O’ SOUL,The Music Explosion,Laurie,13,2,
1967,31,11,19,A GIRL LIKE YOU,The Young Rascals,Atlantic,4,11,
1967,31,12,12,I TAKE IT BACK,Sandy Posey,MGM,9,12,
1967,31,13,17,SILENCE IS GOLDEN,The Tremeloes,Epic,8,13,
1967,31,14,14,JACKSON,Nancy Sinatra and Lee Hazlewood,Reprise,7,14,
1967,31,15,28,MY MAMMY,The Happenings,B.T. Puppy,4,15,
1967,31,16,16,CARRIE-ANNE,The Hollies,Epic,8,16,
1967,31,17,11,SAN FRANCISCO (Be Sure To Wear Flowers In Your Hair),Scott McKenzie,Ode,11,4,
1967,31,18,18,SOUL FINGER,The Bar-Kays,Volt,12,18,
1967,31,19,9,UP-UP AND AWAY,The 5th Dimension,Soul City,10,7,
1967,31,20,22,FOR YOUR LOVE,Peaches and Herb,Date,7,20,
1967,31,21,21,MAKE ME YOURS,Bettye Swann,Money,12,21,
1967,31,22,47,BABY I LOVE YOU,Aretha Franklin,Atlantic,3,22,
1967,31,23,23,MORE LOVE,Smokey Robinson and the Miracles,Tamla,8,23,
1967,31,24,48,I THANK THE LORD FOR THE NIGHT TIME,Neil Diamond,Bang,4,24,
1967,31,25,25,I LIKE THE WAY,Tommy James and the Shondells,Roulette,6,25,
1967,31,26,31,IN THE CHAPEL IN THE MOONLIGHT,Dean Martin,Reprise,5,26,
1967,31,27,32,TO LOVE SOMEBODY,The Bee Gees,Atco,4,27,
1967,31,28,30,HYPNOTIZED,Linda Jones,Loma,7,28,
1967,31,29,13,COME ON DOWN TO MY BOAT,Every Mothers’ Son,MGM,14,6,
1967,31,30,35,LET THE GOOD TIMES ROLL & FEEL SO GOOD (Medley),Bunny Sigler,Parkway,7,30,
1967,31,31,20,THERE GOES MY EVERYTHING,Engelbert Humperdinck,Parrot,7,20,
1967,31,32,33,THE HAPPENING,Herb Alpert and the Tijuana Brass,A&M,5,32,
1967,31,33,37,YOUR UNCHANGING LOVE,Marvin Gaye,Tamla,6,33,
1967,31,34,46,WORDS,The Monkees,Colgems,3,34,
1967,31,35,10,C’MON MARIANNE,The Four Seasons,Philips,9,9,
1967,31,36,26,SOCIETY’S CHILD (Baby I’ve Been Thinking),Janis Ian,Verve,11,14,
1967,31,37,43,(I Wanna) TESTIFY,The Parliaments,Revilot,6,37,
1967,31,38,15,HERE WE GO AGAIN,Ray Charles,ABC/TRC,12,15,
1967,31,39,55,OUT AND ABOUT,Tommy Boyce and Bobby Hart,A&M,4,39,
1967,31,40,50,DON’T LET THE RAIN FALL DOWN ON ME,The Critters,Kapp,5,40,
1967,31,42,27,DON’T SLEEP IN THE SUBWAY,Petula Clark,Warner Brothers,10,5,
1967,31,48,34,DON’T GO OUT INTO THE RAIN (You’re Going To Melt),Herman’s Hermits,MGM,7,18,
1967,31,49,36,YOU WERE ON MY MIND,Crispian St. Peters,Jamie,6,36,
1967,31,41,64,"BABY, YOU’RE A RICH MAN",The Beatles,Capitol,2,41,
1967,31,43,54,I TAKE WHAT I WANT,James and Bobby Purify,Bell,4,43,
1967,31,44,44,YOU ONLY LIVE TWICE,Nancy Sinatra,Reprise,7,44,
1967,31,45,45,SHOW BUSINESS,Lou Rawls,Capitol,6,45,
1967,31,46,51,THE RIVER IS WIDE,The Forum,Mira,5,46,
1967,31,47,58,COLD SWEAT (Part 1),James Brown and the Famous Flames,King,4,47,
1967,31,50,66,THE SWEETEST THING THIS SIDE OF HEAVEN,Chris Bartley,Vando,3,50,
1967,32,1,1,LIGHT MY FIRE,The Doors,Elektra,11,1,3 weeks at #1
1967,32,2,3,ALL YOU NEED IS LOVE,The Beatles,Capitol,4,2,
1967,32,3,2,I WAS MADE TO LOVE HER,Stevie Wonder,Tamla,10,2,
1967,32,4,9,PLEASANT VALLEY SUNDAY,The Monkees,Colgems,4,4,
1967,32,5,7,"MERCY, MERCY, MERCY",The Buckinghams,Columbia,9,5,
1967,32,6,6,CAN’T TAKE MY EYES OFF YOU,Frankie Valli,Philips,13,2,
1967,32,7,5,A WHITER SHADE OF PALE,Procol Harum,Deram,8,5,
1967,32,8,4,WINDY,The Association,Warner Brothers,12,1,
1967,32,9,16,CARRIE-ANNE,The Hollies,Epic,9,9,
1967,32,10,11,A GIRL LIKE YOU,The Young Rascals,Atlantic,5,10,
1967,32,11,22,BABY I LOVE YOU,Aretha Franklin,Atlantic,4,11,
1967,32,12,13,SILENCE IS GOLDEN,The Tremeloes,Epic,9,12,
1967,32,13,15,MY MAMMY,The Happenings,B.T. Puppy,5,13,
1967,32,14,14,JACKSON,Nancy Sinatra and Lee Hazlewood,Reprise,8,14,
1967,32,15,8,WHITE RABBIT,Jefferson Airplane,RCA Victor,8,8,
1967,32,16,10,LITTLE BIT O’ SOUL,The Music Explosion,Laurie,14,2,
1967,32,17,18,SOUL FINGER,The Bar-Kays,Volt,13,17,
1967,32,18,12,I TAKE IT BACK,Sandy Posey,MGM,10,12,
1967,32,19,24,I THANK THE LORD FOR THE NIGHT TIME,Neil Diamond,Bang,5,19,
1967,32,20,47,COLD SWEAT (Part 1),James Brown and the Famous Flames,King,5,20,
1967,32,21,71,ODE TO BILLIE JOE,Bobbie Gentry,Capitol,2,21,
1967,32,22,27,TO LOVE SOMEBODY,The Bee Gees,Atco,5,22,
1967,32,23,28,HYPNOTIZED,Linda Jones,Loma,8,23,
1967,32,24,34,WORDS,The Monkees,Colgems,4,24,
1967,32,25,26,IN THE CHAPEL IN THE MOONLIGHT,Dean Martin,Reprise,6,25,
1967,32,26,19,UP-UP AND AWAY,The 5th Dimension,Soul City,11,7,
1967,32,27,30,LET THE GOOD TIMES ROLL & FEEL SO GOOD (Medley),Bunny Sigler,Parkway,8,27,
1967,32,28,17,SAN FRANCISCO (Be Sure To Wear Flowers In Your Hair),Scott McKenzie,Ode,12,4,
1967,32,29,23,MORE LOVE,Smokey Robinson and the Miracles,Tamla,9,23,
1967,32,30,21,MAKE ME YOURS,Bettye Swann,Money,13,21,
1967,32,31,29,COME ON DOWN TO MY BOAT,Every Mothers’ Son,MGM,15,6,
1967,32,32,25,I LIKE THE WAY,Tommy James and the Shondells,Roulette,7,25,
1967,32,33,61,HEROES AND VILLAINS,The Beach Boys,Brother,2,33,
1967,32,34,41,"BABY, YOU’RE A RICH MAN",The Beatles,Capitol,3,34,
1967,32,35,52,YOU’RE MY EVERYTHING,The Temptations,Gordy,3,35,
1967,32,36,55,COME BACK WHEN YOU GROW UP,Bobby Vee and the Strangers,Liberty,4,36,
1967,32,37,37,(I Wanna) TESTIFY,The Parliaments,Revilot,7,37,
1967,32,38,53,FAKIN’ IT,Simon and Garfunkel,Columbia,3,38,
1967,32,39,39,OUT AND ABOUT,Tommy Boyce and Bobby Hart,A&M,5,39,
1967,32,40,40,DON’T LET THE RAIN FALL DOWN ON ME,The Critters,Kapp,6,40,
1967,32,41,36,SOCIETY’S CHILD (Baby I’ve Been Thinking),Janis Ian,Verve,12,14,
1967,32,45,35,C’MON MARIANNE,The Four Seasons,Philips,10,9,
1967,32,49,20,FOR YOUR LOVE,Peaches and Herb,Date,8,20,
1967,32,51,33,YOUR UNCHANGING LOVE,Marvin Gaye,Tamla,7,33,
1967,32,42,50,THE SWEETEST THING THIS SIDE OF HEAVEN,Chris Bartley,Vando,4,42,
1967,32,43,43,I TAKE WHAT I WANT,James and Bobby Purify,Bell,5,43,
1967,32,44,54,SHOOT YOUR SHOT,Jr. Walker and the All Stars,Soul,4,44,
1967,32,46,46,THE RIVER IS WIDE,The Forum,Mira,6,46,
1967,32,47,68,"APPLES, PEACHES, PUMPKIN PIE",Jay and the Techniques,Smash,5,47,
1967,32,48,73,SAN FRANCISCAN NIGHTS,Eric Burdon and the Animals,MGM,2,48,
1967,32,50,56,EVERYBODY NEEDS LOVE,Gladys Knight and the Pips,Soul,6,50,
1967,33,1,2,ALL YOU NEED IS LOVE,The Beatles,Capitol,5,1,1 week at #1
1967,33,2,1,LIGHT MY FIRE,The Doors,Elektra,12,1,
1967,33,3,4,PLEASANT VALLEY SUNDAY,The Monkees,Colgems,5,3,
1967,33,4,3,I WAS MADE TO LOVE HER,Stevie Wonder,Tamla,11,2,
1967,33,5,11,BABY I LOVE YOU,Aretha Franklin,Atlantic,5,5,
1967,33,6,5,"MERCY, MERCY, MERCY",The Buckinghams,Columbia,10,5,
1967,33,7,21,ODE TO BILLIE JOE,Bobbie Gentry,Capitol,3,7,
1967,33,8,20,COLD SWEAT (Part 1),James Brown and the Famous Flames,King,6,8,
1967,33,9,7,A WHITER SHADE OF PALE,Procol Harum,Deram,9,5,
1967,33,10,10,A GIRL LIKE YOU,The Young Rascals,Atlantic,6,10,
1967,33,11,12,SILENCE IS GOLDEN,The Tremeloes,Epic,10,11,
1967,33,12,9,CARRIE-ANNE,The Hollies,Epic,10,9,
1967,33,13,13,MY MAMMY,The Happenings,B.T. Puppy,6,13,
1967,33,14,6,CAN’T TAKE MY EYES OFF YOU,Frankie Valli,Philips,14,2,
1967,33,15,24,WORDS,The Monkees,Colgems,5,15,
1967,33,16,8,WINDY,The Association,Warner Brothers,13,1,
1967,33,17,33,HEROES AND VILLAINS,The Beach Boys,Brother,3,17,
1967,33,18,22,TO LOVE SOMEBODY,The Bee Gees,Atco,6,18,
1967,33,19,19,I THANK THE LORD FOR THE NIGHT TIME,Neil Diamond,Bang,6,19,
1967,33,20,61,REFLECTIONS,Diana Ross and the Supremes,Motown,2,20,
1967,33,21,35,YOU’RE MY EVERYTHING,The Temptations,Gordy,4,21,
1967,33,22,27,LET THE GOOD TIMES ROLL & FEEL SO GOOD (Medley),Bunny Sigler,Parkway,9,22,
1967,33,23,23,HYPNOTIZED,Linda Jones,Loma,9,23,
1967,33,24,47,"APPLES, PEACHES, PUMPKIN PIE",Jay and the Techniques,Smash,6,24,
1967,33,25,15,WHITE RABBIT,Jefferson Airplane,RCA Victor,9,8,
1967,33,26,16,LITTLE BIT O’ SOUL,The Music Explosion,Laurie,15,2,
1967,33,27,36,COME BACK WHEN YOU GROW UP,Bobby Vee and the Strangers,Liberty,5,27,
1967,33,28,38,FAKIN’ IT,Simon and Garfunkel,Columbia,4,28,
1967,33,29,29,MORE LOVE,Smokey Robinson and the Miracles,Tamla,10,23,
1967,33,30,37,(I Wanna) TESTIFY,The Parliaments,Revilot,8,30,
1967,33,31,48,SAN FRANCISCAN NIGHTS,Eric Burdon and the Animals,MGM,3,31,
1967,33,32,42,THE SWEETEST THING THIS SIDE OF HEAVEN,Chris Bartley,Vando,5,32,
1967,33,33,17,SOUL FINGER,The Bar-Kays,Volt,14,17,
1967,33,34,55,BROWN EYED GIRL,Van Morrison,Bang,6,34,
1967,33,35,26,UP-UP AND AWAY,The 5th Dimension,Soul City,12,7,
1967,33,36,14,JACKSON,Nancy Sinatra and Lee Hazlewood,Reprise,9,14,
1967,33,37,18,I TAKE IT BACK,Sandy Posey,MGM,11,12,
1967,33,38,34,"BABY, YOU’RE A RICH MAN",The Beatles,Capitol,4,34,
1967,33,39,40,DON’T LET THE RAIN FALL DOWN ON ME,The Critters,Kapp,7,39,
1967,33,40,50,EVERYBODY NEEDS LOVE,Gladys Knight and the Pips,Soul,7,40,
1967,33,47,30,MAKE ME YOURS,Bettye Swann,Money,14,21,
1967,33,49,39,OUT AND ABOUT,Tommy Boyce and Bobby Hart,A&M,6,39,
1967,33,50,25,IN THE CHAPEL IN THE MOONLIGHT,Dean Martin,Reprise,7,25,
1967,33,41,43,I TAKE WHAT I WANT,James and Bobby Purify,Bell,6,41,
1967,33,42,58,THE WORLD WE KNEW (Over and Over),Frank Sinatra,Reprise,3,42,
1967,33,43,54,THE WINDOWS OF THE WORLD,Dionne Warwick,Scepter,4,43,
1967,33,44,44,SHOOT YOUR SHOT,Jr. Walker and the All Stars,Soul,5,44,
1967,33,45,46,THE RIVER IS WIDE,The Forum,Mira,7,45,
1967,33,46,77,FUNKY BROADWAY,Wilson Pickett,Atlantic,3,46,
1967,33,48,59,YOU KNOW WHAT I MEAN,The Turtles,White Whale,3,48,
1967,34,1,7,ODE TO BILLIE JOE,Bobbie Gentry,Capitol,4,1,1 week at #1
1967,34,2,1,ALL YOU NEED IS LOVE,The Beatles,Capitol,6,1,
1967,34,3,3,PLEASANT VALLEY SUNDAY,The Monkees,Colgems,6,3,
1967,34,4,2,LIGHT MY FIRE,The Doors,Elektra,13,1,
1967,34,5,5,BABY I LOVE YOU,Aretha Franklin,Atlantic,6,5,
1967,34,6,4,I WAS MADE TO LOVE HER,Stevie Wonder,Tamla,12,2,
1967,34,7,8,COLD SWEAT (Part 1),James Brown and the Famous Flames,King,7,7,
1967,34,8,20,REFLECTIONS,Diana Ross and the Supremes,Motown,3,8,
1967,34,9,21,YOU’RE MY EVERYTHING,The Temptations,Gordy,5,9,
1967,34,10,9,A WHITER SHADE OF PALE,Procol Harum,Deram,10,5,
1967,34,11,10,A GIRL LIKE YOU,The Young Rascals,Atlantic,7,10,
1967,34,12,17,HEROES AND VILLAINS,The Beach Boys,Brother,4,12,
1967,34,13,19,I THANK THE LORD FOR THE NIGHT TIME,Neil Diamond,Bang,7,13,
1967,34,14,27,COME BACK WHEN YOU GROW UP,Bobby Vee and the Strangers,Liberty,6,14,
1967,34,15,15,WORDS,The Monkees,Colgems,6,15,
1967,34,16,11,SILENCE IS GOLDEN,The Tremeloes,Epic,11,11,
1967,34,17,18,TO LOVE SOMEBODY,The Bee Gees,Atco,7,17,
1967,34,18,12,CARRIE-ANNE,The Hollies,Epic,11,9,
1967,34,19,24,"APPLES, PEACHES, PUMPKIN PIE",Jay and the Techniques,Smash,7,19,
1967,34,20,13,MY MAMMY,The Happenings,B.T. Puppy,7,13,
1967,34,21,23,HYPNOTIZED,Linda Jones,Loma,10,21,
1967,34,22,6,"MERCY, MERCY, MERCY",The Buckinghams,Columbia,11,5,
1967,34,23,28,FAKIN’ IT,Simon and Garfunkel,Columbia,5,23,
1967,34,24,14,CAN’T TAKE MY EYES OFF YOU,Frankie Valli,Philips,15,2,
1967,34,25,58,THE LETTER,The Box Tops,Mala,3,25,
1967,34,26,31,SAN FRANCISCAN NIGHTS,Eric Burdon and the Animals,MGM,4,26,
1967,34,27,34,BROWN EYED GIRL,Van Morrison,Bang,7,27,
1967,34,28,30,(I Wanna) TESTIFY,The Parliaments,Revilot,9,28,
1967,34,29,46,FUNKY BROADWAY,Wilson Pickett,Atlantic,4,29,
1967,34,30,22,LET THE GOOD TIMES ROLL & FEEL SO GOOD (Medley),Bunny Sigler,Parkway,10,22,
1967,34,31,42,THE WORLD WE KNEW (Over and Over),Frank Sinatra,Reprise,4,31,
1967,34,32,32,THE SWEETEST THING THIS SIDE OF HEAVEN,Chris Bartley,Vando,6,32,
1967,34,33,43,THE WINDOWS OF THE WORLD,Dionne Warwick,Scepter,5,33,
1967,34,34,16,WINDY,The Association,Warner Brothers,14,1,
1967,34,35,29,MORE LOVE,Smokey Robinson and the Miracles,Tamla,11,23,
1967,34,36,54,THERE IS A MOUNTAIN,Donovan,Epic,3,36,
1967,34,37,48,YOU KNOW WHAT I MEAN,The Turtles,White Whale,4,37,
1967,34,38,33,SOUL FINGER,The Bar-Kays,Volt,15,17,
1967,34,39,40,EVERYBODY NEEDS LOVE,Gladys Knight and the Pips,Soul,8,39,
1967,34,40,25,WHITE RABBIT,Jefferson Airplane,RCA Victor,10,8,
1967,34,41,38,"BABY, YOU’RE A RICH MAN",The Beatles,Capitol,5,34,
1967,34,42,37,I TAKE IT BACK,Sandy Posey,MGM,12,12,
1967,34,46,26,LITTLE BIT O’ SOUL,The Music Explosion,Laurie,16,2,
1967,34,49,39,DON’T LET THE RAIN FALL DOWN ON ME,The Critters,Kapp,8,39,
1967,34,43,56,GROOVIN’,Booker T. and the MG’s,Stax,4,43,
1967,34,44,44,SHOOT YOUR SHOT,Jr. Walker and the All Stars,Soul,6,44,
1967,34,45,55,(Your Love Keeps Lifting Me) HIGHER AND HIGHER,Jackie Wilson,Brunswick,3,45,
1967,34,47,59,THINGS I SHOULD HAVE SAID,The Grass Roots,Dunhill,3,47,
1967,34,48,76,I DIG ROCK AND ROLL MUSIC,"Peter, Paul and Mary",Warner Brothers,2,48,
1967,34,50,60,HA HA SAID THE CLOWN,The Yardbirds,Epic,4,50,
1967,35,1,1,ODE TO BILLIE JOE,Bobbie Gentry,Capitol,5,1,2 weeks at #1
1967,35,2,2,ALL YOU NEED IS LOVE,The Beatles,Capitol,7,1,
1967,35,3,8,REFLECTIONS,Diana Ross and the Supremes,Motown,4,3,
1967,35,4,4,LIGHT MY FIRE,The Doors,Elektra,14,1,
1967,35,5,5,BABY I LOVE YOU,Aretha Franklin,Atlantic,7,5,
1967,35,6,14,COME BACK WHEN YOU GROW UP,Bobby Vee and the Strangers,Liberty,7,6,
1967,35,7,7,COLD SWEAT (Part 1),James Brown and the Famous Flames,King,8,7,
1967,35,8,3,PLEASANT VALLEY SUNDAY,The Monkees,Colgems,7,3,
1967,35,9,9,YOU’RE MY EVERYTHING,The Temptations,Gordy,6,9,
1967,35,10,6,I WAS MADE TO LOVE HER,Stevie Wonder,Tamla,13,2,
1967,35,11,15,WORDS,The Monkees,Colgems,7,11,
1967,35,12,12,HEROES AND VILLAINS,The Beach Boys,Brother,5,12,
1967,35,13,13,I THANK THE LORD FOR THE NIGHT TIME,Neil Diamond,Bang,8,13,
1967,35,14,19,"APPLES, PEACHES, PUMPKIN PIE",Jay and the Techniques,Smash,8,14,
1967,35,15,25,THE LETTER,The Box Tops,Mala,4,15,
1967,35,16,10,A WHITER SHADE OF PALE,Procol Harum,Deram,11,5,
1967,35,17,11,A GIRL LIKE YOU,The Young Rascals,Atlantic,8,10,
1967,35,18,18,CARRIE-ANNE,The Hollies,Epic,12,9,
1967,35,19,29,FUNKY BROADWAY,Wilson Pickett,Atlantic,5,19,
1967,35,20,28,(I Wanna) TESTIFY,The Parliaments,Revilot,10,20,
1967,35,21,16,SILENCE IS GOLDEN,The Tremeloes,Epic,12,11,
1967,35,22,27,BROWN EYED GIRL,Van Morrison,Bang,8,22,
1967,35,23,23,FAKIN’ IT,Simon and Garfunkel,Columbia,6,23,
1967,35,24,36,THERE IS A MOUNTAIN,Donovan,Epic,4,24,
1967,35,25,26,SAN FRANCISCAN NIGHTS,Eric Burdon and the Animals,MGM,5,25,
1967,35,26,17,TO LOVE SOMEBODY,The Bee Gees,Atco,8,17,
1967,35,27,45,(Your Love Keeps Lifting Me) HIGHER AND HIGHER,Jackie Wilson,Brunswick,4,27,
1967,35,28,37,YOU KNOW WHAT I MEAN,The Turtles,White Whale,5,28,
1967,35,29,54,I HAD A DREAM,Paul Revere and the Raiders Featuring Mark Lindsay,Columbia,3,29,
1967,35,30,31,THE WORLD WE KNEW (Over and Over),Frank Sinatra,Reprise,5,30,
1967,35,31,22,"MERCY, MERCY, MERCY",The Buckinghams,Columbia,12,5,
1967,35,32,33,THE WINDOWS OF THE WORLD,Dionne Warwick,Scepter,6,32,
1967,35,33,43,GROOVIN’,Booker T. and the MG’s,Stax,5,33,
1967,35,34,30,LET THE GOOD TIMES ROLL & FEEL SO GOOD (Medley),Bunny Sigler,Parkway,11,22,
1967,35,35,24,CAN’T TAKE MY EYES OFF YOU,Frankie Valli,Philips,16,2,
1967,35,36,72,TWELVE THIRTY (Young Girls Are Coming To the Canyon),The Mamas and the Papas,Dunhill,2,36,
1967,35,37,47,THINGS I SHOULD HAVE SAID,The Grass Roots,Dunhill,4,37,
1967,35,38,48,I DIG ROCK AND ROLL MUSIC,"Peter, Paul and Mary",Warner Brothers,3,38,
1967,35,39,21,HYPNOTIZED,Linda Jones,Loma,11,21,
1967,35,40,75,GETTIN’ TOGETHER,Tommy James and the Shondells,Roulette,2,40,
1967,35,43,32,THE SWEETEST THING THIS SIDE OF HEAVEN,Chris Bartley,Vando,7,32,
1967,35,47,20,MY MAMMY,The Happenings,B.T. Puppy,8,13,
1967,35,48,39,EVERYBODY NEEDS LOVE,Gladys Knight and the Pips,Soul,9,39,
1967,35,41,51,BLUE’S THEME,Davie Allan and the Arrows,Tower,13,41,
1967,35,42,52,ZIP CODE,The Five Americans,Abnak,4,42,
1967,35,44,44,SHOOT YOUR SHOT,Jr. Walker and the All Stars,Soul,7,44,
1967,35,45,50,HA HA SAID THE CLOWN,The Yardbirds,Epic,5,45,
1967,35,46,56,GIMME LITTLE SIGN,Brenton Wood,Double Shot,4,46,
1967,35,49,59,"LITTLE OLE WINE DRINKER, ME",Dean Martin,Reprise,3,49,
1967,35,50,60,IT’S THE LITTLE THINGS,Sonny and Cher,Atco,4,50,
1967,36,1,1,ODE TO BILLIE JOE,Bobbie Gentry,Capitol,6,1,3 weeks at #1
1967,36,2,3,REFLECTIONS,Diana Ross and the Supremes,Motown,5,2,
1967,36,3,6,COME BACK WHEN YOU GROW UP,Bobby Vee and the Strangers,Liberty,8,3,
1967,36,4,5,BABY I LOVE YOU,Aretha Franklin,Atlantic,8,4,
1967,36,5,15,THE LETTER,The Box Tops,Mala,5,5,
1967,36,6,2,ALL YOU NEED IS LOVE,The Beatles,Capitol,8,1,
1967,36,7,9,YOU’RE MY EVERYTHING,The Temptations,Gordy,7,7,
1967,36,8,4,LIGHT MY FIRE,The Doors,Elektra,15,1,
1967,36,9,14,"APPLES, PEACHES, PUMPKIN PIE",Jay and the Techniques,Smash,9,9,
1967,36,10,25,SAN FRANCISCAN NIGHTS,Eric Burdon and the Animals,MGM,6,10,
1967,36,11,7,COLD SWEAT (Part 1),James Brown and the Famous Flames,King,9,7,
1967,36,12,11,WORDS,The Monkees,Colgems,8,11,
1967,36,13,8,PLEASANT VALLEY SUNDAY,The Monkees,Colgems,8,3,
1967,36,14,22,BROWN EYED GIRL,Van Morrison,Bang,9,14,
1967,36,15,13,I THANK THE LORD FOR THE NIGHT TIME,Neil Diamond,Bang,9,13,
1967,36,16,28,YOU KNOW WHAT I MEAN,The Turtles,White Whale,6,16,
1967,36,17,24,THERE IS A MOUNTAIN,Donovan,Epic,5,17,
1967,36,18,19,FUNKY BROADWAY,Wilson Pickett,Atlantic,6,18,
1967,36,19,27,(Your Love Keeps Lifting Me) HIGHER AND HIGHER,Jackie Wilson,Brunswick,5,19,
1967,36,20,20,(I Wanna) TESTIFY,The Parliaments,Revilot,11,20,
1967,36,21,12,HEROES AND VILLAINS,The Beach Boys,Brother,6,12,
1967,36,22,10,I WAS MADE TO LOVE HER,Stevie Wonder,Tamla,14,2,
1967,36,23,21,SILENCE IS GOLDEN,The Tremeloes,Epic,13,11,
1967,36,24,29,I HAD A DREAM,Paul Revere and the Raiders Featuring Mark Lindsay,Columbia,4,24,
1967,36,25,59,NEVER MY LOVE,The Association,Warner Brothers,3,25,
1967,36,26,38,I DIG ROCK AND ROLL MUSIC,"Peter, Paul and Mary",Warner Brothers,4,26,
1967,36,27,36,TWELVE THIRTY (Young Girls Are Coming To the Canyon),The Mamas and the Papas,Dunhill,3,27,
1967,36,28,37,THINGS I SHOULD HAVE SAID,The Grass Roots,Dunhill,5,28,
1967,36,29,40,GETTIN’ TOGETHER,Tommy James and the Shondells,Roulette,3,29,
1967,36,30,30,THE WORLD WE KNEW (Over and Over),Frank Sinatra,Reprise,6,30,
1967,36,31,33,GROOVIN’,Booker T. and the MG’s,Stax,6,31,
1967,36,32,32,THE WINDOWS OF THE WORLD,Dionne Warwick,Scepter,7,32,
1967,36,33,46,GIMME LITTLE SIGN,Brenton Wood,Double Shot,5,33,
1967,36,34,17,A GIRL LIKE YOU,The Young Rascals,Atlantic,9,10,
1967,36,35,23,FAKIN’ IT,Simon and Garfunkel,Columbia,7,23,
1967,36,36,18,CARRIE-ANNE,The Hollies,Epic,13,9,
1967,36,37,26,TO LOVE SOMEBODY,The Bee Gees,Atco,9,17,
1967,36,38,49,"LITTLE OLE WINE DRINKER, ME",Dean Martin,Reprise,4,38,
1967,36,39,58,LOVE BUG LEAVE MY HEART ALONE,Martha and the Vandellas,Gordy,4,39,
1967,36,40,41,BLUE’S THEME,Davie Allan and the Arrows,Tower,14,40,
1967,36,44,16,A WHITER SHADE OF PALE,Procol Harum,Deram,12,5,
1967,36,46,39,HYPNOTIZED,Linda Jones,Loma,12,21,
1967,36,41,51,MAKING EVERY MINUTE COUNT,Spanky and Our Gang,Mercury,4,41,
1967,36,42,42,ZIP CODE,The Five Americans,Abnak,5,42,
1967,36,43,70,I MAKE A FOOL OF MYSELF,Frankie Valli,Philips,3,43,
1967,36,45,45,HA HA SAID THE CLOWN,The Yardbirds,Epic,6,45,
1967,36,47,57,GET ON UP,The Esquires,Bunky,4,47,
1967,36,48,72,THE CAT IN THE WINDOW (The Bird In the Sky),Petula Clark,Warner Brothers,2,48,
1967,36,49,62,MUSEUM,Herman’s Hermits,MGM,3,49,
1967,36,50,50,IT’S THE LITTLE THINGS,Sonny and Cher,Atco,5,50,
1967,37,1,1,ODE TO BILLIE JOE,Bobbie Gentry,Capitol,7,1,4 weeks at #1
1967,37,2,2,REFLECTIONS,Diana Ross and the Supremes,Motown,6,2,
1967,37,3,3,COME BACK WHEN YOU GROW UP,Bobby Vee and the Strangers,Liberty,9,3,
1967,37,4,5,THE LETTER,The Box Tops,Mala,6,4,
1967,37,5,4,BABY I LOVE YOU,Aretha Franklin,Atlantic,9,4,
1967,37,6,7,YOU’RE MY EVERYTHING,The Temptations,Gordy,8,6,
1967,37,7,9,"APPLES, PEACHES, PUMPKIN PIE",Jay and the Techniques,Smash,10,7,
1967,37,8,6,ALL YOU NEED IS LOVE,The Beatles,Capitol,9,1,
1967,37,9,10,SAN FRANCISCAN NIGHTS,Eric Burdon and the Animals,MGM,7,9,
1967,37,10,18,FUNKY BROADWAY,Wilson Pickett,Atlantic,7,10,
1967,37,11,17,THERE IS A MOUNTAIN,Donovan,Epic,6,11,
1967,37,12,19,(Your Love Keeps Lifting Me) HIGHER AND HIGHER,Jackie Wilson,Brunswick,6,12,
1967,37,13,16,YOU KNOW WHAT I MEAN,The Turtles,White Whale,7,13,
1967,37,14,14,BROWN EYED GIRL,Van Morrison,Bang,10,14,
1967,37,15,25,NEVER MY LOVE,The Association,Warner Brothers,4,15,
1967,37,16,26,I DIG ROCK AND ROLL MUSIC,"Peter, Paul and Mary",Warner Brothers,5,16,
1967,37,17,11,COLD SWEAT (Part 1),James Brown and the Famous Flames,King,10,7,
1967,37,18,8,LIGHT MY FIRE,The Doors,Elektra,16,1,
1967,37,19,24,I HAD A DREAM,Paul Revere and the Raiders Featuring Mark Lindsay,Columbia,5,19,
1967,37,20,27,TWELVE THIRTY (Young Girls Are Coming To the Canyon),The Mamas and the Papas,Dunhill,4,20,
1967,37,21,33,GIMME LITTLE SIGN,Brenton Wood,Double Shot,6,21,
1967,37,22,20,(I Wanna) TESTIFY,The Parliaments,Revilot,12,20,
1967,37,23,28,THINGS I SHOULD HAVE SAID,The Grass Roots,Dunhill,6,23,
1967,37,24,29,GETTIN’ TOGETHER,Tommy James and the Shondells,Roulette,4,24,
1967,37,25,13,PLEASANT VALLEY SUNDAY,The Monkees,Colgems,9,3,
1967,37,26,31,GROOVIN’,Booker T. and the MG’s,Stax,7,26,
1967,37,27,15,I THANK THE LORD FOR THE NIGHT TIME,Neil Diamond,Bang,10,13,
1967,37,28,43,I MAKE A FOOL OF MYSELF,Frankie Valli,Philips,4,28,
1967,37,29,12,WORDS,The Monkees,Colgems,9,11,
1967,37,30,39,LOVE BUG LEAVE MY HEART ALONE,Martha and the Vandellas,Gordy,5,30,
1967,37,31,41,MAKING EVERY MINUTE COUNT,Spanky and Our Gang,Mercury,5,31,
1967,37,32,55,LITTLE OLE MAN (Uptight-Everything’s Alright),Bill Cosby,Warner Brothers,3,32,
1967,37,33,23,SILENCE IS GOLDEN,The Tremeloes,Epic,14,11,
1967,37,34,48,THE CAT IN THE WINDOW (The Bird In the Sky),Petula Clark,Warner Brothers,3,34,
1967,37,35,47,GET ON UP,The Esquires,Bunky,5,35,
1967,37,36,42,ZIP CODE,The Five Americans,Abnak,6,36,
1967,37,37,30,THE WORLD WE KNEW (Over and Over),Frank Sinatra,Reprise,7,30,
1967,37,38,38,"LITTLE OLE WINE DRINKER, ME",Dean Martin,Reprise,5,38,
1967,37,39,49,MUSEUM,Herman’s Hermits,MGM,4,39,
1967,37,40,40,BLUE’S THEME,Davie Allan and the Arrows,Tower,15,40,
1967,37,44,22,I WAS MADE TO LOVE HER,Stevie Wonder,Tamla,15,2,
1967,37,55,21,HEROES AND VILLAINS,The Beach Boys,Brother,7,12,
1967,37,65,35,FAKIN’ IT,Simon and Garfunkel,Columbia,8,23,
1967,37,72,32,THE WINDOWS OF THE WORLD,Dionne Warwick,Scepter,8,32,
1967,37,41,51,KNOCK ON WOOD,Otis and Carla,Stax,6,41,
1967,37,42,75,DANDELION,The Rolling Stones,London,2,42,
1967,37,43,80,HOW CAN I BE SURE,The Young Rascals,Atlantic,2,43,
1967,37,45,61,EXPRESSWAY TO YOUR HEART,The Soul Survivors,Crimson,3,45,
1967,37,46,56,PUT YOUR MIND AT EASE,Every Mothers’ Son,MGM,4,46,
1967,37,47,57,MEMPHIS SOUL STEW,King Curtis,Atco,4,47,
1967,37,48,60,ANYTHING GOES,Harpers Bizarre,Warner Brothers,5,48,
1967,37,49,59,IN THE HEAT OF THE NIGHT,Ray Charles,ABC/TRC,4,49,
1967,37,50,52,HAPPY,The Sunshine Company,Imperial,10,50,
1967,38,1,4,THE LETTER,The Box Tops,Mala,7,1,1 week at #1
1967,38,2,1,ODE TO BILLIE JOE,Bobbie Gentry,Capitol,8,1,
1967,38,3,3,COME BACK WHEN YOU GROW UP,Bobby Vee and the Strangers,Liberty,10,3,
1967,38,4,2,REFLECTIONS,Diana Ross and the Supremes,Motown,7,2,
1967,38,5,15,NEVER MY LOVE,The Association,Warner Brothers,5,5,
1967,38,6,7,"APPLES, PEACHES, PUMPKIN PIE",Jay and the Techniques,Smash,11,6,
1967,38,7,12,(Your Love Keeps Lifting Me) HIGHER AND HIGHER,Jackie Wilson,Brunswick,7,7,
1967,38,8,6,YOU’RE MY EVERYTHING,The Temptations,Gordy,9,6,
1967,38,9,16,I DIG ROCK AND ROLL MUSIC,"Peter, Paul and Mary",Warner Brothers,6,9,
1967,38,10,10,FUNKY BROADWAY,Wilson Pickett,Atlantic,8,10,
1967,38,11,11,THERE IS A MOUNTAIN,Donovan,Epic,7,11,
1967,38,12,5,BABY I LOVE YOU,Aretha Franklin,Atlantic,10,4,
1967,38,13,13,YOU KNOW WHAT I MEAN,The Turtles,White Whale,8,13,
1967,38,14,14,BROWN EYED GIRL,Van Morrison,Bang,11,14,
1967,38,15,9,SAN FRANCISCAN NIGHTS,Eric Burdon and the Animals,MGM,8,9,
1967,38,16,21,GIMME LITTLE SIGN,Brenton Wood,Double Shot,7,16,
1967,38,17,19,I HAD A DREAM,Paul Revere and the Raiders Featuring Mark Lindsay,Columbia,6,17,
1967,38,18,32,LITTLE OLE MAN (Uptight-Everything’s Alright),Bill Cosby,Warner Brothers,4,18,
1967,38,19,24,GETTIN’ TOGETHER,Tommy James and the Shondells,Roulette,5,19,
1967,38,20,20,TWELVE THIRTY (Young Girls Are Coming To the Canyon),The Mamas and the Papas,Dunhill,5,20,
1967,38,21,26,GROOVIN’,Booker T. and the MG’s,Stax,8,21,
1967,38,22,28,I MAKE A FOOL OF MYSELF,Frankie Valli,Philips,5,22,
1967,38,23,23,THINGS I SHOULD HAVE SAID,The Grass Roots,Dunhill,7,23,
1967,38,24,8,ALL YOU NEED IS LOVE,The Beatles,Capitol,10,1,
1967,38,25,30,LOVE BUG LEAVE MY HEART ALONE,Martha and the Vandellas,Gordy,6,25,
1967,38,26,43,HOW CAN I BE SURE,The Young Rascals,Atlantic,3,26,
1967,38,27,34,THE CAT IN THE WINDOW (The Bird In the Sky),Petula Clark,Warner Brothers,4,27,
1967,38,28,17,COLD SWEAT (Part 1),James Brown and the Famous Flames,King,11,7,
1967,38,29,42,DANDELION,The Rolling Stones,London,3,29,
1967,38,30,41,KNOCK ON WOOD,Otis and Carla,Stax,7,30,
1967,38,31,31,MAKING EVERY MINUTE COUNT,Spanky and Our Gang,Mercury,6,31,
1967,38,32,18,LIGHT MY FIRE,The Doors,Elektra,17,1,
1967,38,33,35,GET ON UP,The Esquires,Bunky,6,33,
1967,38,34,45,EXPRESSWAY TO YOUR HEART,The Soul Survivors,Crimson,4,34,
1967,38,35,58,TO SIR WITH LOVE,Lulu,Epic,3,35,
1967,38,36,47,MEMPHIS SOUL STEW,King Curtis,Atco,5,36,
1967,38,37,40,BLUE’S THEME,Davie Allan and the Arrows,Tower,16,37,
1967,38,38,49,IN THE HEAT OF THE NIGHT,Ray Charles,ABC/TRC,5,38,
1967,38,39,39,MUSEUM,Herman’s Hermits,MGM,5,39,
1967,38,40,25,PLEASANT VALLEY SUNDAY,The Monkees,Colgems,10,3,
1967,38,41,27,I THANK THE LORD FOR THE NIGHT TIME,Neil Diamond,Bang,11,13,
1967,38,55,22,(I Wanna) TESTIFY,The Parliaments,Revilot,13,20,
1967,38,57,38,"LITTLE OLE WINE DRINKER, ME",Dean Martin,Reprise,6,38,
1967,38,58,36,ZIP CODE,The Five Americans,Abnak,7,36,
1967,38,42,54,BALLAD OF YOU AND ME AND POONEIL,Jefferson Airplane,RCA Victor,4,42,
1967,38,43,48,ANYTHING GOES,Harpers Bizarre,Warner Brothers,6,43,
1967,38,44,68,HEY BABY (They’re Playing Our Song),The Buckinghams,Columbia,3,44,
1967,38,45,75,YOU KEEP RUNNING AWAY,The Four Tops,Motown,2,45,
1967,38,46,46,PUT YOUR MIND AT EASE,Every Mothers’ Son,MGM,5,46,
1967,38,47,57,A BANDA (Ah Bahn-da),Herb Alpert and the Tijuana Brass,A&M,3,47,
1967,38,48,59,YOUR PRECIOUS LOVE,Marvin Gaye and Tammi Terrell,Tamla,3,48,
1967,38,49,60,IT MUST BE HIM,Vikki Carr,Liberty,4,49,
1967,38,50,51,YOU’VE GOT TO PAY THE PRICE,Al Kent,Ric-Tic,6,50,
1967,39,1,1,THE LETTER,The Box Tops,Mala,8,1,2 weeks at #1
1967,39,2,2,ODE TO BILLIE JOE,Bobbie Gentry,Capitol,9,1,
1967,39,3,5,NEVER MY LOVE,The Association,Warner Brothers,6,3,
1967,39,4,3,COME BACK WHEN YOU GROW UP,Bobby Vee and the Strangers,Liberty,11,3,
1967,39,5,4,REFLECTIONS,Diana Ross and the Supremes,Motown,8,2,
1967,39,6,6,"APPLES, PEACHES, PUMPKIN PIE",Jay and the Techniques,Smash,12,6,
1967,39,7,7,(Your Love Keeps Lifting Me) HIGHER AND HIGHER,Jackie Wilson,Brunswick,8,7,
1967,39,8,10,FUNKY BROADWAY,Wilson Pickett,Atlantic,9,8,
1967,39,9,9,I DIG ROCK AND ROLL MUSIC,"Peter, Paul and Mary",Warner Brothers,7,9,
1967,39,10,14,BROWN EYED GIRL,Van Morrison,Bang,12,10,
1967,39,11,16,GIMME LITTLE SIGN,Brenton Wood,Double Shot,8,11,
1967,39,12,13,YOU KNOW WHAT I MEAN,The Turtles,White Whale,9,12,
1967,39,13,18,LITTLE OLE MAN (Uptight-Everything’s Alright),Bill Cosby,Warner Brothers,5,13,
1967,39,14,26,HOW CAN I BE SURE,The Young Rascals,Atlantic,4,14,
1967,39,15,8,YOU’RE MY EVERYTHING,The Temptations,Gordy,10,6,
1967,39,16,11,THERE IS A MOUNTAIN,Donovan,Epic,8,11,
1967,39,17,17,I HAD A DREAM,Paul Revere and the Raiders Featuring Mark Lindsay,Columbia,7,17,
1967,39,18,19,GETTIN’ TOGETHER,Tommy James and the Shondells,Roulette,6,18,
1967,39,19,22,I MAKE A FOOL OF MYSELF,Frankie Valli,Philips,6,19,
1967,39,20,29,DANDELION,The Rolling Stones,London,4,20,
1967,39,21,21,GROOVIN’,Booker T. and the MG’s,Stax,9,21,
1967,39,22,35,TO SIR WITH LOVE,Lulu,Epic,4,22,
1967,39,23,20,TWELVE THIRTY (Young Girls Are Coming To the Canyon),The Mamas and the Papas,Dunhill,6,20,
1967,39,24,44,HEY BABY (They’re Playing Our Song),The Buckinghams,Columbia,4,24,
1967,39,25,25,LOVE BUG LEAVE MY HEART ALONE,Martha and the Vandellas,Gordy,7,25,
1967,39,26,27,THE CAT IN THE WINDOW (The Bird In the Sky),Petula Clark,Warner Brothers,5,26,
1967,39,27,33,GET ON UP,The Esquires,Bunky,7,27,
1967,39,28,34,EXPRESSWAY TO YOUR HEART,The Soul Survivors,Crimson,5,28,
1967,39,29,15,SAN FRANCISCAN NIGHTS,Eric Burdon and the Animals,MGM,9,9,
1967,39,30,30,KNOCK ON WOOD,Otis and Carla,Stax,8,30,
1967,39,31,48,YOUR PRECIOUS LOVE,Marvin Gaye and Tammi Terrell,Tamla,4,31,
1967,39,32,45,YOU KEEP RUNNING AWAY,The Four Tops,Motown,3,32,
1967,39,33,38,IN THE HEAT OF THE NIGHT,Ray Charles,ABC/TRC,6,33,
1967,39,34,28,COLD SWEAT (Part 1),James Brown and the Famous Flames,King,12,7,
1967,39,35,36,MEMPHIS SOUL STEW,King Curtis,Atco,6,35,
1967,39,36,47,A BANDA (Ah Bahn-da),Herb Alpert and the Tijuana Brass,A&M,4,36,
1967,39,37,54,WHAT NOW MY LOVE,Mitch Ryder,DynoVoice,4,37,
1967,39,38,49,IT MUST BE HIM,Vikki Carr,Liberty,5,38,
1967,39,39,31,MAKING EVERY MINUTE COUNT,Spanky and Our Gang,Mercury,7,31,
1967,39,40,59,SOUL MAN,Sam and Dave,Stax,4,40,
1967,39,47,12,BABY I LOVE YOU,Aretha Franklin,Atlantic,11,4,
1967,39,48,24,ALL YOU NEED IS LOVE,The Beatles,Capitol,11,1,
1967,39,50,23,THINGS I SHOULD HAVE SAID,The Grass Roots,Dunhill,8,23,
1967,39,54,37,BLUE’S THEME,Davie Allan and the Arrows,Tower,17,37,
1967,39,58,39,MUSEUM,Herman’s Hermits,MGM,6,39,
1967,39,41,52,LET LOVE COME BETWEEN US,James and Bobby Purify,Bell,4,41,
1967,39,42,42,BALLAD OF YOU AND ME AND POONEIL,Jefferson Airplane,RCA Victor,5,42,
1967,39,43,43,ANYTHING GOES,Harpers Bizarre,Warner Brothers,7,43,
1967,39,44,65,PEOPLE ARE STRANGE,The Doors,Elektra,2,44,
1967,39,45,69,LIGHTNING’S GIRL,Nancy Sinatra,Reprise,2,45,
1967,39,46,46,PUT YOUR MIND AT EASE,Every Mothers’ Son,MGM,6,46,
1967,39,49,50,YOU’VE GOT TO PAY THE PRICE,Al Kent,Ric-Tic,7,49,
1967,40,1,1,THE LETTER,The Box Tops,Mala,9,1,3 weeks at #1
1967,40,2,3,NEVER MY LOVE,The Association,Warner Brothers,7,2,
1967,40,3,2,ODE TO BILLIE JOE,Bobbie Gentry,Capitol,10,1,
1967,40,4,4,COME BACK WHEN YOU GROW UP,Bobby Vee and the Strangers,Liberty,12,3,
1967,40,5,13,LITTLE OLE MAN (Uptight-Everything’s Alright),Bill Cosby,Warner Brothers,6,5,
1967,40,6,7,(Your Love Keeps Lifting Me) HIGHER AND HIGHER,Jackie Wilson,Brunswick,9,6,
1967,40,7,5,REFLECTIONS,Diana Ross and the Supremes,Motown,9,2,
1967,40,8,6,"APPLES, PEACHES, PUMPKIN PIE",Jay and the Techniques,Smash,13,6,
1967,40,9,14,HOW CAN I BE SURE,The Young Rascals,Atlantic,5,9,
1967,40,10,11,GIMME LITTLE SIGN,Brenton Wood,Double Shot,9,10,
1967,40,11,22,TO SIR WITH LOVE,Lulu,Epic,5,11,
1967,40,12,9,I DIG ROCK AND ROLL MUSIC,"Peter, Paul and Mary",Warner Brothers,8,9,
1967,40,13,10,BROWN EYED GIRL,Van Morrison,Bang,13,10,
1967,40,14,8,FUNKY BROADWAY,Wilson Pickett,Atlantic,10,8,
1967,40,15,20,DANDELION,The Rolling Stones,London,5,15,
1967,40,16,27,GET ON UP,The Esquires,Bunky,8,16,
1967,40,17,28,EXPRESSWAY TO YOUR HEART,The Soul Survivors,Crimson,6,17,
1967,40,18,19,I MAKE A FOOL OF MYSELF,Frankie Valli,Philips,7,18,
1967,40,19,24,HEY BABY (They’re Playing Our Song),The Buckinghams,Columbia,5,19,
1967,40,20,40,SOUL MAN,Sam and Dave,Stax,5,20,
1967,40,21,21,GROOVIN’,Booker T. and the MG’s,Stax,10,21,
1967,40,22,12,YOU KNOW WHAT I MEAN,The Turtles,White Whale,10,12,
1967,40,23,31,YOUR PRECIOUS LOVE,Marvin Gaye and Tammi Terrell,Tamla,5,23,
1967,40,24,32,YOU KEEP RUNNING AWAY,The Four Tops,Motown,4,24,
1967,40,25,25,LOVE BUG LEAVE MY HEART ALONE,Martha and the Vandellas,Gordy,8,25,
1967,40,26,26,THE CAT IN THE WINDOW (The Bird In the Sky),Petula Clark,Warner Brothers,6,26,
1967,40,27,15,YOU’RE MY EVERYTHING,The Temptations,Gordy,11,6,
1967,40,28,18,GETTIN’ TOGETHER,Tommy James and the Shondells,Roulette,7,18,
1967,40,29,38,IT MUST BE HIM,Vikki Carr,Liberty,6,29,
1967,40,30,37,WHAT NOW MY LOVE,Mitch Ryder,DynoVoice,5,30,
1967,40,31,41,LET LOVE COME BETWEEN US,James and Bobby Purify,Bell,5,31,
1967,40,32,44,PEOPLE ARE STRANGE,The Doors,Elektra,3,32,
1967,40,33,45,LIGHTNING’S GIRL,Nancy Sinatra,Reprise,3,33,
1967,40,34,35,MEMPHIS SOUL STEW,King Curtis,Atco,7,34,
1967,40,35,33,IN THE HEAT OF THE NIGHT,Ray Charles,ABC/TRC,7,33,
1967,40,36,36,A BANDA (Ah Bahn-da),Herb Alpert and the Tijuana Brass,A&M,5,36,
1967,40,37,29,SAN FRANCISCAN NIGHTS,Eric Burdon and the Animals,MGM,10,9,
1967,40,38,70,A NATURAL WOMAN (You Make Me Feel Like),Aretha Franklin,Atlantic,2,38,
1967,40,39,57,ODE TO BILLIE JOE,The Kingpins,Atco,3,39,
1967,40,40,63,LET IT OUT (Let It All Hang Out),The Hombres,Verve Forecast,4,40,
1967,40,44,17,I HAD A DREAM,Paul Revere and the Raiders Featuring Mark Lindsay,Columbia,8,17,
1967,40,45,16,THERE IS A MOUNTAIN,Donovan,Epic,9,11,
1967,40,46,30,KNOCK ON WOOD,Otis and Carla,Stax,9,30,
1967,40,41,52,THE LOOK OF LOVE,Dusty Springfield,Philips,9,41,
1967,40,42,56,CHILD OF CLAY,Jimmie Rodgers,A&M,3,42,
1967,40,43,43,ANYTHING GOES,Harpers Bizarre,Warner Brothers,8,43,
1967,40,47,42,BALLAD OF YOU AND ME AND POONEIL,Jefferson Airplane,RCA Victor,6,42,
1967,40,48,59,THE LAST WALTZ,Engelbert Humperdinck,Parrot,3,48,
1967,40,49,49,YOU’VE GOT TO PAY THE PRICE,Al Kent,Ric-Tic,8,49,
1967,40,50,51,WE LOVE YOU,The Rolling Stones,London,4,50,
1967,41,1,1,THE LETTER,The Box Tops,Mala,10,1,4 weeks at #1
1967,41,2,2,NEVER MY LOVE,The Association,Warner Brothers,8,2,
1967,41,3,11,TO SIR WITH LOVE,Lulu,Epic,6,3,
1967,41,4,5,LITTLE OLE MAN (Uptight-Everything’s Alright),Bill Cosby,Warner Brothers,7,4,
1967,41,5,3,ODE TO BILLIE JOE,Bobbie Gentry,Capitol,11,1,
1967,41,6,6,(Your Love Keeps Lifting Me) HIGHER AND HIGHER,Jackie Wilson,Brunswick,10,6,
1967,41,7,4,COME BACK WHEN YOU GROW UP,Bobby Vee and the Strangers,Liberty,13,3,
1967,41,8,9,HOW CAN I BE SURE,The Young Rascals,Atlantic,6,8,
1967,41,9,10,GIMME LITTLE SIGN,Brenton Wood,Double Shot,10,9,
1967,41,10,20,SOUL MAN,Sam and Dave,Stax,6,10,
1967,41,11,8,"APPLES, PEACHES, PUMPKIN PIE",Jay and the Techniques,Smash,14,6,
1967,41,12,19,HEY BABY (They’re Playing Our Song),The Buckinghams,Columbia,6,12,
1967,41,13,23,YOUR PRECIOUS LOVE,Marvin Gaye and Tammi Terrell,Tamla,6,13,
1967,41,14,15,DANDELION,The Rolling Stones,London,6,14,
1967,41,15,17,EXPRESSWAY TO YOUR HEART,The Soul Survivors,Crimson,7,15,
1967,41,16,16,GET ON UP,The Esquires,Bunky,9,16,
1967,41,17,12,I DIG ROCK AND ROLL MUSIC,"Peter, Paul and Mary",Warner Brothers,9,9,
1967,41,18,38,A NATURAL WOMAN (You Make Me Feel Like),Aretha Franklin,Atlantic,3,18,
1967,41,19,24,YOU KEEP RUNNING AWAY,The Four Tops,Motown,5,19,
1967,41,20,13,BROWN EYED GIRL,Van Morrison,Bang,14,10,
1967,41,21,14,FUNKY BROADWAY,Wilson Pickett,Atlantic,11,8,
1967,41,22,7,REFLECTIONS,Diana Ross and the Supremes,Motown,10,2,
1967,41,23,32,PEOPLE ARE STRANGE,The Doors,Elektra,4,23,
1967,41,24,29,IT MUST BE HIM,Vikki Carr,Liberty,7,24,
1967,41,25,33,LIGHTNING’S GIRL,Nancy Sinatra,Reprise,4,25,
1967,41,26,21,GROOVIN’,Booker T. and the MG’s,Stax,11,21,
1967,41,27,40,LET IT OUT (Let It All Hang Out),The Hombres,Verve Forecast,5,27,
1967,41,28,31,LET LOVE COME BETWEEN US,James and Bobby Purify,Bell,6,28,
1967,41,29,39,ODE TO BILLIE JOE,The Kingpins,Atco,4,29,
1967,41,30,30,WHAT NOW MY LOVE,Mitch Ryder,DynoVoice,6,30,
1967,41,31,41,THE LOOK OF LOVE,Dusty Springfield,Philips,10,31,
1967,41,32,42,CHILD OF CLAY,Jimmie Rodgers,A&M,4,32,
1967,41,33,34,MEMPHIS SOUL STEW,King Curtis,Atco,8,33,
1967,41,34,59,INCENSE AND PEPPERMINTS,Strawberry Alarm Clock,Uni,3,34,
1967,41,35,36,A BANDA (Ah Bahn-da),Herb Alpert and the Tijuana Brass,A&M,6,35,
1967,41,36,48,THE LAST WALTZ,Engelbert Humperdinck,Parrot,4,36,
1967,41,37,51,PLEASE LOVE ME FOREVER,Bobby Vinton,Epic,3,37,
1967,41,38,52,LOVE IS STRANGE,Peaches and Herb,Date,3,38,
1967,41,39,18,I MAKE A FOOL OF MYSELF,Frankie Valli,Philips,8,18,
1967,41,40,25,LOVE BUG LEAVE MY HEART ALONE,Martha and the Vandellas,Gordy,9,25,
1967,41,42,28,GETTIN’ TOGETHER,Tommy James and the Shondells,Roulette,8,18,
1967,41,43,27,YOU’RE MY EVERYTHING,The Temptations,Gordy,12,6,
1967,41,45,22,YOU KNOW WHAT I MEAN,The Turtles,White Whale,11,12,
1967,41,50,26,THE CAT IN THE WINDOW (The Bird In the Sky),Petula Clark,Warner Brothers,7,26,
1967,41,41,61,I’M WONDERING,Stevie Wonder,Tamla,2,41,
1967,41,44,54,WHY DO FOOLS FALL IN LOVE,The Happenings,B.T. Puppy,4,44,
1967,41,46,58,HOLIDAY,The Bee Gees,Atco,3,46,
1967,41,47,44,I HAD A DREAM,Paul Revere and the Raiders Featuring Mark Lindsay,Columbia,9,17,
1967,41,48,62,"THE RAIN, THE PARK AND OTHER THINGS",The Cowsills,MGM,3,48,
1967,41,49,60,EVEN THE BAD TIMES ARE GOOD,The Tremeloes,Epic,3,49,
1967,42,1,3,TO SIR WITH LOVE,Lulu,Epic,7,1,1 week at #1
1967,42,2,1,THE LETTER,The Box Tops,Mala,11,1,
1967,42,3,2,NEVER MY LOVE,The Association,Warner Brothers,9,2,
1967,42,4,8,HOW CAN I BE SURE,The Young Rascals,Atlantic,7,4,
1967,42,5,15,EXPRESSWAY TO YOUR HEART,The Soul Survivors,Crimson,8,5,
1967,42,6,24,IT MUST BE HIM,Vikki Carr,Liberty,8,6,
1967,42,7,10,SOUL MAN,Sam and Dave,Stax,7,7,
1967,42,8,4,LITTLE OLE MAN (Uptight-Everything’s Alright),Bill Cosby,Warner Brothers,8,4,
1967,42,9,9,GIMME LITTLE SIGN,Brenton Wood,Double Shot,11,9,
1967,42,10,13,YOUR PRECIOUS LOVE,Marvin Gaye and Tammi Terrell,Tamla,7,10,
1967,42,11,16,GET ON UP,The Esquires,Bunky,10,11,
1967,42,12,12,HEY BABY (They’re Playing Our Song),The Buckinghams,Columbia,7,12,
1967,42,13,18,A NATURAL WOMAN (You Make Me Feel Like),Aretha Franklin,Atlantic,4,13,
1967,42,14,5,ODE TO BILLIE JOE,Bobbie Gentry,Capitol,12,1,
1967,42,15,6,(Your Love Keeps Lifting Me) HIGHER AND HIGHER,Jackie Wilson,Brunswick,11,6,
1967,42,16,7,COME BACK WHEN YOU GROW UP,Bobby Vee and the Strangers,Liberty,14,3,
1967,42,17,23,PEOPLE ARE STRANGE,The Doors,Elektra,5,17,
1967,42,18,11,"APPLES, PEACHES, PUMPKIN PIE",Jay and the Techniques,Smash,15,6,
1967,42,19,34,INCENSE AND PEPPERMINTS,Strawberry Alarm Clock,Uni,4,19,
1967,42,20,37,PLEASE LOVE ME FOREVER,Bobby Vinton,Epic,4,20,
1967,42,21,27,LET IT OUT (Let It All Hang Out),The Hombres,Verve Forecast,6,21,
1967,42,22,19,YOU KEEP RUNNING AWAY,The Four Tops,Motown,6,19,
1967,42,23,28,LET LOVE COME BETWEEN US,James and Bobby Purify,Bell,7,23,
1967,42,24,25,LIGHTNING’S GIRL,Nancy Sinatra,Reprise,5,24,
1967,42,25,14,DANDELION,The Rolling Stones,London,7,14,
1967,42,26,41,I’M WONDERING,Stevie Wonder,Tamla,3,26,
1967,42,27,20,BROWN EYED GIRL,Van Morrison,Bang,15,10,
1967,42,28,29,ODE TO BILLIE JOE,The Kingpins,Atco,5,28,
1967,42,29,38,LOVE IS STRANGE,Peaches and Herb,Date,4,29,
1967,42,30,31,THE LOOK OF LOVE,Dusty Springfield,Philips,11,30,
1967,42,31,36,THE LAST WALTZ,Engelbert Humperdinck,Parrot,5,31,
1967,42,32,32,CHILD OF CLAY,Jimmie Rodgers,A&M,5,32,
1967,42,33,46,HOLIDAY,The Bee Gees,Atco,4,33,
1967,42,34,17,I DIG ROCK AND ROLL MUSIC,"Peter, Paul and Mary",Warner Brothers,10,9,
1967,42,35,48,"THE RAIN, THE PARK AND OTHER THINGS",The Cowsills,MGM,4,35,
1967,42,36,30,WHAT NOW MY LOVE,Mitch Ryder,DynoVoice,7,30,
1967,42,37,49,EVEN THE BAD TIMES ARE GOOD,The Tremeloes,Epic,4,37,
1967,42,38,21,FUNKY BROADWAY,Wilson Pickett,Atlantic,12,8,
1967,42,39,22,REFLECTIONS,Diana Ross and the Supremes,Motown,11,2,
1967,42,40,61,(Loneliness Made Me Realize) IT’S YOU THAT I NEED,The Temptations,Gordy,2,40,
1967,42,42,33,MEMPHIS SOUL STEW,King Curtis,Atco,9,33,
1967,42,43,26,GROOVIN’,Booker T. and the MG’s,Stax,12,21,
1967,42,41,44,WHY DO FOOLS FALL IN LOVE,The Happenings,B.T. Puppy,5,41,
1967,42,44,59,ROCK ‘N’ ROLL WOMAN,Buffalo Springfield,Atco,4,44,
1967,42,45,57,EVERLASTING LOVE,Robert Knight,Rising Sons,4,45,
1967,42,46,73,PATA PATA,Miriam Makeba,Reprise,3,46,
1967,42,47,82,KENTUCKY WOMAN,Neil Diamond,Bang,2,47,
1967,42,48,72,I CAN SEE FOR MILES,The Who,Decca,2,48,
1967,42,49,51,I’LL NEVER FALL IN LOVE AGAIN,Tom Jones,Parrot,7,49,
1967,42,50,88,LAZY DAY,Spanky and Our Gang,Mercury,2,50,
1967,43,1,1,TO SIR WITH LOVE,Lulu,Epic,8,1,2 weeks at #1
1967,43,2,2,THE LETTER,The Box Tops,Mala,12,1,
1967,43,3,3,NEVER MY LOVE,The Association,Warner Brothers,10,2,
1967,43,4,4,HOW CAN I BE SURE,The Young Rascals,Atlantic,8,4,
1967,43,5,5,EXPRESSWAY TO YOUR HEART,The Soul Survivors,Crimson,9,5,
1967,43,6,6,IT MUST BE HIM,Vikki Carr,Liberty,9,6,
1967,43,7,7,SOUL MAN,Sam and Dave,Stax,8,7,
1967,43,8,10,YOUR PRECIOUS LOVE,Marvin Gaye and Tammi Terrell,Tamla,8,8,
1967,43,9,13,A NATURAL WOMAN (You Make Me Feel Like),Aretha Franklin,Atlantic,5,9,
1967,43,10,19,INCENSE AND PEPPERMINTS,Strawberry Alarm Clock,Uni,5,10,
1967,43,11,11,GET ON UP,The Esquires,Bunky,11,11,
1967,43,12,17,PEOPLE ARE STRANGE,The Doors,Elektra,6,12,
1967,43,13,9,GIMME LITTLE SIGN,Brenton Wood,Double Shot,12,9,
1967,43,14,12,HEY BABY (They’re Playing Our Song),The Buckinghams,Columbia,8,12,
1967,43,15,20,PLEASE LOVE ME FOREVER,Bobby Vinton,Epic,5,15,
1967,43,16,21,LET IT OUT (Let It All Hang Out),The Hombres,Verve Forecast,7,16,
1967,43,17,26,I’M WONDERING,Stevie Wonder,Tamla,4,17,
1967,43,18,8,LITTLE OLE MAN (Uptight-Everything’s Alright),Bill Cosby,Warner Brothers,9,4,
1967,43,19,35,"THE RAIN, THE PARK AND OTHER THINGS",The Cowsills,MGM,5,19,
1967,43,20,40,(Loneliness Made Me Realize) IT’S YOU THAT I NEED,The Temptations,Gordy,3,20,
1967,43,21,16,COME BACK WHEN YOU GROW UP,Bobby Vee and the Strangers,Liberty,15,3,
1967,43,22,22,YOU KEEP RUNNING AWAY,The Four Tops,Motown,7,19,
1967,43,23,23,LET LOVE COME BETWEEN US,James and Bobby Purify,Bell,8,23,
1967,43,24,29,LOVE IS STRANGE,Peaches and Herb,Date,5,24,
1967,43,25,30,THE LOOK OF LOVE,Dusty Springfield,Philips,12,25,
1967,43,26,33,HOLIDAY,The Bee Gees,Atco,5,26,
1967,43,27,18,"APPLES, PEACHES, PUMPKIN PIE",Jay and the Techniques,Smash,16,6,
1967,43,28,31,THE LAST WALTZ,Engelbert Humperdinck,Parrot,6,28,
1967,43,29,14,ODE TO BILLIE JOE,Bobbie Gentry,Capitol,13,1,
1967,43,30,15,(Your Love Keeps Lifting Me) HIGHER AND HIGHER,Jackie Wilson,Brunswick,12,6,
1967,43,31,32,CHILD OF CLAY,Jimmie Rodgers,A&M,6,31,
1967,43,32,24,LIGHTNING’S GIRL,Nancy Sinatra,Reprise,6,24,
1967,43,33,28,ODE TO BILLIE JOE,The Kingpins,Atco,6,28,
1967,43,34,47,KENTUCKY WOMAN,Neil Diamond,Bang,3,34,
1967,43,35,45,EVERLASTING LOVE,Robert Knight,Rising Sons,5,35,
1967,43,36,46,PATA PATA,Miriam Makeba,Reprise,4,36,
1967,43,37,37,EVEN THE BAD TIMES ARE GOOD,The Tremeloes,Epic,5,37,
1967,43,38,48,I CAN SEE FOR MILES,The Who,Decca,3,38,
1967,43,39,25,DANDELION,The Rolling Stones,London,8,14,
1967,43,40,50,LAZY DAY,Spanky and Our Gang,Mercury,3,40,
1967,43,41,27,BROWN EYED GIRL,Van Morrison,Bang,16,10,
1967,43,49,34,I DIG ROCK AND ROLL MUSIC,"Peter, Paul and Mary",Warner Brothers,11,9,
1967,43,42,75,I SAY A LITTLE PRAYER,Dionne Warwick,Scepter,2,42,
1967,43,43,53,YOU’VE MADE ME SO VERY HAPPY,Brenda Holloway,Tamla,8,43,
1967,43,44,44,ROCK ‘N’ ROLL WOMAN,Buffalo Springfield,Atco,5,44,
1967,43,45,41,WHY DO FOOLS FALL IN LOVE,The Happenings,B.T. Puppy,6,41,
1967,43,46,76,LADY BIRD,Nancy Sinatra and Lee Hazlewood,Reprise,2,46,
1967,43,47,51,JUST ONE LOOK,The Hollies,Imperial,6,47,
1967,43,48,55,BIG BOSS MAN,Elvis Presley,RCA Victor,3,48,
1967,43,50,71,BOOGALOO DOWN BROADWAY,The Fantastic Johnny C.,Phil-L.A. Of Soul,4,50,
1967,44,1,1,TO SIR WITH LOVE,Lulu,Epic,9,1,3 weeks at #1
1967,44,2,7,SOUL MAN,Sam and Dave,Stax,9,2,
1967,44,3,6,IT MUST BE HIM,Vikki Carr,Liberty,10,3,
1967,44,4,5,EXPRESSWAY TO YOUR HEART,The Soul Survivors,Crimson,10,4,
1967,44,5,8,YOUR PRECIOUS LOVE,Marvin Gaye and Tammi Terrell,Tamla,9,5,
1967,44,6,3,NEVER MY LOVE,The Association,Warner Brothers,11,2,
1967,44,7,10,INCENSE AND PEPPERMINTS,Strawberry Alarm Clock,Uni,6,7,
1967,44,8,9,A NATURAL WOMAN (You Make Me Feel Like),Aretha Franklin,Atlantic,6,8,
1967,44,9,19,"THE RAIN, THE PARK AND OTHER THINGS",The Cowsills,MGM,6,9,
1967,44,10,15,PLEASE LOVE ME FOREVER,Bobby Vinton,Epic,6,10,
1967,44,11,11,GET ON UP,The Esquires,Bunky,12,11,
1967,44,12,17,I’M WONDERING,Stevie Wonder,Tamla,5,12,
1967,44,13,4,HOW CAN I BE SURE,The Young Rascals,Atlantic,9,4,
1967,44,14,12,PEOPLE ARE STRANGE,The Doors,Elektra,7,12,
1967,44,15,20,(Loneliness Made Me Realize) IT’S YOU THAT I NEED,The Temptations,Gordy,4,15,
1967,44,16,16,LET IT OUT (Let It All Hang Out),The Hombres,Verve Forecast,8,16,
1967,44,17,2,THE LETTER,The Box Tops,Mala,13,1,
1967,44,18,24,LOVE IS STRANGE,Peaches and Herb,Date,6,18,
1967,44,19,13,GIMME LITTLE SIGN,Brenton Wood,Double Shot,13,9,
1967,44,20,14,HEY BABY (They’re Playing Our Song),The Buckinghams,Columbia,9,12,
1967,44,21,26,HOLIDAY,The Bee Gees,Atco,6,21,
1967,44,22,25,THE LOOK OF LOVE,Dusty Springfield,Philips,13,22,
1967,44,23,38,I CAN SEE FOR MILES,The Who,Decca,4,23,
1967,44,24,35,EVERLASTING LOVE,Robert Knight,Rising Sons,6,24,
1967,44,25,28,THE LAST WALTZ,Engelbert Humperdinck,Parrot,7,25,
1967,44,26,36,PATA PATA,Miriam Makeba,Reprise,5,26,
1967,44,27,42,I SAY A LITTLE PRAYER,Dionne Warwick,Scepter,3,27,
1967,44,28,34,KENTUCKY WOMAN,Neil Diamond,Bang,4,28,
1967,44,29,40,LAZY DAY,Spanky and Our Gang,Mercury,4,29,
1967,44,30,46,LADY BIRD,Nancy Sinatra and Lee Hazlewood,Reprise,3,30,
1967,44,31,31,CHILD OF CLAY,Jimmie Rodgers,A&M,7,31,
1967,44,32,54,I HEARD IT THROUGH THE GRAPEVINE,Gladys Knight and the Pips,Soul,3,32,
1967,44,33,23,LET LOVE COME BETWEEN US,James and Bobby Purify,Bell,9,23,
1967,44,34,21,COME BACK WHEN YOU GROW UP,Bobby Vee and the Strangers,Liberty,16,3,
1967,44,35,18,LITTLE OLE MAN (Uptight-Everything’s Alright),Bill Cosby,Warner Brothers,10,4,
1967,44,36,37,EVEN THE BAD TIMES ARE GOOD,The Tremeloes,Epic,6,36,
1967,44,37,62,GLAD TO BE UNHAPPY,The Mamas and the Papas,Dunhill,2,37,
1967,44,38,48,BIG BOSS MAN,Elvis Presley,RCA Victor,4,38,
1967,44,39,43,YOU’VE MADE ME SO VERY HAPPY,Brenda Holloway,Tamla,9,39,
1967,44,40,50,BOOGALOO DOWN BROADWAY,The Fantastic Johnny C.,Phil-L.A. Of Soul,5,40,
1967,44,43,29,ODE TO BILLIE JOE,Bobbie Gentry,Capitol,14,1,
1967,44,48,27,"APPLES, PEACHES, PUMPKIN PIE",Jay and the Techniques,Smash,17,6,
1967,44,49,32,LIGHTNING’S GIRL,Nancy Sinatra,Reprise,7,24,
1967,44,50,22,YOU KEEP RUNNING AWAY,The Four Tops,Motown,8,19,
1967,44,41,59,LIKE AN OLD TIME MOVIE,Scott McKenzie,Ode,3,41,
1967,44,42,63,SHE IS STILL A MYSTERY,The Lovin’ Spoonful,Kama Sutra,2,42,
1967,44,44,47,JUST ONE LOOK,The Hollies,Imperial,7,44,
1967,44,45,56,YOU DON’T KNOW ME,Elvis Presley,RCA Victor,4,45,
1967,44,46,57,KEEP THE BALL ROLLIN’,Jay and the Techniques,Smash,3,46,
1967,44,47,66,HOMBURG,Procol Harum,A&M,2,47,
1967,45,1,1,TO SIR WITH LOVE,Lulu,Epic,10,1,4 weeks at #1
1967,45,2,2,SOUL MAN,Sam and Dave,Stax,10,2,
1967,45,3,3,IT MUST BE HIM,Vikki Carr,Liberty,11,3,
1967,45,4,7,INCENSE AND PEPPERMINTS,Strawberry Alarm Clock,Uni,7,4,
1967,45,5,5,YOUR PRECIOUS LOVE,Marvin Gaye and Tammi Terrell,Tamla,10,5,
1967,45,6,9,"THE RAIN, THE PARK AND OTHER THINGS",The Cowsills,MGM,7,6,
1967,45,7,10,PLEASE LOVE ME FOREVER,Bobby Vinton,Epic,7,7,
1967,45,8,8,A NATURAL WOMAN (You Make Me Feel Like),Aretha Franklin,Atlantic,7,8,
1967,45,9,4,EXPRESSWAY TO YOUR HEART,The Soul Survivors,Crimson,11,4,
1967,45,10,6,NEVER MY LOVE,The Association,Warner Brothers,12,2,
1967,45,11,23,I CAN SEE FOR MILES,The Who,Decca,5,11,
1967,45,12,12,I’M WONDERING,Stevie Wonder,Tamla,6,12,
1967,45,13,18,LOVE IS STRANGE,Peaches and Herb,Date,7,13,
1967,45,14,15,(Loneliness Made Me Realize) IT’S YOU THAT I NEED,The Temptations,Gordy,5,14,
1967,45,15,16,LET IT OUT (Let It All Hang Out),The Hombres,Verve Forecast,9,15,
1967,45,16,21,HOLIDAY,The Bee Gees,Atco,7,16,
1967,45,17,13,HOW CAN I BE SURE,The Young Rascals,Atlantic,10,4,
1967,45,18,14,PEOPLE ARE STRANGE,The Doors,Elektra,8,12,
1967,45,19,24,EVERLASTING LOVE,Robert Knight,Rising Sons,7,19,
1967,45,20,11,GET ON UP,The Esquires,Bunky,13,11,
1967,45,21,26,PATA PATA,Miriam Makeba,Reprise,6,21,
1967,45,22,27,I SAY A LITTLE PRAYER,Dionne Warwick,Scepter,4,22,
1967,45,23,28,KENTUCKY WOMAN,Neil Diamond,Bang,5,23,
1967,45,24,29,LAZY DAY,Spanky and Our Gang,Mercury,5,24,
1967,45,25,30,LADY BIRD,Nancy Sinatra and Lee Hazlewood,Reprise,4,25,
1967,45,26,17,THE LETTER,The Box Tops,Mala,14,1,
1967,45,27,32,I HEARD IT THROUGH THE GRAPEVINE,Gladys Knight and the Pips,Soul,4,27,
1967,45,28,19,GIMME LITTLE SIGN,Brenton Wood,Double Shot,14,9,
1967,45,29,37,GLAD TO BE UNHAPPY,The Mamas and the Papas,Dunhill,3,29,
1967,45,30,40,BOOGALOO DOWN BROADWAY,The Fantastic Johnny C.,Phil-L.A. Of Soul,6,30,
1967,45,31,41,LIKE AN OLD TIME MOVIE,Scott McKenzie,Ode,4,31,
1967,45,32,42,SHE IS STILL A MYSTERY,The Lovin’ Spoonful,Kama Sutra,3,32,
1967,45,33,25,THE LAST WALTZ,Engelbert Humperdinck,Parrot,8,25,
1967,45,34,22,THE LOOK OF LOVE,Dusty Springfield,Philips,14,22,
1967,45,35,46,KEEP THE BALL ROLLIN’,Jay and the Techniques,Smash,4,35,
1967,45,36,20,HEY BABY (They’re Playing Our Song),The Buckinghams,Columbia,10,12,
1967,45,37,47,HOMBURG,Procol Harum,A&M,3,37,
1967,45,38,38,BIG BOSS MAN,Elvis Presley,RCA Victor,5,38,
1967,45,39,57,STAG-O-LEE,Wilson Pickett,Atlantic,2,39,
1967,45,40,36,EVEN THE BAD TIMES ARE GOOD,The Tremeloes,Epic,7,36,
1967,45,47,35,LITTLE OLE MAN (Uptight-Everything’s Alright),Bill Cosby,Warner Brothers,11,4,
1967,45,50,31,CHILD OF CLAY,Jimmie Rodgers,A&M,8,31,
1967,45,55,39,YOU’VE MADE ME SO VERY HAPPY,Brenda Holloway,Tamla,10,39,
1967,45,41,62,YOU BETTER SIT DOWN KIDS,Cher,Imperial,3,41,
1967,45,42,53,GET IT TOGETHER (Part 1),James Brown and the Famous Flames,King,3,42,
1967,45,43,54,BACK ON THE STREET AGAIN,The Sunshine Company,Imperial,4,43,
1967,45,44,55,MR. DREAM MERCHANT,Jerry Butler,Mercury,4,44,
1967,45,45,45,YOU DON’T KNOW ME,Elvis Presley,RCA Victor,5,45,
1967,45,46,67,WILD HONEY,The Beach Boys,Capitol,2,46,
1967,45,48,58,"BEG, BORROW AND STEAL",The Ohio Express,Cameo,6,48,
1967,45,49,61,WATCH THE FLOWERS GROW,The Four Seasons,Philips,3,49,
1967,46,1,1,TO SIR WITH LOVE,Lulu,Epic,11,1,5 weeks at #1
1967,46,2,2,SOUL MAN,Sam and Dave,Stax,11,2,
1967,46,3,4,INCENSE AND PEPPERMINTS,Strawberry Alarm Clock,Uni,8,3,
1967,46,4,6,"THE RAIN, THE PARK AND OTHER THINGS",The Cowsills,MGM,8,4,
1967,46,5,3,IT MUST BE HIM,Vikki Carr,Liberty,12,3,
1967,46,6,7,PLEASE LOVE ME FOREVER,Bobby Vinton,Epic,8,6,
1967,46,7,5,YOUR PRECIOUS LOVE,Marvin Gaye and Tammi Terrell,Tamla,11,5,
1967,46,8,22,I SAY A LITTLE PRAYER,Dionne Warwick,Scepter,5,8,
1967,46,9,9,EXPRESSWAY TO YOUR HEART,The Soul Survivors,Crimson,12,4,
1967,46,10,11,I CAN SEE FOR MILES,The Who,Decca,6,10,
1967,46,11,8,A NATURAL WOMAN (You Make Me Feel Like),Aretha Franklin,Atlantic,8,8,
1967,46,12,15,LET IT OUT (Let It All Hang Out),The Hombres,Verve Forecast,10,12,
1967,46,13,19,EVERLASTING LOVE,Robert Knight,Rising Sons,8,13,
1967,46,14,14,(Loneliness Made Me Realize) IT’S YOU THAT I NEED,The Temptations,Gordy,6,14,
1967,46,15,10,NEVER MY LOVE,The Association,Warner Brothers,13,2,
1967,46,16,16,HOLIDAY,The Bee Gees,Atco,8,16,
1967,46,17,13,LOVE IS STRANGE,Peaches and Herb,Date,8,13,
1967,46,18,21,PATA PATA,Miriam Makeba,Reprise,7,18,
1967,46,19,24,LAZY DAY,Spanky and Our Gang,Mercury,6,19,
1967,46,20,25,LADY BIRD,Nancy Sinatra and Lee Hazlewood,Reprise,5,20,
1967,46,21,27,I HEARD IT THROUGH THE GRAPEVINE,Gladys Knight and the Pips,Soul,5,21,
1967,46,22,23,KENTUCKY WOMAN,Neil Diamond,Bang,6,22,
1967,46,23,12,I’M WONDERING,Stevie Wonder,Tamla,7,12,
1967,46,24,31,LIKE AN OLD TIME MOVIE,Scott McKenzie,Ode,5,24,
1967,46,25,30,BOOGALOO DOWN BROADWAY,The Fantastic Johnny C.,Phil-L.A. Of Soul,7,25,
1967,46,26,35,KEEP THE BALL ROLLIN’,Jay and the Techniques,Smash,5,26,
1967,46,27,32,SHE IS STILL A MYSTERY,The Lovin’ Spoonful,Kama Sutra,4,27,
1967,46,28,29,GLAD TO BE UNHAPPY,The Mamas and the Papas,Dunhill,4,28,
1967,46,29,39,STAG-O-LEE,Wilson Pickett,Atlantic,3,29,
1967,46,30,20,GET ON UP,The Esquires,Bunky,14,11,
1967,46,31,41,YOU BETTER SIT DOWN KIDS,Cher,Imperial,4,31,
1967,46,32,17,HOW CAN I BE SURE,The Young Rascals,Atlantic,11,4,
1967,46,34,37,HOMBURG,Procol Harum,A&M,4,34,
1967,46,35,46,WILD HONEY,The Beach Boys,Capitol,3,35,
1967,46,36,48,"BEG, BORROW AND STEAL",The Ohio Express,Cameo,7,36,
1967,46,37,26,THE LETTER,The Box Tops,Mala,15,1,
1967,46,38,43,BACK ON THE STREET AGAIN,The Sunshine Company,Imperial,5,38,
1967,46,39,49,WATCH THE FLOWERS GROW,The Four Seasons,Philips,4,39,
1967,46,40,18,PEOPLE ARE STRANGE,The Doors,Elektra,9,12,
1967,46,48,38,BIG BOSS MAN,Elvis Presley,RCA Victor,6,38,
1967,46,50,28,GIMME LITTLE SIGN,Brenton Wood,Double Shot,15,9,
1967,46,56,33,THE LAST WALTZ,Engelbert Humperdinck,Parrot,9,25,
1967,46,67,34,THE LOOK OF LOVE,Dusty Springfield,Philips,15,22,
1967,46,41,42,GET IT TOGETHER (Part 1),James Brown and the Famous Flames,King,4,41,
1967,46,42,44,MR. DREAM MERCHANT,Jerry Butler,Mercury,5,42,
1967,46,43,57,I SECOND THAT EMOTION,Smokey Robinson and the Miracles,Tamla,3,43,
1967,46,44,45,YOU DON’T KNOW ME,Elvis Presley,RCA Victor,6,44,
1967,46,45,58,SKINNY LEGS AND ALL,Joe Tex,Dial,4,45,
1967,46,46,56,OUT OF THE BLUE,Tommy James and the Shondells,Roulette,4,46,
1967,46,47,65,IN AND OUT OF LOVE,Diana Ross and the Supremes,Motown,2,47,
1967,46,49,51,BY THE TIME I GET TO PHOENIX,Glen Campbell,Capitol,4,49,
1967,47,1,3,INCENSE AND PEPPERMINTS,Strawberry Alarm Clock,Uni,9,1,1 week at #1
1967,47,2,1,TO SIR WITH LOVE,Lulu,Epic,12,1,
1967,47,3,4,"THE RAIN, THE PARK AND OTHER THINGS",The Cowsills,MGM,9,3,
1967,47,4,2,SOUL MAN,Sam and Dave,Stax,12,2,
1967,47,5,33,DAYDREAM BELIEVER,The Monkees,Colgems,2,5,
1967,47,6,6,PLEASE LOVE ME FOREVER,Bobby Vinton,Epic,9,6,
1967,47,7,8,I SAY A LITTLE PRAYER,Dionne Warwick,Scepter,6,7,
1967,47,8,5,IT MUST BE HIM,Vikki Carr,Liberty,13,3,
1967,47,9,10,I CAN SEE FOR MILES,The Who,Decca,7,9,
1967,47,10,9,EXPRESSWAY TO YOUR HEART,The Soul Survivors,Crimson,13,4,
1967,47,11,7,YOUR PRECIOUS LOVE,Marvin Gaye and Tammi Terrell,Tamla,12,5,
1967,47,12,18,PATA PATA,Miriam Makeba,Reprise,8,12,
1967,47,13,13,EVERLASTING LOVE,Robert Knight,Rising Sons,9,13,
1967,47,14,14,(Loneliness Made Me Realize) IT’S YOU THAT I NEED,The Temptations,Gordy,7,14,
1967,47,15,12,LET IT OUT (Let It All Hang Out),The Hombres,Verve Forecast,11,12,
1967,47,16,21,I HEARD IT THROUGH THE GRAPEVINE,Gladys Knight and the Pips,Soul,6,16,
1967,47,17,31,YOU BETTER SIT DOWN KIDS,Cher,Imperial,5,17,
1967,47,18,58,AN OPEN LETTER TO MY TEENAGE SON,Victor Lundberg,Liberty,3,18,
1967,47,19,19,LAZY DAY,Spanky and Our Gang,Mercury,7,19,
1967,47,20,25,BOOGALOO DOWN BROADWAY,The Fantastic Johnny C.,Phil-L.A. Of Soul,8,20,
1967,47,21,26,KEEP THE BALL ROLLIN’,Jay and the Techniques,Smash,6,21,
1967,47,22,22,KENTUCKY WOMAN,Neil Diamond,Bang,7,22,
1967,47,23,29,STAG-O-LEE,Wilson Pickett,Atlantic,4,23,
1967,47,24,24,LIKE AN OLD TIME MOVIE,Scott McKenzie,Ode,6,24,
1967,47,25,20,LADY BIRD,Nancy Sinatra and Lee Hazlewood,Reprise,6,20,
1967,47,26,28,GLAD TO BE UNHAPPY,The Mamas and the Papas,Dunhill,5,26,
1967,47,27,27,SHE IS STILL A MYSTERY,The Lovin’ Spoonful,Kama Sutra,5,27,
1967,47,28,43,I SECOND THAT EMOTION,Smokey Robinson and the Miracles,Tamla,4,28,
1967,47,29,47,IN AND OUT OF LOVE,Diana Ross and the Supremes,Motown,3,29,
1967,47,30,39,WATCH THE FLOWERS GROW,The Four Seasons,Philips,5,30,
1967,47,31,17,LOVE IS STRANGE,Peaches and Herb,Date,9,13,
1967,47,32,35,WILD HONEY,The Beach Boys,Capitol,4,32,
1967,47,33,11,A NATURAL WOMAN (You Make Me Feel Like),Aretha Franklin,Atlantic,9,8,
1967,47,34,45,SKINNY LEGS AND ALL,Joe Tex,Dial,5,34,
1967,47,35,36,"BEG, BORROW AND STEAL",The Ohio Express,Cameo,8,35,
1967,47,36,38,BACK ON THE STREET AGAIN,The Sunshine Company,Imperial,6,36,
1967,47,37,52,(The Lights Went Out In) MASSACHUSETTS,The Bee Gees,Atco,3,37,
1967,47,38,42,MR. DREAM MERCHANT,Jerry Butler,Mercury,6,38,
1967,47,39,49,BY THE TIME I GET TO PHOENIX,Glen Campbell,Capitol,5,39,
1967,47,40,41,GET IT TOGETHER (Part 1),James Brown and the Famous Flames,King,5,40,
1967,47,42,30,GET ON UP,The Esquires,Bunky,15,11,
1967,47,45,16,HOLIDAY,The Bee Gees,Atco,9,16,
1967,47,46,37,THE LETTER,The Box Tops,Mala,16,1,
1967,47,49,23,I’M WONDERING,Stevie Wonder,Tamla,8,12,
1967,47,50,15,NEVER MY LOVE,The Association,Warner Brothers,14,2,
1967,47,51,34,HOMBURG,Procol Harum,A&M,5,34,
1967,47,41,51,YESTERDAY,Ray Charles,ABC/TRC,3,41,
1967,47,43,46,OUT OF THE BLUE,Tommy James and the Shondells,Roulette,5,43,
1967,47,44,55,SHE’S MY GIRL,The Turtles,White Whale,3,44,
1967,47,47,62,NEON RAINBOW,The Box Tops,Mala,3,47,
1967,47,48,60,PAPER CUP,The 5th Dimension,Soul City,4,48,
1967,48,1,5,DAYDREAM BELIEVER,The Monkees,Colgems,3,1,1 week at #1
1967,48,2,3,"THE RAIN, THE PARK AND OTHER THINGS",The Cowsills,MGM,10,2,
1967,48,3,1,INCENSE AND PEPPERMINTS,Strawberry Alarm Clock,Uni,10,1,
1967,48,4,2,TO SIR WITH LOVE,Lulu,Epic,13,1,
1967,48,5,7,I SAY A LITTLE PRAYER,Dionne Warwick,Scepter,7,5,
1967,48,6,6,PLEASE LOVE ME FOREVER,Bobby Vinton,Epic,10,6,
1967,48,7,4,SOUL MAN,Sam and Dave,Stax,13,2,
1967,48,8,16,I HEARD IT THROUGH THE GRAPEVINE,Gladys Knight and the Pips,Soul,7,8,
1967,48,9,9,I CAN SEE FOR MILES,The Who,Decca,8,9,
1967,48,10,18,AN OPEN LETTER TO MY TEENAGE SON,Victor Lundberg,Liberty,4,10,
1967,48,11,28,I SECOND THAT EMOTION,Smokey Robinson and the Miracles,Tamla,5,11,
1967,48,12,17,YOU BETTER SIT DOWN KIDS,Cher,Imperial,6,12,
1967,48,13,29,IN AND OUT OF LOVE,Diana Ross and the Supremes,Motown,4,13,
1967,48,14,19,LAZY DAY,Spanky and Our Gang,Mercury,8,14,
1967,48,15,20,BOOGALOO DOWN BROADWAY,The Fantastic Johnny C.,Phil-L.A. Of Soul,9,15,
1967,48,16,21,KEEP THE BALL ROLLIN’,Jay and the Techniques,Smash,7,16,
1967,48,17,13,EVERLASTING LOVE,Robert Knight,Rising Sons,10,13,
1967,48,18,10,EXPRESSWAY TO YOUR HEART,The Soul Survivors,Crimson,14,4,
1967,48,19,12,PATA PATA,Miriam Makeba,Reprise,9,12,
1967,48,20,37,(The Lights Went Out In) MASSACHUSETTS,The Bee Gees,Atco,4,20,
1967,48,21,8,IT MUST BE HIM,Vikki Carr,Liberty,14,3,
1967,48,22,23,STAG-O-LEE,Wilson Pickett,Atlantic,5,22,
1967,48,23,15,LET IT OUT (Let It All Hang Out),The Hombres,Verve Forecast,12,12,
1967,48,24,44,SHE’S MY GIRL,The Turtles,White Whale,4,24,
1967,48,25,41,YESTERDAY,Ray Charles,ABC/TRC,4,25,
1967,48,26,34,SKINNY LEGS AND ALL,Joe Tex,Dial,6,26,
1967,48,27,14,(Loneliness Made Me Realize) IT’S YOU THAT I NEED,The Temptations,Gordy,8,14,
1967,48,28,39,BY THE TIME I GET TO PHOENIX,Glen Campbell,Capitol,6,28,
1967,48,29,35,"BEG, BORROW AND STEAL",The Ohio Express,Cameo,9,29,
1967,48,30,30,WATCH THE FLOWERS GROW,The Four Seasons,Philips,6,30,
1967,48,31,32,WILD HONEY,The Beach Boys,Capitol,5,31,
1967,48,32,59,"WOMAN, WOMAN",The Union Gap Featuring Gary Puckett,Columbia,3,32,
1967,48,33,22,KENTUCKY WOMAN,Neil Diamond,Bang,8,22,
1967,48,34,26,GLAD TO BE UNHAPPY,The Mamas and the Papas,Dunhill,6,26,
1967,48,35,55,HONEY CHILE,Martha Reeves and the Vandellas,Gordy,3,35,
1967,48,36,36,BACK ON THE STREET AGAIN,The Sunshine Company,Imperial,7,36,
1967,48,37,47,NEON RAINBOW,The Box Tops,Mala,4,37,
1967,48,38,38,MR. DREAM MERCHANT,Jerry Butler,Mercury,7,38,
1967,48,39,11,YOUR PRECIOUS LOVE,Marvin Gaye and Tammi Terrell,Tamla,13,5,
1967,48,40,58,SUMMER RAIN,Johnny Rivers,Imperial,3,40,
1967,48,41,27,SHE IS STILL A MYSTERY,The Lovin’ Spoonful,Kama Sutra,6,27,
1967,48,42,24,LIKE AN OLD TIME MOVIE,Scott McKenzie,Ode,7,24,
1967,48,54,40,GET IT TOGETHER (Part 1),James Brown and the Famous Flames,King,6,40,
1967,48,43,54,DIFFERENT DRUM,The Stone Poneys Featuring Linda Ronstadt,Capitol,4,43,
1967,48,44,48,PAPER CUP,The 5th Dimension,Soul City,5,44,
1967,48,46,74,WEAR YOUR LOVE LIKE HEAVEN,Donovan,Epic,2,46,
1967,48,47,57,NEXT PLANE TO LONDON,The Rose Garden,Atco,7,47,
1967,48,48,61,BEAUTIFUL PEOPLE,Bobby Vee and the Strangers,Liberty,3,48,
1967,48,49,52,SOUL MAN,Ramsey Lewis,Cadet,4,49,
1967,48,50,60,BEAUTIFUL PEOPLE,Kenny O’Dell,Vegas,3,50,
1967,49,1,1,DAYDREAM BELIEVER,The Monkees,Colgems,4,1,2 weeks at #1
1967,49,2,2,"THE RAIN, THE PARK AND OTHER THINGS",The Cowsills,MGM,11,2,
1967,49,3,3,INCENSE AND PEPPERMINTS,Strawberry Alarm Clock,Uni,11,1,
1967,49,4,5,I SAY A LITTLE PRAYER,Dionne Warwick,Scepter,8,4,
1967,49,5,8,I HEARD IT THROUGH THE GRAPEVINE,Gladys Knight and the Pips,Soul,8,5,
1967,49,6,4,TO SIR WITH LOVE,Lulu,Epic,14,1,
1967,49,7,11,I SECOND THAT EMOTION,Smokey Robinson and the Miracles,Tamla,6,7,
1967,49,8,45,HELLO GOODBYE,The Beatles,Capitol,2,8,
1967,49,9,13,IN AND OUT OF LOVE,Diana Ross and the Supremes,Motown,5,9,
1967,49,10,10,AN OPEN LETTER TO MY TEENAGE SON,Victor Lundberg,Liberty,5,10,
1967,49,11,20,(The Lights Went Out In) MASSACHUSETTS,The Bee Gees,Atco,5,11,
1967,49,12,12,YOU BETTER SIT DOWN KIDS,Cher,Imperial,7,12,
1967,49,13,15,BOOGALOO DOWN BROADWAY,The Fantastic Johnny C.,Phil-L.A. Of Soul,10,13,
1967,49,14,9,I CAN SEE FOR MILES,The Who,Decca,9,9,
1967,49,15,16,KEEP THE BALL ROLLIN’,Jay and the Techniques,Smash,8,15,
1967,49,16,6,PLEASE LOVE ME FOREVER,Bobby Vinton,Epic,11,6,
1967,49,17,7,SOUL MAN,Sam and Dave,Stax,14,2,
1967,49,18,14,LAZY DAY,Spanky and Our Gang,Mercury,9,14,
1967,49,19,19,PATA PATA,Miriam Makeba,Reprise,10,12,
1967,49,20,26,SKINNY LEGS AND ALL,Joe Tex,Dial,7,20,
1967,49,21,24,SHE’S MY GIRL,The Turtles,White Whale,5,21,
1967,49,22,32,"WOMAN, WOMAN",The Union Gap Featuring Gary Puckett,Columbia,4,22,
1967,49,23,17,EVERLASTING LOVE,Robert Knight,Rising Sons,11,13,
1967,49,24,37,NEON RAINBOW,The Box Tops,Mala,5,24,
1967,49,25,25,YESTERDAY,Ray Charles,ABC/TRC,5,25,
1967,49,26,40,SUMMER RAIN,Johnny Rivers,Imperial,4,26,
1967,49,27,28,BY THE TIME I GET TO PHOENIX,Glen Campbell,Capitol,7,27,
1967,49,28,18,EXPRESSWAY TO YOUR HEART,The Soul Survivors,Crimson,15,4,
1967,49,29,29,"BEG, BORROW AND STEAL",The Ohio Express,Cameo,10,29,
1967,49,30,35,HONEY CHILE,Martha Reeves and the Vandellas,Gordy,4,30,
1967,49,31,31,WILD HONEY,The Beach Boys,Capitol,6,31,
1967,49,32,30,WATCH THE FLOWERS GROW,The Four Seasons,Philips,7,30,
1967,49,33,43,DIFFERENT DRUM,The Stone Poneys Featuring Linda Ronstadt,Capitol,5,33,
1967,49,34,44,PAPER CUP,The 5th Dimension,Soul City,6,34,
1967,49,35,27,(Loneliness Made Me Realize) IT’S YOU THAT I NEED,The Temptations,Gordy,9,14,
1967,49,36,46,WEAR YOUR LOVE LIKE HEAVEN,Donovan,Epic,3,36,
1967,49,37,47,NEXT PLANE TO LONDON,The Rose Garden,Atco,8,37,
1967,49,38,22,STAG-O-LEE,Wilson Pickett,Atlantic,6,22,
1967,49,39,23,LET IT OUT (Let It All Hang Out),The Hombres,Verve Forecast,13,12,
1967,49,40,21,IT MUST BE HIM,Vikki Carr,Liberty,15,3,
1967,49,63,34,GLAD TO BE UNHAPPY,The Mamas and the Papas,Dunhill,7,26,
1967,49,41,73,"BEND ME, SHAPE ME",The American Breed,Acta,2,41,
1967,49,42,53,PEACE OF MIND,Paul Revere and the Raiders Featuring Mark Lindsay,Columbia,4,42,
1967,49,43,48,BEAUTIFUL PEOPLE,Bobby Vee and the Strangers,Liberty,4,43,
1967,49,44,50,BEAUTIFUL PEOPLE,Kenny O’Dell,Vegas,4,44,
1967,49,45,55,AND GET AWAY,The Esquires,Bunky,3,45,
1967,49,46,58,SINCE YOU SHOWED ME HOW TO BE HAPPY,Jackie Wilson,Brunswick,3,46,
1967,49,47,65,IF I COULD BUILD MY WHOLE WORLD AROUND YOU,Marvin Gaye and Tammi Terrell,Tamla,2,47,
1967,49,48,52,CHATTANOOGA CHOO CHOO,Harpers Bizarre,Warner Brothers,4,48,
1967,49,49,49,SOUL MAN,Ramsey Lewis,Cadet,5,49,
1967,49,50,57,WHAT’S IT GONNA BE,Dusty Springfield,Philips,4,50,
1967,50,1,1,DAYDREAM BELIEVER,The Monkees,Colgems,5,1,3 weeks at #1
1967,50,2,5,I HEARD IT THROUGH THE GRAPEVINE,Gladys Knight and the Pips,Soul,9,2,
1967,50,3,8,HELLO GOODBYE,The Beatles,Capitol,3,3,
1967,50,4,7,I SECOND THAT EMOTION,Smokey Robinson and the Miracles,Tamla,7,4,
1967,50,5,2,"THE RAIN, THE PARK AND OTHER THINGS",The Cowsills,MGM,12,2,
1967,50,6,3,INCENSE AND PEPPERMINTS,Strawberry Alarm Clock,Uni,12,1,
1967,50,7,4,I SAY A LITTLE PRAYER,Dionne Warwick,Scepter,9,4,
1967,50,8,13,BOOGALOO DOWN BROADWAY,The Fantastic Johnny C.,Phil-L.A. Of Soul,11,8,
1967,50,9,9,IN AND OUT OF LOVE,Diana Ross and the Supremes,Motown,6,9,
1967,50,10,12,YOU BETTER SIT DOWN KIDS,Cher,Imperial,8,10,
1967,50,11,11,(The Lights Went Out In) MASSACHUSETTS,The Bee Gees,Atco,6,11,
1967,50,12,22,"WOMAN, WOMAN",The Union Gap Featuring Gary Puckett,Columbia,5,12,
1967,50,13,6,TO SIR WITH LOVE,Lulu,Epic,15,1,
1967,50,14,15,KEEP THE BALL ROLLIN’,Jay and the Techniques,Smash,9,14,
1967,50,15,20,SKINNY LEGS AND ALL,Joe Tex,Dial,8,15,
1967,50,16,21,SHE’S MY GIRL,The Turtles,White Whale,6,16,
1967,50,17,30,HONEY CHILE,Martha Reeves and the Vandellas,Gordy,5,17,
1967,50,18,18,LAZY DAY,Spanky and Our Gang,Mercury,10,14,
1967,50,19,26,SUMMER RAIN,Johnny Rivers,Imperial,5,19,
1967,50,20,16,PLEASE LOVE ME FOREVER,Bobby Vinton,Epic,12,6,
1967,50,21,14,I CAN SEE FOR MILES,The Who,Decca,10,9,
1967,50,22,10,AN OPEN LETTER TO MY TEENAGE SON,Victor Lundberg,Liberty,6,10,
1967,50,23,41,"BEND ME, SHAPE ME",The American Breed,Acta,3,23,
1967,50,24,24,NEON RAINBOW,The Box Tops,Mala,6,24,
1967,50,25,25,YESTERDAY,Ray Charles,ABC/TRC,6,25,
1967,50,26,27,BY THE TIME I GET TO PHOENIX,Glen Campbell,Capitol,8,26,
1967,50,27,55,JUDY IN DISGUISE (With Glasses),John Fred and His Playboy Band,Paula,4,27,
1967,50,28,33,DIFFERENT DRUM,The Stone Poneys Featuring Linda Ronstadt,Capitol,6,28,
1967,50,29,66,CHAIN OF FOOLS,Aretha Franklin,Atlantic,2,29,
1967,50,30,37,NEXT PLANE TO LONDON,The Rose Garden,Atco,9,30,
1967,50,31,29,"BEG, BORROW AND STEAL",The Ohio Express,Cameo,11,29,
1967,50,32,19,PATA PATA,Miriam Makeba,Reprise,11,12,
1967,50,33,47,IF I COULD BUILD MY WHOLE WORLD AROUND YOU,Marvin Gaye and Tammi Terrell,Tamla,3,33,
1967,50,34,45,AND GET AWAY,The Esquires,Bunky,4,34,
1967,50,35,46,SINCE YOU SHOWED ME HOW TO BE HAPPY,Jackie Wilson,Brunswick,4,35,
1967,50,36,36,WEAR YOUR LOVE LIKE HEAVEN,Donovan,Epic,4,36,
1967,50,37,43,BEAUTIFUL PEOPLE,Bobby Vee and the Strangers,Liberty,5,37,
1967,50,38,44,BEAUTIFUL PEOPLE,Kenny O’Dell,Vegas,5,38,
1967,50,39,23,EVERLASTING LOVE,Robert Knight,Rising Sons,12,13,
1967,50,40,51,BABY YOU GOT IT,Brenton Wood,Double Shot,4,40,
1967,50,44,34,PAPER CUP,The 5th Dimension,Soul City,7,34,
1967,50,47,17,SOUL MAN,Sam and Dave,Stax,15,2,
1967,50,41,52,TOO MUCH OF NOTHING,"Peter, Paul and Mary",Warner Brothers,4,41,
1967,50,42,42,PEACE OF MIND,Paul Revere and the Raiders Featuring Mark Lindsay,Columbia,5,42,
1967,50,43,68,IT’S WONDERFUL,The Young Rascals,Atlantic,2,43,
1967,50,45,48,CHATTANOOGA CHOO CHOO,Harpers Bizarre,Warner Brothers,5,45,
1967,50,46,53,COME SEE ABOUT ME,Jr. Walker and the All Stars,Soul,4,46,
1967,50,48,74,SUSAN,The Buckinghams,Columbia,2,48,
1967,50,49,60,COVER ME,Percy Sledge,Atlantic,4,49,
1967,50,50,50,WHAT’S IT GONNA BE,Dusty Springfield,Philips,5,50,
1967,51,1,1,DAYDREAM BELIEVER,The Monkees,Colgems,6,1,4 weeks at #1
1967,51,2,2,I HEARD IT THROUGH THE GRAPEVINE,Gladys Knight and the Pips,Soul,10,2,
1967,51,3,3,HELLO GOODBYE,The Beatles,Capitol,4,3,
1967,51,4,4,I SECOND THAT EMOTION,Smokey Robinson and the Miracles,Tamla,8,4,
1967,51,5,12,"WOMAN, WOMAN",The Union Gap Featuring Gary Puckett,Columbia,6,5,
1967,51,6,5,"THE RAIN, THE PARK AND OTHER THINGS",The Cowsills,MGM,13,2,
1967,51,7,8,BOOGALOO DOWN BROADWAY,The Fantastic Johnny C.,Phil-L.A. Of Soul,12,7,
1967,51,8,6,INCENSE AND PEPPERMINTS,Strawberry Alarm Clock,Uni,13,1,
1967,51,9,10,YOU BETTER SIT DOWN KIDS,Cher,Imperial,9,9,
1967,51,10,7,I SAY A LITTLE PRAYER,Dionne Warwick,Scepter,10,4,
1967,51,11,27,JUDY IN DISGUISE (With Glasses),John Fred and His Playboy Band,Paula,5,11,
1967,51,12,9,IN AND OUT OF LOVE,Diana Ross and the Supremes,Motown,7,9,
1967,51,13,23,"BEND ME, SHAPE ME",The American Breed,Acta,4,13,
1967,51,14,16,SHE’S MY GIRL,The Turtles,White Whale,7,14,
1967,51,15,15,SKINNY LEGS AND ALL,Joe Tex,Dial,9,15,
1967,51,16,17,HONEY CHILE,Martha Reeves and the Vandellas,Gordy,6,16,
1967,51,17,29,CHAIN OF FOOLS,Aretha Franklin,Atlantic,3,17,
1967,51,18,19,SUMMER RAIN,Johnny Rivers,Imperial,6,18,
1967,51,19,14,KEEP THE BALL ROLLIN’,Jay and the Techniques,Smash,10,14,
1967,51,20,11,(The Lights Went Out In) MASSACHUSETTS,The Bee Gees,Atco,7,11,
1967,51,21,13,TO SIR WITH LOVE,Lulu,Epic,16,1,
1967,51,22,30,NEXT PLANE TO LONDON,The Rose Garden,Atco,10,22,
1967,51,23,33,IF I COULD BUILD MY WHOLE WORLD AROUND YOU,Marvin Gaye and Tammi Terrell,Tamla,4,23,
1967,51,24,24,NEON RAINBOW,The Box Tops,Mala,7,24,
1967,51,25,21,I CAN SEE FOR MILES,The Who,Decca,11,9,
1967,51,26,28,DIFFERENT DRUM,The Stone Poneys Featuring Linda Ronstadt,Capitol,7,26,
1967,51,27,20,PLEASE LOVE ME FOREVER,Bobby Vinton,Epic,13,6,
1967,51,28,36,WEAR YOUR LOVE LIKE HEAVEN,Donovan,Epic,5,28,
1967,51,29,34,AND GET AWAY,The Esquires,Bunky,5,29,
1967,51,30,26,BY THE TIME I GET TO PHOENIX,Glen Campbell,Capitol,9,26,
1967,51,31,43,IT’S WONDERFUL,The Young Rascals,Atlantic,3,31,
1967,51,32,35,SINCE YOU SHOWED ME HOW TO BE HAPPY,Jackie Wilson,Brunswick,5,32,
1967,51,33,68,GREEN TAMBOURINE,The Lemon Pipers,Buddah,2,33,
1967,51,34,48,SUSAN,The Buckinghams,Columbia,3,34,
1967,51,35,40,BABY YOU GOT IT,Brenton Wood,Double Shot,5,35,
1967,51,36,46,COME SEE ABOUT ME,Jr. Walker and the All Stars,Soul,5,36,
1967,51,37,37,BEAUTIFUL PEOPLE,Bobby Vee and the Strangers,Liberty,6,37,
1967,51,38,38,BEAUTIFUL PEOPLE,Kenny O’Dell,Vegas,6,38,
1967,51,39,41,TOO MUCH OF NOTHING,"Peter, Paul and Mary",Warner Brothers,5,39,
1967,51,40,18,LAZY DAY,Spanky and Our Gang,Mercury,11,14,
1967,51,43,31,"BEG, BORROW AND STEAL",The Ohio Express,Cameo,12,29,
1967,51,54,25,YESTERDAY,Ray Charles,ABC/TRC,7,25,
1967,51,41,52,THE OTHER MAN’S GRASS IS ALWAYS GREENER,Petula Clark,Warner Brothers,4,41,
1967,51,42,42,PEACE OF MIND,Paul Revere and the Raiders Featuring Mark Lindsay,Columbia,6,42,
1967,51,44,55,WINDY,Wes Montgomery,A&M,5,44,
1967,51,45,45,CHATTANOOGA CHOO CHOO,Harpers Bizarre,Warner Brothers,6,45,
1967,51,46,56,IN THE MISTY MOONLIGHT,Dean Martin,Reprise,4,46,
1967,51,47,49,COVER ME,Percy Sledge,Atlantic,5,47,
1967,51,48,59,LOVE ME TWO TIMES,The Doors,Elektra,3,48,
1967,51,49,50,WHAT’S IT GONNA BE,Dusty Springfield,Philips,6,49,
1967,51,50,51,TELL MAMA,Etta James,Cadet,7,50,
1967,52,1,3,HELLO GOODBYE,The Beatles,Capitol,5,1,1 week at #1
1967,52,2,2,I HEARD IT THROUGH THE GRAPEVINE,Gladys Knight and the Pips,Soul,10,2,
1967,52,3,1,DAYDREAM BELIEVER,The Monkees,Colgems,7,1,
1967,52,4,4,I SECOND THAT EMOTION,Smokey Robinson and the Miracles,Tamla,9,4,
1967,52,5,5,"WOMAN, WOMAN",The Union Gap Featuring Gary Puckett,Columbia,7,5,
1967,52,6,11,JUDY IN DISGUISE (With Glasses),John Fred and His Playboy Band,Paula,6,6,
1967,52,7,17,CHAIN OF FOOLS,Aretha Franklin,Atlantic,4,7,
1967,52,8,13,"BEND ME, SHAPE ME",The American Breed,Acta,5,8,
1967,52,9,7,BOOGALOO DOWN BROADWAY,The Fantastic Johnny C.,Phil-L.A. Of Soul,13,7,
1967,52,10,15,SKINNY LEGS AND ALL,Joe Tex,Dial,10,10,
1967,52,11,16,HONEY CHILE,Martha Reeves and the Vandellas,Gordy,7,11,
1967,52,12,9,YOU BETTER SIT DOWN KIDS,Cher,Imperial,10,9,
1967,52,13,8,INCENSE AND PEPPERMINTS,Strawberry Alarm Clock,Uni,14,1,
1967,52,14,6,"THE RAIN, THE PARK AND OTHER THINGS",The Cowsills,MGM,14,2,
1967,52,15,18,SUMMER RAIN,Johnny Rivers,Imperial,7,15,
1967,52,16,10,I SAY A LITTLE PRAYER,Dionne Warwick,Scepter,11,4,
1967,52,17,22,NEXT PLANE TO LONDON,The Rose Garden,Atco,11,17,
1967,52,18,23,IF I COULD BUILD MY WHOLE WORLD AROUND YOU,Marvin Gaye and Tammi Terrell,Tamla,5,18,
1967,52,19,26,DIFFERENT DRUM,The Stone Poneys Featuring Linda Ronstadt,Capitol,8,19,
1967,52,20,14,SHE’S MY GIRL,The Turtles,White Whale,8,14,
1967,52,21,12,IN AND OUT OF LOVE,Diana Ross and the Supremes,Motown,8,9,
1967,52,22,29,AND GET AWAY,The Esquires,Bunky,6,22,
1967,52,23,28,WEAR YOUR LOVE LIKE HEAVEN,Donovan,Epic,6,23,
1967,52,24,24,NEON RAINBOW,The Box Tops,Mala,8,24,
1967,52,25,33,GREEN TAMBOURINE,The Lemon Pipers,Buddah,3,25,
1967,52,26,31,IT’S WONDERFUL,The Young Rascals,Atlantic,4,26,
1967,52,27,20,(The Lights Went Out In) MASSACHUSETTS,The Bee Gees,Atco,8,11,
1967,52,28,19,KEEP THE BALL ROLLIN’,Jay and the Techniques,Smash,11,14,
1967,52,29,34,SUSAN,The Buckinghams,Columbia,4,29,
1967,52,30,36,COME SEE ABOUT ME,Jr. Walker and the All Stars,Soul,6,30,
1967,52,31,41,THE OTHER MAN’S GRASS IS ALWAYS GREENER,Petula Clark,Warner Brothers,5,31,
1967,52,32,64,MONTEREY,Eric Burdon and the Animals,MGM,3,32,
1967,52,33,30,BY THE TIME I GET TO PHOENIX,Glen Campbell,Capitol,10,26,
1967,52,34,35,BABY YOU GOT IT,Brenton Wood,Double Shot,6,34,
1967,52,35,39,TOO MUCH OF NOTHING,"Peter, Paul and Mary",Warner Brothers,6,35,
1967,52,36,51,WHO WILL ANSWER,Ed Ames,RCA Victor,3,36,
1967,52,37,55,I CAN’T STAND MYSELF (When You Touch Me),James Brown and the Famous Flames,King,4,37,
1967,52,38,48,LOVE ME TWO TIMES,The Doors,Elektra,4,38,
1967,52,39,21,TO SIR WITH LOVE,Lulu,Epic,17,1,
1967,52,40,50,TELL MAMA,Etta James,Cadet,8,40,
1967,52,41,32,SINCE YOU SHOWED ME HOW TO BE HAPPY,Jackie Wilson,Brunswick,6,32,
1967,52,55,38,BEAUTIFUL PEOPLE,Kenny O’Dell,Vegas,7,38,
1967,52,57,37,BEAUTIFUL PEOPLE,Bobby Vee and the Strangers,Liberty,7,37,
1967,52,42,52,LOVE POWER,The Sandpebbles,Calla,6,42,
1967,52,43,47,COVER ME,Percy Sledge,Atlantic,6,43,
1967,52,44,44,WINDY,Wes Montgomery,A&M,6,44,
1967,52,45,57,I’M IN LOVE,Wilson Pickett,Atlantic,5,45,
1967,52,46,46,IN THE MISTY MOONLIGHT,Dean Martin,Reprise,5,46,
1967,52,47,58,BEST OF BOTH WORLDS,Lulu,Epic,3,47,
1967,52,48,59,GOIN’ OUT OF MY HEAD/CAN’T TAKE MY EYES OFF YOU (Medley),The Lettermen,Capitol,4,48,
1967,52,49,49,WHAT’S IT GONNA BE,Dusty Springfield,Philips,7,49,
1967,52,50,60,DEAR ELOISE,The Hollies,Epic,5,50,
