YEAR,WEEK,TW,LW,TITLE,ARTIST,LABEL,WEEKS_ON_CHART,PEAK_POSITION,WEEKS_AT_1
1968,1,3,6,JUDY IN DISGUISE (With Glasses),John Fred and His Playboy Band,Paula,7,3,
1968,1,4,2,I HEARD IT THROUGH THE GRAPEVINE,Gladys Knight and the Pips,Soul,11,2,
1968,1,5,5,"WOMAN, WOMAN",The Union Gap Featuring Gary Puckett,Columbia,8,5,
1968,1,8,8,"BEND ME, SHAPE ME",The American Breed,Acta,6,8,
1968,1,9,9,BOOGALOO DOWN BROADWAY,The Fantastic Johnny C.,Phil-L.A. Of Soul,14,7,
1968,1,12,25,GREEN TAMBOURINE,The Lemon Pipers,Buddah,4,12,
1968,1,15,13,INCENSE AND PEPPERMINTS,Strawberry Alarm Clock,Uni,15,1,
1968,1,16,12,YOU BETTER SIT DOWN KIDS,Cher,Imperial,11,9,
1968,1,17,17,NEXT PLANE TO LONDON,The Rose Garden,Atco,12,17,
1968,1,19,14,"THE RAIN, THE PARK AND OTHER THINGS",The Cowsills,MGM,15,2,
1968,1,20,16,I SAY A LITTLE PRAYER,Dionne Warwick,Scepter,12,4,
1968,1,21,29,SUSAN,The Buckinghams,Columbia,5,21,
1968,1,22,22,AND GET AWAY,The Esquires,Bunky,7,22,
1968,1,25,26,IT’S WONDERFUL,The Young Rascals,Atlantic,5,25,
1968,1,27,36,WHO WILL ANSWER,Ed Ames,RCA Victor,4,27,
1968,1,31,31,THE OTHER MAN’S GRASS IS ALWAYS GREENER,Petula Clark,Warner Brothers,6,31,
1968,1,32,42,LOVE POWER,The Sandpebbles,Calla,7,32,
1968,1,34,28,KEEP THE BALL ROLLIN’,Jay and the Techniques,Smash,12,14,
1968,1,35,62,NOBODY BUT ME,The Human Beinz,Capitol,5,35,
1968,1,36,33,BY THE TIME I GET TO PHOENIX,Glen Campbell,Capitol,11,26,
1968,1,37,47,BEST OF BOTH WORLDS,Lulu,Epic,4,37,
1968,1,38,48,GOIN’ OUT OF MY HEAD/CAN’T TAKE MY EYES OFF YOU (Medley),The Lettermen,Capitol,5,38,
1968,1,39,54,AM I THAT EASY TO FORGET,Engelbert Humperdinck,Parrot,4,39,
1968,1,55,24,NEON RAINBOW,The Box Tops,Mala,9,24,
1968,1,61,35,TOO MUCH OF NOTHING,"Peter, Paul and Mary",Warner Brothers,7,35,
1968,1,68,34,BABY YOU GOT IT,Brenton Wood,Double Shot,7,34,
1968,1,41,56,TWO LITTLE KIDS,Peaches and Herb,Date,4,41,
1968,1,43,53,ITCHYCOO PARK,The Small Faces,Immediate,9,43,
1968,1,44,44,WINDY,Wes Montgomery,A&M,7,44,
1968,1,46,46,IN THE MISTY MOONLIGHT,Dean Martin,Reprise,6,46,
1968,1,47,70,SPOOKY,The Classics IV,Imperial,3,47,
1968,2,1,1,HELLO GOODBYE,The Beatles,Capitol,7,1,3 weeks at #1
1968,2,2,3,JUDY IN DISGUISE (With Glasses),John Fred and His Playboy Band,Paula,8,2,
1968,2,3,2,DAYDREAM BELIEVER,The Monkees,Colgems,9,1,
1968,2,4,5,"WOMAN, WOMAN",The Union Gap Featuring Gary Puckett,Columbia,9,4,
1968,2,5,4,I HEARD IT THROUGH THE GRAPEVINE,Gladys Knight and the Pips,Soul,12,2,
1968,2,6,7,CHAIN OF FOOLS,Aretha Franklin,Atlantic,6,6,
1968,2,7,8,"BEND ME, SHAPE ME",The American Breed,Acta,7,7,
1968,2,8,6,I SECOND THAT EMOTION,Smokey Robinson and the Miracles,Tamla,11,4,
1968,2,9,12,GREEN TAMBOURINE,The Lemon Pipers,Buddah,5,9,
1968,2,10,10,SKINNY LEGS AND ALL,Joe Tex,Dial,12,10,
1968,2,11,11,HONEY CHILE,Martha Reeves and the Vandellas,Gordy,9,11,
1968,2,12,9,BOOGALOO DOWN BROADWAY,The Fantastic Johnny C.,Phil-L.A. Of Soul,15,7,
1968,2,13,13,IF I COULD BUILD MY WHOLE WORLD AROUND YOU,Marvin Gaye and Tammi Terrell,Tamla,7,13,
1968,2,14,18,DIFFERENT DRUM,The Stone Poneys Featuring Linda Ronstadt,Capitol,10,14,
1968,2,15,24,MONTEREY,Eric Burdon and the Animals,MGM,5,15,
1968,2,16,21,SUSAN,The Buckinghams,Columbia,6,16,
1968,2,17,14,SUMMER RAIN,Johnny Rivers,Imperial,9,14,
1968,2,18,35,NOBODY BUT ME,The Human Beinz,Capitol,6,18,
1968,2,19,27,WHO WILL ANSWER,Ed Ames,RCA Victor,5,19,
1968,2,20,25,IT’S WONDERFUL,The Young Rascals,Atlantic,6,20,
1968,2,21,16,YOU BETTER SIT DOWN KIDS,Cher,Imperial,12,9,
1968,2,22,17,NEXT PLANE TO LONDON,The Rose Garden,Atco,13,17,
1968,2,23,47,SPOOKY,The Classics IV,Imperial,4,23,
1968,2,24,29,COME SEE ABOUT ME,Jr. Walker and the All Stars,Soul,8,24,
1968,2,25,30,LOVE ME TWO TIMES,The Doors,Elektra,6,25,
1968,2,26,40,MY BABY MUST BE A MAGICIAN,The Marvelettes,Tamla,5,26,
1968,2,27,32,LOVE POWER,The Sandpebbles,Calla,8,27,
1968,2,28,28,TELL MAMA,Etta James,Cadet,10,28,
1968,2,29,38,GOIN’ OUT OF MY HEAD/CAN’T TAKE MY EYES OFF YOU (Medley),The Lettermen,Capitol,6,29,
1968,2,30,39,AM I THAT EASY TO FORGET,Engelbert Humperdinck,Parrot,5,30,
1968,2,31,41,TWO LITTLE KIDS,Peaches and Herb,Date,5,31,
1968,2,32,43,ITCHYCOO PARK,The Small Faces,Immediate,10,32,
1968,2,33,33,I CAN’T STAND MYSELF (When You Touch Me),James Brown and the Famous Flames,King,6,33,
1968,2,34,37,BEST OF BOTH WORLDS,Lulu,Epic,5,34,
1968,2,35,26,SHE’S MY GIRL,The Turtles,White Whale,10,14,
1968,2,36,48,SHE’S A RAINBOW,The Rolling Stones,London,3,36,
1968,2,37,15,INCENSE AND PEPPERMINTS,Strawberry Alarm Clock,Uni,16,1,
1968,2,38,52,"BABY, NOW THAT I’VE FOUND YOU",The Foundations,Uni,4,38,
1968,2,40,22,AND GET AWAY,The Esquires,Bunky,8,22,
1968,2,41,19,"THE RAIN, THE PARK AND OTHER THINGS",The Cowsills,MGM,16,2,
1968,2,42,20,I SAY A LITTLE PRAYER,Dionne Warwick,Scepter,13,4,
1968,2,45,31,THE OTHER MAN’S GRASS IS ALWAYS GREENER,Petula Clark,Warner Brothers,7,31,
1968,2,43,54,EXPLOSION (In Your Soul),The Soul Survivors,Crimson,4,43,
1968,2,44,49,EVERYBODY KNOWS,The Dave Clark Five,Epic,5,44,
1968,2,46,60,I WONDER WHAT SHE’S DOING TONITE,Tommy Boyce and Bobby Hart,A&M,4,46,
1968,2,47,57,SKIP A ROPE,Henson Cargill,Monument,4,47,
1968,2,48,59,THE LESSON,Vikki Carr,Liberty,4,48,
1968,2,49,62,TO GIVE (The Reason I Live),Frankie Valli,Philips,3,49,
1968,2,50,50,DEAR ELOISE,The Hollies,Epic,7,50,
1968,3,1,2,JUDY IN DISGUISE (With Glasses),John Fred and His Playboy Band,Paula,9,1,1 week at #1
1968,3,2,6,CHAIN OF FOOLS,Aretha Franklin,Atlantic,7,2,
1968,3,3,1,HELLO GOODBYE,The Beatles,Capitol,8,1,
1968,3,4,4,"WOMAN, WOMAN",The Union Gap Featuring Gary Puckett,Columbia,10,4,
1968,3,5,9,GREEN TAMBOURINE,The Lemon Pipers,Buddah,6,5,
1968,3,6,3,DAYDREAM BELIEVER,The Monkees,Colgems,10,1,
1968,3,7,7,"BEND ME, SHAPE ME",The American Breed,Acta,8,7,
1968,3,8,8,I SECOND THAT EMOTION,Smokey Robinson and the Miracles,Tamla,12,4,
1968,3,9,5,I HEARD IT THROUGH THE GRAPEVINE,Gladys Knight and the Pips,Soul,13,2,
1968,3,10,13,IF I COULD BUILD MY WHOLE WORLD AROUND YOU,Marvin Gaye and Tammi Terrell,Tamla,8,10,
1968,3,11,11,HONEY CHILE,Martha Reeves and the Vandellas,Gordy,10,11,
1968,3,12,10,SKINNY LEGS AND ALL,Joe Tex,Dial,13,10,
1968,3,13,16,SUSAN,The Buckinghams,Columbia,7,13,
1968,3,14,14,DIFFERENT DRUM,The Stone Poneys Featuring Linda Ronstadt,Capitol,11,14,
1968,3,15,15,MONTEREY,Eric Burdon and the Animals,MGM,6,15,
1968,3,16,23,SPOOKY,The Classics IV,Imperial,5,16,
1968,3,17,18,NOBODY BUT ME,The Human Beinz,Capitol,7,17,
1968,3,18,12,BOOGALOO DOWN BROADWAY,The Fantastic Johnny C.,Phil-L.A. Of Soul,16,7,
1968,3,19,19,WHO WILL ANSWER,Ed Ames,RCA Victor,6,19,
1968,3,20,38,"BABY, NOW THAT I’VE FOUND YOU",The Foundations,Uni,5,20,
1968,3,21,32,ITCHYCOO PARK,The Small Faces,Immediate,11,21,
1968,3,22,29,GOIN’ OUT OF MY HEAD/CAN’T TAKE MY EYES OFF YOU (Medley),The Lettermen,Capitol,8,22,
1968,3,23,28,TELL MAMA,Etta James,Cadet,11,23,
1968,3,24,24,COME SEE ABOUT ME,Jr. Walker and the All Stars,Soul,9,24,
1968,3,25,30,AM I THAT EASY TO FORGET,Engelbert Humperdinck,Parrot,6,25,
1968,3,26,26,MY BABY MUST BE A MAGICIAN,The Marvelettes,Tamla,6,26,
1968,3,27,27,LOVE POWER,The Sandpebbles,Calla,9,27,
1968,3,28,33,I CAN’T STAND MYSELF (When You Touch Me),James Brown and the Famous Flames,King,7,28,
1968,3,29,39,DARLIN’,The Beach Boys,Capitol,5,29,
1968,3,30,36,SHE’S A RAINBOW,The Rolling Stones,London,4,30,
1968,3,31,31,TWO LITTLE KIDS,Peaches and Herb,Date,6,31,
1968,3,32,34,BEST OF BOTH WORLDS,Lulu,Epic,6,32,
1968,3,33,43,EXPLOSION (In Your Soul),The Soul Survivors,Crimson,5,33,
1968,3,34,20,IT’S WONDERFUL,The Young Rascals,Atlantic,7,20,
1968,3,35,22,NEXT PLANE TO LONDON,The Rose Garden,Atco,14,17,
1968,3,36,17,SUMMER RAIN,Johnny Rivers,Imperial,10,14,
1968,3,37,47,SKIP A ROPE,Henson Cargill,Monument,5,37,
1968,3,38,46,I WONDER WHAT SHE’S DOING TONITE,Tommy Boyce and Bobby Hart,A&M,5,38,
1968,3,39,49,TO GIVE (The Reason I Live),Frankie Valli,Philips,4,39,
1968,3,40,25,LOVE ME TWO TIMES,The Doors,Elektra,7,25,
1968,3,46,21,YOU BETTER SIT DOWN KIDS,Cher,Imperial,13,9,
1968,3,41,51,TOMORROW,Strawberry Alarm Clock,Uni,4,41,
1968,3,42,52,JUST AS MUCH AS EVER,Bobby Vinton,Epic,4,42,
1968,3,43,44,EVERYBODY KNOWS,The Dave Clark Five,Epic,6,43,
1968,3,44,48,THE LESSON,Vikki Carr,Liberty,5,44,
1968,3,45,56,I WISH IT WOULD RAIN,The Temptations,Gordy,2,45,
1968,3,47,84,LOVE IS BLUE,Paul Mauriat and His Orchestra,Philips,3,47,
1968,3,48,61,BOTTLE OF WINE,The Fireballs,Atco,4,48,
1968,3,49,60,SOME VELVET MORNING,Nancy Sinatra and Lee Hazlewood,Reprise,3,49,
1968,3,50,53,I’M IN LOVE,Wilson Pickett,Atlantic,8,45,
1968,4,1,1,JUDY IN DISGUISE (With Glasses),John Fred and His Playboy Band,Paula,10,1,2 weeks at #1
1968,4,2,2,CHAIN OF FOOLS,Aretha Franklin,Atlantic,8,2,
1968,4,3,5,GREEN TAMBOURINE,The Lemon Pipers,Buddah,7,3,
1968,4,4,4,"WOMAN, WOMAN",The Union Gap Featuring Gary Puckett,Columbia,11,4,
1968,4,5,7,"BEND ME, SHAPE ME",The American Breed,Acta,9,5,
1968,4,6,3,HELLO GOODBYE,The Beatles,Capitol,9,1,
1968,4,7,16,SPOOKY,The Classics IV,Imperial,6,7,
1968,4,8,6,DAYDREAM BELIEVER,The Monkees,Colgems,11,1,
1968,4,9,9,I HEARD IT THROUGH THE GRAPEVINE,Gladys Knight and the Pips,Soul,14,2,
1968,4,10,10,IF I COULD BUILD MY WHOLE WORLD AROUND YOU,Marvin Gaye and Tammi Terrell,Tamla,9,10,
1968,4,11,13,SUSAN,The Buckinghams,Columbia,8,11,
1968,4,12,17,NOBODY BUT ME,The Human Beinz,Capitol,8,12,
1968,4,13,14,DIFFERENT DRUM,The Stone Poneys Featuring Linda Ronstadt,Capitol,12,13,
1968,4,14,8,I SECOND THAT EMOTION,Smokey Robinson and the Miracles,Tamla,13,4,
1968,4,15,45,I WISH IT WOULD RAIN,The Temptations,Gordy,3,15,
1968,4,16,21,ITCHYCOO PARK,The Small Faces,Immediate,12,16,
1968,4,17,22,GOIN’ OUT OF MY HEAD/CAN’T TAKE MY EYES OFF YOU (Medley),The Lettermen,Capitol,9,17,
1968,4,18,47,LOVE IS BLUE,Paul Mauriat and His Orchestra,Philips,4,18,
1968,4,19,25,AM I THAT EASY TO FORGET,Engelbert Humperdinck,Parrot,7,19,
1968,4,20,20,"BABY, NOW THAT I’VE FOUND YOU",The Foundations,Uni,6,20,
1968,4,21,26,MY BABY MUST BE A MAGICIAN,The Marvelettes,Tamla,7,21,
1968,4,22,27,LOVE POWER,The Sandpebbles,Calla,10,22,
1968,4,23,23,TELL MAMA,Etta James,Cadet,12,23,
1968,4,24,29,DARLIN’,The Beach Boys,Capitol,6,24,
1968,4,25,30,SHE’S A RAINBOW,The Rolling Stones,London,5,25,
1968,4,26,38,I WONDER WHAT SHE’S DOING TONITE,Tommy Boyce and Bobby Hart,A&M,6,26,
1968,4,27,24,COME SEE ABOUT ME,Jr. Walker and the All Stars,Soul,10,24,
1968,4,28,48,BOTTLE OF WINE,The Fireballs,Atco,5,28,
1968,4,29,41,TOMORROW,Strawberry Alarm Clock,Uni,5,29,
1968,4,30,39,TO GIVE (The Reason I Live),Frankie Valli,Philips,5,30,
1968,4,31,31,TWO LITTLE KIDS,Peaches and Herb,Date,7,31,
1968,4,32,42,JUST AS MUCH AS EVER,Bobby Vinton,Epic,5,32,
1968,4,33,33,EXPLOSION (In Your Soul),The Soul Survivors,Crimson,6,33,
1968,4,34,44,THE LESSON,Vikki Carr,Liberty,6,34,
1968,4,35,37,SKIP A ROPE,Henson Cargill,Monument,6,35,
1968,4,36,28,I CAN’T STAND MYSELF (When You Touch Me),James Brown and the Famous Flames,King,8,28,
1968,4,37,15,MONTEREY,Eric Burdon and the Animals,MGM,7,15,
1968,4,38,11,HONEY CHILE,Martha Reeves and the Vandellas,Gordy,11,11,
1968,4,39,49,SOME VELVET MORNING,Nancy Sinatra and Lee Hazlewood,Reprise,4,39,
1968,4,40,12,SKINNY LEGS AND ALL,Joe Tex,Dial,14,10,
1968,4,42,18,BOOGALOO DOWN BROADWAY,The Fantastic Johnny C.,Phil-L.A. Of Soul,17,7,
1968,4,46,19,WHO WILL ANSWER,Ed Ames,RCA Victor,7,19,
1968,4,54,32,BEST OF BOTH WORLDS,Lulu,Epic,7,32,
1968,4,41,51,SUNDAY MORNIN’,Spanky and Our Gang,Mercury,4,41,
1968,4,43,43,EVERYBODY KNOWS,The Dave Clark Five,Epic,7,43,
1968,4,44,54,WE CAN FLY,The Cowsills,MGM,3,44,
1968,4,45,55,YOU,Marvin Gaye,Tamla,3,45,
1968,4,48,66,I CAN TAKE OR LEAVE YOUR LOVING,Herman’s Hermits,MGM,3,48,
1968,4,49,59,MONEY,The Lovin’ Spoonful,Kama Sutra,4,49,
1968,4,50,60,NO SAD SONGS,Joe Simon,Sound Stage 7,4,50,
1968,5,1,3,GREEN TAMBOURINE,The Lemon Pipers,Buddah,8,1,1 week at #1
1968,5,2,1,JUDY IN DISGUISE (With Glasses),John Fred and His Playboy Band,Paula,11,1,
1968,5,3,2,CHAIN OF FOOLS,Aretha Franklin,Atlantic,9,2,
1968,5,4,7,SPOOKY,The Classics IV,Imperial,7,4,
1968,5,5,5,"BEND ME, SHAPE ME",The American Breed,Acta,10,5,
1968,5,6,4,"WOMAN, WOMAN",The Union Gap Featuring Gary Puckett,Columbia,12,4,
1968,5,7,18,LOVE IS BLUE,Paul Mauriat and His Orchestra,Philips,5,7,
1968,5,8,12,NOBODY BUT ME,The Human Beinz,Capitol,9,8,
1968,5,9,17,GOIN’ OUT OF MY HEAD/CAN’T TAKE MY EYES OFF YOU (Medley),The Lettermen,Capitol,10,9,
1968,5,10,15,I WISH IT WOULD RAIN,The Temptations,Gordy,4,10,
1968,5,11,11,SUSAN,The Buckinghams,Columbia,9,11,
1968,5,12,6,HELLO GOODBYE,The Beatles,Capitol,10,1,
1968,5,13,20,"BABY, NOW THAT I’VE FOUND YOU",The Foundations,Uni,7,13,
1968,5,14,13,DIFFERENT DRUM,The Stone Poneys Featuring Linda Ronstadt,Capitol,13,13,
1968,5,15,9,I HEARD IT THROUGH THE GRAPEVINE,Gladys Knight and the Pips,Soul,15,2,
1968,5,16,16,ITCHYCOO PARK,The Small Faces,Immediate,13,16,
1968,5,17,14,I SECOND THAT EMOTION,Smokey Robinson and the Miracles,Tamla,14,4,
1968,5,18,19,AM I THAT EASY TO FORGET,Engelbert Humperdinck,Parrot,8,18,
1968,5,19,24,DARLIN’,The Beach Boys,Capitol,7,19,
1968,5,20,26,I WONDER WHAT SHE’S DOING TONITE,Tommy Boyce and Bobby Hart,A&M,7,20,
1968,5,21,21,MY BABY MUST BE A MAGICIAN,The Marvelettes,Tamla,8,21,
1968,5,22,28,BOTTLE OF WINE,The Fireballs,Atco,6,22,
1968,5,23,23,TELL MAMA,Etta James,Cadet,13,23,
1968,5,24,8,DAYDREAM BELIEVER,The Monkees,Colgems,12,1,
1968,5,25,22,LOVE POWER,The Sandpebbles,Calla,11,22,
1968,5,26,35,SKIP A ROPE,Henson Cargill,Monument,7,26,
1968,5,27,32,JUST AS MUCH AS EVER,Bobby Vinton,Epic,6,27,
1968,5,28,29,TOMORROW,Strawberry Alarm Clock,Uni,6,28,
1968,5,29,10,IF I COULD BUILD MY WHOLE WORLD AROUND YOU,Marvin Gaye and Tammi Terrell,Tamla,10,10,
1968,5,30,30,TO GIVE (The Reason I Live),Frankie Valli,Philips,6,30,
1968,5,31,41,SUNDAY MORNIN’,Spanky and Our Gang,Mercury,5,31,
1968,5,32,39,SOME VELVET MORNING,Nancy Sinatra and Lee Hazlewood,Reprise,5,32,
1968,5,33,61,(Theme From) VALLEY OF THE DOLLS,Dionne Warwick,Scepter,3,33,
1968,5,34,44,WE CAN FLY,The Cowsills,MGM,4,34,
1968,5,35,45,YOU,Marvin Gaye,Tamla,4,35,
1968,5,36,47,WE’RE A WINNER,The Impressions,ABC,6,36,
1968,5,37,25,SHE’S A RAINBOW,The Rolling Stones,London,6,25,
1968,5,38,48,I CAN TAKE OR LEAVE YOUR LOVING,Herman’s Hermits,MGM,4,38,
1968,5,39,37,MONTEREY,Eric Burdon and the Animals,MGM,8,15,
1968,5,40,33,EXPLOSION (In Your Soul),The Soul Survivors,Crimson,7,33,
1968,5,42,40,SKINNY LEGS AND ALL,Joe Tex,Dial,15,10,
1968,5,43,31,TWO LITTLE KIDS,Peaches and Herb,Date,8,31,
1968,5,44,34,THE LESSON,Vikki Carr,Liberty,7,34,
1968,5,57,36,I CAN’T STAND MYSELF (When You Touch Me),James Brown and the Famous Flames,King,9,28,
1968,5,65,38,HONEY CHILE,Martha Reeves and the Vandellas,Gordy,12,11,
1968,5,75,27,COME SEE ABOUT ME,Jr. Walker and the All Stars,Soul,11,24,
1968,5,41,51,BACK UP TRAIN,Al Greene and the Soul Mates,Hot Line,9,41,
1968,5,45,42,BOOGALOO DOWN BROADWAY,The Fantastic Johnny C.,Phil-L.A. Of Soul,18,7,
1968,5,46,64,WORDS,The Bee Gees,Atco,3,46,
1968,5,47,67,(Sittin’ On) THE DOCK OF THE BAY,Otis Redding,Volt,2,47,
1968,5,48,49,MONEY,The Lovin’ Spoonful,Kama Sutra,5,48,
1968,5,49,50,NO SAD SONGS,Joe Simon,Sound Stage 7,5,49,
1968,5,50,60,STRAWBERRY SHORTCAKE,Jay and the Techniques,Smash,3,50,
1968,6,1,7,LOVE IS BLUE,Paul Mauriat and His Orchestra,Philips,6,1,1 week at #1
1968,6,2,1,GREEN TAMBOURINE,The Lemon Pipers,Buddah,9,1,
1968,6,3,4,SPOOKY,The Classics IV,Imperial,8,3,
1968,6,4,2,JUDY IN DISGUISE (With Glasses),John Fred and His Playboy Band,Paula,12,1,
1968,6,5,3,CHAIN OF FOOLS,Aretha Franklin,Atlantic,10,2,
1968,6,6,10,I WISH IT WOULD RAIN,The Temptations,Gordy,5,6,
1968,6,7,9,GOIN’ OUT OF MY HEAD/CAN’T TAKE MY EYES OFF YOU (Medley),The Lettermen,Capitol,11,7,
1968,6,8,8,NOBODY BUT ME,The Human Beinz,Capitol,10,8,
1968,6,9,6,"WOMAN, WOMAN",The Union Gap Featuring Gary Puckett,Columbia,13,4,
1968,6,10,5,"BEND ME, SHAPE ME",The American Breed,Acta,11,5,
1968,6,11,11,SUSAN,The Buckinghams,Columbia,10,11,
1968,6,12,13,"BABY, NOW THAT I’VE FOUND YOU",The Foundations,Uni,8,12,
1968,6,13,20,I WONDER WHAT SHE’S DOING TONITE,Tommy Boyce and Bobby Hart,A&M,8,13,
1968,6,14,22,BOTTLE OF WINE,The Fireballs,Atco,7,14,
1968,6,15,33,(Theme From) VALLEY OF THE DOLLS,Dionne Warwick,Scepter,4,15,
1968,6,16,16,ITCHYCOO PARK,The Small Faces,Immediate,14,16,
1968,6,17,21,MY BABY MUST BE A MAGICIAN,The Marvelettes,Tamla,9,17,
1968,6,18,18,AM I THAT EASY TO FORGET,Engelbert Humperdinck,Parrot,9,18,
1968,6,19,19,DARLIN’,The Beach Boys,Capitol,8,19,
1968,6,20,14,DIFFERENT DRUM,The Stone Poneys Featuring Linda Ronstadt,Capitol,14,13,
1968,6,21,34,WE CAN FLY,The Cowsills,MGM,5,21,
1968,6,22,38,I CAN TAKE OR LEAVE YOUR LOVING,Herman’s Hermits,MGM,5,22,
1968,6,23,28,TOMORROW,Strawberry Alarm Clock,Uni,7,23,
1968,6,24,27,JUST AS MUCH AS EVER,Bobby Vinton,Epic,7,24,
1968,6,25,26,SKIP A ROPE,Henson Cargill,Monument,8,25,
1968,6,26,32,SOME VELVET MORNING,Nancy Sinatra and Lee Hazlewood,Reprise,6,26,
1968,6,27,36,WE’RE A WINNER,The Impressions,ABC,7,27,
1968,6,28,47,(Sittin’ On) THE DOCK OF THE BAY,Otis Redding,Volt,3,28,
1968,6,29,30,TO GIVE (The Reason I Live),Frankie Valli,Philips,7,29,
1968,6,30,31,SUNDAY MORNIN’,Spanky and Our Gang,Mercury,6,30,
1968,6,31,12,HELLO GOODBYE,The Beatles,Capitol,11,1,
1968,6,32,46,WORDS,The Bee Gees,Atco,4,32,
1968,6,33,25,LOVE POWER,The Sandpebbles,Calla,12,22,
1968,6,34,17,I SECOND THAT EMOTION,Smokey Robinson and the Miracles,Tamla,15,4,
1968,6,35,35,YOU,Marvin Gaye,Tamla,5,35,
1968,6,36,29,IF I COULD BUILD MY WHOLE WORLD AROUND YOU,Marvin Gaye and Tammi Terrell,Tamla,11,10,
1968,6,37,58,SIMON SAYS,1910 Fruitgum Co.,Buddah,3,37,
1968,6,38,62,EVERYTHING THAT TOUCHES YOU,The Association,Warner Brothers,2,38,
1968,6,39,23,TELL MAMA,Etta James,Cadet,14,23,
1968,6,40,50,STRAWBERRY SHORTCAKE,Jay and the Techniques,Smash,4,40,
1968,6,42,39,MONTEREY,Eric Burdon and the Animals,MGM,9,15,
1968,6,43,15,I HEARD IT THROUGH THE GRAPEVINE,Gladys Knight and the Pips,Soul,16,2,
1968,6,60,40,EXPLOSION (In Your Soul),The Soul Survivors,Crimson,8,33,
1968,6,64,37,SHE’S A RAINBOW,The Rolling Stones,London,7,25,
1968,6,41,41,BACK UP TRAIN,Al Greene and the Soul Mates,Hot Line,10,41,
1968,6,44,60,I THANK YOU,Sam and Dave,Stax,3,44,
1968,6,45,55,BORN FREE,The Hesitations,Kapp,6,45,
1968,6,46,71,WALK AWAY RENEE,The Four Tops,Motown,2,46,
1968,6,47,61,THERE WAS A TIME,James Brown and the Famous Flames,King,4,47,
1968,6,48,56,THERE IS,The Dells,Cadet,4,48,
1968,6,49,49,NO SAD SONGS,Joe Simon,Sound Stage 7,6,49,
1968,6,50,67,GUITAR MAN,Elvis Presley,RCA Victor,3,50,
1968,7,1,1,LOVE IS BLUE,Paul Mauriat and His Orchestra,Philips,7,1,2 weeks at #1
1968,7,2,2,GREEN TAMBOURINE,The Lemon Pipers,Buddah,10,1,
1968,7,3,3,SPOOKY,The Classics IV,Imperial,9,3,
1968,7,4,6,I WISH IT WOULD RAIN,The Temptations,Gordy,6,4,
1968,7,5,15,(Theme From) VALLEY OF THE DOLLS,Dionne Warwick,Scepter,5,5,
1968,7,6,28,(Sittin’ On) THE DOCK OF THE BAY,Otis Redding,Volt,4,6,
1968,7,7,7,GOIN’ OUT OF MY HEAD/CAN’T TAKE MY EYES OFF YOU (Medley),The Lettermen,Capitol,12,7,
1968,7,8,8,NOBODY BUT ME,The Human Beinz,Capitol,11,8,
1968,7,9,4,JUDY IN DISGUISE (With Glasses),John Fred and His Playboy Band,Paula,13,1,
1968,7,10,13,I WONDER WHAT SHE’S DOING TONITE,Tommy Boyce and Bobby Hart,A&M,9,10,
1968,7,11,12,"BABY, NOW THAT I’VE FOUND YOU",The Foundations,Uni,9,11,
1968,7,12,9,"WOMAN, WOMAN",The Union Gap Featuring Gary Puckett,Columbia,14,4,
1968,7,13,10,"BEND ME, SHAPE ME",The American Breed,Acta,12,5,
1968,7,14,14,BOTTLE OF WINE,The Fireballs,Atco,8,14,
1968,7,15,27,WE’RE A WINNER,The Impressions,ABC,8,15,
1968,7,16,5,CHAIN OF FOOLS,Aretha Franklin,Atlantic,11,2,
1968,7,17,37,SIMON SAYS,1910 Fruitgum Co.,Buddah,4,17,
1968,7,18,11,SUSAN,The Buckinghams,Columbia,11,11,
1968,7,19,17,MY BABY MUST BE A MAGICIAN,The Marvelettes,Tamla,10,17,
1968,7,20,48,THERE IS,The Dells,Cadet,5,20,
1968,7,21,21,WE CAN FLY,The Cowsills,MGM,6,21,
1968,7,22,22,I CAN TAKE OR LEAVE YOUR LOVING,Herman’s Hermits,MGM,6,22,
1968,7,23,23,TOMORROW,Strawberry Alarm Clock,Uni,8,23,
1968,7,24,20,DIFFERENT DRUM,The Stone Poneys Featuring Linda Ronstadt,Capitol,15,13,
1968,7,25,25,SKIP A ROPE,Henson Cargill,Monument,9,25,
1968,7,26,26,SOME VELVET MORNING,Nancy Sinatra and Lee Hazlewood,Reprise,7,26,
1968,7,27,16,ITCHYCOO PARK,The Small Faces,Immediate,15,16,
1968,7,28,18,AM I THAT EASY TO FORGET,Engelbert Humperdinck,Parrot,10,18,
1968,7,29,44,I THANK YOU,Sam and Dave,Stax,4,29,
1968,7,30,30,SUNDAY MORNIN’,Spanky and Our Gang,Mercury,7,30,
1968,7,31,38,EVERYTHING THAT TOUCHES YOU,The Association,Warner Brothers,3,31,
1968,7,32,32,WORDS,The Bee Gees,Atco,5,32,
1968,7,33,19,DARLIN’,The Beach Boys,Capitol,9,19,
1968,7,34,35,YOU,Marvin Gaye,Tamla,6,34,
1968,7,35,24,JUST AS MUCH AS EVER,Bobby Vinton,Epic,8,24,
1968,7,36,47,THERE WAS A TIME,James Brown and the Famous Flames,King,5,36,
1968,7,37,46,WALK AWAY RENEE,The Four Tops,Motown,3,37,
1968,7,38,45,BORN FREE,The Hesitations,Kapp,7,38,
1968,7,39,40,STRAWBERRY SHORTCAKE,Jay and the Techniques,Smash,5,39,
1968,7,40,68,THE END OF OUR ROAD,Gladys Knight and the Pips,Soul,2,40,
1968,7,42,29,TO GIVE (The Reason I Live),Frankie Valli,Philips,8,29,
1968,7,41,41,BACK UP TRAIN,Al Greene and the Soul Mates,Hot Line,11,41,
1968,7,43,63,JUST DROPPED IN (To See What Condition My Condition Was In),The First Edition,Reprise,2,43,
1968,7,44,50,GUITAR MAN,Elvis Presley,RCA Victor,4,44,
1968,7,45,53,SUNSHINE OF YOUR LOVE,Cream,Atco,6,45,
1968,7,46,54,MISSION: IMPOSSIBLE,Lalo Schifrin,Dot,7,46,
1968,7,47,56,CARPET MAN,The 5th Dimension,Soul City,3,47,
1968,7,48,58,GET OUT NOW,Tommy James and the Shondells,Roulette,4,48,
1968,7,49,76,TOO MUCH TALK,Paul Revere and the Raiders Featuring Mark Lindsay,Columbia,2,49,
1968,7,50,66,LA-LA MEANS I LOVE YOU,The Delfonics,Philly Groove,3,50,
1968,8,1,1,LOVE IS BLUE,Paul Mauriat and His Orchestra,Philips,8,1,3 weeks at #1
1968,8,2,5,(Theme From) VALLEY OF THE DOLLS,Dionne Warwick,Scepter,6,2,
1968,8,3,3,SPOOKY,The Classics IV,Imperial,10,3,
1968,8,4,4,I WISH IT WOULD RAIN,The Temptations,Gordy,7,4,
1968,8,5,6,(Sittin’ On) THE DOCK OF THE BAY,Otis Redding,Volt,5,5,
1968,8,6,17,SIMON SAYS,1910 Fruitgum Co.,Buddah,5,6,
1968,8,7,2,GREEN TAMBOURINE,The Lemon Pipers,Buddah,11,1,
1968,8,8,10,I WONDER WHAT SHE’S DOING TONITE,Tommy Boyce and Bobby Hart,A&M,10,8,
1968,8,9,7,GOIN’ OUT OF MY HEAD/CAN’T TAKE MY EYES OFF YOU (Medley),The Lettermen,Capitol,13,7,
1968,8,10,8,NOBODY BUT ME,The Human Beinz,Capitol,12,8,
1968,8,11,11,"BABY, NOW THAT I’VE FOUND YOU",The Foundations,Uni,10,11,
1968,8,12,14,BOTTLE OF WINE,The Fireballs,Atco,8,12,
1968,8,13,9,JUDY IN DISGUISE (With Glasses),John Fred and His Playboy Band,Paula,14,1,
1968,8,14,15,WE’RE A WINNER,The Impressions,ABC,9,14,
1968,8,15,31,EVERYTHING THAT TOUCHES YOU,The Association,Warner Brothers,4,15,
1968,8,16,32,WORDS,The Bee Gees,Atco,6,16,
1968,8,17,12,"WOMAN, WOMAN",The Union Gap Featuring Gary Puckett,Columbia,15,4,
1968,8,18,13,"BEND ME, SHAPE ME",The American Breed,Acta,13,5,
1968,8,19,37,WALK AWAY RENEE,The Four Tops,Motown,4,19,
1968,8,20,20,THERE IS,The Dells,Cadet,6,20,
1968,8,21,43,JUST DROPPED IN (To See What Condition My Condition Was In),The First Edition,Reprise,3,21,
1968,8,22,22,I CAN TAKE OR LEAVE YOUR LOVING,Herman’s Hermits,MGM,7,22,
1968,8,23,21,WE CAN FLY,The Cowsills,MGM,7,21,
1968,8,24,29,I THANK YOU,Sam and Dave,Stax,5,24,
1968,8,25,18,SUSAN,The Buckinghams,Columbia,12,11,
1968,8,26,25,SKIP A ROPE,Henson Cargill,Monument,10,25,
1968,8,27,27,ITCHYCOO PARK,The Small Faces,Immediate,16,16,
1968,8,28,16,CHAIN OF FOOLS,Aretha Franklin,Atlantic,12,2,
1968,8,29,24,DIFFERENT DRUM,The Stone Poneys Featuring Linda Ronstadt,Capitol,16,13,
1968,8,30,40,THE END OF OUR ROAD,Gladys Knight and the Pips,Soul,3,30,
1968,8,31,30,SUNDAY MORNIN’,Spanky and Our Gang,Mercury,8,30,
1968,8,32,23,TOMORROW,Strawberry Alarm Clock,Uni,9,23,
1968,8,33,19,MY BABY MUST BE A MAGICIAN,The Marvelettes,Tamla,11,17,
1968,8,34,49,TOO MUCH TALK,Paul Revere and the Raiders Featuring Mark Lindsay,Columbia,3,34,
1968,8,35,50,LA-LA MEANS I LOVE YOU,The Delfonics,Philly Groove,4,35,
1968,8,36,36,THERE WAS A TIME,James Brown and the Famous Flames,King,6,36,
1968,8,37,45,SUNSHINE OF YOUR LOVE,Cream,Atco,7,37,
1968,8,38,38,BORN FREE,The Hesitations,Kapp,8,38,
1968,8,39,26,SOME VELVET MORNING,Nancy Sinatra and Lee Hazlewood,Reprise,8,26,
1968,8,40,47,CARPET MAN,The 5th Dimension,Soul City,4,40,
1968,8,45,39,STRAWBERRY SHORTCAKE,Jay and the Techniques,Smash,6,39,
1968,8,47,34,YOU,Marvin Gaye,Tamla,7,34,
1968,8,42,46,MISSION: IMPOSSIBLE,Lalo Schifrin,Dot,8,42,
1968,8,43,44,GUITAR MAN,Elvis Presley,RCA Victor,5,43,
1968,8,44,53,MEN ARE GETTIN’ SCARCE,Joe Tex,Dial,3,44,
1968,8,48,48,GET OUT NOW,Tommy James and the Shondells,Roulette,5,48,
1968,8,49,63,THE BALLAD OF BONNIE AND CLYDE,Georgie Fame,Epic,2,49,
1968,8,50,51,CAB DRIVER,The Mills Brothers,Dot,5,50,
1968,9,1,1,LOVE IS BLUE,Paul Mauriat and His Orchestra,Philips,9,1,4 weeks at #1
1968,9,2,2,(Theme From) VALLEY OF THE DOLLS,Dionne Warwick,Scepter,7,2,
1968,9,3,5,(Sittin’ On) THE DOCK OF THE BAY,Otis Redding,Volt,6,3,
1968,9,4,4,I WISH IT WOULD RAIN,The Temptations,Gordy,8,4,
1968,9,5,6,SIMON SAYS,1910 Fruitgum Co.,Buddah,6,5,
1968,9,6,3,SPOOKY,The Classics IV,Imperial,11,3,
1968,9,7,21,JUST DROPPED IN (To See What Condition My Condition Was In),The First Edition,Reprise,4,7,
1968,9,8,8,I WONDER WHAT SHE’S DOING TONITE,Tommy Boyce and Bobby Hart,A&M,11,8,
1968,9,9,12,BOTTLE OF WINE,The Fireballs,Atco,9,9,
1968,9,10,15,EVERYTHING THAT TOUCHES YOU,The Association,Warner Brothers,5,10,
1968,9,11,11,"BABY, NOW THAT I’VE FOUND YOU",The Foundations,Uni,11,11,
1968,9,12,10,NOBODY BUT ME,The Human Beinz,Capitol,13,8,
1968,9,13,9,GOIN’ OUT OF MY HEAD/CAN’T TAKE MY EYES OFF YOU (Medley),The Lettermen,Capitol,14,7,
1968,9,14,7,GREEN TAMBOURINE,The Lemon Pipers,Buddah,12,1,
1968,9,15,16,WORDS,The Bee Gees,Atco,7,15,
1968,9,16,14,WE’RE A WINNER,The Impressions,ABC,10,14,
1968,9,17,19,WALK AWAY RENEE,The Four Tops,Motown,5,17,
1968,9,18,13,JUDY IN DISGUISE (With Glasses),John Fred and His Playboy Band,Paula,15,1,
1968,9,19,35,LA-LA MEANS I LOVE YOU,The Delfonics,Philly Groove,5,19,
1968,9,20,20,THERE IS,The Dells,Cadet,7,20,
1968,9,21,24,I THANK YOU,Sam and Dave,Stax,6,21,
1968,9,22,18,"BEND ME, SHAPE ME",The American Breed,Acta,14,5,
1968,9,23,22,I CAN TAKE OR LEAVE YOUR LOVING,Herman’s Hermits,MGM,8,22,
1968,9,24,17,"WOMAN, WOMAN",The Union Gap Featuring Gary Puckett,Columbia,16,4,
1968,9,25,34,TOO MUCH TALK,Paul Revere and the Raiders Featuring Mark Lindsay,Columbia,4,25,
1968,9,26,30,THE END OF OUR ROAD,Gladys Knight and the Pips,Soul,4,26,
1968,9,27,23,WE CAN FLY,The Cowsills,MGM,8,21,
1968,9,28,27,ITCHYCOO PARK,The Small Faces,Immediate,17,16,
1968,9,29,26,SKIP A ROPE,Henson Cargill,Monument,11,25,
1968,9,30,49,THE BALLAD OF BONNIE AND CLYDE,Georgie Fame,Epic,3,30,
1968,9,32,29,DIFFERENT DRUM,The Stone Poneys Featuring Linda Ronstadt,Capitol,17,13,
1968,9,33,32,TOMORROW,Strawberry Alarm Clock,Uni,10,23,
1968,9,34,41,DANCE TO THE MUSIC,Sly and the Family Stone,Epic,4,34,
1968,9,35,52,KISS ME GOODBYE,Petula Clark,Warner Brothers,3,35,
1968,9,36,37,SUNSHINE OF YOUR LOVE,Cream,Atco,8,36,
1968,9,37,40,CARPET MAN,The 5th Dimension,Soul City,5,37,
1968,9,38,50,CAB DRIVER,The Mills Brothers,Dot,6,38,
1968,9,39,36,THERE WAS A TIME,James Brown and the Famous Flames,King,7,36,
1968,9,40,44,MEN ARE GETTIN’ SCARCE,Joe Tex,Dial,4,40,
1968,9,42,38,BORN FREE,The Hesitations,Kapp,9,38,
1968,9,41,42,MISSION: IMPOSSIBLE,Lalo Schifrin,Dot,9,41,
1968,9,43,43,GUITAR MAN,Elvis Presley,RCA Victor,6,43,
1968,9,44,78,WILL YOU LOVE ME TOMORROW,The Four Seasons,Philips,2,44,
1968,9,45,60,PLAYBOY,Gene and Debbe,TRX,3,45,
1968,9,46,51,I’M GONNA MAKE YOU LOVE ME,Madeline Bell,Philips,4,46,
1968,9,47,85,IF YOU CAN WANT,Smokey Robinson and the Miracles,Tamla,2,47,
1968,9,48,55,COUNTRY GIRL-CITY MAN,Billy Vera and Judy Clay,Atlantic,3,48,
1968,9,49,48,GET OUT NOW,Tommy James and the Shondells,Roulette,6,48,
1968,9,50,59,JEALOUS LOVE,Wilson Pickett,Atlantic,3,50,
1968,10,1,1,LOVE IS BLUE,Paul Mauriat and His Orchestra,Philips,10,1,5 weeks at #1
1968,10,2,2,(Theme From) VALLEY OF THE DOLLS,Dionne Warwick,Scepter,8,2,
1968,10,3,3,(Sittin’ On) THE DOCK OF THE BAY,Otis Redding,Volt,7,3,
1968,10,4,5,SIMON SAYS,1910 Fruitgum Co.,Buddah,7,4,
1968,10,5,4,I WISH IT WOULD RAIN,The Temptations,Gordy,9,4,
1968,10,6,7,JUST DROPPED IN (To See What Condition My Condition Was In),The First Edition,Reprise,5,6,
1968,10,7,6,SPOOKY,The Classics IV,Imperial,12,3,
1968,10,8,8,I WONDER WHAT SHE’S DOING TONITE,Tommy Boyce and Bobby Hart,A&M,12,8,
1968,10,9,19,LA-LA MEANS I LOVE YOU,The Delfonics,Philly Groove,6,9,
1968,10,10,10,EVERYTHING THAT TOUCHES YOU,The Association,Warner Brothers,6,10,
1968,10,11,21,I THANK YOU,Sam and Dave,Stax,7,11,
1968,10,12,11,"BABY, NOW THAT I’VE FOUND YOU",The Foundations,Uni,12,11,
1968,10,13,9,BOTTLE OF WINE,The Fireballs,Atco,10,9,
1968,10,14,17,WALK AWAY RENEE,The Four Tops,Motown,6,14,
1968,10,15,26,THE END OF OUR ROAD,Gladys Knight and the Pips,Soul,5,15,
1968,10,16,16,WE’RE A WINNER,The Impressions,ABC,11,14,
1968,10,17,31,(Sweet Sweet Baby) SINCE YOU’VE BEEN GONE,Aretha Franklin,Atlantic,2,17,
1968,10,18,15,WORDS,The Bee Gees,Atco,8,15,
1968,10,19,34,DANCE TO THE MUSIC,Sly and the Family Stone,Epic,5,19,
1968,10,20,25,TOO MUCH TALK,Paul Revere and the Raiders Featuring Mark Lindsay,Columbia,5,20,
1968,10,21,13,GOIN’ OUT OF MY HEAD/CAN’T TAKE MY EYES OFF YOU (Medley),The Lettermen,Capitol,15,7,
1968,10,22,12,NOBODY BUT ME,The Human Beinz,Capitol,14,8,
1968,10,23,20,THERE IS,The Dells,Cadet,8,20,
1968,10,25,14,GREEN TAMBOURINE,The Lemon Pipers,Buddah,13,1,
1968,10,26,30,THE BALLAD OF BONNIE AND CLYDE,Georgie Fame,Epic,4,26,
1968,10,27,35,KISS ME GOODBYE,Petula Clark,Warner Brothers,4,27,
1968,10,28,44,WILL YOU LOVE ME TOMORROW,The Four Seasons,Philips,3,28,
1968,10,29,37,CARPET MAN,The 5th Dimension,Soul City,6,29,
1968,10,30,18,JUDY IN DISGUISE (With Glasses),John Fred and His Playboy Band,Paula,16,1,
1968,10,31,47,IF YOU CAN WANT,Smokey Robinson and the Miracles,Tamla,3,31,
1968,10,32,27,WE CAN FLY,The Cowsills,MGM,9,21,
1968,10,33,40,MEN ARE GETTIN’ SCARCE,Joe Tex,Dial,5,33,
1968,10,34,46,I’M GONNA MAKE YOU LOVE ME,Madeline Bell,Philips,5,34,
1968,10,35,68,MIGHTY QUINN (Quinn the Eskimo),Manfred Mann,Mercury,2,35,
1968,10,36,24,"WOMAN, WOMAN",The Union Gap Featuring Gary Puckett,Columbia,17,4,
1968,10,37,38,CAB DRIVER,The Mills Brothers,Dot,7,37,
1968,10,38,39,THERE WAS A TIME,James Brown and the Famous Flames,King,8,36,
1968,10,39,23,I CAN TAKE OR LEAVE YOUR LOVING,Herman’s Hermits,MGM,9,22,
1968,10,40,45,PLAYBOY,Gene and Debbe,TRX,4,40,
1968,10,43,36,SUNSHINE OF YOUR LOVE,Cream,Atco,9,36,
1968,10,46,29,SKIP A ROPE,Henson Cargill,Monument,12,25,
1968,10,41,41,MISSION: IMPOSSIBLE,Lalo Schifrin,Dot,10,41,
1968,10,42,61,SCARBOROUGH FAIR (Canticle),Simon and Garfunkel,Columbia,2,42,
1968,10,44,54,A QUESTION OF TEMPERATURE,The Balloon Farm,Laurie,3,44,
1968,10,45,48,COUNTRY GIRL-CITY MAN,Billy Vera and Judy Clay,Atlantic,4,45,
1968,10,47,55,IN THE MIDNIGHT HOUR,The Mirettes,Revue,4,47,
1968,10,48,53,MAYBE JUST TODAY,Bobby Vee and the Strangers,Liberty,5,48,
1968,10,49,52,FOR YOUR PRECIOUS LOVE,Jackie Wilson and Count Basie,Brunswick,4,49,
1968,10,50,50,JEALOUS LOVE,Wilson Pickett,Atlantic,4,50,
1968,11,1,3,(Sittin’ On) THE DOCK OF THE BAY,Otis Redding,Volt,8,1,1 week at #1
1968,11,2,2,(Theme From) VALLEY OF THE DOLLS,Dionne Warwick,Scepter,9,2,
1968,11,3,1,LOVE IS BLUE,Paul Mauriat and His Orchestra,Philips,11,1,
1968,11,4,4,SIMON SAYS,1910 Fruitgum Co.,Buddah,8,4,
1968,11,5,6,JUST DROPPED IN (To See What Condition My Condition Was In),The First Edition,Reprise,6,5,
1968,11,6,5,I WISH IT WOULD RAIN,The Temptations,Gordy,10,4,
1968,11,7,9,LA-LA MEANS I LOVE YOU,The Delfonics,Philly Groove,7,7,
1968,11,8,24,VALLERI,The Monkees,Colgems,2,8,
1968,11,9,17,(Sweet Sweet Baby) SINCE YOU’VE BEEN GONE,Aretha Franklin,Atlantic,3,9,
1968,11,10,11,I THANK YOU,Sam and Dave,Stax,8,10,
1968,11,11,7,SPOOKY,The Classics IV,Imperial,13,3,
1968,11,12,10,EVERYTHING THAT TOUCHES YOU,The Association,Warner Brothers,7,10,
1968,11,13,13,BOTTLE OF WINE,The Fireballs,Atco,11,9,
1968,11,14,14,WALK AWAY RENEE,The Four Tops,Motown,7,14,
1968,11,15,15,THE END OF OUR ROAD,Gladys Knight and the Pips,Soul,6,15,
1968,11,16,19,DANCE TO THE MUSIC,Sly and the Family Stone,Epic,6,16,
1968,11,17,26,THE BALLAD OF BONNIE AND CLYDE,Georgie Fame,Epic,5,17,
1968,11,18,18,WORDS,The Bee Gees,Atco,9,15,
1968,11,19,20,TOO MUCH TALK,Paul Revere and the Raiders Featuring Mark Lindsay,Columbia,6,19,
1968,11,20,8,I WONDER WHAT SHE’S DOING TONITE,Tommy Boyce and Bobby Hart,A&M,13,8,
1968,11,21,16,WE’RE A WINNER,The Impressions,ABC,12,14,
1968,11,22,27,KISS ME GOODBYE,Petula Clark,Warner Brothers,5,22,
1968,11,23,23,THERE IS,The Dells,Cadet,9,20,
1968,11,24,52,YOUNG GIRL,The Union Gap Featuring Gary Puckett,Columbia,3,24,
1968,11,25,35,MIGHTY QUINN (Quinn the Eskimo),Manfred Mann,Mercury,3,25,
1968,11,26,12,"BABY, NOW THAT I’VE FOUND YOU",The Foundations,Uni,13,11,
1968,11,27,28,WILL YOU LOVE ME TOMORROW,The Four Seasons,Philips,4,27,
1968,11,28,53,CRY LIKE A BABY,The Box Tops,Mala,3,28,
1968,11,29,42,SCARBOROUGH FAIR (Canticle),Simon and Garfunkel,Columbia,3,29,
1968,11,30,31,IF YOU CAN WANT,Smokey Robinson and the Miracles,Tamla,4,30,
1968,11,31,22,NOBODY BUT ME,The Human Beinz,Capitol,15,8,
1968,11,32,21,GOIN’ OUT OF MY HEAD/CAN’T TAKE MY EYES OFF YOU (Medley),The Lettermen,Capitol,16,7,
1968,11,33,33,MEN ARE GETTIN’ SCARCE,Joe Tex,Dial,6,33,
1968,11,34,34,I’M GONNA MAKE YOU LOVE ME,Madeline Bell,Philips,6,34,
1968,11,35,37,CAB DRIVER,The Mills Brothers,Dot,8,35,
1968,11,36,29,CARPET MAN,The 5th Dimension,Soul City,7,29,
1968,11,37,40,PLAYBOY,Gene and Debbe,TRX,5,37,
1968,11,38,44,A QUESTION OF TEMPERATURE,The Balloon Farm,Laurie,4,38,
1968,11,39,55,GREEN LIGHT,The American Breed,Acta,4,39,
1968,11,40,59,LITTLE GREEN APPLES,Roger Miller,Smash,3,40,
1968,11,44,39,I CAN TAKE OR LEAVE YOUR LOVING,Herman’s Hermits,MGM,10,22,
1968,11,41,43,SUNSHINE OF YOUR LOVE,Cream,Atco,10,36,
1968,11,42,67,LOVE IS ALL AROUND,The Troggs,Fontana,4,42,
1968,11,43,45,COUNTRY GIRL-CITY MAN,Billy Vera and Judy Clay,Atlantic,5,43,
1968,11,45,51,SUDDENLY YOU LOVE ME,The Tremeloes,Epic,5,45,
1968,11,46,48,MAYBE JUST TODAY,Bobby Vee and the Strangers,Liberty,6,46,
1968,11,47,47,IN THE MIDNIGHT HOUR,The Mirettes,Revue,5,47,
1968,11,48,41,MISSION: IMPOSSIBLE,Lalo Schifrin,Dot,11,41,
1968,11,49,73,TAPIOCA TUNDRA,The Monkees,Colgems,2,49,
1968,11,50,77,AME CALINE (Soul Coaxing),Raymond Lefevre and His Orchestra,4 Corners,4,50,
1968,12,1,1,(Sittin’ On) THE DOCK OF THE BAY,Otis Redding,Volt,9,1,2 weeks at #1
1968,12,2,3,LOVE IS BLUE,Paul Mauriat and His Orchestra,Philips,12,1,
1968,12,3,2,(Theme From) VALLEY OF THE DOLLS,Dionne Warwick,Scepter,10,2,
1968,12,4,4,SIMON SAYS,1910 Fruitgum Co.,Buddah,9,4,
1968,12,5,5,JUST DROPPED IN (To See What Condition My Condition Was In),The First Edition,Reprise,7,5,
1968,12,6,7,LA-LA MEANS I LOVE YOU,The Delfonics,Philly Groove,8,6,
1968,12,7,8,VALLERI,The Monkees,Colgems,3,7,
1968,12,8,9,(Sweet Sweet Baby) SINCE YOU’VE BEEN GONE,Aretha Franklin,Atlantic,4,8,
1968,12,9,10,I THANK YOU,Sam and Dave,Stax,9,9,
1968,12,10,17,THE BALLAD OF BONNIE AND CLYDE,Georgie Fame,Epic,6,10,
1968,12,11,25,MIGHTY QUINN (Quinn the Eskimo),Manfred Mann,Mercury,4,11,
1968,12,12,24,YOUNG GIRL,The Union Gap Featuring Gary Puckett,Columbia,4,12,
1968,12,13,29,SCARBOROUGH FAIR (Canticle),Simon and Garfunkel,Columbia,4,13,
1968,12,14,16,DANCE TO THE MUSIC,Sly and the Family Stone,Epic,7,14,
1968,12,15,15,THE END OF OUR ROAD,Gladys Knight and the Pips,Soul,7,15,
1968,12,16,22,KISS ME GOODBYE,Petula Clark,Warner Brothers,6,16,
1968,12,17,28,CRY LIKE A BABY,The Box Tops,Mala,4,17,
1968,12,18,12,EVERYTHING THAT TOUCHES YOU,The Association,Warner Brothers,8,10,
1968,12,19,19,TOO MUCH TALK,Paul Revere and the Raiders Featuring Mark Lindsay,Columbia,7,19,
1968,12,20,6,I WISH IT WOULD RAIN,The Temptations,Gordy,11,4,
1968,12,21,37,PLAYBOY,Gene and Debbe,TRX,6,21,
1968,12,22,18,WORDS,The Bee Gees,Atco,10,15,
1968,12,24,27,WILL YOU LOVE ME TOMORROW,The Four Seasons,Philips,5,24,
1968,12,25,30,IF YOU CAN WANT,Smokey Robinson and the Miracles,Tamla,5,25,
1968,12,26,34,I’M GONNA MAKE YOU LOVE ME,Madeline Bell,Philips,7,26,
1968,12,27,11,SPOOKY,The Classics IV,Imperial,14,3,
1968,12,28,13,BOTTLE OF WINE,The Fireballs,Atco,12,9,
1968,12,29,35,CAB DRIVER,The Mills Brothers,Dot,9,29,
1968,12,30,14,WALK AWAY RENEE,The Four Tops,Motown,8,14,
1968,12,31,21,WE’RE A WINNER,The Impressions,ABC,13,14,
1968,12,32,23,THERE IS,The Dells,Cadet,10,20,
1968,12,33,63,I GOT THE FEELIN’,James Brown and the Famous Flames,King,2,33,
1968,12,34,42,LOVE IS ALL AROUND,The Troggs,Fontana,5,34,
1968,12,35,36,CARPET MAN,The 5th Dimension,Soul City,8,29,
1968,12,36,43,COUNTRY GIRL-CITY MAN,Billy Vera and Judy Clay,Atlantic,6,36,
1968,12,37,38,A QUESTION OF TEMPERATURE,The Balloon Farm,Laurie,5,37,
1968,12,38,51,SUMMERTIME BLUES,Blue Cheer,Philips,4,38,
1968,12,39,39,GREEN LIGHT,The American Breed,Acta,5,39,
1968,12,40,40,LITTLE GREEN APPLES,Roger Miller,Smash,4,40,
1968,12,41,20,I WONDER WHAT SHE’S DOING TONITE,Tommy Boyce and Bobby Hart,A&M,14,8,
1968,12,46,33,MEN ARE GETTIN’ SCARCE,Joe Tex,Dial,7,33,
1968,12,42,61,JENNIFER JUNIPER,Donovan,Epic,3,42,
1968,12,43,50,AME CALINE (Soul Coaxing),Raymond Lefevre and His Orchestra,4 Corners,5,43,
1968,12,44,45,SUDDENLY YOU LOVE ME,The Tremeloes,Epic,6,44,
1968,12,45,47,IN THE MIDNIGHT HOUR,The Mirettes,Revue,6,45,
1968,12,47,44,I CAN TAKE OR LEAVE YOUR LOVING,Herman’s Hermits,MGM,11,22,
1968,12,48,48,MISSION: IMPOSSIBLE,Lalo Schifrin,Dot,12,41,
1968,12,49,49,TAPIOCA TUNDRA,The Monkees,Colgems,3,49,
1968,12,50,68,SOUL SERENADE,Willie Mitchell,Hi,3,50,
1968,13,1,1,(Sittin’ On) THE DOCK OF THE BAY,Otis Redding,Volt,10,1,3 weeks at #1
1968,13,2,2,LOVE IS BLUE,Paul Mauriat and His Orchestra,Philips,13,1,
1968,13,3,7,VALLERI,The Monkees,Colgems,4,3,
1968,13,4,4,SIMON SAYS,1910 Fruitgum Co.,Buddah,10,4,
1968,13,5,8,(Sweet Sweet Baby) SINCE YOU’VE BEEN GONE,Aretha Franklin,Atlantic,5,5,
1968,13,6,6,LA-LA MEANS I LOVE YOU,The Delfonics,Philly Groove,9,6,
1968,13,7,12,YOUNG GIRL,The Union Gap Featuring Gary Puckett,Columbia,5,7,
1968,13,8,10,THE BALLAD OF BONNIE AND CLYDE,Georgie Fame,Epic,7,8,
1968,13,9,23,LADY MADONNA,The Beatles,Capitol,2,9,
1968,13,10,3,(Theme From) VALLEY OF THE DOLLS,Dionne Warwick,Scepter,11,2,
1968,13,11,11,MIGHTY QUINN (Quinn the Eskimo),Manfred Mann,Mercury,5,11,
1968,13,12,5,JUST DROPPED IN (To See What Condition My Condition Was In),The First Edition,Reprise,8,5,
1968,13,13,13,SCARBOROUGH FAIR (Canticle),Simon and Garfunkel,Columbia,5,13,
1968,13,14,14,DANCE TO THE MUSIC,Sly and the Family Stone,Epic,8,14,
1968,13,15,17,CRY LIKE A BABY,The Box Tops,Mala,5,15,
1968,13,16,16,KISS ME GOODBYE,Petula Clark,Warner Brothers,7,16,
1968,13,17,9,I THANK YOU,Sam and Dave,Stax,10,9,
1968,13,18,25,IF YOU CAN WANT,Smokey Robinson and the Miracles,Tamla,6,18,
1968,13,19,33,I GOT THE FEELIN’,James Brown and the Famous Flames,King,3,19,
1968,13,20,15,THE END OF OUR ROAD,Gladys Knight and the Pips,Soul,8,15,
1968,13,21,21,PLAYBOY,Gene and Debbe,TRX,7,21,
1968,13,22,20,I WISH IT WOULD RAIN,The Temptations,Gordy,12,4,
1968,13,23,64,HONEY,Bobby Goldsboro,United Artists,2,23,
1968,13,24,24,WILL YOU LOVE ME TOMORROW,The Four Seasons,Philips,6,24,
1968,13,25,29,CAB DRIVER,The Mills Brothers,Dot,10,25,
1968,13,26,18,EVERYTHING THAT TOUCHES YOU,The Association,Warner Brothers,9,10,
1968,13,27,55,SWEET INSPIRATION,The Sweet Inspirations,Atlantic,5,27,
1968,13,28,34,LOVE IS ALL AROUND,The Troggs,Fontana,6,28,
1968,13,29,28,BOTTLE OF WINE,The Fireballs,Atco,13,9,
1968,13,30,42,JENNIFER JUNIPER,Donovan,Epic,4,30,
1968,13,31,27,SPOOKY,The Classics IV,Imperial,15,3,
1968,13,32,26,I’M GONNA MAKE YOU LOVE ME,Madeline Bell,Philips,8,26,
1968,13,33,19,TOO MUCH TALK,Paul Revere and the Raiders Featuring Mark Lindsay,Columbia,8,19,
1968,13,34,49,TAPIOCA TUNDRA,The Monkees,Colgems,4,34,
1968,13,35,22,WORDS,The Bee Gees,Atco,11,15,
1968,13,36,32,THERE IS,The Dells,Cadet,11,20,
1968,13,37,37,A QUESTION OF TEMPERATURE,The Balloon Farm,Laurie,6,37,
1968,13,38,38,SUMMERTIME BLUES,Blue Cheer,Philips,5,38,
1968,13,39,39,GREEN LIGHT,The American Breed,Acta,6,39,
1968,13,40,40,LITTLE GREEN APPLES,Roger Miller,Smash,5,40,
1968,13,46,35,CARPET MAN,The 5th Dimension,Soul City,9,29,
1968,13,41,50,SOUL SERENADE,Willie Mitchell,Hi,4,41,
1968,13,42,87,COWBOYS TO GIRLS,The Intruders,Gamble,2,42,
1968,13,43,43,AME CALINE (Soul Coaxing),Raymond Lefevre and His Orchestra,4 Corners,6,43,
1968,13,44,53,FOREVER CAME TODAY,Diana Ross and the Supremes,Motown,3,44,
1968,13,45,51,THE SON OF HICKORY HOLLER’S TRAMP,O.C. Smith,Columbia,6,45,
1968,13,47,52,"THE GOOD, THE BAD AND THE UGLY","Hugo Montenegro, His Orchestra and Chorus",RCA Victor,7,47,
1968,13,48,66,TAKE TIME TO KNOW HER,Percy Sledge,Atlantic,3,48,
1968,13,49,77,THE UNICORN,The Irish Rovers,Decca,2,49,
1968,13,50,48,MISSION: IMPOSSIBLE,Lalo Schifrin,Dot,13,41,
1968,14,1,1,(Sittin’ On) THE DOCK OF THE BAY,Otis Redding,Volt,11,1,4 weeks at #1
1968,14,2,7,YOUNG GIRL,The Union Gap Featuring Gary Puckett,Columbia,6,2,
1968,14,3,3,VALLERI,The Monkees,Colgems,5,3,
1968,14,4,6,LA-LA MEANS I LOVE YOU,The Delfonics,Philly Groove,10,4,
1968,14,5,5,(Sweet Sweet Baby) SINCE YOU’VE BEEN GONE,Aretha Franklin,Atlantic,6,5,
1968,14,6,15,CRY LIKE A BABY,The Box Tops,Mala,6,6,
1968,14,7,9,LADY MADONNA,The Beatles,Capitol,3,7,
1968,14,8,8,THE BALLAD OF BONNIE AND CLYDE,Georgie Fame,Epic,8,8,
1968,14,9,2,LOVE IS BLUE,Paul Mauriat and His Orchestra,Philips,14,1,
1968,14,10,23,HONEY,Bobby Goldsboro,United Artists,3,10,
1968,14,11,11,MIGHTY QUINN (Quinn the Eskimo),Manfred Mann,Mercury,6,11,
1968,14,12,4,SIMON SAYS,1910 Fruitgum Co.,Buddah,11,4,
1968,14,13,13,SCARBOROUGH FAIR (Canticle),Simon and Garfunkel,Columbia,6,13,
1968,14,14,14,DANCE TO THE MUSIC,Sly and the Family Stone,Epic,9,14,
1968,14,15,16,KISS ME GOODBYE,Petula Clark,Warner Brothers,8,15,
1968,14,16,18,IF YOU CAN WANT,Smokey Robinson and the Miracles,Tamla,7,16,
1968,14,17,10,(Theme From) VALLEY OF THE DOLLS,Dionne Warwick,Scepter,12,2,
1968,14,18,19,I GOT THE FEELIN’,James Brown and the Famous Flames,King,4,18,
1968,14,19,12,JUST DROPPED IN (To See What Condition My Condition Was In),The First Edition,Reprise,9,5,
1968,14,20,17,I THANK YOU,Sam and Dave,Stax,11,9,
1968,14,21,21,PLAYBOY,Gene and Debbe,TRX,8,21,
1968,14,22,38,SUMMERTIME BLUES,Blue Cheer,Philips,6,22,
1968,14,23,25,CAB DRIVER,The Mills Brothers,Dot,11,23,
1968,14,24,24,WILL YOU LOVE ME TOMORROW,The Four Seasons,Philips,7,24,
1968,14,25,28,LOVE IS ALL AROUND,The Troggs,Fontana,7,25,
1968,14,26,27,SWEET INSPIRATION,The Sweet Inspirations,Atlantic,6,26,
1968,14,27,49,THE UNICORN,The Irish Rovers,Decca,3,27,
1968,14,28,42,COWBOYS TO GIRLS,The Intruders,Gamble,3,28,
1968,14,29,30,JENNIFER JUNIPER,Donovan,Epic,5,29,
1968,14,30,48,TAKE TIME TO KNOW HER,Percy Sledge,Atlantic,4,30,
1968,14,31,44,FOREVER CAME TODAY,Diana Ross and the Supremes,Motown,4,31,
1968,14,32,20,THE END OF OUR ROAD,Gladys Knight and the Pips,Soul,9,15,
1968,14,33,22,I WISH IT WOULD RAIN,The Temptations,Gordy,13,4,
1968,14,34,47,"THE GOOD, THE BAD AND THE UGLY","Hugo Montenegro, His Orchestra and Chorus",RCA Victor,8,34,
1968,14,35,53,FUNKY STREET,Arthur Conley,Atco,4,35,
1968,14,36,32,I’M GONNA MAKE YOU LOVE ME,Madeline Bell,Philips,9,26,
1968,14,37,37,A QUESTION OF TEMPERATURE,The Balloon Farm,Laurie,7,37,
1968,14,38,52,SECURITY,Etta James,Cadet,6,38,
1968,14,39,40,LITTLE GREEN APPLES,Roger Miller,Smash,6,39,
1968,14,40,43,AME CALINE (Soul Coaxing),Raymond Lefevre and His Orchestra,4 Corners,7,40,
1968,14,42,39,GREEN LIGHT,The American Breed,Acta,7,39,
1968,14,45,34,TAPIOCA TUNDRA,The Monkees,Colgems,5,34,
1968,14,41,41,SOUL SERENADE,Willie Mitchell,Hi,5,41,
1968,14,43,45,THE SON OF HICKORY HOLLER’S TRAMP,O.C. Smith,Columbia,7,43,
1968,14,44,69,THE IMPOSSIBLE DREAM,The Hesitations,Kapp,4,44,
1968,14,46,81,TIGHTEN UP,Archie Bell and the Drells,Atlantic,2,46,
1968,14,47,63,U.S. MALE,Elvis Presley,RCA Victor,3,47,
1968,14,48,95,I WILL ALWAYS THINK ABOUT YOU,The New Colony Six,Mercury,2,48,
1968,14,49,51,RICE IS NICE,The Lemon Pipers,Buddah,5,49,
1968,14,50,50,MISSION: IMPOSSIBLE,Lalo Schifrin,Dot,14,41,
1968,15,1,10,HONEY,Bobby Goldsboro,United Artists,4,1,1 week at #1
1968,15,2,2,YOUNG GIRL,The Union Gap Featuring Gary Puckett,Columbia,7,2,
1968,15,3,1,(Sittin’ On) THE DOCK OF THE BAY,Otis Redding,Volt,12,1,
1968,15,4,6,CRY LIKE A BABY,The Box Tops,Mala,7,4,
1968,15,5,5,(Sweet Sweet Baby) SINCE YOU’VE BEEN GONE,Aretha Franklin,Atlantic,7,5,
1968,15,6,7,LADY MADONNA,The Beatles,Capitol,4,6,
1968,15,7,8,THE BALLAD OF BONNIE AND CLYDE,Georgie Fame,Epic,9,7,
1968,15,8,4,LA-LA MEANS I LOVE YOU,The Delfonics,Philly Groove,11,4,
1968,15,9,3,VALLERI,The Monkees,Colgems,6,3,
1968,15,10,11,MIGHTY QUINN (Quinn the Eskimo),Manfred Mann,Mercury,7,10,
1968,15,11,18,I GOT THE FEELIN’,James Brown and the Famous Flames,King,5,11,
1968,15,12,9,LOVE IS BLUE,Paul Mauriat and His Orchestra,Philips,15,1,
1968,15,13,13,SCARBOROUGH FAIR (Canticle),Simon and Garfunkel,Columbia,7,13,
1968,15,14,14,DANCE TO THE MUSIC,Sly and the Family Stone,Epic,10,14,
1968,15,15,12,SIMON SAYS,1910 Fruitgum Co.,Buddah,12,4,
1968,15,16,16,IF YOU CAN WANT,Smokey Robinson and the Miracles,Tamla,8,16,
1968,15,17,21,PLAYBOY,Gene and Debbe,TRX,9,17,
1968,15,18,28,COWBOYS TO GIRLS,The Intruders,Gamble,4,18,
1968,15,19,22,SUMMERTIME BLUES,Blue Cheer,Philips,7,19,
1968,15,20,15,KISS ME GOODBYE,Petula Clark,Warner Brothers,9,15,
1968,15,21,78,AIN’T NO WAY,Aretha Franklin,Atlantic,2,21,
1968,15,22,17,(Theme From) VALLEY OF THE DOLLS,Dionne Warwick,Scepter,13,2,
1968,15,23,23,CAB DRIVER,The Mills Brothers,Dot,12,23,
1968,15,24,26,SWEET INSPIRATION,The Sweet Inspirations,Atlantic,7,24,
1968,15,25,25,LOVE IS ALL AROUND,The Troggs,Fontana,8,25,
1968,15,26,27,THE UNICORN,The Irish Rovers,Decca,4,26,
1968,15,27,20,I THANK YOU,Sam and Dave,Stax,12,9,
1968,15,28,29,JENNIFER JUNIPER,Donovan,Epic,6,28,
1968,15,29,31,FOREVER CAME TODAY,Diana Ross and the Supremes,Motown,5,29,
1968,15,30,30,TAKE TIME TO KNOW HER,Percy Sledge,Atlantic,5,30,
1968,15,31,35,FUNKY STREET,Arthur Conley,Atco,5,31,
1968,15,32,34,"THE GOOD, THE BAD AND THE UGLY","Hugo Montenegro, His Orchestra and Chorus",RCA Victor,9,32,
1968,15,33,19,JUST DROPPED IN (To See What Condition My Condition Was In),The First Edition,Reprise,10,5,
1968,15,34,53,DELILAH,Tom Jones,Parrot,5,34,
1968,15,35,38,SECURITY,Etta James,Cadet,7,35,
1968,15,36,51,TAKE GOOD CARE OF MY BABY,Bobby Vinton,Epic,3,36,
1968,15,37,46,TIGHTEN UP,Archie Bell and the Drells,Atlantic,3,37,
1968,15,38,41,SOUL SERENADE,Willie Mitchell,Hi,6,38,
1968,15,39,39,LITTLE GREEN APPLES,Roger Miller,Smash,7,39,
1968,15,40,40,AME CALINE (Soul Coaxing),Raymond Lefevre and His Orchestra,4 Corners,8,40,
1968,15,41,24,WILL YOU LOVE ME TOMORROW,The Four Seasons,Philips,8,24,
1968,15,48,32,THE END OF OUR ROAD,Gladys Knight and the Pips,Soul,10,15,
1968,15,50,33,I WISH IT WOULD RAIN,The Temptations,Gordy,14,4,
1968,15,51,37,A QUESTION OF TEMPERATURE,The Balloon Farm,Laurie,8,37,
1968,15,42,47,U.S. MALE,Elvis Presley,RCA Victor,4,42,
1968,15,43,43,THE SON OF HICKORY HOLLER’S TRAMP,O.C. Smith,Columbia,8,43,
1968,15,44,44,THE IMPOSSIBLE DREAM,The Hesitations,Kapp,5,44,
1968,15,45,45,TAPIOCA TUNDRA,The Monkees,Colgems,6,34,
1968,15,46,48,I WILL ALWAYS THINK ABOUT YOU,The New Colony Six,Mercury,3,46,
1968,15,47,54,JENNIFER ECCLES,The Hollies,Epic,5,47,
1968,15,49,49,RICE IS NICE,The Lemon Pipers,Buddah,6,49,
1968,16,1,1,HONEY,Bobby Goldsboro,United Artists,5,1,2 weeks at #1
1968,16,2,2,YOUNG GIRL,The Union Gap Featuring Gary Puckett,Columbia,8,2,
1968,16,3,4,CRY LIKE A BABY,The Box Tops,Mala,8,3,
1968,16,4,6,LADY MADONNA,The Beatles,Capitol,5,4,
1968,16,5,5,(Sweet Sweet Baby) SINCE YOU’VE BEEN GONE,Aretha Franklin,Atlantic,8,5,
1968,16,6,3,(Sittin’ On) THE DOCK OF THE BAY,Otis Redding,Volt,13,1,
1968,16,7,7,THE BALLAD OF BONNIE AND CLYDE,Georgie Fame,Epic,10,7,
1968,16,8,14,DANCE TO THE MUSIC,Sly and the Family Stone,Epic,11,8,
1968,16,9,11,I GOT THE FEELIN’,James Brown and the Famous Flames,King,6,9,
1968,16,10,10,MIGHTY QUINN (Quinn the Eskimo),Manfred Mann,Mercury,8,10,
1968,16,11,13,SCARBOROUGH FAIR (Canticle),Simon and Garfunkel,Columbia,8,11,
1968,16,12,8,LA-LA MEANS I LOVE YOU,The Delfonics,Philly Groove,12,4,
1968,16,13,9,VALLERI,The Monkees,Colgems,7,3,
1968,16,14,16,IF YOU CAN WANT,Smokey Robinson and the Miracles,Tamla,9,14,
1968,16,15,12,LOVE IS BLUE,Paul Mauriat and His Orchestra,Philips,16,1,
1968,16,16,19,SUMMERTIME BLUES,Blue Cheer,Philips,8,16,
1968,16,17,17,PLAYBOY,Gene and Debbe,TRX,10,17,
1968,16,18,18,COWBOYS TO GIRLS,The Intruders,Gamble,5,18,
1968,16,19,32,"THE GOOD, THE BAD AND THE UGLY","Hugo Montenegro, His Orchestra and Chorus",RCA Victor,10,19,
1968,16,20,26,THE UNICORN,The Irish Rovers,Decca,5,20,
1968,16,21,21,AIN’T NO WAY,Aretha Franklin,Atlantic,3,21,
1968,16,22,25,LOVE IS ALL AROUND,The Troggs,Fontana,9,22,
1968,16,23,24,SWEET INSPIRATION,The Sweet Inspirations,Atlantic,8,23,
1968,16,24,20,KISS ME GOODBYE,Petula Clark,Warner Brothers,10,15,
1968,16,25,37,TIGHTEN UP,Archie Bell and the Drells,Atlantic,4,25,
1968,16,26,28,JENNIFER JUNIPER,Donovan,Epic,7,26,
1968,16,27,23,CAB DRIVER,The Mills Brothers,Dot,13,23,
1968,16,28,30,TAKE TIME TO KNOW HER,Percy Sledge,Atlantic,6,28,
1968,16,29,29,FOREVER CAME TODAY,Diana Ross and the Supremes,Motown,6,29,
1968,16,30,31,FUNKY STREET,Arthur Conley,Atco,6,30,
1968,16,31,56,A BEAUTIFUL MORNING,The Rascals,Atlantic,2,31,
1968,16,32,42,U.S. MALE,Elvis Presley,RCA Victor,5,32,
1968,16,33,36,TAKE GOOD CARE OF MY BABY,Bobby Vinton,Epic,4,33,
1968,16,34,34,DELILAH,Tom Jones,Parrot,6,34,
1968,16,35,35,SECURITY,Etta James,Cadet,8,35,
1968,16,36,15,SIMON SAYS,1910 Fruitgum Co.,Buddah,13,4,
1968,16,37,40,AME CALINE (Soul Coaxing),Raymond Lefevre and His Orchestra,4 Corners,9,37,
1968,16,38,38,SOUL SERENADE,Willie Mitchell,Hi,7,38,
1968,16,39,39,LITTLE GREEN APPLES,Roger Miller,Smash,8,39,
1968,16,40,43,THE SON OF HICKORY HOLLER’S TRAMP,O.C. Smith,Columbia,9,40,
1968,16,41,27,I THANK YOU,Sam and Dave,Stax,13,9,
1968,16,42,44,THE IMPOSSIBLE DREAM,The Hesitations,Kapp,6,42,
1968,16,43,47,JENNIFER ECCLES,The Hollies,Epic,6,43,
1968,16,44,46,I WILL ALWAYS THINK ABOUT YOU,The New Colony Six,Mercury,4,44,
1968,16,45,66,SHE’S LOOKIN’ GOOD,Wilson Pickett,Atlantic,2,45,
1968,16,46,49,RICE IS NICE,The Lemon Pipers,Buddah,7,46,
1968,16,47,57,SHOO-BE-DOO-BE-DOO-DA-DAY,Stevie Wonder,Tamla,3,47,
1968,16,48,58,THE UNKNOWN SOLDIER,The Doors,Elektra,4,48,
1968,16,49,53,CALL ME LIGHTNING,The Who,Decca,4,49,
1968,16,50,72,MONY MONY,Tommy James and the Shondells,Roulette,3,50,
1968,17,1,1,HONEY,Bobby Goldsboro,United Artists,6,1,3 weeks at #1
1968,17,2,3,CRY LIKE A BABY,The Box Tops,Mala,9,2,
1968,17,3,2,YOUNG GIRL,The Union Gap Featuring Gary Puckett,Columbia,9,2,
1968,17,4,4,LADY MADONNA,The Beatles,Capitol,6,4,
1968,17,5,5,(Sweet Sweet Baby) SINCE YOU’VE BEEN GONE,Aretha Franklin,Atlantic,9,5,
1968,17,6,9,I GOT THE FEELIN’,James Brown and the Famous Flames,King,7,6,
1968,17,7,6,(Sittin’ On) THE DOCK OF THE BAY,Otis Redding,Volt,14,1,
1968,17,8,8,DANCE TO THE MUSIC,Sly and the Family Stone,Epic,12,8,
1968,17,9,25,TIGHTEN UP,Archie Bell and the Drells,Atlantic,5,9,
1968,17,10,7,THE BALLAD OF BONNIE AND CLYDE,Georgie Fame,Epic,11,7,
1968,17,11,14,IF YOU CAN WANT,Smokey Robinson and the Miracles,Tamla,10,11,
1968,17,12,20,THE UNICORN,The Irish Rovers,Decca,6,12,
1968,17,13,18,COWBOYS TO GIRLS,The Intruders,Gamble,6,13,
1968,17,14,19,"THE GOOD, THE BAD AND THE UGLY","Hugo Montenegro, His Orchestra and Chorus",RCA Victor,11,14,
1968,17,15,12,LA-LA MEANS I LOVE YOU,The Delfonics,Philly Groove,13,4,
1968,17,16,16,SUMMERTIME BLUES,Blue Cheer,Philips,9,16,
1968,17,17,17,PLAYBOY,Gene and Debbe,TRX,11,17,
1968,17,18,23,SWEET INSPIRATION,The Sweet Inspirations,Atlantic,9,18,
1968,17,19,31,A BEAUTIFUL MORNING,The Rascals,Atlantic,3,19,
1968,17,20,28,TAKE TIME TO KNOW HER,Percy Sledge,Atlantic,7,20,
1968,17,21,21,AIN’T NO WAY,Aretha Franklin,Atlantic,4,21,
1968,17,22,22,LOVE IS ALL AROUND,The Troggs,Fontana,10,22,
1968,17,23,30,FUNKY STREET,Arthur Conley,Atco,7,23,
1968,17,24,11,SCARBOROUGH FAIR (Canticle),Simon and Garfunkel,Columbia,9,11,
1968,17,25,15,LOVE IS BLUE,Paul Mauriat and His Orchestra,Philips,17,1,
1968,17,26,26,JENNIFER JUNIPER,Donovan,Epic,8,26,
1968,17,27,61,DO YOU KNOW THE WAY TO SAN JOSE,Dionne Warwick,Scepter,3,27,
1968,17,28,29,FOREVER CAME TODAY,Diana Ross and the Supremes,Motown,7,28,
1968,17,29,10,MIGHTY QUINN (Quinn the Eskimo),Manfred Mann,Mercury,9,10,
1968,17,30,27,CAB DRIVER,The Mills Brothers,Dot,14,23,
1968,17,31,47,SHOO-BE-DOO-BE-DOO-DA-DAY,Stevie Wonder,Tamla,4,31,
1968,17,32,32,U.S. MALE,Elvis Presley,RCA Victor,6,32,
1968,17,33,33,TAKE GOOD CARE OF MY BABY,Bobby Vinton,Epic,5,33,
1968,17,34,34,DELILAH,Tom Jones,Parrot,7,34,
1968,17,35,35,SECURITY,Etta James,Cadet,9,35,
1968,17,36,38,SOUL SERENADE,Willie Mitchell,Hi,8,36,
1968,17,37,37,AME CALINE (Soul Coaxing),Raymond Lefevre and His Orchestra,4 Corners,10,37,
1968,17,38,24,KISS ME GOODBYE,Petula Clark,Warner Brothers,11,15,
1968,17,39,56,AIN’T NOTHING LIKE THE REAL THING,Marvin Gaye and Tammi Terrell,Tamla,3,39,
1968,17,40,40,THE SON OF HICKORY HOLLER’S TRAMP,O.C. Smith,Columbia,10,40,
1968,17,45,13,VALLERI,The Monkees,Colgems,8,3,
1968,17,46,36,SIMON SAYS,1910 Fruitgum Co.,Buddah,14,4,
1968,17,54,39,LITTLE GREEN APPLES,Roger Miller,Smash,9,39,
1968,17,41,45,SHE’S LOOKIN’ GOOD,Wilson Pickett,Atlantic,3,41,
1968,17,42,42,THE IMPOSSIBLE DREAM,The Hesitations,Kapp,7,42,
1968,17,43,43,JENNIFER ECCLES,The Hollies,Epic,7,43,
1968,17,44,44,I WILL ALWAYS THINK ABOUT YOU,The New Colony Six,Mercury,5,44,
1968,17,47,49,CALL ME LIGHTNING,The Who,Decca,5,47,
1968,17,48,48,THE UNKNOWN SOLDIER,The Doors,Elektra,5,48,
1968,17,49,50,MONY MONY,Tommy James and the Shondells,Roulette,4,49,
1968,17,50,51,LOOK TO YOUR SOUL,Johnny Rivers,Imperial,4,50,
1968,18,1,1,HONEY,Bobby Goldsboro,United Artists,7,1,4 weeks at #1
1968,18,2,2,CRY LIKE A BABY,The Box Tops,Mala,10,2,
1968,18,3,3,YOUNG GIRL,The Union Gap Featuring Gary Puckett,Columbia,10,2,
1968,18,4,4,LADY MADONNA,The Beatles,Capitol,7,4,
1968,18,5,9,TIGHTEN UP,Archie Bell and the Drells,Atlantic,6,5,
1968,18,6,6,I GOT THE FEELIN’,James Brown and the Famous Flames,King,8,6,
1968,18,7,13,COWBOYS TO GIRLS,The Intruders,Gamble,7,7,
1968,18,8,14,"THE GOOD, THE BAD AND THE UGLY","Hugo Montenegro, His Orchestra and Chorus",RCA Victor,12,8,
1968,18,9,19,A BEAUTIFUL MORNING,The Rascals,Atlantic,4,9,
1968,18,10,12,THE UNICORN,The Irish Rovers,Decca,7,10,
1968,18,11,11,IF YOU CAN WANT,Smokey Robinson and the Miracles,Tamla,11,11,
1968,18,12,8,DANCE TO THE MUSIC,Sly and the Family Stone,Epic,13,8,
1968,18,13,20,TAKE TIME TO KNOW HER,Percy Sledge,Atlantic,8,13,
1968,18,14,16,SUMMERTIME BLUES,Blue Cheer,Philips,10,14,
1968,18,15,10,THE BALLAD OF BONNIE AND CLYDE,Georgie Fame,Epic,12,7,
1968,18,16,21,AIN’T NO WAY,Aretha Franklin,Atlantic,5,16,
1968,18,17,22,LOVE IS ALL AROUND,The Troggs,Fontana,11,17,
1968,18,18,18,SWEET INSPIRATION,The Sweet Inspirations,Atlantic,10,18,
1968,18,19,7,(Sittin’ On) THE DOCK OF THE BAY,Otis Redding,Volt,15,1,
1968,18,20,31,SHOO-BE-DOO-BE-DOO-DA-DAY,Stevie Wonder,Tamla,5,20,
1968,18,21,27,DO YOU KNOW THE WAY TO SAN JOSE,Dionne Warwick,Scepter,4,21,
1968,18,22,5,(Sweet Sweet Baby) SINCE YOU’VE BEEN GONE,Aretha Franklin,Atlantic,10,5,
1968,18,23,23,FUNKY STREET,Arthur Conley,Atco,8,23,
1968,18,24,17,PLAYBOY,Gene and Debbe,TRX,12,17,
1968,18,25,39,AIN’T NOTHING LIKE THE REAL THING,Marvin Gaye and Tammi Terrell,Tamla,4,25,
1968,18,26,15,LA-LA MEANS I LOVE YOU,The Delfonics,Philly Groove,14,4,
1968,18,27,34,DELILAH,Tom Jones,Parrot,8,27,
1968,18,28,28,FOREVER CAME TODAY,Diana Ross and the Supremes,Motown,8,28,
1968,18,29,29,MIGHTY QUINN (Quinn the Eskimo),Manfred Mann,Mercury,10,10,
1968,18,30,36,SOUL SERENADE,Willie Mitchell,Hi,9,30,
1968,18,31,32,U.S. MALE,Elvis Presley,RCA Victor,7,31,
1968,18,32,58,MRS. ROBINSON,Simon and Garfunkel,Columbia,2,32,
1968,18,33,33,TAKE GOOD CARE OF MY BABY,Bobby Vinton,Epic,6,33,
1968,18,34,49,MONY MONY,Tommy James and the Shondells,Roulette,5,34,
1968,18,35,25,LOVE IS BLUE,Paul Mauriat and His Orchestra,Philips,18,1,
1968,18,36,24,SCARBOROUGH FAIR (Canticle),Simon and Garfunkel,Columbia,10,11,
1968,18,37,37,AME CALINE (Soul Coaxing),Raymond Lefevre and His Orchestra,4 Corners,11,37,
1968,18,38,30,CAB DRIVER,The Mills Brothers,Dot,15,23,
1968,18,39,48,THE UNKNOWN SOLDIER,The Doors,Elektra,6,39,
1968,18,40,47,CALL ME LIGHTNING,The Who,Decca,6,40,
1968,18,42,40,THE SON OF HICKORY HOLLER’S TRAMP,O.C. Smith,Columbia,11,40,
1968,18,52,26,JENNIFER JUNIPER,Donovan,Epic,9,26,
1968,18,56,35,SECURITY,Etta James,Cadet,10,35,
1968,18,41,41,SHE’S LOOKIN’ GOOD,Wilson Pickett,Atlantic,4,41,
1968,18,43,43,JENNIFER ECCLES,The Hollies,Epic,8,43,
1968,18,44,44,I WILL ALWAYS THINK ABOUT YOU,The New Colony Six,Mercury,6,44,
1968,18,45,45,VALLERI,The Monkees,Colgems,9,3,
1968,18,46,61,LIKE TO GET TO KNOW YOU,Spanky and Our Gang,Mercury,3,46,
1968,18,47,87,THE HAPPY SONG (Dum-Dum),Otis Redding,Volt,2,47,
1968,18,48,78,DOES YOUR MAMA KNOW ABOUT ME,Bobby Taylor and the Vancouvers,Gordy,3,48,
1968,18,49,72,MY GIRL/HEY GIRL (Medley),Bobby Vee,Liberty,3,49,
1968,18,50,50,LOOK TO YOUR SOUL,Johnny Rivers,Imperial,5,50,
1968,19,1,1,HONEY,Bobby Goldsboro,United Artists,8,1,5 weeks at #1
1968,19,2,5,TIGHTEN UP,Archie Bell and the Drells,Atlantic,7,2,
1968,19,3,3,YOUNG GIRL,The Union Gap Featuring Gary Puckett,Columbia,11,2,
1968,19,4,8,"THE GOOD, THE BAD AND THE UGLY","Hugo Montenegro, His Orchestra and Chorus",RCA Victor,13,4,
1968,19,5,2,CRY LIKE A BABY,The Box Tops,Mala,11,2,
1968,19,6,9,A BEAUTIFUL MORNING,The Rascals,Atlantic,5,6,
1968,19,7,7,COWBOYS TO GIRLS,The Intruders,Gamble,8,7,
1968,19,8,10,THE UNICORN,The Irish Rovers,Decca,8,8,
1968,19,9,32,MRS. ROBINSON,Simon and Garfunkel,Columbia,3,9,
1968,19,10,4,LADY MADONNA,The Beatles,Capitol,8,4,
1968,19,11,17,LOVE IS ALL AROUND,The Troggs,Fontana,12,11,
1968,19,12,6,I GOT THE FEELIN’,James Brown and the Famous Flames,King,9,6,
1968,19,13,13,TAKE TIME TO KNOW HER,Percy Sledge,Atlantic,9,13,
1968,19,14,23,FUNKY STREET,Arthur Conley,Atco,9,14,
1968,19,15,14,SUMMERTIME BLUES,Blue Cheer,Philips,11,14,
1968,19,16,16,AIN’T NO WAY,Aretha Franklin,Atlantic,6,16,
1968,19,17,15,THE BALLAD OF BONNIE AND CLYDE,Georgie Fame,Epic,13,7,
1968,19,18,18,SWEET INSPIRATION,The Sweet Inspirations,Atlantic,11,18,
1968,19,19,21,DO YOU KNOW THE WAY TO SAN JOSE,Dionne Warwick,Scepter,5,19,
1968,19,20,20,SHOO-BE-DOO-BE-DOO-DA-DAY,Stevie Wonder,Tamla,6,20,
1968,19,21,12,DANCE TO THE MUSIC,Sly and the Family Stone,Epic,14,8,
1968,19,22,34,MONY MONY,Tommy James and the Shondells,Roulette,6,22,
1968,19,23,30,SOUL SERENADE,Willie Mitchell,Hi,10,23,
1968,19,24,25,AIN’T NOTHING LIKE THE REAL THING,Marvin Gaye and Tammi Terrell,Tamla,5,24,
1968,19,25,22,(Sweet Sweet Baby) SINCE YOU’VE BEEN GONE,Aretha Franklin,Atlantic,11,5,
1968,19,26,24,PLAYBOY,Gene and Debbe,TRX,13,17,
1968,19,27,27,DELILAH,Tom Jones,Parrot,9,27,
1968,19,28,31,U.S. MALE,Elvis Presley,RCA Victor,8,28,
1968,19,29,44,I WILL ALWAYS THINK ABOUT YOU,The New Colony Six,Mercury,7,29,
1968,19,30,41,SHE’S LOOKIN’ GOOD,Wilson Pickett,Atlantic,5,30,
1968,19,31,29,MIGHTY QUINN (Quinn the Eskimo),Manfred Mann,Mercury,11,10,
1968,19,32,26,LA-LA MEANS I LOVE YOU,The Delfonics,Philly Groove,15,4,
1968,19,33,11,IF YOU CAN WANT,Smokey Robinson and the Miracles,Tamla,12,11,
1968,19,34,33,TAKE GOOD CARE OF MY BABY,Bobby Vinton,Epic,7,33,
1968,19,35,19,(Sittin’ On) THE DOCK OF THE BAY,Otis Redding,Volt,16,1,
1968,19,36,69,IF I WERE A CARPENTER,The Four Tops,Motown,3,36,
1968,19,37,47,THE HAPPY SONG (Dum-Dum),Otis Redding,Volt,3,37,
1968,19,38,36,SCARBOROUGH FAIR (Canticle),Simon and Garfunkel,Columbia,11,11,
1968,19,39,39,THE UNKNOWN SOLDIER,The Doors,Elektra,7,39,
1968,19,40,40,CALL ME LIGHTNING,The Who,Decca,7,40,
1968,19,44,28,FOREVER CAME TODAY,Diana Ross and the Supremes,Motown,9,28,
1968,19,50,37,AME CALINE (Soul Coaxing),Raymond Lefevre and His Orchestra,4 Corners,12,37,
1968,19,41,43,JENNIFER ECCLES,The Hollies,Epic,9,41,
1968,19,42,42,THE SON OF HICKORY HOLLER’S TRAMP,O.C. Smith,Columbia,12,40,
1968,19,43,63,MASTER JACK,Four Jacks and a Jill,RCA Victor,7,43,
1968,19,45,46,LIKE TO GET TO KNOW YOU,Spanky and Our Gang,Mercury,4,45,
1968,19,46,48,DOES YOUR MAMA KNOW ABOUT ME,Bobby Taylor and the Vancouvers,Gordy,3,46,
1968,19,47,45,VALLERI,The Monkees,Colgems,10,3,
1968,19,48,49,MY GIRL/HEY GIRL (Medley),Bobby Vee,Liberty,4,48,
1968,19,49,50,LOOK TO YOUR SOUL,Johnny Rivers,Imperial,6,49,
1968,20,1,2,TIGHTEN UP,Archie Bell and the Drells,Atlantic,8,1,1 week at #1
1968,20,2,9,MRS. ROBINSON,Simon and Garfunkel,Columbia,4,2,
1968,20,3,1,HONEY,Bobby Goldsboro,United Artists,9,1,
1968,20,4,4,"THE GOOD, THE BAD AND THE UGLY","Hugo Montenegro, His Orchestra and Chorus",RCA Victor,14,4,
1968,20,5,6,A BEAUTIFUL MORNING,The Rascals,Atlantic,6,5,
1968,20,6,7,COWBOYS TO GIRLS,The Intruders,Gamble,9,6,
1968,20,7,11,LOVE IS ALL AROUND,The Troggs,Fontana,13,7,
1968,20,8,8,THE UNICORN,The Irish Rovers,Decca,9,8,
1968,20,9,3,YOUNG GIRL,The Union Gap Featuring Gary Puckett,Columbia,12,2,
1968,20,10,19,DO YOU KNOW THE WAY TO SAN JOSE,Dionne Warwick,Scepter,6,10,
1968,20,11,20,SHOO-BE-DOO-BE-DOO-DA-DAY,Stevie Wonder,Tamla,7,11,
1968,20,12,5,CRY LIKE A BABY,The Box Tops,Mala,12,2,
1968,20,13,13,TAKE TIME TO KNOW HER,Percy Sledge,Atlantic,10,13,
1968,20,14,24,AIN’T NOTHING LIKE THE REAL THING,Marvin Gaye and Tammi Terrell,Tamla,6,14,
1968,20,15,10,LADY MADONNA,The Beatles,Capitol,9,4,
1968,20,16,15,SUMMERTIME BLUES,Blue Cheer,Philips,12,14,
1968,20,17,12,I GOT THE FEELIN’,James Brown and the Famous Flames,King,10,6,
1968,20,18,14,FUNKY STREET,Arthur Conley,Atco,10,14,
1968,20,19,22,MONY MONY,Tommy James and the Shondells,Roulette,7,19,
1968,20,20,45,LIKE TO GET TO KNOW YOU,Spanky and Our Gang,Mercury,5,20,
1968,20,21,16,AIN’T NO WAY,Aretha Franklin,Atlantic,7,16,
1968,20,22,30,SHE’S LOOKIN’ GOOD,Wilson Pickett,Atlantic,6,22,
1968,20,23,23,SOUL SERENADE,Willie Mitchell,Hi,11,23,
1968,20,24,18,SWEET INSPIRATION,The Sweet Inspirations,Atlantic,12,18,
1968,20,25,56,I COULD NEVER LOVE ANOTHER (After Loving You),The Temptations,Gordy,3,25,
1968,20,26,27,DELILAH,Tom Jones,Parrot,10,26,
1968,20,27,37,THE HAPPY SONG (Dum-Dum),Otis Redding,Volt,4,27,
1968,20,28,29,I WILL ALWAYS THINK ABOUT YOU,The New Colony Six,Mercury,8,28,
1968,20,29,36,IF I WERE A CARPENTER,The Four Tops,Motown,4,29,
1968,20,30,46,DOES YOUR MAMA KNOW ABOUT ME,Bobby Taylor and the Vancouvers,Gordy,4,30,
1968,20,31,43,MASTER JACK,Four Jacks and a Jill,RCA Victor,8,31,
1968,20,32,62,YUMMY YUMMY YUMMY,The Ohio Express,Buddah,3,32,
1968,20,33,21,DANCE TO THE MUSIC,Sly and the Family Stone,Epic,15,8,
1968,20,34,17,THE BALLAD OF BONNIE AND CLYDE,Georgie Fame,Epic,14,7,
1968,20,35,25,(Sweet Sweet Baby) SINCE YOU’VE BEEN GONE,Aretha Franklin,Atlantic,12,5,
1968,20,36,48,MY GIRL/HEY GIRL (Medley),Bobby Vee,Liberty,5,36,
1968,20,37,34,TAKE GOOD CARE OF MY BABY,Bobby Vinton,Epic,8,33,
1968,20,38,26,PLAYBOY,Gene and Debbe,TRX,14,17,
1968,20,39,39,THE UNKNOWN SOLDIER,The Doors,Elektra,8,39,
1968,20,40,41,JENNIFER ECCLES,The Hollies,Epic,10,40,
1968,20,41,28,U.S. MALE,Elvis Presley,RCA Victor,9,28,
1968,20,42,40,CALL ME LIGHTNING,The Who,Decca,8,40,
1968,20,43,42,THE SON OF HICKORY HOLLER’S TRAMP,O.C. Smith,Columbia,13,40,
1968,20,44,54,I WANNA LIVE,Glen Campbell,Capitol,7,44,
1968,20,45,53,WEAR IT ON OUR FACE,The Dells,Cadet,6,45,
1968,20,46,69,I’M SORRY,The Delfonics,Philly Groove,4,46,
1968,20,47,55,FRIENDS,The Beach Boys,Capitol,5,47,
1968,20,48,79,MACARTHUR PARK,Richard Harris,Dunhill,2,48,
1968,20,49,49,LOOK TO YOUR SOUL,Johnny Rivers,Imperial,7,49,
1968,20,50,61,I LOVE YOU,People,Capitol,7,50,
1968,21,1,1,TIGHTEN UP,Archie Bell and the Drells,Atlantic,9,1,2 weeks at #1
1968,21,2,2,MRS. ROBINSON,Simon and Garfunkel,Columbia,5,2,
1968,21,3,5,A BEAUTIFUL MORNING,The Rascals,Atlantic,7,3,
1968,21,4,4,"THE GOOD, THE BAD AND THE UGLY","Hugo Montenegro, His Orchestra and Chorus",RCA Victor,15,4,
1968,21,5,3,HONEY,Bobby Goldsboro,United Artists,10,1,
1968,21,6,6,COWBOYS TO GIRLS,The Intruders,Gamble,10,6,
1968,21,7,8,THE UNICORN,The Irish Rovers,Decca,10,7,
1968,21,8,14,AIN’T NOTHING LIKE THE REAL THING,Marvin Gaye and Tammi Terrell,Tamla,7,8,
1968,21,9,11,SHOO-BE-DOO-BE-DOO-DA-DAY,Stevie Wonder,Tamla,8,9,
1968,21,10,10,DO YOU KNOW THE WAY TO SAN JOSE,Dionne Warwick,Scepter,7,10,
1968,21,11,13,TAKE TIME TO KNOW HER,Percy Sledge,Atlantic,11,11,
1968,21,12,19,MONY MONY,Tommy James and the Shondells,Roulette,8,12,
1968,21,13,9,YOUNG GIRL,The Union Gap Featuring Gary Puckett,Columbia,13,2,
1968,21,14,7,LOVE IS ALL AROUND,The Troggs,Fontana,14,7,
1968,21,15,22,SHE’S LOOKIN’ GOOD,Wilson Pickett,Atlantic,7,15,
1968,21,16,67,THINK,Aretha Franklin,Atlantic,2,16,
1968,21,17,17,I GOT THE FEELIN’,James Brown and the Famous Flames,King,11,6,
1968,21,18,18,FUNKY STREET,Arthur Conley,Atco,11,14,
1968,21,19,12,CRY LIKE A BABY,The Box Tops,Mala,13,2,
1968,21,20,20,LIKE TO GET TO KNOW YOU,Spanky and Our Gang,Mercury,6,20,
1968,21,21,26,DELILAH,Tom Jones,Parrot,11,21,
1968,21,22,25,I COULD NEVER LOVE ANOTHER (After Loving You),The Temptations,Gordy,4,22,
1968,21,23,23,SOUL SERENADE,Willie Mitchell,Hi,12,23,
1968,21,24,32,YUMMY YUMMY YUMMY,The Ohio Express,Buddah,4,24,
1968,21,25,27,THE HAPPY SONG (Dum-Dum),Otis Redding,Volt,5,25,
1968,21,26,29,IF I WERE A CARPENTER,The Four Tops,Motown,5,26,
1968,21,27,72,THIS GUY’S IN LOVE WITH YOU,Herb Alpert,A&M,2,27,
1968,21,28,28,I WILL ALWAYS THINK ABOUT YOU,The New Colony Six,Mercury,9,28,
1968,21,29,30,DOES YOUR MAMA KNOW ABOUT ME,Bobby Taylor and the Vancouvers,Gordy,5,29,
1968,21,30,31,MASTER JACK,Four Jacks and a Jill,RCA Victor,9,30,
1968,21,31,15,LADY MADONNA,The Beatles,Capitol,10,4,
1968,21,32,24,SWEET INSPIRATION,The Sweet Inspirations,Atlantic,13,18,
1968,21,33,16,SUMMERTIME BLUES,Blue Cheer,Philips,13,14,
1968,21,34,48,MACARTHUR PARK,Richard Harris,Dunhill,3,34,
1968,21,35,36,MY GIRL/HEY GIRL (Medley),Bobby Vee,Liberty,6,35,
1968,21,36,44,I WANNA LIVE,Glen Campbell,Capitol,8,36,
1968,21,37,21,AIN’T NO WAY,Aretha Franklin,Atlantic,8,16,
1968,21,38,38,PLAYBOY,Gene and Debbe,TRX,15,17,
1968,21,39,52,PAYING THE COST TO BE THE BOSS,B.B. King,Bluesway,6,39,
1968,21,40,50,I LOVE YOU,People,Capitol,8,40,
1968,21,54,40,JENNIFER ECCLES,The Hollies,Epic,11,40,
1968,21,41,61,(You Keep Me) HANGIN’ ON,Joe Simon,Sound Stage 7,7,41,
1968,21,42,60,THE LOOK OF LOVE,Sergio Mendes and Brasil ’66,A&M,3,42,
1968,21,43,46,I’M SORRY,The Delfonics,Philly Groove,5,43,
1968,21,44,45,WEAR IT ON OUR FACE,The Dells,Cadet,7,44,
1968,21,45,43,THE SON OF HICKORY HOLLER’S TRAMP,O.C. Smith,Columbia,14,40,
1968,21,46,73,TIME FOR LIVIN’,The Association,Warner Brothers/Seven Arts,2,46,
1968,21,47,47,FRIENDS,The Beach Boys,Capitol,6,47,
1968,21,48,55,ANGEL OF THE MORNING,Merrilee Rush and the Turnabouts,Bell,4,48,
1968,21,49,54,HOW’D WE EVER GET THIS WAY,Andy Kim,Steed,4,49,
1968,21,50,62,NEVER GIVE YOU UP,Jerry Butler,Mercury,4,50,
1968,22,1,2,MRS. ROBINSON,Simon and Garfunkel,Columbia,6,1,1 week at #1
1968,22,2,4,"THE GOOD, THE BAD AND THE UGLY","Hugo Montenegro, His Orchestra and Chorus",RCA Victor,16,2,
1968,22,3,3,A BEAUTIFUL MORNING,The Rascals,Atlantic,8,3,
1968,22,4,1,TIGHTEN UP,Archie Bell and the Drells,Atlantic,10,1,
1968,22,5,5,HONEY,Bobby Goldsboro,United Artists,11,1,
1968,22,6,24,YUMMY YUMMY YUMMY,The Ohio Express,Buddah,5,6,
1968,22,7,12,MONY MONY,Tommy James and the Shondells,Roulette,9,7,
1968,22,8,8,AIN’T NOTHING LIKE THE REAL THING,Marvin Gaye and Tammi Terrell,Tamla,8,8,
1968,22,9,6,COWBOYS TO GIRLS,The Intruders,Gamble,11,6,
1968,22,10,10,DO YOU KNOW THE WAY TO SAN JOSE,Dionne Warwick,Scepter,8,10,
1968,22,11,27,THIS GUY’S IN LOVE WITH YOU,Herb Alpert,A&M,3,11,
1968,22,12,34,MACARTHUR PARK,Richard Harris,Dunhill,4,12,
1968,22,13,16,THINK,Aretha Franklin,Atlantic,3,13,
1968,22,14,14,LOVE IS ALL AROUND,The Troggs,Fontana,15,7,
1968,22,15,15,SHE’S LOOKIN’ GOOD,Wilson Pickett,Atlantic,8,15,
1968,22,16,9,SHOO-BE-DOO-BE-DOO-DA-DAY,Stevie Wonder,Tamla,9,9,
1968,22,17,13,YOUNG GIRL,The Union Gap Featuring Gary Puckett,Columbia,14,2,
1968,22,18,7,THE UNICORN,The Irish Rovers,Decca,11,7,
1968,22,19,20,LIKE TO GET TO KNOW YOU,Spanky and Our Gang,Mercury,7,19,
1968,22,20,22,I COULD NEVER LOVE ANOTHER (After Loving You),The Temptations,Gordy,5,20,
1968,22,21,21,DELILAH,Tom Jones,Parrot,12,21,
1968,22,22,28,I WILL ALWAYS THINK ABOUT YOU,The New Colony Six,Mercury,10,22,
1968,22,23,30,MASTER JACK,Four Jacks and a Jill,RCA Victor,10,23,
1968,22,24,11,TAKE TIME TO KNOW HER,Percy Sledge,Atlantic,12,11,
1968,22,25,26,IF I WERE A CARPENTER,The Four Tops,Motown,6,25,
1968,22,26,23,SOUL SERENADE,Willie Mitchell,Hi,13,23,
1968,22,27,19,CRY LIKE A BABY,The Box Tops,Mala,14,2,
1968,22,28,25,THE HAPPY SONG (Dum-Dum),Otis Redding,Volt,6,25,
1968,22,29,49,HOW’D WE EVER GET THIS WAY,Andy Kim,Steed,5,29,
1968,22,30,48,ANGEL OF THE MORNING,Merrilee Rush and the Turnabouts,Bell,5,30,
1968,22,31,40,I LOVE YOU,People,Capitol,9,31,
1968,22,32,75,LICKING STICK – LICKING STICK (Part 1),James Brown and the Famous Flames,King,2,32,
1968,22,33,32,SWEET INSPIRATION,The Sweet Inspirations,Atlantic,14,18,
1968,22,34,42,THE LOOK OF LOVE,Sergio Mendes and Brasil ’66,A&M,4,34,
1968,22,35,35,MY GIRL/HEY GIRL (Medley),Bobby Vee,Liberty,7,35,
1968,22,36,36,I WANNA LIVE,Glen Campbell,Capitol,9,36,
1968,22,37,18,FUNKY STREET,Arthur Conley,Atco,12,14,
1968,22,38,57,REACH OUT OF THE DARKNESS,Friend & Lover,Verve Forecast,3,38,
1968,22,39,52,A MAN WITHOUT LOVE (Quando M’innamoro),Engelbert Humperdinck,Parrot,4,39,
1968,22,40,29,DOES YOUR MAMA KNOW ABOUT ME,Bobby Taylor and the Vancouvers,Gordy,6,29,
1968,22,43,17,I GOT THE FEELIN’,James Brown and the Famous Flames,King,12,6,
1968,22,44,31,LADY MADONNA,The Beatles,Capitol,11,4,
1968,22,47,38,PLAYBOY,Gene and Debbe,TRX,16,17,
1968,22,55,39,PAYING THE COST TO BE THE BOSS,B.B. King,Bluesway,7,39,
1968,22,41,41,(You Keep Me) HANGIN’ ON,Joe Simon,Sound Stage 7,8,41,
1968,22,42,43,I’M SORRY,The Delfonics,Philly Groove,6,42,
1968,22,45,46,TIME FOR LIVIN’,The Association,Warner Brothers/Seven Arts,3,45,
1968,22,46,69,TIP-TOE THRU’ THE TULIPS WITH ME,Tiny Tim,Reprise,3,46,
1968,22,48,58,SHE’S A HEARTBREAKER,Gene Pitney,Musicor,4,48,
1968,22,49,44,WEAR IT ON OUR FACE,The Dells,Cadet,8,44,
1968,22,50,50,NEVER GIVE YOU UP,Jerry Butler,Mercury,5,50,
1968,23,1,1,MRS. ROBINSON,Simon and Garfunkel,Columbia,7,1,2 weeks at #1
1968,23,2,4,TIGHTEN UP,Archie Bell and the Drells,Atlantic,11,1,
1968,23,3,11,THIS GUY’S IN LOVE WITH YOU,Herb Alpert,A&M,4,3,
1968,23,4,2,"THE GOOD, THE BAD AND THE UGLY","Hugo Montenegro, His Orchestra and Chorus",RCA Victor,17,2,
1968,23,5,7,MONY MONY,Tommy James and the Shondells,Roulette,10,5,
1968,23,6,6,YUMMY YUMMY YUMMY,The Ohio Express,Buddah,6,6,
1968,23,7,12,MACARTHUR PARK,Richard Harris,Dunhill,5,7,
1968,23,8,3,A BEAUTIFUL MORNING,The Rascals,Atlantic,9,3,
1968,23,9,13,THINK,Aretha Franklin,Atlantic,4,9,
1968,23,10,5,HONEY,Bobby Goldsboro,United Artists,12,1,
1968,23,11,8,AIN’T NOTHING LIKE THE REAL THING,Marvin Gaye and Tammi Terrell,Tamla,9,8,
1968,23,12,9,COWBOYS TO GIRLS,The Intruders,Gamble,12,6,
1968,23,13,34,THE LOOK OF LOVE,Sergio Mendes and Brasil ’66,A&M,5,13,
1968,23,14,30,ANGEL OF THE MORNING,Merrilee Rush and the Turnabouts,Bell,6,14,
1968,23,15,21,DELILAH,Tom Jones,Parrot,13,15,
1968,23,16,16,SHOO-BE-DOO-BE-DOO-DA-DAY,Stevie Wonder,Tamla,10,9,
1968,23,17,19,LIKE TO GET TO KNOW YOU,Spanky and Our Gang,Mercury,8,17,
1968,23,18,23,MASTER JACK,Four Jacks and a Jill,RCA Victor,11,18,
1968,23,19,20,I COULD NEVER LOVE ANOTHER (After Loving You),The Temptations,Gordy,6,19,
1968,23,20,25,IF I WERE A CARPENTER,The Four Tops,Motown,7,20,
1968,23,21,10,DO YOU KNOW THE WAY TO SAN JOSE,Dionne Warwick,Scepter,9,10,
1968,23,22,31,I LOVE YOU,People,Capitol,10,22,
1968,23,23,38,REACH OUT OF THE DARKNESS,Friend & Lover,Verve Forecast,4,23,
1968,23,24,24,TAKE TIME TO KNOW HER,Percy Sledge,Atlantic,13,11,
1968,23,25,32,LICKING STICK – LICKING STICK (Part 1),James Brown and the Famous Flames,King,3,25,
1968,23,26,22,I WILL ALWAYS THINK ABOUT YOU,The New Colony Six,Mercury,11,22,
1968,23,27,39,A MAN WITHOUT LOVE (Quando M’innamoro),Engelbert Humperdinck,Parrot,5,27,
1968,23,28,28,THE HAPPY SONG (Dum-Dum),Otis Redding,Volt,7,25,
1968,23,29,29,HOW’D WE EVER GET THIS WAY,Andy Kim,Steed,6,29,
1968,23,30,15,SHE’S LOOKIN’ GOOD,Wilson Pickett,Atlantic,9,15,
1968,23,31,14,LOVE IS ALL AROUND,The Troggs,Fontana,16,7,
1968,23,32,26,SOUL SERENADE,Willie Mitchell,Hi,14,23,
1968,23,33,46,TIP-TOE THRU’ THE TULIPS WITH ME,Tiny Tim,Reprise,4,33,
1968,23,34,54,THE HORSE,Cliff Nobles and Co.,Phil-L.A. Of Soul,3,34,
1968,23,35,35,MY GIRL/HEY GIRL (Medley),Bobby Vee,Liberty,8,35,
1968,23,36,17,YOUNG GIRL,The Union Gap Featuring Gary Puckett,Columbia,15,2,
1968,23,37,41,(You Keep Me) HANGIN’ ON,Joe Simon,Sound Stage 7,9,37,
1968,23,38,50,NEVER GIVE YOU UP,Jerry Butler,Mercury,6,38,
1968,23,39,62,CHOO CHOO TRAIN,The Box Tops,Mala,2,39,
1968,23,40,40,DOES YOUR MAMA KNOW ABOUT ME,Bobby Taylor and the Vancouvers,Gordy,7,29,
1968,23,44,36,I WANNA LIVE,Glen Campbell,Capitol,10,36,
1968,23,45,18,THE UNICORN,The Irish Rovers,Decca,12,7,
1968,23,46,27,CRY LIKE A BABY,The Box Tops,Mala,15,2,
1968,23,41,45,TIME FOR LIVIN’,The Association,Warner Brothers/Seven Arts,4,41,
1968,23,42,42,I’M SORRY,The Delfonics,Philly Groove,7,42,
1968,23,43,48,SHE’S A HEARTBREAKER,Gene Pitney,Musicor,5,43,
1968,23,47,73,YESTER LOVE,Smokey Robinson and the Miracles,Tamla,2,47,
1968,23,48,56,UNITED,Peaches and Herb,Date,4,48,
1968,23,49,53,IF YOU DON’T WANT MY LOVE,Robert John,Columbia,9,49,
1968,23,50,83,HERE COMES THE JUDGE,Shorty Long,Soul,2,50,
1968,24,1,1,MRS. ROBINSON,Simon and Garfunkel,Columbia,8,1,3 weeks at #1
1968,24,2,3,THIS GUY’S IN LOVE WITH YOU,Herb Alpert,A&M,5,2,
1968,24,3,5,MONY MONY,Tommy James and the Shondells,Roulette,11,3,
1968,24,4,6,YUMMY YUMMY YUMMY,The Ohio Express,Buddah,7,4,
1968,24,5,7,MACARTHUR PARK,Richard Harris,Dunhill,6,5,
1968,24,6,2,TIGHTEN UP,Archie Bell and the Drells,Atlantic,12,1,
1968,24,7,9,THINK,Aretha Franklin,Atlantic,5,7,
1968,24,8,8,A BEAUTIFUL MORNING,The Rascals,Atlantic,10,3,
1968,24,9,4,"THE GOOD, THE BAD AND THE UGLY","Hugo Montenegro, His Orchestra and Chorus",RCA Victor,18,2,
1968,24,10,13,THE LOOK OF LOVE,Sergio Mendes and Brasil ’66,A&M,6,10,
1968,24,11,11,AIN’T NOTHING LIKE THE REAL THING,Marvin Gaye and Tammi Terrell,Tamla,10,8,
1968,24,12,10,HONEY,Bobby Goldsboro,United Artists,13,1,
1968,24,13,19,I COULD NEVER LOVE ANOTHER (After Loving You),The Temptations,Gordy,7,13,
1968,24,14,14,ANGEL OF THE MORNING,Merrilee Rush and the Turnabouts,Bell,7,14,
1968,24,15,34,THE HORSE,Cliff Nobles and Co.,Phil-L.A. Of Soul,4,15,
1968,24,16,15,DELILAH,Tom Jones,Parrot,14,15,
1968,24,17,25,LICKING STICK – LICKING STICK (Part 1),James Brown and the Famous Flames,King,4,17,
1968,24,18,22,I LOVE YOU,People,Capitol,11,18,
1968,24,19,50,HERE COMES THE JUDGE,Shorty Long,Soul,3,19,
1968,24,20,20,IF I WERE A CARPENTER,The Four Tops,Motown,8,20,
1968,24,21,21,DO YOU KNOW THE WAY TO SAN JOSE,Dionne Warwick,Scepter,10,10,
1968,24,22,23,REACH OUT OF THE DARKNESS,Friend & Lover,Verve Forecast,5,22,
1968,24,23,18,MASTER JACK,Four Jacks and a Jill,RCA Victor,12,18,
1968,24,24,17,LIKE TO GET TO KNOW YOU,Spanky and Our Gang,Mercury,9,17,
1968,24,25,37,(You Keep Me) HANGIN’ ON,Joe Simon,Sound Stage 7,10,25,
1968,24,26,27,A MAN WITHOUT LOVE (Quando M’innamoro),Engelbert Humperdinck,Parrot,6,26,
1968,24,27,29,HOW’D WE EVER GET THIS WAY,Andy Kim,Steed,7,27,
1968,24,28,16,SHOO-BE-DOO-BE-DOO-DA-DAY,Stevie Wonder,Tamla,11,9,
1968,24,29,12,COWBOYS TO GIRLS,The Intruders,Gamble,13,6,
1968,24,30,33,TIP-TOE THRU’ THE TULIPS WITH ME,Tiny Tim,Reprise,5,30,
1968,24,31,30,SHE’S LOOKIN’ GOOD,Wilson Pickett,Atlantic,10,15,
1968,24,32,26,I WILL ALWAYS THINK ABOUT YOU,The New Colony Six,Mercury,12,22,
1968,24,33,32,SOUL SERENADE,Willie Mitchell,Hi,15,23,
1968,24,34,39,CHOO CHOO TRAIN,The Box Tops,Mala,3,34,
1968,24,35,38,NEVER GIVE YOU UP,Jerry Butler,Mercury,7,35,
1968,24,36,40,DOES YOUR MAMA KNOW ABOUT ME,Bobby Taylor and the Vancouvers,Gordy,8,29,
1968,24,37,24,TAKE TIME TO KNOW HER,Percy Sledge,Atlantic,14,11,
1968,24,38,62,JUMPIN’ JACK FLASH,The Rolling Stones,London,2,38,
1968,24,39,43,SHE’S A HEARTBREAKER,Gene Pitney,Musicor,6,39,
1968,24,40,77,"FACE IT GIRL, IT’S OVER",Nancy Wilson,Capitol,6,40,
1968,24,43,28,THE HAPPY SONG (Dum-Dum),Otis Redding,Volt,8,25,
1968,24,63,35,MY GIRL/HEY GIRL (Medley),Bobby Vee,Liberty,9,35,
1968,24,41,41,TIME FOR LIVIN’,The Association,Warner Brothers/Seven Arts,5,41,
1968,24,42,42,I’M SORRY,The Delfonics,Philly Groove,8,42,
1968,24,44,44,I WANNA LIVE,Glen Campbell,Capitol,11,36,
1968,24,45,64,LADY WILLPOWER,Gary Puckett and the Union Gap,Columbia,2,45,
1968,24,46,48,UNITED,Peaches and Herb,Date,5,46,
1968,24,47,47,YESTER LOVE,Smokey Robinson and the Miracles,Tamla,3,47,
1968,24,48,55,YOU DON’T KNOW WHAT YOU MEAN TO ME,Sam and Dave,Stax,4,48,
1968,24,49,49,IF YOU DON’T WANT MY LOVE,Robert John,Columbia,10,49,
1968,24,50,66,IT SHOULD HAVE BEEN ME,Gladys Knight and the Pips,Soul,2,50,
1968,25,1,2,THIS GUY’S IN LOVE WITH YOU,Herb Alpert,A&M,6,1,1 week at #1
1968,25,2,5,MACARTHUR PARK,Richard Harris,Dunhill,7,2,
1968,25,3,1,MRS. ROBINSON,Simon and Garfunkel,Columbia,9,1,
1968,25,4,4,YUMMY YUMMY YUMMY,The Ohio Express,Buddah,8,4,
1968,25,5,10,THE LOOK OF LOVE,Sergio Mendes and Brasil ’66,A&M,7,5,
1968,25,6,3,MONY MONY,Tommy James and the Shondells,Roulette,12,3,
1968,25,7,7,THINK,Aretha Franklin,Atlantic,6,7,
1968,25,8,14,ANGEL OF THE MORNING,Merrilee Rush and the Turnabouts,Bell,8,8,
1968,25,9,6,TIGHTEN UP,Archie Bell and the Drells,Atlantic,13,1,
1968,25,10,22,REACH OUT OF THE DARKNESS,Friend & Lover,Verve Forecast,6,10,
1968,25,11,19,HERE COMES THE JUDGE,Shorty Long,Soul,4,11,
1968,25,12,38,JUMPIN’ JACK FLASH,The Rolling Stones,London,3,12,
1968,25,13,13,I COULD NEVER LOVE ANOTHER (After Loving You),The Temptations,Gordy,8,13,
1968,25,14,18,I LOVE YOU,People,Capitol,12,14,
1968,25,15,15,THE HORSE,Cliff Nobles and Co.,Phil-L.A. Of Soul,5,15,
1968,25,16,8,A BEAUTIFUL MORNING,The Rascals,Atlantic,11,3,
1968,25,17,17,LICKING STICK – LICKING STICK (Part 1),James Brown and the Famous Flames,King,5,17,
1968,25,18,9,"THE GOOD, THE BAD AND THE UGLY","Hugo Montenegro, His Orchestra and Chorus",RCA Victor,19,2,
1968,25,19,26,A MAN WITHOUT LOVE (Quando M’innamoro),Engelbert Humperdinck,Parrot,7,19,
1968,25,20,45,LADY WILLPOWER,Gary Puckett and the Union Gap,Columbia,3,20,
1968,25,21,27,HOW’D WE EVER GET THIS WAY,Andy Kim,Steed,8,21,
1968,25,22,30,TIP-TOE THRU’ THE TULIPS WITH ME,Tiny Tim,Reprise,6,22,
1968,25,23,11,AIN’T NOTHING LIKE THE REAL THING,Marvin Gaye and Tammi Terrell,Tamla,11,8,
1968,25,24,24,LIKE TO GET TO KNOW YOU,Spanky and Our Gang,Mercury,10,17,
1968,25,25,25,(You Keep Me) HANGIN’ ON,Joe Simon,Sound Stage 7,11,25,
1968,25,26,12,HONEY,Bobby Goldsboro,United Artists,14,1,
1968,25,27,34,CHOO CHOO TRAIN,The Box Tops,Mala,4,27,
1968,25,28,51,INDIAN LAKE,The Cowsills,MGM,4,28,
1968,25,29,61,D.W. WASHBURN,The Monkees,Colgems,2,29,
1968,25,30,23,MASTER JACK,Four Jacks and a Jill,RCA Victor,13,18,
1968,25,31,53,STONED SOUL PICNIC,The 5th Dimension,Soul City,4,31,
1968,25,32,52,GRAZING IN THE GRASS,Hugh Masekela,Uni,3,32,
1968,25,33,39,SHE’S A HEARTBREAKER,Gene Pitney,Musicor,7,33,
1968,25,34,35,NEVER GIVE YOU UP,Jerry Butler,Mercury,8,34,
1968,25,35,21,DO YOU KNOW THE WAY TO SAN JOSE,Dionne Warwick,Scepter,11,10,
1968,25,36,28,SHOO-BE-DOO-BE-DOO-DA-DAY,Stevie Wonder,Tamla,12,9,
1968,25,37,16,DELILAH,Tom Jones,Parrot,15,15,
1968,25,38,54,SKY PILOT (Part 1),Eric Burdon and the Animals,MGM,4,38,
1968,25,39,41,TIME FOR LIVIN’,The Association,Warner Brothers/Seven Arts,6,39,
1968,25,40,40,"FACE IT GIRL, IT’S OVER",Nancy Wilson,Capitol,7,40,
1968,25,41,29,COWBOYS TO GIRLS,The Intruders,Gamble,14,6,
1968,25,42,20,IF I WERE A CARPENTER,The Four Tops,Motown,9,20,
1968,25,43,32,I WILL ALWAYS THINK ABOUT YOU,The New Colony Six,Mercury,13,22,
1968,25,57,36,DOES YOUR MAMA KNOW ABOUT ME,Bobby Taylor and the Vancouvers,Gordy,9,29,
1968,25,44,55,FOLSOM PRISON BLUES,Johnny Cash,Columbia,5,44,
1968,25,45,56,SOME THINGS YOU NEVER GET USED TO,Diana Ross and the Supremes,Motown,3,45,
1968,25,46,46,UNITED,Peaches and Herb,Date,6,46,
1968,25,47,47,YESTER LOVE,Smokey Robinson and the Miracles,Tamla,4,47,
1968,25,48,48,YOU DON’T KNOW WHAT YOU MEAN TO ME,Sam and Dave,Stax,5,48,
1968,25,49,49,IF YOU DON’T WANT MY LOVE,Robert John,Columbia,11,49,
1968,25,50,50,IT SHOULD HAVE BEEN ME,Gladys Knight and the Pips,Soul,3,50,
1968,26,1,1,THIS GUY’S IN LOVE WITH YOU,Herb Alpert,A&M,7,1,2 weeks at #1
1968,26,2,15,THE HORSE,Cliff Nobles and Co.,Phil-L.A. Of Soul,6,2,
1968,26,3,2,MACARTHUR PARK,Richard Harris,Dunhill,8,2,
1968,26,4,4,YUMMY YUMMY YUMMY,The Ohio Express,Buddah,9,4,
1968,26,5,5,THE LOOK OF LOVE,Sergio Mendes and Brasil ’66,A&M,8,5,
1968,26,6,6,MONY MONY,Tommy James and the Shondells,Roulette,13,3,
1968,26,7,8,ANGEL OF THE MORNING,Merrilee Rush and the Turnabouts,Bell,9,7,
1968,26,8,7,THINK,Aretha Franklin,Atlantic,7,7,
1968,26,9,11,HERE COMES THE JUDGE,Shorty Long,Soul,5,9,
1968,26,10,10,REACH OUT OF THE DARKNESS,Friend & Lover,Verve Forecast,7,10,
1968,26,11,12,JUMPIN’ JACK FLASH,The Rolling Stones,London,4,11,
1968,26,12,3,MRS. ROBINSON,Simon and Garfunkel,Columbia,10,1,
1968,26,13,32,GRAZING IN THE GRASS,Hugh Masekela,Uni,4,13,
1968,26,14,17,LICKING STICK – LICKING STICK (Part 1),James Brown and the Famous Flames,King,6,14,
1968,26,15,20,LADY WILLPOWER,Gary Puckett and the Union Gap,Columbia,4,15,
1968,26,16,14,I LOVE YOU,People,Capitol,13,14,
1968,26,17,22,TIP-TOE THRU’ THE TULIPS WITH ME,Tiny Tim,Reprise,7,17,
1968,26,18,28,INDIAN LAKE,The Cowsills,MGM,5,18,
1968,26,19,31,STONED SOUL PICNIC,The 5th Dimension,Soul City,5,19,
1968,26,20,13,I COULD NEVER LOVE ANOTHER (After Loving You),The Temptations,Gordy,9,13,
1968,26,21,21,HOW’D WE EVER GET THIS WAY,Andy Kim,Steed,9,21,
1968,26,22,33,SHE’S A HEARTBREAKER,Gene Pitney,Musicor,8,22,
1968,26,23,23,AIN’T NOTHING LIKE THE REAL THING,Marvin Gaye and Tammi Terrell,Tamla,12,8,
1968,26,24,18,"THE GOOD, THE BAD AND THE UGLY","Hugo Montenegro, His Orchestra and Chorus",RCA Victor,20,2,
1968,26,25,25,(You Keep Me) HANGIN’ ON,Joe Simon,Sound Stage 7,12,25,
1968,26,26,27,CHOO CHOO TRAIN,The Box Tops,Mala,5,26,
1968,26,27,16,A BEAUTIFUL MORNING,The Rascals,Atlantic,12,3,
1968,26,28,9,TIGHTEN UP,Archie Bell and the Drells,Atlantic,14,1,
1968,26,29,29,D.W. WASHBURN,The Monkees,Colgems,3,29,
1968,26,30,34,NEVER GIVE YOU UP,Jerry Butler,Mercury,9,30,
1968,26,31,19,A MAN WITHOUT LOVE (Quando M’innamoro),Engelbert Humperdinck,Parrot,8,19,
1968,26,32,47,YESTER LOVE,Smokey Robinson and the Miracles,Tamla,5,32,
1968,26,33,44,FOLSOM PRISON BLUES,Johnny Cash,Columbia,6,33,
1968,26,34,38,SKY PILOT (Part 1),Eric Burdon and the Animals,MGM,5,34,
1968,26,35,24,LIKE TO GET TO KNOW YOU,Spanky and Our Gang,Mercury,11,17,
1968,26,36,53,PICTURES OF MATCHSTICK MEN,The Status Quo,Cadet Concept,7,36,
1968,26,37,76,HURDY GURDY MAN,Donovan,Epic,2,37,
1968,26,38,30,MASTER JACK,Four Jacks and a Jill,RCA Victor,14,18,
1968,26,39,39,TIME FOR LIVIN’,The Association,Warner Brothers/Seven Arts,7,39,
1968,26,40,40,"FACE IT GIRL, IT’S OVER",Nancy Wilson,Capitol,8,40,
1968,26,41,26,HONEY,Bobby Goldsboro,United Artists,15,1,
1968,26,43,36,SHOO-BE-DOO-BE-DOO-DA-DAY,Stevie Wonder,Tamla,13,9,
1968,26,44,35,DO YOU KNOW THE WAY TO SAN JOSE,Dionne Warwick,Scepter,12,10,
1968,26,42,45,SOME THINGS YOU NEVER GET USED TO,Diana Ross and the Supremes,Motown,4,42,
1968,26,45,56,"TURN AROUND, LOOK AT ME",The Vogues,Reprise,3,45,
1968,26,46,95,I’M A MIDNIGHT MOVER,Wilson Pickett,Atlantic,2,46,
1968,26,47,46,UNITED,Peaches and Herb,Date,7,46,
1968,26,48,48,YOU DON’T KNOW WHAT YOU MEAN TO ME,Sam and Dave,Stax,6,48,
1968,26,49,42,IF I WERE A CARPENTER,The Four Tops,Motown,10,20,
1968,26,50,50,IT SHOULD HAVE BEEN ME,Gladys Knight and the Pips,Soul,4,50,
1968,27,1,1,THIS GUY’S IN LOVE WITH YOU,Herb Alpert,A&M,8,1,3 weeks at #1
1968,27,2,2,THE HORSE,Cliff Nobles and Co.,Phil-L.A. Of Soul,7,2,
1968,27,3,11,JUMPIN’ JACK FLASH,The Rolling Stones,London,5,3,
1968,27,4,5,THE LOOK OF LOVE,Sergio Mendes and Brasil ’66,A&M,9,4,
1968,27,5,13,GRAZING IN THE GRASS,Hugh Masekela,Uni,5,5,
1968,27,6,15,LADY WILLPOWER,Gary Puckett and the Union Gap,Columbia,5,6,
1968,27,7,7,ANGEL OF THE MORNING,Merrilee Rush and the Turnabouts,Bell,10,7,
1968,27,8,9,HERE COMES THE JUDGE,Shorty Long,Soul,6,8,
1968,27,9,3,MACARTHUR PARK,Richard Harris,Dunhill,9,2,
1968,27,10,10,REACH OUT OF THE DARKNESS,Friend & Lover,Verve Forecast,8,10,
1968,27,11,4,YUMMY YUMMY YUMMY,The Ohio Express,Buddah,10,4,
1968,27,12,6,MONY MONY,Tommy James and the Shondells,Roulette,14,3,
1968,27,13,12,MRS. ROBINSON,Simon and Garfunkel,Columbia,11,1,
1968,27,14,8,THINK,Aretha Franklin,Atlantic,8,7,
1968,27,15,18,INDIAN LAKE,The Cowsills,MGM,6,15,
1968,27,16,16,I LOVE YOU,People,Capitol,14,14,
1968,27,17,19,STONED SOUL PICNIC,The 5th Dimension,Soul City,6,17,
1968,27,18,14,LICKING STICK – LICKING STICK (Part 1),James Brown and the Famous Flames,King,7,14,
1968,27,19,29,D.W. WASHBURN,The Monkees,Colgems,4,19,
1968,27,20,30,NEVER GIVE YOU UP,Jerry Butler,Mercury,10,20,
1968,27,21,21,HOW’D WE EVER GET THIS WAY,Andy Kim,Steed,10,21,
1968,27,22,22,SHE’S A HEARTBREAKER,Gene Pitney,Musicor,9,22,
1968,27,23,37,HURDY GURDY MAN,Donovan,Epic,3,23,
1968,27,24,59,HERE COMES THE JUDGE,Pigmeat Markham,Chess,4,24,
1968,27,25,25,(You Keep Me) HANGIN’ ON,Joe Simon,Sound Stage 7,13,25,
1968,27,26,26,CHOO CHOO TRAIN,The Box Tops,Mala,6,26,
1968,27,27,17,TIP-TOE THRU’ THE TULIPS WITH ME,Tiny Tim,Reprise,8,17,
1968,27,28,24,"THE GOOD, THE BAD AND THE UGLY","Hugo Montenegro, His Orchestra and Chorus",RCA Victor,21,2,
1968,27,29,34,SKY PILOT (Part 1),Eric Burdon and the Animals,MGM,6,29,
1968,27,30,42,SOME THINGS YOU NEVER GET USED TO,Diana Ross and the Supremes,Motown,5,30,
1968,27,31,32,YESTER LOVE,Smokey Robinson and the Miracles,Tamla,6,31,
1968,27,32,33,FOLSOM PRISON BLUES,Johnny Cash,Columbia,7,32,
1968,27,33,28,TIGHTEN UP,Archie Bell and the Drells,Atlantic,15,1,
1968,27,34,36,PICTURES OF MATCHSTICK MEN,The Status Quo,Cadet Concept,8,34,
1968,27,35,20,I COULD NEVER LOVE ANOTHER (After Loving You),The Temptations,Gordy,10,13,
1968,27,36,23,AIN’T NOTHING LIKE THE REAL THING,Marvin Gaye and Tammi Terrell,Tamla,13,8,
1968,27,37,46,I’M A MIDNIGHT MOVER,Wilson Pickett,Atlantic,3,37,
1968,27,38,40,"FACE IT GIRL, IT’S OVER",Nancy Wilson,Capitol,9,38,
1968,27,39,58,LOVER’S HOLIDAY,Peggy Scott and Jo Jo Benson,SSS International,5,39,
1968,27,40,50,IT SHOULD HAVE BEEN ME,Gladys Knight and the Pips,Soul,5,40,
1968,27,41,31,A MAN WITHOUT LOVE (Quando M’innamoro),Engelbert Humperdinck,Parrot,9,19,
1968,27,46,27,A BEAUTIFUL MORNING,The Rascals,Atlantic,13,3,
1968,27,50,39,TIME FOR LIVIN’,The Association,Warner Brothers/Seven Arts,8,39,
1968,27,42,60,DON’T TAKE IT SO HARD,Paul Revere and the Raiders Featuring Mark Lindsay,Columbia,3,42,
1968,27,43,45,"TURN AROUND, LOOK AT ME",The Vogues,Reprise,4,43,
1968,27,44,90,AUTUMN OF MY LIFE,Bobby Goldsboro,United Artists,2,44,
1968,27,45,53,ELEANOR RIGBY,Ray Charles,ABC/TRC,5,45,
1968,27,47,89,STAY IN MY CORNER,The Dells,Cadet,2,47,
1968,27,48,48,YOU DON’T KNOW WHAT YOU MEAN TO ME,Sam and Dave,Stax,7,48,
1968,27,49,64,HERE I AM BABY,The Marvelettes,Tamla,5,49,
1968,28,1,1,THIS GUY’S IN LOVE WITH YOU,Herb Alpert,A&M,9,1,4 weeks at #1
1968,28,2,2,THE HORSE,Cliff Nobles and Co.,Phil-L.A. Of Soul,8,2,
1968,28,3,3,JUMPIN’ JACK FLASH,The Rolling Stones,London,6,3,
1968,28,4,6,LADY WILLPOWER,Gary Puckett and the Union Gap,Columbia,6,4,
1968,28,5,5,GRAZING IN THE GRASS,Hugh Masekela,Uni,6,5,
1968,28,6,4,THE LOOK OF LOVE,Sergio Mendes and Brasil ’66,A&M,10,4,
1968,28,7,7,ANGEL OF THE MORNING,Merrilee Rush and the Turnabouts,Bell,11,7,
1968,28,8,17,STONED SOUL PICNIC,The 5th Dimension,Soul City,7,8,
1968,28,9,8,HERE COMES THE JUDGE,Shorty Long,Soul,7,8,
1968,28,10,15,INDIAN LAKE,The Cowsills,MGM,7,10,
1968,28,11,10,REACH OUT OF THE DARKNESS,Friend & Lover,Verve Forecast,9,10,
1968,28,12,23,HURDY GURDY MAN,Donovan,Epic,4,12,
1968,28,13,12,MONY MONY,Tommy James and the Shondells,Roulette,15,3,
1968,28,14,9,MACARTHUR PARK,Richard Harris,Dunhill,10,2,
1968,28,15,11,YUMMY YUMMY YUMMY,The Ohio Express,Buddah,11,4,
1968,28,16,13,MRS. ROBINSON,Simon and Garfunkel,Columbia,12,1,
1968,28,17,16,I LOVE YOU,People,Capitol,15,14,
1968,28,18,14,THINK,Aretha Franklin,Atlantic,9,7,
1968,28,19,19,D.W. WASHBURN,The Monkees,Colgems,5,19,
1968,28,20,22,SHE’S A HEARTBREAKER,Gene Pitney,Musicor,10,20,
1968,28,21,43,"TURN AROUND, LOOK AT ME",The Vogues,Reprise,5,21,
1968,28,22,77,"HELLO, I LOVE YOU",The Doors,Elektra,2,22,
1968,28,23,20,NEVER GIVE YOU UP,Jerry Butler,Mercury,11,20,
1968,28,24,24,HERE COMES THE JUDGE,Pigmeat Markham,Chess,5,24,
1968,28,25,25,(You Keep Me) HANGIN’ ON,Joe Simon,Sound Stage 7,14,25,
1968,28,26,26,CHOO CHOO TRAIN,The Box Tops,Mala,7,26,
1968,28,27,34,PICTURES OF MATCHSTICK MEN,The Status Quo,Cadet Concept,9,27,
1968,28,28,29,SKY PILOT (Part 1),Eric Burdon and the Animals,MGM,7,28,
1968,28,29,55,CLASSICAL GAS,Mason Williams,Warner Brothers/Seven Arts,4,29,
1968,28,30,30,SOME THINGS YOU NEVER GET USED TO,Diana Ross and the Supremes,Motown,6,30,
1968,28,31,21,HOW’D WE EVER GET THIS WAY,Andy Kim,Steed,11,21,
1968,28,32,32,FOLSOM PRISON BLUES,Johnny Cash,Columbia,8,32,
1968,28,33,18,LICKING STICK – LICKING STICK (Part 1),James Brown and the Famous Flames,King,8,14,
1968,28,34,27,TIP-TOE THRU’ THE TULIPS WITH ME,Tiny Tim,Reprise,9,17,
1968,28,35,44,AUTUMN OF MY LIFE,Bobby Goldsboro,United Artists,3,35,
1968,28,36,37,I’M A MIDNIGHT MOVER,Wilson Pickett,Atlantic,4,36,
1968,28,37,38,"FACE IT GIRL, IT’S OVER",Nancy Wilson,Capitol,10,37,
1968,28,38,42,DON’T TAKE IT SO HARD,Paul Revere and the Raiders Featuring Mark Lindsay,Columbia,4,38,
1968,28,39,39,LOVER’S HOLIDAY,Peggy Scott and Jo Jo Benson,SSS International,6,39,
1968,28,40,31,YESTER LOVE,Smokey Robinson and the Miracles,Tamla,7,31,
1968,28,42,40,IT SHOULD HAVE BEEN ME,Gladys Knight and the Pips,Soul,6,40,
1968,28,43,28,"THE GOOD, THE BAD AND THE UGLY","Hugo Montenegro, His Orchestra and Chorus",RCA Victor,22,2,
1968,28,41,52,SUNSHINE OF YOUR LOVE,Cream,Atco,16,36,
1968,28,44,45,ELEANOR RIGBY,Ray Charles,ABC/TRC,6,44,
1968,28,45,73,DREAMS OF THE EVERYDAY HOUSEWIFE,Glen Campbell,Capitol,2,45,
1968,28,46,79,SEALED WITH A KISS,Gary Lewis and the Playboys,Liberty,4,46,
1968,28,47,47,STAY IN MY CORNER,The Dells,Cadet,3,47,
1968,28,48,63,THE STORY OF ROCK AND ROLL,The Turtles,White Whale,4,48,
1968,28,49,49,HERE I AM BABY,The Marvelettes,Tamla,6,49,
1968,28,50,64,JOURNEY TO THE CENTER OF THE MIND,The Amboy Dukes,Mainstream,3,50,
1968,29,1,5,GRAZING IN THE GRASS,Hugh Masekela,Uni,7,1,1 week at #1
1968,29,2,4,LADY WILLPOWER,Gary Puckett and the Union Gap,Columbia,7,2,
1968,29,3,3,JUMPIN’ JACK FLASH,The Rolling Stones,London,7,3,
1968,29,4,1,THIS GUY’S IN LOVE WITH YOU,Herb Alpert,A&M,10,1,
1968,29,5,2,THE HORSE,Cliff Nobles and Co.,Phil-L.A. Of Soul,9,2,
1968,29,6,8,STONED SOUL PICNIC,The 5th Dimension,Soul City,8,6,
1968,29,7,12,HURDY GURDY MAN,Donovan,Epic,5,7,
1968,29,8,29,CLASSICAL GAS,Mason Williams,Warner Brothers/Seven Arts,5,8,
1968,29,9,22,"HELLO, I LOVE YOU",The Doors,Elektra,3,9,
1968,29,10,10,INDIAN LAKE,The Cowsills,MGM,8,10,
1968,29,11,11,REACH OUT OF THE DARKNESS,Friend & Lover,Verve Forecast,10,10,
1968,29,12,9,HERE COMES THE JUDGE,Shorty Long,Soul,8,8,
1968,29,13,7,ANGEL OF THE MORNING,Merrilee Rush and the Turnabouts,Bell,12,7,
1968,29,14,21,"TURN AROUND, LOOK AT ME",The Vogues,Reprise,6,14,
1968,29,15,6,THE LOOK OF LOVE,Sergio Mendes and Brasil ’66,A&M,11,4,
1968,29,16,20,SHE’S A HEARTBREAKER,Gene Pitney,Musicor,11,16,
1968,29,17,14,MACARTHUR PARK,Richard Harris,Dunhill,11,2,
1968,29,18,15,YUMMY YUMMY YUMMY,The Ohio Express,Buddah,12,4,
1968,29,19,17,I LOVE YOU,People,Capitol,16,14,
1968,29,20,28,SKY PILOT (Part 1),Eric Burdon and the Animals,MGM,8,20,
1968,29,21,27,PICTURES OF MATCHSTICK MEN,The Status Quo,Cadet Concept,10,21,
1968,29,22,41,SUNSHINE OF YOUR LOVE,Cream,Atco,17,22,
1968,29,23,24,HERE COMES THE JUDGE,Pigmeat Markham,Chess,6,23,
1968,29,24,13,MONY MONY,Tommy James and the Shondells,Roulette,16,3,
1968,29,25,23,NEVER GIVE YOU UP,Jerry Butler,Mercury,12,20,
1968,29,26,35,AUTUMN OF MY LIFE,Bobby Goldsboro,United Artists,4,26,
1968,29,27,18,THINK,Aretha Franklin,Atlantic,10,7,
1968,29,28,36,I’M A MIDNIGHT MOVER,Wilson Pickett,Atlantic,5,28,
1968,29,29,16,MRS. ROBINSON,Simon and Garfunkel,Columbia,13,1,
1968,29,30,30,SOME THINGS YOU NEVER GET USED TO,Diana Ross and the Supremes,Motown,7,30,
1968,29,31,19,D.W. WASHBURN,The Monkees,Colgems,6,19,
1968,29,32,32,FOLSOM PRISON BLUES,Johnny Cash,Columbia,9,32,
1968,29,33,39,LOVER’S HOLIDAY,Peggy Scott and Jo Jo Benson,SSS International,7,33,
1968,29,34,38,DON’T TAKE IT SO HARD,Paul Revere and the Raiders Featuring Mark Lindsay,Columbia,5,34,
1968,29,35,25,(You Keep Me) HANGIN’ ON,Joe Simon,Sound Stage 7,15,25,
1968,29,36,47,STAY IN MY CORNER,The Dells,Cadet,4,36,
1968,29,37,37,"FACE IT GIRL, IT’S OVER",Nancy Wilson,Capitol,11,37,
1968,29,38,31,HOW’D WE EVER GET THIS WAY,Andy Kim,Steed,12,21,
1968,29,39,70,BORN TO BE WILD,Steppenwolf,Dunhill,2,39,
1968,29,40,44,ELEANOR RIGBY,Ray Charles,ABC/TRC,7,40,
1968,29,42,26,CHOO CHOO TRAIN,The Box Tops,Mala,8,26,
1968,29,57,40,YESTER LOVE,Smokey Robinson and the Miracles,Tamla,8,31,
1968,29,41,53,DREAM A LITTLE DREAM OF ME,Mama Cass with the Mamas and the Papas,Dunhill,3,41,
1968,29,43,63,WITH PEN IN HAND,Billy Vera,Atlantic,4,43,
1968,29,44,62,AMEN,Otis Redding,Atco,3,44,
1968,29,45,45,DREAMS OF THE EVERYDAY HOUSEWIFE,Glen Campbell,Capitol,3,45,
1968,29,46,46,SEALED WITH A KISS,Gary Lewis and the Playboys,Liberty,5,46,
1968,29,47,50,JOURNEY TO THE CENTER OF THE MIND,The Amboy Dukes,Mainstream,4,47,
1968,29,48,48,THE STORY OF ROCK AND ROLL,The Turtles,White Whale,5,48,
1968,29,49,49,HERE I AM BABY,The Marvelettes,Tamla,7,49,
1968,29,50,42,IT SHOULD HAVE BEEN ME,Gladys Knight and the Pips,Soul,7,40,
1968,30,1,1,GRAZING IN THE GRASS,Hugh Masekela,Uni,8,1,2 weeks at #1
1968,30,2,2,LADY WILLPOWER,Gary Puckett and the Union Gap,Columbia,8,2,
1968,30,3,6,STONED SOUL PICNIC,The 5th Dimension,Soul City,9,3,
1968,30,4,3,JUMPIN’ JACK FLASH,The Rolling Stones,London,8,3,
1968,30,5,5,THE HORSE,Cliff Nobles and Co.,Phil-L.A. Of Soul,10,2,
1968,30,6,7,HURDY GURDY MAN,Donovan,Epic,6,6,
1968,30,7,4,THIS GUY’S IN LOVE WITH YOU,Herb Alpert,A&M,11,1,
1968,30,8,8,CLASSICAL GAS,Mason Williams,Warner Brothers/Seven Arts,6,8,
1968,30,9,9,"HELLO, I LOVE YOU",The Doors,Elektra,4,9,
1968,30,10,10,INDIAN LAKE,The Cowsills,MGM,9,10,
1968,30,11,14,"TURN AROUND, LOOK AT ME",The Vogues,Reprise,7,11,
1968,30,12,12,HERE COMES THE JUDGE,Shorty Long,Soul,9,8,
1968,30,13,11,REACH OUT OF THE DARKNESS,Friend & Lover,Verve Forecast,11,10,
1968,30,14,20,SKY PILOT (Part 1),Eric Burdon and the Animals,MGM,9,14,
1968,30,15,21,PICTURES OF MATCHSTICK MEN,The Status Quo,Cadet Concept,11,15,
1968,30,16,15,THE LOOK OF LOVE,Sergio Mendes and Brasil ’66,A&M,12,4,
1968,30,17,13,ANGEL OF THE MORNING,Merrilee Rush and the Turnabouts,Bell,13,7,
1968,30,18,22,SUNSHINE OF YOUR LOVE,Cream,Atco,18,18,
1968,30,19,23,HERE COMES THE JUDGE,Pigmeat Markham,Chess,7,19,
1968,30,20,16,SHE’S A HEARTBREAKER,Gene Pitney,Musicor,12,16,
1968,30,21,26,AUTUMN OF MY LIFE,Bobby Goldsboro,United Artists,5,21,
1968,30,22,19,I LOVE YOU,People,Capitol,17,14,
1968,30,23,17,MACARTHUR PARK,Richard Harris,Dunhill,12,2,
1968,30,24,28,I’M A MIDNIGHT MOVER,Wilson Pickett,Atlantic,6,24,
1968,30,25,36,STAY IN MY CORNER,The Dells,Cadet,5,25,
1968,30,26,25,NEVER GIVE YOU UP,Jerry Butler,Mercury,13,20,
1968,30,27,34,DON’T TAKE IT SO HARD,Paul Revere and the Raiders Featuring Mark Lindsay,Columbia,6,27,
1968,30,28,18,YUMMY YUMMY YUMMY,The Ohio Express,Buddah,13,4,
1968,30,29,37,"FACE IT GIRL, IT’S OVER",Nancy Wilson,Capitol,12,29,
1968,30,30,41,DREAM A LITTLE DREAM OF ME,Mama Cass with the Mamas and the Papas,Dunhill,4,30,
1968,30,31,39,BORN TO BE WILD,Steppenwolf,Dunhill,3,31,
1968,30,32,64,PEOPLE GOT TO BE FREE,The Rascals,Atlantic,2,32,
1968,30,33,33,LOVER’S HOLIDAY,Peggy Scott and Jo Jo Benson,SSS International,8,33,
1968,30,34,24,MONY MONY,Tommy James and the Shondells,Roulette,17,3,
1968,30,35,40,ELEANOR RIGBY,Ray Charles,ABC/TRC,8,35,
1968,30,36,44,AMEN,Otis Redding,Atco,4,36,
1968,30,37,32,FOLSOM PRISON BLUES,Johnny Cash,Columbia,10,32,
1968,30,38,47,JOURNEY TO THE CENTER OF THE MIND,The Amboy Dukes,Mainstream,5,38,
1968,30,39,31,D.W. WASHBURN,The Monkees,Colgems,7,19,
1968,30,40,46,SEALED WITH A KISS,Gary Lewis and the Playboys,Liberty,6,40,
1968,30,41,53,HITCH IT TO THE HORSE,The Fantastic Johnny C.,Phil-L.A. Of Soul,5,41,
1968,30,42,52,SOUL-LIMBO,Booker T. and the MG’s,Stax,3,42,
1968,30,43,43,WITH PEN IN HAND,Billy Vera,Atlantic,5,43,
1968,30,44,49,HERE I AM BABY,The Marvelettes,Tamla,8,44,
1968,30,45,45,DREAMS OF THE EVERYDAY HOUSEWIFE,Glen Campbell,Capitol,4,45,
1968,30,46,55,THE EYES OF A NEW YORK WOMAN,B.J. Thomas,Scepter,6,46,
1968,30,47,56,YOU KEEP ME HANGIN’ ON,Vanilla Fudge,Atco,8,47,
1968,30,48,73,YOU MET YOUR MATCH,Stevie Wonder,Tamla,2,48,
1968,30,49,78,I CAN’T STOP DANCING,Archie Bell and the Drells,Atlantic,2,49,
1968,30,50,50,IT SHOULD HAVE BEEN ME,Gladys Knight and the Pips,Soul,8,40,
1968,31,1,9,"HELLO, I LOVE YOU",The Doors,Elektra,5,1,1 week at #1
1968,31,2,8,CLASSICAL GAS,Mason Williams,Warner Brothers/Seven Arts,7,2,
1968,31,3,3,STONED SOUL PICNIC,The 5th Dimension,Soul City,10,3,
1968,31,4,1,GRAZING IN THE GRASS,Hugh Masekela,Uni,9,1,
1968,31,5,6,HURDY GURDY MAN,Donovan,Epic,7,5,
1968,31,6,4,JUMPIN’ JACK FLASH,The Rolling Stones,London,9,3,
1968,31,7,2,LADY WILLPOWER,Gary Puckett and the Union Gap,Columbia,9,2,
1968,31,8,5,THE HORSE,Cliff Nobles and Co.,Phil-L.A. Of Soul,11,2,
1968,31,9,11,"TURN AROUND, LOOK AT ME",The Vogues,Reprise,8,9,
1968,31,10,18,SUNSHINE OF YOUR LOVE,Cream,Atco,19,10,
1968,31,11,31,BORN TO BE WILD,Steppenwolf,Dunhill,4,11,
1968,31,12,15,PICTURES OF MATCHSTICK MEN,The Status Quo,Cadet Concept,12,12,
1968,31,13,32,PEOPLE GOT TO BE FREE,The Rascals,Atlantic,3,13,
1968,31,14,14,SKY PILOT (Part 1),Eric Burdon and the Animals,MGM,10,14,
1968,31,15,7,THIS GUY’S IN LOVE WITH YOU,Herb Alpert,A&M,12,1,
1968,31,16,47,YOU KEEP ME HANGIN’ ON,Vanilla Fudge,Atco,9,16,
1968,31,17,38,JOURNEY TO THE CENTER OF THE MIND,The Amboy Dukes,Mainstream,6,17,
1968,31,18,25,STAY IN MY CORNER,The Dells,Cadet,6,18,
1968,31,19,21,AUTUMN OF MY LIFE,Bobby Goldsboro,United Artists,6,19,
1968,31,20,30,DREAM A LITTLE DREAM OF ME,Mama Cass with the Mamas and the Papas,Dunhill,5,20,
1968,31,21,10,INDIAN LAKE,The Cowsills,MGM,10,10,
1968,31,22,42,SOUL-LIMBO,Booker T. and the MG’s,Stax,4,22,
1968,31,23,16,THE LOOK OF LOVE,Sergio Mendes and Brasil ’66,A&M,13,4,
1968,31,24,17,ANGEL OF THE MORNING,Merrilee Rush and the Turnabouts,Bell,14,7,
1968,31,25,12,HERE COMES THE JUDGE,Shorty Long,Soul,10,8,
1968,31,26,13,REACH OUT OF THE DARKNESS,Friend & Lover,Verve Forecast,12,10,
1968,31,27,27,DON’T TAKE IT SO HARD,Paul Revere and the Raiders Featuring Mark Lindsay,Columbia,7,27,
1968,31,28,53,HALFWAY TO PARADISE,Bobby Vinton,Epic,3,28,
1968,31,29,29,"FACE IT GIRL, IT’S OVER",Nancy Wilson,Capitol,13,29,
1968,31,30,40,SEALED WITH A KISS,Gary Lewis and the Playboys,Liberty,7,30,
1968,31,31,33,LOVER’S HOLIDAY,Peggy Scott and Jo Jo Benson,SSS International,9,31,
1968,31,32,62,LIGHT MY FIRE,Jose Feliciano,RCA Victor,2,32,
1968,31,33,45,DREAMS OF THE EVERYDAY HOUSEWIFE,Glen Campbell,Capitol,5,33,
1968,31,34,56,ALICE LONG (You’re Still My Favorite Girlfriend),Tommy Boyce and Bobby Hart,A&M,5,34,
1968,31,35,35,ELEANOR RIGBY,Ray Charles,ABC/TRC,9,35,
1968,31,36,26,NEVER GIVE YOU UP,Jerry Butler,Mercury,14,20,
1968,31,37,37,FOLSOM PRISON BLUES,Johnny Cash,Columbia,11,32,
1968,31,38,20,SHE’S A HEARTBREAKER,Gene Pitney,Musicor,13,16,
1968,31,39,49,I CAN’T STOP DANCING,Archie Bell and the Drells,Atlantic,3,39,
1968,31,40,46,THE EYES OF A NEW YORK WOMAN,B.J. Thomas,Scepter,7,40,
1968,31,42,22,I LOVE YOU,People,Capitol,18,14,
1968,31,43,24,I’M A MIDNIGHT MOVER,Wilson Pickett,Atlantic,7,24,
1968,31,45,19,HERE COMES THE JUDGE,Pigmeat Markham,Chess,8,19,
1968,31,46,23,MACARTHUR PARK,Richard Harris,Dunhill,13,2,
1968,31,47,28,YUMMY YUMMY YUMMY,The Ohio Express,Buddah,14,4,
1968,31,52,36,AMEN,Otis Redding,Atco,5,36,
1968,31,41,41,HITCH IT TO THE HORSE,The Fantastic Johnny C.,Phil-L.A. Of Soul,6,41,
1968,31,44,48,YOU MET YOUR MATCH,Stevie Wonder,Tamla,3,44,
1968,31,48,71,TUESDAY AFTERNOON (Forever Afternoon),The Moody Blues,Deram,3,48,
1968,31,49,57,(Love Is Like a) BASEBALL GAME,The Intruders,Gamble,5,49,
1968,31,50,78,DON’T GIVE UP,Petula Clark,Warner Brothers/Seven Arts,3,50,
1968,32,1,1,"HELLO, I LOVE YOU",The Doors,Elektra,6,1,2 weeks at #1
1968,32,2,2,CLASSICAL GAS,Mason Williams,Warner Brothers/Seven Arts,8,2,
1968,32,3,3,STONED SOUL PICNIC,The 5th Dimension,Soul City,11,3,
1968,32,4,4,GRAZING IN THE GRASS,Hugh Masekela,Uni,10,1,
1968,32,5,13,PEOPLE GOT TO BE FREE,The Rascals,Atlantic,4,5,
1968,32,6,5,HURDY GURDY MAN,Donovan,Epic,8,5,
1968,32,7,7,LADY WILLPOWER,Gary Puckett and the Union Gap,Columbia,10,2,
1968,32,8,9,"TURN AROUND, LOOK AT ME",The Vogues,Reprise,9,8,
1968,32,9,10,SUNSHINE OF YOUR LOVE,Cream,Atco,20,9,
1968,32,10,6,JUMPIN’ JACK FLASH,The Rolling Stones,London,10,3,
1968,32,11,11,BORN TO BE WILD,Steppenwolf,Dunhill,5,11,
1968,32,12,8,THE HORSE,Cliff Nobles and Co.,Phil-L.A. Of Soul,12,2,
1968,32,13,18,STAY IN MY CORNER,The Dells,Cadet,7,13,
1968,32,14,12,PICTURES OF MATCHSTICK MEN,The Status Quo,Cadet Concept,13,12,
1968,32,15,16,YOU KEEP ME HANGIN’ ON,Vanilla Fudge,Atco,10,15,
1968,32,16,15,THIS GUY’S IN LOVE WITH YOU,Herb Alpert,A&M,13,1,
1968,32,17,17,JOURNEY TO THE CENTER OF THE MIND,The Amboy Dukes,Mainstream,7,17,
1968,32,18,20,DREAM A LITTLE DREAM OF ME,Mama Cass with the Mamas and the Papas,Dunhill,6,18,
1968,32,19,19,AUTUMN OF MY LIFE,Bobby Goldsboro,United Artists,7,19,
1968,32,20,32,LIGHT MY FIRE,Jose Feliciano,RCA Victor,3,20,
1968,32,21,22,SOUL-LIMBO,Booker T. and the MG’s,Stax,5,21,
1968,32,22,14,SKY PILOT (Part 1),Eric Burdon and the Animals,MGM,11,14,
1968,32,23,39,I CAN’T STOP DANCING,Archie Bell and the Drells,Atlantic,4,23,
1968,32,24,30,SEALED WITH A KISS,Gary Lewis and the Playboys,Liberty,8,24,
1968,32,25,21,INDIAN LAKE,The Cowsills,MGM,11,10,
1968,32,26,26,REACH OUT OF THE DARKNESS,Friend & Lover,Verve Forecast,13,10,
1968,32,27,28,HALFWAY TO PARADISE,Bobby Vinton,Epic,4,27,
1968,32,28,24,ANGEL OF THE MORNING,Merrilee Rush and the Turnabouts,Bell,15,7,
1968,32,29,23,THE LOOK OF LOVE,Sergio Mendes and Brasil ’66,A&M,14,4,
1968,32,30,49,(Love Is Like a) BASEBALL GAME,The Intruders,Gamble,6,30,
1968,32,31,31,LOVER’S HOLIDAY,Peggy Scott and Jo Jo Benson,SSS International,10,31,
1968,32,32,33,DREAMS OF THE EVERYDAY HOUSEWIFE,Glen Campbell,Capitol,6,32,
1968,32,33,27,DON’T TAKE IT SO HARD,Paul Revere and the Raiders Featuring Mark Lindsay,Columbia,8,27,
1968,32,34,34,ALICE LONG (You’re Still My Favorite Girlfriend),Tommy Boyce and Bobby Hart,A&M,6,34,
1968,32,35,41,HITCH IT TO THE HORSE,The Fantastic Johnny C.,Phil-L.A. Of Soul,7,35,
1968,32,36,54,YOU’RE ALL I NEED TO GET BY,Marvin Gaye and Tammi Terrell,Tamla,3,36,
1968,32,37,56,LOVE MAKES A WOMAN,Barbara Acklin,Brunswick,5,37,
1968,32,38,29,"FACE IT GIRL, IT’S OVER",Nancy Wilson,Capitol,14,29,
1968,32,39,53,"1, 2, 3, RED LIGHT",1910 Fruitgum Co.,Buddah,3,39,
1968,32,40,40,THE EYES OF A NEW YORK WOMAN,B.J. Thomas,Scepter,8,40,
1968,32,42,35,ELEANOR RIGBY,Ray Charles,ABC/TRC,10,35,
1968,32,43,25,HERE COMES THE JUDGE,Shorty Long,Soul,11,8,
1968,32,46,37,FOLSOM PRISON BLUES,Johnny Cash,Columbia,12,32,
1968,32,41,44,YOU MET YOUR MATCH,Stevie Wonder,Tamla,4,41,
1968,32,44,83,PLEASE RETURN YOUR LOVE TO ME,The Temptations,Gordy,2,44,
1968,32,45,57,PRAYER MEETIN’,Willie Mitchell,Hi,5,45,
1968,32,47,50,DON’T GIVE UP,Petula Clark,Warner Brothers/Seven Arts,4,47,
1968,32,48,48,TUESDAY AFTERNOON (Forever Afternoon),The Moody Blues,Deram,4,48,
1968,32,49,51,YESTERDAY’S DREAMS,The Four Tops,Motown,4,49,
1968,32,50,61,DO IT AGAIN,The Beach Boys,Capitol,3,50,
1968,33,1,5,PEOPLE GOT TO BE FREE,The Rascals,Atlantic,5,1,1 week at #1
1968,33,2,1,"HELLO, I LOVE YOU",The Doors,Elektra,7,1,
1968,33,3,2,CLASSICAL GAS,Mason Williams,Warner Brothers/Seven Arts,9,2,
1968,33,4,11,BORN TO BE WILD,Steppenwolf,Dunhill,6,4,
1968,33,5,20,LIGHT MY FIRE,Jose Feliciano,RCA Victor,4,5,
1968,33,6,3,STONED SOUL PICNIC,The 5th Dimension,Soul City,12,3,
1968,33,7,8,"TURN AROUND, LOOK AT ME",The Vogues,Reprise,10,7,
1968,33,8,9,SUNSHINE OF YOUR LOVE,Cream,Atco,21,8,
1968,33,9,4,GRAZING IN THE GRASS,Hugh Masekela,Uni,11,1,
1968,33,10,6,HURDY GURDY MAN,Donovan,Epic,9,5,
1968,33,11,7,LADY WILLPOWER,Gary Puckett and the Union Gap,Columbia,11,2,
1968,33,12,18,DREAM A LITTLE DREAM OF ME,Mama Cass with the Mamas and the Papas,Dunhill,7,12,
1968,33,13,13,STAY IN MY CORNER,The Dells,Cadet,8,13,
1968,33,14,15,YOU KEEP ME HANGIN’ ON,Vanilla Fudge,Atco,11,14,
1968,33,15,10,JUMPIN’ JACK FLASH,The Rolling Stones,London,11,3,
1968,33,16,23,I CAN’T STOP DANCING,Archie Bell and the Drells,Atlantic,5,16,
1968,33,17,17,JOURNEY TO THE CENTER OF THE MIND,The Amboy Dukes,Mainstream,8,17,
1968,33,18,21,SOUL-LIMBO,Booker T. and the MG’s,Stax,6,18,
1968,33,19,24,SEALED WITH A KISS,Gary Lewis and the Playboys,Liberty,9,19,
1968,33,20,14,PICTURES OF MATCHSTICK MEN,The Status Quo,Cadet Concept,14,12,
1968,33,21,12,THE HORSE,Cliff Nobles and Co.,Phil-L.A. Of Soul,13,2,
1968,33,22,22,SKY PILOT (Part 1),Eric Burdon and the Animals,MGM,12,14,
1968,33,23,36,YOU’RE ALL I NEED TO GET BY,Marvin Gaye and Tammi Terrell,Tamla,4,23,
1968,33,24,37,LOVE MAKES A WOMAN,Barbara Acklin,Brunswick,6,24,
1968,33,25,27,HALFWAY TO PARADISE,Bobby Vinton,Epic,5,25,
1968,33,26,19,AUTUMN OF MY LIFE,Bobby Goldsboro,United Artists,8,19,
1968,33,27,30,(Love Is Like a) BASEBALL GAME,The Intruders,Gamble,7,27,
1968,33,28,34,ALICE LONG (You’re Still My Favorite Girlfriend),Tommy Boyce and Bobby Hart,A&M,7,28,
1968,33,29,51,SLIP AWAY,Clarence Carter,Atlantic,6,29,
1968,33,30,25,INDIAN LAKE,The Cowsills,MGM,12,10,
1968,33,31,44,PLEASE RETURN YOUR LOVE TO ME,The Temptations,Gordy,3,31,
1968,33,32,39,"1, 2, 3, RED LIGHT",1910 Fruitgum Co.,Buddah,4,32,
1968,33,33,50,DO IT AGAIN,The Beach Boys,Capitol,4,33,
1968,33,34,35,HITCH IT TO THE HORSE,The Fantastic Johnny C.,Phil-L.A. Of Soul,8,34,
1968,33,35,41,YOU MET YOUR MATCH,Stevie Wonder,Tamla,5,35,
1968,33,36,33,DON’T TAKE IT SO HARD,Paul Revere and the Raiders Featuring Mark Lindsay,Columbia,9,27,
1968,33,37,31,LOVER’S HOLIDAY,Peggy Scott and Jo Jo Benson,SSS International,11,31,
1968,33,38,40,THE EYES OF A NEW YORK WOMAN,B.J. Thomas,Scepter,9,38,
1968,33,39,32,DREAMS OF THE EVERYDAY HOUSEWIFE,Glen Campbell,Capitol,7,32,
1968,33,40,28,ANGEL OF THE MORNING,Merrilee Rush and the Turnabouts,Bell,16,7,
1968,33,41,16,THIS GUY’S IN LOVE WITH YOU,Herb Alpert,A&M,14,1,
1968,33,42,26,REACH OUT OF THE DARKNESS,Friend & Lover,Verve Forecast,14,10,
1968,33,43,47,DON’T GIVE UP,Petula Clark,Warner Brothers/Seven Arts,5,43,
1968,33,44,48,TUESDAY AFTERNOON (Forever Afternoon),The Moody Blues,Deram,5,44,
1968,33,45,45,PRAYER MEETIN’,Willie Mitchell,Hi,6,45,
1968,33,46,65,UNDERSTANDING,Ray Charles,ABC/TRC,10,46,
1968,33,47,53,I GET THE SWEETEST FEELING,Jackie Wilson,Brunswick,5,47,
1968,33,48,61,THE FOOL ON THE HILL,Sergio Mendes and Brasil ’66,A&M,2,48,
1968,33,49,49,YESTERDAY’S DREAMS,The Four Tops,Motown,5,49,
1968,33,50,68,AND SUDDENLY,The Cherry People,Heritage,5,50,
1968,34,1,1,PEOPLE GOT TO BE FREE,The Rascals,Atlantic,6,1,2 weeks at #1
1968,34,2,4,BORN TO BE WILD,Steppenwolf,Dunhill,7,2,
1968,34,3,2,"HELLO, I LOVE YOU",The Doors,Elektra,8,1,
1968,34,4,5,LIGHT MY FIRE,Jose Feliciano,RCA Victor,5,4,
1968,34,5,3,CLASSICAL GAS,Mason Williams,Warner Brothers/Seven Arts,10,2,
1968,34,6,8,SUNSHINE OF YOUR LOVE,Cream,Atco,22,6,
1968,34,7,7,"TURN AROUND, LOOK AT ME",The Vogues,Reprise,11,7,
1968,34,8,6,STONED SOUL PICNIC,The 5th Dimension,Soul City,13,3,
1968,34,9,16,I CAN’T STOP DANCING,Archie Bell and the Drells,Atlantic,6,9,
1968,34,10,13,STAY IN MY CORNER,The Dells,Cadet,9,10,
1968,34,11,14,YOU KEEP ME HANGIN’ ON,Vanilla Fudge,Atco,12,11,
1968,34,12,12,DREAM A LITTLE DREAM OF ME,Mama Cass with the Mamas and the Papas,Dunhill,8,12,
1968,34,13,11,LADY WILLPOWER,Gary Puckett and the Union Gap,Columbia,12,2,
1968,34,14,10,HURDY GURDY MAN,Donovan,Epic,10,5,
1968,34,15,23,YOU’RE ALL I NEED TO GET BY,Marvin Gaye and Tammi Terrell,Tamla,5,15,
1968,34,16,17,JOURNEY TO THE CENTER OF THE MIND,The Amboy Dukes,Mainstream,9,16,
1968,34,17,24,LOVE MAKES A WOMAN,Barbara Acklin,Brunswick,7,17,
1968,34,18,18,SOUL-LIMBO,Booker T. and the MG’s,Stax,7,18,
1968,34,19,19,SEALED WITH A KISS,Gary Lewis and the Playboys,Liberty,10,19,
1968,34,20,9,GRAZING IN THE GRASS,Hugh Masekela,Uni,12,1,
1968,34,21,59,THE HOUSE THAT JACK BUILT,Aretha Franklin,Atlantic,2,21,
1968,34,22,32,"1, 2, 3, RED LIGHT",1910 Fruitgum Co.,Buddah,5,22,
1968,34,23,25,HALFWAY TO PARADISE,Bobby Vinton,Epic,6,23,
1968,34,24,29,SLIP AWAY,Clarence Carter,Atlantic,7,24,
1968,34,25,20,PICTURES OF MATCHSTICK MEN,The Status Quo,Cadet Concept,15,12,
1968,34,26,27,(Love Is Like a) BASEBALL GAME,The Intruders,Gamble,8,26,
1968,34,27,28,ALICE LONG (You’re Still My Favorite Girlfriend),Tommy Boyce and Bobby Hart,A&M,8,27,
1968,34,28,31,PLEASE RETURN YOUR LOVE TO ME,The Temptations,Gordy,4,28,
1968,34,29,22,SKY PILOT (Part 1),Eric Burdon and the Animals,MGM,13,14,
1968,34,30,15,JUMPIN’ JACK FLASH,The Rolling Stones,London,12,3,
1968,34,31,33,DO IT AGAIN,The Beach Boys,Capitol,5,31,
1968,34,32,48,THE FOOL ON THE HILL,Sergio Mendes and Brasil ’66,A&M,3,32,
1968,34,33,21,THE HORSE,Cliff Nobles and Co.,Phil-L.A. Of Soul,14,2,
1968,34,34,38,THE EYES OF A NEW YORK WOMAN,B.J. Thomas,Scepter,10,34,
1968,34,35,35,YOU MET YOUR MATCH,Stevie Wonder,Tamla,6,35,
1968,34,36,26,AUTUMN OF MY LIFE,Bobby Goldsboro,United Artists,9,19,
1968,34,37,43,DON’T GIVE UP,Petula Clark,Warner Brothers/Seven Arts,6,37,
1968,34,38,83,HUSH,Deep Purple,Tetragrammaton,2,38,
1968,34,39,82,I SAY A LITTLE PRAYER,Aretha Franklin,Atlantic,2,39,
1968,34,40,44,TUESDAY AFTERNOON (Forever Afternoon),The Moody Blues,Deram,6,40,
1968,34,44,37,LOVER’S HOLIDAY,Peggy Scott and Jo Jo Benson,SSS International,12,31,
1968,34,45,39,DREAMS OF THE EVERYDAY HOUSEWIFE,Glen Campbell,Capitol,8,32,
1968,34,47,30,INDIAN LAKE,The Cowsills,MGM,13,10,
1968,34,49,34,HITCH IT TO THE HORSE,The Fantastic Johnny C.,Phil-L.A. Of Soul,9,34,
1968,34,41,66,I’VE NEVER FOUND A GIRL (To Love Me Like You Do),Eddie Floyd,Stax,5,41,
1968,34,42,47,I GET THE SWEETEST FEELING,Jackie Wilson,Brunswick,6,42,
1968,34,43,51,DOWN AT LULU’S,The Ohio Express,Buddah,4,43,
1968,34,46,46,UNDERSTANDING,Ray Charles,ABC/TRC,11,46,
1968,34,48,50,AND SUDDENLY,The Cherry People,Heritage,6,48,
1968,34,50,58,MR. BUSINESSMAN,Ray Stevens,Monument,4,50,
1968,35,1,1,PEOPLE GOT TO BE FREE,The Rascals,Atlantic,7,1,3 weeks at #1
1968,35,2,2,BORN TO BE WILD,Steppenwolf,Dunhill,8,2,
1968,35,3,4,LIGHT MY FIRE,Jose Feliciano,RCA Victor,6,3,
1968,35,4,3,"HELLO, I LOVE YOU",The Doors,Elektra,9,1,
1968,35,5,6,SUNSHINE OF YOUR LOVE,Cream,Atco,23,5,
1968,35,6,11,YOU KEEP ME HANGIN’ ON,Vanilla Fudge,Atco,13,6,
1968,35,7,81,HARPER VALLEY P.T.A.,Jeannie C. Riley,Plantation,2,7,
1968,35,8,15,YOU’RE ALL I NEED TO GET BY,Marvin Gaye and Tammi Terrell,Tamla,6,8,
1968,35,9,9,I CAN’T STOP DANCING,Archie Bell and the Drells,Atlantic,7,9,
1968,35,10,10,STAY IN MY CORNER,The Dells,Cadet,10,10,
1968,35,11,7,"TURN AROUND, LOOK AT ME",The Vogues,Reprise,12,7,
1968,35,12,22,"1, 2, 3, RED LIGHT",1910 Fruitgum Co.,Buddah,6,12,
1968,35,13,5,CLASSICAL GAS,Mason Williams,Warner Brothers/Seven Arts,11,2,
1968,35,14,38,HUSH,Deep Purple,Tetragrammaton,3,14,
1968,35,15,17,LOVE MAKES A WOMAN,Barbara Acklin,Brunswick,8,15,
1968,35,16,16,JOURNEY TO THE CENTER OF THE MIND,The Amboy Dukes,Mainstream,10,16,
1968,35,17,18,SOUL-LIMBO,Booker T. and the MG’s,Stax,8,17,
1968,35,18,32,THE FOOL ON THE HILL,Sergio Mendes and Brasil ’66,A&M,4,18,
1968,35,19,19,SEALED WITH A KISS,Gary Lewis and the Playboys,Liberty,11,19,
1968,35,20,21,THE HOUSE THAT JACK BUILT,Aretha Franklin,Atlantic,3,20,
1968,35,21,12,DREAM A LITTLE DREAM OF ME,Mama Cass with the Mamas and the Papas,Dunhill,9,12,
1968,35,22,8,STONED SOUL PICNIC,The 5th Dimension,Soul City,14,3,
1968,35,23,14,HURDY GURDY MAN,Donovan,Epic,11,5,
1968,35,24,31,DO IT AGAIN,The Beach Boys,Capitol,6,24,
1968,35,25,39,I SAY A LITTLE PRAYER,Aretha Franklin,Atlantic,3,25,
1968,35,26,28,PLEASE RETURN YOUR LOVE TO ME,The Temptations,Gordy,5,26,
1968,35,27,27,ALICE LONG (You’re Still My Favorite Girlfriend),Tommy Boyce and Bobby Hart,A&M,9,27,
1968,35,28,25,PICTURES OF MATCHSTICK MEN,The Status Quo,Cadet Concept,16,12,
1968,35,29,24,SLIP AWAY,Clarence Carter,Atlantic,8,24,
1968,35,30,23,HALFWAY TO PARADISE,Bobby Vinton,Epic,7,23,
1968,35,31,13,LADY WILLPOWER,Gary Puckett and the Union Gap,Columbia,13,2,
1968,35,32,57,MAGIC BUS,The Who,Decca,4,32,
1968,35,33,50,MR. BUSINESSMAN,Ray Stevens,Monument,5,33,
1968,35,34,34,THE EYES OF A NEW YORK WOMAN,B.J. Thomas,Scepter,11,34,
1968,35,35,42,I GET THE SWEETEST FEELING,Jackie Wilson,Brunswick,7,35,
1968,35,36,43,DOWN AT LULU’S,The Ohio Express,Buddah,5,36,
1968,35,37,40,TUESDAY AFTERNOON (Forever Afternoon),The Moody Blues,Deram,7,37,
1968,35,38,26,(Love Is Like a) BASEBALL GAME,The Intruders,Gamble,9,26,
1968,35,39,59,SPECIAL OCCASION,Smokey Robinson and the Miracles,Tamla,3,39,
1968,35,40,35,YOU MET YOUR MATCH,Stevie Wonder,Tamla,7,35,
1968,35,47,37,DON’T GIVE UP,Petula Clark,Warner Brothers/Seven Arts,7,37,
1968,35,48,29,SKY PILOT (Part 1),Eric Burdon and the Animals,MGM,14,14,
1968,35,41,41,I’VE NEVER FOUND A GIRL (To Love Me Like You Do),Eddie Floyd,Stax,6,41,
1968,35,42,68,I’VE GOTTA GET A MESSAGE TO YOU,The Bee Gees,Atco,3,42,
1968,35,43,53,GIVE A DAMN,Spanky and Our Gang,Mercury,5,43,
1968,35,44,69,I CAN’T DANCE TO THAT MUSIC YOU’RE PLAYIN’,Martha Reeves and the Vandellas,Gordy,4,44,
1968,35,45,48,AND SUDDENLY,The Cherry People,Heritage,7,45,
1968,35,46,72,ON THE ROAD AGAIN,Canned Heat,Liberty,4,46,
1968,35,49,60,BROWN EYED WOMAN,Bill Medley,MGM,5,49,
1968,35,50,70,HIP CITY (Part 2),Jr. Walker and the All Stars,Soul,4,50,
1968,36,1,1,PEOPLE GOT TO BE FREE,The Rascals,Atlantic,8,1,4 weeks at #1
1968,36,2,2,BORN TO BE WILD,Steppenwolf,Dunhill,9,2,
1968,36,3,3,LIGHT MY FIRE,Jose Feliciano,RCA Victor,7,3,
1968,36,4,7,HARPER VALLEY P.T.A.,Jeannie C. Riley,Plantation,3,4,
1968,36,5,4,"HELLO, I LOVE YOU",The Doors,Elektra,10,1,
1968,36,6,20,THE HOUSE THAT JACK BUILT,Aretha Franklin,Atlantic,4,6,
1968,36,7,12,"1, 2, 3, RED LIGHT",1910 Fruitgum Co.,Buddah,7,7,
1968,36,8,8,YOU’RE ALL I NEED TO GET BY,Marvin Gaye and Tammi Terrell,Tamla,7,8,
1968,36,9,9,I CAN’T STOP DANCING,Archie Bell and the Drells,Atlantic,8,9,
1968,36,10,10,STAY IN MY CORNER,The Dells,Cadet,11,10,
1968,36,11,5,SUNSHINE OF YOUR LOVE,Cream,Atco,24,5,
1968,36,12,6,YOU KEEP ME HANGIN’ ON,Vanilla Fudge,Atco,14,6,
1968,36,13,14,HUSH,Deep Purple,Tetragrammaton,4,13,
1968,36,14,11,"TURN AROUND, LOOK AT ME",The Vogues,Reprise,13,7,
1968,36,15,15,LOVE MAKES A WOMAN,Barbara Acklin,Brunswick,9,15,
1968,36,16,13,CLASSICAL GAS,Mason Williams,Warner Brothers/Seven Arts,12,2,
1968,36,17,18,THE FOOL ON THE HILL,Sergio Mendes and Brasil ’66,A&M,5,17,
1968,36,18,29,SLIP AWAY,Clarence Carter,Atlantic,9,18,
1968,36,19,16,JOURNEY TO THE CENTER OF THE MIND,The Amboy Dukes,Mainstream,11,16,
1968,36,20,17,SOUL-LIMBO,Booker T. and the MG’s,Stax,9,17,
1968,36,21,19,SEALED WITH A KISS,Gary Lewis and the Playboys,Liberty,12,19,
1968,36,22,24,DO IT AGAIN,The Beach Boys,Capitol,7,22,
1968,36,23,25,I SAY A LITTLE PRAYER,Aretha Franklin,Atlantic,4,23,
1968,36,24,22,STONED SOUL PICNIC,The 5th Dimension,Soul City,15,3,
1968,36,25,21,DREAM A LITTLE DREAM OF ME,Mama Cass with the Mamas and the Papas,Dunhill,10,12,
1968,36,26,26,PLEASE RETURN YOUR LOVE TO ME,The Temptations,Gordy,6,26,
1968,36,27,32,MAGIC BUS,The Who,Decca,5,27,
1968,36,28,33,MR. BUSINESSMAN,Ray Stevens,Monument,6,28,
1968,36,29,37,TUESDAY AFTERNOON (Forever Afternoon),The Moody Blues,Deram,8,29,
1968,36,30,42,I’VE GOTTA GET A MESSAGE TO YOU,The Bee Gees,Atco,4,30,
1968,36,31,28,PICTURES OF MATCHSTICK MEN,The Status Quo,Cadet Concept,17,12,
1968,36,32,34,THE EYES OF A NEW YORK WOMAN,B.J. Thomas,Scepter,12,32,
1968,36,33,51,GIRLS CAN’T DO WHAT THE GUYS DO,Betty Wright,Alston,6,33,
1968,36,34,35,I GET THE SWEETEST FEELING,Jackie Wilson,Brunswick,8,34,
1968,36,35,46,ON THE ROAD AGAIN,Canned Heat,Liberty,5,35,
1968,36,36,36,DOWN AT LULU’S,The Ohio Express,Buddah,6,36,
1968,36,37,39,SPECIAL OCCASION,Smokey Robinson and the Miracles,Tamla,4,37,
1968,36,38,60,GIRL WATCHER,The O’Kaysions,ABC,4,38,
1968,36,39,27,ALICE LONG (You’re Still My Favorite Girlfriend),Tommy Boyce and Bobby Hart,A&M,10,27,
1968,36,40,41,I’VE NEVER FOUND A GIRL (To Love Me Like You Do),Eddie Floyd,Stax,7,40,
1968,36,41,23,HURDY GURDY MAN,Donovan,Epic,12,5,
1968,36,42,44,I CAN’T DANCE TO THAT MUSIC YOU’RE PLAYIN’,Martha Reeves and the Vandellas,Gordy,5,42,
1968,36,43,43,GIVE A DAMN,Spanky and Our Gang,Mercury,6,43,
1968,36,44,65,THE SNAKE,Al Wilson,Soul City,4,44,
1968,36,45,69,LITTLE GREEN APPLES,O.C. Smith,Columbia,4,45,
1968,36,46,50,HIP CITY (Part 2),Jr. Walker and the All Stars,Soul,5,46,
1968,36,47,49,BROWN EYED WOMAN,Bill Medley,MGM,6,47,
1968,36,48,57,SIX MAN BAND,The Association,Warner Brothers/Seven Arts,3,48,
1968,36,49,58,I WISH IT WOULD RAIN,Gladys Knight and the Pips,Soul,3,49,
1968,36,50,67,HELP YOURSELF,Tom Jones,Parrot,2,50,
1968,37,1,1,PEOPLE GOT TO BE FREE,The Rascals,Atlantic,9,1,5 weeks at #1
1968,37,2,4,HARPER VALLEY P.T.A.,Jeannie C. Riley,Plantation,4,2,
1968,37,3,3,LIGHT MY FIRE,Jose Feliciano,RCA Victor,8,3,
1968,37,4,2,BORN TO BE WILD,Steppenwolf,Dunhill,10,2,
1968,37,5,7,"1, 2, 3, RED LIGHT",1910 Fruitgum Co.,Buddah,8,5,
1968,37,6,6,THE HOUSE THAT JACK BUILT,Aretha Franklin,Atlantic,5,6,
1968,37,7,8,YOU’RE ALL I NEED TO GET BY,Marvin Gaye and Tammi Terrell,Tamla,8,7,
1968,37,8,13,HUSH,Deep Purple,Tetragrammaton,5,8,
1968,37,9,5,"HELLO, I LOVE YOU",The Doors,Elektra,11,1,
1968,37,11,17,THE FOOL ON THE HILL,Sergio Mendes and Brasil ’66,A&M,6,11,
1968,37,12,12,YOU KEEP ME HANGIN’ ON,Vanilla Fudge,Atco,15,6,
1968,37,13,11,SUNSHINE OF YOUR LOVE,Cream,Atco,25,5,
1968,37,14,23,I SAY A LITTLE PRAYER,Aretha Franklin,Atlantic,5,14,
1968,37,15,14,"TURN AROUND, LOOK AT ME",The Vogues,Reprise,14,7,
1968,37,16,9,I CAN’T STOP DANCING,Archie Bell and the Drells,Atlantic,9,9,
1968,37,17,18,SLIP AWAY,Clarence Carter,Atlantic,10,17,
1968,37,18,38,GIRL WATCHER,The O’Kaysions,ABC,5,18,
1968,37,19,10,STAY IN MY CORNER,The Dells,Cadet,12,10,
1968,37,20,22,DO IT AGAIN,The Beach Boys,Capitol,8,20,
1968,37,21,15,LOVE MAKES A WOMAN,Barbara Acklin,Brunswick,10,15,
1968,37,22,16,CLASSICAL GAS,Mason Williams,Warner Brothers/Seven Arts,13,2,
1968,37,23,30,I’VE GOTTA GET A MESSAGE TO YOU,The Bee Gees,Atco,5,23,
1968,37,24,35,ON THE ROAD AGAIN,Canned Heat,Liberty,6,24,
1968,37,25,21,SEALED WITH A KISS,Gary Lewis and the Playboys,Liberty,13,19,
1968,37,26,27,MAGIC BUS,The Who,Decca,6,26,
1968,37,27,51,TIME HAS COME TODAY,The Chambers Brothers,Columbia,6,27,
1968,37,28,32,THE EYES OF A NEW YORK WOMAN,B.J. Thomas,Scepter,13,28,
1968,37,29,29,TUESDAY AFTERNOON (Forever Afternoon),The Moody Blues,Deram,9,29,
1968,37,30,20,SOUL-LIMBO,Booker T. and the MG’s,Stax,10,17,
1968,37,31,60,SAY IT LOUD – I’M BLACK AND I’M PROUD (Part 1),James Brown,King,2,31,
1968,37,32,26,PLEASE RETURN YOUR LOVE TO ME,The Temptations,Gordy,7,26,
1968,37,33,33,GIRLS CAN’T DO WHAT THE GUYS DO,Betty Wright,Alston,7,33,
1968,37,34,36,DOWN AT LULU’S,The Ohio Express,Buddah,7,34,
1968,37,35,25,DREAM A LITTLE DREAM OF ME,Mama Cass with the Mamas and the Papas,Dunhill,11,12,
1968,37,36,28,MR. BUSINESSMAN,Ray Stevens,Monument,7,28,
1968,37,37,37,SPECIAL OCCASION,Smokey Robinson and the Miracles,Tamla,5,37,
1968,37,39,46,HIP CITY (Part 2),Jr. Walker and the All Stars,Soul,6,39,
1968,37,40,40,I’VE NEVER FOUND A GIRL (To Love Me Like You Do),Eddie Floyd,Stax,8,40,
1968,37,50,24,STONED SOUL PICNIC,The 5th Dimension,Soul City,16,3,
1968,37,51,19,JOURNEY TO THE CENTER OF THE MIND,The Amboy Dukes,Mainstream,12,16,
1968,37,41,45,LITTLE GREEN APPLES,O.C. Smith,Columbia,5,41,
1968,37,42,42,I CAN’T DANCE TO THAT MUSIC YOU’RE PLAYIN’,Martha Reeves and the Vandellas,Gordy,6,42,
1968,37,43,43,GIVE A DAMN,Spanky and Our Gang,Mercury,7,43,
1968,37,44,44,THE SNAKE,Al Wilson,Soul City,5,44,
1968,37,45,49,I WISH IT WOULD RAIN,Gladys Knight and the Pips,Soul,4,45,
1968,37,46,47,BROWN EYED WOMAN,Bill Medley,MGM,7,46,
1968,37,47,48,SIX MAN BAND,The Association,Warner Brothers/Seven Arts,4,47,
1968,37,48,50,HELP YOURSELF,Tom Jones,Parrot,3,48,
1968,37,49,52,WHO IS GONNA LOVE ME,Dionne Warwick,Scepter,4,49,
1968,38,1,2,HARPER VALLEY P.T.A.,Jeannie C. Riley,Plantation,5,1,1 week at #1
1968,38,2,1,PEOPLE GOT TO BE FREE,The Rascals,Atlantic,10,1,
1968,38,3,10,HEY JUDE,The Beatles,Apple,2,3,
1968,38,4,8,HUSH,Deep Purple,Tetragrammaton,6,4,
1968,38,5,5,"1, 2, 3, RED LIGHT",1910 Fruitgum Co.,Buddah,9,5,
1968,38,6,3,LIGHT MY FIRE,Jose Feliciano,RCA Victor,9,3,
1968,38,7,4,BORN TO BE WILD,Steppenwolf,Dunhill,11,2,
1968,38,8,11,THE FOOL ON THE HILL,Sergio Mendes and Brasil ’66,A&M,7,8,
1968,38,9,23,I’VE GOTTA GET A MESSAGE TO YOU,The Bee Gees,Atco,6,9,
1968,38,10,6,THE HOUSE THAT JACK BUILT,Aretha Franklin,Atlantic,6,6,
1968,38,11,27,TIME HAS COME TODAY,The Chambers Brothers,Columbia,7,11,
1968,38,12,38,REVOLUTION,The Beatles,Apple,2,12,
1968,38,13,17,SLIP AWAY,Clarence Carter,Atlantic,11,13,
1968,38,14,14,I SAY A LITTLE PRAYER,Aretha Franklin,Atlantic,6,14,
1968,38,15,60,FIRE,The Crazy World Of Arthur Brown,Atlantic,3,15,
1968,38,16,18,GIRL WATCHER,The O’Kaysions,ABC,6,16,
1968,38,17,7,YOU’RE ALL I NEED TO GET BY,Marvin Gaye and Tammi Terrell,Tamla,9,7,
1968,38,18,24,ON THE ROAD AGAIN,Canned Heat,Liberty,7,18,
1968,38,19,57,MY SPECIAL ANGEL,The Vogues,Reprise,3,19,
1968,38,20,20,DO IT AGAIN,The Beach Boys,Capitol,9,20,
1968,38,21,52,MIDNIGHT CONFESSIONS,The Grass Roots,Dunhill,4,21,
1968,38,22,12,YOU KEEP ME HANGIN’ ON,Vanilla Fudge,Atco,16,6,
1968,38,23,9,"HELLO, I LOVE YOU",The Doors,Elektra,12,1,
1968,38,24,29,TUESDAY AFTERNOON (Forever Afternoon),The Moody Blues,Deram,10,24,
1968,38,25,13,SUNSHINE OF YOUR LOVE,Cream,Atco,26,5,
1968,38,26,26,MAGIC BUS,The Who,Decca,7,26,
1968,38,27,41,LITTLE GREEN APPLES,O.C. Smith,Columbia,6,27,
1968,38,28,21,LOVE MAKES A WOMAN,Barbara Acklin,Brunswick,11,15,
1968,38,29,59,(The Lament Of the Cherokee) INDIAN RESERVATION,Don Fardon,GNP Crescendo,4,29,
1968,38,30,22,CLASSICAL GAS,Mason Williams,Warner Brothers/Seven Arts,14,2,
1968,38,31,31,SAY IT LOUD – I’M BLACK AND I’M PROUD (Part 1),James Brown,King,3,31,
1968,38,32,15,"TURN AROUND, LOOK AT ME",The Vogues,Reprise,15,7,
1968,38,33,34,DOWN AT LULU’S,The Ohio Express,Buddah,8,33,
1968,38,34,37,SPECIAL OCCASION,Smokey Robinson and the Miracles,Tamla,6,34,
1968,38,35,25,SEALED WITH A KISS,Gary Lewis and the Playboys,Liberty,14,19,
1968,38,36,19,STAY IN MY CORNER,The Dells,Cadet,13,10,
1968,38,37,16,I CAN’T STOP DANCING,Archie Bell and the Drells,Atlantic,10,9,
1968,38,38,39,HIP CITY (Part 2),Jr. Walker and the All Stars,Soul,7,38,
1968,38,39,49,WHO IS GONNA LOVE ME,Dionne Warwick,Scepter,5,39,
1968,38,40,44,THE SNAKE,Al Wilson,Soul City,6,40,
1968,38,41,28,THE EYES OF A NEW YORK WOMAN,B.J. Thomas,Scepter,14,28,
1968,38,43,33,GIRLS CAN’T DO WHAT THE GUYS DO,Betty Wright,Alston,8,33,
1968,38,53,40,I’VE NEVER FOUND A GIRL (To Love Me Like You Do),Eddie Floyd,Stax,9,40,
1968,38,42,58,IN-A-GADDA-DA-VIDA,Iron Butterfly,Atco,5,42,
1968,38,44,88,SUZIE Q. (Part 1),Creedence Clearwater Revival,Fantasy,3,44,
1968,38,45,56,PIECE OF MY HEART,Big Brother and the Holding Company,Columbia,4,45,
1968,38,46,46,BROWN EYED WOMAN,Bill Medley,MGM,8,46,
1968,38,47,66,"BABY, COME BACK",The Equals,RCA Victor,3,47,
1968,38,48,48,HELP YOURSELF,Tom Jones,Parrot,4,48,
1968,38,49,43,GIVE A DAMN,Spanky and Our Gang,Mercury,8,43,
1968,38,50,42,I CAN’T DANCE TO THAT MUSIC YOU’RE PLAYIN’,Martha Reeves and the Vandellas,Gordy,7,42,
1968,39,1,3,HEY JUDE,The Beatles,Apple,3,1,1 week at #1
1968,39,2,1,HARPER VALLEY P.T.A.,Jeannie C. Riley,Plantation,6,1,
1968,39,3,2,PEOPLE GOT TO BE FREE,The Rascals,Atlantic,11,1,
1968,39,4,4,HUSH,Deep Purple,Tetragrammaton,7,4,
1968,39,5,15,FIRE,The Crazy World Of Arthur Brown,Atlantic,4,5,
1968,39,6,8,THE FOOL ON THE HILL,Sergio Mendes and Brasil ’66,A&M,8,6,
1968,39,7,5,"1, 2, 3, RED LIGHT",1910 Fruitgum Co.,Buddah,10,5,
1968,39,8,9,I’VE GOTTA GET A MESSAGE TO YOU,The Bee Gees,Atco,7,8,
1968,39,9,16,GIRL WATCHER,The O’Kaysions,ABC,7,9,
1968,39,10,13,SLIP AWAY,Clarence Carter,Atlantic,12,10,
1968,39,11,11,TIME HAS COME TODAY,The Chambers Brothers,Columbia,8,11,
1968,39,12,12,REVOLUTION,The Beatles,Apple,3,12,
1968,39,13,10,THE HOUSE THAT JACK BUILT,Aretha Franklin,Atlantic,7,6,
1968,39,14,14,I SAY A LITTLE PRAYER,Aretha Franklin,Atlantic,7,14,
1968,39,15,7,BORN TO BE WILD,Steppenwolf,Dunhill,12,2,
1968,39,16,18,ON THE ROAD AGAIN,Canned Heat,Liberty,8,16,
1968,39,17,6,LIGHT MY FIRE,Jose Feliciano,RCA Victor,10,3,
1968,39,18,21,MIDNIGHT CONFESSIONS,The Grass Roots,Dunhill,5,18,
1968,39,19,19,MY SPECIAL ANGEL,The Vogues,Reprise,4,19,
1968,39,20,27,LITTLE GREEN APPLES,O.C. Smith,Columbia,7,20,
1968,39,21,31,SAY IT LOUD – I’M BLACK AND I’M PROUD (Part 1),James Brown,King,4,21,
1968,39,22,17,YOU’RE ALL I NEED TO GET BY,Marvin Gaye and Tammi Terrell,Tamla,10,7,
1968,39,23,22,YOU KEEP ME HANGIN’ ON,Vanilla Fudge,Atco,17,6,
1968,39,24,45,PIECE OF MY HEART,Big Brother and the Holding Company,Columbia,5,24,
1968,39,25,26,MAGIC BUS,The Who,Decca,8,25,
1968,39,26,34,SPECIAL OCCASION,Smokey Robinson and the Miracles,Tamla,7,26,
1968,39,27,44,SUZIE Q. (Part 1),Creedence Clearwater Revival,Fantasy,4,27,
1968,39,28,29,(The Lament Of the Cherokee) INDIAN RESERVATION,Don Fardon,GNP Crescendo,5,28,
1968,39,29,54,OVER YOU,Gary Puckett and the Union Gap,Columbia,2,29,
1968,39,30,40,THE SNAKE,Al Wilson,Soul City,7,30,
1968,39,31,66,ALL ALONG THE WATCHTOWER,The Jimi Hendrix Experience,Reprise,2,31,
1968,39,32,24,TUESDAY AFTERNOON (Forever Afternoon),The Moody Blues,Deram,11,24,
1968,39,33,39,WHO IS GONNA LOVE ME,Dionne Warwick,Scepter,6,33,
1968,39,34,47,"BABY, COME BACK",The Equals,RCA Victor,4,34,
1968,39,35,38,HIP CITY (Part 2),Jr. Walker and the All Stars,Soul,8,35,
1968,39,36,63,SHAPE OF THINGS TO COME,Max Frost and the Troopers,Tower,4,36,
1968,39,37,28,LOVE MAKES A WOMAN,Barbara Acklin,Brunswick,12,15,
1968,39,38,42,IN-A-GADDA-DA-VIDA,Iron Butterfly,Atco,6,38,
1968,39,39,20,DO IT AGAIN,The Beach Boys,Capitol,10,20,
1968,39,40,33,DOWN AT LULU’S,The Ohio Express,Buddah,9,33,
1968,39,41,59,I WISH IT WOULD RAIN,Gladys Knight and the Pips,Soul,6,41,
1968,39,42,60,"HEY, WESTERN UNION MAN",Jerry Butler,Mercury,5,42,
1968,39,43,68,I MET HER IN CHURCH,The Box Tops,Mala,3,43,
1968,39,44,64,BREAK YOUR PROMISE,The Delfonics,Philly Groove,5,44,
1968,39,45,55,LISTEN HERE,Eddie Harris,Atlantic,11,45,
1968,39,46,46,BROWN EYED WOMAN,Bill Medley,MGM,9,46,
1968,39,47,61,DOWN ON ME,Big Brother and the Holding Company,Mainstream,5,47,
1968,39,48,48,HELP YOURSELF,Tom Jones,Parrot,5,48,
1968,39,49,87,I FOUND A TRUE LOVE,Wilson Pickett,Atlantic,2,49,
1968,39,50,50,I CAN’T DANCE TO THAT MUSIC YOU’RE PLAYIN’,Martha Reeves and the Vandellas,Gordy,8,42,
1968,40,1,1,HEY JUDE,The Beatles,Apple,4,1,2 weeks at #1
1968,40,2,2,HARPER VALLEY P.T.A.,Jeannie C. Riley,Plantation,7,1,
1968,40,3,5,FIRE,The Crazy World Of Arthur Brown,Atlantic,5,3,
1968,40,4,20,LITTLE GREEN APPLES,O.C. Smith,Columbia,8,4,
1968,40,5,9,GIRL WATCHER,The O’Kaysions,ABC,8,5,
1968,40,6,10,SLIP AWAY,Clarence Carter,Atlantic,13,6,
1968,40,7,3,PEOPLE GOT TO BE FREE,The Rascals,Atlantic,12,1,
1968,40,8,8,I’VE GOTTA GET A MESSAGE TO YOU,The Bee Gees,Atco,8,8,
1968,40,9,7,"1, 2, 3, RED LIGHT",1910 Fruitgum Co.,Buddah,11,5,
1968,40,10,14,I SAY A LITTLE PRAYER,Aretha Franklin,Atlantic,8,10,
1968,40,11,11,TIME HAS COME TODAY,The Chambers Brothers,Columbia,9,11,
1968,40,12,12,REVOLUTION,The Beatles,Apple,4,12,
1968,40,13,6,THE FOOL ON THE HILL,Sergio Mendes and Brasil ’66,A&M,9,6,
1968,40,14,21,SAY IT LOUD – I’M BLACK AND I’M PROUD (Part 1),James Brown,King,5,14,
1968,40,15,13,THE HOUSE THAT JACK BUILT,Aretha Franklin,Atlantic,8,6,
1968,40,16,4,HUSH,Deep Purple,Tetragrammaton,8,4,
1968,40,17,18,MIDNIGHT CONFESSIONS,The Grass Roots,Dunhill,6,17,
1968,40,18,19,MY SPECIAL ANGEL,The Vogues,Reprise,5,18,
1968,40,19,17,LIGHT MY FIRE,Jose Feliciano,RCA Victor,11,3,
1968,40,20,28,(The Lament Of the Cherokee) INDIAN RESERVATION,Don Fardon,GNP Crescendo,6,20,
1968,40,21,16,ON THE ROAD AGAIN,Canned Heat,Liberty,9,16,
1968,40,22,22,YOU’RE ALL I NEED TO GET BY,Marvin Gaye and Tammi Terrell,Tamla,11,7,
1968,40,23,15,BORN TO BE WILD,Steppenwolf,Dunhill,13,2,
1968,40,24,24,PIECE OF MY HEART,Big Brother and the Holding Company,Columbia,6,24,
1968,40,25,29,OVER YOU,Gary Puckett and the Union Gap,Columbia,3,25,
1968,40,26,27,SUZIE Q. (Part 1),Creedence Clearwater Revival,Fantasy,5,26,
1968,40,27,30,THE SNAKE,Al Wilson,Soul City,8,27,
1968,40,28,26,SPECIAL OCCASION,Smokey Robinson and the Miracles,Tamla,8,26,
1968,40,29,42,"HEY, WESTERN UNION MAN",Jerry Butler,Mercury,6,29,
1968,40,30,25,MAGIC BUS,The Who,Decca,9,25,
1968,40,31,31,ALL ALONG THE WATCHTOWER,The Jimi Hendrix Experience,Reprise,3,31,
1968,40,32,38,IN-A-GADDA-DA-VIDA,Iron Butterfly,Atco,7,32,
1968,40,33,33,WHO IS GONNA LOVE ME,Dionne Warwick,Scepter,7,33,
1968,40,34,34,"BABY, COME BACK",The Equals,RCA Victor,5,34,
1968,40,35,35,HIP CITY (Part 2),Jr. Walker and the All Stars,Soul,9,35,
1968,40,36,36,SHAPE OF THINGS TO COME,Max Frost and the Troopers,Tower,5,36,
1968,40,37,61,FOOL FOR YOU,The Impressions,Curtom,5,37,
1968,40,38,59,HOLD ME TIGHT,Johnny Nash,JAD,4,38,
1968,40,39,48,HELP YOURSELF,Tom Jones,Parrot,6,39,
1968,40,40,44,BREAK YOUR PROMISE,The Delfonics,Philly Groove,6,40,
1968,40,41,41,I WISH IT WOULD RAIN,Gladys Knight and the Pips,Soul,7,41,
1968,40,42,43,I MET HER IN CHURCH,The Box Tops,Mala,4,42,
1968,40,43,46,BROWN EYED WOMAN,Bill Medley,MGM,10,43,
1968,40,44,54,ELENORE,The Turtles,White Whale,3,44,
1968,40,45,45,LISTEN HERE,Eddie Harris,Atlantic,12,45,
1968,40,46,62,"SHOOT’EM UP, BABY",Andy Kim,Steed,5,46,
1968,40,47,47,DOWN ON ME,Big Brother and the Holding Company,Mainstream,6,47,
1968,40,48,56,STREET FIGHTING MAN,The Rolling Stones,London,5,48,
1968,40,49,49,I FOUND A TRUE LOVE,Wilson Pickett,Atlantic,3,49,
1968,40,50,52,CHAINED,Marvin Gaye,Tamla,4,50,
1968,41,1,1,HEY JUDE,The Beatles,Apple,5,1,3 weeks at #1
1968,41,2,2,HARPER VALLEY P.T.A.,Jeannie C. Riley,Plantation,8,1,
1968,41,3,3,FIRE,The Crazy World Of Arthur Brown,Atlantic,6,3,
1968,41,4,4,LITTLE GREEN APPLES,O.C. Smith,Columbia,9,4,
1968,41,5,5,GIRL WATCHER,The O’Kaysions,ABC,9,5,
1968,41,6,17,MIDNIGHT CONFESSIONS,The Grass Roots,Dunhill,7,6,
1968,41,7,18,MY SPECIAL ANGEL,The Vogues,Reprise,6,7,
1968,41,8,8,I’VE GOTTA GET A MESSAGE TO YOU,The Bee Gees,Atco,9,8,
1968,41,9,25,OVER YOU,Gary Puckett and the Union Gap,Columbia,4,9,
1968,41,10,6,SLIP AWAY,Clarence Carter,Atlantic,14,6,
1968,41,11,11,TIME HAS COME TODAY,The Chambers Brothers,Columbia,10,11,
1968,41,12,7,PEOPLE GOT TO BE FREE,The Rascals,Atlantic,13,1,
1968,41,13,10,I SAY A LITTLE PRAYER,Aretha Franklin,Atlantic,9,10,
1968,41,14,14,SAY IT LOUD – I’M BLACK AND I’M PROUD (Part 1),James Brown,King,6,14,
1968,41,15,12,REVOLUTION,The Beatles,Apple,5,12,
1968,41,16,16,HUSH,Deep Purple,Tetragrammaton,9,4,
1968,41,17,26,SUZIE Q. (Part 1),Creedence Clearwater Revival,Fantasy,6,17,
1968,41,18,54,THOSE WERE THE DAYS,Mary Hopkin,Apple,3,18,
1968,41,19,24,PIECE OF MY HEART,Big Brother and the Holding Company,Columbia,7,19,
1968,41,20,20,(The Lament Of the Cherokee) INDIAN RESERVATION,Don Fardon,GNP Crescendo,7,20,
1968,41,21,21,ON THE ROAD AGAIN,Canned Heat,Liberty,10,16,
1968,41,22,13,THE FOOL ON THE HILL,Sergio Mendes and Brasil ’66,A&M,10,6,
1968,41,23,9,"1, 2, 3, RED LIGHT",1910 Fruitgum Co.,Buddah,12,5,
1968,41,24,44,ELENORE,The Turtles,White Whale,4,24,
1968,41,25,19,LIGHT MY FIRE,Jose Feliciano,RCA Victor,12,3,
1968,41,26,36,SHAPE OF THINGS TO COME,Max Frost and the Troopers,Tower,6,26,
1968,41,27,27,THE SNAKE,Al Wilson,Soul City,9,27,
1968,41,28,29,"HEY, WESTERN UNION MAN",Jerry Butler,Mercury,7,28,
1968,41,29,31,ALL ALONG THE WATCHTOWER,The Jimi Hendrix Experience,Reprise,4,29,
1968,41,30,15,THE HOUSE THAT JACK BUILT,Aretha Franklin,Atlantic,9,6,
1968,41,31,35,HIP CITY (Part 2),Jr. Walker and the All Stars,Soul,10,31,
1968,41,32,32,IN-A-GADDA-DA-VIDA,Iron Butterfly,Atco,8,32,
1968,41,33,22,YOU’RE ALL I NEED TO GET BY,Marvin Gaye and Tammi Terrell,Tamla,12,7,
1968,41,34,34,"BABY, COME BACK",The Equals,RCA Victor,6,34,
1968,41,35,39,HELP YOURSELF,Tom Jones,Parrot,7,35,
1968,41,36,37,FOOL FOR YOU,The Impressions,Curtom,6,36,
1968,41,37,42,I MET HER IN CHURCH,The Box Tops,Mala,5,37,
1968,41,38,38,HOLD ME TIGHT,Johnny Nash,JAD,5,38,
1968,41,39,33,WHO IS GONNA LOVE ME,Dionne Warwick,Scepter,8,33,
1968,41,40,40,BREAK YOUR PROMISE,The Delfonics,Philly Groove,7,40,
1968,41,42,28,SPECIAL OCCASION,Smokey Robinson and the Miracles,Tamla,9,26,
1968,41,41,41,I WISH IT WOULD RAIN,Gladys Knight and the Pips,Soul,8,41,
1968,41,43,47,DOWN ON ME,Big Brother and the Holding Company,Mainstream,7,43,
1968,41,44,52,POOR BABY,The Cowsills,MGM,5,44,
1968,41,45,46,"SHOOT’EM UP, BABY",Andy Kim,Steed,6,45,
1968,41,46,56,COURT OF LOVE,The Unifics,Kapp,4,46,
1968,41,47,50,CHAINED,Marvin Gaye,Tamla,5,47,
1968,41,48,48,STREET FIGHTING MAN,The Rolling Stones,London,6,48,
1968,41,49,49,I FOUND A TRUE LOVE,Wilson Pickett,Atlantic,4,49,
1968,41,50,58,WHITE ROOM,Cream,Atco,2,50,
1968,42,1,1,HEY JUDE,The Beatles,Apple,6,1,4 weeks at #1
1968,42,2,3,FIRE,The Crazy World Of Arthur Brown,Atlantic,7,2,
1968,42,3,4,LITTLE GREEN APPLES,O.C. Smith,Columbia,10,3,
1968,42,4,2,HARPER VALLEY P.T.A.,Jeannie C. Riley,Plantation,9,1,
1968,42,5,5,GIRL WATCHER,The O’Kaysions,ABC,10,5,
1968,42,6,6,MIDNIGHT CONFESSIONS,The Grass Roots,Dunhill,8,6,
1968,42,7,7,MY SPECIAL ANGEL,The Vogues,Reprise,7,7,
1968,42,8,8,I’VE GOTTA GET A MESSAGE TO YOU,The Bee Gees,Atco,10,8,
1968,42,9,9,OVER YOU,Gary Puckett and the Union Gap,Columbia,5,9,
1968,42,10,14,SAY IT LOUD – I’M BLACK AND I’M PROUD (Part 1),James Brown,King,7,10,
1968,42,11,11,TIME HAS COME TODAY,The Chambers Brothers,Columbia,11,11,
1968,42,12,17,SUZIE Q. (Part 1),Creedence Clearwater Revival,Fantasy,7,12,
1968,42,13,18,THOSE WERE THE DAYS,Mary Hopkin,Apple,4,13,
1968,42,14,24,ELENORE,The Turtles,White Whale,5,14,
1968,42,15,19,PIECE OF MY HEART,Big Brother and the Holding Company,Columbia,8,15,
1968,42,16,10,SLIP AWAY,Clarence Carter,Atlantic,15,6,
1968,42,17,15,REVOLUTION,The Beatles,Apple,6,12,
1968,42,18,28,"HEY, WESTERN UNION MAN",Jerry Butler,Mercury,8,18,
1968,42,19,38,HOLD ME TIGHT,Johnny Nash,JAD,6,19,
1968,42,20,29,ALL ALONG THE WATCHTOWER,The Jimi Hendrix Experience,Reprise,5,20,
1968,42,21,13,I SAY A LITTLE PRAYER,Aretha Franklin,Atlantic,10,10,
1968,42,22,50,WHITE ROOM,Cream,Atco,3,22,
1968,42,23,36,FOOL FOR YOU,The Impressions,Curtom,7,23,
1968,42,24,22,THE FOOL ON THE HILL,Sergio Mendes and Brasil ’66,A&M,11,6,
1968,42,25,20,(The Lament Of the Cherokee) INDIAN RESERVATION,Don Fardon,GNP Crescendo,8,20,
1968,42,26,26,SHAPE OF THINGS TO COME,Max Frost and the Troopers,Tower,7,26,
1968,42,27,12,PEOPLE GOT TO BE FREE,The Rascals,Atlantic,14,1,
1968,42,28,23,"1, 2, 3, RED LIGHT",1910 Fruitgum Co.,Buddah,13,5,
1968,42,29,16,HUSH,Deep Purple,Tetragrammaton,10,4,
1968,42,30,27,THE SNAKE,Al Wilson,Soul City,10,27,
1968,42,31,21,ON THE ROAD AGAIN,Canned Heat,Liberty,11,16,
1968,42,32,32,IN-A-GADDA-DA-VIDA,Iron Butterfly,Atco,9,32,
1968,42,33,47,CHAINED,Marvin Gaye,Tamla,6,33,
1968,42,34,34,"BABY, COME BACK",The Equals,RCA Victor,7,34,
1968,42,35,31,HIP CITY (Part 2),Jr. Walker and the All Stars,Soul,11,31,
1968,42,36,40,BREAK YOUR PROMISE,The Delfonics,Philly Groove,8,36,
1968,42,37,57,LALENA,Donovan,Epic,3,37,
1968,42,38,69,KEEP ON LOVIN’ ME HONEY,Marvin Gaye and Tammi Terrell,Tamla,2,38,
1968,42,39,46,COURT OF LOVE,The Unifics,Kapp,5,39,
1968,42,40,45,"SHOOT’EM UP, BABY",Andy Kim,Steed,7,40,
1968,42,48,39,WHO IS GONNA LOVE ME,Dionne Warwick,Scepter,9,33,
1968,42,50,37,I MET HER IN CHURCH,The Box Tops,Mala,6,37,
1968,42,53,35,HELP YOURSELF,Tom Jones,Parrot,8,35,
1968,42,41,41,I WISH IT WOULD RAIN,Gladys Knight and the Pips,Soul,9,41,
1968,42,42,52,SWEET BLINDNESS,The 5th Dimension,Soul City,4,42,
1968,42,44,51,DO THE CHOO CHOO,Archie Bell and the Drells,Atlantic,4,44,
1968,42,45,56,MAGIC CARPET RIDE,Steppenwolf,Dunhill,3,45,
1968,42,46,49,I FOUND A TRUE LOVE,Wilson Pickett,Atlantic,5,46,
1968,42,47,43,DOWN ON ME,Big Brother and the Holding Company,Mainstream,8,43,
1968,43,1,1,HEY JUDE,The Beatles,Apple,7,1,5 weeks at #1
1968,43,2,3,LITTLE GREEN APPLES,O.C. Smith,Columbia,11,2,
1968,43,3,2,FIRE,The Crazy World Of Arthur Brown,Atlantic,8,2,
1968,43,4,13,THOSE WERE THE DAYS,Mary Hopkin,Apple,5,4,
1968,43,5,5,GIRL WATCHER,The O’Kaysions,ABC,11,5,
1968,43,6,6,MIDNIGHT CONFESSIONS,The Grass Roots,Dunhill,9,6,
1968,43,7,9,OVER YOU,Gary Puckett and the Union Gap,Columbia,6,7,
1968,43,8,4,HARPER VALLEY P.T.A.,Jeannie C. Riley,Plantation,9,1,
1968,43,9,14,ELENORE,The Turtles,White Whale,6,9,
1968,43,10,8,I’VE GOTTA GET A MESSAGE TO YOU,The Bee Gees,Atco,11,8,
1968,43,11,19,HOLD ME TIGHT,Johnny Nash,JAD,7,11,
1968,43,12,12,SUZIE Q. (Part 1),Creedence Clearwater Revival,Fantasy,8,12,
1968,43,13,15,PIECE OF MY HEART,Big Brother and the Holding Company,Columbia,9,13,
1968,43,14,7,MY SPECIAL ANGEL,The Vogues,Reprise,8,7,
1968,43,15,22,WHITE ROOM,Cream,Atco,4,15,
1968,43,16,10,SAY IT LOUD – I’M BLACK AND I’M PROUD (Part 1),James Brown,King,8,10,
1968,43,17,17,REVOLUTION,The Beatles,Apple,7,12,
1968,43,18,18,"HEY, WESTERN UNION MAN",Jerry Butler,Mercury,9,18,
1968,43,19,43,LOVE CHILD,Diana Ross and the Supremes,Motown,2,19,
1968,43,20,20,ALL ALONG THE WATCHTOWER,The Jimi Hendrix Experience,Reprise,6,20,
1968,43,21,11,TIME HAS COME TODAY,The Chambers Brothers,Columbia,12,11,
1968,43,22,26,SHAPE OF THINGS TO COME,Max Frost and the Troopers,Tower,8,22,
1968,43,23,23,FOOL FOR YOU,The Impressions,Curtom,8,23,
1968,43,24,16,SLIP AWAY,Clarence Carter,Atlantic,16,6,
1968,43,25,45,MAGIC CARPET RIDE,Steppenwolf,Dunhill,4,25,
1968,43,26,21,I SAY A LITTLE PRAYER,Aretha Franklin,Atlantic,11,10,
1968,43,27,42,SWEET BLINDNESS,The 5th Dimension,Soul City,5,27,
1968,43,28,39,COURT OF LOVE,The Unifics,Kapp,6,28,
1968,43,29,24,THE FOOL ON THE HILL,Sergio Mendes and Brasil ’66,A&M,12,6,
1968,43,30,32,IN-A-GADDA-DA-VIDA,Iron Butterfly,Atco,10,30,
1968,43,31,40,"SHOOT’EM UP, BABY",Andy Kim,Steed,8,31,
1968,43,32,34,"BABY, COME BACK",The Equals,RCA Victor,8,32,
1968,43,33,33,CHAINED,Marvin Gaye,Tamla,7,33,
1968,43,34,49,HI-HEEL SNEAKERS,Jose Feliciano,RCA Victor,2,34,
1968,43,35,36,BREAK YOUR PROMISE,The Delfonics,Philly Groove,9,35,
1968,43,36,38,KEEP ON LOVIN’ ME HONEY,Marvin Gaye and Tammi Terrell,Tamla,3,36,
1968,43,37,37,LALENA,Donovan,Epic,4,37,
1968,43,38,54,TAKE ME FOR A LITTLE WHILE,Vanilla Fudge,Atco,4,38,
1968,43,39,25,(The Lament Of the Cherokee) INDIAN RESERVATION,Don Fardon,GNP Crescendo,9,20,
1968,43,40,51,NATURALLY STONED,The Avant-Garde,Columbia,9,40,
1968,43,41,41,I WISH IT WOULD RAIN,Gladys Knight and the Pips,Soul,9,41,
1968,43,42,56,BANG-SHANG-A-LANG,The Archies,Calendar,5,42,
1968,43,43,76,QUICK JOEY SMALL (Run Joey Run),The Kasenetz-Katz Singing Orchestral Circus,Buddah,4,43,
1968,43,44,44,DO THE CHOO CHOO,Archie Bell and the Drells,Atlantic,5,44,
1968,43,46,46,I FOUND A TRUE LOVE,Wilson Pickett,Atlantic,6,46,
1968,43,47,61,THE FUNKY JUDGE,Bull and the Matadors,Toddlin’ Town,10,47,
1968,43,48,72,CHEWY CHEWY,The Ohio Express,Buddah,2,48,
1968,43,49,55,I’VE GOT DREAMS TO REMEMBER,Otis Redding,Atco,5,49,
1968,43,50,52,GENTLE ON MY MIND,Glen Campbell,Capitol,14,50,
1968,44,1,1,HEY JUDE,The Beatles,Apple,8,1,6 weeks at #1
1968,44,2,4,THOSE WERE THE DAYS,Mary Hopkin,Apple,6,2,
1968,44,3,2,LITTLE GREEN APPLES,O.C. Smith,Columbia,12,2,
1968,44,4,3,FIRE,The Crazy World Of Arthur Brown,Atlantic,9,2,
1968,44,5,6,MIDNIGHT CONFESSIONS,The Grass Roots,Dunhill,10,5,
1968,44,6,9,ELENORE,The Turtles,White Whale,7,6,
1968,44,7,7,OVER YOU,Gary Puckett and the Union Gap,Columbia,7,7,
1968,44,8,11,HOLD ME TIGHT,Johnny Nash,JAD,8,8,
1968,44,9,19,LOVE CHILD,Diana Ross and the Supremes,Motown,3,9,
1968,44,10,15,WHITE ROOM,Cream,Atco,5,10,
1968,44,11,12,SUZIE Q. (Part 1),Creedence Clearwater Revival,Fantasy,9,11,
1968,44,12,25,MAGIC CARPET RIDE,Steppenwolf,Dunhill,5,12,
1968,44,13,13,PIECE OF MY HEART,Big Brother and the Holding Company,Columbia,10,13,
1968,44,14,8,HARPER VALLEY P.T.A.,Jeannie C. Riley,Plantation,10,1,
1968,44,15,5,GIRL WATCHER,The O’Kaysions,ABC,12,5,
1968,44,16,10,I’VE GOTTA GET A MESSAGE TO YOU,The Bee Gees,Atco,12,8,
1968,44,17,14,MY SPECIAL ANGEL,The Vogues,Reprise,9,7,
1968,44,18,18,"HEY, WESTERN UNION MAN",Jerry Butler,Mercury,10,18,
1968,44,19,17,REVOLUTION,The Beatles,Apple,8,12,
1968,44,20,16,SAY IT LOUD – I’M BLACK AND I’M PROUD (Part 1),James Brown,King,9,10,
1968,44,21,27,SWEET BLINDNESS,The 5th Dimension,Soul City,6,21,
1968,44,22,22,SHAPE OF THINGS TO COME,Max Frost and the Troopers,Tower,9,22,
1968,44,23,23,FOOL FOR YOU,The Impressions,Curtom,9,23,
1968,44,24,21,TIME HAS COME TODAY,The Chambers Brothers,Columbia,13,11,
1968,44,25,20,ALL ALONG THE WATCHTOWER,The Jimi Hendrix Experience,Reprise,7,20,
1968,44,26,28,COURT OF LOVE,The Unifics,Kapp,7,26,
1968,44,27,34,HI-HEEL SNEAKERS,Jose Feliciano,RCA Victor,3,27,
1968,44,28,42,BANG-SHANG-A-LANG,The Archies,Calendar,6,28,
1968,44,29,45,WHO’S MAKING LOVE,Johnnie Taylor,Stax,2,29,
1968,44,30,30,IN-A-GADDA-DA-VIDA,Iron Butterfly,Atco,11,30,
1968,44,31,31,"SHOOT’EM UP, BABY",Andy Kim,Steed,9,31,
1968,44,32,33,CHAINED,Marvin Gaye,Tamla,8,32,
1968,44,33,37,LALENA,Donovan,Epic,5,33,
1968,44,34,36,KEEP ON LOVIN’ ME HONEY,Marvin Gaye and Tammi Terrell,Tamla,4,34,
1968,44,35,66,"ABRAHAM, MARTIN AND JOHN",Dion,Laurie,2,35,
1968,44,36,48,CHEWY CHEWY,The Ohio Express,Buddah,3,36,
1968,44,37,54,ALWAYS TOGETHER,The Dells,Cadet,4,37,
1968,44,38,38,TAKE ME FOR A LITTLE WHILE,Vanilla Fudge,Atco,5,38,
1968,44,39,50,GENTLE ON MY MIND,Glen Campbell,Capitol,15,39,
1968,44,40,32,"BABY, COME BACK",The Equals,RCA Victor,9,32,
1968,44,45,35,BREAK YOUR PROMISE,The Delfonics,Philly Groove,10,35,
1968,44,48,40,NATURALLY STONED,The Avant-Garde,Columbia,10,40,
1968,44,41,43,QUICK JOEY SMALL (Run Joey Run),The Kasenetz-Katz Singing Orchestral Circus,Buddah,5,41,
1968,44,42,46,I FOUND A TRUE LOVE,Wilson Pickett,Atlantic,7,42,
1968,44,43,70,CYCLES,Frank Sinatra,Reprise,4,43,
1968,44,44,44,DO THE CHOO CHOO,Archie Bell and the Drells,Atlantic,6,44,
1968,44,46,68,LES BICYCLETTES DE BELSIZE,Engelbert Humperdinck,Parrot,3,46,
1968,44,47,47,THE FUNKY JUDGE,Bull and the Matadors,Toddlin’ Town,11,47,
1968,44,49,49,I’VE GOT DREAMS TO REMEMBER,Otis Redding,Atco,6,49,
1968,44,50,64,BRING IT ON HOME TO ME,Eddie Floyd,Stax,3,50,
1968,45,1,1,HEY JUDE,The Beatles,Apple,9,1,7 weeks at #1
1968,45,2,2,THOSE WERE THE DAYS,Mary Hopkin,Apple,7,2,
1968,45,3,9,LOVE CHILD,Diana Ross and the Supremes,Motown,4,3,
1968,45,4,3,LITTLE GREEN APPLES,O.C. Smith,Columbia,13,2,
1968,45,5,8,HOLD ME TIGHT,Johnny Nash,JAD,9,5,
1968,45,6,10,WHITE ROOM,Cream,Atco,6,6,
1968,45,7,12,MAGIC CARPET RIDE,Steppenwolf,Dunhill,6,7,
1968,45,8,6,ELENORE,The Turtles,White Whale,8,6,
1968,45,9,4,FIRE,The Crazy World Of Arthur Brown,Atlantic,10,2,
1968,45,10,5,MIDNIGHT CONFESSIONS,The Grass Roots,Dunhill,11,5,
1968,45,11,7,OVER YOU,Gary Puckett and the Union Gap,Columbia,8,7,
1968,45,12,13,PIECE OF MY HEART,Big Brother and the Holding Company,Columbia,11,12,
1968,45,13,21,SWEET BLINDNESS,The 5th Dimension,Soul City,7,13,
1968,45,14,11,SUZIE Q. (Part 1),Creedence Clearwater Revival,Fantasy,10,11,
1968,45,15,14,HARPER VALLEY P.T.A.,Jeannie C. Riley,Plantation,11,1,
1968,45,16,15,GIRL WATCHER,The O’Kaysions,ABC,13,5,
1968,45,17,18,"HEY, WESTERN UNION MAN",Jerry Butler,Mercury,11,17,
1968,45,18,35,"ABRAHAM, MARTIN AND JOHN",Dion,Laurie,3,18,
1968,45,19,19,REVOLUTION,The Beatles,Apple,9,12,
1968,45,20,20,SAY IT LOUD – I’M BLACK AND I’M PROUD (Part 1),James Brown,King,10,10,
1968,45,21,29,WHO’S MAKING LOVE,Johnnie Taylor,Stax,3,21,
1968,45,22,22,SHAPE OF THINGS TO COME,Max Frost and the Troopers,Tower,10,22,
1968,45,23,23,FOOL FOR YOU,The Impressions,Curtom,10,23,
1968,45,24,34,KEEP ON LOVIN’ ME HONEY,Marvin Gaye and Tammi Terrell,Tamla,5,24,
1968,45,25,26,COURT OF LOVE,The Unifics,Kapp,8,25,
1968,45,26,27,HI-HEEL SNEAKERS,Jose Feliciano,RCA Victor,4,26,
1968,45,27,28,BANG-SHANG-A-LANG,The Archies,Calendar,7,27,
1968,45,28,16,I’VE GOTTA GET A MESSAGE TO YOU,The Bee Gees,Atco,13,8,
1968,45,29,25,ALL ALONG THE WATCHTOWER,The Jimi Hendrix Experience,Reprise,8,20,
1968,45,30,24,TIME HAS COME TODAY,The Chambers Brothers,Columbia,14,11,
1968,45,31,17,MY SPECIAL ANGEL,The Vogues,Reprise,10,7,
1968,45,32,32,CHAINED,Marvin Gaye,Tamla,9,32,
1968,45,33,33,LALENA,Donovan,Epic,6,33,
1968,45,34,41,QUICK JOEY SMALL (Run Joey Run),The Kasenetz-Katz Singing Orchestral Circus,Buddah,6,34,
1968,45,35,79,FOR ONCE IN MY LIFE,Stevie Wonder,Tamla,2,35,
1968,45,36,36,CHEWY CHEWY,The Ohio Express,Buddah,4,36,
1968,45,37,37,ALWAYS TOGETHER,The Dells,Cadet,5,37,
1968,45,38,38,TAKE ME FOR A LITTLE WHILE,Vanilla Fudge,Atco,6,38,
1968,45,39,30,IN-A-GADDA-DA-VIDA,Iron Butterfly,Atco,12,30,
1968,45,40,57,LITTLE ARROWS,Leapy Lee,Decca,5,40,
1968,45,49,31,"SHOOT’EM UP, BABY",Andy Kim,Steed,10,31,
1968,45,50,39,GENTLE ON MY MIND,Glen Campbell,Capitol,16,39,
1968,45,41,49,I’VE GOT DREAMS TO REMEMBER,Otis Redding,Atco,7,41,
1968,45,42,50,BRING IT ON HOME TO ME,Eddie Floyd,Stax,4,42,
1968,45,43,43,CYCLES,Frank Sinatra,Reprise,5,43,
1968,45,44,44,DO THE CHOO CHOO,Archie Bell and the Drells,Atlantic,7,44,
1968,45,45,46,LES BICYCLETTES DE BELSIZE,Engelbert Humperdinck,Parrot,4,45,
1968,45,46,47,THE FUNKY JUDGE,Bull and the Matadors,Toddlin’ Town,12,46,
1968,45,47,64,I LOVE HOW YOU LOVE ME,Bobby Vinton,Epic,2,47,
1968,45,48,66,"PROMISES, PROMISES",Dionne Warwick,Scepter,2,48,
1968,46,1,1,HEY JUDE,The Beatles,Apple,10,1,8 weeks at #1
1968,46,2,2,THOSE WERE THE DAYS,Mary Hopkin,Apple,8,2,
1968,46,3,3,LOVE CHILD,Diana Ross and the Supremes,Motown,5,3,
1968,46,4,7,MAGIC CARPET RIDE,Steppenwolf,Dunhill,7,4,
1968,46,5,5,HOLD ME TIGHT,Johnny Nash,JAD,10,5,
1968,46,6,6,WHITE ROOM,Cream,Atco,7,6,
1968,46,7,4,LITTLE GREEN APPLES,O.C. Smith,Columbia,14,2,
1968,46,8,21,WHO’S MAKING LOVE,Johnnie Taylor,Stax,4,8,
1968,46,9,18,"ABRAHAM, MARTIN AND JOHN",Dion,Laurie,4,9,
1968,46,10,8,ELENORE,The Turtles,White Whale,9,6,
1968,46,11,9,FIRE,The Crazy World Of Arthur Brown,Atlantic,11,2,
1968,46,12,11,OVER YOU,Gary Puckett and the Union Gap,Columbia,9,7,
1968,46,13,13,SWEET BLINDNESS,The 5th Dimension,Soul City,8,13,
1968,46,14,35,FOR ONCE IN MY LIFE,Stevie Wonder,Tamla,3,14,
1968,46,15,10,MIDNIGHT CONFESSIONS,The Grass Roots,Dunhill,12,5,
1968,46,16,17,"HEY, WESTERN UNION MAN",Jerry Butler,Mercury,12,16,
1968,46,17,36,CHEWY CHEWY,The Ohio Express,Buddah,5,17,
1968,46,18,37,ALWAYS TOGETHER,The Dells,Cadet,6,18,
1968,46,19,14,SUZIE Q. (Part 1),Creedence Clearwater Revival,Fantasy,11,11,
1968,46,20,19,REVOLUTION,The Beatles,Apple,10,12,
1968,46,21,16,GIRL WATCHER,The O’Kaysions,ABC,14,5,
1968,46,22,23,FOOL FOR YOU,The Impressions,Curtom,11,22,
1968,46,23,67,WICHITA LINEMAN,Glen Campbell,Capitol,3,23,
1968,46,24,24,KEEP ON LOVIN’ ME HONEY,Marvin Gaye and Tammi Terrell,Tamla,6,24,
1968,46,25,26,HI-HEEL SNEAKERS,Jose Feliciano,RCA Victor,5,25,
1968,46,26,47,I LOVE HOW YOU LOVE ME,Bobby Vinton,Epic,3,26,
1968,46,27,27,BANG-SHANG-A-LANG,The Archies,Calendar,8,27,
1968,46,28,20,SAY IT LOUD – I’M BLACK AND I’M PROUD (Part 1),James Brown,King,11,10,
1968,46,29,12,PIECE OF MY HEART,Big Brother and the Holding Company,Columbia,12,12,
1968,46,30,42,BRING IT ON HOME TO ME,Eddie Floyd,Stax,5,30,
1968,46,31,40,LITTLE ARROWS,Leapy Lee,Decca,6,31,
1968,46,32,25,COURT OF LOVE,The Unifics,Kapp,9,25,
1968,46,33,57,STORMY,The Classics IV Featuring Dennis Yost,Imperial,4,33,
1968,46,34,34,QUICK JOEY SMALL (Run Joey Run),The Kasenetz-Katz Singing Orchestral Circus,Buddah,7,34,
1968,46,35,15,HARPER VALLEY P.T.A.,Jeannie C. Riley,Plantation,12,1,
1968,46,36,29,ALL ALONG THE WATCHTOWER,The Jimi Hendrix Experience,Reprise,9,20,
1968,46,37,43,CYCLES,Frank Sinatra,Reprise,6,37,
1968,46,38,38,TAKE ME FOR A LITTLE WHILE,Vanilla Fudge,Atco,7,38,
1968,46,39,46,THE FUNKY JUDGE,Bull and the Matadors,Toddlin’ Town,13,39,
1968,46,40,22,SHAPE OF THINGS TO COME,Max Frost and the Troopers,Tower,11,22,
1968,46,44,32,CHAINED,Marvin Gaye,Tamla,10,32,
1968,46,41,48,"PROMISES, PROMISES",Dionne Warwick,Scepter,3,41,
1968,46,42,56,PICKIN’ WILD MOUNTAIN BERRIES,Peggy Scott and Jo Jo Benson,SSS International,5,42,
1968,46,43,45,LES BICYCLETTES DE BELSIZE,Engelbert Humperdinck,Parrot,5,43,
1968,46,46,74,BOTH SIDES NOW,Judy Collins,Elektra,2,46,
1968,46,47,73,TOO WEAK TO FIGHT,Clarence Carter,Atlantic,2,47,
1968,46,48,53,BATTLE HYMN OF THE REPUBLIC,Andy Williams with the St. Charles Borromeo Choir,Columbia,5,48,
1968,46,49,54,THE STRAIGHT LIFE,Bobby Goldsboro,United Artists,4,49,
1968,46,50,60,CINNAMON,Derek,Bang,4,50,
1968,47,1,1,HEY JUDE,The Beatles,Apple,11,1,9 weeks at #1
1968,47,2,3,LOVE CHILD,Diana Ross and the Supremes,Motown,6,2,
1968,47,3,2,THOSE WERE THE DAYS,Mary Hopkin,Apple,9,2,
1968,47,4,4,MAGIC CARPET RIDE,Steppenwolf,Dunhill,8,4,
1968,47,5,9,"ABRAHAM, MARTIN AND JOHN",Dion,Laurie,5,5,
1968,47,6,6,WHITE ROOM,Cream,Atco,8,6,
1968,47,7,5,HOLD ME TIGHT,Johnny Nash,JAD,11,5,
1968,47,8,8,WHO’S MAKING LOVE,Johnnie Taylor,Stax,5,8,
1968,47,9,7,LITTLE GREEN APPLES,O.C. Smith,Columbia,15,2,
1968,47,10,23,WICHITA LINEMAN,Glen Campbell,Capitol,4,10,
1968,47,11,33,STORMY,The Classics IV Featuring Dennis Yost,Imperial,5,11,
1968,47,12,10,ELENORE,The Turtles,White Whale,10,6,
1968,47,13,12,OVER YOU,Gary Puckett and the Union Gap,Columbia,10,7,
1968,47,14,14,FOR ONCE IN MY LIFE,Stevie Wonder,Tamla,4,14,
1968,47,15,15,MIDNIGHT CONFESSIONS,The Grass Roots,Dunhill,13,5,
1968,47,16,17,CHEWY CHEWY,The Ohio Express,Buddah,6,16,
1968,47,17,26,I LOVE HOW YOU LOVE ME,Bobby Vinton,Epic,4,17,
1968,47,18,18,ALWAYS TOGETHER,The Dells,Cadet,7,18,
1968,47,19,46,BOTH SIDES NOW,Judy Collins,Elektra,3,19,
1968,47,20,11,FIRE,The Crazy World Of Arthur Brown,Atlantic,12,2,
1968,47,21,41,"PROMISES, PROMISES",Dionne Warwick,Scepter,4,21,
1968,47,22,31,LITTLE ARROWS,Leapy Lee,Decca,7,22,
1968,47,23,37,CYCLES,Frank Sinatra,Reprise,7,23,
1968,47,24,27,BANG-SHANG-A-LANG,The Archies,Calendar,9,24,
1968,47,25,25,HI-HEEL SNEAKERS,Jose Feliciano,RCA Victor,6,25,
1968,47,26,13,SWEET BLINDNESS,The 5th Dimension,Soul City,9,13,
1968,47,27,30,BRING IT ON HOME TO ME,Eddie Floyd,Stax,6,27,
1968,47,28,34,QUICK JOEY SMALL (Run Joey Run),The Kasenetz-Katz Singing Orchestral Circus,Buddah,8,28,
1968,47,29,20,REVOLUTION,The Beatles,Apple,11,12,
1968,47,30,16,"HEY, WESTERN UNION MAN",Jerry Butler,Mercury,13,16,
1968,47,31,19,SUZIE Q. (Part 1),Creedence Clearwater Revival,Fantasy,12,11,
1968,47,32,43,LES BICYCLETTES DE BELSIZE,Engelbert Humperdinck,Parrot,6,32,
1968,47,33,24,KEEP ON LOVIN’ ME HONEY,Marvin Gaye and Tammi Terrell,Tamla,7,24,
1968,47,36,52,1432 FRANKLIN PIKE CIRCLE HERO,Bobby Russell,Elf,5,36,
1968,47,37,50,CINNAMON,Derek,Bang,5,37,
1968,47,38,55,DO SOMETHING TO ME,Tommy James and the Shondells,Roulette,7,38,
1968,47,39,45,CLOUD NINE,The Temptations,Gordy,2,39,
1968,47,40,40,SHAPE OF THINGS TO COME,Max Frost and the Troopers,Tower,12,22,
1968,47,43,22,FOOL FOR YOU,The Impressions,Curtom,12,22,
1968,47,49,38,TAKE ME FOR A LITTLE WHILE,Vanilla Fudge,Atco,8,38,
1968,47,57,39,THE FUNKY JUDGE,Bull and the Matadors,Toddlin’ Town,14,39,
1968,47,41,49,THE STRAIGHT LIFE,Bobby Goldsboro,United Artists,5,41,
1968,47,42,42,PICKIN’ WILD MOUNTAIN BERRIES,Peggy Scott and Jo Jo Benson,SSS International,6,42,
1968,47,44,61,KENTUCKY WOMAN,Deep Purple,Tetragrammaton,3,44,
1968,47,45,53,GOODY GOODY GUMDROPS,1910 Fruitgum Co.,Buddah,5,45,
1968,47,46,51,"SHAME, SHAME",The Magic Lanterns,Atlantic,5,46,
1968,47,47,47,TOO WEAK TO FIGHT,Clarence Carter,Atlantic,3,47,
1968,47,48,48,BATTLE HYMN OF THE REPUBLIC,Andy Williams with the St. Charles Borromeo Choir,Columbia,6,48,
1968,47,50,76,SCARBOROUGH FAIR,Sergio Mendes and Brasil ’66,A&M,2,50,
1968,48,1,2,LOVE CHILD,Diana Ross and the Supremes,Motown,7,1,1 week at #1
1968,48,2,1,HEY JUDE,The Beatles,Apple,12,1,
1968,48,3,4,MAGIC CARPET RIDE,Steppenwolf,Dunhill,9,3,
1968,48,4,3,THOSE WERE THE DAYS,Mary Hopkin,Apple,10,2,
1968,48,5,5,"ABRAHAM, MARTIN AND JOHN",Dion,Laurie,6,5,
1968,48,6,8,WHO’S MAKING LOVE,Johnnie Taylor,Stax,6,6,
1968,48,7,14,FOR ONCE IN MY LIFE,Stevie Wonder,Tamla,5,7,
1968,48,8,10,WICHITA LINEMAN,Glen Campbell,Capitol,5,8,
1968,48,9,7,HOLD ME TIGHT,Johnny Nash,JAD,12,5,
1968,48,10,6,WHITE ROOM,Cream,Atco,9,6,
1968,48,11,11,STORMY,The Classics IV Featuring Dennis Yost,Imperial,6,11,
1968,48,12,17,I LOVE HOW YOU LOVE ME,Bobby Vinton,Epic,5,12,
1968,48,13,19,BOTH SIDES NOW,Judy Collins,Elektra,4,13,
1968,48,14,12,ELENORE,The Turtles,White Whale,11,6,
1968,48,15,16,CHEWY CHEWY,The Ohio Express,Buddah,7,15,
1968,48,16,34,I HEARD IT THROUGH THE GRAPEVINE,Marvin Gaye,Tamla,2,16,
1968,48,17,9,LITTLE GREEN APPLES,O.C. Smith,Columbia,16,2,
1968,48,18,15,MIDNIGHT CONFESSIONS,The Grass Roots,Dunhill,14,5,
1968,48,19,22,LITTLE ARROWS,Leapy Lee,Decca,8,19,
1968,48,20,21,"PROMISES, PROMISES",Dionne Warwick,Scepter,5,20,
1968,48,21,27,BRING IT ON HOME TO ME,Eddie Floyd,Stax,7,21,
1968,48,22,35,SEE SAW,Aretha Franklin,Atlantic,2,22,
1968,48,23,23,CYCLES,Frank Sinatra,Reprise,8,23,
1968,48,24,24,BANG-SHANG-A-LANG,The Archies,Calendar,10,24,
1968,48,25,25,HI-HEEL SNEAKERS,Jose Feliciano,RCA Victor,7,25,
1968,48,26,39,CLOUD NINE,The Temptations,Gordy,3,26,
1968,48,27,13,OVER YOU,Gary Puckett and the Union Gap,Columbia,11,7,
1968,48,28,28,QUICK JOEY SMALL (Run Joey Run),The Kasenetz-Katz Singing Orchestral Circus,Buddah,9,28,
1968,48,29,18,ALWAYS TOGETHER,The Dells,Cadet,8,18,
1968,48,30,46,"SHAME, SHAME",The Magic Lanterns,Atlantic,6,30,
1968,48,31,32,LES BICYCLETTES DE BELSIZE,Engelbert Humperdinck,Parrot,7,31,
1968,48,32,20,FIRE,The Crazy World Of Arthur Brown,Atlantic,13,2,
1968,48,33,26,SWEET BLINDNESS,The 5th Dimension,Soul City,10,13,
1968,48,34,37,CINNAMON,Derek,Bang,6,34,
1968,48,35,48,BATTLE HYMN OF THE REPUBLIC,Andy Williams with the St. Charles Borromeo Choir,Columbia,7,35,
1968,48,36,41,THE STRAIGHT LIFE,Bobby Goldsboro,United Artists,6,36,
1968,48,37,42,PICKIN’ WILD MOUNTAIN BERRIES,Peggy Scott and Jo Jo Benson,SSS International,7,37,
1968,48,38,38,DO SOMETHING TO ME,Tommy James and the Shondells,Roulette,8,38,
1968,48,39,47,TOO WEAK TO FIGHT,Clarence Carter,Atlantic,4,39,
1968,48,40,36,1432 FRANKLIN PIKE CIRCLE HERO,Bobby Russell,Elf,6,36,
1968,48,41,50,SCARBOROUGH FAIR,Sergio Mendes and Brasil ’66,A&M,3,41,
1968,48,42,53,TILL,The Vogues,Reprise,2,42,
1968,48,43,52,NOT ENOUGH INDIANS,Dean Martin,Reprise,5,43,
1968,48,44,44,KENTUCKY WOMAN,Deep Purple,Tetragrammaton,4,44,
1968,48,45,45,GOODY GOODY GUMDROPS,1910 Fruitgum Co.,Buddah,6,45,
1968,48,46,58,SHAKE,The Shadows Of Knight,Team,6,46,
1968,48,47,56,PUT YOUR HEAD ON MY SHOULDER,The Lettermen,Capitol,3,47,
1968,48,48,51,PEACE BROTHER PEACE,Bill Medley,MGM,6,48,
1968,48,49,55,GOODBYE MY LOVE,James Brown,King,4,49,
1968,48,50,54,THE STAR-SPANGLED BANNER,Jose Feliciano,RCA Victor,5,50,
1968,49,1,1,LOVE CHILD,Diana Ross and the Supremes,Motown,8,1,2 weeks at #1
1968,49,2,2,HEY JUDE,The Beatles,Apple,13,1,
1968,49,3,7,FOR ONCE IN MY LIFE,Stevie Wonder,Tamla,6,3,
1968,49,4,16,I HEARD IT THROUGH THE GRAPEVINE,Marvin Gaye,Tamla,3,4,
1968,49,5,6,WHO’S MAKING LOVE,Johnnie Taylor,Stax,7,5,
1968,49,6,3,MAGIC CARPET RIDE,Steppenwolf,Dunhill,10,3,
1968,49,7,5,"ABRAHAM, MARTIN AND JOHN",Dion,Laurie,7,5,
1968,49,8,8,WICHITA LINEMAN,Glen Campbell,Capitol,6,8,
1968,49,9,11,STORMY,The Classics IV Featuring Dennis Yost,Imperial,7,9,
1968,49,10,4,THOSE WERE THE DAYS,Mary Hopkin,Apple,11,2,
1968,49,11,12,I LOVE HOW YOU LOVE ME,Bobby Vinton,Epic,6,11,
1968,49,12,9,HOLD ME TIGHT,Johnny Nash,JAD,13,5,
1968,49,13,13,BOTH SIDES NOW,Judy Collins,Elektra,5,13,
1968,49,14,10,WHITE ROOM,Cream,Atco,10,6,
1968,49,15,26,CLOUD NINE,The Temptations,Gordy,4,15,
1968,49,16,19,LITTLE ARROWS,Leapy Lee,Decca,9,16,
1968,49,17,22,SEE SAW,Aretha Franklin,Atlantic,3,17,
1968,49,18,21,BRING IT ON HOME TO ME,Eddie Floyd,Stax,8,18,
1968,49,19,20,"PROMISES, PROMISES",Dionne Warwick,Scepter,6,19,
1968,49,20,15,CHEWY CHEWY,The Ohio Express,Buddah,8,15,
1968,49,21,17,LITTLE GREEN APPLES,O.C. Smith,Columbia,17,2,
1968,49,22,24,BANG-SHANG-A-LANG,The Archies,Calendar,11,22,
1968,49,23,18,MIDNIGHT CONFESSIONS,The Grass Roots,Dunhill,15,5,
1968,49,24,34,CINNAMON,Derek,Bang,7,24,
1968,49,25,28,QUICK JOEY SMALL (Run Joey Run),The Kasenetz-Katz Singing Orchestral Circus,Buddah,10,25,
1968,49,26,41,SCARBOROUGH FAIR,Sergio Mendes and Brasil ’66,A&M,4,26,
1968,49,27,37,PICKIN’ WILD MOUNTAIN BERRIES,Peggy Scott and Jo Jo Benson,SSS International,8,27,
1968,49,28,39,TOO WEAK TO FIGHT,Clarence Carter,Atlantic,5,28,
1968,49,29,23,CYCLES,Frank Sinatra,Reprise,9,23,
1968,49,30,30,"SHAME, SHAME",The Magic Lanterns,Atlantic,7,30,
1968,49,31,65,SOULFUL STRUT,Young-Holt Unlimited,Brunswick,2,31,
1968,49,32,14,ELENORE,The Turtles,White Whale,12,6,
1968,49,33,35,BATTLE HYMN OF THE REPUBLIC,Andy Williams with the St. Charles Borromeo Choir,Columbia,8,33,
1968,49,34,49,GOODBYE MY LOVE,James Brown,King,5,34,
1968,49,35,42,TILL,The Vogues,Reprise,3,35,
1968,49,36,36,THE STRAIGHT LIFE,Bobby Goldsboro,United Artists,7,36,
1968,49,37,25,HI-HEEL SNEAKERS,Jose Feliciano,RCA Victor,8,25,
1968,49,38,44,KENTUCKY WOMAN,Deep Purple,Tetragrammaton,5,38,
1968,49,39,31,LES BICYCLETTES DE BELSIZE,Engelbert Humperdinck,Parrot,8,31,
1968,49,40,45,GOODY GOODY GUMDROPS,1910 Fruitgum Co.,Buddah,7,40,
1968,49,51,40,1432 FRANKLIN PIKE CIRCLE HERO,Bobby Russell,Elf,7,36,
1968,49,53,38,DO SOMETHING TO ME,Tommy James and the Shondells,Roulette,9,38,
1968,49,41,58,HOOKED ON A FEELING,B.J. Thomas,Scepter,4,41,
1968,49,42,51,HANG ‘EM HIGH,Booker T. and the MG’s,Stax,5,42,
1968,49,43,43,NOT ENOUGH INDIANS,Dean Martin,Reprise,6,43,
1968,49,44,61,LO MUCHO QUE TE QUIERO (The More I Love You),Rene and Rene,White Whale,3,44,
1968,49,45,53,I CAN’T TURN YOU LOOSE,The Chambers Brothers,Columbia,3,45,
1968,49,46,46,SHAKE,The Shadows Of Knight,Team,7,46,
1968,49,47,47,PUT YOUR HEAD ON MY SHOULDER,The Lettermen,Capitol,4,47,
1968,49,48,48,PEACE BROTHER PEACE,Bill Medley,MGM,7,48,
1968,49,49,62,SON-OF-A PREACHER MAN,Dusty Springfield,Atlantic,2,49,
1968,49,50,57,PAPA’S GOT A BRAND NEW BAG,Otis Redding,Atco,2,50,
1968,50,1,4,I HEARD IT THROUGH THE GRAPEVINE,Marvin Gaye,Tamla,4,1,1 week at #1
1968,50,2,1,LOVE CHILD,Diana Ross and the Supremes,Motown,9,1,
1968,50,3,3,FOR ONCE IN MY LIFE,Stevie Wonder,Tamla,7,3,
1968,50,4,7,"ABRAHAM, MARTIN AND JOHN",Dion,Laurie,8,4,
1968,50,5,5,WHO’S MAKING LOVE,Johnnie Taylor,Stax,8,5,
1968,50,6,2,HEY JUDE,The Beatles,Apple,14,1,
1968,50,7,8,WICHITA LINEMAN,Glen Campbell,Capitol,7,7,
1968,50,8,9,STORMY,The Classics IV Featuring Dennis Yost,Imperial,8,8,
1968,50,9,11,I LOVE HOW YOU LOVE ME,Bobby Vinton,Epic,7,9,
1968,50,10,6,MAGIC CARPET RIDE,Steppenwolf,Dunhill,11,3,
1968,50,11,13,BOTH SIDES NOW,Judy Collins,Elektra,6,11,
1968,50,12,10,THOSE WERE THE DAYS,Mary Hopkin,Apple,12,2,
1968,50,13,15,CLOUD NINE,The Temptations,Gordy,5,13,
1968,50,14,17,SEE SAW,Aretha Franklin,Atlantic,4,14,
1968,50,15,20,CHEWY CHEWY,The Ohio Express,Buddah,9,15,
1968,50,16,26,SCARBOROUGH FAIR,Sergio Mendes and Brasil ’66,A&M,5,16,
1968,50,17,24,CINNAMON,Derek,Bang,8,17,
1968,50,18,18,BRING IT ON HOME TO ME,Eddie Floyd,Stax,9,18,
1968,50,19,12,HOLD ME TIGHT,Johnny Nash,JAD,14,5,
1968,50,20,57,I’M GONNA MAKE YOU LOVE ME,Diana Ross and the Supremes and the Temptations,Motown,2,20,
1968,50,21,16,LITTLE ARROWS,Leapy Lee,Decca,10,16,
1968,50,22,19,"PROMISES, PROMISES",Dionne Warwick,Scepter,7,19,
1968,50,23,41,HOOKED ON A FEELING,B.J. Thomas,Scepter,5,23,
1968,50,24,31,SOULFUL STRUT,Young-Holt Unlimited,Brunswick,3,24,
1968,50,25,22,BANG-SHANG-A-LANG,The Archies,Calendar,12,22,
1968,50,26,14,WHITE ROOM,Cream,Atco,11,6,
1968,50,27,27,PICKIN’ WILD MOUNTAIN BERRIES,Peggy Scott and Jo Jo Benson,SSS International,9,27,
1968,50,28,28,TOO WEAK TO FIGHT,Clarence Carter,Atlantic,6,28,
1968,50,29,35,TILL,The Vogues,Reprise,4,29,
1968,50,30,30,"SHAME, SHAME",The Magic Lanterns,Atlantic,8,30,
1968,50,31,34,GOODBYE MY LOVE,James Brown,King,6,31,
1968,50,32,44,LO MUCHO QUE TE QUIERO (The More I Love You),Rene and Rene,White Whale,4,32,
1968,50,33,50,PAPA’S GOT A BRAND NEW BAG,Otis Redding,Atco,3,33,
1968,50,34,25,QUICK JOEY SMALL (Run Joey Run),The Kasenetz-Katz Singing Orchestral Circus,Buddah,11,25,
1968,50,35,29,CYCLES,Frank Sinatra,Reprise,10,23,
1968,50,36,49,SON-OF-A PREACHER MAN,Dusty Springfield,Atlantic,3,36,
1968,50,37,40,GOODY GOODY GUMDROPS,1910 Fruitgum Co.,Buddah,8,37,
1968,50,38,38,KENTUCKY WOMAN,Deep Purple,Tetragrammaton,6,38,
1968,50,39,58,A RAY OF HOPE,The Rascals,Atlantic,2,39,
1968,50,40,63,IF I CAN DREAM,Elvis Presley,RCA Victor,3,40,
1968,50,45,33,BATTLE HYMN OF THE REPUBLIC,Andy Williams with the St. Charles Borromeo Choir,Columbia,9,33,
1968,50,47,39,LES BICYCLETTES DE BELSIZE,Engelbert Humperdinck,Parrot,9,31,
1968,50,49,36,THE STRAIGHT LIFE,Bobby Goldsboro,United Artists,8,36,
1968,50,41,42,HANG ‘EM HIGH,Booker T. and the MG’s,Stax,6,41,
1968,50,42,68,A MAN AND A HALF,Wilson Pickett,Atlantic,5,42,
1968,50,43,43,NOT ENOUGH INDIANS,Dean Martin,Reprise,7,43,
1968,50,44,45,I CAN’T TURN YOU LOOSE,The Chambers Brothers,Columbia,4,44,
1968,50,46,47,PUT YOUR HEAD ON MY SHOULDER,The Lettermen,Capitol,5,46,
1968,50,48,56,BALLAD OF TWO BROTHERS,Autry Inman,Epic,5,48,
1968,50,50,69,THIS IS MY COUNTRY,The Impressions,Curtom,3,50,
1968,51,1,1,I HEARD IT THROUGH THE GRAPEVINE,Marvin Gaye,Tamla,5,1,2 weeks at #1
1968,51,2,2,LOVE CHILD,Diana Ross and the Supremes,Motown,10,1,
1968,51,3,3,FOR ONCE IN MY LIFE,Stevie Wonder,Tamla,8,3,
1968,51,4,4,"ABRAHAM, MARTIN AND JOHN",Dion,Laurie,9,4,
1968,51,5,7,WICHITA LINEMAN,Glen Campbell,Capitol,8,5,
1968,51,6,8,STORMY,The Classics IV Featuring Dennis Yost,Imperial,9,6,
1968,51,7,5,WHO’S MAKING LOVE,Johnnie Taylor,Stax,9,5,
1968,51,8,11,BOTH SIDES NOW,Judy Collins,Elektra,7,8,
1968,51,9,9,I LOVE HOW YOU LOVE ME,Bobby Vinton,Epic,8,9,
1968,51,10,10,MAGIC CARPET RIDE,Steppenwolf,Dunhill,12,3,
1968,51,11,6,HEY JUDE,The Beatles,Apple,15,1,
1968,51,12,13,CLOUD NINE,The Temptations,Gordy,6,12,
1968,51,13,17,CINNAMON,Derek,Bang,9,13,
1968,51,14,14,SEE SAW,Aretha Franklin,Atlantic,5,14,
1968,51,15,15,CHEWY CHEWY,The Ohio Express,Buddah,10,15,
1968,51,16,16,SCARBOROUGH FAIR,Sergio Mendes and Brasil ’66,A&M,6,16,
1968,51,17,20,I’M GONNA MAKE YOU LOVE ME,Diana Ross and the Supremes and the Temptations,Motown,3,17,
1968,51,18,18,BRING IT ON HOME TO ME,Eddie Floyd,Stax,10,18,
1968,51,19,12,THOSE WERE THE DAYS,Mary Hopkin,Apple,13,2,
1968,51,20,24,SOULFUL STRUT,Young-Holt Unlimited,Brunswick,4,20,
1968,51,21,21,LITTLE ARROWS,Leapy Lee,Decca,11,16,
1968,51,22,23,HOOKED ON A FEELING,B.J. Thomas,Scepter,6,22,
1968,51,23,22,"PROMISES, PROMISES",Dionne Warwick,Scepter,8,19,
1968,51,24,36,SON-OF-A PREACHER MAN,Dusty Springfield,Atlantic,4,24,
1968,51,25,19,HOLD ME TIGHT,Johnny Nash,JAD,15,5,
1968,51,26,52,GOING UP THE COUNTRY,Canned Heat,Liberty,3,26,
1968,51,27,29,TILL,The Vogues,Reprise,5,27,
1968,51,28,28,TOO WEAK TO FIGHT,Clarence Carter,Atlantic,7,28,
1968,51,29,30,"SHAME, SHAME",The Magic Lanterns,Atlantic,9,29,
1968,51,30,32,LO MUCHO QUE TE QUIERO (The More I Love You),Rene and Rene,White Whale,5,30,
1968,51,31,33,PAPA’S GOT A BRAND NEW BAG,Otis Redding,Atco,4,31,
1968,51,32,25,BANG-SHANG-A-LANG,The Archies,Calendar,13,22,
1968,51,33,27,PICKIN’ WILD MOUNTAIN BERRIES,Peggy Scott and Jo Jo Benson,SSS International,10,27,
1968,51,34,45,BATTLE HYMN OF THE REPUBLIC,Andy Williams with the St. Charles Borromeo Choir,Columbia,10,33,
1968,51,35,39,A RAY OF HOPE,The Rascals,Atlantic,3,35,
1968,51,36,40,IF I CAN DREAM,Elvis Presley,RCA Victor,4,36,
1968,51,37,44,I CAN’T TURN YOU LOOSE,The Chambers Brothers,Columbia,5,37,
1968,51,38,38,KENTUCKY WOMAN,Deep Purple,Tetragrammaton,7,38,
1968,51,39,85,CRIMSON AND CLOVER,Tommy James and the Shondells,Roulette,2,39,
1968,51,40,37,GOODY GOODY GUMDROPS,1910 Fruitgum Co.,Buddah,9,37,
1968,51,45,31,GOODBYE MY LOVE,James Brown,King,7,31,
1968,51,41,41,HANG ‘EM HIGH,Booker T. and the MG’s,Stax,7,41,
1968,51,42,42,A MAN AND A HALF,Wilson Pickett,Atlantic,6,42,
1968,51,43,50,THIS IS MY COUNTRY,The Impressions,Curtom,4,43,
1968,51,44,43,NOT ENOUGH INDIANS,Dean Martin,Reprise,8,43,
1968,51,46,46,PUT YOUR HEAD ON MY SHOULDER,The Lettermen,Capitol,6,46,
1968,51,47,75,MY FAVORITE THINGS,Herb Alpert and the Tijuana Brass,A&M,2,47,
1968,51,48,48,BALLAD OF TWO BROTHERS,Autry Inman,Epic,6,48,
1968,51,49,58,BELLA LINDA,The Grass Roots,Dunhill,4,49,
1968,51,50,69,BABY LET’S WAIT,The Royal Guardsmen,Laurie,6,50,
1968,52,1,1,I HEARD IT THROUGH THE GRAPEVINE,Marvin Gaye,Tamla,6,1,3 weeks at #1
1968,52,2,3,FOR ONCE IN MY LIFE,Stevie Wonder,Tamla,9,2,
1968,52,3,2,LOVE CHILD,Diana Ross and the Supremes,Motown,11,1,
1968,52,4,5,WICHITA LINEMAN,Glen Campbell,Capitol,9,4,
1968,52,5,6,STORMY,The Classics IV Featuring Dennis Yost,Imperial,10,5,
1968,52,6,4,"ABRAHAM, MARTIN AND JOHN",Dion,Laurie,10,4,
1968,52,7,17,I’M GONNA MAKE YOU LOVE ME,Diana Ross and the Supremes and the Temptations,Motown,4,7,
1968,52,8,7,WHO’S MAKING LOVE,Johnnie Taylor,Stax,10,5,
1968,52,9,9,I LOVE HOW YOU LOVE ME,Bobby Vinton,Epic,9,9,
1968,52,10,12,CLOUD NINE,The Temptations,Gordy,7,10,
1968,52,11,8,BOTH SIDES NOW,Judy Collins,Elektra,8,8,
1968,52,12,13,CINNAMON,Derek,Bang,10,12,
1968,52,13,22,HOOKED ON A FEELING,B.J. Thomas,Scepter,7,13,
1968,52,14,14,SEE SAW,Aretha Franklin,Atlantic,6,14,
1968,52,15,11,HEY JUDE,The Beatles,Apple,16,1,
1968,52,16,20,SOULFUL STRUT,Young-Holt Unlimited,Brunswick,5,16,
1968,52,17,18,BRING IT ON HOME TO ME,Eddie Floyd,Stax,11,17,
1968,52,18,10,MAGIC CARPET RIDE,Steppenwolf,Dunhill,13,3,
1968,52,19,15,CHEWY CHEWY,The Ohio Express,Buddah,11,15,
1968,52,20,26,GOING UP THE COUNTRY,Canned Heat,Liberty,4,20,
1968,52,21,24,SON-OF-A PREACHER MAN,Dusty Springfield,Atlantic,5,21,
1968,52,22,21,LITTLE ARROWS,Leapy Lee,Decca,12,16,
1968,52,23,28,TOO WEAK TO FIGHT,Clarence Carter,Atlantic,8,23,
1968,52,24,31,PAPA’S GOT A BRAND NEW BAG,Otis Redding,Atco,5,24,
1968,52,25,19,THOSE WERE THE DAYS,Mary Hopkin,Apple,14,2,
1968,52,26,30,LO MUCHO QUE TE QUIERO (The More I Love You),Rene and Rene,White Whale,6,26,
1968,52,27,16,SCARBOROUGH FAIR,Sergio Mendes and Brasil ’66,A&M,7,16,
1968,52,28,39,CRIMSON AND CLOVER,Tommy James and the Shondells,Roulette,3,28,
1968,52,29,29,"SHAME, SHAME",The Magic Lanterns,Atlantic,10,29,
1968,52,30,36,IF I CAN DREAM,Elvis Presley,RCA Victor,5,30,
1968,52,31,27,TILL,The Vogues,Reprise,6,27,
1968,52,32,35,A RAY OF HOPE,The Rascals,Atlantic,4,32,
1968,52,33,34,BATTLE HYMN OF THE REPUBLIC,Andy Williams with the St. Charles Borromeo Choir,Columbia,11,33,
1968,52,34,51,STAND BY YOUR MAN,Tammy Wynette,Epic,8,34,
1968,52,35,23,"PROMISES, PROMISES",Dionne Warwick,Scepter,9,19,
1968,52,36,54,MY SONG,Aretha Franklin,Atlantic,5,36,
1968,52,37,37,I CAN’T TURN YOU LOOSE,The Chambers Brothers,Columbia,6,37,
1968,52,38,43,THIS IS MY COUNTRY,The Impressions,Curtom,5,38,
1968,52,39,53,PEOPLE,The Tymes,Columbia,7,39,
1968,52,40,41,HANG ‘EM HIGH,Booker T. and the MG’s,Stax,8,40,
1968,52,45,38,KENTUCKY WOMAN,Deep Purple,Tetragrammaton,8,38,
1968,52,41,61,I STARTED A JOKE,The Bee Gees,Atco,2,41,
1968,52,42,55,EVERYDAY PEOPLE,Sly and the Family Stone,Epic,5,42,
1968,52,43,90,HEY JUDE,Wilson Pickett,Atlantic,2,43,
1968,52,44,46,PUT YOUR HEAD ON MY SHOULDER,The Lettermen,Capitol,7,44,
1968,52,46,49,BELLA LINDA,The Grass Roots,Dunhill,5,46,
1968,52,47,47,MY FAVORITE THINGS,Herb Alpert and the Tijuana Brass,A&M,3,47,
1968,52,48,50,BABY LET’S WAIT,The Royal Guardsmen,Laurie,7,48,
1968,52,49,75,THERE’S GONNA BE A SHOWDOWN,Archie Bell and the Drells,Atlantic,3,49,
1968,52,50,60,READY OR NOT HERE I COME (Can’t Hide From Love),The Delfonics,Philly Groove,4,50,
