YEAR,WEEK,TW,LW,TITLE,ARTIST,LABEL,WEEKS_ON_CHART,PEAK_POSITION,WEEKS_AT_1
1970,1,1,3,RAINDROPS KEEP FALLIN’ ON MY HEAD,B.J. Thomas,Scepter,10,1,1 week at #1
1970,1,2,2,LEAVING ON A JET PLANE,"Peter, Paul and Mary",Warner Brothers,11,1,
1970,1,5,5,NA NA HEY HEY KISS HIM GOODBYE,Steam,Fontana,12,1,
1970,1,7,8,I WANT YOU BACK,Jackson 5,Motown,8,7,
1970,1,8,19,VENUS,The Shocking Blue,Colossus,4,8,
1970,1,9,6,HOLLY HOLY,Neil Diamond,Uni,10,6,
1970,1,10,14,LA LA LA (If I Had You),Bobby Sherman,Metromedia,7,10,
1970,1,11,11,MIDNIGHT COWBOY,Ferrante and Teicher,United Artists,10,11,
1970,1,13,20,JAM UP AND JELLY TIGHT,Tommy Roe,ABC,8,13,
1970,1,16,10,TAKE A LETTER MARIA,R.B. Greaves,Atco,12,2,
1970,1,17,22,JINGLE JANGLE,The Archies,Kirshner,6,17,
1970,1,18,30,EARLY IN THE MORNING,Vanity Fare,Page One,7,18,
1970,1,19,18,BACKFIELD IN MOTION,Mel and Tim,Bamboo,12,10,
1970,1,20,15,AND WHEN I DIE,"Blood, Sweat and Tears",Columbia,12,2,
1970,1,22,28,EVIL WOMAN DON’T PLAY YOUR GAMES WITH ME,Crow,Amaret,11,22,
1970,1,24,17,FRIENDSHIP TRAIN,Gladys Knight and the Pips,Soul,11,17,
1970,1,25,26,UP ON CRIPPLE CREEK,The Band,Capitol,10,25,
1970,1,26,24,SMILE A LITTLE SMILE FOR ME,The Flying Machine,Congress,14,5,
1970,1,29,50,WITHOUT LOVE (There Is Nothing),Tom Jones,Parrot,2,29,
1970,1,30,25,"BABY, I’M FOR REAL",The Originals,Soul,15,14,
1970,1,32,29,WEDDING BELL BLUES,The 5th Dimension,Soul City,15,1,
1970,1,33,33,COLD TURKEY,The Plastic Ono Band,Apple,8,33,
1970,1,34,21,CHERRY HILL PARK,Billy Joe Royal,Columbia,14,15,
1970,1,35,41,WINTER WORLD OF LOVE,Engelbert Humperdinck,Parrot,5,35,
1970,1,36,31,HEAVEN KNOWS,The Grass Roots,Dunhill,9,24,
1970,1,37,39,"WONDERFUL WORLD, BEAUTIFUL PEOPLE",Jimmy Cliff,A&M,5,37,
1970,1,40,51,I’LL NEVER FALL IN LOVE AGAIN,Dionne Warwick,Scepter,2,40,
1970,1,49,35,SUNDAY MORNIN’,Oliver,Crewe,7,35,
1970,1,41,42,OKIE FROM MUSKOGEE,Merle Haggard and the Strangers,Capitol,10,41,
1970,1,43,47,ARIZONA,Mark Lindsay,Columbia,5,43,
1970,1,44,53,FANCY,Bobbie Gentry,Capitol,7,44,
1970,1,45,54,WALKIN’ IN THE RAIN,Jay and the Americans,United Artists,7,45,
1970,1,46,58,SHE CAME IN THROUGH THE BATHROOM WINDOW,Joe Cocker,A&M,5,46,
1970,1,50,55,LET’S WORK TOGETHER (Part 1),Wilbert Harrison,Sue,5,50,
1970,2,1,1,RAINDROPS KEEP FALLIN’ ON MY HEAD,B.J. Thomas,Scepter,11,1,2 weeks at #1
1970,2,2,3,SOMEDAY WE’LL BE TOGETHER,Diana Ross and the Supremes,Motown,10,1,
1970,2,3,2,LEAVING ON A JET PLANE,"Peter, Paul and Mary",Warner Brothers,12,1,
1970,2,4,7,I WANT YOU BACK,Jackson 5,Motown,9,4,
1970,2,5,6,WHOLE LOTTA LOVE / LIVING LOVING MAID (She’s Just a Woman),Led Zeppelin,Atlantic,8,5,
1970,2,6,8,VENUS,The Shocking Blue,Colossus,5,6,
1970,2,7,4,DOWN ON THE CORNER / FORTUNATE SON,Creedence Clearwater Revival,Fantasy,12,3,
1970,2,8,5,NA NA HEY HEY KISS HIM GOODBYE,Steam,Fontana,13,1,
1970,2,9,10,LA LA LA (If I Had You),Bobby Sherman,Metromedia,8,9,
1970,2,10,13,JAM UP AND JELLY TIGHT,Tommy Roe,ABC,9,10,
1970,2,11,15,DON’T CRY DADDY / RUBBERNECKIN’,Elvis Presley,RCA,7,11,
1970,2,12,11,MIDNIGHT COWBOY,Ferrante and Teicher,United Artists,11,11,
1970,2,13,9,HOLLY HOLY,Neil Diamond,Uni,11,6,
1970,2,14,17,JINGLE JANGLE,The Archies,Kirshner,7,14,
1970,2,15,14,ELI’S COMING,Three Dog Night,Dunhill,12,10,
1970,2,16,12,COME TOGETHER / SOMETHING,The Beatles,Apple,13,1,
1970,2,17,29,WITHOUT LOVE (There Is Nothing),Tom Jones,Parrot,3,17,
1970,2,18,18,EARLY IN THE MORNING,Vanity Fare,Page One,8,18,
1970,2,19,22,EVIL WOMAN DON’T PLAY YOUR GAMES WITH ME,Crow,Amaret,12,19,
1970,2,20,16,TAKE A LETTER MARIA,R.B. Greaves,Atco,13,2,
1970,2,21,40,I’LL NEVER FALL IN LOVE AGAIN,Dionne Warwick,Scepter,3,21,
1970,2,22,19,BACKFIELD IN MOTION,Mel and Tim,Bamboo,13,10,
1970,2,23,23,"YESTER-ME, YESTER-YOU, YESTERDAY",Stevie Wonder,Tamla,13,7,
1970,2,24,28,SHE,Tommy James and the Shondells,Roulette,5,24,
1970,2,25,31,AIN’T IT FUNKY NOW (Part 1),James Brown,King,8,25,
1970,2,26,24,FRIENDSHIP TRAIN,Gladys Knight and the Pips,Soul,12,17,
1970,2,27,21,THESE EYES,Jr. Walker and the All Stars,Soul,12,16,
1970,2,28,25,UP ON CRIPPLE CREEK,The Band,Capitol,11,25,
1970,2,29,37,"WONDERFUL WORLD, BEAUTIFUL PEOPLE",Jimmy Cliff,A&M,6,29,
1970,2,30,27,A BRAND NEW ME,Dusty Springfield,Atlantic,10,24,
1970,2,31,35,WINTER WORLD OF LOVE,Engelbert Humperdinck,Parrot,6,31,
1970,2,32,30,"BABY, I’M FOR REAL",The Originals,Soul,16,14,
1970,2,33,33,COLD TURKEY,The Plastic Ono Band,Apple,9,33,
1970,2,34,43,ARIZONA,Mark Lindsay,Columbia,6,34,
1970,2,35,57,HEY THERE LONELY GIRL,Eddie Holman,ABC,3,35,
1970,2,36,38,SHE BELONGS TO ME,Rick Nelson and the Stone Canyon Band,Decca,11,36,
1970,2,37,39,POINT IT OUT / DARLING DEAR,Smokey Robinson and the Miracles,Tamla,5,37,
1970,2,38,20,AND WHEN I DIE,"Blood, Sweat and Tears",Columbia,13,2,
1970,2,39,46,SHE CAME IN THROUGH THE BATHROOM WINDOW,Joe Cocker,A&M,6,39,
1970,2,49,34,CHERRY HILL PARK,Billy Joe Royal,Columbia,15,15,
1970,2,50,36,HEAVEN KNOWS,The Grass Roots,Dunhill,10,24,
1970,2,41,45,WALKIN’ IN THE RAIN,Jay and the Americans,United Artists,8,41,
1970,2,42,42,CUPID,Johnny Nash,JAD,10,42,
1970,2,43,44,FANCY,Bobbie Gentry,Capitol,8,43,
1970,2,44,51,BABY TAKE ME IN YOUR ARMS,Jefferson,Janus,4,44,
1970,2,45,54,WALK A MILE IN MY SHOES,Joe South,Capitol,2,45,
1970,2,46,50,LET’S WORK TOGETHER (Part 1),Wilbert Harrison,Sue,6,46,
1970,2,48,55,WHEN JULIE COMES AROUND,The Cuff Links,Decca,5,48,
1970,3,1,1,RAINDROPS KEEP FALLIN’ ON MY HEAD,B.J. Thomas,Scepter,12,1,3 weeks at #1
1970,3,2,6,VENUS,The Shocking Blue,Colossus,6,2,
1970,3,3,4,I WANT YOU BACK,Jackson 5,Motown,10,3,
1970,3,4,2,SOMEDAY WE’LL BE TOGETHER,Diana Ross and the Supremes,Motown,11,1,
1970,3,5,5,WHOLE LOTTA LOVE / LIVING LOVING MAID (She’s Just a Woman),Led Zeppelin,Atlantic,9,5,
1970,3,6,3,LEAVING ON A JET PLANE,"Peter, Paul and Mary",Warner Brothers,13,1,
1970,3,7,11,DON’T CRY DADDY / RUBBERNECKIN’,Elvis Presley,RCA,8,7,
1970,3,8,10,JAM UP AND JELLY TIGHT,Tommy Roe,ABC,10,8,
1970,3,9,7,DOWN ON THE CORNER / FORTUNATE SON,Creedence Clearwater Revival,Fantasy,13,3,
1970,3,10,12,MIDNIGHT COWBOY,Ferrante and Teicher,United Artists,12,10,
1970,3,11,9,LA LA LA (If I Had You),Bobby Sherman,Metromedia,9,9,
1970,3,12,14,JINGLE JANGLE,The Archies,Kirshner,8,12,
1970,3,13,18,EARLY IN THE MORNING,Vanity Fare,Page One,9,13,
1970,3,14,17,WITHOUT LOVE (There Is Nothing),Tom Jones,Parrot,4,14,
1970,3,15,13,HOLLY HOLY,Neil Diamond,Uni,12,6,
1970,3,16,21,I’LL NEVER FALL IN LOVE AGAIN,Dionne Warwick,Scepter,4,16,
1970,3,17,8,NA NA HEY HEY KISS HIM GOODBYE,Steam,Fontana,14,1,
1970,3,18,15,ELI’S COMING,Three Dog Night,Dunhill,13,10,
1970,3,19,19,EVIL WOMAN DON’T PLAY YOUR GAMES WITH ME,Crow,Amaret,13,19,
1970,3,20,16,COME TOGETHER / SOMETHING,The Beatles,Apple,14,1,
1970,3,21,34,ARIZONA,Mark Lindsay,Columbia,7,21,
1970,3,22,40,THANK YOU (Falettinme Be mice Elf Agin) / EVERYBODY IS A STAR,Sly and the Family Stone,Epic,3,22,
1970,3,23,31,WINTER WORLD OF LOVE,Engelbert Humperdinck,Parrot,7,23,
1970,3,24,24,SHE,Tommy James and the Shondells,Roulette,6,24,
1970,3,25,25,AIN’T IT FUNKY NOW (Part 1),James Brown,King,9,25,
1970,3,26,26,FRIENDSHIP TRAIN,Gladys Knight and the Pips,Soul,13,17,
1970,3,27,29,"WONDERFUL WORLD, BEAUTIFUL PEOPLE",Jimmy Cliff,A&M,7,27,
1970,3,28,22,BACKFIELD IN MOTION,Mel and Tim,Bamboo,14,10,
1970,3,29,20,TAKE A LETTER MARIA,R.B. Greaves,Atco,14,2,
1970,3,30,33,COLD TURKEY,The Plastic Ono Band,Apple,10,30,
1970,3,31,45,WALK A MILE IN MY SHOES,Joe South,Capitol,3,31,
1970,3,32,27,THESE EYES,Jr. Walker and the All Stars,Soul,13,16,
1970,3,33,35,HEY THERE LONELY GIRL,Eddie Holman,ABC,4,33,
1970,3,34,30,A BRAND NEW ME,Dusty Springfield,Atlantic,11,24,
1970,3,35,36,SHE BELONGS TO ME,Rick Nelson and the Stone Canyon Band,Decca,12,35,
1970,3,36,41,WALKIN’ IN THE RAIN,Jay and the Americans,United Artists,9,36,
1970,3,37,37,POINT IT OUT / DARLING DEAR,Smokey Robinson and the Miracles,Tamla,6,37,
1970,3,38,39,SHE CAME IN THROUGH THE BATHROOM WINDOW,Joe Cocker,A&M,7,38,
1970,3,39,47,NO TIME,The Guess Who,RCA,5,39,
1970,3,40,23,"YESTER-ME, YESTER-YOU, YESTERDAY",Stevie Wonder,Tamla,14,7,
1970,3,44,28,UP ON CRIPPLE CREEK,The Band,Capitol,12,25,
1970,3,41,42,CUPID,Johnny Nash,JAD,11,41,
1970,3,42,43,FANCY,Bobbie Gentry,Capitol,9,42,
1970,3,43,44,BABY TAKE ME IN YOUR ARMS,Jefferson,Janus,5,43,
1970,3,45,46,LET’S WORK TOGETHER (Part 1),Wilbert Harrison,Sue,7,45,
1970,3,46,52,LET A MAN COME IN AND DO THE POPCORN (Part 2),James Brown,King,5,46,
1970,3,47,55,BLOWING AWAY,The 5th Dimension,Soul City,3,47,
1970,3,48,48,WHEN JULIE COMES AROUND,The Cuff Links,Decca,6,48,
1970,3,49,58,HOW CAN I FORGET / GONNA GIVE HER ALL THE LOVE I’VE GOT,Marvin Gaye,Tamla,2,49,
1970,3,50,53,MONSTER,Steppenwolf,Dunhill,4,50,
1970,4,1,1,RAINDROPS KEEP FALLIN’ ON MY HEAD,B.J. Thomas,Scepter,13,1,4 weeks at #1
1970,4,2,2,VENUS,The Shocking Blue,Colossus,7,2,
1970,4,3,3,I WANT YOU BACK,Jackson 5,Motown,11,3,
1970,4,4,4,SOMEDAY WE’LL BE TOGETHER,Diana Ross and the Supremes,Motown,12,1,
1970,4,5,5,WHOLE LOTTA LOVE / LIVING LOVING MAID (She’s Just a Woman),Led Zeppelin,Atlantic,10,5,
1970,4,6,6,LEAVING ON A JET PLANE,"Peter, Paul and Mary",Warner Brothers,14,1,
1970,4,7,7,DON’T CRY DADDY / RUBBERNECKIN’,Elvis Presley,RCA,9,7,
1970,4,8,14,WITHOUT LOVE (There Is Nothing),Tom Jones,Parrot,5,8,
1970,4,9,8,JAM UP AND JELLY TIGHT,Tommy Roe,ABC,11,8,
1970,4,10,16,I’LL NEVER FALL IN LOVE AGAIN,Dionne Warwick,Scepter,5,10,
1970,4,11,12,JINGLE JANGLE,The Archies,Kirshner,9,11,
1970,4,12,10,MIDNIGHT COWBOY,Ferrante and Teicher,United Artists,13,10,
1970,4,13,13,EARLY IN THE MORNING,Vanity Fare,Page One,10,13,
1970,4,14,11,LA LA LA (If I Had You),Bobby Sherman,Metromedia,10,9,
1970,4,15,22,THANK YOU (Falettinme Be Mice Elf Agin) / EVERYBODY IS A STAR,Sly and the Family Stone,Epic,4,15,
1970,4,16,15,HOLLY HOLY,Neil Diamond,Uni,13,6,
1970,4,17,23,WINTER WORLD OF LOVE,Engelbert Humperdinck,Parrot,8,17,
1970,4,18,17,NA NA HEY HEY KISS HIM GOODBYE,Steam,Fontana,15,1,
1970,4,19,21,ARIZONA,Mark Lindsay,Columbia,8,19,
1970,4,20,33,HEY THERE LONELY GIRL,Eddie Holman,ABC,5,20,
1970,4,21,9,DOWN ON THE CORNER / FORTUNATE SON,Creedence Clearwater Revival,Fantasy,14,3,
1970,4,22,20,COME TOGETHER / SOMETHING,The Beatles,Apple,15,1,
1970,4,23,24,SHE,Tommy James and the Shondells,Roulette,7,23,
1970,4,24,25,AIN’T IT FUNKY NOW (Part 1),James Brown,King,10,24,
1970,4,25,27,"WONDERFUL WORLD, BEAUTIFUL PEOPLE",Jimmy Cliff,A&M,8,25,
1970,4,26,31,WALK A MILE IN MY SHOES,Joe South,Capitol,4,26,
1970,4,27,19,EVIL WOMAN DON’T PLAY YOUR GAMES WITH ME,Crow,Amaret,14,19,
1970,4,28,36,WALKIN’ IN THE RAIN,Jay and the Americans,United Artists,10,28,
1970,4,29,39,NO TIME,The Guess Who,RCA,6,29,
1970,4,30,18,ELI’S COMING,Three Dog Night,Dunhill,14,10,
1970,4,31,47,BLOWING AWAY,The 5th Dimension,Soul City,4,31,
1970,4,32,30,COLD TURKEY,The Plastic Ono Band,Apple,11,30,
1970,4,33,35,SHE BELONGS TO ME,Rick Nelson and the Stone Canyon Band,Decca,13,33,
1970,4,34,34,A BRAND NEW ME,Dusty Springfield,Atlantic,12,24,
1970,4,35,38,SHE CAME IN THROUGH THE BATHROOM WINDOW,Joe Cocker,A&M,8,35,
1970,4,36,43,BABY TAKE ME IN YOUR ARMS,Jefferson,Janus,6,36,
1970,4,37,45,LET’S WORK TOGETHER (Part 1),Wilbert Harrison,Sue,8,37,
1970,4,38,95,PSYCHEDELIC SHACK,The Temptations,Gordy,2,38,
1970,4,39,41,CUPID,Johnny Nash,JAD,12,39,
1970,4,40,46,LET A MAN COME IN AND DO THE POPCORN (Part 2),James Brown,King,6,40,
1970,4,43,26,FRIENDSHIP TRAIN,Gladys Knight and the Pips,Soul,14,17,
1970,4,44,37,POINT IT OUT / DARLING DEAR,Smokey Robinson and the Miracles,Tamla,7,37,
1970,4,51,29,TAKE A LETTER MARIA,R.B. Greaves,Atco,15,2,
1970,4,41,48,WHEN JULIE COMES AROUND,The Cuff Links,Decca,7,41,
1970,4,42,42,FANCY,Bobbie Gentry,Capitol,10,42,
1970,4,45,44,UP ON CRIPPLE CREEK,The Band,Capitol,13,25,
1970,4,46,50,MONSTER,Steppenwolf,Dunhill,5,46,
1970,4,47,49,HOW CAN I FORGET / GONNA GIVE HER ALL THE LOVE I’VE GOT,Marvin Gaye,Tamla,3,47,
1970,4,48,54,THE THRILL IS GONE,B.B. King,BluesWay,5,48,
1970,4,49,52,TRACES / MEMORIES MEDLEY,The Lettermen,Capitol,5,49,
1970,4,50,51,ONE TIN SOLDIER,The Original Caste,T-A,11,50,
1970,5,1,3,I WANT YOU BACK,Jackson 5,Motown,12,1,1 week at #1
1970,5,2,2,VENUS,The Shocking Blue,Colossus,8,2,
1970,5,3,1,RAINDROPS KEEP FALLIN’ ON MY HEAD,B.J. Thomas,Scepter,14,1,
1970,5,4,5,WHOLE LOTTA LOVE / LIVING LOVING MAID (She’s Just a Woman),Led Zeppelin,Atlantic,11,4,
1970,5,5,8,WITHOUT LOVE (There Is Nothing),Tom Jones,Parrot,6,5,
1970,5,6,7,DON’T CRY DADDY / RUBBERNECKIN’,Elvis Presley,RCA,10,6,
1970,5,7,10,I’LL NEVER FALL IN LOVE AGAIN,Dionne Warwick,Scepter,6,7,
1970,5,8,15,THANK YOU (Falettinme Be Mice Elf Agin) / EVERYBODY IS A STAR,Sly and the Family Stone,Epic,5,8,
1970,5,9,4,SOMEDAY WE’LL BE TOGETHER,Diana Ross and the Supremes,Motown,13,1,
1970,5,10,6,LEAVING ON A JET PLANE,"Peter, Paul and Mary",Warner Brothers,15,1,
1970,5,11,11,JINGLE JANGLE,The Archies,Kirshner,10,11,
1970,5,12,13,EARLY IN THE MORNING,Vanity Fare,Page One,11,12,
1970,5,13,20,HEY THERE LONELY GIRL,Eddie Holman,ABC,6,13,
1970,5,14,19,ARIZONA,Mark Lindsay,Columbia,9,14,
1970,5,15,9,JAM UP AND JELLY TIGHT,Tommy Roe,ABC,12,8,
1970,5,16,17,WINTER WORLD OF LOVE,Engelbert Humperdinck,Parrot,9,16,
1970,5,17,29,NO TIME,The Guess Who,RCA,7,17,
1970,5,18,12,MIDNIGHT COWBOY,Ferrante and Teicher,United Artists,14,10,
1970,5,19,26,WALK A MILE IN MY SHOES,Joe South,Capitol,5,19,
1970,5,20,28,WALKIN’ IN THE RAIN,Jay and the Americans,United Artists,11,20,
1970,5,21,38,PSYCHEDELIC SHACK,The Temptations,Gordy,3,21,
1970,5,22,31,BLOWING AWAY,The 5th Dimension,Soul City,5,22,
1970,5,23,14,LA LA LA (If I Had You),Bobby Sherman,Metromedia,11,9,
1970,5,24,18,NA NA HEY HEY KISS HIM GOODBYE,Steam,Fontana,16,1,
1970,5,25,36,BABY TAKE ME IN YOUR ARMS,Jefferson,Janus,7,25,
1970,5,26,25,"WONDERFUL WORLD, BEAUTIFUL PEOPLE",Jimmy Cliff,A&M,9,25,
1970,5,27,16,HOLLY HOLY,Neil Diamond,Uni,14,6,
1970,5,28,21,DOWN ON THE CORNER / FORTUNATE SON,Creedence Clearwater Revival,Fantasy,15,3,
1970,5,29,22,COME TOGETHER / SOMETHING,The Beatles,Apple,16,1,
1970,5,30,55,HONEY COME BACK,Glen Campbell,Capitol,3,30,
1970,5,31,35,SHE CAME IN THROUGH THE BATHROOM WINDOW,Joe Cocker,A&M,9,31,
1970,5,32,48,THE THRILL IS GONE,B.B. King,BluesWay,6,32,
1970,5,33,23,SHE,Tommy James and the Shondells,Roulette,8,23,
1970,5,34,63,RAINY NIGHT IN GEORGIA,Brook Benton,Cotillion,4,34,
1970,5,35,27,EVIL WOMAN DON’T PLAY YOUR GAMES WITH ME,Crow,Amaret,15,19,
1970,5,36,37,LET’S WORK TOGETHER (Part 1),Wilbert Harrison,Sue,9,36,
1970,5,37,33,SHE BELONGS TO ME,Rick Nelson and the Stone Canyon Band,Decca,14,33,
1970,5,38,24,AIN’T IT FUNKY NOW (Part 1),James Brown,King,11,24,
1970,5,39,42,FANCY,Bobbie Gentry,Capitol,11,39,
1970,5,40,40,LET A MAN COME IN AND DO THE POPCORN (Part 2),James Brown,King,7,40,
1970,5,44,39,CUPID,Johnny Nash,JAD,13,39,
1970,5,46,32,COLD TURKEY,The Plastic Ono Band,Apple,12,30,
1970,5,41,41,WHEN JULIE COMES AROUND,The Cuff Links,Decca,8,41,
1970,5,42,47,HOW CAN I FORGET / GONNA GIVE HER ALL THE LOVE I’VE GOT,Marvin Gaye,Tamla,4,42,
1970,5,43,46,MONSTER,Steppenwolf,Dunhill,6,43,
1970,5,45,59,DIDN’T I (Blow Your Mind This Time),The Delfonics,Philly Groove,4,45,
1970,5,47,49,TRACES / MEMORIES MEDLEY,The Lettermen,Capitol,6,47,
1970,5,48,50,ONE TIN SOLDIER,The Original Caste,T-A,12,48,
1970,5,49,58,LOVE BONES,Johnnie Taylor,Stax,7,49,
1970,6,1,2,VENUS,The Shocking Blue,Colossus,9,1,1 week at #1
1970,6,2,1,I WANT YOU BACK,Jackson 5,Motown,13,1,
1970,6,3,3,RAINDROPS KEEP FALLIN’ ON MY HEAD,B.J. Thomas,Scepter,15,1,
1970,6,4,8,THANK YOU (Falettinme Be Mice Elf Agin) / EVERYBODY IS A STAR,Sly and the Family Stone,Epic,6,4,
1970,6,5,5,WITHOUT LOVE (There Is Nothing),Tom Jones,Parrot,7,5,
1970,6,6,7,I’LL NEVER FALL IN LOVE AGAIN,Dionne Warwick,Scepter,7,6,
1970,6,7,13,HEY THERE LONELY GIRL,Eddie Holman,ABC,7,7,
1970,6,8,4,WHOLE LOTTA LOVE / LIVING LOVING MAID (She’s Just a Woman),Led Zeppelin,Atlantic,12,4,
1970,6,9,17,NO TIME,The Guess Who,RCA,8,9,
1970,6,10,11,JINGLE JANGLE,The Archies,Kirshner,11,10,
1970,6,11,21,PSYCHEDELIC SHACK,The Temptations,Gordy,4,11,
1970,6,12,10,LEAVING ON A JET PLANE,"Peter, Paul and Mary",Warner Brothers,16,1,
1970,6,13,14,ARIZONA,Mark Lindsay,Columbia,10,13,
1970,6,14,6,DON’T CRY DADDY / RUBBERNECKIN’,Elvis Presley,RCA,11,6,
1970,6,15,9,SOMEDAY WE’LL BE TOGETHER,Diana Ross and the Supremes,Motown,14,1,
1970,6,16,19,WALK A MILE IN MY SHOES,Joe South,Capitol,6,16,
1970,6,17,15,JAM UP AND JELLY TIGHT,Tommy Roe,ABC,13,8,
1970,6,18,50,TRAVELIN’ BAND / WHO’LL STOP THE RAIN,Creedence Clearwater Revival,Fantasy,2,18,
1970,6,19,20,WALKIN’ IN THE RAIN,Jay and the Americans,United Artists,12,19,
1970,6,20,12,EARLY IN THE MORNING,Vanity Fare,Page One,12,12,
1970,6,21,22,BLOWING AWAY,The 5th Dimension,Soul City,6,21,
1970,6,22,16,WINTER WORLD OF LOVE,Engelbert Humperdinck,Parrot,10,16,
1970,6,23,18,MIDNIGHT COWBOY,Ferrante and Teicher,United Artists,15,10,
1970,6,24,25,BABY TAKE ME IN YOUR ARMS,Jefferson,Janus,8,24,
1970,6,25,30,HONEY COME BACK,Glen Campbell,Capitol,4,25,
1970,6,26,34,RAINY NIGHT IN GEORGIA,Brook Benton,Cotillion,5,26,
1970,6,27,32,THE THRILL IS GONE,B.B. King,BluesWay,7,27,
1970,6,28,45,DIDN’T I (Blow Your Mind This Time),The Delfonics,Philly Groove,5,28,
1970,6,29,26,"WONDERFUL WORLD, BEAUTIFUL PEOPLE",Jimmy Cliff,A&M,10,25,
1970,6,30,31,SHE CAME IN THROUGH THE BATHROOM WINDOW,Joe Cocker,A&M,10,30,
1970,6,31,39,FANCY,Bobbie Gentry,Capitol,12,31,
1970,6,32,36,LET’S WORK TOGETHER (Part 1),Wilbert Harrison,Sue,10,32,
1970,6,33,71,MA BELLE AMIE,The Tee Set,Colossus,3,33,
1970,6,34,52,"OH ME, OH MY (I’m A Fool For You Baby)",Lulu,Atco,7,34,
1970,6,36,48,ONE TIN SOLDIER,The Original Caste,T-A,13,36,
1970,6,37,60,GIVE ME JUST A LITTLE MORE TIME,The Chairmen Of the Board,Invictus,4,37,
1970,6,38,37,SHE BELONGS TO ME,Rick Nelson and the Stone Canyon Band,Decca,15,33,
1970,6,39,43,MONSTER,Steppenwolf,Dunhill,7,39,
1970,6,40,61,EVIL WAYS,Santana,Columbia,3,40,
1970,6,42,40,LET A MAN COME IN AND DO THE POPCORN (Part 2),James Brown,King,8,40,
1970,6,41,42,HOW CAN I FORGET / GONNA GIVE HER ALL THE LOVE I’VE GOT,Marvin Gaye,Tamla,5,41,
1970,6,43,54,BREAKING UP IS HARD TO DO,Lenny Welch,Commonwealth United,5,43,
1970,6,44,49,LOVE BONES,Johnnie Taylor,Stax,8,44,
1970,6,45,51,TONIGHT I’LL SAY A PRAYER,Eydie Gorme,RCA,11,45,
1970,6,46,73,ALWAYS SOMETHING THERE TO REMIND ME,R.B. Greaves,Atco,3,46,
1970,6,47,44,CUPID,Johnny Nash,JAD,14,39,
1970,6,48,41,WHEN JULIE COMES AROUND,The Cuff Links,Decca,9,41,
1970,6,50,79,THE RAPPER,The Jaggerz,Kama Sutra,2,50,
1970,7,1,4,THANK YOU (Falettinme Be Mice Elf Agin) / EVERYBODY IS A STAR,Sly and the Family Stone,Epic,7,1,1 week at #1
1970,7,2,2,I WANT YOU BACK,Jackson 5,Motown,14,1,
1970,7,3,3,RAINDROPS KEEP FALLIN’ ON MY HEAD,B.J. Thomas,Scepter,16,1,
1970,7,4,1,VENUS,The Shocking Blue,Colossus,10,1,
1970,7,5,7,HEY THERE LONELY GIRL,Eddie Holman,ABC,8,5,
1970,7,6,9,NO TIME,The Guess Who,RCA,9,6,
1970,7,7,6,I’LL NEVER FALL IN LOVE AGAIN,Dionne Warwick,Scepter,8,6,
1970,7,8,11,PSYCHEDELIC SHACK,The Temptations,Gordy,5,8,
1970,7,9,18,TRAVELIN’ BAND / WHO’LL STOP THE RAIN,Creedence Clearwater Revival,Fantasy,3,9,
1970,7,10,13,ARIZONA,Mark Lindsay,Columbia,11,10,
1970,7,11,5,WITHOUT LOVE (There Is Nothing),Tom Jones,Parrot,8,5,
1970,7,12,16,WALK A MILE IN MY SHOES,Joe South,Capitol,7,12,
1970,7,13,49,BRIDGE OVER TROUBLED WATER,Simon and Garfunkel,Columbia,2,13,
1970,7,14,26,RAINY NIGHT IN GEORGIA,Brook Benton,Cotillion,6,14,
1970,7,15,8,WHOLE LOTTA LOVE / LIVING LOVING MAID (She’s Just a Woman),Led Zeppelin,Atlantic,13,4,
1970,7,16,27,THE THRILL IS GONE,B.B. King,BluesWay,8,16,
1970,7,17,14,DON’T CRY DADDY / RUBBERNECKIN’,Elvis Presley,RCA,12,6,
1970,7,18,33,MA BELLE AMIE,The Tee Set,Colossus,4,18,
1970,7,19,15,SOMEDAY WE’LL BE TOGETHER,Diana Ross and the Supremes,Motown,15,1,
1970,7,20,10,JINGLE JANGLE,The Archies,Kirshner,12,10,
1970,7,21,21,BLOWING AWAY,The 5th Dimension,Soul City,7,21,
1970,7,22,25,HONEY COME BACK,Glen Campbell,Capitol,5,22,
1970,7,23,24,BABY TAKE ME IN YOUR ARMS,Jefferson,Janus,9,23,
1970,7,24,50,THE RAPPER,The Jaggerz,Kama Sutra,3,24,
1970,7,25,28,DIDN’T I (Blow Your Mind This Time),The Delfonics,Philly Groove,6,25,
1970,7,26,22,WINTER WORLD OF LOVE,Engelbert Humperdinck,Parrot,11,16,
1970,7,27,37,GIVE ME JUST A LITTLE MORE TIME,The Chairmen Of the Board,Invictus,5,27,
1970,7,28,19,WALKIN’ IN THE RAIN,Jay and the Americans,United Artists,13,19,
1970,7,29,35,"HE AIN’T HEAVY, HE’S MY BROTHER",The Hollies,Epic,9,29,
1970,7,30,30,SHE CAME IN THROUGH THE BATHROOM WINDOW,Joe Cocker,A&M,11,30,
1970,7,31,31,FANCY,Bobbie Gentry,Capitol,13,31,
1970,7,32,32,LET’S WORK TOGETHER (Part 1),Wilbert Harrison,Sue,11,32,
1970,7,33,34,"OH ME, OH MY (I’m A Fool For You Baby)",Lulu,Atco,8,33,
1970,7,34,36,ONE TIN SOLDIER,The Original Caste,T-A,14,34,
1970,7,35,43,BREAKING UP IS HARD TO DO,Lenny Welch,Commonwealth United,6,35,
1970,7,36,46,ALWAYS SOMETHING THERE TO REMIND ME,R.B. Greaves,Atco,4,36,
1970,7,37,40,EVIL WAYS,Santana,Columbia,4,37,
1970,7,38,17,JAM UP AND JELLY TIGHT,Tommy Roe,ABC,14,8,
1970,7,39,12,LEAVING ON A JET PLANE,"Peter, Paul and Mary",Warner Brothers,17,1,
1970,7,40,20,EARLY IN THE MORNING,Vanity Fare,Page One,13,12,
1970,7,42,29,"WONDERFUL WORLD, BEAUTIFUL PEOPLE",Jimmy Cliff,A&M,11,25,
1970,7,49,38,SHE BELONGS TO ME,Rick Nelson and the Stone Canyon Band,Decca,16,33,
1970,7,58,39,MONSTER,Steppenwolf,Dunhill,8,39,
1970,7,41,41,HOW CAN I FORGET / GONNA GIVE HER ALL THE LOVE I’VE GOT,Marvin Gaye,Tamla,6,41,
1970,7,43,44,LOVE BONES,Johnnie Taylor,Stax,9,43,
1970,7,44,67,NEVER HAD A DREAM COME TRUE,Stevie Wonder,Tamla,2,44,
1970,7,45,55,IF I WERE A CARPENTER,Johnny Cash and June Carter,Columbia,4,45,
1970,7,46,57,OH WHAT A DAY,The Dells,Cadet,4,46,
1970,7,47,53,JENNIFER TOMKINS,Street People,Musicor,7,47,
1970,7,48,62,DO THE FUNKY CHICKEN,Rufus Thomas,Stax,2,48,
1970,7,50,58,THE TOUCH OF YOU,Brenda and the Tabulations,Top and Bottom,5,50,
1970,8,1,1,THANK YOU (Falettinme Be Mice Elf Agin) / EVERYBODY IS A STAR,Sly and the Family Stone,Epic,8,1,2 weeks at #1
1970,8,2,5,HEY THERE LONELY GIRL,Eddie Holman,ABC,9,2,
1970,8,3,13,BRIDGE OVER TROUBLED WATER,Simon and Garfunkel,Columbia,3,3,
1970,8,4,2,I WANT YOU BACK,Jackson 5,Motown,15,1,
1970,8,5,9,TRAVELIN’ BAND / WHO’LL STOP THE RAIN,Creedence Clearwater Revival,Fantasy,4,5,
1970,8,6,6,NO TIME,The Guess Who,RCA,10,6,
1970,8,7,3,RAINDROPS KEEP FALLIN’ ON MY HEAD,B.J. Thomas,Scepter,17,1,
1970,8,8,8,PSYCHEDELIC SHACK,The Temptations,Gordy,6,8,
1970,8,9,4,VENUS,The Shocking Blue,Colossus,11,1,
1970,8,10,14,RAINY NIGHT IN GEORGIA,Brook Benton,Cotillion,7,10,
1970,8,11,10,ARIZONA,Mark Lindsay,Columbia,12,10,
1970,8,12,12,WALK A MILE IN MY SHOES,Joe South,Capitol,8,12,
1970,8,13,11,WITHOUT LOVE (There Is Nothing),Tom Jones,Parrot,9,5,
1970,8,14,18,MA BELLE AMIE,The Tee Set,Colossus,5,14,
1970,8,15,16,THE THRILL IS GONE,B.B. King,BluesWay,9,15,
1970,8,16,24,THE RAPPER,The Jaggerz,Kama Sutra,4,16,
1970,8,17,7,I’LL NEVER FALL IN LOVE AGAIN,Dionne Warwick,Scepter,9,6,
1970,8,18,27,GIVE ME JUST A LITTLE MORE TIME,The Chairmen Of the Board,Invictus,6,18,
1970,8,19,25,DIDN’T I (Blow Your Mind This Time),The Delfonics,Philly Groove,7,19,
1970,8,20,22,HONEY COME BACK,Glen Campbell,Capitol,6,20,
1970,8,21,29,"HE AIN’T HEAVY, HE’S MY BROTHER",The Hollies,Epic,10,21,
1970,8,22,15,WHOLE LOTTA LOVE / LIVING LOVING MAID (She’s Just a Woman),Led Zeppelin,Atlantic,14,4,
1970,8,23,21,BLOWING AWAY,The 5th Dimension,Soul City,8,21,
1970,8,24,37,EVIL WAYS,Santana,Columbia,5,24,
1970,8,25,17,DON’T CRY DADDY / RUBBERNECKIN’,Elvis Presley,RCA,13,6,
1970,8,26,23,BABY TAKE ME IN YOUR ARMS,Jefferson,Janus,10,23,
1970,8,27,33,"OH ME, OH MY (I’m A Fool For You Baby)",Lulu,Atco,9,27,
1970,8,28,28,WALKIN’ IN THE RAIN,Jay and the Americans,United Artists,14,19,
1970,8,29,19,SOMEDAY WE’LL BE TOGETHER,Diana Ross and the Supremes,Motown,16,1,
1970,8,30,60,HOUSE OF THE RISING SUN,Frijid Pink,Parrot,3,30,
1970,8,31,26,WINTER WORLD OF LOVE,Engelbert Humperdinck,Parrot,12,16,
1970,8,32,20,JINGLE JANGLE,The Archies,Kirshner,13,10,
1970,8,33,36,ALWAYS SOMETHING THERE TO REMIND ME,R.B. Greaves,Atco,5,33,
1970,8,34,35,BREAKING UP IS HARD TO DO,Lenny Welch,Commonwealth United,7,34,
1970,8,35,30,SHE CAME IN THROUGH THE BATHROOM WINDOW,Joe Cocker,A&M,12,30,
1970,8,36,31,FANCY,Bobbie Gentry,Capitol,14,31,
1970,8,37,44,NEVER HAD A DREAM COME TRUE,Stevie Wonder,Tamla,3,37,
1970,8,38,45,IF I WERE A CARPENTER,Johnny Cash and June Carter,Columbia,5,38,
1970,8,39,47,JENNIFER TOMKINS,Street People,Musicor,8,39,
1970,8,40,96,KENTUCKY RAIN,Elvis Presley,RCA,2,40,
1970,8,42,32,LET’S WORK TOGETHER (Part 1),Wilbert Harrison,Sue,12,32,
1970,8,43,34,ONE TIN SOLDIER,The Original Caste,T-A,15,34,
1970,8,41,64,CALL ME / SON OF A PREACHER MAN,Aretha Franklin,Atlantic,3,41,
1970,8,44,51,NEW WORLD COMING,Mama Cass Elliot,Dunhill,4,44,
1970,8,45,46,OH WHAT A DAY,The Dells,Cadet,5,45,
1970,8,46,48,DO THE FUNKY CHICKEN,Rufus Thomas,Stax,3,46,
1970,8,47,41,HOW CAN I FORGET / GONNA GIVE HER ALL THE LOVE I’VE GOT,Marvin Gaye,Tamla,7,41,
1970,8,48,43,LOVE BONES,Johnnie Taylor,Stax,10,43,
1970,8,49,53,I’VE GOTTA MAKE YOU LOVE ME,Steam,Mercury,5,49,
1970,8,50,50,THE TOUCH OF YOU,Brenda and the Tabulations,Top and Bottom,6,50,
1970,9,1,3,BRIDGE OVER TROUBLED WATER,Simon and Garfunkel,Columbia,4,1,1 week at #1
1970,9,2,1,THANK YOU (Falettinme Be Mice Elf Agin) / EVERYBODY IS A STAR,Sly and the Family Stone,Epic,9,1,
1970,9,3,5,TRAVELIN’ BAND / WHO’LL STOP THE RAIN,Creedence Clearwater Revival,Fantasy,5,3,
1970,9,4,2,HEY THERE LONELY GIRL,Eddie Holman,ABC,10,2,
1970,9,5,6,NO TIME,The Guess Who,RCA,11,5,
1970,9,6,14,MA BELLE AMIE,The Tee Set,Colossus,6,6,
1970,9,7,8,PSYCHEDELIC SHACK,The Temptations,Gordy,7,7,
1970,9,8,7,RAINDROPS KEEP FALLIN’ ON MY HEAD,B.J. Thomas,Scepter,18,1,
1970,9,9,10,RAINY NIGHT IN GEORGIA,Brook Benton,Cotillion,8,9,
1970,9,10,9,VENUS,The Shocking Blue,Colossus,12,1,
1970,9,11,16,THE RAPPER,The Jaggerz,Kama Sutra,5,11,
1970,9,12,12,WALK A MILE IN MY SHOES,Joe South,Capitol,9,12,
1970,9,13,4,I WANT YOU BACK,Jackson 5,Motown,16,1,
1970,9,14,11,ARIZONA,Mark Lindsay,Columbia,13,10,
1970,9,15,15,THE THRILL IS GONE,B.B. King,BluesWay,10,15,
1970,9,16,18,GIVE ME JUST A LITTLE MORE TIME,The Chairmen Of the Board,Invictus,7,16,
1970,9,17,21,"HE AIN’T HEAVY, HE’S MY BROTHER",The Hollies,Epic,11,17,
1970,9,18,19,DIDN’T I (Blow Your Mind This Time),The Delfonics,Philly Groove,8,18,
1970,9,19,20,HONEY COME BACK,Glen Campbell,Capitol,7,19,
1970,9,20,17,I’LL NEVER FALL IN LOVE AGAIN,Dionne Warwick,Scepter,10,6,
1970,9,21,13,WITHOUT LOVE (There Is Nothing),Tom Jones,Parrot,10,5,
1970,9,22,24,EVIL WAYS,Santana,Columbia,6,22,
1970,9,23,27,"OH ME, OH MY (I’m A Fool For You Baby)",Lulu,Atco,10,23,
1970,9,24,41,CALL ME / SON OF A PREACHER MAN,Aretha Franklin,Atlantic,4,24,
1970,9,25,30,HOUSE OF THE RISING SUN,Frijid Pink,Parrot,4,25,
1970,9,26,40,KENTUCKY RAIN,Elvis Presley,RCA,3,26,
1970,9,27,33,ALWAYS SOMETHING THERE TO REMIND ME,R.B. Greaves,Atco,6,27,
1970,9,28,68,LOVE GROWS (Where My Rosemary Goes),Edison Lighthouse,Bell,2,28,
1970,9,29,23,BLOWING AWAY,The 5th Dimension,Soul City,9,21,
1970,9,30,37,NEVER HAD A DREAM COME TRUE,Stevie Wonder,Tamla,4,30,
1970,9,31,64,GOTTA HOLD ON TO THIS FEELING,Jr. Walker and the All Stars,Soul,2,31,
1970,9,32,28,WALKIN’ IN THE RAIN,Jay and the Americans,United Artists,15,19,
1970,9,33,26,BABY TAKE ME IN YOUR ARMS,Jefferson,Janus,11,23,
1970,9,34,34,BREAKING UP IS HARD TO DO,Lenny Welch,Commonwealth United,8,34,
1970,9,35,46,DO THE FUNKY CHICKEN,Rufus Thomas,Stax,4,35,
1970,9,36,38,IF I WERE A CARPENTER,Johnny Cash and June Carter,Columbia,6,36,
1970,9,37,22,WHOLE LOTTA LOVE / LIVING LOVING MAID (She’s Just a Woman),Led Zeppelin,Atlantic,15,4,
1970,9,38,52,"EASY COME, EASY GO",Bobby Sherman,Metromedia,4,38,
1970,9,39,39,JENNIFER TOMKINS,Street People,Musicor,9,39,
1970,9,40,55,IT’S A NEW DAY (Part 1),James Brown,King,3,40,
1970,9,41,54,COME AND GET IT,Badfinger,Apple,4,41,
1970,9,42,44,NEW WORLD COMING,Mama Cass Elliot,Dunhill,5,42,
1970,9,43,45,OH WHAT A DAY,The Dells,Cadet,6,43,
1970,9,44,51,THE BELLS,The Originals,Soul,4,44,
1970,9,45,53,ALL I HAVE TO DO IS DREAM,Bobbie Gentry and Glen Campbell,Capitol,3,45,
1970,9,46,49,I’VE GOTTA MAKE YOU LOVE ME,Steam,Mercury,6,46,
1970,9,47,43,ONE TIN SOLDIER,The Original Caste,T-A,16,34,
1970,9,49,61,GOOD GUYS ONLY WIN IN THE MOVIES,Mel and Tim,Bamboo,4,49,
1970,9,50,42,LET’S WORK TOGETHER (Part 1),Wilbert Harrison,Sue,13,32,
1970,10,1,1,BRIDGE OVER TROUBLED WATER,Simon and Garfunkel,Columbia,5,1,2 weeks at #1
1970,10,2,3,TRAVELIN’ BAND / WHO’LL STOP THE RAIN,Creedence Clearwater Revival,Fantasy,6,2,
1970,10,3,2,THANK YOU (Falettinme Be Mice Elf Agin) / EVERYBODY IS A STAR,Sly and the Family Stone,Epic,10,1,
1970,10,4,9,RAINY NIGHT IN GEORGIA,Brook Benton,Cotillion,9,4,
1970,10,5,4,HEY THERE LONELY GIRL,Eddie Holman,ABC,11,2,
1970,10,6,6,MA BELLE AMIE,The Tee Set,Colossus,7,6,
1970,10,7,11,THE RAPPER,The Jaggerz,Kama Sutra,6,7,
1970,10,8,16,GIVE ME JUST A LITTLE MORE TIME,The Chairmen Of the Board,Invictus,8,8,
1970,10,9,8,RAINDROPS KEEP FALLIN’ ON MY HEAD,B.J. Thomas,Scepter,19,1,
1970,10,10,17,"HE AIN’T HEAVY, HE’S MY BROTHER",The Hollies,Epic,12,10,
1970,10,11,7,PSYCHEDELIC SHACK,The Temptations,Gordy,8,7,
1970,10,12,5,NO TIME,The Guess Who,RCA,12,5,
1970,10,13,18,DIDN’T I (Blow Your Mind This Time),The Delfonics,Philly Groove,9,13,
1970,10,14,13,I WANT YOU BACK,Jackson 5,Motown,17,1,
1970,10,15,22,EVIL WAYS,Santana,Columbia,7,15,
1970,10,16,14,ARIZONA,Mark Lindsay,Columbia,14,10,
1970,10,17,15,THE THRILL IS GONE,B.B. King,BluesWay,11,15,
1970,10,18,10,VENUS,The Shocking Blue,Colossus,13,1,
1970,10,19,12,WALK A MILE IN MY SHOES,Joe South,Capitol,10,12,
1970,10,20,28,LOVE GROWS (Where My Rosemary Goes),Edison Lighthouse,Bell,3,20,
1970,10,21,25,HOUSE OF THE RISING SUN,Frijid Pink,Parrot,5,21,
1970,10,22,24,CALL ME / SON OF A PREACHER MAN,Aretha Franklin,Atlantic,5,22,
1970,10,23,23,"OH ME, OH MY (I’m A Fool For You Baby)",Lulu,Atco,11,23,
1970,10,24,26,KENTUCKY RAIN,Elvis Presley,RCA,4,24,
1970,10,25,19,HONEY COME BACK,Glen Campbell,Capitol,8,19,
1970,10,26,30,NEVER HAD A DREAM COME TRUE,Stevie Wonder,Tamla,5,26,
1970,10,27,27,ALWAYS SOMETHING THERE TO REMIND ME,R.B. Greaves,Atco,7,27,
1970,10,28,38,"EASY COME, EASY GO",Bobby Sherman,Metromedia,5,28,
1970,10,29,31,GOTTA HOLD ON TO THIS FEELING,Jr. Walker and the All Stars,Soul,3,29,
1970,10,30,20,I’LL NEVER FALL IN LOVE AGAIN,Dionne Warwick,Scepter,11,6,
1970,10,31,35,DO THE FUNKY CHICKEN,Rufus Thomas,Stax,5,31,
1970,10,32,21,WITHOUT LOVE (There Is Nothing),Tom Jones,Parrot,11,5,
1970,10,33,65,INSTANT KARMA (We All Shine On),John Ono Lennon,Apple,2,33,
1970,10,34,48,CELEBRATE,Three Dog Night,Dunhill,2,34,
1970,10,35,40,IT’S A NEW DAY (Part 1),James Brown,King,4,35,
1970,10,36,39,JENNIFER TOMKINS,Street People,Musicor,10,36,
1970,10,37,44,THE BELLS,The Originals,Soul,5,37,
1970,10,38,41,COME AND GET IT,Badfinger,Apple,5,38,
1970,10,39,64,SPIRIT IN THE SKY,Norman Greenbaum,Reprise,2,39,
1970,10,40,34,BREAKING UP IS HARD TO DO,Lenny Welch,Commonwealth United,9,34,
1970,10,46,36,IF I WERE A CARPENTER,Johnny Cash and June Carter,Columbia,7,36,
1970,10,68,33,BABY TAKE ME IN YOUR ARMS,Jefferson,Janus,12,23,
1970,10,41,45,ALL I HAVE TO DO IS DREAM,Bobbie Gentry and Glen Campbell,Capitol,4,41,
1970,10,42,42,NEW WORLD COMING,Mama Cass Elliot,Dunhill,6,42,
1970,10,43,43,OH WHAT A DAY,The Dells,Cadet,7,43,
1970,10,44,54,SOMETHING’S BURNING,Kenny Rogers and the First Edition,Reprise,4,44,
1970,10,45,49,GOOD GUYS ONLY WIN IN THE MOVIES,Mel and Tim,Bamboo,5,45,
1970,10,47,53,IF I NEVER KNEW YOUR NAME,Vic Dana,Liberty,9,47,
1970,10,48,52,MY ELUSIVE DREAMS,Bobby Vinton,Epic,5,48,
1970,10,49,55,WALKING THROUGH THE COUNTRY,The Grass Roots,Dunhill,4,49,
1970,10,50,56,SHILO,Neil Diamond,Bang,5,50,
1970,11,1,1,BRIDGE OVER TROUBLED WATER,Simon and Garfunkel,Columbia,6,1,3 weeks at #1
1970,11,2,2,TRAVELIN’ BAND / WHO’LL STOP THE RAIN,Creedence Clearwater Revival,Fantasy,7,2,
1970,11,3,7,THE RAPPER,The Jaggerz,Kama Sutra,7,3,
1970,11,4,4,RAINY NIGHT IN GEORGIA,Brook Benton,Cotillion,10,4,
1970,11,5,6,MA BELLE AMIE,The Tee Set,Colossus,8,5,
1970,11,6,8,GIVE ME JUST A LITTLE MORE TIME,The Chairmen Of the Board,Invictus,9,6,
1970,11,7,3,THANK YOU (Falettinme Be Mice Elf Agin) / EVERYBODY IS A STAR,Sly and the Family Stone,Epic,11,1,
1970,11,8,5,HEY THERE LONELY GIRL,Eddie Holman,ABC,12,2,
1970,11,9,10,"HE AIN’T HEAVY, HE’S MY BROTHER",The Hollies,Epic,13,9,
1970,11,10,15,EVIL WAYS,Santana,Columbia,8,10,
1970,11,11,13,DIDN’T I (Blow Your Mind This Time),The Delfonics,Philly Groove,10,11,
1970,11,12,11,PSYCHEDELIC SHACK,The Temptations,Gordy,9,7,
1970,11,13,20,LOVE GROWS (Where My Rosemary Goes),Edison Lighthouse,Bell,4,13,
1970,11,14,9,RAINDROPS KEEP FALLIN’ ON MY HEAD,B.J. Thomas,Scepter,20,1,
1970,11,15,33,INSTANT KARMA (We All Shine On),John Ono Lennon,Apple,3,15,
1970,11,16,12,NO TIME,The Guess Who,RCA,13,5,
1970,11,17,24,KENTUCKY RAIN,Elvis Presley,RCA,5,17,
1970,11,18,21,HOUSE OF THE RISING SUN,Frijid Pink,Parrot,6,18,
1970,11,19,28,"EASY COME, EASY GO",Bobby Sherman,Metromedia,6,19,
1970,11,20,34,CELEBRATE,Three Dog Night,Dunhill,3,20,
1970,11,21,22,CALL ME / SON OF A PREACHER MAN,Aretha Franklin,Atlantic,6,21,
1970,11,22,23,"OH ME, OH MY (I’m A Fool For You Baby)",Lulu,Atco,12,22,
1970,11,23,16,ARIZONA,Mark Lindsay,Columbia,15,10,
1970,11,24,14,I WANT YOU BACK,Jackson 5,Motown,18,1,
1970,11,25,29,GOTTA HOLD ON TO THIS FEELING,Jr. Walker and the All Stars,Soul,4,25,
1970,11,26,26,NEVER HAD A DREAM COME TRUE,Stevie Wonder,Tamla,6,26,
1970,11,27,17,THE THRILL IS GONE,B.B. King,BluesWay,12,15,
1970,11,28,18,VENUS,The Shocking Blue,Colossus,14,1,
1970,11,29,39,SPIRIT IN THE SKY,Norman Greenbaum,Reprise,3,29,
1970,11,30,25,HONEY COME BACK,Glen Campbell,Capitol,9,19,
1970,11,31,31,DO THE FUNKY CHICKEN,Rufus Thomas,Stax,6,31,
1970,11,32,38,COME AND GET IT,Badfinger,Apple,6,32,
1970,11,33,19,WALK A MILE IN MY SHOES,Joe South,Capitol,11,12,
1970,11,34,37,THE BELLS,The Originals,Soul,6,34,
1970,11,35,35,IT’S A NEW DAY (Part 1),James Brown,King,5,35,
1970,11,36,41,ALL I HAVE TO DO IS DREAM,Bobbie Gentry and Glen Campbell,Capitol,5,36,
1970,11,37,44,SOMETHING’S BURNING,Kenny Rogers and the First Edition,Reprise,5,37,
1970,11,38,36,JENNIFER TOMKINS,Street People,Musicor,11,36,
1970,11,39,57,UP THE LADDER TO THE ROOF,The Supremes,Motown,2,39,
1970,11,40,27,ALWAYS SOMETHING THERE TO REMIND ME,R.B. Greaves,Atco,8,27,
1970,11,54,40,BREAKING UP IS HARD TO DO,Lenny Welch,Commonwealth United,10,34,
1970,11,42,42,NEW WORLD COMING,Mama Cass Elliot,Dunhill,7,42,
1970,11,43,51,TAKE A LOOK AROUND,Smith,Dunhill,4,43,
1970,11,44,50,SHILO,Neil Diamond,Bang,6,44,
1970,11,45,49,WALKING THROUGH THE COUNTRY,The Grass Roots,Dunhill,5,45,
1970,11,46,48,MY ELUSIVE DREAMS,Bobby Vinton,Epic,6,46,
1970,11,47,47,IF I NEVER KNEW YOUR NAME,Vic Dana,Liberty,10,47,
1970,11,48,43,OH WHAT A DAY,The Dells,Cadet,8,43,
1970,11,49,54,GOTTA GET BACK TO YOU,Tommy James and the Shondells,Roulette,4,49,
1970,11,50,46,IF I WERE A CARPENTER,Johnny Cash and June Carter,Columbia,8,36,
1970,12,1,1,BRIDGE OVER TROUBLED WATER,Simon and Garfunkel,Columbia,7,1,4 weeks at #1
1970,12,2,3,THE RAPPER,The Jaggerz,Kama Sutra,8,2,
1970,12,3,6,GIVE ME JUST A LITTLE MORE TIME,The Chairmen Of the Board,Invictus,10,3,
1970,12,4,15,INSTANT KARMA (We All Shine On),John Ono Lennon,Apple,4,4,
1970,12,5,4,RAINY NIGHT IN GEORGIA,Brook Benton,Cotillion,11,4,
1970,12,7,9,"HE AIN’T HEAVY, HE’S MY BROTHER",The Hollies,Epic,14,7,
1970,12,8,13,LOVE GROWS (Where My Rosemary Goes),Edison Lighthouse,Bell,5,8,
1970,12,9,10,EVIL WAYS,Santana,Columbia,9,9,
1970,12,10,11,DIDN’T I (Blow Your Mind This Time),The Delfonics,Philly Groove,11,10,
1970,12,11,2,TRAVELIN’ BAND / WHO’LL STOP THE RAIN,Creedence Clearwater Revival,Fantasy,8,2,
1970,12,12,5,MA BELLE AMIE,The Tee Set,Colossus,9,5,
1970,12,13,29,SPIRIT IN THE SKY,Norman Greenbaum,Reprise,4,13,
1970,12,14,41,ABC,Jackson 5,Motown,2,14,
1970,12,15,18,HOUSE OF THE RISING SUN,Frijid Pink,Parrot,7,15,
1970,12,16,17,KENTUCKY RAIN,Elvis Presley,RCA,6,16,
1970,12,17,20,CELEBRATE,Three Dog Night,Dunhill,4,17,
1970,12,18,19,"EASY COME, EASY GO",Bobby Sherman,Metromedia,7,18,
1970,12,19,21,CALL ME / SON OF A PREACHER MAN,Aretha Franklin,Atlantic,7,19,
1970,12,20,12,PSYCHEDELIC SHACK,The Temptations,Gordy,10,7,
1970,12,21,7,THANK YOU (Falettinme Be Mice Elf Agin) / EVERYBODY IS A STAR,Sly and the Family Stone,Epic,12,1,
1970,12,22,8,HEY THERE LONELY GIRL,Eddie Holman,ABC,13,2,
1970,12,23,32,COME AND GET IT,Badfinger,Apple,7,23,
1970,12,24,25,GOTTA HOLD ON TO THIS FEELING,Jr. Walker and the All Stars,Soul,5,24,
1970,12,25,39,UP THE LADDER TO THE ROOF,The Supremes,Motown,3,25,
1970,12,26,34,THE BELLS,The Originals,Soul,7,26,
1970,12,27,14,RAINDROPS KEEP FALLIN’ ON MY HEAD,B.J. Thomas,Scepter,21,1,
1970,12,28,31,DO THE FUNKY CHICKEN,Rufus Thomas,Stax,7,28,
1970,12,29,16,NO TIME,The Guess Who,RCA,14,5,
1970,12,30,27,THE THRILL IS GONE,B.B. King,BluesWay,13,15,
1970,12,31,22,"OH ME, OH MY (I’m A Fool For You Baby)",Lulu,Atco,13,22,
1970,12,32,35,IT’S A NEW DAY (Part 1),James Brown,King,6,32,
1970,12,33,24,I WANT YOU BACK,Jackson 5,Motown,19,1,
1970,12,34,36,ALL I HAVE TO DO IS DREAM,Bobbie Gentry and Glen Campbell,Capitol,6,34,
1970,12,35,37,SOMETHING’S BURNING,Kenny Rogers and the First Edition,Reprise,6,35,
1970,12,36,23,ARIZONA,Mark Lindsay,Columbia,16,10,
1970,12,37,26,NEVER HAD A DREAM COME TRUE,Stevie Wonder,Tamla,7,26,
1970,12,38,61,LOVE OR LET ME BE LONELY,The Friends Of Distinction,RCA,3,38,
1970,12,39,44,SHILO,Neil Diamond,Bang,7,39,
1970,12,40,38,JENNIFER TOMKINS,Street People,Musicor,12,36,
1970,12,41,64,YOU’RE THE ONE (Part 1),Little Sister,Stone Flower,4,41,
1970,12,42,66,LONG LONESOME HIGHWAY,Michael Parks,MGM,4,42,
1970,12,43,43,TAKE A LOOK AROUND,Smith,Dunhill,5,43,
1970,12,44,45,WALKING THROUGH THE COUNTRY,The Grass Roots,Dunhill,6,44,
1970,12,45,49,GOTTA GET BACK TO YOU,Tommy James and the Shondells,Roulette,5,45,
1970,12,47,84,TENNESSEE BIRD WALK,Jack Blanchard and Misty Morgan,Wayside,4,47,
1970,12,48,46,MY ELUSIVE DREAMS,Bobby Vinton,Epic,7,46,
1970,12,49,47,IF I NEVER KNEW YOUR NAME,Vic Dana,Liberty,11,47,
1970,12,50,63,LET’S GIVE ADAM AND EVE ANOTHER CHANCE,Gary Puckett and the Union Gap,Columbia,3,50,
1970,13,1,1,BRIDGE OVER TROUBLED WATER,Simon and Garfunkel,Columbia,8,1,5 weeks at #1
1970,13,2,6,LET IT BE,The Beatles,Apple,2,2,
1970,13,4,2,THE RAPPER,The Jaggerz,Kama Sutra,9,2,
1970,13,5,8,LOVE GROWS (Where My Rosemary Goes),Edison Lighthouse,Bell,6,5,
1970,13,6,14,ABC,Jackson 5,Motown,3,6,
1970,13,7,7,"HE AIN’T HEAVY, HE’S MY BROTHER",The Hollies,Epic,15,7,
1970,13,8,13,SPIRIT IN THE SKY,Norman Greenbaum,Reprise,5,8,
1970,13,9,3,GIVE ME JUST A LITTLE MORE TIME,The Chairmen Of the Board,Invictus,11,3,
1970,13,10,23,COME AND GET IT,Badfinger,Apple,8,10,
1970,13,11,15,HOUSE OF THE RISING SUN,Frijid Pink,Parrot,8,11,
1970,13,12,18,"EASY COME, EASY GO",Bobby Sherman,Metromedia,8,12,
1970,13,13,12,MA BELLE AMIE,The Tee Set,Colossus,10,5,
1970,13,14,5,RAINY NIGHT IN GEORGIA,Brook Benton,Cotillion,12,4,
1970,13,15,17,CELEBRATE,Three Dog Night,Dunhill,5,15,
1970,13,16,16,KENTUCKY RAIN,Elvis Presley,RCA,7,16,
1970,13,17,9,EVIL WAYS,Santana,Columbia,10,9,
1970,13,18,10,DIDN’T I (Blow Your Mind This Time),The Delfonics,Philly Groove,12,10,
1970,13,19,19,CALL ME / SON OF A PREACHER MAN,Aretha Franklin,Atlantic,8,19,
1970,13,20,11,TRAVELIN’ BAND / WHO’LL STOP THE RAIN,Creedence Clearwater Revival,Fantasy,9,2,
1970,13,21,24,GOTTA HOLD ON TO THIS FEELING,Jr. Walker and the All Stars,Soul,6,21,
1970,13,22,25,UP THE LADDER TO THE ROOF,The Supremes,Motown,4,22,
1970,13,23,21,THANK YOU (Falettinme Be Mice Elf Agin) / EVERYBODY IS A STAR,Sly and the Family Stone,Epic,13,1,
1970,13,24,20,PSYCHEDELIC SHACK,The Temptations,Gordy,11,7,
1970,13,25,26,THE BELLS,The Originals,Soul,8,25,
1970,13,26,35,SOMETHING’S BURNING,Kenny Rogers and the First Edition,Reprise,7,26,
1970,13,27,22,HEY THERE LONELY GIRL,Eddie Holman,ABC,14,2,
1970,13,28,34,ALL I HAVE TO DO IS DREAM,Bobbie Gentry and Glen Campbell,Capitol,7,28,
1970,13,29,38,LOVE OR LET ME BE LONELY,The Friends Of Distinction,RCA,4,29,
1970,13,30,27,RAINDROPS KEEP FALLIN’ ON MY HEAD,B.J. Thomas,Scepter,22,1,
1970,13,31,28,DO THE FUNKY CHICKEN,Rufus Thomas,Stax,8,28,
1970,13,32,47,TENNESSEE BIRD WALK,Jack Blanchard and Misty Morgan,Wayside,5,32,
1970,13,33,39,SHILO,Neil Diamond,Bang,8,33,
1970,13,34,46,AMERICAN WOMAN / NO SUGAR TONIGHT,The Guess Who,RCA,2,34,
1970,13,35,42,LONG LONESOME HIGHWAY,Michael Parks,MGM,5,35,
1970,13,36,32,IT’S A NEW DAY (Part 1),James Brown,King,7,32,
1970,13,37,41,YOU’RE THE ONE (Part 1),Little Sister,Stone Flower,5,37,
1970,13,38,31,"OH ME, OH MY (I’m A Fool For You Baby)",Lulu,Atco,14,22,
1970,13,39,51,TEMMA HARBOUR,Mary Hopkin,Apple,6,39,
1970,13,40,53,WHO’S YOUR BABY,The Archies,Kirshner,4,40,
1970,13,43,40,JENNIFER TOMKINS,Street People,Musicor,13,36,
1970,13,44,30,THE THRILL IS GONE,B.B. King,BluesWay,14,15,
1970,13,41,87,YOU NEED LOVE LIKE I DO (Don’t You),Gladys Knight and the Pips,Soul,2,41,
1970,13,42,50,LET’S GIVE ADAM AND EVE ANOTHER CHANCE,Gary Puckett and the Union Gap,Columbia,4,42,
1970,13,45,45,GOTTA GET BACK TO YOU,Tommy James and the Shondells,Roulette,6,45,
1970,13,46,44,WALKING THROUGH THE COUNTRY,The Grass Roots,Dunhill,7,44,
1970,13,47,72,TURN BACK THE HANDS OF TIME,Tyrone Davis,Dakar,2,47,
1970,13,48,43,TAKE A LOOK AROUND,Smith,Dunhill,6,43,
1970,13,49,48,MY ELUSIVE DREAMS,Bobby Vinton,Epic,8,46,
1970,13,50,52,STIR IT UP AND SERVE IT,Tommy Roe,ABC,5,50,
1970,14,1,1,BRIDGE OVER TROUBLED WATER,Simon and Garfunkel,Columbia,9,1,6 weeks at #1
1970,14,2,2,LET IT BE,The Beatles,Apple,3,2,
1970,14,3,3,INSTANT KARMA (We All Shine On),John Ono Lennon,Apple,6,3,
1970,14,4,6,ABC,Jackson 5,Motown,4,4,
1970,14,5,5,LOVE GROWS (Where My Rosemary Goes),Edison Lighthouse,Bell,7,5,
1970,14,6,8,SPIRIT IN THE SKY,Norman Greenbaum,Reprise,6,6,
1970,14,7,11,HOUSE OF THE RISING SUN,Frijid Pink,Parrot,9,7,
1970,14,8,4,THE RAPPER,The Jaggerz,Kama Sutra,10,2,
1970,14,9,10,COME AND GET IT,Badfinger,Apple,9,9,
1970,14,10,12,"EASY COME, EASY GO",Bobby Sherman,Metromedia,9,10,
1970,14,11,7,"HE AIN’T HEAVY, HE’S MY BROTHER",The Hollies,Epic,16,7,
1970,14,12,9,GIVE ME JUST A LITTLE MORE TIME,The Chairmen Of the Board,Invictus,12,3,
1970,14,13,19,CALL ME / SON OF A PREACHER MAN,Aretha Franklin,Atlantic,9,13,
1970,14,14,14,RAINY NIGHT IN GEORGIA,Brook Benton,Cotillion,13,4,
1970,14,15,15,CELEBRATE,Three Dog Night,Dunhill,6,15,
1970,14,16,22,UP THE LADDER TO THE ROOF,The Supremes,Motown,5,16,
1970,14,17,34,AMERICAN WOMAN / NO SUGAR TONIGHT,The Guess Who,RCA,3,17,
1970,14,18,17,EVIL WAYS,Santana,Columbia,11,9,
1970,14,19,13,MA BELLE AMIE,The Tee Set,Colossus,11,5,
1970,14,20,29,LOVE OR LET ME BE LONELY,The Friends Of Distinction,RCA,5,20,
1970,14,21,21,GOTTA HOLD ON TO THIS FEELING,Jr. Walker and the All Stars,Soul,7,21,
1970,14,22,18,DIDN’T I (Blow Your Mind This Time),The Delfonics,Philly Groove,13,10,
1970,14,23,25,THE BELLS,The Originals,Soul,9,23,
1970,14,24,26,SOMETHING’S BURNING,Kenny Rogers and the First Edition,Reprise,8,24,
1970,14,25,16,KENTUCKY RAIN,Elvis Presley,RCA,8,16,
1970,14,26,20,TRAVELIN’ BAND / WHO’LL STOP THE RAIN,Creedence Clearwater Revival,Fantasy,10,2,
1970,14,27,28,ALL I HAVE TO DO IS DREAM,Bobbie Gentry and Glen Campbell,Capitol,8,27,
1970,14,28,35,LONG LONESOME HIGHWAY,Michael Parks,MGM,6,28,
1970,14,29,32,TENNESSEE BIRD WALK,Jack Blanchard and Misty Morgan,Wayside,6,29,
1970,14,30,33,SHILO,Neil Diamond,Bang,9,30,
1970,14,31,51,REFLECTIONS OF MY LIFE,Marmalade,London,4,31,
1970,14,32,47,TURN BACK THE HANDS OF TIME,Tyrone Davis,Dakar,3,32,
1970,14,33,37,YOU’RE THE ONE (Part 1),Little Sister,Stone Flower,6,33,
1970,14,34,31,DO THE FUNKY CHICKEN,Rufus Thomas,Stax,9,28,
1970,14,35,68,WOODSTOCK,"Crosby, Stills, Nash, and Young",Atlantic,2,35,
1970,14,36,61,GET READY,Rare Earth,Rare Earth,4,36,
1970,14,37,41,YOU NEED LOVE LIKE I DO (Don’t You),Gladys Knight and the Pips,Soul,3,37,
1970,14,38,36,IT’S A NEW DAY (Part 1),James Brown,King,8,32,
1970,14,39,39,TEMMA HARBOUR,Mary Hopkin,Apple,7,39,
1970,14,40,40,WHO’S YOUR BABY,The Archies,Kirshner,5,40,
1970,14,41,42,LET’S GIVE ADAM AND EVE ANOTHER CHANCE,Gary Puckett and the Union Gap,Columbia,5,41,
1970,14,42,74,EVERYBODY’S OUT OF TOWN,B.J. Thomas,Scepter,2,42,
1970,14,43,71,FOR THE LOVE OF HIM,Bobbi Martin,United Artists,4,43,
1970,14,44,43,JENNIFER TOMKINS,Street People,Musicor,14,36,
1970,14,45,53,MIGHTY JOE,The Shocking Blue,Colossus,5,45,
1970,14,46,45,GOTTA GET BACK TO YOU,Tommy James and the Shondells,Roulette,7,45,
1970,14,47,46,WALKING THROUGH THE COUNTRY,The Grass Roots,Dunhill,8,44,
1970,14,48,52,EASY TO BE FREE,Rick Nelson,Decca,5,48,
1970,14,49,48,TAKE A LOOK AROUND,Smith,Dunhill,7,43,
1970,14,50,56,"MY WOMAN MY WOMAN, MY WIFE",Marty Robbins,Columbia,4,50,
1970,15,1,2,LET IT BE,The Beatles,Apple,4,1,1 week at #1
1970,15,2,4,ABC,Jackson 5,Motown,5,2,
1970,15,3,3,INSTANT KARMA (We All Shine On),John Ono Lennon,Apple,7,3,
1970,15,4,6,SPIRIT IN THE SKY,Norman Greenbaum,Reprise,7,4,
1970,15,5,1,BRIDGE OVER TROUBLED WATER,Simon and Garfunkel,Columbia,10,1,
1970,15,6,5,LOVE GROWS (Where My Rosemary Goes),Edison Lighthouse,Bell,8,5,
1970,15,7,7,HOUSE OF THE RISING SUN,Frijid Pink,Parrot,10,7,
1970,15,8,9,COME AND GET IT,Badfinger,Apple,10,8,
1970,15,9,10,"EASY COME, EASY GO",Bobby Sherman,Metromedia,10,9,
1970,15,10,8,THE RAPPER,The Jaggerz,Kama Sutra,11,2,
1970,15,11,16,UP THE LADDER TO THE ROOF,The Supremes,Motown,6,11,
1970,15,12,23,THE BELLS,The Originals,Soul,10,12,
1970,15,13,13,CALL ME / SON OF A PREACHER MAN,Aretha Franklin,Atlantic,10,13,
1970,15,14,20,LOVE OR LET ME BE LONELY,The Friends Of Distinction,RCA,6,14,
1970,15,15,17,AMERICAN WOMAN / NO SUGAR TONIGHT,The Guess Who,RCA,4,15,
1970,15,16,14,RAINY NIGHT IN GEORGIA,Brook Benton,Cotillion,14,4,
1970,15,17,12,GIVE ME JUST A LITTLE MORE TIME,The Chairmen Of the Board,Invictus,13,3,
1970,15,18,18,EVIL WAYS,Santana,Columbia,12,9,
1970,15,19,11,"HE AIN’T HEAVY, HE’S MY BROTHER",The Hollies,Epic,17,7,
1970,15,20,15,CELEBRATE,Three Dog Night,Dunhill,7,15,
1970,15,21,24,SOMETHING’S BURNING,Kenny Rogers and the First Edition,Reprise,9,21,
1970,15,22,32,TURN BACK THE HANDS OF TIME,Tyrone Davis,Dakar,4,22,
1970,15,23,21,GOTTA HOLD ON TO THIS FEELING,Jr. Walker and the All Stars,Soul,8,21,
1970,15,24,33,YOU’RE THE ONE (Part 1),Little Sister,Stone Flower,7,24,
1970,15,25,30,SHILO,Neil Diamond,Bang,10,25,
1970,15,26,28,LONG LONESOME HIGHWAY,Michael Parks,MGM,7,26,
1970,15,27,29,TENNESSEE BIRD WALK,Jack Blanchard and Misty Morgan,Wayside,7,27,
1970,15,28,22,DIDN’T I (Blow Your Mind This Time),The Delfonics,Philly Groove,14,10,
1970,15,29,19,MA BELLE AMIE,The Tee Set,Colossus,12,5,
1970,15,30,31,REFLECTIONS OF MY LIFE,Marmalade,London,5,30,
1970,15,31,25,KENTUCKY RAIN,Elvis Presley,RCA,9,16,
1970,15,32,27,ALL I HAVE TO DO IS DREAM,Bobbie Gentry and Glen Campbell,Capitol,9,27,
1970,15,33,35,WOODSTOCK,"Crosby, Stills, Nash, and Young",Atlantic,3,33,
1970,15,34,37,YOU NEED LOVE LIKE I DO (Don’t You),Gladys Knight and the Pips,Soul,4,34,
1970,15,35,36,GET READY,Rare Earth,Rare Earth,5,35,
1970,15,36,34,DO THE FUNKY CHICKEN,Rufus Thomas,Stax,10,28,
1970,15,37,42,EVERYBODY’S OUT OF TOWN,B.J. Thomas,Scepter,3,37,
1970,15,38,75,VEHICLE,The Ides Of March,Warner Brothers,3,38,
1970,15,39,43,FOR THE LOVE OF HIM,Bobbi Martin,United Artists,5,39,
1970,15,40,58,LITTLE GREEN BAG,The George Baker Selection,Colossus,4,40,
1970,15,41,39,TEMMA HARBOUR,Mary Hopkin,Apple,8,39,
1970,15,44,40,WHO’S YOUR BABY,The Archies,Kirshner,6,40,
1970,15,42,50,"MY WOMAN MY WOMAN, MY WIFE",Marty Robbins,Columbia,5,42,
1970,15,43,45,MIGHTY JOE,The Shocking Blue,Colossus,6,43,
1970,15,45,41,LET’S GIVE ADAM AND EVE ANOTHER CHANCE,Gary Puckett and the Union Gap,Columbia,6,41,
1970,15,46,52,I COULD WRITE A BOOK,Jerry Butler,Mercury,4,46,
1970,15,47,54,CALIFORNIA GIRL,Eddie Floyd,Stax,8,47,
1970,15,48,48,EASY TO BE FREE,Rick Nelson,Decca,6,48,
1970,15,49,44,JENNIFER TOMKINS,Street People,Musicor,15,36,
1970,15,50,53,TO THE OTHER WOMAN (I’m the Other Woman),Doris Duke,Canyon,7,50,
1970,16,1,1,LET IT BE,The Beatles,Apple,5,1,2 weeks at #1
1970,16,2,2,ABC,Jackson 5,Motown,6,2,
1970,16,3,4,SPIRIT IN THE SKY,Norman Greenbaum,Reprise,8,3,
1970,16,4,3,INSTANT KARMA (We All Shine On),John Ono Lennon,Apple,8,3,
1970,16,5,6,LOVE GROWS (Where My Rosemary Goes),Edison Lighthouse,Bell,9,5,
1970,16,6,5,BRIDGE OVER TROUBLED WATER,Simon and Garfunkel,Columbia,11,1,
1970,16,7,8,COME AND GET IT,Badfinger,Apple,11,7,
1970,16,8,14,LOVE OR LET ME BE LONELY,The Friends Of Distinction,RCA,7,8,
1970,16,9,15,AMERICAN WOMAN / NO SUGAR TONIGHT,The Guess Who,RCA,5,9,
1970,16,10,11,UP THE LADDER TO THE ROOF,The Supremes,Motown,7,10,
1970,16,11,9,"EASY COME, EASY GO",Bobby Sherman,Metromedia,11,9,
1970,16,12,12,THE BELLS,The Originals,Soul,11,12,
1970,16,13,7,HOUSE OF THE RISING SUN,Frijid Pink,Parrot,11,7,
1970,16,14,10,THE RAPPER,The Jaggerz,Kama Sutra,12,2,
1970,16,15,21,SOMETHING’S BURNING,Kenny Rogers and the First Edition,Reprise,10,15,
1970,16,16,22,TURN BACK THE HANDS OF TIME,Tyrone Davis,Dakar,5,16,
1970,16,17,33,WOODSTOCK,"Crosby, Stills, Nash, and Young",Atlantic,4,17,
1970,16,18,30,REFLECTIONS OF MY LIFE,Marmalade,London,6,18,
1970,16,19,17,GIVE ME JUST A LITTLE MORE TIME,The Chairmen Of the Board,Invictus,14,3,
1970,16,20,26,LONG LONESOME HIGHWAY,Michael Parks,MGM,8,20,
1970,16,21,18,EVIL WAYS,Santana,Columbia,13,9,
1970,16,22,20,CELEBRATE,Three Dog Night,Dunhill,8,15,
1970,16,23,24,YOU’RE THE ONE (Part 1),Little Sister,Stone Flower,8,23,
1970,16,24,27,TENNESSEE BIRD WALK,Jack Blanchard and Misty Morgan,Wayside,8,24,
1970,16,25,25,SHILO,Neil Diamond,Bang,11,25,
1970,16,26,13,CALL ME / SON OF A PREACHER MAN,Aretha Franklin,Atlantic,11,13,
1970,16,27,19,"HE AIN’T HEAVY, HE’S MY BROTHER",The Hollies,Epic,18,7,
1970,16,28,39,FOR THE LOVE OF HIM,Bobbi Martin,United Artists,6,28,
1970,16,29,23,GOTTA HOLD ON TO THIS FEELING,Jr. Walker and the All Stars,Soul,9,21,
1970,16,30,34,YOU NEED LOVE LIKE I DO (Don’t You),Gladys Knight and the Pips,Soul,5,30,
1970,16,31,16,RAINY NIGHT IN GEORGIA,Brook Benton,Cotillion,15,4,
1970,16,32,38,VEHICLE,The Ides Of March,Warner Brothers,4,32,
1970,16,33,35,GET READY,Rare Earth,Rare Earth,6,33,
1970,16,34,37,EVERYBODY’S OUT OF TOWN,B.J. Thomas,Scepter,4,34,
1970,16,35,40,LITTLE GREEN BAG,The George Baker Selection,Colossus,5,35,
1970,16,36,32,ALL I HAVE TO DO IS DREAM,Bobbie Gentry and Glen Campbell,Capitol,10,27,
1970,16,37,52,EVERYTHING IS BEAUTIFUL,Ray Stevens,Barnaby,3,37,
1970,16,38,68,CECILIA,Simon and Garfunkel,Columbia,2,38,
1970,16,39,36,DO THE FUNKY CHICKEN,Rufus Thomas,Stax,11,28,
1970,16,40,56,LOVE ON A TWO-WAY STREET,The Moments,Stang,2,40,
1970,16,41,57,MAKE ME SMILE,Chicago,Columbia,3,41,
1970,16,42,42,"MY WOMAN MY WOMAN, MY WIFE",Marty Robbins,Columbia,6,42,
1970,16,43,59,COME RUNNING,Van Morrison,Warner Brothers,3,43,
1970,16,44,90,AIRPORT LOVE THEME (Gwen and Vern),Vincent Bell,Decca,2,44,
1970,16,45,47,CALIFORNIA GIRL,Eddie Floyd,Stax,9,45,
1970,16,46,66,WHAT IS TRUTH,Johnny Cash,Columbia,2,46,
1970,16,47,61,THE GIRLS’ SONG,The 5th Dimension,Soul City,3,47,
1970,16,48,73,WHICH WAY YOU GOIN’ BILLY,The Poppy Family Featuring Susan Jacks,London,4,48,
1970,16,49,44,WHO’S YOUR BABY,The Archies,Kirshner,7,40,
1970,16,50,43,MIGHTY JOE,The Shocking Blue,Colossus,7,43,
1970,17,1,2,ABC,Jackson 5,Motown,7,1,1 week at #1
1970,17,2,1,LET IT BE,The Beatles,Apple,6,1,
1970,17,3,3,SPIRIT IN THE SKY,Norman Greenbaum,Reprise,9,3,
1970,17,4,4,INSTANT KARMA (We All Shine On),John Ono Lennon,Apple,9,3,
1970,17,5,9,AMERICAN WOMAN / NO SUGAR TONIGHT,The Guess Who,RCA,6,5,
1970,17,6,5,LOVE GROWS (Where My Rosemary Goes),Edison Lighthouse,Bell,10,5,
1970,17,7,7,COME AND GET IT,Badfinger,Apple,12,7,
1970,17,8,8,LOVE OR LET ME BE LONELY,The Friends Of Distinction,RCA,8,8,
1970,17,9,6,BRIDGE OVER TROUBLED WATER,Simon and Garfunkel,Columbia,12,1,
1970,17,10,16,TURN BACK THE HANDS OF TIME,Tyrone Davis,Dakar,6,10,
1970,17,11,10,UP THE LADDER TO THE ROOF,The Supremes,Motown,8,10,
1970,17,12,15,SOMETHING’S BURNING,Kenny Rogers and the First Edition,Reprise,11,12,
1970,17,13,11,"EASY COME, EASY GO",Bobby Sherman,Metromedia,12,9,
1970,17,14,18,REFLECTIONS OF MY LIFE,Marmalade,London,7,14,
1970,17,15,13,HOUSE OF THE RISING SUN,Frijid Pink,Parrot,12,7,
1970,17,16,17,WOODSTOCK,"Crosby, Stills, Nash, and Young",Atlantic,5,16,
1970,17,17,12,THE BELLS,The Originals,Soul,12,12,
1970,17,18,28,FOR THE LOVE OF HIM,Bobbi Martin,United Artists,7,18,
1970,17,19,32,VEHICLE,The Ides Of March,Warner Brothers,5,19,
1970,17,20,20,LONG LONESOME HIGHWAY,Michael Parks,MGM,9,20,
1970,17,21,37,EVERYTHING IS BEAUTIFUL,Ray Stevens,Barnaby,4,21,
1970,17,22,23,YOU’RE THE ONE (Part 1),Little Sister,Stone Flower,9,22,
1970,17,23,24,TENNESSEE BIRD WALK,Jack Blanchard and Misty Morgan,Wayside,9,23,
1970,17,24,25,SHILO,Neil Diamond,Bang,12,24,
1970,17,25,14,THE RAPPER,The Jaggerz,Kama Sutra,13,2,
1970,17,26,34,EVERYBODY’S OUT OF TOWN,B.J. Thomas,Scepter,5,26,
1970,17,27,38,CECILIA,Simon and Garfunkel,Columbia,3,27,
1970,17,28,30,YOU NEED LOVE LIKE I DO (Don’t You),Gladys Knight and the Pips,Soul,6,28,
1970,17,29,22,CELEBRATE,Three Dog Night,Dunhill,9,15,
1970,17,30,19,GIVE ME JUST A LITTLE MORE TIME,The Chairmen Of the Board,Invictus,15,3,
1970,17,31,46,WHAT IS TRUTH,Johnny Cash,Columbia,3,31,
1970,17,32,33,GET READY,Rare Earth,Rare Earth,7,32,
1970,17,33,40,LOVE ON A TWO-WAY STREET,The Moments,Stang,3,33,
1970,17,34,35,LITTLE GREEN BAG,The George Baker Selection,Colossus,6,34,
1970,17,35,44,AIRPORT LOVE THEME (Gwen and Vern),Vincent Bell,Decca,3,35,
1970,17,36,29,GOTTA HOLD ON TO THIS FEELING,Jr. Walker and the All Stars,Soul,10,21,
1970,17,37,26,CALL ME / SON OF A PREACHER MAN,Aretha Franklin,Atlantic,12,13,
1970,17,38,48,WHICH WAY YOU GOIN’ BILLY,The Poppy Family Featuring Susan Jacks,London,5,38,
1970,17,39,43,COME RUNNING,Van Morrison,Warner Brothers,4,39,
1970,17,40,41,MAKE ME SMILE,Chicago,Columbia,4,40,
1970,17,42,39,DO THE FUNKY CHICKEN,Rufus Thomas,Stax,12,28,
1970,17,41,61,COME SATURDAY MORNING,The Sandpipers,A&M,11,41,
1970,17,43,52,OH HAPPY DAY,Glen Campbell,Capitol,3,43,
1970,17,44,47,THE GIRLS’ SONG,The 5th Dimension,Soul City,4,44,
1970,17,45,45,CALIFORNIA GIRL,Eddie Floyd,Stax,10,45,
1970,17,46,72,THE LETTER,Joe Cocker,A&M,2,46,
1970,17,47,64,MISS AMERICA,Mark Lindsay,Columbia,4,47,
1970,17,50,42,"MY WOMAN MY WOMAN, MY WIFE",Marty Robbins,Columbia,7,42,
1970,18,1,1,ABC,Jackson 5,Motown,8,1,2 weeks at #1
1970,18,2,2,LET IT BE,The Beatles,Apple,7,1,
1970,18,3,3,SPIRIT IN THE SKY,Norman Greenbaum,Reprise,10,3,
1970,18,4,5,AMERICAN WOMAN / NO SUGAR TONIGHT,The Guess Who,RCA,7,4,
1970,18,5,4,INSTANT KARMA (We All Shine On),John Ono Lennon,Apple,10,3,
1970,18,6,8,LOVE OR LET ME BE LONELY,The Friends Of Distinction,RCA,9,6,
1970,18,7,6,LOVE GROWS (Where My Rosemary Goes),Edison Lighthouse,Bell,11,5,
1970,18,8,7,COME AND GET IT,Badfinger,Apple,13,7,
1970,18,9,19,VEHICLE,The Ides Of March,Warner Brothers,6,9,
1970,18,10,10,TURN BACK THE HANDS OF TIME,Tyrone Davis,Dakar,7,10,
1970,18,11,12,SOMETHING’S BURNING,Kenny Rogers and the First Edition,Reprise,12,11,
1970,18,12,11,UP THE LADDER TO THE ROOF,The Supremes,Motown,9,10,
1970,18,13,14,REFLECTIONS OF MY LIFE,Marmalade,London,8,13,
1970,18,14,9,BRIDGE OVER TROUBLED WATER,Simon and Garfunkel,Columbia,13,1,
1970,18,15,16,WOODSTOCK,"Crosby, Stills, Nash, and Young",Atlantic,6,15,
1970,18,16,21,EVERYTHING IS BEAUTIFUL,Ray Stevens,Barnaby,5,16,
1970,18,17,18,FOR THE LOVE OF HIM,Bobbi Martin,United Artists,8,17,
1970,18,18,13,"EASY COME, EASY GO",Bobby Sherman,Metromedia,13,9,
1970,18,19,27,CECILIA,Simon and Garfunkel,Columbia,4,19,
1970,18,20,33,LOVE ON A TWO-WAY STREET,The Moments,Stang,4,20,
1970,18,21,17,THE BELLS,The Originals,Soul,13,12,
1970,18,22,22,YOU’RE THE ONE (Part 1),Little Sister,Stone Flower,10,22,
1970,18,23,23,TENNESSEE BIRD WALK,Jack Blanchard and Misty Morgan,Wayside,10,23,
1970,18,24,32,GET READY,Rare Earth,Rare Earth,8,24,
1970,18,25,28,YOU NEED LOVE LIKE I DO (Don’t You),Gladys Knight and the Pips,Soul,7,25,
1970,18,26,26,EVERYBODY’S OUT OF TOWN,B.J. Thomas,Scepter,6,26,
1970,18,27,15,HOUSE OF THE RISING SUN,Frijid Pink,Parrot,13,7,
1970,18,28,31,WHAT IS TRUTH,Johnny Cash,Columbia,4,28,
1970,18,29,34,LITTLE GREEN BAG,The George Baker Selection,Colossus,7,29,
1970,18,30,48,UP AROUND THE BEND / RUN THROUGH THE JUNGLE,Creedence Clearwater Revival,Fantasy,2,30,
1970,18,31,20,LONG LONESOME HIGHWAY,Michael Parks,MGM,10,20,
1970,18,32,38,WHICH WAY YOU GOIN’ BILLY,The Poppy Family Featuring Susan Jacks,London,6,32,
1970,18,33,24,SHILO,Neil Diamond,Bang,13,24,
1970,18,34,35,AIRPORT LOVE THEME (Gwen and Vern),Vincent Bell,Decca,4,34,
1970,18,35,40,MAKE ME SMILE,Chicago,Columbia,5,35,
1970,18,36,54,VIVA TIRADO (Part 1),El Chicano,Kapp,4,36,
1970,18,37,49,REACH OUT AND TOUCH (Somebody’s Hand),Diana Ross,Motown,2,37,
1970,18,38,56,PUPPET MAN,The 5th Dimension,Bell,3,38,
1970,18,39,39,COME RUNNING,Van Morrison,Warner Brothers,5,39,
1970,18,40,41,COME SATURDAY MORNING,The Sandpipers,A&M,12,40,
1970,18,41,46,THE LETTER,Joe Cocker,A&M,3,41,
1970,18,42,43,OH HAPPY DAY,Glen Campbell,Capitol,4,42,
1970,18,43,52,HEY LAWDY MAMA,Steppenwolf,Dunhill,4,43,
1970,18,44,44,THE GIRLS’ SONG,The 5th Dimension,Soul City,5,44,
1970,18,45,47,MISS AMERICA,Mark Lindsay,Columbia,5,45,
1970,18,46,53,HITCHIN’ A RIDE,Vanity Fare,Page One,7,46,
1970,18,47,45,CALIFORNIA GIRL,Eddie Floyd,Stax,11,45,
1970,18,48,58,LET ME GO TO HIM,Dionne Warwick,Scepter,3,48,
1970,18,50,55,YOU MAKE ME REAL / ROADHOUSE BLUES,The Doors,Elektra,4,50,
1970,19,1,4,AMERICAN WOMAN / NO SUGAR TONIGHT,The Guess Who,RCA,8,1,1 week at #1
1970,19,2,1,ABC,Jackson 5,Motown,9,1,
1970,19,3,2,LET IT BE,The Beatles,Apple,8,1,
1970,19,4,9,VEHICLE,The Ides Of March,Warner Brothers,7,4,
1970,19,5,3,SPIRIT IN THE SKY,Norman Greenbaum,Reprise,11,3,
1970,19,6,6,LOVE OR LET ME BE LONELY,The Friends Of Distinction,RCA,10,6,
1970,19,7,16,EVERYTHING IS BEAUTIFUL,Ray Stevens,Barnaby,6,7,
1970,19,8,5,INSTANT KARMA (We All Shine On),John Ono Lennon,Apple,11,3,
1970,19,9,10,TURN BACK THE HANDS OF TIME,Tyrone Davis,Dakar,8,9,
1970,19,10,13,REFLECTIONS OF MY LIFE,Marmalade,London,9,10,
1970,19,11,15,WOODSTOCK,"Crosby, Stills, Nash, and Young",Atlantic,7,11,
1970,19,12,11,SOMETHING’S BURNING,Kenny Rogers and the First Edition,Reprise,13,11,
1970,19,13,30,UP AROUND THE BEND / RUN THROUGH THE JUNGLE,Creedence Clearwater Revival,Fantasy,3,13,
1970,19,14,19,CECILIA,Simon and Garfunkel,Columbia,5,14,
1970,19,15,17,FOR THE LOVE OF HIM,Bobbi Martin,United Artists,9,15,
1970,19,16,20,LOVE ON A TWO-WAY STREET,The Moments,Stang,5,16,
1970,19,17,12,UP THE LADDER TO THE ROOF,The Supremes,Motown,10,10,
1970,19,18,8,COME AND GET IT,Badfinger,Apple,14,7,
1970,19,19,24,GET READY,Rare Earth,Rare Earth,9,19,
1970,19,20,28,WHAT IS TRUTH,Johnny Cash,Columbia,5,20,
1970,19,21,14,BRIDGE OVER TROUBLED WATER,Simon and Garfunkel,Columbia,14,1,
1970,19,22,7,LOVE GROWS (Where My Rosemary Goes),Edison Lighthouse,Bell,12,5,
1970,19,23,32,WHICH WAY YOU GOIN’ BILLY,The Poppy Family Featuring Susan Jacks,London,7,23,
1970,19,24,18,"EASY COME, EASY GO",Bobby Sherman,Metromedia,14,9,
1970,19,25,35,MAKE ME SMILE,Chicago,Columbia,6,25,
1970,19,26,41,THE LETTER,Joe Cocker,A&M,4,26,
1970,19,27,29,LITTLE GREEN BAG,The George Baker Selection,Colossus,8,27,
1970,19,28,23,TENNESSEE BIRD WALK,Jack Blanchard and Misty Morgan,Wayside,11,23,
1970,19,29,26,EVERYBODY’S OUT OF TOWN,B.J. Thomas,Scepter,7,26,
1970,19,30,37,REACH OUT AND TOUCH (Somebody’s Hand),Diana Ross,Motown,3,30,
1970,19,31,49,DAUGHTER OF DARKNESS,Tom Jones,Parrot,2,31,
1970,19,32,34,AIRPORT LOVE THEME (Gwen and Vern),Vincent Bell,Decca,5,32,
1970,19,33,31,LONG LONESOME HIGHWAY,Michael Parks,MGM,11,20,
1970,19,34,38,PUPPET MAN,The 5th Dimension,Bell,4,34,
1970,19,35,36,VIVA TIRADO (Part 1),El Chicano,Kapp,5,35,
1970,19,36,40,COME SATURDAY MORNING,The Sandpipers,A&M,13,36,
1970,19,37,33,SHILO,Neil Diamond,Bang,14,24,
1970,19,38,43,HEY LAWDY MAMA,Steppenwolf,Dunhill,5,38,
1970,19,39,48,LET ME GO TO HIM,Dionne Warwick,Scepter,4,39,
1970,19,40,42,OH HAPPY DAY,Glen Campbell,Capitol,5,40,
1970,19,41,21,THE BELLS,The Originals,Soul,14,12,
1970,19,45,25,YOU NEED LOVE LIKE I DO (Don’t You),Gladys Knight and the Pips,Soul,8,25,
1970,19,46,22,YOU’RE THE ONE (Part 1),Little Sister,Stone Flower,11,22,
1970,19,49,39,COME RUNNING,Van Morrison,Warner Brothers,6,39,
1970,19,42,46,HITCHIN’ A RIDE,Vanity Fare,Page One,8,42,
1970,19,43,44,THE GIRLS’ SONG,The 5th Dimension,Soul City,6,43,
1970,19,44,45,MISS AMERICA,Mark Lindsay,Columbia,6,44,
1970,19,47,63,THE SEEKER,The Who,Decca,4,47,
1970,19,48,53,DON’T STOP NOW / SINCE I DON’T HAVE YOU,Eddie Holman,ABC,6,48,
1970,19,50,51,CHICKEN STRUT,The Meters,Josie,6,50,
1970,20,1,1,AMERICAN WOMAN / NO SUGAR TONIGHT,The Guess Who,RCA,9,1,2 weeks at #1
1970,20,2,2,ABC,Jackson 5,Motown,10,1,
1970,20,3,4,VEHICLE,The Ides Of March,Warner Brothers,8,3,
1970,20,4,3,LET IT BE,The Beatles,Apple,9,1,
1970,20,5,14,CECILIA,Simon and Garfunkel,Columbia,6,5,
1970,20,6,5,SPIRIT IN THE SKY,Norman Greenbaum,Reprise,12,3,
1970,20,7,7,EVERYTHING IS BEAUTIFUL,Ray Stevens,Barnaby,7,7,
1970,20,8,9,TURN BACK THE HANDS OF TIME,Tyrone Davis,Dakar,9,8,
1970,20,9,13,UP AROUND THE BEND / RUN THROUGH THE JUNGLE,Creedence Clearwater Revival,Fantasy,4,9,
1970,20,10,10,REFLECTIONS OF MY LIFE,Marmalade,London,10,10,
1970,20,11,11,WOODSTOCK,"Crosby, Stills, Nash, and Young",Atlantic,8,11,
1970,20,12,16,LOVE ON A TWO-WAY STREET,The Moments,Stang,6,12,
1970,20,13,15,FOR THE LOVE OF HIM,Bobbi Martin,United Artists,10,13,
1970,20,14,12,SOMETHING’S BURNING,Kenny Rogers and the First Edition,Reprise,14,11,
1970,20,15,6,LOVE OR LET ME BE LONELY,The Friends Of Distinction,RCA,11,6,
1970,20,16,19,GET READY,Rare Earth,Rare Earth,10,16,
1970,20,17,23,WHICH WAY YOU GOIN’ BILLY,The Poppy Family Featuring Susan Jacks,London,8,17,
1970,20,18,8,INSTANT KARMA (We All Shine On),John Ono Lennon,Apple,12,3,
1970,20,19,25,MAKE ME SMILE,Chicago,Columbia,7,19,
1970,20,20,20,WHAT IS TRUTH,Johnny Cash,Columbia,6,20,
1970,20,21,26,THE LETTER,Joe Cocker,A&M,5,21,
1970,20,22,17,UP THE LADDER TO THE ROOF,The Supremes,Motown,11,10,
1970,20,23,31,DAUGHTER OF DARKNESS,Tom Jones,Parrot,3,23,
1970,20,24,22,LOVE GROWS (Where My Rosemary Goes),Edison Lighthouse,Bell,13,5,
1970,20,25,36,COME SATURDAY MORNING,The Sandpipers,A&M,14,25,
1970,20,26,34,PUPPET MAN,The 5th Dimension,Bell,5,26,
1970,20,27,27,LITTLE GREEN BAG,The George Baker Selection,Colossus,9,27,
1970,20,28,30,REACH OUT AND TOUCH (Somebody’s Hand),Diana Ross,Motown,4,28,
1970,20,29,18,COME AND GET IT,Badfinger,Apple,15,7,
1970,20,30,35,VIVA TIRADO (Part 1),El Chicano,Kapp,6,30,
1970,20,31,32,AIRPORT LOVE THEME (Gwen and Vern),Vincent Bell,Decca,6,31,
1970,20,32,29,EVERYBODY’S OUT OF TOWN,B.J. Thomas,Scepter,8,26,
1970,20,33,57,SOOLAIMON (African Trilogy II),Neil Diamond,Uni,3,33,
1970,20,34,28,TENNESSEE BIRD WALK,Jack Blanchard and Misty Morgan,Wayside,12,23,
1970,20,35,38,HEY LAWDY MAMA,Steppenwolf,Dunhill,6,35,
1970,20,36,42,HITCHIN’ A RIDE,Vanity Fare,Page One,9,36,
1970,20,37,39,LET ME GO TO HIM,Dionne Warwick,Scepter,5,37,
1970,20,38,33,LONG LONESOME HIGHWAY,Michael Parks,MGM,12,20,
1970,20,39,62,LAY DOWN (Candles In the Rain),Melanie with the Edwin Hawkins Singers,Buddah,4,39,
1970,20,40,40,OH HAPPY DAY,Glen Campbell,Capitol,6,40,
1970,20,41,58,MY BABY LOVES LOVIN’,White Plains,Deram,5,41,
1970,20,42,51,UNITED WE STAND,The Brotherhood Of Man,Deram,5,42,
1970,20,43,60,BROTHER RAPP (Parts 1 and 2),James Brown,King,3,43,
1970,20,44,43,THE GIRLS’ SONG,The 5th Dimension,Soul City,7,43,
1970,20,45,47,THE SEEKER,The Who,Decca,5,45,
1970,20,46,44,MISS AMERICA,Mark Lindsay,Columbia,7,44,
1970,20,47,76,IT’S ALL IN THE GAME,The Four Tops,Motown,4,47,
1970,20,48,48,DON’T STOP NOW / SINCE I DON’T HAVE YOU,Eddie Holman,ABC,7,48,
1970,20,49,67,"SUGAR SUGAR / COLE, COOKE AND REDDING",Wilson Pickett,Atlantic,7,49,
1970,20,50,49,COME RUNNING,Van Morrison,Warner Brothers,7,39,
1970,21,1,1,AMERICAN WOMAN / NO SUGAR TONIGHT,The Guess Who,RCA,10,1,3 weeks at #1
1970,21,2,3,VEHICLE,The Ides Of March,Warner Brothers,9,2,
1970,21,3,8,TURN BACK THE HANDS OF TIME,Tyrone Davis,Dakar,10,3,
1970,21,4,7,EVERYTHING IS BEAUTIFUL,Ray Stevens,Barnaby,8,4,
1970,21,5,5,CECILIA,Simon and Garfunkel,Columbia,7,5,
1970,21,6,4,LET IT BE,The Beatles,Apple,10,1,
1970,21,7,12,LOVE ON A TWO-WAY STREET,The Moments,Stang,7,7,
1970,21,8,9,UP AROUND THE BEND / RUN THROUGH THE JUNGLE,Creedence Clearwater Revival,Fantasy,5,8,
1970,21,9,2,ABC,Jackson 5,Motown,11,1,
1970,21,10,10,REFLECTIONS OF MY LIFE,Marmalade,London,11,10,
1970,21,11,6,SPIRIT IN THE SKY,Norman Greenbaum,Reprise,13,3,
1970,21,12,16,GET READY,Rare Earth,Rare Earth,11,12,
1970,21,13,13,FOR THE LOVE OF HIM,Bobbi Martin,United Artists,11,13,
1970,21,14,17,WHICH WAY YOU GOIN’ BILLY,The Poppy Family Featuring Susan Jacks,London,9,14,
1970,21,15,11,WOODSTOCK,"Crosby, Stills, Nash, and Young",Atlantic,9,11,
1970,21,16,15,LOVE OR LET ME BE LONELY,The Friends Of Distinction,RCA,12,6,
1970,21,17,19,MAKE ME SMILE,Chicago,Columbia,8,17,
1970,21,18,21,THE LETTER,Joe Cocker,A&M,6,18,
1970,21,19,20,WHAT IS TRUTH,Johnny Cash,Columbia,7,19,
1970,21,20,23,DAUGHTER OF DARKNESS,Tom Jones,Parrot,4,20,
1970,21,21,14,SOMETHING’S BURNING,Kenny Rogers and the First Edition,Reprise,15,11,
1970,21,22,28,REACH OUT AND TOUCH (Somebody’s Hand),Diana Ross,Motown,5,22,
1970,21,23,27,LITTLE GREEN BAG,The George Baker Selection,Colossus,10,23,
1970,21,24,25,COME SATURDAY MORNING,The Sandpipers,A&M,15,24,
1970,21,25,26,PUPPET MAN,The 5th Dimension,Bell,6,25,
1970,21,26,41,MY BABY LOVES LOVIN’,White Plains,Deram,6,26,
1970,21,27,18,INSTANT KARMA (We All Shine On),John Ono Lennon,Apple,13,3,
1970,21,28,30,VIVA TIRADO (Part 1),El Chicano,Kapp,7,28,
1970,21,29,36,HITCHIN’ A RIDE,Vanity Fare,Page One,10,29,
1970,21,30,42,UNITED WE STAND,The Brotherhood Of Man,Deram,6,30,
1970,21,31,33,SOOLAIMON (African Trilogy II),Neil Diamond,Uni,4,31,
1970,21,32,37,LET ME GO TO HIM,Dionne Warwick,Scepter,6,32,
1970,21,33,43,BROTHER RAPP (Parts 1 and 2),James Brown,King,4,33,
1970,21,34,39,LAY DOWN (Candles In the Rain),Melanie with the Edwin Hawkins Singers,Buddah,5,34,
1970,21,36,66,THE WONDER OF YOU / MAMA LIKED THE ROSES,Elvis Presley,RCA,2,36,
1970,21,37,31,AIRPORT LOVE THEME (Gwen and Vern),Vincent Bell,Decca,7,31,
1970,21,38,61,RIDE CAPTAIN RIDE,Blues Image,Atco,3,38,
1970,21,39,35,HEY LAWDY MAMA,Steppenwolf,Dunhill,7,35,
1970,21,40,49,"SUGAR SUGAR / COLE, COOKE AND REDDING",Wilson Pickett,Atlantic,8,40,
1970,21,43,40,OH HAPPY DAY,Glen Campbell,Capitol,7,40,
1970,21,48,32,EVERYBODY’S OUT OF TOWN,B.J. Thomas,Scepter,9,26,
1970,21,49,34,TENNESSEE BIRD WALK,Jack Blanchard and Misty Morgan,Wayside,13,23,
1970,21,41,47,IT’S ALL IN THE GAME,The Four Tops,Motown,5,41,
1970,21,42,51,LOVE LAND,Charles Wright and the Watts 103rd Street Rhythm Band,Warner Brothers,7,42,
1970,21,44,45,THE SEEKER,The Who,Decca,6,44,
1970,21,45,57,BAND OF GOLD,Freda Payne,Invictus,5,45,
1970,21,46,59,(You’ve Got Me) DANGLING ON A STRING,The Chairmen of the Board,Invictus,4,46,
1970,21,47,53,QUESTION,The Moody Blues,Threshold,4,47,
1970,21,50,56,THE ONION SONG / CALIFORNIA SOUL,Marvin Gaye and Tammi Terrell,Tamla,6,50,
1970,22,1,4,EVERYTHING IS BEAUTIFUL,Ray Stevens,Barnaby,9,1,1 week at #1
1970,22,2,1,AMERICAN WOMAN / NO SUGAR TONIGHT,The Guess Who,RCA,11,1,
1970,22,3,7,LOVE ON A TWO-WAY STREET,The Moments,Stang,8,3,
1970,22,4,5,CECILIA,Simon and Garfunkel,Columbia,8,4,
1970,22,5,8,UP AROUND THE BEND / RUN THROUGH THE JUNGLE,Creedence Clearwater Revival,Fantasy,6,5,
1970,22,6,14,WHICH WAY YOU GOIN’ BILLY,The Poppy Family Featuring Susan Jacks,London,10,6,
1970,22,7,18,THE LETTER,Joe Cocker,A&M,7,7,
1970,22,8,3,TURN BACK THE HANDS OF TIME,Tyrone Davis,Dakar,11,3,
1970,22,9,2,VEHICLE,The Ides Of March,Warner Brothers,10,2,
1970,22,10,6,LET IT BE,The Beatles,Apple,11,1,
1970,22,11,12,GET READY,Rare Earth,Rare Earth,12,11,
1970,22,12,35,THE LONG AND WINDING ROAD / FOR YOU BLUE,The Beatles,Apple,2,12,
1970,22,13,10,REFLECTIONS OF MY LIFE,Marmalade,London,12,10,
1970,22,14,13,FOR THE LOVE OF HIM,Bobbi Martin,United Artists,12,13,
1970,22,15,9,ABC,Jackson 5,Motown,12,1,
1970,22,16,15,WOODSTOCK,"Crosby, Stills, Nash, and Young",Atlantic,10,11,
1970,22,17,17,MAKE ME SMILE,Chicago,Columbia,9,17,
1970,22,18,20,DAUGHTER OF DARKNESS,Tom Jones,Parrot,5,18,
1970,22,19,24,COME SATURDAY MORNING,The Sandpipers,A&M,16,19,
1970,22,20,11,SPIRIT IN THE SKY,Norman Greenbaum,Reprise,14,3,
1970,22,21,23,LITTLE GREEN BAG,The George Baker Selection,Colossus,11,21,
1970,22,22,22,REACH OUT AND TOUCH (Somebody’s Hand),Diana Ross,Motown,6,22,
1970,22,23,29,HITCHIN’ A RIDE,Vanity Fare,Page One,11,23,
1970,22,24,25,PUPPET MAN,The 5th Dimension,Bell,7,24,
1970,22,25,26,MY BABY LOVES LOVIN’,White Plains,Deram,7,25,
1970,22,26,34,LAY DOWN (Candles In the Rain),Melanie with the Edwin Hawkins Singers,Buddah,6,26,
1970,22,27,30,UNITED WE STAND,The Brotherhood Of Man,Deram,7,27,
1970,22,28,16,LOVE OR LET ME BE LONELY,The Friends Of Distinction,RCA,13,6,
1970,22,29,47,QUESTION,The Moody Blues,Threshold,5,29,
1970,22,30,31,SOOLAIMON (African Trilogy II),Neil Diamond,Uni,5,30,
1970,22,31,19,WHAT IS TRUTH,Johnny Cash,Columbia,8,19,
1970,22,32,33,BROTHER RAPP (Parts 1 and 2),James Brown,King,5,32,
1970,22,33,36,THE WONDER OF YOU / MAMA LIKED THE ROSES,Elvis Presley,RCA,3,33,
1970,22,34,21,SOMETHING’S BURNING,Kenny Rogers and the First Edition,Reprise,16,11,
1970,22,35,38,RIDE CAPTAIN RIDE,Blues Image,Atco,4,35,
1970,22,36,28,VIVA TIRADO (Part 1),El Chicano,Kapp,8,28,
1970,22,37,45,BAND OF GOLD,Freda Payne,Invictus,6,37,
1970,22,38,41,IT’S ALL IN THE GAME,The Four Tops,Motown,6,38,
1970,22,39,40,"SUGAR SUGAR / COLE, COOKE AND REDDING",Wilson Pickett,Atlantic,9,39,
1970,22,40,42,LOVE LAND,Charles Wright and the Watts 103rd Street Rhythm Band,Warner Brothers,8,40,
1970,22,46,32,LET ME GO TO HIM,Dionne Warwick,Scepter,7,32,
1970,22,47,39,HEY LAWDY MAMA,Steppenwolf,Dunhill,8,35,
1970,22,50,37,AIRPORT LOVE THEME (Gwen and Vern),Vincent Bell,Decca,8,31,
1970,22,41,80,BALL OF CONFUSION (That’s What the World Is Today),The Temptations,Gordy,2,41,
1970,22,42,52,"HEY, MISTER SUN",Bobby Sherman,Metromedia,3,42,
1970,22,43,46,(You’ve Got Me) DANGLING ON A STRING,The Chairmen of the Board,Invictus,5,43,
1970,22,44,65,GIMME DAT DING,The Pipkins,Capitol,2,44,
1970,22,48,83,MAMA TOLD ME (Not To Come),Three Dog Night,Dunhill,2,48,
1970,22,49,43,OH HAPPY DAY,Glen Campbell,Capitol,8,40,
1970,23,1,1,EVERYTHING IS BEAUTIFUL,Ray Stevens,Barnaby,10,1,2 weeks at #1
1970,23,2,6,WHICH WAY YOU GOIN’ BILLY,The Poppy Family Featuring Susan Jacks,London,11,2,
1970,23,3,3,LOVE ON A TWO-WAY STREET,The Moments,Stang,9,3,
1970,23,4,5,UP AROUND THE BEND / RUN THROUGH THE JUNGLE,Creedence Clearwater Revival,Fantasy,7,4,
1970,23,5,4,CECILIA,Simon and Garfunkel,Columbia,9,4,
1970,23,6,11,GET READY,Rare Earth,Rare Earth,13,6,
1970,23,7,7,THE LETTER,Joe Cocker,A&M,8,7,
1970,23,8,2,AMERICAN WOMAN / NO SUGAR TONIGHT,The Guess Who,RCA,12,1,
1970,23,9,17,MAKE ME SMILE,Chicago,Columbia,10,9,
1970,23,10,12,THE LONG AND WINDING ROAD / FOR YOU BLUE,The Beatles,Apple,3,10,
1970,23,11,9,VEHICLE,The Ides Of March,Warner Brothers,11,2,
1970,23,12,8,TURN BACK THE HANDS OF TIME,Tyrone Davis,Dakar,12,3,
1970,23,13,18,DAUGHTER OF DARKNESS,Tom Jones,Parrot,6,13,
1970,23,14,13,REFLECTIONS OF MY LIFE,Marmalade,London,13,10,
1970,23,15,45,THE LOVE YOU SAVE / I FOUND THAT GIRL,Jackson 5,Motown,2,15,
1970,23,16,26,LAY DOWN (Candles In the Rain),Melanie with the Edwin Hawkins Singers,Buddah,7,16,
1970,23,17,35,RIDE CAPTAIN RIDE,Blues Image,Atco,5,17,
1970,23,18,19,COME SATURDAY MORNING,The Sandpipers,A&M,17,18,
1970,23,19,14,FOR THE LOVE OF HIM,Bobbi Martin,United Artists,13,13,
1970,23,20,22,REACH OUT AND TOUCH (Somebody’s Hand),Diana Ross,Motown,7,20,
1970,23,21,10,LET IT BE,The Beatles,Apple,12,1,
1970,23,22,23,HITCHIN’ A RIDE,Vanity Fare,Page One,12,22,
1970,23,23,27,UNITED WE STAND,The Brotherhood Of Man,Deram,8,23,
1970,23,24,41,BALL OF CONFUSION (That’s What the World Is Today),The Temptations,Gordy,3,24,
1970,23,25,25,MY BABY LOVES LOVIN’,White Plains,Deram,8,25,
1970,23,26,29,QUESTION,The Moody Blues,Threshold,6,26,
1970,23,27,16,WOODSTOCK,"Crosby, Stills, Nash, and Young",Atlantic,11,11,
1970,23,28,20,SPIRIT IN THE SKY,Norman Greenbaum,Reprise,15,3,
1970,23,29,33,THE WONDER OF YOU / MAMA LIKED THE ROSES,Elvis Presley,RCA,4,29,
1970,23,30,15,ABC,Jackson 5,Motown,13,1,
1970,23,31,38,IT’S ALL IN THE GAME,The Four Tops,Motown,7,31,
1970,23,32,37,BAND OF GOLD,Freda Payne,Invictus,7,32,
1970,23,33,48,MAMA TOLD ME (Not To Come),Three Dog Night,Dunhill,3,33,
1970,23,34,21,LITTLE GREEN BAG,The George Baker Selection,Colossus,12,21,
1970,23,35,30,SOOLAIMON (African Trilogy II),Neil Diamond,Uni,6,30,
1970,23,36,40,LOVE LAND,Charles Wright and the Watts 103rd Street Rhythm Band,Warner Brothers,9,36,
1970,23,37,39,"SUGAR SUGAR / COLE, COOKE AND REDDING",Wilson Pickett,Atlantic,10,37,
1970,23,38,44,GIMME DAT DING,The Pipkins,Capitol,3,38,
1970,23,39,42,"HEY, MISTER SUN",Bobby Sherman,Metromedia,4,39,
1970,23,40,43,(You’ve Got Me) DANGLING ON A STRING,The Chairmen of the Board,Invictus,6,40,
1970,23,42,36,VIVA TIRADO (Part 1),El Chicano,Kapp,9,28,
1970,23,43,32,BROTHER RAPP (Parts 1 and 2),James Brown,King,6,32,
1970,23,44,24,PUPPET MAN,The 5th Dimension,Bell,8,24,
1970,23,41,57,CHECK OUT YOUR MIND,The Impressions,Curtom,4,41,
1970,23,45,60,SPIRIT IN THE DARK,Aretha Franklin with the Dixie Flyers,Atlantic,3,45,
1970,23,46,52,BABY HOLD ON,The Grass Roots,Dunhill,5,46,
1970,23,47,51,MISSISSIPPI QUEEN,Mountain,Windfall,8,47,
1970,23,48,64,MISSISSIPPI,John Phillips,Dunhill,4,48,
1970,23,49,69,WHO’S GONNA TAKE THE BLAME,Smokey Robinson and the Miracles,Tamla,3,49,
1970,23,50,62,COME TO ME,Tommy James and the Shondells,Roulette,4,50,
1970,24,1,10,THE LONG AND WINDING ROAD / FOR YOU BLUE,The Beatles,Apple,4,1,1 week at #1
1970,24,2,2,WHICH WAY YOU GOIN’ BILLY,The Poppy Family Featuring Susan Jacks,London,12,2,
1970,24,3,1,EVERYTHING IS BEAUTIFUL,Ray Stevens,Barnaby,11,1,
1970,24,4,6,GET READY,Rare Earth,Rare Earth,14,4,
1970,24,5,3,LOVE ON A TWO-WAY STREET,The Moments,Stang,10,3,
1970,24,6,5,CECILIA,Simon and Garfunkel,Columbia,10,4,
1970,24,7,7,THE LETTER,Joe Cocker,A&M,9,7,
1970,24,8,4,UP AROUND THE BEND / RUN THROUGH THE JUNGLE,Creedence Clearwater Revival,Fantasy,8,4,
1970,24,9,9,MAKE ME SMILE,Chicago,Columbia,11,9,
1970,24,10,15,THE LOVE YOU SAVE / I FOUND THAT GIRL,Jackson 5,Motown,3,10,
1970,24,11,16,LAY DOWN (Candles In the Rain),Melanie with the Edwin Hawkins Singers,Buddah,8,11,
1970,24,12,17,RIDE CAPTAIN RIDE,Blues Image,Atco,6,12,
1970,24,13,13,DAUGHTER OF DARKNESS,Tom Jones,Parrot,7,13,
1970,24,14,25,MY BABY LOVES LOVIN’,White Plains,Deram,9,14,
1970,24,15,29,THE WONDER OF YOU / MAMA LIKED THE ROSES,Elvis Presley,RCA,5,15,
1970,24,16,22,HITCHIN’ A RIDE,Vanity Fare,Page One,13,16,
1970,24,17,18,COME SATURDAY MORNING,The Sandpipers,A&M,18,17,
1970,24,18,8,AMERICAN WOMAN / NO SUGAR TONIGHT,The Guess Who,RCA,13,1,
1970,24,19,33,MAMA TOLD ME (Not To Come),Three Dog Night,Dunhill,4,19,
1970,24,20,24,BALL OF CONFUSION (That’s What the World Is Today),The Temptations,Gordy,4,20,
1970,24,21,26,QUESTION,The Moody Blues,Threshold,7,21,
1970,24,22,23,UNITED WE STAND,The Brotherhood Of Man,Deram,9,22,
1970,24,23,21,LET IT BE,The Beatles,Apple,13,1,
1970,24,24,11,VEHICLE,The Ides Of March,Warner Brothers,12,2,
1970,24,25,14,REFLECTIONS OF MY LIFE,Marmalade,London,14,10,
1970,24,26,31,IT’S ALL IN THE GAME,The Four Tops,Motown,8,26,
1970,24,27,32,BAND OF GOLD,Freda Payne,Invictus,8,27,
1970,24,28,12,TURN BACK THE HANDS OF TIME,Tyrone Davis,Dakar,13,3,
1970,24,29,19,FOR THE LOVE OF HIM,Bobbi Martin,United Artists,14,13,
1970,24,30,20,REACH OUT AND TOUCH (Somebody’s Hand),Diana Ross,Motown,8,20,
1970,24,31,38,GIMME DAT DING,The Pipkins,Capitol,4,31,
1970,24,32,39,"HEY, MISTER SUN",Bobby Sherman,Metromedia,5,32,
1970,24,33,36,LOVE LAND,Charles Wright and the Watts 103rd Street Rhythm Band,Warner Brothers,10,33,
1970,24,34,45,SPIRIT IN THE DARK,Aretha Franklin with the Dixie Flyers,Atlantic,4,34,
1970,24,35,37,"SUGAR SUGAR / COLE, COOKE AND REDDING",Wilson Pickett,Atlantic,11,35,
1970,24,36,34,LITTLE GREEN BAG,The George Baker Selection,Colossus,13,21,
1970,24,37,47,MISSISSIPPI QUEEN,Mountain,Windfall,9,37,
1970,24,38,40,(You’ve Got Me) DANGLING ON A STRING,The Chairmen of the Board,Invictus,7,38,
1970,24,39,41,CHECK OUT YOUR MIND,The Impressions,Curtom,5,39,
1970,24,40,46,BABY HOLD ON,The Grass Roots,Dunhill,6,40,
1970,24,41,35,SOOLAIMON (African Trilogy II),Neil Diamond,Uni,7,30,
1970,24,42,48,MISSISSIPPI,John Phillips,Dunhill,5,42,
1970,24,43,52,ARE YOU READY,Pacific Gas and Electric,Columbia,3,43,
1970,24,44,57,I WANT TO TAKE YOU HIGHER,Sly and the Family Stone,Epic,11,44,
1970,24,45,43,BROTHER RAPP (Parts 1 and 2),James Brown,King,7,32,
1970,24,46,49,WHO’S GONNA TAKE THE BLAME,Smokey Robinson and the Miracles,Tamla,4,46,
1970,24,47,55,O-O-H CHILD / DEAR PRUDENCE,The Five Stairsteps,Buddah,11,47,
1970,24,48,50,COME TO ME,Tommy James and the Shondells,Roulette,5,48,
1970,24,50,62,GO BACK,Crabby Appleton,Elektra,6,50,
1970,25,1,1,THE LONG AND WINDING ROAD / FOR YOU BLUE,The Beatles,Apple,5,1,2 weeks at #1
1970,25,2,10,THE LOVE YOU SAVE / I FOUND THAT GIRL,Jackson 5,Motown,4,2,
1970,25,3,2,WHICH WAY YOU GOIN’ BILLY,The Poppy Family Featuring Susan Jacks,London,13,2,
1970,25,4,4,GET READY,Rare Earth,Rare Earth,15,4,
1970,25,5,19,MAMA TOLD ME (Not To Come),Three Dog Night,Dunhill,5,5,
1970,25,6,20,BALL OF CONFUSION (That’s What the World Is Today),The Temptations,Gordy,5,6,
1970,25,7,5,LOVE ON A TWO-WAY STREET,The Moments,Stang,11,3,
1970,25,8,7,THE LETTER,Joe Cocker,A&M,10,7,
1970,25,9,16,HITCHIN’ A RIDE,Vanity Fare,Page One,14,9,
1970,25,10,11,LAY DOWN (Candles In the Rain),Melanie with the Edwin Hawkins Singers,Buddah,9,10,
1970,25,11,12,RIDE CAPTAIN RIDE,Blues Image,Atco,7,11,
1970,25,12,3,EVERYTHING IS BEAUTIFUL,Ray Stevens,Barnaby,12,1,
1970,25,13,8,UP AROUND THE BEND / RUN THROUGH THE JUNGLE,Creedence Clearwater Revival,Fantasy,9,4,
1970,25,14,14,MY BABY LOVES LOVIN’,White Plains,Deram,10,14,
1970,25,15,15,THE WONDER OF YOU / MAMA LIKED THE ROSES,Elvis Presley,RCA,6,15,
1970,25,16,9,MAKE ME SMILE,Chicago,Columbia,12,9,
1970,25,17,27,BAND OF GOLD,Freda Payne,Invictus,9,17,
1970,25,18,22,UNITED WE STAND,The Brotherhood Of Man,Deram,10,18,
1970,25,19,18,AMERICAN WOMAN / NO SUGAR TONIGHT,The Guess Who,RCA,14,1,
1970,25,20,6,CECILIA,Simon and Garfunkel,Columbia,11,4,
1970,25,21,21,QUESTION,The Moody Blues,Threshold,8,21,
1970,25,22,13,DAUGHTER OF DARKNESS,Tom Jones,Parrot,8,13,
1970,25,23,31,GIMME DAT DING,The Pipkins,Capitol,5,23,
1970,25,24,32,"HEY, MISTER SUN",Bobby Sherman,Metromedia,6,24,
1970,25,25,26,IT’S ALL IN THE GAME,The Four Tops,Motown,9,25,
1970,25,26,34,SPIRIT IN THE DARK,Aretha Franklin with the Dixie Flyers,Atlantic,5,26,
1970,25,27,17,COME SATURDAY MORNING,The Sandpipers,A&M,19,17,
1970,25,28,35,"SUGAR SUGAR / COLE, COOKE AND REDDING",Wilson Pickett,Atlantic,12,28,
1970,25,29,37,MISSISSIPPI QUEEN,Mountain,Windfall,10,29,
1970,25,30,39,CHECK OUT YOUR MIND,The Impressions,Curtom,6,30,
1970,25,31,33,LOVE LAND,Charles Wright and the Watts 103rd Street Rhythm Band,Warner Brothers,11,31,
1970,25,32,49,A SONG OF JOY,Miguel Rios,A&M,2,32,
1970,25,33,30,REACH OUT AND TOUCH (Somebody’s Hand),Diana Ross,Motown,9,20,
1970,25,34,43,ARE YOU READY,Pacific Gas and Electric,Columbia,4,34,
1970,25,35,47,O-O-H CHILD / DEAR PRUDENCE,The Five Stairsteps,Buddah,12,35,
1970,25,36,40,BABY HOLD ON,The Grass Roots,Dunhill,7,36,
1970,25,37,54,WESTBOUND #9,The Flaming Ember,Hot Wax,5,37,
1970,25,38,56,TEACH YOUR CHILDREN,"Crosby, Stills, Nash and Young",Atlantic,3,38,
1970,25,39,44,I WANT TO TAKE YOU HIGHER,Sly and the Family Stone,Epic,12,39,
1970,25,40,42,MISSISSIPPI,John Phillips,Dunhill,6,40,
1970,25,41,25,REFLECTIONS OF MY LIFE,Marmalade,London,15,10,
1970,25,44,23,LET IT BE,The Beatles,Apple,14,1,
1970,25,45,38,(You’ve Got Me) DANGLING ON A STRING,The Chairmen of the Board,Invictus,8,38,
1970,25,42,90,SAVE THE COUNTRY,The 5th Dimension,Bell,2,42,
1970,25,43,57,I CAN’T LEAVE YOUR LOVE ALONE,Clarence Carter,Atlantic,11,43,
1970,25,46,55,DON’T IT MAKE YOU WANT TO GO HOME,Brook Benton with the Dixie Flyers,Cotillion,4,46,
1970,25,47,58,"TIGHTER, TIGHTER",Alive and Kicking,Roulette,3,47,
1970,25,48,48,COME TO ME,Tommy James and the Shondells,Roulette,6,48,
1970,25,49,50,GO BACK,Crabby Appleton,Elektra,7,49,
1970,25,50,66,AIN’T THAT LOVING YOU (For More Reasons Than One),Luther Ingram,KoKo,5,50,
1970,26,1,2,THE LOVE YOU SAVE / I FOUND THAT GIRL,Jackson 5,Motown,5,1,1 week at #1
1970,26,2,5,MAMA TOLD ME (Not To Come),Three Dog Night,Dunhill,6,2,
1970,26,3,6,BALL OF CONFUSION (That’s What the World Is Today),The Temptations,Gordy,6,3,
1970,26,4,1,THE LONG AND WINDING ROAD / FOR YOU BLUE,The Beatles,Apple,6,1,
1970,26,5,9,HITCHIN’ A RIDE,Vanity Fare,Page One,15,5,
1970,26,6,11,RIDE CAPTAIN RIDE,Blues Image,Atco,8,6,
1970,26,7,4,GET READY,Rare Earth,Rare Earth,16,4,
1970,26,8,10,LAY DOWN (Candles In the Rain),Melanie with the Edwin Hawkins Singers,Buddah,10,8,
1970,26,9,15,THE WONDER OF YOU / MAMA LIKED THE ROSES,Elvis Presley,RCA,7,9,
1970,26,10,3,WHICH WAY YOU GOIN’ BILLY,The Poppy Family Featuring Susan Jacks,London,14,2,
1970,26,11,17,BAND OF GOLD,Freda Payne,Invictus,10,11,
1970,26,12,7,LOVE ON A TWO-WAY STREET,The Moments,Stang,12,3,
1970,26,13,14,MY BABY LOVES LOVIN’,White Plains,Deram,11,13,
1970,26,14,18,UNITED WE STAND,The Brotherhood Of Man,Deram,11,14,
1970,26,15,13,UP AROUND THE BEND / RUN THROUGH THE JUNGLE,Creedence Clearwater Revival,Fantasy,10,4,
1970,26,16,8,THE LETTER,Joe Cocker,A&M,11,7,
1970,26,17,23,GIMME DAT DING,The Pipkins,Capitol,6,17,
1970,26,18,16,MAKE ME SMILE,Chicago,Columbia,13,9,
1970,26,19,12,EVERYTHING IS BEAUTIFUL,Ray Stevens,Barnaby,13,1,
1970,26,20,20,CECILIA,Simon and Garfunkel,Columbia,12,4,
1970,26,21,21,QUESTION,The Moody Blues,Threshold,9,21,
1970,26,22,32,A SONG OF JOY,Miguel Rios,A&M,3,22,
1970,26,23,26,SPIRIT IN THE DARK,Aretha Franklin with the Dixie Flyers,Atlantic,6,23,
1970,26,24,24,"HEY, MISTER SUN",Bobby Sherman,Metromedia,7,24,
1970,26,25,25,IT’S ALL IN THE GAME,The Four Tops,Motown,10,25,
1970,26,26,29,MISSISSIPPI QUEEN,Mountain,Windfall,11,26,
1970,26,27,28,"SUGAR SUGAR / COLE, COOKE AND REDDING",Wilson Pickett,Atlantic,13,27,
1970,26,28,19,AMERICAN WOMAN / NO SUGAR TONIGHT,The Guess Who,RCA,15,1,
1970,26,29,31,LOVE LAND,Charles Wright and the Watts 103rd Street Rhythm Band,Warner Brothers,12,29,
1970,26,30,30,CHECK OUT YOUR MIND,The Impressions,Curtom,7,30,
1970,26,31,34,ARE YOU READY,Pacific Gas and Electric,Columbia,5,31,
1970,26,32,35,O-O-H CHILD / DEAR PRUDENCE,The Five Stairsteps,Buddah,13,32,
1970,26,33,38,TEACH YOUR CHILDREN,"Crosby, Stills, Nash and Young",Atlantic,4,33,
1970,26,34,37,WESTBOUND #9,The Flaming Ember,Hot Wax,6,34,
1970,26,35,36,BABY HOLD ON,The Grass Roots,Dunhill,8,35,
1970,26,36,42,SAVE THE COUNTRY,The 5th Dimension,Bell,3,36,
1970,26,37,56,(They Long To Be) CLOSE TO YOU,The Carpenters,A&M,2,37,
1970,26,38,39,I WANT TO TAKE YOU HIGHER,Sly and the Family Stone,Epic,13,38,
1970,26,39,40,MISSISSIPPI,John Phillips,Dunhill,7,39,
1970,26,40,49,GO BACK,Crabby Appleton,Elektra,8,40,
1970,26,41,27,COME SATURDAY MORNING,The Sandpipers,A&M,20,17,
1970,26,42,22,DAUGHTER OF DARKNESS,Tom Jones,Parrot,9,13,
1970,26,43,43,I CAN’T LEAVE YOUR LOVE ALONE,Clarence Carter,Atlantic,12,43,
1970,26,44,47,"TIGHTER, TIGHTER",Alive and Kicking,Roulette,4,44,
1970,26,45,46,DON’T IT MAKE YOU WANT TO GO HOME,Brook Benton with the Dixie Flyers,Cotillion,5,45,
1970,26,46,50,AIN’T THAT LOVING YOU (For More Reasons Than One),Luther Ingram,KoKo,6,46,
1970,26,47,48,COME TO ME,Tommy James and the Shondells,Roulette,7,47,
1970,26,48,52,CANNED HAM,Norman Greenbaum,Reprise,3,48,
1970,26,50,45,(You’ve Got Me) DANGLING ON A STRING,The Chairmen of the Board,Invictus,9,38,
1970,27,1,1,THE LOVE YOU SAVE / I FOUND THAT GIRL,Jackson 5,Motown,6,1,2 weeks at #1
1970,27,2,2,MAMA TOLD ME (Not To Come),Three Dog Night,Dunhill,7,2,
1970,27,3,3,BALL OF CONFUSION (That’s What the World Is Today),The Temptations,Gordy,7,3,
1970,27,4,4,THE LONG AND WINDING ROAD / FOR YOU BLUE,The Beatles,Apple,7,1,
1970,27,5,5,HITCHIN’ A RIDE,Vanity Fare,Page One,16,5,
1970,27,6,6,RIDE CAPTAIN RIDE,Blues Image,Atco,9,6,
1970,27,7,11,BAND OF GOLD,Freda Payne,Invictus,11,7,
1970,27,8,8,LAY DOWN (Candles In the Rain),Melanie with the Edwin Hawkins Singers,Buddah,11,8,
1970,27,9,9,THE WONDER OF YOU / MAMA LIKED THE ROSES,Elvis Presley,RCA,8,9,
1970,27,10,7,GET READY,Rare Earth,Rare Earth,17,4,
1970,27,11,10,WHICH WAY YOU GOIN’ BILLY,The Poppy Family Featuring Susan Jacks,London,15,2,
1970,27,12,17,GIMME DAT DING,The Pipkins,Capitol,7,12,
1970,27,13,14,UNITED WE STAND,The Brotherhood Of Man,Deram,12,13,
1970,27,14,37,(They Long To Be) CLOSE TO YOU,The Carpenters,A&M,3,14,
1970,27,15,13,MY BABY LOVES LOVIN’,White Plains,Deram,12,13,
1970,27,16,12,LOVE ON A TWO-WAY STREET,The Moments,Stang,13,3,
1970,27,17,22,A SONG OF JOY,Miguel Rios,A&M,4,17,
1970,27,18,32,O-O-H CHILD / DEAR PRUDENCE,The Five Stairsteps,Buddah,14,18,
1970,27,19,29,LOVE LAND,Charles Wright and the Watts 103rd Street Rhythm Band,Warner Brothers,13,19,
1970,27,20,44,"TIGHTER, TIGHTER",Alive and Kicking,Roulette,5,20,
1970,27,21,21,QUESTION,The Moody Blues,Threshold,10,21,
1970,27,22,19,EVERYTHING IS BEAUTIFUL,Ray Stevens,Barnaby,14,1,
1970,27,23,26,MISSISSIPPI QUEEN,Mountain,Windfall,12,23,
1970,27,24,25,IT’S ALL IN THE GAME,The Four Tops,Motown,11,24,
1970,27,25,27,"SUGAR SUGAR / COLE, COOKE AND REDDING",Wilson Pickett,Atlantic,14,25,
1970,27,26,15,UP AROUND THE BEND / RUN THROUGH THE JUNGLE,Creedence Clearwater Revival,Fantasy,11,4,
1970,27,27,18,MAKE ME SMILE,Chicago,Columbia,14,9,
1970,27,28,30,CHECK OUT YOUR MIND,The Impressions,Curtom,8,28,
1970,27,29,31,ARE YOU READY,Pacific Gas and Electric,Columbia,6,29,
1970,27,30,33,TEACH YOUR CHILDREN,"Crosby, Stills, Nash and Young",Atlantic,5,30,
1970,27,31,23,SPIRIT IN THE DARK,Aretha Franklin with the Dixie Flyers,Atlantic,7,23,
1970,27,32,36,SAVE THE COUNTRY,The 5th Dimension,Bell,4,32,
1970,27,33,16,THE LETTER,Joe Cocker,A&M,12,7,
1970,27,34,34,WESTBOUND #9,The Flaming Ember,Hot Wax,7,34,
1970,27,35,20,CECILIA,Simon and Garfunkel,Columbia,13,4,
1970,27,36,39,MISSISSIPPI,John Phillips,Dunhill,8,36,
1970,27,37,40,GO BACK,Crabby Appleton,Elektra,9,37,
1970,27,38,24,"HEY, MISTER SUN",Bobby Sherman,Metromedia,8,24,
1970,27,39,49,"SIGNED, SEALED, DELIVERED I’M YOURS",Stevie Wonder,Tamla,2,39,
1970,27,40,38,I WANT TO TAKE YOU HIGHER,Sly and the Family Stone,Epic,14,38,
1970,27,41,35,BABY HOLD ON,The Grass Roots,Dunhill,9,35,
1970,27,42,43,I CAN’T LEAVE YOUR LOVE ALONE,Clarence Carter,Atlantic,13,42,
1970,27,43,51,STEAL AWAY,Johnnie Taylor,Stax,5,43,
1970,27,44,59,MAKE IT WITH YOU,Bread,Elektra,4,44,
1970,27,45,46,AIN’T THAT LOVING YOU (For More Reasons Than One),Luther Ingram,KoKo,7,45,
1970,27,46,48,CANNED HAM,Norman Greenbaum,Reprise,4,46,
1970,27,47,55,SILVER BIRD,Mark Lindsay,Columbia,4,47,
1970,27,48,63,THE END OF OUR ROAD,Marvin Gaye,Tamla,4,48,
1970,27,49,58,OHIO,"Crosby, Stills, Nash, and Young",Atlantic,2,49,
1970,27,50,62,MAYBE,The Three Degrees,Roulette,5,50,
1970,28,1,2,MAMA TOLD ME (Not To Come),Three Dog Night,Dunhill,8,1,1 week at #1
1970,28,2,1,THE LOVE YOU SAVE / I FOUND THAT GIRL,Jackson 5,Motown,7,1,
1970,28,3,3,BALL OF CONFUSION (That’s What the World Is Today),The Temptations,Gordy,8,3,
1970,28,4,6,RIDE CAPTAIN RIDE,Blues Image,Atco,10,4,
1970,28,5,7,BAND OF GOLD,Freda Payne,Invictus,12,5,
1970,28,6,8,LAY DOWN (Candles In the Rain),Melanie with the Edwin Hawkins Singers,Buddah,12,6,
1970,28,7,14,(They Long To Be) CLOSE TO YOU,The Carpenters,A&M,4,7,
1970,28,8,4,THE LONG AND WINDING ROAD / FOR YOU BLUE,The Beatles,Apple,8,1,
1970,28,9,9,THE WONDER OF YOU / MAMA LIKED THE ROSES,Elvis Presley,RCA,9,9,
1970,28,10,5,HITCHIN’ A RIDE,Vanity Fare,Page One,17,5,
1970,28,11,12,GIMME DAT DING,The Pipkins,Capitol,8,11,
1970,28,12,18,O-O-H CHILD / DEAR PRUDENCE,The Five Stairsteps,Buddah,15,12,
1970,28,13,10,GET READY,Rare Earth,Rare Earth,18,4,
1970,28,14,13,UNITED WE STAND,The Brotherhood Of Man,Deram,13,13,
1970,28,15,17,A SONG OF JOY,Miguel Rios,A&M,5,15,
1970,28,16,15,MY BABY LOVES LOVIN’,White Plains,Deram,13,13,
1970,28,17,20,"TIGHTER, TIGHTER",Alive and Kicking,Roulette,6,17,
1970,28,18,19,LOVE LAND,Charles Wright and the Watts 103rd Street Rhythm Band,Warner Brothers,14,18,
1970,28,19,29,ARE YOU READY,Pacific Gas and Electric,Columbia,7,19,
1970,28,20,44,MAKE IT WITH YOU,Bread,Elektra,5,20,
1970,28,21,23,MISSISSIPPI QUEEN,Mountain,Windfall,13,21,
1970,28,22,16,LOVE ON A TWO-WAY STREET,The Moments,Stang,14,3,
1970,28,23,11,WHICH WAY YOU GOIN’ BILLY,The Poppy Family Featuring Susan Jacks,London,16,2,
1970,28,24,30,TEACH YOUR CHILDREN,"Crosby, Stills, Nash and Young",Atlantic,6,24,
1970,28,25,25,"SUGAR SUGAR / COLE, COOKE AND REDDING",Wilson Pickett,Atlantic,15,25,
1970,28,26,39,"SIGNED, SEALED, DELIVERED I’M YOURS",Stevie Wonder,Tamla,3,26,
1970,28,27,21,QUESTION,The Moody Blues,Threshold,11,21,
1970,28,28,28,CHECK OUT YOUR MIND,The Impressions,Curtom,9,28,
1970,28,29,22,EVERYTHING IS BEAUTIFUL,Ray Stevens,Barnaby,15,1,
1970,28,30,49,OHIO,"Crosby, Stills, Nash, and Young",Atlantic,3,30,
1970,28,31,32,SAVE THE COUNTRY,The 5th Dimension,Bell,5,31,
1970,28,32,24,IT’S ALL IN THE GAME,The Four Tops,Motown,12,24,
1970,28,33,34,WESTBOUND #9,The Flaming Ember,Hot Wax,8,33,
1970,28,34,36,MISSISSIPPI,John Phillips,Dunhill,9,34,
1970,28,35,31,SPIRIT IN THE DARK,Aretha Franklin with the Dixie Flyers,Atlantic,8,23,
1970,28,36,53,I JUST CAN’T HELP BELIEVING,B.J. Thomas,Scepter,4,36,
1970,28,37,37,GO BACK,Crabby Appleton,Elektra,10,37,
1970,28,38,60,SPILL THE WINE,Eric Burdon and War,MGM,8,38,
1970,28,39,47,SILVER BIRD,Mark Lindsay,Columbia,5,39,
1970,28,40,48,THE END OF OUR ROAD,Marvin Gaye,Tamla,5,40,
1970,28,41,38,"HEY, MISTER SUN",Bobby Sherman,Metromedia,9,24,
1970,28,45,40,I WANT TO TAKE YOU HIGHER,Sly and the Family Stone,Epic,15,38,
1970,28,42,57,TRYING TO MAKE A FOOL OF ME,The Delfonics,Philly Groove,6,42,
1970,28,43,43,STEAL AWAY,Johnnie Taylor,Stax,6,43,
1970,28,44,50,MAYBE,The Three Degrees,Roulette,6,44,
1970,28,46,46,CANNED HAM,Norman Greenbaum,Reprise,5,46,
1970,28,47,51,FREEDOM BLUES,Little Richard,Reprise,8,47,
1970,28,48,55,LAY A LITTLE LOVIN’ ON ME,Robin McNamara,Steed,7,48,
1970,28,49,69,(If You Let Me Make Love To You Then) WHY CAN’T I TOUCH YOU,Ronnie Dyson,Columbia,4,49,
1970,28,50,45,AIN’T THAT LOVING YOU (For More Reasons Than One),Luther Ingram,KoKo,8,45,
1970,29,1,1,MAMA TOLD ME (Not To Come),Three Dog Night,Dunhill,9,1,2 weeks at #1
1970,29,2,2,THE LOVE YOU SAVE / I FOUND THAT GIRL,Jackson 5,Motown,8,1,
1970,29,3,7,(They Long To Be) CLOSE TO YOU,The Carpenters,A&M,5,3,
1970,29,4,5,BAND OF GOLD,Freda Payne,Invictus,13,4,
1970,29,5,3,BALL OF CONFUSION (That’s What the World Is Today),The Temptations,Gordy,9,3,
1970,29,6,4,RIDE CAPTAIN RIDE,Blues Image,Atco,11,4,
1970,29,7,6,LAY DOWN (Candles In the Rain),Melanie with the Edwin Hawkins Singers,Buddah,13,6,
1970,29,8,12,O-O-H CHILD / DEAR PRUDENCE,The Five Stairsteps,Buddah,16,8,
1970,29,9,11,GIMME DAT DING,The Pipkins,Capitol,9,9,
1970,29,10,20,MAKE IT WITH YOU,Bread,Elektra,6,10,
1970,29,11,10,HITCHIN’ A RIDE,Vanity Fare,Page One,18,5,
1970,29,12,17,"TIGHTER, TIGHTER",Alive and Kicking,Roulette,7,12,
1970,29,13,9,THE WONDER OF YOU / MAMA LIKED THE ROSES,Elvis Presley,RCA,10,9,
1970,29,14,15,A SONG OF JOY,Miguel Rios,A&M,6,14,
1970,29,15,19,ARE YOU READY,Pacific Gas and Electric,Columbia,8,15,
1970,29,16,18,LOVE LAND,Charles Wright and the Watts 103rd Street Rhythm Band,Warner Brothers,15,16,
1970,29,17,13,GET READY,Rare Earth,Rare Earth,19,4,
1970,29,18,26,"SIGNED, SEALED, DELIVERED I’M YOURS",Stevie Wonder,Tamla,4,18,
1970,29,19,16,MY BABY LOVES LOVIN’,White Plains,Deram,14,13,
1970,29,20,8,THE LONG AND WINDING ROAD / FOR YOU BLUE,The Beatles,Apple,9,1,
1970,29,21,14,UNITED WE STAND,The Brotherhood Of Man,Deram,14,13,
1970,29,22,24,TEACH YOUR CHILDREN,"Crosby, Stills, Nash and Young",Atlantic,7,22,
1970,29,23,22,LOVE ON A TWO-WAY STREET,The Moments,Stang,15,3,
1970,29,24,38,SPILL THE WINE,Eric Burdon and War,MGM,9,24,
1970,29,25,21,MISSISSIPPI QUEEN,Mountain,Windfall,14,21,
1970,29,26,30,OHIO,"Crosby, Stills, Nash, and Young",Atlantic,3,26,
1970,29,27,31,SAVE THE COUNTRY,The 5th Dimension,Bell,6,27,
1970,29,28,28,CHECK OUT YOUR MIND,The Impressions,Curtom,10,28,
1970,29,29,39,SILVER BIRD,Mark Lindsay,Columbia,6,29,
1970,29,30,36,I JUST CAN’T HELP BELIEVING,B.J. Thomas,Scepter,5,30,
1970,29,31,33,WESTBOUND #9,The Flaming Ember,Hot Wax,9,31,
1970,29,32,34,MISSISSIPPI,John Phillips,Dunhill,10,32,
1970,29,33,23,WHICH WAY YOU GOIN’ BILLY,The Poppy Family Featuring Susan Jacks,London,17,2,
1970,29,34,27,QUESTION,The Moody Blues,Threshold,12,21,
1970,29,35,32,IT’S ALL IN THE GAME,The Four Tops,Motown,13,24,
1970,29,36,37,GO BACK,Crabby Appleton,Elektra,11,36,
1970,29,37,48,LAY A LITTLE LOVIN’ ON ME,Robin McNamara,Steed,8,37,
1970,29,38,43,STEAL AWAY,Johnnie Taylor,Stax,7,38,
1970,29,39,25,"SUGAR SUGAR / COLE, COOKE AND REDDING",Wilson Pickett,Atlantic,16,25,
1970,29,40,40,THE END OF OUR ROAD,Marvin Gaye,Tamla,6,40,
1970,29,41,49,(If You Let Me Make Love To You Then) WHY CAN’T I TOUCH YOU,Ronnie Dyson,Columbia,5,41,
1970,29,42,42,TRYING TO MAKE A FOOL OF ME,The Delfonics,Philly Groove,7,42,
1970,29,43,44,MAYBE,The Three Degrees,Roulette,7,43,
1970,29,44,72,WAR,Edwin Starr,Gordy,2,44,
1970,29,45,56,"THE SLY, SLICK, AND THE WICKED",The Lost Generation,Brunswick,7,45,
1970,29,46,55,WHEN WE GET MARRIED,The Intruders,Gamble,5,46,
1970,29,47,57,MY MARIE,Engelbert Humperdinck,Parrot,4,47,
1970,29,48,54,(How Bout a Little Hand For) THE BOYS IN THE BAND,The Boys In the Band,Spring,7,48,
1970,29,49,45,I WANT TO TAKE YOU HIGHER,Sly and the Family Stone,Epic,16,38,
1970,29,50,50,AIN’T THAT LOVING YOU (For More Reasons Than One),Luther Ingram,KoKo,9,45,
1970,30,1,3,(They Long To Be) CLOSE TO YOU,The Carpenters,A&M,6,1,1 week at #1
1970,30,2,1,MAMA TOLD ME (Not To Come),Three Dog Night,Dunhill,10,1,
1970,30,3,4,BAND OF GOLD,Freda Payne,Invictus,14,3,
1970,30,4,2,THE LOVE YOU SAVE / I FOUND THAT GIRL,Jackson 5,Motown,9,1,
1970,30,5,10,MAKE IT WITH YOU,Bread,Elektra,7,5,
1970,30,6,5,BALL OF CONFUSION (That’s What the World Is Today),The Temptations,Gordy,10,3,
1970,30,7,6,RIDE CAPTAIN RIDE,Blues Image,Atco,12,4,
1970,30,8,8,O-O-H CHILD / DEAR PRUDENCE,The Five Stairsteps,Buddah,17,8,
1970,30,9,18,"SIGNED, SEALED, DELIVERED I’M YOURS",Stevie Wonder,Tamla,5,9,
1970,30,10,7,LAY DOWN (Candles In the Rain),Melanie with the Edwin Hawkins Singers,Buddah,14,6,
1970,30,11,12,"TIGHTER, TIGHTER",Alive and Kicking,Roulette,8,11,
1970,30,12,11,HITCHIN’ A RIDE,Vanity Fare,Page One,19,5,
1970,30,13,9,GIMME DAT DING,The Pipkins,Capitol,10,9,
1970,30,14,24,SPILL THE WINE,Eric Burdon and War,MGM,10,14,
1970,30,15,15,ARE YOU READY,Pacific Gas and Electric,Columbia,9,15,
1970,30,16,22,TEACH YOUR CHILDREN,"Crosby, Stills, Nash, and Young",Atlantic,8,16,
1970,30,17,13,THE WONDER OF YOU / MAMA LIKED THE ROSES,Elvis Presley,RCA,11,9,
1970,30,18,26,OHIO,"Crosby, Stills, Nash, and Young",Atlantic,5,18,
1970,30,19,14,A SONG OF JOY,Miguel Rios,A&M,7,14,
1970,30,20,30,I JUST CAN’T HELP BELIEVING,B.J. Thomas,Scepter,6,20,
1970,30,21,20,THE LONG AND WINDING ROAD / FOR YOU BLUE,The Beatles,Apple,10,1,
1970,30,22,19,MY BABY LOVES LOVIN’,White Plains,Deram,15,13,
1970,30,23,17,GET READY,Rare Earth,Rare Earth,20,4,
1970,30,24,37,LAY A LITTLE LOVIN’ ON ME,Robin McNamara,Steed,9,24,
1970,30,25,44,WAR,Edwin Starr,Gordy,3,25,
1970,30,26,41,(If You Let Me Make Love To You Then) WHY CAN’T I TOUCH YOU,Ronnie Dyson,Columbia,6,26,
1970,30,27,27,SAVE THE COUNTRY,The 5th Dimension,Bell,7,27,
1970,30,28,29,SILVER BIRD,Mark Lindsay,Columbia,7,28,
1970,30,29,25,MISSISSIPPI QUEEN,Mountain,Windfall,15,21,
1970,30,30,31,WESTBOUND #9,The Flaming Ember,Hot Wax,10,30,
1970,30,31,16,LOVE LAND,Charles Wright and the Watts 103rd Street Rhythm Band,Warner Brothers,16,16,
1970,30,32,68,IN THE SUMMERTIME,Mungo Jerry,Janus,3,32,
1970,30,33,21,UNITED WE STAND,The Brotherhood Of Man,Deram,15,13,
1970,30,34,28,CHECK OUT YOUR MIND,The Impressions,Curtom,11,28,
1970,30,35,32,MISSISSIPPI,John Phillips,Dunhill,11,32,
1970,30,36,36,GO BACK,Crabby Appleton,Elektra,12,36,
1970,30,37,38,STEAL AWAY,Johnnie Taylor,Stax,8,37,
1970,30,38,43,MAYBE,The Three Degrees,Roulette,8,38,
1970,30,39,59,TELL IT ALL BROTHER,Kenny Rogers and the First Edition,Reprise,4,39,
1970,30,40,42,TRYING TO MAKE A FOOL OF ME,The Delfonics,Philly Groove,8,40,
1970,30,42,40,END OF OUR ROAD,Marvin Gaye,Tamla,7,40,
1970,30,41,61,OVERTURE FROM TOMMY (A Rock Opera),The Assembled Multitude,Atlantic,5,41,
1970,30,43,74,EVERYBODY’S GOT THE RIGHT TO LOVE,The Supremes,Motown,2,43,
1970,30,44,45,"THE SLY, SLICK, AND THE WICKED",The Lost Generation,Brunswick,8,44,
1970,30,45,46,WHEN WE GET MARRIED,The Intruders,Gamble,6,45,
1970,30,46,47,MY MARIE,Engelbert Humperdinck,Parrot,5,46,
1970,30,47,69,SUMMERTIME BLUES,The Who,Decca,3,47,
1970,30,48,48,(How Bout a Little Hand For) THE BOYS IN THE BAND,The Boys In the Band,Spring,8,48,
1970,30,49,65,PAPER MACHE,Dionne Warwick,Scepter,3,49,
1970,31,1,1,(They Long To Be) CLOSE TO YOU,The Carpenters,A&M,7,1,2 weeks at #1
1970,31,2,5,MAKE IT WITH YOU,Bread,Elektra,8,2,
1970,31,3,2,MAMA TOLD ME (Not To Come),Three Dog Night,Dunhill,11,1,
1970,31,4,3,BAND OF GOLD,Freda Payne,Invictus,15,3,
1970,31,5,9,"SIGNED, SEALED, DELIVERED I’M YOURS",Stevie Wonder,Tamla,6,5,
1970,31,6,4,THE LOVE YOU SAVE / I FOUND THAT GIRL,Jackson 5,Motown,10,1,
1970,31,7,14,SPILL THE WINE,Eric Burdon and War,MGM,11,7,
1970,31,8,6,BALL OF CONFUSION (That’s What the World Is Today),The Temptations,Gordy,11,3,
1970,31,9,11,"TIGHTER, TIGHTER",Alive and Kicking,Roulette,9,9,
1970,31,10,8,O-O-H CHILD / DEAR PRUDENCE,The Five Stairsteps,Buddah,18,8,
1970,31,11,7,RIDE CAPTAIN RIDE,Blues Image,Atco,13,4,
1970,31,12,25,WAR,Edwin Starr,Gordy,4,12,
1970,31,13,12,HITCHIN’ A RIDE,Vanity Fare,Page One,20,5,
1970,31,14,15,ARE YOU READY,Pacific Gas and Electric,Columbia,10,14,
1970,31,15,10,LAY DOWN (Candles In the Rain),Melanie with the Edwin Hawkins Singers,Buddah,15,6,
1970,31,16,16,TEACH YOUR CHILDREN,"Crosby, Stills, Nash, and Young",Atlantic,9,16,
1970,31,17,18,OHIO,"Crosby, Stills, Nash, and Young",Atlantic,6,17,
1970,31,18,20,I JUST CAN’T HELP BELIEVING,B.J. Thomas,Scepter,7,18,
1970,31,19,24,LAY A LITTLE LOVIN’ ON ME,Robin McNamara,Steed,10,19,
1970,31,20,19,A SONG OF JOY,Miguel Rios,A&M,8,14,
1970,31,21,26,(If You Let Me Make Love To You Then) WHY CAN’T I TOUCH YOU,Ronnie Dyson,Columbia,7,21,
1970,31,22,32,IN THE SUMMERTIME,Mungo Jerry,Janus,4,22,
1970,31,23,13,GIMME DAT DING,The Pipkins,Capitol,11,9,
1970,31,24,17,THE WONDER OF YOU / MAMA LIKED THE ROSES,Elvis Presley,RCA,12,9,
1970,31,25,28,SILVER BIRD,Mark Lindsay,Columbia,8,25,
1970,31,26,30,WESTBOUND #9,Flaming Ember,Hot Wax,11,26,
1970,31,27,39,TELL IT ALL BROTHER,Kenny Rogers and the First Edition,Reprise,5,27,
1970,31,28,41,OVERTURE FROM TOMMY (A Rock Opera),The Assembled Multitude,Atlantic,6,28,
1970,31,29,60,PATCHES,Clarence Carter,Atlantic,3,29,
1970,31,30,57,GET UP I FEEL LIKE BEING LIKE A SEX MACHINE (Parts 1 and 2),James Brown,King,3,30,
1970,31,31,29,MISSISSIPPI QUEEN,Mountain,Windfall,16,21,
1970,31,32,31,LOVE LAND,Charles Wright and the Watts 103rd Street Rhythm Band,Warner Brothers,17,16,
1970,31,33,47,SUMMERTIME BLUES,The Who,Decca,4,33,
1970,31,34,44,"THE SLY, SLICK, AND THE WICKED",The Lost Generation,Brunswick,9,34,
1970,31,35,38,MAYBE,The Three Degrees,Roulette,9,35,
1970,31,36,35,MISSISSIPPI,John Phillips,Dunhill,12,32,
1970,31,37,43,EVERYBODY’S GOT THE RIGHT TO LOVE,The Supremes,Motown,3,37,
1970,31,38,50,25 OR 6 TO 4,Chicago,Columbia,2,38,
1970,31,39,56,DO YOU SEE MY LOVE (For You Growing),Jr. Walker and the All Stars,Soul,4,39,
1970,31,40,34,CHECK OUT YOUR MIND,The Impressions,Curtom,12,28,
1970,31,41,27,SAVE THE COUNTRY,The 5th Dimension,Bell,8,27,
1970,31,44,36,GO BACK,Crabby Appleton,Elektra,13,36,
1970,31,46,37,STEAL AWAY,Johnnie Taylor,Stax,9,37,
1970,31,58,40,TRYING TO MAKE A FOOL OF ME,The Delfonics,Philly Groove,9,40,
1970,31,42,51,BIG YELLOW TAXI,The Neighborhood,Big Tree,6,42,
1970,31,43,46,MY MARIE,Engelbert Humperdinck,Parrot,6,43,
1970,31,45,49,PAPER MACHE,Dionne Warwick,Scepter,4,45,
1970,31,47,52,I WANT TO TAKE YOU HIGHER,Ike and Tina Turner and the Ikettes,Liberty,11,47,
1970,31,48,48,(How Bout A Little Hand For) THE BOYS IN THE BAND,The Boys In the Band,Spring,9,48,
1970,31,49,69,HAND ME DOWN WORLD,The Guess Who,RCA,3,49,
1970,31,50,53,PEARL,Tommy Roe,ABC,7,50,
1970,32,1,1,(They Long To Be) CLOSE TO YOU,The Carpenters,A&M,8,1,3 weeks at #1
1970,32,2,2,MAKE IT WITH YOU,Bread,Elektra,9,2,
1970,32,3,5,"SIGNED, SEALED, DELIVERED I’M YOURS",Stevie Wonder,Tamla,7,3,
1970,32,4,7,SPILL THE WINE,Eric Burdon and War,MGM,12,4,
1970,32,5,4,BAND OF GOLD,Freda Payne,Invictus,16,3,
1970,32,6,3,MAMA TOLD ME (Not To Come),Three Dog Night,Dunhill,12,1,
1970,32,7,9,"TIGHTER, TIGHTER",Alive and Kicking,Roulette,10,7,
1970,32,8,6,THE LOVE YOU SAVE / I FOUND THAT GIRL,Jackson 5,Motown,11,1,
1970,32,9,8,BALL OF CONFUSION (That’s What the World Is Today),The Temptations,Gordy,12,3,
1970,32,10,10,O-O-H CHILD / DEAR PRUDENCE,The Five Stairsteps,Buddah,19,8,
1970,32,11,12,WAR,Edwin Starr,Gordy,5,11,
1970,32,12,22,IN THE SUMMERTIME,Mungo Jerry,Janus,5,12,
1970,32,13,18,I JUST CAN’T HELP BELIEVING,B.J. Thomas,Scepter,8,13,
1970,32,14,17,OHIO,"Crosby, Stills, Nash, and Young",Atlantic,7,14,
1970,32,15,30,GET UP I FEEL LIKE BEING LIKE A SEX MACHINE (Parts 1 and 2),James Brown,King,4,15,
1970,32,16,21,(If You Let Me Make Love To You Then) WHY CAN’T I TOUCH YOU,Ronnie Dyson,Columbia,8,16,
1970,32,17,19,LAY A LITTLE LOVIN’ ON ME,Robin McNamara,Steed,11,17,
1970,32,18,14,ARE YOU READY,Pacific Gas and Electric,Columbia,11,14,
1970,32,19,13,HITCHIN’ A RIDE,Vanity Fare,Page One,21,5,
1970,32,20,15,LAY DOWN (Candles In the Rain),Melanie with the Edwin Hawkins Singers,Buddah,16,6,
1970,32,21,16,TEACH YOUR CHILDREN,"Crosby, Stills, Nash, and Young",Atlantic,10,16,
1970,32,22,27,TELL IT ALL BROTHER,Kenny Rogers and the First Edition,Reprise,6,22,
1970,32,23,29,PATCHES,Clarence Carter,Atlantic,4,23,
1970,32,24,26,WESTBOUND #9,The Flaming Ember,Hot Wax,12,24,
1970,32,25,28,OVERTURE FROM TOMMY (A Rock Opera),The Assembled Multitude,Atlantic,7,25,
1970,32,26,11,RIDE CAPTAIN RIDE,Blues Image,Atco,14,4,
1970,32,27,38,25 OR 6 TO 4,Chicago,Columbia,3,27,
1970,32,28,33,SUMMERTIME BLUES,The Who,Decca,5,28,
1970,32,29,35,MAYBE,The Three Degrees,Roulette,10,29,
1970,32,30,42,BIG YELLOW TAXI,The Neighborhood,Big Tree,7,30,
1970,32,31,34,"THE SLY, SLICK, AND THE WICKED",The Lost Generation,Brunswick,10,31,
1970,32,32,37,EVERYBODY’S GOT THE RIGHT TO LOVE,The Supremes,Motown,4,32,
1970,32,33,25,SILVER BIRD,Mark Lindsay,Columbia,9,25,
1970,32,34,31,MISSISSIPPI QUEEN,Mountain,Windfall,17,21,
1970,32,35,49,HAND ME DOWN WORLD,The Guess Who,RCA,4,35,
1970,32,36,39,DO YOU SEE MY LOVE (For You Growing),Jr. Walker and the All Stars,Soul,5,36,
1970,32,37,20,A SONG OF JOY,Miguel Rios,A&M,9,14,
1970,32,38,47,I WANT TO TAKE YOU HIGHER,Ike and Tina Turner and the Ikettes,Liberty,12,38,
1970,32,39,23,GIMME DAT DING,The Pipkins,Capitol,12,9,
1970,32,40,62,GROOVY SITUATION,Gene Chandler,Mercury,5,40,
1970,32,41,72,HI-DE-HO,"Blood, Sweat and Tears",Columbia,2,41,
1970,32,42,59,WIGWAM,Bob Dylan,Columbia,3,42,
1970,32,43,45,PAPER MACHE,Dionne Warwick,Scepter,5,43,
1970,32,44,60,SOLITARY MAN,Neil Diamond,Bang,15,44,
1970,32,45,69,SNOWBIRD,Anne Murray,Capitol,4,45,
1970,32,47,85,I’VE LOST YOU / THE NEXT STEP IS LOVE,Elvis Presley,RCA,2,47,
1970,32,48,51,"AMERICA, COMMUNICATE WITH ME",Ray Stevens,Barnaby,3,48,
1970,32,49,71,"JULIE, DO YA LOVE ME",Bobby Sherman,Metromedia,2,49,
1970,32,50,50,PEARL,Tommy Roe,ABC,8,50,
1970,33,1,1,(They Long To Be) CLOSE TO YOU,The Carpenters,A&M,9,1,4 weeks at #1
1970,33,2,2,MAKE IT WITH YOU,Bread,Elektra,10,2,
1970,33,3,3,"SIGNED, SEALED, DELIVERED I’M YOURS",Stevie Wonder,Tamla,8,3,
1970,33,4,4,SPILL THE WINE,Eric Burdon and War,MGM,13,4,
1970,33,5,12,IN THE SUMMERTIME,Mungo Jerry,Janus,6,5,
1970,33,6,11,WAR,Edwin Starr,Gordy,6,6,
1970,33,7,5,BAND OF GOLD,Freda Payne,Invictus,17,3,
1970,33,8,6,MAMA TOLD ME (Not To Come),Three Dog Night,Dunhill,13,1,
1970,33,9,7,"TIGHTER, TIGHTER",Alive and Kicking,Roulette,11,7,
1970,33,10,9,BALL OF CONFUSION (That’s What the World Is Today),The Temptations,Gordy,13,3,
1970,33,11,10,O-O-H CHILD / DEAR PRUDENCE,The Five Stairsteps,Buddah,20,8,
1970,33,12,13,I JUST CAN’T HELP BELIEVING,B.J. Thomas,Scepter,9,12,
1970,33,13,17,LAY A LITTLE LOVIN’ ON ME,Robin McNamara,Steed,12,13,
1970,33,14,16,(If You Let Me Make Love To You Then) WHY CAN’T I TOUCH YOU,Ronnie Dyson,Columbia,9,14,
1970,33,15,15,GET UP I FEEL LIKE BEING LIKE A SEX MACHINE (Parts 1 and 2),James Brown,King,5,15,
1970,33,16,23,PATCHES,Clarence Carter,Atlantic,5,16,
1970,33,17,8,THE LOVE YOU SAVE / I FOUND THAT GIRL,Jackson 5,Motown,12,1,
1970,33,18,27,25 OR 6 TO 4,Chicago,Columbia,4,18,
1970,33,19,25,OVERTURE FROM TOMMY (A Rock Opera),The Assembled Multitude,Atlantic,8,19,
1970,33,20,22,TELL IT ALL BROTHER,Kenny Rogers and the First Edition,Reprise,7,20,
1970,33,21,14,OHIO,"Crosby, Stills, Nash, and Young",Atlantic,8,14,
1970,33,22,18,ARE YOU READY,Pacific Gas and Electric,Columbia,12,14,
1970,33,23,56,LOOKIN’ OUT MY BACK DOOR / LONG AS I CAN SEE THE LIGHT,Creedence Clearwater Revival,Fantasy,2,23,
1970,33,24,24,WESTBOUND #9,The Flaming Ember,Hot Wax,13,24,
1970,33,25,41,HI-DE-HO,"Blood, Sweat and Tears",Columbia,3,25,
1970,33,26,46,AIN’T NO MOUNTAIN HIGH ENOUGH,Diana Ross,Motown,2,26,
1970,33,27,28,SUMMERTIME BLUES,The Who,Decca,6,27,
1970,33,28,32,EVERYBODY’S GOT THE RIGHT TO LOVE,The Supremes,Motown,5,28,
1970,33,29,35,HAND ME DOWN WORLD,The Guess Who,RCA,5,29,
1970,33,30,30,BIG YELLOW TAXI,The Neighborhood,Big Tree,8,30,
1970,33,31,31,"THE SLY, SLICK, AND THE WICKED",The Lost Generation,Brunswick,11,31,
1970,33,32,20,LAY DOWN (Candles In the Rain),Melanie with the Edwin Hawkins Singers,Buddah,17,6,
1970,33,33,21,TEACH YOUR CHILDREN,"Crosby, Stills, Nash, and Young",Atlantic,11,16,
1970,33,34,44,SOLITARY MAN,Neil Diamond,Bang,16,34,
1970,33,35,36,DO YOU SEE MY LOVE (For You Growing),Jr. Walker and the All Stars,Soul,6,35,
1970,33,36,40,GROOVY SITUATION,Gene Chandler,Mercury,6,36,
1970,33,37,38,I WANT TO TAKE YOU HIGHER,Ike and Tina Turner and the Ikettes,Liberty,13,37,
1970,33,38,49,"JULIE, DO YA LOVE ME",Bobby Sherman,Metromedia,3,38,
1970,33,39,19,HITCHIN’ A RIDE,Vanity Fare,Page One,22,5,
1970,33,40,29,MAYBE,The Three Degrees,Roulette,11,29,
1970,33,43,26,RIDE CAPTAIN RIDE,Blues Image,Atco,15,4,
1970,33,45,33,SILVER BIRD,Mark Lindsay,Columbia,10,25,
1970,33,41,42,WIGWAM,Bob Dylan,Columbia,4,41,
1970,33,42,45,SNOWBIRD,Anne Murray,Capitol,5,42,
1970,33,44,47,I’VE LOST YOU / THE NEXT STEP IS LOVE,Elvis Presley,RCA,3,44,
1970,33,46,48,"AMERICA, COMMUNICATE WITH ME",Ray Stevens,Barnaby,4,46,
1970,33,47,58,(I Know) I’M LOSING YOU,Rare Earth,Rare Earth,3,47,
1970,33,48,59,DON’T PLAY THAT SONG (You Lied),Aretha Franklin with the Dixie Flyers,Atlantic,2,48,
1970,33,49,43,PAPER MACHE,Dionne Warwick,Scepter,6,43,
1970,33,50,70,CANDIDA,Dawn,Bell,4,50,
1970,34,1,2,MAKE IT WITH YOU,Bread,Elektra,11,1,1 week at #1
1970,34,2,1,(They Long To Be) CLOSE TO YOU,The Carpenters,A&M,10,1,
1970,34,3,4,SPILL THE WINE,Eric Burdon and War,MGM,14,3,
1970,34,4,6,WAR,Edwin Starr,Gordy,7,4,
1970,34,5,5,IN THE SUMMERTIME,Mungo Jerry,Janus,7,5,
1970,34,6,3,"SIGNED, SEALED, DELIVERED I’M YOURS",Stevie Wonder,Tamla,9,3,
1970,34,7,16,PATCHES,Clarence Carter,Atlantic,6,7,
1970,34,8,7,BAND OF GOLD,Freda Payne,Invictus,18,3,
1970,34,9,12,I JUST CAN’T HELP BELIEVING,B.J. Thomas,Scepter,10,9,
1970,34,10,9,"TIGHTER, TIGHTER",Alive and Kicking,Roulette,12,7,
1970,34,11,13,LAY A LITTLE LOVIN’ ON ME,Robin McNamara,Steed,13,11,
1970,34,12,14,(If You Let Me Make Love To You Then) WHY CAN’T I TOUCH YOU,Ronnie Dyson,Columbia,10,12,
1970,34,13,18,25 OR 6 TO 4,Chicago,Columbia,5,13,
1970,34,14,10,BALL OF CONFUSION (That’s What the World Is Today),The Temptations,Gordy,14,3,
1970,34,15,8,MAMA TOLD ME (Not To Come),Three Dog Night,Dunhill,14,1,
1970,34,16,11,O-O-H CHILD / DEAR PRUDENCE,The Five Stairsteps,Buddah,21,8,
1970,34,17,26,AIN’T NO MOUNTAIN HIGH ENOUGH,Diana Ross,Motown,3,17,
1970,34,18,19,OVERTURE FROM TOMMY (A Rock Opera),The Assembled Multitude,Atlantic,9,18,
1970,34,19,20,TELL IT ALL BROTHER,Kenny Rogers and the First Edition,Reprise,8,19,
1970,34,20,23,LOOKIN’ OUT MY BACK DOOR / LONG AS I CAN SEE THE LIGHT,Creedence Clearwater Revival,Fantasy,3,20,
1970,34,21,15,GET UP I FEEL LIKE BEING LIKE A SEX MACHINE (Parts 1 and 2),James Brown,King,6,15,
1970,34,22,25,HI-DE-HO,"Blood, Sweat and Tears",Columbia,4,22,
1970,34,23,48,DON’T PLAY THAT SONG (You Lied),Aretha Franklin with the Dixie Flyers,Atlantic,3,23,
1970,34,24,21,OHIO,"Crosby, Stills, Nash, and Young",Atlantic,9,14,
1970,34,25,28,EVERYBODY’S GOT THE RIGHT TO LOVE,The Supremes,Motown,6,25,
1970,34,26,29,HAND ME DOWN WORLD,The Guess Who,RCA,6,26,
1970,34,27,27,SUMMERTIME BLUES,The Who,Decca,7,27,
1970,34,28,34,SOLITARY MAN,Neil Diamond,Bang,17,28,
1970,34,29,30,BIG YELLOW TAXI,The Neighborhood,Big Tree,9,29,
1970,34,30,31,"THE SLY, SLICK, AND THE WICKED",The Lost Generation,Brunswick,12,30,
1970,34,31,17,THE LOVE YOU SAVE / I FOUND THAT GIRL,Jackson 5,Motown,13,1,
1970,34,32,35,DO YOU SEE MY LOVE (For You Growing),Jr. Walker and the All Stars,Soul,7,32,
1970,34,33,38,"JULIE, DO YA LOVE ME",Bobby Sherman,Metromedia,4,33,
1970,34,34,36,GROOVY SITUATION,Gene Chandler,Mercury,7,34,
1970,34,35,37,I WANT TO TAKE YOU HIGHER,Ike and Tina Turner and the Ikettes,Liberty,14,35,
1970,34,36,44,I’VE LOST YOU / THE NEXT STEP IS LOVE,Elvis Presley,RCA,4,36,
1970,34,37,47,(I Know) I’M LOSING YOU,Rare Earth,Rare Earth,4,37,
1970,34,38,42,SNOWBIRD,Anne Murray,Capitol,6,38,
1970,34,39,24,WESTBOUND #9,The Flaming Ember,Hot Wax,14,24,
1970,34,40,53,IT’S A SHAME,The Spinners,V.I.P.,5,40,
1970,34,43,40,MAYBE,The Three Degrees,Roulette,12,29,
1970,34,41,41,WIGWAM,Bob Dylan,Columbia,5,41,
1970,34,42,50,CANDIDA,Dawn,Bell,5,42,
1970,34,44,59,RUBBER DUCKIE,Ernie (Jim Henson),Columbia,2,44,
1970,34,45,46,"AMERICA, COMMUNICATE WITH ME",Ray Stevens,Barnaby,5,45,
1970,34,47,58,ONLY YOU KNOW AND I KNOW,Dave Mason,Blue Thumb,4,47,
1970,34,48,56,HUMMINGBIRD,B.B. King,ABC,5,48,
1970,34,49,51,STEALING IN THE NAME OF THE LORD,Paul Kelly,Happy Tiger,8,49,
1970,34,50,49,PAPER MACHE,Dionne Warwick,Scepter,7,43,
1970,35,1,4,WAR,Edwin Starr,Gordy,8,1,1 week at #1
1970,35,2,1,MAKE IT WITH YOU,Bread,Elektra,12,1,
1970,35,3,2,(They Long To Be) CLOSE TO YOU,The Carpenters,A&M,11,1,
1970,35,4,5,IN THE SUMMERTIME,Mungo Jerry,Janus,8,4,
1970,35,5,3,SPILL THE WINE,Eric Burdon and War,MGM,15,3,
1970,35,6,6,"SIGNED, SEALED, DELIVERED I’M YOURS",Stevie Wonder,Tamla,10,3,
1970,35,7,7,PATCHES,Clarence Carter,Atlantic,7,7,
1970,35,8,12,(If You Let Me Make Love To You Then) WHY CAN’T I TOUCH YOU,Ronnie Dyson,Columbia,11,8,
1970,35,9,17,AIN’T NO MOUNTAIN HIGH ENOUGH,Diana Ross,Motown,4,9,
1970,35,10,13,25 OR 6 TO 4,Chicago,Columbia,6,10,
1970,35,11,9,I JUST CAN’T HELP BELIEVING,B.J. Thomas,Scepter,11,9,
1970,35,12,20,LOOKIN’ OUT MY BACK DOOR / LONG AS I CAN SEE THE LIGHT,Creedence Clearwater Revival,Fantasy,4,12,
1970,35,13,8,BAND OF GOLD,Freda Payne,Invictus,19,3,
1970,35,14,22,HI-DE-HO,"Blood, Sweat and Tears",Columbia,5,14,
1970,35,15,10,"TIGHTER, TIGHTER",Alive and Kicking,Roulette,13,7,
1970,35,16,18,OVERTURE FROM TOMMY (A Rock Opera),The Assembled Multitude,Atlantic,10,16,
1970,35,17,19,TELL IT ALL BROTHER,Kenny Rogers and the First Edition,Reprise,9,17,
1970,35,18,11,LAY A LITTLE LOVIN’ ON ME,Robin McNamara,Steed,14,11,
1970,35,19,26,HAND ME DOWN WORLD,The Guess Who,RCA,7,19,
1970,35,20,33,"JULIE, DO YA LOVE ME",Bobby Sherman,Metromedia,5,20,
1970,35,21,23,DON’T PLAY THAT SONG (You Lied),Aretha Franklin with the Dixie Flyers,Atlantic,4,21,
1970,35,22,21,GET UP I FEEL LIKE BEING LIKE A SEX MACHINE (Parts 1 and 2),James Brown,King,7,15,
1970,35,23,25,EVERYBODY’S GOT THE RIGHT TO LOVE,The Supremes,Motown,7,23,
1970,35,24,28,SOLITARY MAN,Neil Diamond,Bang,18,24,
1970,35,25,34,GROOVY SITUATION,Gene Chandler,Mercury,8,25,
1970,35,26,38,SNOWBIRD,Anne Murray,Capitol,7,26,
1970,35,27,15,MAMA TOLD ME (Not To Come),Three Dog Night,Dunhill,15,1,
1970,35,28,16,O-O-H CHILD / DEAR PRUDENCE,The Five Stairsteps,Buddah,22,8,
1970,35,29,46,I (Who Have Nothing),Tom Jones,Parrot,2,29,
1970,35,30,14,BALL OF CONFUSION (That’s What the World Is Today),The Temptations,Gordy,15,3,
1970,35,31,37,(I Know) I’M LOSING YOU,Rare Earth,Rare Earth,5,31,
1970,35,32,36,I’VE LOST YOU / THE NEXT STEP IS LOVE,Elvis Presley,RCA,5,32,
1970,35,33,42,CANDIDA,Dawn,Bell,6,33,
1970,35,34,35,I WANT TO TAKE YOU HIGHER,Ike and Tina Turner and the Ikettes,Liberty,15,34,
1970,35,35,27,SUMMERTIME BLUES,The Who,Decca,8,27,
1970,35,36,44,RUBBER DUCKIE,Ernie (Jim Henson),Columbia,3,36,
1970,35,37,30,"THE SLY, SLICK, AND THE WICKED",The Lost Generation,Brunswick,13,30,
1970,35,38,40,IT’S A SHAME,The Spinners,V.I.P.,6,38,
1970,35,39,29,BIG YELLOW TAXI,The Neighborhood,Big Tree,10,29,
1970,35,40,62,CRACKLIN’ ROSIE,Neil Diamond,Uni,2,40,
1970,35,41,32,DO YOU SEE MY LOVE (For You Growing),Jr. Walker and the All Stars,Soul,8,32,
1970,35,42,41,WIGWAM,Bob Dylan,Columbia,6,41,
1970,35,43,81,NEANDERTHAL MAN,Hotlegs,Capitol,2,43,
1970,35,44,47,ONLY YOU KNOW AND I KNOW,Dave Mason,Blue Thumb,5,44,
1970,35,45,51,JOANNE,Michael Nesmith and the First National Band,RCA,4,45,
1970,35,46,55,PEACE WILL COME (According To Plan),Melanie,Buddah,2,46,
1970,35,47,53,EVERYTHING’S TUESDAY,The Chairmen Of the Board,Invictus,5,47,
1970,35,48,48,HUMMINGBIRD,B.B. King,ABC,6,48,
1970,35,49,52,CLOSER TO HOME,Grand Funk Railroad,Capitol,3,49,
1970,35,50,72,ALL RIGHT NOW,Free,A&M,3,50,
1970,36,1,1,WAR,Edwin Starr,Gordy,9,1,2 weeks at #1
1970,36,2,9,AIN’T NO MOUNTAIN HIGH ENOUGH,Diana Ross,Motown,5,2,
1970,36,3,2,MAKE IT WITH YOU,Bread,Elektra,13,1,
1970,36,4,4,IN THE SUMMERTIME,Mungo Jerry,Janus,9,4,
1970,36,5,3,(They Long To Be) CLOSE TO YOU,The Carpenters,A&M,12,1,
1970,36,6,10,25 OR 6 TO 4,Chicago,Columbia,7,6,
1970,36,7,7,PATCHES,Clarence Carter,Atlantic,8,7,
1970,36,8,8,(If You Let Me Make Love To You Then) WHY CAN’T I TOUCH YOU,Ronnie Dyson,Columbia,12,8,
1970,36,9,5,SPILL THE WINE,Eric Burdon and War,MGM,16,3,
1970,36,10,12,LOOKIN’ OUT MY BACK DOOR / LONG AS I CAN SEE THE LIGHT,Creedence Clearwater Revival,Fantasy,5,10,
1970,36,11,6,"SIGNED, SEALED, DELIVERED I’M YOURS",Stevie Wonder,Tamla,11,3,
1970,36,12,21,DON’T PLAY THAT SONG (You Lied),Aretha Franklin with the Dixie Flyers,Atlantic,5,12,
1970,36,13,20,"JULIE, DO YA LOVE ME",Bobby Sherman,Metromedia,6,13,
1970,36,14,14,HI-DE-HO,"Blood, Sweat and Tears",Columbia,6,14,
1970,36,15,11,I JUST CAN’T HELP BELIEVING,B.J. Thomas,Scepter,12,9,
1970,36,16,16,OVERTURE FROM TOMMY (A Rock Opera),The Assembled Multitude,Atlantic,11,16,
1970,36,17,19,HAND ME DOWN WORLD,The Guess Who,RCA,8,17,
1970,36,18,33,CANDIDA,Dawn,Bell,7,18,
1970,36,19,26,SNOWBIRD,Anne Murray,Capitol,8,19,
1970,36,20,29,I (Who Have Nothing),Tom Jones,Parrot,3,20,
1970,36,21,23,EVERYBODY’S GOT THE RIGHT TO LOVE,The Supremes,Motown,8,21,
1970,36,22,13,BAND OF GOLD,Freda Payne,Invictus,20,3,
1970,36,23,24,SOLITARY MAN,Neil Diamond,Bang,19,23,
1970,36,24,25,GROOVY SITUATION,Gene Chandler,Mercury,9,24,
1970,36,25,17,TELL IT ALL BROTHER,Kenny Rogers and the First Edition,Reprise,10,17,
1970,36,26,36,RUBBER DUCKIE,Ernie (Jim Henson),Columbia,4,26,
1970,36,27,31,(I Know) I’M LOSING YOU,Rare Earth,Rare Earth,6,27,
1970,36,28,15,"TIGHTER, TIGHTER",Alive and Kicking,Roulette,14,7,
1970,36,29,40,CRACKLIN’ ROSIE,Neil Diamond,Uni,3,29,
1970,36,30,18,LAY A LITTLE LOVIN’ ON ME,Robin McNamara,Steed,15,11,
1970,36,31,22,GET UP I FEEL LIKE BEING LIKE A SEX MACHINE (Parts 1 and 2),James Brown,King,8,15,
1970,36,32,32,I’VE LOST YOU / THE NEXT STEP IS LOVE,Elvis Presley,RCA,6,32,
1970,36,33,38,IT’S A SHAME,The Spinners,V.I.P.,7,33,
1970,36,34,34,I WANT TO TAKE YOU HIGHER,Ike and Tina Turner and the Ikettes,Liberty,16,34,
1970,36,35,49,CLOSER TO HOME,Grand Funk Railroad,Capitol,4,35,
1970,36,36,45,JOANNE,Michael Nesmith and the First National Band,RCA,5,36,
1970,36,37,46,PEACE WILL COME (According To Plan),Melanie,Buddah,3,37,
1970,36,38,43,NEANDERTHAL MAN,Hotlegs,Capitol,3,38,
1970,36,39,35,SUMMERTIME BLUES,The Who,Decca,9,27,
1970,36,40,50,ALL RIGHT NOW,Free,A&M,4,40,
1970,36,42,39,BIG YELLOW TAXI,The Neighborhood,Big Tree,11,29,
1970,36,45,37,"THE SLY, SLICK, AND THE WICKED",The Lost Generation,Brunswick,14,30,
1970,36,41,41,DO YOU SEE MY LOVE (For You Growing),Jr. Walker and the All Stars,Soul,9,32,
1970,36,43,51,EXPRESS YOURSELF,Charles Wright and the Watts 103rd Street Rhythm Band,Warner Brothers,4,43,
1970,36,44,44,ONLY YOU KNOW AND I KNOW,Dave Mason,Blue Thumb,6,44,
1970,36,46,47,EVERYTHING’S TUESDAY,The Chairmen Of the Board,Invictus,6,46,
1970,36,47,60,THAT’S WHERE I WENT WRONG,The Poppy Family Featuring Susan Jacks,London,5,47,
1970,36,48,53,SOUL SHAKE / FREE THE PEOPLE,Delaney and Bonnie and Friends,Atco,8,48,
1970,36,49,54,WE’RE ALL PLAYING IN THE SAME BAND,Bert Sommer,Eleuthera,5,49,
1970,36,50,61,LONG LONG TIME,Linda Ronstadt,Capitol,4,50,
1970,37,1,1,WAR,Edwin Starr,Gordy,10,1,3 weeks at #1
1970,37,2,2,AIN’T NO MOUNTAIN HIGH ENOUGH,Diana Ross,Motown,6,2,
1970,37,3,4,IN THE SUMMERTIME,Mungo Jerry,Janus,10,3,
1970,37,4,6,25 OR 6 TO 4,Chicago,Columbia,8,4,
1970,37,5,10,LOOKIN’ OUT MY BACK DOOR / LONG AS I CAN SEE THE LIGHT,Creedence Clearwater Revival,Fantasy,6,5,
1970,37,6,7,PATCHES,Clarence Carter,Atlantic,9,6,
1970,37,7,13,"JULIE, DO YA LOVE ME",Bobby Sherman,Metromedia,7,7,
1970,37,8,5,(They Long To Be) CLOSE TO YOU,The Carpenters,A&M,13,1,
1970,37,9,3,MAKE IT WITH YOU,Bread,Elektra,14,1,
1970,37,10,9,SPILL THE WINE,Eric Burdon and War,MGM,17,3,
1970,37,11,18,CANDIDA,Dawn,Bell,8,11,
1970,37,12,12,DON’T PLAY THAT SONG (You Lied),Aretha Franklin with the Dixie Flyers,Atlantic,6,12,
1970,37,13,11,"SIGNED, SEALED, DELIVERED I’M YOURS",Stevie Wonder,Tamla,12,3,
1970,37,14,19,SNOWBIRD,Anne Murray,Capitol,9,14,
1970,37,15,20,I (Who Have Nothing),Tom Jones,Parrot,4,15,
1970,37,16,27,(I Know) I’M LOSING YOU,Rare Earth,Rare Earth,7,16,
1970,37,17,17,HAND ME DOWN WORLD,The Guess Who,RCA,9,17,
1970,37,18,26,RUBBER DUCKIE,Ernie (Jim Henson),Columbia,5,18,
1970,37,19,14,HI-DE-HO,"Blood, Sweat and Tears",Columbia,7,14,
1970,37,20,24,GROOVY SITUATION,Gene Chandler,Mercury,10,20,
1970,37,21,23,SOLITARY MAN,Neil Diamond,Bang,20,21,
1970,37,22,29,CRACKLIN’ ROSIE,Neil Diamond,Uni,4,22,
1970,37,23,8,(If You Let Me Make Love To You Then) WHY CAN’T I TOUCH YOU,Ronnie Dyson,Columbia,13,8,
1970,37,24,15,I JUST CAN’T HELP BELIEVING,B.J. Thomas,Scepter,13,9,
1970,37,25,33,IT’S A SHAME,The Spinners,V.I.P.,8,25,
1970,37,26,40,ALL RIGHT NOW,Free,A&M,5,26,
1970,37,27,21,EVERYBODY’S GOT THE RIGHT TO LOVE,The Supremes,Motown,9,21,
1970,37,28,16,OVERTURE FROM TOMMY (A Rock Opera),The Assembled Multitude,Atlantic,12,16,
1970,37,29,38,NEANDERTHAL MAN,Hotlegs,Capitol,4,29,
1970,37,30,36,JOANNE,Michael Nesmith and the First National Band,RCA,6,30,
1970,37,31,50,LONG LONG TIME,Linda Ronstadt,Capitol,5,31,
1970,37,32,31,GET UP I FEEL LIKE BEING LIKE A SEX MACHINE (Parts 1 and 2),James Brown,King,9,15,
1970,37,33,35,CLOSER TO HOME,Grand Funk Railroad,Capitol,5,33,
1970,37,34,37,PEACE WILL COME (According To Plan),Melanie,Buddah,4,34,
1970,37,35,68,OUT IN THE COUNTRY,Three Dog Night,Dunhill,3,35,
1970,37,36,25,TELL IT ALL BROTHER,Kenny Rogers and the First Edition,Reprise,11,17,
1970,37,37,34,I WANT TO TAKE YOU HIGHER,Ike and Tina Turner and the Ikettes,Liberty,17,34,
1970,37,38,46,EVERYTHING’S TUESDAY,The Chairmen Of the Board,Invictus,7,38,
1970,37,39,43,EXPRESS YOURSELF,Charles Wright and the Watts 103rd Street Rhythm Band,Warner Brothers,5,39,
1970,37,40,60,LOLA,The Kinks,Reprise,3,40,
1970,37,41,32,I’VE LOST YOU / THE NEXT STEP IS LOVE,Elvis Presley,RCA,7,32,
1970,37,42,44,ONLY YOU KNOW AND I KNOW,Dave Mason,Blue Thumb,7,42,
1970,37,43,47,THAT’S WHERE I WENT WRONG,The Poppy Family Featuring Susan Jacks,London,6,43,
1970,37,44,48,SOUL SHAKE / FREE THE PEOPLE,Delaney and Bonnie and Friends,Atco,9,44,
1970,37,45,86,INDIANA WANTS ME,R. Dean Taylor,Rare Earth,2,45,
1970,37,46,51,GREEN-EYED LADY,Sugarloaf,Liberty,5,46,
1970,37,47,41,DO YOU SEE MY LOVE (For You Growing),Jr. Walker and the All Stars,Soul,10,32,
1970,37,48,49,WE’RE ALL PLAYING IN THE SAME BAND,Bert Sommer,Eleuthera,6,48,
1970,37,49,53,STILL WATER (Love),The Four Tops,Motown,3,49,
1970,37,50,71,IF I DIDN’T CARE,The Moments,Stang,4,50,
1970,38,1,2,AIN’T NO MOUNTAIN HIGH ENOUGH,Diana Ross,Motown,7,1,1 week at #1
1970,38,2,1,WAR,Edwin Starr,Gordy,11,1,
1970,38,3,5,LOOKIN’ OUT MY BACK DOOR / LONG AS I CAN SEE THE LIGHT,Creedence Clearwater Revival,Fantasy,7,3,
1970,38,4,6,PATCHES,Clarence Carter,Atlantic,10,4,
1970,38,5,7,"JULIE, DO YA LOVE ME",Bobby Sherman,Metromedia,8,5,
1970,38,6,4,25 OR 6 TO 4,Chicago,Columbia,9,4,
1970,38,7,3,IN THE SUMMERTIME,Mungo Jerry,Janus,11,3,
1970,38,8,8,(They Long To Be) CLOSE TO YOU,The Carpenters,A&M,14,1,
1970,38,9,11,CANDIDA,Dawn,Bell,9,9,
1970,38,10,9,MAKE IT WITH YOU,Bread,Elektra,15,1,
1970,38,11,12,DON’T PLAY THAT SONG (You Lied),Aretha Franklin with the Dixie Flyers,Atlantic,7,11,
1970,38,12,22,CRACKLIN’ ROSIE,Neil Diamond,Uni,5,12,
1970,38,13,14,SNOWBIRD,Anne Murray,Capitol,10,13,
1970,38,14,16,(I Know) I’M LOSING YOU,Rare Earth,Rare Earth,8,14,
1970,38,15,15,I (Who Have Nothing),Tom Jones,Parrot,5,15,
1970,38,16,10,SPILL THE WINE,Eric Burdon and War,MGM,18,3,
1970,38,17,20,GROOVY SITUATION,Gene Chandler,Mercury,11,17,
1970,38,18,18,RUBBER DUCKIE,Ernie (Jim Henson),Columbia,6,18,
1970,38,19,13,"SIGNED, SEALED, DELIVERED I’M YOURS",Stevie Wonder,Tamla,13,3,
1970,38,20,26,ALL RIGHT NOW,Free,A&M,6,20,
1970,38,21,17,HAND ME DOWN WORLD,The Guess Who,RCA,10,17,
1970,38,22,19,HI-DE-HO,"Blood, Sweat and Tears",Columbia,8,14,
1970,38,23,21,SOLITARY MAN,Neil Diamond,Bang,21,21,
1970,38,24,23,(If You Let Me Make Love To You Then) WHY CAN’T I TOUCH YOU,Ronnie Dyson,Columbia,14,8,
1970,38,25,25,IT’S A SHAME,The Spinners,V.I.P.,9,25,
1970,38,26,39,EXPRESS YOURSELF,Charles Wright and the Watts 103rd Street Rhythm Band,Warner Brothers,6,26,
1970,38,27,29,NEANDERTHAL MAN,Hotlegs,Capitol,5,27,
1970,38,28,30,JOANNE,Michael Nesmith and the First National Band,RCA,7,28,
1970,38,29,27,EVERYBODY’S GOT THE RIGHT TO LOVE,The Supremes,Motown,10,21,
1970,38,30,31,LONG LONG TIME,Linda Ronstadt,Capitol,6,30,
1970,38,31,33,CLOSER TO HOME,Grand Funk Railroad,Capitol,6,31,
1970,38,32,34,PEACE WILL COME (According To Plan),Melanie,Buddah,5,32,
1970,38,33,35,OUT IN THE COUNTRY,Three Dog Night,Dunhill,4,33,
1970,38,34,52,LOOK WHAT THEY’VE DONE TO MY SONG MA,The New Seekers,Elektra,3,34,
1970,38,35,45,INDIANA WANTS ME,R. Dean Taylor,Rare Earth,3,35,
1970,38,36,40,LOLA,The Kinks,Reprise,4,36,
1970,38,37,43,THAT’S WHERE I WENT WRONG,The Poppy Family Featuring Susan Jacks,London,7,37,
1970,38,38,38,EVERYTHING’S TUESDAY,The Chairmen Of the Board,Invictus,8,38,
1970,38,39,46,GREEN-EYED LADY,Sugarloaf,Liberty,6,39,
1970,38,41,28,OVERTURE FROM TOMMY (A Rock Opera),The Assembled Multitude,Atlantic,13,16,
1970,38,44,37,I WANT TO TAKE YOU HIGHER,Ike and Tina Turner and the Ikettes,Liberty,18,34,
1970,38,42,57,IT’S ONLY MAKE BELIEVE,Glen Campbell,Capitol,3,42,
1970,38,43,44,SOUL SHAKE / FREE THE PEOPLE,Delaney and Bonnie and Friends,Atco,10,43,
1970,38,45,54,EL CONDOR PASA,Simon and Garfunkel,Columbia,2,45,
1970,38,46,49,STILL WATER (Love),The Four Tops,Motown,4,46,
1970,38,47,41,I’VE LOST YOU / THE NEXT STEP IS LOVE,Elvis Presley,RCA,8,32,
1970,38,48,50,IF I DIDN’T CARE,The Moments,Stang,5,48,
1970,38,49,53,I STAND ACCUSED,Isaac Hayes,Enterprise,4,49,
1970,38,50,83,FIRE AND RAIN,James Taylor,Warner Brothers,2,50,
1970,39,1,1,AIN’T NO MOUNTAIN HIGH ENOUGH,Diana Ross,Motown,8,1,2 weeks at #1
1970,39,2,2,WAR,Edwin Starr,Gordy,12,1,
1970,39,3,3,LOOKIN’ OUT MY BACK DOOR / LONG AS I CAN SEE THE LIGHT,Creedence Clearwater Revival,Fantasy,8,3,
1970,39,4,4,PATCHES,Clarence Carter,Atlantic,11,4,
1970,39,5,5,"JULIE, DO YA LOVE ME",Bobby Sherman,Metromedia,9,5,
1970,39,6,12,CRACKLIN’ ROSIE,Neil Diamond,Uni,6,6,
1970,39,7,9,CANDIDA,Dawn,Bell,10,7,
1970,39,8,13,SNOWBIRD,Anne Murray,Capitol,11,8,
1970,39,9,14,(I Know) I’M LOSING YOU,Rare Earth,Rare Earth,9,9,
1970,39,10,6,25 OR 6 TO 4,Chicago,Columbia,10,4,
1970,39,11,11,DON’T PLAY THAT SONG (You Lied),Aretha Franklin with the Dixie Flyers,Atlantic,8,11,
1970,39,12,17,GROOVY SITUATION,Gene Chandler,Mercury,12,12,
1970,39,13,20,ALL RIGHT NOW,Free,A&M,7,13,
1970,39,14,15,I (Who Have Nothing),Tom Jones,Parrot,6,14,
1970,39,15,7,IN THE SUMMERTIME,Mungo Jerry,Janus,12,3,
1970,39,16,18,RUBBER DUCKIE,Ernie (Jim Henson),Columbia,7,16,
1970,39,17,8,(They Long To Be) CLOSE TO YOU,The Carpenters,A&M,15,1,
1970,39,18,39,GREEN-EYED LADY,Sugarloaf,Liberty,7,18,
1970,39,19,40,I’LL BE THERE,Jackson 5,Motown,2,19,
1970,39,20,10,MAKE IT WITH YOU,Bread,Elektra,16,1,
1970,39,21,16,SPILL THE WINE,Eric Burdon and War,MGM,19,3,
1970,39,22,27,NEANDERTHAL MAN,Hotlegs,Capitol,6,22,
1970,39,23,28,JOANNE,Michael Nesmith and the First National Band,RCA,8,23,
1970,39,24,25,IT’S A SHAME,The Spinners,V.I.P.,10,24,
1970,39,25,26,EXPRESS YOURSELF,Charles Wright and the Watts 103rd Street Rhythm Band,Warner Brothers,7,25,
1970,39,26,35,INDIANA WANTS ME,R. Dean Taylor,Rare Earth,4,26,
1970,39,27,30,LONG LONG TIME,Linda Ronstadt,Capitol,7,27,
1970,39,28,23,SOLITARY MAN,Neil Diamond,Bang,22,21,
1970,39,29,36,LOLA,The Kinks,Reprise,5,29,
1970,39,30,33,OUT IN THE COUNTRY,Three Dog Night,Dunhill,5,30,
1970,39,31,31,CLOSER TO HOME,Grand Funk Railroad,Capitol,7,31,
1970,39,32,32,PEACE WILL COME (According To Plan),Melanie,Buddah,6,32,
1970,39,33,34,LOOK WHAT THEY’VE DONE TO MY SONG MA,The New Seekers,Elektra,4,33,
1970,39,34,19,"SIGNED, SEALED, DELIVERED I’M YOURS",Stevie Wonder,Tamla,14,3,
1970,39,35,37,THAT’S WHERE I WENT WRONG,The Poppy Family Featuring Susan Jacks,London,8,35,
1970,39,36,21,HAND ME DOWN WORLD,The Guess Who,RCA,11,17,
1970,39,37,42,IT’S ONLY MAKE BELIEVE,Glen Campbell,Capitol,4,37,
1970,39,38,45,EL CONDOR PASA,Simon and Garfunkel,Columbia,3,38,
1970,39,39,46,STILL WATER (Love),The Four Tops,Motown,5,39,
1970,39,40,50,FIRE AND RAIN,James Taylor,Warner Brothers,3,40,
1970,39,41,29,EVERYBODY’S GOT THE RIGHT TO LOVE,The Supremes,Motown,11,21,
1970,39,48,38,EVERYTHING’S TUESDAY,The Chairmen Of the Board,Invictus,9,38,
1970,39,42,65,WE’VE ONLY JUST BEGUN,The Carpenters,A&M,3,42,
1970,39,43,52,SOMEBODY’S BEEN SLEEPING,100 Proof (Aged In Soul),Hot Wax,4,43,
1970,39,44,64,STAND BY YOUR MAN,Candi Staton,Fame,5,44,
1970,39,45,48,IF I DIDN’T CARE,The Moments,Stang,6,45,
1970,39,46,49,I STAND ACCUSED,Isaac Hayes,Enterprise,5,46,
1970,39,47,43,SOUL SHAKE / FREE THE PEOPLE,Delaney and Bonnie and Friends,Atco,11,43,
1970,39,49,53,SUNDAY MORNING COMING DOWN,Johnny Cash,Columbia,5,49,
1970,39,50,63,DO WHAT YOU WANNA DO,Five Flights Up,T-A,6,50,
1970,40,1,1,AIN’T NO MOUNTAIN HIGH ENOUGH,Diana Ross,Motown,9,1,3 weeks at #1
1970,40,2,3,LOOKIN’ OUT MY BACK DOOR / LONG AS I CAN SEE THE LIGHT,Creedence Clearwater Revival,Fantasy,9,2,
1970,40,3,7,CANDIDA,Dawn,Bell,11,3,
1970,40,4,6,CRACKLIN’ ROSIE,Neil Diamond,Uni,7,4,
1970,40,5,5,"JULIE, DO YA LOVE ME",Bobby Sherman,Metromedia,10,5,
1970,40,6,19,I’LL BE THERE,Jackson 5,Motown,3,6,
1970,40,7,9,(I Know) I’M LOSING YOU,Rare Earth,Rare Earth,10,7,
1970,40,8,8,SNOWBIRD,Anne Murray,Capitol,12,8,
1970,40,9,2,WAR,Edwin Starr,Gordy,13,1,
1970,40,10,13,ALL RIGHT NOW,Free,A&M,8,10,
1970,40,11,4,PATCHES,Clarence Carter,Atlantic,12,4,
1970,40,12,12,GROOVY SITUATION,Gene Chandler,Mercury,13,12,
1970,40,13,11,DON’T PLAY THAT SONG (You Lied),Aretha Franklin with the Dixie Flyers,Atlantic,9,11,
1970,40,14,25,EXPRESS YOURSELF,Charles Wright and the Watts 103rd Street Rhythm Band,Warner Brothers,8,14,
1970,40,15,24,IT’S A SHAME,The Spinners,V.I.P.,11,15,
1970,40,16,18,GREEN-EYED LADY,Sugarloaf,Liberty,8,16,
1970,40,17,10,25 OR 6 TO 4,Chicago,Columbia,11,4,
1970,40,18,42,WE’VE ONLY JUST BEGUN,The Carpenters,A&M,4,18,
1970,40,19,14,I (Who Have Nothing),Tom Jones,Parrot,7,14,
1970,40,20,39,STILL WATER (Love),The Four Tops,Motown,6,20,
1970,40,21,23,JOANNE,Michael Nesmith and the First National Band,RCA,9,21,
1970,40,22,22,NEANDERTHAL MAN,Hotlegs,Capitol,7,22,
1970,40,23,26,INDIANA WANTS ME,R. Dean Taylor,Rare Earth,5,23,
1970,40,24,30,OUT IN THE COUNTRY,Three Dog Night,Dunhill,6,24,
1970,40,25,33,LOOK WHAT THEY’VE DONE TO MY SONG MA,The New Seekers,Elektra,5,25,
1970,40,26,27,LONG LONG TIME,Linda Ronstadt,Capitol,8,26,
1970,40,27,31,CLOSER TO HOME,Grand Funk Railroad,Capitol,8,27,
1970,40,28,29,LOLA,The Kinks,Reprise,6,28,
1970,40,29,16,RUBBER DUCKIE,Ernie (Jim Henson),Columbia,8,16,
1970,40,30,40,FIRE AND RAIN,James Taylor,Warner Brothers,4,30,
1970,40,31,17,(They Long To Be) CLOSE TO YOU,The Carpenters,A&M,16,1,
1970,40,32,37,IT’S ONLY MAKE BELIEVE,Glen Campbell,Capitol,5,32,
1970,40,33,35,THAT’S WHERE I WENT WRONG,The Poppy Family Featuring Susan Jacks,London,9,33,
1970,40,34,38,EL CONDOR PASA,Simon and Garfunkel,Columbia,4,34,
1970,40,35,15,IN THE SUMMERTIME,Mungo Jerry,Janus,13,3,
1970,40,36,21,SPILL THE WINE,Eric Burdon and War,MGM,20,3,
1970,40,37,43,SOMEBODY’S BEEN SLEEPING,100 Proof (Aged In Soul),Hot Wax,5,37,
1970,40,38,20,MAKE IT WITH YOU,Bread,Elektra,17,1,
1970,40,39,50,DO WHAT YOU WANNA DO,Five Flights Up,T-A,7,39,
1970,40,40,44,STAND BY YOUR MAN,Candi Staton,Fame,6,40,
1970,40,41,28,SOLITARY MAN,Neil Diamond,Bang,23,21,
1970,40,45,32,PEACE WILL COME (According To Plan),Melanie,Buddah,7,32,
1970,40,42,46,I STAND ACCUSED,Isaac Hayes,Enterprise,6,42,
1970,40,43,58,DEEPER AND DEEPER,Freda Payne,Invictus,4,43,
1970,40,44,45,IF I DIDN’T CARE,The Moments,Stang,7,44,
1970,40,46,49,SUNDAY MORNING COMING DOWN,Johnny Cash,Columbia,6,46,
1970,40,47,59,OUR HOUSE,"Crosby, Stills, Nash, and Young",Atlantic,3,47,
1970,40,48,47,SOUL SHAKE / FREE THE PEOPLE,Delaney and Bonnie and Friends,Atco,12,43,
1970,40,49,57,WE CAN MAKE MUSIC,Tommy Roe,ABC,4,49,
1970,40,50,51,AS THE YEARS GO BY,Mashmakhan,Epic,7,50,
1970,41,1,4,CRACKLIN’ ROSIE,Neil Diamond,Uni,8,1,1 week at #1
1970,41,2,6,I’LL BE THERE,Jackson 5,Motown,4,2,
1970,41,3,3,CANDIDA,Dawn,Bell,12,3,
1970,41,4,1,AIN’T NO MOUNTAIN HIGH ENOUGH,Diana Ross,Motown,10,1,
1970,41,5,10,ALL RIGHT NOW,Free,A&M,9,5,
1970,41,6,5,"JULIE, DO YA LOVE ME",Bobby Sherman,Metromedia,11,5,
1970,41,7,2,LOOKIN’ OUT MY BACK DOOR / LONG AS I CAN SEE THE LIGHT,Creedence Clearwater Revival,Fantasy,10,2,
1970,41,8,16,GREEN-EYED LADY,Sugarloaf,Liberty,9,8,
1970,41,9,18,WE’VE ONLY JUST BEGUN,The Carpenters,A&M,5,9,
1970,41,10,7,(I Know) I’M LOSING YOU,Rare Earth,Rare Earth,11,7,
1970,41,11,8,SNOWBIRD,Anne Murray,Capitol,13,8,
1970,41,12,9,WAR,Edwin Starr,Gordy,14,1,
1970,41,13,28,LOLA,The Kinks,Reprise,7,13,
1970,41,14,14,EXPRESS YOURSELF,Charles Wright and the Watts 103rd Street Rhythm Band,Warner Brothers,9,14,
1970,41,15,15,IT’S A SHAME,The Spinners,V.I.P.,12,15,
1970,41,16,11,PATCHES,Clarence Carter,Atlantic,13,4,
1970,41,17,30,FIRE AND RAIN,James Taylor,Warner Brothers,5,17,
1970,41,18,24,OUT IN THE COUNTRY,Three Dog Night,Dunhill,7,18,
1970,41,19,20,STILL WATER (Love),The Four Tops,Motown,7,19,
1970,41,20,25,LOOK WHAT THEY’VE DONE TO MY SONG MA,The New Seekers,Elektra,6,20,
1970,41,21,21,JOANNE,Michael Nesmith and the First National Band,RCA,10,21,
1970,41,22,23,INDIANA WANTS ME,R. Dean Taylor,Rare Earth,6,22,
1970,41,23,12,GROOVY SITUATION,Gene Chandler,Mercury,14,12,
1970,41,24,32,IT’S ONLY MAKE BELIEVE,Glen Campbell,Capitol,6,24,
1970,41,25,26,LONG LONG TIME,Linda Ronstadt,Capitol,9,25,
1970,41,26,17,25 OR 6 TO 4,Chicago,Columbia,12,4,
1970,41,27,27,CLOSER TO HOME,Grand Funk Railroad,Capitol,9,27,
1970,41,28,13,DON’T PLAY THAT SONG (You Lied),Aretha Franklin with the Dixie Flyers,Atlantic,10,11,
1970,41,29,34,EL CONDOR PASA,Simon and Garfunkel,Columbia,5,29,
1970,41,30,33,THAT’S WHERE I WENT WRONG,The Poppy Family Featuring Susan Jacks,London,10,30,
1970,41,31,37,SOMEBODY’S BEEN SLEEPING,100 Proof (Aged In Soul),Hot Wax,6,31,
1970,41,32,29,RUBBER DUCKIE,Ernie (Jim Henson),Columbia,9,16,
1970,41,33,19,I (Who Have Nothing),Tom Jones,Parrot,8,14,
1970,41,34,22,NEANDERTHAL MAN,Hotlegs,Capitol,8,22,
1970,41,35,47,OUR HOUSE,"Crosby, Stills, Nash, and Young",Atlantic,4,35,
1970,41,36,53,IT DON’T MATTER TO ME,Bread,Elektra,3,36,
1970,41,37,62,LUCRETIA MAC EVIL,"Blood, Sweat and Tears",Columbia,2,37,
1970,41,38,39,DO WHAT YOU WANNA DO,Five Flights Up,T-A,8,38,
1970,41,39,43,DEEPER AND DEEPER,Freda Payne,Invictus,5,39,
1970,41,40,40,STAND BY YOUR MAN,Candi Staton,Fame,7,40,
1970,41,57,31,(They Long To Be) CLOSE TO YOU,The Carpenters,A&M,17,1,
1970,41,61,36,SPILL THE WINE,Eric Burdon and War,MGM,21,3,
1970,41,41,52,"GOD, LOVE, AND ROCK AND ROLL",Teegarden and Van Winkle,Westbound,4,41,
1970,41,42,42,I STAND ACCUSED,Isaac Hayes,Enterprise,7,42,
1970,41,43,70,UGENA ZA ULIMWENGU (Unite the World),The Temptations,Gordy,2,43,
1970,41,44,41,SOLITARY MAN,Neil Diamond,Bang,24,21,
1970,41,45,50,AS THE YEARS GO BY,Mashmakhan,Epic,8,45,
1970,41,46,57,GYPSY WOMAN,Brian Hyland,Uni,6,46,
1970,41,47,65,MONTEGO BAY,Bobby Bloom,MGM / L&R,5,47,
1970,41,48,44,IF I DIDN’T CARE,The Moments,Stang,8,44,
1970,41,49,49,WE CAN MAKE MUSIC,Tommy Roe,ABC,5,49,
1970,41,50,51,YELLOW RIVER,Christie,Epic,13,50,
1970,42,1,2,I’LL BE THERE,Jackson 5,Motown,5,1,1 week at #1
1970,42,2,1,CRACKLIN’ ROSIE,Neil Diamond,Uni,9,1,
1970,42,3,8,GREEN-EYED LADY,Sugarloaf,Liberty,10,3,
1970,42,4,5,ALL RIGHT NOW,Free,A&M,10,4,
1970,42,5,9,WE’VE ONLY JUST BEGUN,The Carpenters,A&M,6,5,
1970,42,6,3,CANDIDA,Dawn,Bell,13,3,
1970,42,7,4,AIN’T NO MOUNTAIN HIGH ENOUGH,Diana Ross,Motown,11,1,
1970,42,8,7,LOOKIN’ OUT MY BACK DOOR / LONG AS I CAN SEE THE LIGHT,Creedence Clearwater Revival,Fantasy,11,2,
1970,42,9,6,"JULIE, DO YA LOVE ME",Bobby Sherman,Metromedia,12,5,
1970,42,10,17,FIRE AND RAIN,James Taylor,Warner Brothers,6,10,
1970,42,11,22,INDIANA WANTS ME,R. Dean Taylor,Rare Earth,7,11,
1970,42,12,13,LOLA,The Kinks,Reprise,8,12,
1970,42,13,14,EXPRESS YOURSELF,Charles Wright and the Watts 103rd Street Rhythm Band,Warner Brothers,10,13,
1970,42,14,15,IT’S A SHAME,The Spinners,V.I.P.,13,14,
1970,42,15,18,OUT IN THE COUNTRY,Three Dog Night,Dunhill,8,15,
1970,42,16,11,SNOWBIRD,Anne Murray,Capitol,14,8,
1970,42,17,20,LOOK WHAT THEY’VE DONE TO MY SONG MA,The New Seekers,Elektra,7,17,
1970,42,18,19,STILL WATER (Love),The Four Tops,Motown,8,18,
1970,42,19,10,(I Know) I’M LOSING YOU,Rare Earth,Rare Earth,12,7,
1970,42,20,24,IT’S ONLY MAKE BELIEVE,Glen Campbell,Capitol,7,20,
1970,42,21,29,EL CONDOR PASA,Simon and Garfunkel,Columbia,6,21,
1970,42,22,12,WAR,Edwin Starr,Gordy,15,1,
1970,42,23,27,CLOSER TO HOME,Grand Funk Railroad,Capitol,10,23,
1970,42,24,16,PATCHES,Clarence Carter,Atlantic,14,4,
1970,42,25,25,LONG LONG TIME,Linda Ronstadt,Capitol,10,25,
1970,42,26,23,GROOVY SITUATION,Gene Chandler,Mercury,15,12,
1970,42,27,21,JOANNE,Michael Nesmith and the First National Band,RCA,11,21,
1970,42,28,31,SOMEBODY’S BEEN SLEEPING,100 Proof (Aged In Soul),Hot Wax,7,28,
1970,42,29,30,THAT’S WHERE I WENT WRONG,The Poppy Family Featuring Susan Jacks,London,11,29,
1970,42,30,41,"GOD, LOVE, AND ROCK AND ROLL",Teegarden and Van Winkle,Westbound,5,30,
1970,42,31,36,IT DON’T MATTER TO ME,Bread,Elektra,4,31,
1970,42,32,35,OUR HOUSE,"Crosby, Stills, Nash, and Young",Atlantic,5,32,
1970,42,33,37,LUCRETIA MAC EVIL,"Blood, Sweat and Tears",Columbia,3,33,
1970,42,34,54,SUPER BAD (Parts 1 and 2),James Brown,King,3,34,
1970,42,35,40,STAND BY YOUR MAN,Candi Staton,Fame,8,35,
1970,42,36,39,DEEPER AND DEEPER,Freda Payne,Invictus,6,36,
1970,42,37,38,DO WHAT YOU WANNA DO,Five Flights Up,T-A,9,37,
1970,42,38,43,UGENA ZA ULIMWENGU (Unite the World),The Temptations,Gordy,3,38,
1970,42,39,51,"SEE ME, FEEL ME",The Who,Decca,4,39,
1970,42,40,47,MONTEGO BAY,Bobby Bloom,MGM / L&R,6,40,
1970,42,49,34,NEANDERTHAL MAN,Hotlegs,Capitol,9,22,
1970,42,41,46,GYPSY WOMAN,Brian Hyland,Uni,7,41,
1970,42,42,50,YELLOW RIVER,Christie,Epic,14,42,
1970,42,43,45,AS THE YEARS GO BY,Mashmakhan,Epic,9,43,
1970,42,44,42,I STAND ACCUSED,Isaac Hayes,Enterprise,8,42,
1970,42,45,59,ENGINE NUMBER 9,Wilson Pickett,Atlantic,4,45,
1970,42,46,62,CRY ME A RIVER,Joe Cocker,A&M,2,46,
1970,42,47,63,MAKE IT EASY ON YOURSELF,Dionne Warwick,Scepter,3,47,
1970,42,48,58,FOR THE GOOD TIMES,Ray Price,Columbia,8,48,
1970,42,50,52,MONGOOSE,Elephant’s Memory,Metromedia,11,50,
1970,43,1,1,I’LL BE THERE,Jackson 5,Motown,6,1,2 weeks at #1
1970,43,2,2,CRACKLIN’ ROSIE,Neil Diamond,Uni,10,1,
1970,43,3,3,GREEN-EYED LADY,Sugarloaf,Liberty,11,3,
1970,43,4,5,WE’VE ONLY JUST BEGUN,The Carpenters,A&M,7,4,
1970,43,5,4,ALL RIGHT NOW,Free,A&M,11,4,
1970,43,6,10,FIRE AND RAIN,James Taylor,Warner Brothers,7,6,
1970,43,7,6,CANDIDA,Dawn,Bell,14,3,
1970,43,8,11,INDIANA WANTS ME,R. Dean Taylor,Rare Earth,8,8,
1970,43,9,12,LOLA,The Kinks,Reprise,9,9,
1970,43,10,7,AIN’T NO MOUNTAIN HIGH ENOUGH,Diana Ross,Motown,12,1,
1970,43,11,18,STILL WATER (Love),The Four Tops,Motown,9,11,
1970,43,12,9,"JULIE, DO YA LOVE ME",Bobby Sherman,Metromedia,13,5,
1970,43,13,13,EXPRESS YOURSELF,Charles Wright and the Watts 103rd Street Rhythm Band,Warner Brothers,11,13,
1970,43,14,28,SOMEBODY’S BEEN SLEEPING,100 Proof (Aged In Soul),Hot Wax,8,14,
1970,43,15,15,OUT IN THE COUNTRY,Three Dog Night,Dunhill,9,15,
1970,43,16,17,LOOK WHAT THEY’VE DONE TO MY SONG MA,The New Seekers,Elektra,8,16,
1970,43,17,20,IT’S ONLY MAKE BELIEVE,Glen Campbell,Capitol,8,17,
1970,43,18,16,SNOWBIRD,Anne Murray,Capitol,15,8,
1970,43,19,8,LOOKIN’ OUT MY BACK DOOR / LONG AS I CAN SEE THE LIGHT,Creedence Clearwater Revival,Fantasy,12,2,
1970,43,20,21,EL CONDOR PASA,Simon and Garfunkel,Columbia,7,20,
1970,43,21,19,(I Know) I’M LOSING YOU,Rare Earth,Rare Earth,13,7,
1970,43,22,23,CLOSER TO HOME,Grand Funk Railroad,Capitol,11,22,
1970,43,23,31,IT DON’T MATTER TO ME,Bread,Elektra,5,23,
1970,43,24,14,IT’S A SHAME,The Spinners,V.I.P.,14,14,
1970,43,25,34,SUPER BAD (Parts 1 and 2),James Brown,King,4,25,
1970,43,26,30,"GOD, LOVE, AND ROCK AND ROLL",Teegarden and Van Winkle,Westbound,6,26,
1970,43,27,35,STAND BY YOUR MAN,Candi Staton,Fame,9,27,
1970,43,28,46,CRY ME A RIVER,Joe Cocker,A&M,3,28,
1970,43,29,45,ENGINE NUMBER 9,Wilson Pickett,Atlantic,5,29,
1970,43,30,25,LONG LONG TIME,Linda Ronstadt,Capitol,11,25,
1970,43,31,39,"SEE ME, FEEL ME",The Who,Decca,5,31,
1970,43,32,32,OUR HOUSE,"Crosby, Stills, Nash, and Young",Atlantic,6,32,
1970,43,33,33,LUCRETIA MAC EVIL,"Blood, Sweat and Tears",Columbia,4,33,
1970,43,34,36,DEEPER AND DEEPER,Freda Payne,Invictus,7,34,
1970,43,35,38,UGENA ZA ULIMWENGU (Unite the World),The Temptations,Gordy,4,35,
1970,43,36,40,MONTEGO BAY,Bobby Bloom,MGM / L&R,7,36,
1970,43,37,37,DO WHAT YOU WANNA DO,Five Flights Up,T-A,10,37,
1970,43,38,29,THAT’S WHERE I WENT WRONG,The Poppy Family Featuring Susan Jacks,London,12,29,
1970,43,39,41,GYPSY WOMAN,Brian Hyland,Uni,8,39,
1970,43,40,42,YELLOW RIVER,Christie,Epic,15,40,
1970,43,44,27,JOANNE,Michael Nesmith and the First National Band,RCA,12,21,
1970,43,41,60,I THINK I LOVE YOU,The Partridge Family (Starring Shirley Jones and Featuring David Cassidy),Bell,3,41,
1970,43,42,43,AS THE YEARS GO BY,Mashmakhan,Epic,10,42,
1970,43,43,47,MAKE IT EASY ON YOURSELF,Dionne Warwick,Scepter,4,43,
1970,43,45,68,THE TEARS OF A CLOWN,Smokey Robinson and the Miracles,Tamla,2,45,
1970,43,46,44,I STAND ACCUSED,Isaac Hayes,Enterprise,9,42,
1970,43,47,48,FOR THE GOOD TIMES,Ray Price,Columbia,9,47,
1970,43,48,51,I DO TAKE YOU,The Three Degrees,Roulette,7,48,
1970,43,49,78,HEAVEN HELP US ALL,Stevie Wonder,Tamla,2,49,
1970,43,50,77,I AM SOMEBODY (Part 2),Johnnie Taylor,Stax,2,50,
1970,44,1,1,I’LL BE THERE,Jackson 5,Motown,7,1,3 weeks at #1
1970,44,2,4,WE’VE ONLY JUST BEGUN,The Carpenters,A&M,8,2,
1970,44,3,6,FIRE AND RAIN,James Taylor,Warner Brothers,8,3,
1970,44,4,2,CRACKLIN’ ROSIE,Neil Diamond,Uni,11,1,
1970,44,5,3,GREEN-EYED LADY,Sugarloaf,Liberty,12,3,
1970,44,6,5,ALL RIGHT NOW,Free,A&M,12,4,
1970,44,7,8,INDIANA WANTS ME,R. Dean Taylor,Rare Earth,9,7,
1970,44,8,7,CANDIDA,Dawn,Bell,15,3,
1970,44,9,9,LOLA,The Kinks,Reprise,10,9,
1970,44,10,17,IT’S ONLY MAKE BELIEVE,Glen Campbell,Capitol,9,10,
1970,44,11,11,STILL WATER (Love),The Four Tops,Motown,10,11,
1970,44,12,13,EXPRESS YOURSELF,Charles Wright and the Watts 103rd Street Rhythm Band,Warner Brothers,12,12,
1970,44,13,14,SOMEBODY’S BEEN SLEEPING,100 Proof (Aged In Soul),Hot Wax,9,13,
1970,44,14,16,LOOK WHAT THEY’VE DONE TO MY SONG MA,The New Seekers,Elektra,9,14,
1970,44,15,23,IT DON’T MATTER TO ME,Bread,Elektra,6,15,
1970,44,16,10,AIN’T NO MOUNTAIN HIGH ENOUGH,Diana Ross,Motown,13,1,
1970,44,17,41,I THINK I LOVE YOU,The Partridge Family (Starring Shirley Jones and Featuring David Cassidy),Bell,4,17,
1970,44,18,20,EL CONDOR PASA,Simon and Garfunkel,Columbia,8,18,
1970,44,19,28,CRY ME A RIVER,Joe Cocker,A&M,4,19,
1970,44,20,25,SUPER BAD (Parts 1 and 2),James Brown,King,5,20,
1970,44,21,15,OUT IN THE COUNTRY,Three Dog Night,Dunhill,10,15,
1970,44,22,26,"GOD, LOVE, AND ROCK AND ROLL",Teegarden and Van Winkle,Westbound,7,22,
1970,44,23,12,"JULIE, DO YA LOVE ME",Bobby Sherman,Metromedia,14,5,
1970,44,24,34,DEEPER AND DEEPER,Freda Payne,Invictus,8,24,
1970,44,25,29,ENGINE NUMBER 9,Wilson Pickett,Atlantic,6,25,
1970,44,26,27,STAND BY YOUR MAN,Candi Staton,Fame,10,26,
1970,44,27,45,THE TEARS OF A CLOWN,Smokey Robinson and the Miracles,Tamla,3,27,
1970,44,28,31,"SEE ME, FEEL ME",The Who,Decca,6,28,
1970,44,29,36,MONTEGO BAY,Bobby Bloom,MGM / L&R,8,29,
1970,44,30,32,OUR HOUSE,"Crosby, Stills, Nash, and Young",Atlantic,7,30,
1970,44,31,33,LUCRETIA MAC EVIL,"Blood, Sweat and Tears",Columbia,5,31,
1970,44,32,21,(I Know) I’M LOSING YOU,Rare Earth,Rare Earth,14,7,
1970,44,33,35,UGENA ZA ULIMWENGU (Unite the World),The Temptations,Gordy,5,33,
1970,44,34,18,SNOWBIRD,Anne Murray,Capitol,16,8,
1970,44,35,39,GYPSY WOMAN,Brian Hyland,Uni,9,35,
1970,44,36,19,LOOKIN’ OUT MY BACK DOOR / LONG AS I CAN SEE THE LIGHT,Creedence Clearwater Revival,Fantasy,13,2,
1970,44,37,40,YELLOW RIVER,Christie,Epic,16,37,
1970,44,38,37,DO WHAT YOU WANNA DO,Five Flights Up,T-A,11,37,
1970,44,39,43,MAKE IT EASY ON YOURSELF,Dionne Warwick,Scepter,5,39,
1970,44,40,49,HEAVEN HELP US ALL,Stevie Wonder,Tamla,3,40,
1970,44,43,38,THAT’S WHERE I WENT WRONG,The Poppy Family Featuring Susan Jacks,London,13,29,
1970,44,44,24,IT’S A SHAME,The Spinners,V.I.P.,15,14,
1970,44,45,22,CLOSER TO HOME,Grand Funk Railroad,Capitol,12,22,
1970,44,47,30,LONG LONG TIME,Linda Ronstadt,Capitol,12,25,
1970,44,41,47,FOR THE GOOD TIMES,Ray Price,Columbia,10,41,
1970,44,42,42,AS THE YEARS GO BY,Mashmakhan,Epic,11,42,
1970,44,46,50,I AM SOMEBODY (Part 2),Johnnie Taylor,Stax,3,46,
1970,44,48,48,I DO TAKE YOU,The Three Degrees,Roulette,8,48,
1970,44,49,74,YOU DON’T HAVE TO SAY YOU LOVE ME / PATCH IT UP,Elvis Presley,RCA,2,49,
1970,44,50,58,HEED THE CALL,Kenny Rogers and the First Edition,Reprise,3,50,
1970,45,1,1,I’LL BE THERE,Jackson 5,Motown,8,1,4 weeks at #1
1970,45,2,2,WE’VE ONLY JUST BEGUN,The Carpenters,A&M,9,2,
1970,45,3,3,FIRE AND RAIN,James Taylor,Warner Brothers,9,3,
1970,45,4,5,GREEN-EYED LADY,Sugarloaf,Liberty,13,3,
1970,45,5,7,INDIANA WANTS ME,R. Dean Taylor,Rare Earth,10,5,
1970,45,6,6,ALL RIGHT NOW,Free,A&M,13,4,
1970,45,7,17,I THINK I LOVE YOU,The Partridge Family (Starring Shirley Jones and Featuring David Cassidy),Bell,5,7,
1970,45,8,4,CRACKLIN’ ROSIE,Neil Diamond,Uni,12,1,
1970,45,9,8,CANDIDA,Dawn,Bell,16,3,
1970,45,10,9,LOLA,The Kinks,Reprise,11,9,
1970,45,11,15,IT DON’T MATTER TO ME,Bread,Elektra,7,11,
1970,45,12,13,SOMEBODY’S BEEN SLEEPING,100 Proof (Aged In Soul),Hot Wax,10,12,
1970,45,13,27,THE TEARS OF A CLOWN,Smokey Robinson and the Miracles,Tamla,4,13,
1970,45,14,29,MONTEGO BAY,Bobby Bloom,MGM / L&R,9,14,
1970,45,15,11,STILL WATER (Love),The Four Tops,Motown,11,11,
1970,45,16,10,IT’S ONLY MAKE BELIEVE,Glen Campbell,Capitol,10,10,
1970,45,17,19,CRY ME A RIVER,Joe Cocker,A&M,5,17,
1970,45,18,35,GYPSY WOMAN,Brian Hyland,Uni,10,18,
1970,45,19,20,SUPER BAD (Parts 1 and 2),James Brown,King,6,19,
1970,45,20,18,EL CONDOR PASA,Simon and Garfunkel,Columbia,9,18,
1970,45,21,12,EXPRESS YOURSELF,Charles Wright and the Watts 103rd Street Rhythm Band,Warner Brothers,13,12,
1970,45,22,22,"GOD, LOVE, AND ROCK AND ROLL",Teegarden and Van Winkle,Westbound,8,22,
1970,45,23,25,ENGINE NUMBER 9,Wilson Pickett,Atlantic,7,23,
1970,45,24,24,DEEPER AND DEEPER,Freda Payne,Invictus,9,24,
1970,45,25,26,STAND BY YOUR MAN,Candi Staton,Fame,11,25,
1970,45,26,28,"SEE ME, FEEL ME",The Who,Decca,7,26,
1970,45,27,14,LOOK WHAT THEY’VE DONE TO MY SONG MA,The New Seekers,Elektra,10,14,
1970,45,28,37,YELLOW RIVER,Christie,Epic,17,28,
1970,45,29,31,LUCRETIA MAC EVIL,"Blood, Sweat and Tears",Columbia,6,29,
1970,45,30,30,OUR HOUSE,"Crosby, Stills, Nash, and Young",Atlantic,8,30,
1970,45,31,16,AIN’T NO MOUNTAIN HIGH ENOUGH,Diana Ross,Motown,14,1,
1970,45,32,23,"JULIE, DO YA LOVE ME",Bobby Sherman,Metromedia,15,5,
1970,45,33,56,LET’S WORK TOGETHER,Canned Heat,Liberty,5,33,
1970,45,34,42,AS THE YEARS GO BY,Mashmakhan,Epic,12,34,
1970,45,35,58,SHARE THE LAND,The Guess Who,RCA,3,35,
1970,45,36,40,HEAVEN HELP US ALL,Stevie Wonder,Tamla,4,36,
1970,45,37,39,MAKE IT EASY ON YOURSELF,Dionne Warwick,Scepter,6,37,
1970,45,38,49,YOU DON’T HAVE TO SAY YOU LOVE ME / PATCH IT UP,Elvis Presley,RCA,3,38,
1970,45,39,33,UGENA ZA ULIMWENGU (Unite the World),The Temptations,Gordy,6,33,
1970,45,40,41,FOR THE GOOD TIMES,Ray Price,Columbia,11,40,
1970,45,41,21,OUT IN THE COUNTRY,Three Dog Night,Dunhill,11,15,
1970,45,42,57,5-10-15-20 (25-30 Years Of Love),The Presidents,Sussex,6,42,
1970,45,43,60,AFTER MIDNIGHT,Eric Clapton,Atco,4,43,
1970,45,44,46,I AM SOMEBODY (Part 2),Johnnie Taylor,Stax,4,44,
1970,45,45,50,HEED THE CALL,Kenny Rogers and the First Edition,Reprise,4,45,
1970,45,46,66,ONE LESS BELL TO ANSWER,The 5th Dimension,Bell,3,46,
1970,45,47,52,AND THE GRASS WON’T PAY YOU NO MIND,Mark Lindsay,Columbia,8,47,
1970,45,48,59,SWEETHEART,Engelbert Humperdinck,Parrot,7,48,
1970,45,49,55,FRESH AIR,Quicksilver Messenger Service,Capitol,6,49,
1970,45,50,54,SEEMS LIKE I GOTTA DO WRONG,The Whispers,Soul Clock,8,50,
1970,46,1,1,I’LL BE THERE,Jackson 5,Motown,9,1,5 weeks at #1
1970,46,2,2,WE’VE ONLY JUST BEGUN,The Carpenters,A&M,10,2,
1970,46,3,3,FIRE AND RAIN,James Taylor,Warner Brothers,10,3,
1970,46,4,7,I THINK I LOVE YOU,The Partridge Family (Starring Shirley Jones and Featuring David Cassidy),Bell,6,4,
1970,46,5,5,INDIANA WANTS ME,R. Dean Taylor,Rare Earth,11,5,
1970,46,6,4,GREEN-EYED LADY,Sugarloaf,Liberty,14,3,
1970,46,7,13,THE TEARS OF A CLOWN,Smokey Robinson and the Miracles,Tamla,5,7,
1970,46,8,12,SOMEBODY’S BEEN SLEEPING,100 Proof (Aged In Soul),Hot Wax,11,8,
1970,46,9,18,GYPSY WOMAN,Brian Hyland,Uni,11,9,
1970,46,10,11,IT DON’T MATTER TO ME,Bread,Elektra,8,10,
1970,46,11,17,CRY ME A RIVER,Joe Cocker,A&M,6,11,
1970,46,12,6,ALL RIGHT NOW,Free,A&M,14,4,
1970,46,13,14,MONTEGO BAY,Bobby Bloom,MGM / L&R,10,13,
1970,46,14,8,CRACKLIN’ ROSIE,Neil Diamond,Uni,13,1,
1970,46,15,19,SUPER BAD (Parts 1 and 2),James Brown,King,7,15,
1970,46,16,10,LOLA,The Kinks,Reprise,12,9,
1970,46,17,9,CANDIDA,Dawn,Bell,17,3,
1970,46,18,15,STILL WATER (Love),The Four Tops,Motown,12,11,
1970,46,19,23,ENGINE NUMBER 9,Wilson Pickett,Atlantic,8,19,
1970,46,20,36,HEAVEN HELP US ALL,Stevie Wonder,Tamla,5,20,
1970,46,21,16,IT’S ONLY MAKE BELIEVE,Glen Campbell,Capitol,11,10,
1970,46,22,38,YOU DON’T HAVE TO SAY YOU LOVE ME / PATCH IT UP,Elvis Presley,RCA,4,22,
1970,46,23,21,EXPRESS YOURSELF,Charles Wright and the Watts 103rd Street Rhythm Band,Warner Brothers,14,12,
1970,46,24,25,STAND BY YOUR MAN,Candi Staton,Fame,12,24,
1970,46,25,26,"SEE ME, FEEL ME",The Who,Decca,8,25,
1970,46,26,28,YELLOW RIVER,Christie,Epic,18,26,
1970,46,27,24,DEEPER AND DEEPER,Freda Payne,Invictus,10,24,
1970,46,28,35,SHARE THE LAND,The Guess Who,RCA,4,28,
1970,46,29,27,LOOK WHAT THEY’VE DONE TO MY SONG MA,The New Seekers,Elektra,11,14,
1970,46,30,42,5-10-15-20 (25-30 Years Of Love),The Presidents,Sussex,7,30,
1970,46,31,33,LET’S WORK TOGETHER,Canned Heat,Liberty,6,31,
1970,46,32,34,AS THE YEARS GO BY,Mashmakhan,Epic,13,32,
1970,46,33,20,EL CONDOR PASA,Simon and Garfunkel,Columbia,10,18,
1970,46,34,30,OUR HOUSE,"Crosby, Stills, Nash, and Young",Atlantic,9,30,
1970,46,35,43,AFTER MIDNIGHT,Eric Clapton,Atco,5,35,
1970,46,36,22,"GOD, LOVE, AND ROCK AND ROLL",Teegarden and Van Winkle,Westbound,9,22,
1970,46,37,29,LUCRETIA MAC EVIL,"Blood, Sweat and Tears",Columbia,7,29,
1970,46,38,40,FOR THE GOOD TIMES,Ray Price,Columbia,12,38,
1970,46,39,44,I AM SOMEBODY (Part 2),Johnnie Taylor,Stax,5,39,
1970,46,40,45,HEED THE CALL,Kenny Rogers and the First Edition,Reprise,5,40,
1970,46,43,39,UGENA ZA ULIMWENGU (Unite the World),The Temptations,Gordy,7,33,
1970,46,45,37,MAKE IT EASY ON YOURSELF,Dionne Warwick,Scepter,7,37,
1970,46,41,46,ONE LESS BELL TO ANSWER,The 5th Dimension,Bell,4,41,
1970,46,42,57,NO MATTER WHAT,Badfinger,Apple,3,42,
1970,46,44,47,AND THE GRASS WON’T PAY YOU NO MIND,Mark Lindsay,Columbia,9,44,
1970,46,46,53,PART TIME LOVE,Ann Peebles,Hi,7,46,
1970,46,47,48,SWEETHEART,Engelbert Humperdinck,Parrot,8,47,
1970,46,48,61,STONED LOVE,The Supremes,Motown,2,48,
1970,46,49,49,FRESH AIR,Quicksilver Messenger Service,Capitol,7,49,
1970,46,50,72,DOES ANYBODY REALLY KNOW WHAT TIME IT IS,Chicago,Columbia,2,50,
1970,47,1,4,I THINK I LOVE YOU,The Partridge Family (Starring Shirley Jones and Featuring David Cassidy),Bell,7,1,1 week at #1
1970,47,2,2,WE’VE ONLY JUST BEGUN,The Carpenters,A&M,11,2,
1970,47,3,1,I’LL BE THERE,Jackson 5,Motown,10,1,
1970,47,4,7,THE TEARS OF A CLOWN,Smokey Robinson and the Miracles,Tamla,6,4,
1970,47,5,3,FIRE AND RAIN,James Taylor,Warner Brothers,11,3,
1970,47,6,5,INDIANA WANTS ME,R. Dean Taylor,Rare Earth,12,5,
1970,47,7,6,GREEN-EYED LADY,Sugarloaf,Liberty,15,3,
1970,47,8,8,SOMEBODY’S BEEN SLEEPING,100 Proof (Aged In Soul),Hot Wax,12,8,
1970,47,9,9,GYPSY WOMAN,Brian Hyland,Uni,12,9,
1970,47,10,13,MONTEGO BAY,Bobby Bloom,MGM / L&R,11,10,
1970,47,11,11,CRY ME A RIVER,Joe Cocker,A&M,7,11,
1970,47,12,10,IT DON’T MATTER TO ME,Bread,Elektra,9,10,
1970,47,13,15,SUPER BAD (Parts 1 and 2),James Brown,King,8,13,
1970,47,14,12,ALL RIGHT NOW,Free,A&M,15,4,
1970,47,15,19,ENGINE NUMBER 9,Wilson Pickett,Atlantic,9,15,
1970,47,16,20,HEAVEN HELP US ALL,Stevie Wonder,Tamla,6,16,
1970,47,17,14,CRACKLIN’ ROSIE,Neil Diamond,Uni,14,1,
1970,47,18,30,5-10-15-20 (25-30 Years Of Love),The Presidents,Sussex,8,18,
1970,47,19,28,SHARE THE LAND,The Guess Who,RCA,5,19,
1970,47,20,22,YOU DON’T HAVE TO SAY YOU LOVE ME / PATCH IT UP,Elvis Presley,RCA,5,20,
1970,47,21,18,STILL WATER (Love),The Four Tops,Motown,13,11,
1970,47,22,48,STONED LOVE,The Supremes,Motown,3,22,
1970,47,23,16,LOLA,The Kinks,Reprise,13,9,
1970,47,24,25,"SEE ME, FEEL ME",The Who,Decca,9,24,
1970,47,25,26,YELLOW RIVER,Christie,Epic,19,25,
1970,47,26,17,CANDIDA,Dawn,Bell,18,3,
1970,47,27,31,LET’S WORK TOGETHER,Canned Heat,Liberty,7,27,
1970,47,28,41,ONE LESS BELL TO ANSWER,The 5th Dimension,Bell,5,28,
1970,47,29,24,STAND BY YOUR MAN,Candi Staton,Fame,13,24,
1970,47,30,21,IT’S ONLY MAKE BELIEVE,Glen Campbell,Capitol,12,10,
1970,47,31,32,AS THE YEARS GO BY,Mashmakhan,Epic,14,31,
1970,47,32,35,AFTER MIDNIGHT,Eric Clapton,Atco,6,32,
1970,47,33,38,FOR THE GOOD TIMES,Ray Price,Columbia,13,33,
1970,47,34,40,HEED THE CALL,Kenny Rogers and the First Edition,Reprise,6,34,
1970,47,35,27,DEEPER AND DEEPER,Freda Payne,Invictus,11,24,
1970,47,36,42,NO MATTER WHAT,Badfinger,Apple,4,36,
1970,47,37,50,DOES ANYBODY REALLY KNOW WHAT TIME IT IS,Chicago,Columbia,3,37,
1970,47,38,54,HE AIN’T HEAVY…HE’S MY BROTHER,Neil Diamond,Uni,3,38,
1970,47,39,39,I AM SOMEBODY (Part 2),Johnnie Taylor,Stax,6,39,
1970,47,40,55,BLACK MAGIC WOMAN,Santana,Columbia,2,40,
1970,47,41,29,LOOK WHAT THEY’VE DONE TO MY SONG MA,The New Seekers,Elektra,12,14,
1970,47,42,33,EL CONDOR PASA,Simon and Garfunkel,Columbia,11,18,
1970,47,45,23,EXPRESS YOURSELF,Charles Wright and the Watts 103rd Street Rhythm Band,Warner Brothers,15,12,
1970,47,43,59,BE MY BABY,Andy Kim,Steed,3,43,
1970,47,44,44,AND THE GRASS WON’T PAY YOU NO MIND,Mark Lindsay,Columbia,10,44,
1970,47,46,46,PART TIME LOVE,Ann Peebles,Hi,8,46,
1970,47,47,47,SWEETHEART,Engelbert Humperdinck,Parrot,9,47,
1970,47,48,45,MAKE IT EASY ON YOURSELF,Dionne Warwick,Scepter,8,37,
1970,47,49,51,I’M NOT MY BROTHER’S KEEPER,The Flaming Ember,Hot Wax,6,49,
1970,47,50,60,ONLY LOVE CAN BREAK YOUR HEART,Neil Young,Reprise,5,50,
1970,48,1,1,I THINK I LOVE YOU,The Partridge Family (Starring Shirley Jones and Featuring David Cassidy),Bell,8,1,2 weeks at #1
1970,48,2,4,THE TEARS OF A CLOWN,Smokey Robinson and the Miracles,Tamla,7,2,
1970,48,3,3,I’LL BE THERE,Jackson 5,Motown,11,1,
1970,48,4,2,WE’VE ONLY JUST BEGUN,The Carpenters,A&M,12,2,
1970,48,5,5,FIRE AND RAIN,James Taylor,Warner Brothers,12,3,
1970,48,6,9,GYPSY WOMAN,Brian Hyland,Uni,13,6,
1970,48,7,6,INDIANA WANTS ME,R. Dean Taylor,Rare Earth,13,5,
1970,48,8,10,MONTEGO BAY,Bobby Bloom,MGM / L&R,12,8,
1970,48,9,16,HEAVEN HELP US ALL,Stevie Wonder,Tamla,7,9,
1970,48,10,7,GREEN-EYED LADY,Sugarloaf,Liberty,16,3,
1970,48,11,20,YOU DON’T HAVE TO SAY YOU LOVE ME / PATCH IT UP,Elvis Presley,RCA,6,11,
1970,48,12,24,"SEE ME, FEEL ME",The Who,Decca,10,12,
1970,48,13,11,CRY ME A RIVER,Joe Cocker,A&M,8,11,
1970,48,14,15,ENGINE NUMBER 9,Wilson Pickett,Atlantic,10,14,
1970,48,15,18,5-10-15-20 (25-30 Years Of Love),The Presidents,Sussex,9,15,
1970,48,16,19,SHARE THE LAND,The Guess Who,RCA,6,16,
1970,48,17,13,SUPER BAD (Parts 1 and 2),James Brown,King,9,13,
1970,48,18,8,SOMEBODY’S BEEN SLEEPING,100 Proof (Aged In Soul),Hot Wax,13,8,
1970,48,19,12,IT DON’T MATTER TO ME,Bread,Elektra,10,10,
1970,48,20,37,DOES ANYBODY REALLY KNOW WHAT TIME IT IS,Chicago,Columbia,4,20,
1970,48,21,22,STONED LOVE,The Supremes,Motown,4,21,
1970,48,22,14,ALL RIGHT NOW,Free,A&M,16,4,
1970,48,23,25,YELLOW RIVER,Christie,Epic,20,23,
1970,48,24,36,NO MATTER WHAT,Badfinger,Apple,5,24,
1970,48,25,28,ONE LESS BELL TO ANSWER,The 5th Dimension,Bell,6,25,
1970,48,26,27,LET’S WORK TOGETHER,Canned Heat,Liberty,8,26,
1970,48,27,40,BLACK MAGIC WOMAN,Santana,Columbia,3,27,
1970,48,28,21,STILL WATER (Love),The Four Tops,Motown,14,11,
1970,48,29,32,AFTER MIDNIGHT,Eric Clapton,Atco,7,29,
1970,48,30,33,FOR THE GOOD TIMES,Ray Price,Columbia,14,30,
1970,48,31,31,AS THE YEARS GO BY,Mashmakhan,Epic,15,31,
1970,48,32,17,CRACKLIN’ ROSIE,Neil Diamond,Uni,15,1,
1970,48,33,34,HEED THE CALL,Kenny Rogers and the First Edition,Reprise,7,33,
1970,48,34,38,HE AIN’T HEAVY…HE’S MY BROTHER,Neil Diamond,Uni,4,34,
1970,48,35,43,BE MY BABY,Andy Kim,Steed,4,35,
1970,48,36,23,LOLA,The Kinks,Reprise,14,9,
1970,48,37,29,STAND BY YOUR MAN,Candi Staton,Fame,14,24,
1970,48,38,35,DEEPER AND DEEPER,Freda Payne,Invictus,12,24,
1970,48,39,62,CAN’T STOP LOVING YOU,Tom Jones,Parrot,2,39,
1970,48,40,49,I’M NOT MY BROTHER’S KEEPER,The Flaming Ember,Hot Wax,7,40,
1970,48,41,39,I AM SOMEBODY (Part 2),Johnnie Taylor,Stax,7,39,
1970,48,42,56,DO IT,Neil Diamond,Bang,4,42,
1970,48,43,55,ONE MAN BAND,Three Dog Night,Dunhill,2,43,
1970,48,44,50,ONLY LOVE CAN BREAK YOUR HEART,Neil Young,Reprise,6,44,
1970,48,45,46,PART TIME LOVE,Ann Peebles,Hi,9,45,
1970,48,46,44,AND THE GRASS WON’T PAY YOU NO MIND,Mark Lindsay,Columbia,11,44,
1970,48,47,64,DOMINO,Van Morrison,Warner Brothers,3,47,
1970,48,48,47,SWEETHEART,Engelbert Humperdinck,Parrot,10,47,
1970,48,49,51,SO CLOSE,Jake Holmes,Polydor,9,49,
1970,48,50,52,I DON’T WANNA CRY,Ronnie Dyson,Columbia,7,50,
1970,49,1,1,I THINK I LOVE YOU,The Partridge Family (Starring Shirley Jones and Featuring David Cassidy),Bell,9,1,3 weeks at #1
1970,49,2,2,THE TEARS OF A CLOWN,Smokey Robinson and the Miracles,Tamla,8,2,
1970,49,3,6,GYPSY WOMAN,Brian Hyland,Uni,14,3,
1970,49,4,3,I’LL BE THERE,Jackson 5,Motown,12,1,
1970,49,5,4,WE’VE ONLY JUST BEGUN,The Carpenters,A&M,13,2,
1970,49,6,5,FIRE AND RAIN,James Taylor,Warner Brothers,13,3,
1970,49,7,25,ONE LESS BELL TO ANSWER,The 5th Dimension,Bell,7,7,
1970,49,8,24,NO MATTER WHAT,Badfinger,Apple,6,8,
1970,49,9,9,HEAVEN HELP US ALL,Stevie Wonder,Tamla,8,9,
1970,49,10,16,SHARE THE LAND,The Guess Who,RCA,7,10,
1970,49,11,11,YOU DON’T HAVE TO SAY YOU LOVE ME / PATCH IT UP,Elvis Presley,RCA,7,11,
1970,49,12,12,"SEE ME, FEEL ME",The Who,Decca,11,12,
1970,49,13,72,MY SWEET LORD / ISN’T IT A PITY,George Harrison,Apple,2,13,
1970,49,14,15,5-10-15-20 (25-30 Years Of Love),The Presidents,Sussex,10,14,
1970,49,15,8,MONTEGO BAY,Bobby Bloom,MGM / L&R,13,8,
1970,49,16,20,DOES ANYBODY REALLY KNOW WHAT TIME IT IS,Chicago,Columbia,5,16,
1970,49,17,27,BLACK MAGIC WOMAN,Santana,Columbia,4,17,
1970,49,18,7,INDIANA WANTS ME,R. Dean Taylor,Rare Earth,14,5,
1970,49,19,14,ENGINE NUMBER 9,Wilson Pickett,Atlantic,11,14,
1970,49,20,21,STONED LOVE,The Supremes,Motown,5,20,
1970,49,21,29,AFTER MIDNIGHT,Eric Clapton,Atco,8,21,
1970,49,22,35,BE MY BABY,Andy Kim,Steed,5,22,
1970,49,23,23,YELLOW RIVER,Christie,Epic,21,23,
1970,49,24,30,FOR THE GOOD TIMES,Ray Price,Columbia,15,24,
1970,49,25,19,IT DON’T MATTER TO ME,Bread,Elektra,11,10,
1970,49,26,26,LET’S WORK TOGETHER,Canned Heat,Liberty,9,26,
1970,49,27,47,DOMINO,Van Morrison,Warner Brothers,4,27,
1970,49,28,18,SOMEBODY’S BEEN SLEEPING,100 Proof (Aged In Soul),Hot Wax,14,8,
1970,49,29,10,GREEN-EYED LADY,Sugarloaf,Liberty,17,3,
1970,49,30,13,CRY ME A RIVER,Joe Cocker,A&M,9,11,
1970,49,31,34,HE AIN’T HEAVY…HE’S MY BROTHER,Neil Diamond,Uni,5,31,
1970,49,32,17,SUPER BAD (Parts 1 and 2),James Brown,King,10,13,
1970,49,33,65,KNOCK THREE TIMES,Dawn,Bell,3,33,
1970,49,34,39,CAN’T STOP LOVING YOU,Tom Jones,Parrot,3,34,
1970,49,35,44,ONLY LOVE CAN BREAK YOUR HEART,Neil Young,Reprise,7,35,
1970,49,36,62,IT’S IMPOSSIBLE,Perry Como,RCA,4,36,
1970,49,37,33,HEED THE CALL,Kenny Rogers and the First Edition,Reprise,8,33,
1970,49,38,40,I’M NOT MY BROTHER’S KEEPER,The Flaming Ember,Hot Wax,8,38,
1970,49,39,43,ONE MAN BAND,Three Dog Night,Dunhill,3,39,
1970,49,40,42,DO IT,Neil Diamond,Bang,5,40,
1970,49,42,31,AS THE YEARS GO BY,Mashmakhan,Epic,16,31,
1970,49,41,58,PAY TO THE PIPER,The Chairmen Of the Board,Invictus,4,41,
1970,49,43,56,STONEY END,Barbra Streisand,Columbia,6,43,
1970,49,44,71,IMMIGRANT SONG,Led Zeppelin,Atlantic,3,44,
1970,49,45,51,RIVER DEEP-MOUNTAIN HIGH,The Supremes and the Four Tops,Motown,2,45,
1970,49,46,57,GROOVE ME,King Floyd,Chimneyville,7,46,
1970,49,47,53,CHAINS AND THINGS,B.B. King,ABC,6,47,
1970,49,48,54,BORDER SONG / YOU AND ME,Aretha Franklin,Atlantic,3,48,
1970,49,49,52,IF YOU WERE MINE,Ray Charles,ABC / TRC,10,49,
1970,49,50,45,PART TIME LOVE,Ann Peebles,Hi,10,45,
1970,50,1,2,THE TEARS OF A CLOWN,Smokey Robinson and the Miracles,Tamla,9,1,1 week at #1
1970,50,2,1,I THINK I LOVE YOU,The Partridge Family (Starring Shirley Jones and Featuring David Cassidy),Bell,10,1,
1970,50,3,3,GYPSY WOMAN,Brian Hyland,Uni,15,3,
1970,50,4,7,ONE LESS BELL TO ANSWER,The 5th Dimension,Bell,8,4,
1970,50,5,4,I’LL BE THERE,Jackson 5,Motown,13,1,
1970,50,6,13,MY SWEET LORD / ISN’T IT A PITY,George Harrison,Apple,3,6,
1970,50,7,17,BLACK MAGIC WOMAN,Santana,Columbia,5,7,
1970,50,8,8,NO MATTER WHAT,Badfinger,Apple,7,8,
1970,50,9,16,DOES ANYBODY REALLY KNOW WHAT TIME IT IS,Chicago,Columbia,6,9,
1970,50,10,10,SHARE THE LAND,The Guess Who,RCA,8,10,
1970,50,11,5,WE’VE ONLY JUST BEGUN,The Carpenters,A&M,14,2,
1970,50,12,20,STONED LOVE,The Supremes,Motown,6,12,
1970,50,13,14,5-10-15-20 (25-30 Years Of Love),The Presidents,Sussex,11,13,
1970,50,14,11,YOU DON’T HAVE TO SAY YOU LOVE ME / PATCH IT UP,Elvis Presley,RCA,8,11,
1970,50,15,6,FIRE AND RAIN,James Taylor,Warner Brothers,14,3,
1970,50,16,9,HEAVEN HELP US ALL,Stevie Wonder,Tamla,9,9,
1970,50,17,15,MONTEGO BAY,Bobby Bloom,MGM / L&R,14,8,
1970,50,18,21,AFTER MIDNIGHT,Eric Clapton,Atco,9,18,
1970,50,19,22,BE MY BABY,Andy Kim,Steed,6,19,
1970,50,20,33,KNOCK THREE TIMES,Dawn,Bell,4,20,
1970,50,21,31,HE AIN’T HEAVY…HE’S MY BROTHER,Neil Diamond,Uni,6,21,
1970,50,22,27,DOMINO,Van Morrison,Warner Brothers,5,22,
1970,50,23,24,FOR THE GOOD TIMES,Ray Price,Columbia,16,23,
1970,50,24,18,INDIANA WANTS ME,R. Dean Taylor,Rare Earth,15,5,
1970,50,25,12,"SEE ME, FEEL ME",The Who,Decca,12,12,
1970,50,26,19,ENGINE NUMBER 9,Wilson Pickett,Atlantic,12,14,
1970,50,27,23,YELLOW RIVER,Christie,Epic,22,23,
1970,50,28,39,ONE MAN BAND,Three Dog Night,Dunhill,4,28,
1970,50,29,34,CAN’T STOP LOVING YOU,Tom Jones,Parrot,4,29,
1970,50,30,46,GROOVE ME,King Floyd,Chimneyville,8,30,
1970,50,31,26,LET’S WORK TOGETHER,Canned Heat,Liberty,10,26,
1970,50,32,41,PAY TO THE PIPER,The Chairmen Of the Board,Invictus,5,32,
1970,50,33,35,ONLY LOVE CAN BREAK YOUR HEART,Neil Young,Reprise,8,33,
1970,50,34,36,IT’S IMPOSSIBLE,Perry Como,RCA,5,34,
1970,50,35,45,RIVER DEEP-MOUNTAIN HIGH,The Supremes and the Four Tops,Motown,3,35,
1970,50,36,44,IMMIGRANT SONG,Led Zeppelin,Atlantic,4,36,
1970,50,37,37,HEED THE CALL,Kenny Rogers and the First Edition,Reprise,9,33,
1970,50,38,38,I’M NOT MY BROTHER’S KEEPER,The Flaming Ember,Hot Wax,9,38,
1970,50,39,40,DO IT,Neil Diamond,Bang,6,39,
1970,50,40,43,STONEY END,Barbra Streisand,Columbia,7,40,
1970,50,41,48,BORDER SONG / YOU AND ME,Aretha Franklin,Atlantic,4,41,
1970,50,42,59,IF I WERE YOUR WOMAN,Gladys Knight and the Pips,Soul,3,42,
1970,50,43,42,AS THE YEARS GO BY,Mashmakhan,Epic,17,31,
1970,50,44,49,IF YOU WERE MINE,Ray Charles,ABC / TRC,11,44,
1970,50,45,47,CHAINS AND THINGS,B.B. King,ABC,7,45,
1970,50,46,54,WE GOTTA GET YOU A WOMAN,Runt (Todd Rundgren),Ampex,5,46,
1970,50,47,69,MR. BOJANGLES,The Nitty Gritty Dirt Band,Liberty,4,47,
1970,50,48,67,ROSE GARDEN,Lynn Anderson,Columbia,3,48,
1970,50,49,71,YOUR SONG,Elton John,Uni,3,49,
1970,50,50,56,GAMES,Redeye,Pentagram,6,50,
1970,51,1,1,THE TEARS OF A CLOWN,Smokey Robinson and the Miracles,Tamla,10,1,2 weeks at #1
1970,51,2,6,MY SWEET LORD / ISN’T IT A PITY,George Harrison,Apple,4,2,
1970,51,3,4,ONE LESS BELL TO ANSWER,The 5th Dimension,Bell,9,3,
1970,51,4,2,I THINK I LOVE YOU,The Partridge Family (Starring Shirley Jones and Featuring David Cassidy),Bell,11,1,
1970,51,5,7,BLACK MAGIC WOMAN,Santana,Columbia,6,5,
1970,51,6,20,KNOCK THREE TIMES,Dawn,Bell,5,6,
1970,51,7,12,STONED LOVE,The Supremes,Motown,7,7,
1970,51,8,9,DOES ANYBODY REALLY KNOW WHAT TIME IT IS,Chicago,Columbia,7,8,
1970,51,9,3,GYPSY WOMAN,Brian Hyland,Uni,16,3,
1970,51,10,8,NO MATTER WHAT,Badfinger,Apple,8,8,
1970,51,11,10,SHARE THE LAND,The Guess Who,RCA,9,10,
1970,51,12,11,WE’VE ONLY JUST BEGUN,The Carpenters,A&M,15,2,
1970,51,13,13,5-10-15-20 (25-30 Years Of Love),The Presidents,Sussex,12,13,
1970,51,14,5,I’LL BE THERE,Jackson 5,Motown,14,1,
1970,51,15,22,DOMINO,Van Morrison,Warner Brothers,6,15,
1970,51,16,16,HEAVEN HELP US ALL,Stevie Wonder,Tamla,10,9,
1970,51,17,19,BE MY BABY,Andy Kim,Steed,7,17,
1970,51,18,18,AFTER MIDNIGHT,Eric Clapton,Atco,10,18,
1970,51,19,23,FOR THE GOOD TIMES,Ray Price,Columbia,17,19,
1970,51,20,21,HE AIN’T HEAVY…HE’S MY BROTHER,Neil Diamond,Uni,7,20,
1970,51,21,15,FIRE AND RAIN,James Taylor,Warner Brothers,15,3,
1970,51,22,17,MONTEGO BAY,Bobby Bloom,MGM / L&R,15,8,
1970,51,23,28,ONE MAN BAND,Three Dog Night,Dunhill,5,23,
1970,51,24,14,YOU DON’T HAVE TO SAY YOU LOVE ME / PATCH IT UP,Elvis Presley,RCA,9,11,
1970,51,25,32,PAY TO THE PIPER,The Chairmen Of the Board,Invictus,6,25,
1970,51,26,29,CAN’T STOP LOVING YOU,Tom Jones,Parrot,5,26,
1970,51,27,40,STONEY END,Barbra Streisand,Columbia,8,27,
1970,51,28,30,GROOVE ME,King Floyd,Chimneyville,9,28,
1970,51,29,34,IT’S IMPOSSIBLE,Perry Como,RCA,6,29,
1970,51,30,35,RIVER DEEP-MOUNTAIN HIGH,The Supremes and the Four Tops,Motown,4,30,
1970,51,31,36,IMMIGRANT SONG,Led Zeppelin,Atlantic,5,31,
1970,51,32,42,IF I WERE YOUR WOMAN,Gladys Knight and the Pips,Soul,4,32,
1970,51,33,33,ONLY LOVE CAN BREAK YOUR HEART,Neil Young,Reprise,9,33,
1970,51,34,26,ENGINE NUMBER 9,Wilson Pickett,Atlantic,13,14,
1970,51,35,38,I’M NOT MY BROTHER’S KEEPER,The Flaming Ember,Hot Wax,10,35,
1970,51,36,39,DO IT,Neil Diamond,Bang,7,36,
1970,51,37,41,BORDER SONG / YOU AND ME,Aretha Franklin,Atlantic,5,37,
1970,51,38,49,YOUR SONG,Elton John,Uni,4,38,
1970,51,39,67,LOVE THE ONE YOU’RE WITH,Stephen Stills,Atlantic,2,39,
1970,51,40,48,ROSE GARDEN,Lynn Anderson,Columbia,4,40,
1970,51,43,25,"SEE ME, FEEL ME",The Who,Decca,13,12,
1970,51,47,27,YELLOW RIVER,Christie,Epic,23,23,
1970,51,48,37,HEED THE CALL,Kenny Rogers and the First Edition,Reprise,10,33,
1970,51,57,31,LET’S WORK TOGETHER,Canned Heat,Liberty,11,26,
1970,51,41,56,LONELY DAYS,The Bee Gees,Atco,3,41,
1970,51,42,44,IF YOU WERE MINE,Ray Charles,ABC / TRC,12,42,
1970,51,44,46,WE GOTTA GET YOU A WOMAN,Runt (Todd Rundgren),Ampex,6,44,
1970,51,45,50,GAMES,Redeye,Pentagram,7,45,
1970,51,46,47,MR. BOJANGLES,The Nitty Gritty Dirt Band,Liberty,5,46,
1970,51,49,53,MORNING,Jim Ed Brown,RCA,6,49,
1970,51,50,45,CHAINS AND THINGS,B.B. King,ABC,8,45,
1970,52,1,2,MY SWEET LORD / ISN’T IT A PITY,George Harrison,Apple,5,1,1 week at #1
1970,52,2,3,ONE LESS BELL TO ANSWER,The 5th Dimension,Bell,10,2,
1970,52,3,1,THE TEARS OF A CLOWN,Smokey Robinson and the Miracles,Tamla,11,1,
1970,52,4,6,KNOCK THREE TIMES,Dawn,Bell,6,4,
1970,52,5,5,BLACK MAGIC WOMAN,Santana,Columbia,7,5,
1970,52,6,4,I THINK I LOVE YOU,The Partridge Family (Starring Shirley Jones and Featuring David Cassidy),Bell,12,1,
1970,52,7,7,STONED LOVE,The Supremes,Motown,8,7,
1970,52,8,8,DOES ANYBODY REALLY KNOW WHAT TIME IT IS,Chicago,Columbia,8,8,
1970,52,9,9,GYPSY WOMAN,Brian Hyland,Uni,17,3,
1970,52,10,10,NO MATTER WHAT,Badfinger,Apple,9,8,
1970,52,11,13,5-10-15-20 (25-30 Years Of Love),The Presidents,Sussex,13,11,
1970,52,12,15,DOMINO,Van Morrison,Warner Brothers,7,12,
1970,52,13,27,STONEY END,Barbra Streisand,Columbia,9,13,
1970,52,14,19,FOR THE GOOD TIMES,Ray Price,Columbia,18,14,
1970,52,15,12,WE’VE ONLY JUST BEGUN,The Carpenters,A&M,16,2,
1970,52,16,14,I’LL BE THERE,Jackson 5,Motown,15,1,
1970,52,17,30,RIVER DEEP-MOUNTAIN HIGH,The Supremes and the Four Tops,Motown,5,17,
1970,52,18,28,GROOVE ME,King Floyd,Chimneyville,10,18,
1970,52,19,29,IT’S IMPOSSIBLE,Perry Como,RCA,7,19,
1970,52,20,20,HE AIN’T HEAVY…HE’S MY BROTHER,Neil Diamond,Uni,8,20,
1970,52,21,17,BE MY BABY,Andy Kim,Steed,8,17,
1970,52,22,23,ONE MAN BAND,Three Dog Night,Dunhill,6,22,
1970,52,23,25,PAY TO THE PIPER,The Chairmen Of the Board,Invictus,7,23,
1970,52,24,32,IF I WERE YOUR WOMAN,Gladys Knight and the Pips,Soul,5,24,
1970,52,25,26,CAN’T STOP LOVING YOU,Tom Jones,Parrot,6,25,
1970,52,26,41,LONELY DAYS,The Bee Gees,Atco,4,26,
1970,52,27,22,MONTEGO BAY,Bobby Bloom,MGM / L&R,16,8,
1970,52,28,31,IMMIGRANT SONG,Led Zeppelin,Atlantic,6,28,
1970,52,29,38,YOUR SONG,Elton John,Uni,5,29,
1970,52,30,11,SHARE THE LAND,The Guess Who,RCA,10,10,
1970,52,31,39,LOVE THE ONE YOU’RE WITH,Stephen Stills,Atlantic,3,31,
1970,52,32,24,YOU DON’T HAVE TO SAY YOU LOVE ME / PATCH IT UP,Elvis Presley,RCA,10,11,
1970,52,33,40,ROSE GARDEN,Lynn Anderson,Columbia,5,33,
1970,52,34,35,I’M NOT MY BROTHER’S KEEPER,The Flaming Ember,Hot Wax,11,34,
1970,52,35,21,FIRE AND RAIN,James Taylor,Warner Brothers,16,3,
1970,52,36,36,DO IT,Neil Diamond,Bang,8,36,
1970,52,37,37,BORDER SONG / YOU AND ME,Aretha Franklin,Atlantic,6,37,
1970,52,38,18,AFTER MIDNIGHT,Eric Clapton,Atco,11,18,
1970,52,39,45,GAMES,Redeye,Pentagram,8,39,
1970,52,40,44,WE GOTTA GET YOU A WOMAN,Runt (Todd Rundgren),Ampex,7,40,
1970,52,41,16,HEAVEN HELP US ALL,Stevie Wonder,Tamla,11,9,
1970,52,43,33,ONLY LOVE CAN BREAK YOUR HEART,Neil Young,Reprise,10,33,
1970,52,42,42,IF YOU WERE MINE,Ray Charles,ABC / TRC,13,42,
1970,52,44,46,MR. BOJANGLES,The Nitty Gritty Dirt Band,Liberty,6,44,
1970,52,45,56,SILVER MOON,Michael Nesmith and the First National Band,RCA,5,45,
1970,52,46,59,THE GREEN GRASS STARTS TO GROW,Dionne Warwick,Scepter,4,46,
1970,52,47,49,MORNING,Jim Ed Brown,RCA,7,47,
1970,52,48,53,(Don’t Worry) IF THERE’S A HELL BELOW WE’RE ALL GOING TO GO,Curtis Mayfield,Curtom,6,48,
1970,52,49,55,MOST OF ALL,B.J. Thomas,Scepter,5,49,
1970,52,50,62,STOP THE WAR NOW,Edwin Starr,Gordy,2,50,
