YEAR,WEEK,TW,LW,TITLE,ARTIST,LABEL,WEEKS_ON_CHART,PEAK_POSITION,WEEKS_AT_1
1971,1,2,2,ONE LESS BELL TO ANSWER,The 5th Dimension,Bell,11,2,
1971,1,3,4,KNOCK THREE TIMES,Dawn,Bell,7,3,
1971,1,6,6,I THINK I LOVE YOU,The Partridge Family (Starring Shirley Jones and Featuring David Cassidy),Bell,13,1,
1971,1,7,8,DOES ANYBODY REALLY KNOW WHAT TIME IT IS,Chicago,Columbia,9,7,
1971,1,10,9,GYPSY WOMAN,Brian Hyland,Uni,18,3,
1971,1,11,14,FOR THE GOOD TIMES,Ray Price,Columbia,19,11,
1971,1,12,13,STONEY END,Barbra Streisand,Columbia,10,12,
1971,1,13,10,NO MATTER WHAT,Badfinger,Apple,10,8,
1971,1,14,23,PAY TO THE PIPER,The Chairmen Of the Board,Invictus,8,14,
1971,1,15,19,IT’S IMPOSSIBLE,Perry Como,RCA,8,15,
1971,1,17,18,GROOVE ME,King Floyd,Chimneyville,11,17,
1971,1,18,33,ROSE GARDEN,Lynn Anderson,Columbia,6,18,
1971,1,19,11,5-10-15-20 (25-30 Years Of Love),The Presidents,Sussex,14,11,
1971,1,22,20,HE AIN’T HEAVY…HE’S MY BROTHER,Neil Diamond,Uni,9,20,
1971,1,23,24,IF I WERE YOUR WOMAN,Gladys Knight and the Pips,Soul,6,23,
1971,1,26,21,BE MY BABY,Andy Kim,Steed,9,17,
1971,1,28,15,WE’VE ONLY JUST BEGUN,The Carpenters,A&M,17,2,
1971,1,29,16,I’LL BE THERE,Jackson 5,Motown,16,1,
1971,1,30,25,CAN’T STOP LOVING YOU,Tom Jones,Parrot,7,25,
1971,1,31,39,GAMES,Redeye,Pentagram,9,31,
1971,1,32,40,WE GOTTA GET YOU A WOMAN,Runt (Todd Rundgren),Ampex,8,32,
1971,1,33,50,STOP THE WAR NOW,Edwin Starr,Gordy,3,33,
1971,1,34,48,(Don’t Worry) IF THERE’S A HELL BELOW WE’RE ALL GOING TO GO,Curtis Mayfield,Curtom,7,34,
1971,1,36,53,BORN TO WANDER,Rare Earth,Rare Earth,4,36,
1971,1,37,34,I’M NOT MY BROTHER’S KEEPER,The Flaming Ember,Hot Wax,12,34,
1971,1,38,36,DO IT,Neil Diamond,Bang,9,36,
1971,1,40,44,MR. BOJANGLES,The Nitty Gritty Dirt Band,Liberty,7,40,
1971,1,42,49,MOST OF ALL,B.J. Thomas,Scepter,6,42,
1971,1,43,45,SILVER MOON,Michael Nesmith and the First National Band,RCA,6,43,
1971,1,45,46,THE GREEN GRASS STARTS TO GROW,Dionne Warwick,Scepter,5,45,
1971,1,47,74,REMEMBER ME,Diana Ross,Motown,2,47,
1971,1,48,58,AMAZING GRACE,Judy Collins,Elektra,4,48,
1971,1,49,51,STEALER,Free,A&M,6,49,
1971,1,50,52,AMOS MOSES,Jerry Reed,RCA,10,50,
1971,2,1,1,MY SWEET LORD / ISN’T IT A PITY,George Harrison,Apple,7,1,3 weeks at #1
1971,2,2,3,KNOCK THREE TIMES,Dawn,Bell,8,2,
1971,2,3,2,ONE LESS BELL TO ANSWER,The 5th Dimension,Bell,12,2,
1971,2,4,5,BLACK MAGIC WOMAN,Santana,Columbia,9,4,
1971,2,5,6,I THINK I LOVE YOU,The Partridge Family (Starring Shirley Jones and Featuring David Cassidy),Bell,14,1,
1971,2,6,4,THE TEARS OF A CLOWN,Smokey Robinson and the Miracles,Tamla,13,1,
1971,2,7,7,DOES ANYBODY REALLY KNOW WHAT TIME IT IS,Chicago,Columbia,10,7,
1971,2,8,8,STONED LOVE,The Supremes,Motown,10,7,
1971,2,9,21,LONELY DAYS,The Bee Gees,Atco,6,9,
1971,2,10,12,STONEY END,Barbra Streisand,Columbia,11,10,
1971,2,11,17,GROOVE ME,King Floyd,Chimneyville,12,11,
1971,2,12,15,IT’S IMPOSSIBLE,Perry Como,RCA,9,12,
1971,2,13,14,PAY TO THE PIPER,The Chairmen Of the Board,Invictus,9,13,
1971,2,14,16,RIVER DEEP-MOUNTAIN HIGH,The Supremes and the Four Tops,Motown,7,14,
1971,2,15,9,DOMINO,Van Morrison,Warner Brothers,9,9,
1971,2,16,11,FOR THE GOOD TIMES,Ray Price,Columbia,20,11,
1971,2,17,25,YOUR SONG,Elton John,Uni,7,17,
1971,2,18,18,ROSE GARDEN,Lynn Anderson,Columbia,7,18,
1971,2,19,20,ONE MAN BAND,Three Dog Night,Dunhill,8,19,
1971,2,20,23,IF I WERE YOUR WOMAN,Gladys Knight and the Pips,Soul,7,20,
1971,2,21,13,NO MATTER WHAT,Badfinger,Apple,11,8,
1971,2,22,10,GYPSY WOMAN,Brian Hyland,Uni,19,3,
1971,2,23,24,IMMIGRANT SONG,Led Zeppelin,Atlantic,8,23,
1971,2,24,27,LOVE THE ONE YOU’RE WITH,Stephen Stills,Atlantic,5,24,
1971,2,25,32,WE GOTTA GET YOU A WOMAN,Runt (Todd Rundgren),Ampex,9,25,
1971,2,26,22,HE AIN’T HEAVY…HE’S MY BROTHER,Neil Diamond,Uni,10,20,
1971,2,27,26,BE MY BABY,Andy Kim,Steed,10,17,
1971,2,28,31,GAMES,Redeye,Pentagram,10,28,
1971,2,29,35,I REALLY DON’T WANT TO KNOW / THERE GOES MY EVERYTHING,Elvis Presley,RCA,3,29,
1971,2,30,34,(Don’t Worry) IF THERE’S A HELL BELOW WE’RE ALL GOING TO GO,Curtis Mayfield,Curtom,8,30,
1971,2,31,47,REMEMBER ME,Diana Ross,Motown,3,31,
1971,2,32,36,BORN TO WANDER,Rare Earth,Rare Earth,5,32,
1971,2,33,33,STOP THE WAR NOW,Edwin Starr,Gordy,4,33,
1971,2,34,30,CAN’T STOP LOVING YOU,Tom Jones,Parrot,8,25,
1971,2,35,19,5-10-15-20 (25-30 Years Of Love),The Presidents,Sussex,15,11,
1971,2,36,50,AMOS MOSES,Jerry Reed,RCA,11,36,
1971,2,37,48,AMAZING GRACE,Judy Collins,Elektra,5,37,
1971,2,38,40,MR. BOJANGLES,The Nitty Gritty Dirt Band,Liberty,8,38,
1971,2,39,58,WATCHING SCOTTY GROW,Bobby Goldsboro,United Artists,3,39,
1971,2,40,42,MOST OF ALL,B.J. Thomas,Scepter,7,40,
1971,2,45,37,I’M NOT MY BROTHER’S KEEPER,The Flaming Ember,Hot Wax,13,34,
1971,2,47,38,DO IT,Neil Diamond,Bang,10,36,
1971,2,41,53,"GET UP, GET INTO IT, GET INVOLVED (Part 1)",James Brown,King,2,41,
1971,2,42,43,SILVER MOON,Michael Nesmith and the First National Band,RCA,7,42,
1971,2,43,62,I HEAR YOU KNOCKING,Dave Edmunds,MAM,3,43,
1971,2,44,45,THE GREEN GRASS STARTS TO GROW,Dionne Warwick,Scepter,6,44,
1971,2,46,46,ONLY LOVE CAN BREAK YOUR HEART,Neil Young,Reprise,12,33,
1971,2,48,56,PRECIOUS PRECIOUS,Jackie Moore,Atlantic,6,48,
1971,2,50,71,IF YOU COULD READ MY MIND,Gordon Lightfoot,Reprise,3,50,
1971,3,1,1,MY SWEET LORD / ISN’T IT A PITY,George Harrison,Apple,8,1,4 weeks at #1
1971,3,2,2,KNOCK THREE TIMES,Dawn,Bell,9,2,
1971,3,3,3,ONE LESS BELL TO ANSWER,The 5th Dimension,Bell,13,2,
1971,3,4,4,BLACK MAGIC WOMAN,Santana,Columbia,10,4,
1971,3,5,5,I THINK I LOVE YOU,The Partridge Family (Starring Shirley Jones and Featuring David Cassidy),Bell,15,1,
1971,3,6,9,LONELY DAYS,The Bee Gees,Atco,7,6,
1971,3,7,11,GROOVE ME,King Floyd,Chimneyville,13,7,
1971,3,8,8,STONED LOVE,The Supremes,Motown,11,7,
1971,3,9,10,STONEY END,Barbra Streisand,Columbia,12,9,
1971,3,10,6,THE TEARS OF A CLOWN,Smokey Robinson and the Miracles,Tamla,14,1,
1971,3,11,17,YOUR SONG,Elton John,Uni,8,11,
1971,3,12,12,IT’S IMPOSSIBLE,Perry Como,RCA,10,12,
1971,3,13,13,PAY TO THE PIPER,The Chairmen Of the Board,Invictus,10,13,
1971,3,14,14,RIVER DEEP-MOUNTAIN HIGH,The Supremes and the Four Tops,Motown,8,14,
1971,3,15,18,ROSE GARDEN,Lynn Anderson,Columbia,8,15,
1971,3,16,16,FOR THE GOOD TIMES,Ray Price,Columbia,21,11,
1971,3,17,7,DOES ANYBODY REALLY KNOW WHAT TIME IT IS,Chicago,Columbia,11,7,
1971,3,18,24,LOVE THE ONE YOU’RE WITH,Stephen Stills,Atlantic,6,18,
1971,3,19,20,IF I WERE YOUR WOMAN,Gladys Knight and the Pips,Soul,8,19,
1971,3,20,23,IMMIGRANT SONG,Led Zeppelin,Atlantic,9,20,
1971,3,21,15,DOMINO,Van Morrison,Warner Brothers,10,9,
1971,3,22,25,WE GOTTA GET YOU A WOMAN,Runt (Todd Rundgren),Ampex,10,22,
1971,3,23,19,ONE MAN BAND,Three Dog Night,Dunhill,9,19,
1971,3,24,32,BORN TO WANDER,Rare Earth,Rare Earth,6,24,
1971,3,25,29,I REALLY DON’T WANT TO KNOW / THERE GOES MY EVERYTHING,Elvis Presley,RCA,4,25,
1971,3,26,31,REMEMBER ME,Diana Ross,Motown,4,26,
1971,3,27,33,STOP THE WAR NOW,Edwin Starr,Gordy,5,27,
1971,3,28,28,GAMES,Redeye,Pentagram,11,28,
1971,3,29,30,(Don’t Worry) IF THERE’S A HELL BELOW WE’RE ALL GOING TO GO,Curtis Mayfield,Curtom,9,29,
1971,3,30,21,NO MATTER WHAT,Badfinger,Apple,12,8,
1971,3,31,43,I HEAR YOU KNOCKING,Dave Edmunds,MAM,4,31,
1971,3,32,26,HE AIN’T HEAVY…HE’S MY BROTHER,Neil Diamond,Uni,11,20,
1971,3,33,38,MR. BOJANGLES,The Nitty Gritty Dirt Band,Liberty,9,33,
1971,3,34,37,AMAZING GRACE,Judy Collins,Elektra,6,34,
1971,3,35,36,AMOS MOSES,Jerry Reed,RCA,12,35,
1971,3,36,39,WATCHING SCOTTY GROW,Bobby Goldsboro,United Artists,4,36,
1971,3,37,22,GYPSY WOMAN,Brian Hyland,Uni,20,3,
1971,3,38,41,"GET UP, GET INTO IT, GET INVOLVED (Part 1)",James Brown,King,3,38,
1971,3,39,27,BE MY BABY,Andy Kim,Steed,11,17,
1971,3,40,40,MOST OF ALL,B.J. Thomas,Scepter,8,40,
1971,3,41,49,(Do the) PUSH AND PULL (Part 1),Rufus Thomas,Stax,5,41,
1971,3,42,50,IF YOU COULD READ MY MIND,Gordon Lightfoot,Reprise,4,42,
1971,3,43,44,THE GREEN GRASS STARTS TO GROW,Dionne Warwick,Scepter,7,43,
1971,3,44,64,ONE BAD APPLE,The Osmonds,MGM,3,44,
1971,3,45,53,SOMEBODY’S WATCHING YOU,Little Sister,Stone Flower,6,45,
1971,3,46,48,PRECIOUS PRECIOUS,Jackie Moore,Atlantic,7,46,
1971,3,48,62,YOUR TIME TO CRY,Joe Simon,Spring,5,48,
1971,3,49,57,LET YOUR LOVE GO,Bread,Elektra,3,49,
1971,3,50,58,THEY CAN’T TAKE AWAY OUR MUSIC,Eric Burdon and War,MGM,5,50,
1971,4,1,2,KNOCK THREE TIMES,Dawn,Bell,10,1,1 week at #1
1971,4,2,1,MY SWEET LORD / ISN’T IT A PITY,George Harrison,Apple,9,1,
1971,4,3,3,ONE LESS BELL TO ANSWER,The 5th Dimension,Bell,14,2,
1971,4,4,6,LONELY DAYS,The Bee Gees,Atco,8,4,
1971,4,5,4,BLACK MAGIC WOMAN,Santana,Columbia,11,4,
1971,4,6,9,STONEY END,Barbra Streisand,Columbia,13,6,
1971,4,7,7,GROOVE ME,King Floyd,Chimneyville,14,7,
1971,4,8,11,YOUR SONG,Elton John,Uni,9,8,
1971,4,9,15,ROSE GARDEN,Lynn Anderson,Columbia,9,9,
1971,4,10,12,IT’S IMPOSSIBLE,Perry Como,RCA,11,10,
1971,4,11,5,I THINK I LOVE YOU,The Partridge Family (Starring Shirley Jones and Featuring David Cassidy),Bell,16,1,
1971,4,12,8,STONED LOVE,The Supremes,Motown,12,7,
1971,4,13,19,IF I WERE YOUR WOMAN,Gladys Knight and the Pips,Soul,9,13,
1971,4,14,14,RIVER DEEP-MOUNTAIN HIGH,The Supremes and the Four Tops,Motown,9,14,
1971,4,15,18,LOVE THE ONE YOU’RE WITH,Stephen Stills,Atlantic,7,15,
1971,4,16,31,I HEAR YOU KNOCKING,Dave Edmunds,MAM,5,16,
1971,4,17,10,THE TEARS OF A CLOWN,Smokey Robinson and the Miracles,Tamla,15,1,
1971,4,18,20,IMMIGRANT SONG,Led Zeppelin,Atlantic,10,18,
1971,4,19,17,DOES ANYBODY REALLY KNOW WHAT TIME IT IS,Chicago,Columbia,12,7,
1971,4,20,16,FOR THE GOOD TIMES,Ray Price,Columbia,22,11,
1971,4,21,26,REMEMBER ME,Diana Ross,Motown,5,21,
1971,4,22,22,WE GOTTA GET YOU A WOMAN,Runt (Todd Rundgren),Ampex,11,22,
1971,4,23,24,BORN TO WANDER,Rare Earth,Rare Earth,7,23,
1971,4,24,25,I REALLY DON’T WANT TO KNOW / THERE GOES MY EVERYTHING,Elvis Presley,RCA,5,24,
1971,4,25,13,PAY TO THE PIPER,The Chairmen Of the Board,Invictus,11,13,
1971,4,26,27,STOP THE WAR NOW,Edwin Starr,Gordy,6,26,
1971,4,27,28,GAMES,Redeye,Pentagram,12,27,
1971,4,28,23,ONE MAN BAND,Three Dog Night,Dunhill,10,19,
1971,4,29,21,DOMINO,Van Morrison,Warner Brothers,11,9,
1971,4,30,34,AMAZING GRACE,Judy Collins,Elektra,7,30,
1971,4,31,33,MR. BOJANGLES,The Nitty Gritty Dirt Band,Liberty,10,31,
1971,4,32,36,WATCHING SCOTTY GROW,Bobby Goldsboro,United Artists,5,32,
1971,4,33,35,AMOS MOSES,Jerry Reed,RCA,13,33,
1971,4,34,44,ONE BAD APPLE,The Osmonds,MGM,4,34,
1971,4,35,38,"GET UP, GET INTO IT, GET INVOLVED (Part 1)",James Brown,King,4,35,
1971,4,36,42,IF YOU COULD READ MY MIND,Gordon Lightfoot,Reprise,5,36,
1971,4,37,29,(Don’t Worry) IF THERE’S A HELL BELOW WE’RE ALL GOING TO GO,Curtis Mayfield,Curtom,10,29,
1971,4,38,40,MOST OF ALL,B.J. Thomas,Scepter,9,38,
1971,4,39,46,PRECIOUS PRECIOUS,Jackie Moore,Atlantic,8,39,
1971,4,40,41,(Do the) PUSH AND PULL (Part 1),Rufus Thomas,Stax,6,40,
1971,4,41,45,SOMEBODY’S WATCHING YOU,Little Sister,Stone Flower,7,41,
1971,4,42,48,YOUR TIME TO CRY,Joe Simon,Spring,6,42,
1971,4,43,43,THE GREEN GRASS STARTS TO GROW,Dionne Warwick,Scepter,8,43,
1971,4,44,49,LET YOUR LOVE GO,Bread,Elektra,4,44,
1971,4,45,52,1900 YESTERDAY,Liz Damon’s Orient Express,White Whale,5,45,
1971,4,46,60,MOTHER,John Lennon / Plastic Ono Band,Apple,3,46,
1971,4,47,47,MEAN MISTREATER,Grand Funk Railroad,Capitol,7,47,
1971,4,48,56,TEMPTATION EYES,The Grass Roots,Dunhill,5,48,
1971,4,49,67,BURNING BRIDGES,The Mike Curb Congregation,MGM,8,49,
1971,4,50,50,THEY CAN’T TAKE AWAY OUR MUSIC,Eric Burdon and War,MGM,6,50,
1971,5,1,1,KNOCK THREE TIMES,Dawn,Bell,11,1,2 weeks at #1
1971,5,2,2,MY SWEET LORD / ISN’T IT A PITY,George Harrison,Apple,10,1,
1971,5,3,4,LONELY DAYS,The Bee Gees,Atco,9,3,
1971,5,4,3,ONE LESS BELL TO ANSWER,The 5th Dimension,Bell,15,2,
1971,5,5,9,ROSE GARDEN,Lynn Anderson,Columbia,10,5,
1971,5,6,7,GROOVE ME,King Floyd,Chimneyville,15,6,
1971,5,7,16,I HEAR YOU KNOCKING,Dave Edmunds,MAM,6,7,
1971,5,8,8,YOUR SONG,Elton John,Uni,10,8,
1971,5,9,34,ONE BAD APPLE,The Osmonds,MGM,5,9,
1971,5,10,6,STONEY END,Barbra Streisand,Columbia,14,6,
1971,5,11,13,IF I WERE YOUR WOMAN,Gladys Knight and the Pips,Soul,10,11,
1971,5,12,5,BLACK MAGIC WOMAN,Santana,Columbia,12,4,
1971,5,13,10,IT’S IMPOSSIBLE,Perry Como,RCA,12,10,
1971,5,14,15,LOVE THE ONE YOU’RE WITH,Stephen Stills,Atlantic,8,14,
1971,5,15,11,I THINK I LOVE YOU,The Partridge Family (Starring Shirley Jones and Featuring David Cassidy),Bell,17,1,
1971,5,16,18,IMMIGRANT SONG,Led Zeppelin,Atlantic,11,16,
1971,5,17,23,BORN TO WANDER,Rare Earth,Rare Earth,8,17,
1971,5,18,31,MR. BOJANGLES,The Nitty Gritty Dirt Band,Liberty,11,18,
1971,5,19,21,REMEMBER ME,Diana Ross,Motown,6,19,
1971,5,20,22,WE GOTTA GET YOU A WOMAN,Runt (Todd Rundgren),Ampex,12,20,
1971,5,21,12,STONED LOVE,The Supremes,Motown,13,7,
1971,5,22,24,I REALLY DON’T WANT TO KNOW / THERE GOES MY EVERYTHING,Elvis Presley,RCA,6,22,
1971,5,23,20,FOR THE GOOD TIMES,Ray Price,Columbia,23,11,
1971,5,24,19,DOES ANYBODY REALLY KNOW WHAT TIME IT IS,Chicago,Columbia,13,7,
1971,5,25,32,WATCHING SCOTTY GROW,Bobby Goldsboro,United Artists,6,25,
1971,5,26,30,AMAZING GRACE,Judy Collins,Elektra,8,26,
1971,5,27,25,PAY TO THE PIPER,The Chairmen Of the Board,Invictus,12,13,
1971,5,28,36,IF YOU COULD READ MY MIND,Gordon Lightfoot,Reprise,6,28,
1971,5,29,14,RIVER DEEP-MOUNTAIN HIGH,The Supremes and the Four Tops,Motown,10,14,
1971,5,30,28,ONE MAN BAND,Three Dog Night,Dunhill,11,19,
1971,5,31,33,AMOS MOSES,Jerry Reed,RCA,14,31,
1971,5,32,29,DOMINO,Van Morrison,Warner Brothers,12,9,
1971,5,33,44,LET YOUR LOVE GO,Bread,Elektra,5,33,
1971,5,34,27,GAMES,Redeye,Pentagram,13,27,
1971,5,35,35,"GET UP, GET INTO IT, GET INVOLVED (Part 1)",James Brown,King,5,35,
1971,5,36,40,(Do the) PUSH AND PULL (Part 1),Rufus Thomas,Stax,7,36,
1971,5,37,45,1900 YESTERDAY,Liz Damon’s Orient Express,White Whale,6,37,
1971,5,38,17,THE TEARS OF A CLOWN,Smokey Robinson and the Miracles,Tamla,16,1,
1971,5,39,39,PRECIOUS PRECIOUS,Jackie Moore,Atlantic,9,39,
1971,5,40,41,SOMEBODY’S WATCHING YOU,Little Sister,Stone Flower,8,40,
1971,5,44,26,STOP THE WAR NOW,Edwin Starr,Gordy,7,26,
1971,5,53,37,(Don’t Worry) IF THERE’S A HELL BELOW WE’RE ALL GOING TO GO,Curtis Mayfield,Curtom,11,29,
1971,5,61,38,MOST OF ALL,B.J. Thomas,Scepter,10,38,
1971,5,41,42,YOUR TIME TO CRY,Joe Simon,Spring,7,41,
1971,5,42,48,TEMPTATION EYES,The Grass Roots,Dunhill,6,42,
1971,5,43,46,MOTHER,John Lennon / Plastic Ono Band,Apple,4,43,
1971,5,45,49,BURNING BRIDGES,The Mike Curb Congregation,MGM,9,45,
1971,5,46,55,SWEET MARY,Wadsworth Mansion,Sussex,6,46,
1971,5,48,58,APEMAN,The Kinks,Reprise,5,48,
1971,5,49,53,(Theme From) “LOVE STORY”,"Henry Mancini, His Orchestra and Chorus",RCA,3,49,
1971,6,1,1,KNOCK THREE TIMES,Dawn,Bell,12,1,3 weeks at #1
1971,6,2,9,ONE BAD APPLE,The Osmonds,MGM,6,2,
1971,6,3,2,MY SWEET LORD / ISN’T IT A PITY,George Harrison,Apple,11,1,
1971,6,4,3,LONELY DAYS,The Bee Gees,Atco,10,3,
1971,6,5,5,ROSE GARDEN,Lynn Anderson,Columbia,11,5,
1971,6,6,7,I HEAR YOU KNOCKING,Dave Edmunds,MAM,7,6,
1971,6,7,6,GROOVE ME,King Floyd,Chimneyville,16,6,
1971,6,8,8,YOUR SONG,Elton John,Uni,11,8,
1971,6,9,4,ONE LESS BELL TO ANSWER,The 5th Dimension,Bell,16,2,
1971,6,10,11,IF I WERE YOUR WOMAN,Gladys Knight and the Pips,Soul,11,10,
1971,6,11,10,STONEY END,Barbra Streisand,Columbia,15,6,
1971,6,12,25,WATCHING SCOTTY GROW,Bobby Goldsboro,United Artists,7,12,
1971,6,13,13,IT’S IMPOSSIBLE,Perry Como,RCA,13,10,
1971,6,14,14,LOVE THE ONE YOU’RE WITH,Stephen Stills,Atlantic,9,14,
1971,6,15,18,MR. BOJANGLES,The Nitty Gritty Dirt Band,Liberty,12,15,
1971,6,16,19,REMEMBER ME,Diana Ross,Motown,7,16,
1971,6,17,17,BORN TO WANDER,Rare Earth,Rare Earth,9,17,
1971,6,18,28,IF YOU COULD READ MY MIND,Gordon Lightfoot,Reprise,7,18,
1971,6,19,26,AMAZING GRACE,Judy Collins,Elektra,9,19,
1971,6,20,20,WE GOTTA GET YOU A WOMAN,Runt (Todd Rundgren),Ampex,13,20,
1971,6,21,22,I REALLY DON’T WANT TO KNOW / THERE GOES MY EVERYTHING,Elvis Presley,RCA,7,21,
1971,6,22,15,I THINK I LOVE YOU,The Partridge Family (Starring Shirley Jones and Featuring David Cassidy),Bell,18,1,
1971,6,23,16,IMMIGRANT SONG,Led Zeppelin,Atlantic,12,16,
1971,6,24,12,BLACK MAGIC WOMAN,Santana,Columbia,13,4,
1971,6,25,47,MAMA’S PEARL,Jackson 5,Motown,2,25,
1971,6,26,21,STONED LOVE,The Supremes,Motown,14,7,
1971,6,27,31,AMOS MOSES,Jerry Reed,RCA,15,27,
1971,6,28,23,FOR THE GOOD TIMES,Ray Price,Columbia,24,11,
1971,6,29,33,LET YOUR LOVE GO,Bread,Elektra,6,29,
1971,6,30,49,(Theme From) “LOVE STORY”,"Henry Mancini, His Orchestra and Chorus",RCA,4,30,
1971,6,31,36,(Do the) PUSH AND PULL (Part 1),Rufus Thomas,Stax,8,31,
1971,6,32,56,HAVE YOU EVER SEEN THE RAIN / HEY TONIGHT,Creedence Clearwater Revival,Fantasy,2,32,
1971,6,33,40,SOMEBODY’S WATCHING YOU,Little Sister,Stone Flower,9,33,
1971,6,34,35,"GET UP, GET INTO IT, GET INVOLVED (Part 1)",James Brown,King,6,34,
1971,6,35,37,1900 YESTERDAY,Liz Damon’s Orient Express,White Whale,7,35,
1971,6,36,39,PRECIOUS PRECIOUS,Jackie Moore,Atlantic,10,36,
1971,6,37,27,PAY TO THE PIPER,The Chairmen Of the Board,Invictus,13,13,
1971,6,38,34,GAMES,Redeye,Pentagram,14,27,
1971,6,39,55,DON’T LET THE GREEN GRASS FOOL YOU,Wilson Pickett,Atlantic,4,39,
1971,6,40,41,YOUR TIME TO CRY,Joe Simon,Spring,8,40,
1971,6,41,42,TEMPTATION EYES,The Grass Roots,Dunhill,7,41,
1971,6,42,45,BURNING BRIDGES,The Mike Curb Congregation,MGM,10,42,
1971,6,43,43,MOTHER,John Lennon / Plastic Ono Band,Apple,5,43,
1971,6,44,46,SWEET MARY,Wadsworth Mansion,Sussex,7,44,
1971,6,45,48,APEMAN,The Kinks,Reprise,6,45,
1971,6,46,52,D.O.A.,Bloodrock,Capitol,6,46,
1971,6,47,54,JODY’S GOT YOUR GIRL AND GONE,Johnnie Taylor,Stax,4,47,
1971,6,48,51,WHEN I’M DEAD AND GONE,McGuinness Flint,Capitol,5,48,
1971,6,49,75,THEME FROM “LOVE STORY”,Francis Lai with His Orchestra,Paramount,2,49,
1971,6,50,50,BRIDGET THE MIDGET (The Queen Of the Blues),Ray Stevens,Barnaby,8,50,
1971,7,1,2,ONE BAD APPLE,The Osmonds,MGM,7,1,1 week at #1
1971,7,2,1,KNOCK THREE TIMES,Dawn,Bell,13,1,
1971,7,3,5,ROSE GARDEN,Lynn Anderson,Columbia,12,3,
1971,7,4,6,I HEAR YOU KNOCKING,Dave Edmunds,MAM,8,4,
1971,7,5,4,LONELY DAYS,The Bee Gees,Atco,11,3,
1971,7,6,3,MY SWEET LORD / ISN’T IT A PITY,George Harrison,Apple,12,1,
1971,7,7,7,GROOVE ME,King Floyd,Chimneyville,17,6,
1971,7,8,8,YOUR SONG,Elton John,Uni,12,8,
1971,7,9,10,IF I WERE YOUR WOMAN,Gladys Knight and the Pips,Soul,12,9,
1971,7,10,25,MAMA’S PEARL,Jackson 5,Motown,3,10,
1971,7,11,18,IF YOU COULD READ MY MIND,Gordon Lightfoot,Reprise,8,11,
1971,7,12,12,WATCHING SCOTTY GROW,Bobby Goldsboro,United Artists,8,12,
1971,7,13,9,ONE LESS BELL TO ANSWER,The 5th Dimension,Bell,17,2,
1971,7,14,15,MR. BOJANGLES,The Nitty Gritty Dirt Band,Liberty,13,14,
1971,7,15,44,SWEET MARY,Wadsworth Mansion,Sussex,8,15,
1971,7,16,16,REMEMBER ME,Diana Ross,Motown,8,16,
1971,7,17,11,STONEY END,Barbra Streisand,Columbia,16,6,
1971,7,18,19,AMAZING GRACE,Judy Collins,Elektra,10,18,
1971,7,19,13,IT’S IMPOSSIBLE,Perry Como,RCA,14,10,
1971,7,20,20,WE GOTTA GET YOU A WOMAN,Runt (Todd Rundgren),Ampex,14,20,
1971,7,21,30,(Theme From) “LOVE STORY”,"Henry Mancini, His Orchestra and Chorus",RCA,5,21,
1971,7,22,14,LOVE THE ONE YOU’RE WITH,Stephen Stills,Atlantic,10,14,
1971,7,23,27,AMOS MOSES,Jerry Reed,RCA,16,23,
1971,7,24,32,HAVE YOU EVER SEEN THE RAIN / HEY TONIGHT,Creedence Clearwater Revival,Fantasy,3,24,
1971,7,25,22,I THINK I LOVE YOU,The Partridge Family (Starring Shirley Jones and Featuring David Cassidy),Bell,19,1,
1971,7,26,17,BORN TO WANDER,Rare Earth,Rare Earth,10,17,
1971,7,27,31,(Do the) PUSH AND PULL (Part 1),Rufus Thomas,Stax,9,27,
1971,7,28,21,I REALLY DON’T WANT TO KNOW / THERE GOES MY EVERYTHING,Elvis Presley,RCA,8,21,
1971,7,29,29,LET YOUR LOVE GO,Bread,Elektra,7,29,
1971,7,30,36,PRECIOUS PRECIOUS,Jackie Moore,Atlantic,11,30,
1971,7,31,41,TEMPTATION EYES,The Grass Roots,Dunhill,8,31,
1971,7,32,33,SOMEBODY’S WATCHING YOU,Little Sister,Stone Flower,10,32,
1971,7,33,35,1900 YESTERDAY,Liz Damon’s Orient Express,White Whale,8,33,
1971,7,34,23,IMMIGRANT SONG,Led Zeppelin,Atlantic,13,16,
1971,7,35,39,DON’T LET THE GREEN GRASS FOOL YOU,Wilson Pickett,Atlantic,5,35,
1971,7,36,47,JODY’S GOT YOUR GIRL AND GONE,Johnnie Taylor,Stax,5,36,
1971,7,38,34,"GET UP, GET INTO IT, GET INVOLVED (Part 1)",James Brown,King,7,34,
1971,7,39,87,FOR ALL WE KNOW,The Carpenters,A&M,2,39,
1971,7,40,40,YOUR TIME TO CRY,Joe Simon,Spring,9,40,
1971,7,41,42,BURNING BRIDGES,The Mike Curb Congregation,MGM,11,41,
1971,7,42,61,ME AND BOBBY McGEE,Janis Joplin,Columbia,3,42,
1971,7,43,60,SHE’S A LADY,Tom Jones,Parrot,2,43,
1971,7,44,57,JUST SEVEN NUMBERS (Can Straighten Out My Life),The Four Tops,Motown,4,44,
1971,7,45,45,APEMAN,The Kinks,Reprise,7,45,
1971,7,46,46,D.O.A.,Bloodrock,Capitol,7,46,
1971,7,47,49,THEME FROM “LOVE STORY”,Francis Lai with His Orchestra,Paramount,3,47,
1971,7,48,48,WHEN I’M DEAD AND GONE,McGuinness Flint,Capitol,6,48,
1971,7,49,58,HELP ME MAKE IT THROUGH THE NIGHT,Sammi Smith,Mega,5,49,
1971,7,50,51,I’M SO PROUD,The Main Ingredient,RCA,10,50,
1971,8,1,1,ONE BAD APPLE,The Osmonds,MGM,8,1,2 weeks at #1
1971,8,2,2,KNOCK THREE TIMES,Dawn,Bell,14,1,
1971,8,3,3,ROSE GARDEN,Lynn Anderson,Columbia,13,3,
1971,8,4,4,I HEAR YOU KNOCKING,Dave Edmunds,MAM,9,4,
1971,8,5,11,IF YOU COULD READ MY MIND,Gordon Lightfoot,Reprise,9,5,
1971,8,6,10,MAMA’S PEARL,Jackson 5,Motown,4,6,
1971,8,7,7,GROOVE ME,King Floyd,Chimneyville,18,6,
1971,8,8,15,SWEET MARY,Wadsworth Mansion,Sussex,9,8,
1971,8,9,14,MR. BOJANGLES,The Nitty Gritty Dirt Band,Liberty,14,9,
1971,8,10,5,LONELY DAYS,The Bee Gees,Atco,12,3,
1971,8,11,12,WATCHING SCOTTY GROW,Bobby Goldsboro,United Artists,9,11,
1971,8,12,23,AMOS MOSES,Jerry Reed,RCA,17,12,
1971,8,13,8,YOUR SONG,Elton John,Uni,13,8,
1971,8,14,21,(Theme From) “LOVE STORY”,"Henry Mancini, His Orchestra and Chorus",RCA,6,14,
1971,8,15,18,AMAZING GRACE,Judy Collins,Elektra,11,15,
1971,8,16,6,MY SWEET LORD / ISN’T IT A PITY,George Harrison,Apple,13,1,
1971,8,17,24,HAVE YOU EVER SEEN THE RAIN / HEY TONIGHT,Creedence Clearwater Revival,Fantasy,4,17,
1971,8,18,9,IF I WERE YOUR WOMAN,Gladys Knight and the Pips,Soul,13,9,
1971,8,19,13,ONE LESS BELL TO ANSWER,The 5th Dimension,Bell,18,2,
1971,8,20,19,IT’S IMPOSSIBLE,Perry Como,RCA,15,10,
1971,8,21,17,STONEY END,Barbra Streisand,Columbia,17,6,
1971,8,22,39,FOR ALL WE KNOW,The Carpenters,A&M,3,22,
1971,8,23,16,REMEMBER ME,Diana Ross,Motown,9,16,
1971,8,24,43,SHE’S A LADY,Tom Jones,Parrot,3,24,
1971,8,25,42,ME AND BOBBY McGEE,Janis Joplin,Columbia,4,25,
1971,8,26,31,TEMPTATION EYES,The Grass Roots,Dunhill,9,26,
1971,8,27,27,(Do the) PUSH AND PULL (Part 1),Rufus Thomas,Stax,10,27,
1971,8,28,29,LET YOUR LOVE GO,Bread,Elektra,8,28,
1971,8,29,51,JUST MY IMAGINATION (Running Away With Me),The Temptations,Gordy,3,29,
1971,8,30,30,PRECIOUS PRECIOUS,Jackie Moore,Atlantic,12,30,
1971,8,31,28,I REALLY DON’T WANT TO KNOW / THERE GOES MY EVERYTHING,Elvis Presley,RCA,9,21,
1971,8,32,37,PROUD MARY,Ike and Tina Turner,Liberty,4,32,
1971,8,33,35,DON’T LET THE GREEN GRASS FOOL YOU,Wilson Pickett,Atlantic,6,33,
1971,8,34,20,WE GOTTA GET YOU A WOMAN,Runt (Todd Rundgren),Ampex,15,20,
1971,8,35,26,BORN TO WANDER,Rare Earth,Rare Earth,11,17,
1971,8,36,36,JODY’S GOT YOUR GIRL AND GONE,Johnnie Taylor,Stax,6,36,
1971,8,37,57,DOESN’T SOMEBODY WANT TO BE WANTED,The Partridge Family (Starring Shirley Jones and Featuring David Cassidy),Bell,2,37,
1971,8,38,22,LOVE THE ONE YOU’RE WITH,Stephen Stills,Atlantic,11,14,
1971,8,39,49,HELP ME MAKE IT THROUGH THE NIGHT,Sammi Smith,Mega,6,39,
1971,8,40,40,YOUR TIME TO CRY,Joe Simon,Spring,10,40,
1971,8,42,32,SOMEBODY’S WATCHING YOU,Little Sister,Stone Flower,11,32,
1971,8,48,38,"GET UP, GET INTO IT, GET INVOLVED (Part 1)",James Brown,King,8,34,
1971,8,50,33,1900 YESTERDAY,Liz Damon’s Orient Express,White Whale,9,33,
1971,8,41,41,BURNING BRIDGES,The Mike Curb Congregation,MGM,12,41,
1971,8,43,59,CRIED LIKE A BABY,Bobby Sherman,Metromedia,2,43,
1971,8,44,44,JUST SEVEN NUMBERS (Can Straighten Out My Life),The Four Tops,Motown,5,44,
1971,8,45,46,D.O.A.,Bloodrock,Capitol,8,45,
1971,8,46,47,THEME FROM “LOVE STORY”,Francis Lai with His Orchestra,Paramount,4,46,
1971,8,47,48,WHEN I’M DEAD AND GONE,McGuinness Flint,Capitol,7,47,
1971,8,49,50,I’M SO PROUD,The Main Ingredient,RCA,11,49,
1971,9,1,1,ONE BAD APPLE,The Osmonds,MGM,9,1,3 weeks at #1
1971,9,2,6,MAMA’S PEARL,Jackson 5,Motown,5,2,
1971,9,3,2,KNOCK THREE TIMES,Dawn,Bell,15,1,
1971,9,4,3,ROSE GARDEN,Lynn Anderson,Columbia,14,3,
1971,9,5,5,IF YOU COULD READ MY MIND,Gordon Lightfoot,Reprise,10,5,
1971,9,6,4,I HEAR YOU KNOCKING,Dave Edmunds,MAM,10,4,
1971,9,7,8,SWEET MARY,Wadsworth Mansion,Sussex,10,7,
1971,9,8,12,AMOS MOSES,Jerry Reed,RCA,18,8,
1971,9,9,9,MR. BOJANGLES,The Nitty Gritty Dirt Band,Liberty,15,9,
1971,9,10,25,ME AND BOBBY McGEE,Janis Joplin,Columbia,5,10,
1971,9,11,11,WATCHING SCOTTY GROW,Bobby Goldsboro,United Artists,10,11,
1971,9,12,22,FOR ALL WE KNOW,The Carpenters,A&M,4,12,
1971,9,13,17,HAVE YOU EVER SEEN THE RAIN / HEY TONIGHT,Creedence Clearwater Revival,Fantasy,5,13,
1971,9,14,14,(Theme From) “LOVE STORY”,"Henry Mancini, His Orchestra and Chorus",RCA,7,14,
1971,9,15,15,AMAZING GRACE,Judy Collins,Elektra,12,15,
1971,9,16,29,JUST MY IMAGINATION (Running Away With Me),The Temptations,Gordy,4,16,
1971,9,17,24,SHE’S A LADY,Tom Jones,Parrot,4,17,
1971,9,18,7,GROOVE ME,King Floyd,Chimneyville,19,6,
1971,9,19,37,DOESN’T SOMEBODY WANT TO BE WANTED,The Partridge Family (Starring Shirley Jones and Featuring David Cassidy),Bell,3,19,
1971,9,20,33,DON’T LET THE GREEN GRASS FOOL YOU,Wilson Pickett,Atlantic,7,20,
1971,9,21,32,PROUD MARY,Ike and Tina Turner,Liberty,5,21,
1971,9,22,10,LONELY DAYS,The Bee Gees,Atco,13,3,
1971,9,23,18,IF I WERE YOUR WOMAN,Gladys Knight and the Pips,Soul,14,9,
1971,9,24,26,TEMPTATION EYES,The Grass Roots,Dunhill,10,24,
1971,9,25,27,(Do the) PUSH AND PULL (Part 1),Rufus Thomas,Stax,11,25,
1971,9,26,13,YOUR SONG,Elton John,Uni,14,8,
1971,9,27,39,HELP ME MAKE IT THROUGH THE NIGHT,Sammi Smith,Mega,7,27,
1971,9,28,36,JODY’S GOT YOUR GIRL AND GONE,Johnnie Taylor,Stax,7,28,
1971,9,29,20,IT’S IMPOSSIBLE,Perry Como,RCA,16,10,
1971,9,30,21,STONEY END,Barbra Streisand,Columbia,18,6,
1971,9,31,23,REMEMBER ME,Diana Ross,Motown,10,16,
1971,9,32,43,CRIED LIKE A BABY,Bobby Sherman,Metromedia,3,32,
1971,9,33,46,THEME FROM “LOVE STORY”,Francis Lai with His Orchestra,Paramount,5,33,
1971,9,34,41,BURNING BRIDGES,The Mike Curb Congregation,MGM,13,34,
1971,9,35,53,(Where Do I Begin) LOVE STORY,Andy Williams,Columbia,4,35,
1971,9,36,16,MY SWEET LORD / ISN’T IT A PITY,George Harrison,Apple,14,1,
1971,9,37,30,PRECIOUS PRECIOUS,Jackie Moore,Atlantic,13,30,
1971,9,38,45,D.O.A.,Bloodrock,Capitol,9,38,
1971,9,39,19,ONE LESS BELL TO ANSWER,The 5th Dimension,Bell,19,2,
1971,9,40,44,JUST SEVEN NUMBERS (Can Straighten Out My Life),The Four Tops,Motown,6,40,
1971,9,41,34,WE GOTTA GET YOU A WOMAN,Runt (Todd Rundgren),Ampex,16,20,
1971,9,42,28,LET YOUR LOVE GO,Bread,Elektra,9,28,
1971,9,47,40,YOUR TIME TO CRY,Joe Simon,Spring,11,40,
1971,9,43,56,HANG ON TO YOUR LIFE,The Guess Who,RCA,5,43,
1971,9,44,52,BLUE MONEY,Van Morrison,Warner Brothers,4,44,
1971,9,45,55,COUNTRY ROAD,James Taylor,Warner Brothers,4,45,
1971,9,46,91,YOU’RE ALL I NEED TO GET BY,Aretha Franklin,Atlantic,2,46,
1971,9,48,63,WILD WORLD,Cat Stevens,A&M,3,48,
1971,9,49,81,WHAT’S GOING ON,Marvin Gaye,Tamla,2,49,
1971,9,50,50,1900 YESTERDAY,Liz Damon’s Orient Express,White Whale,10,33,
1971,10,1,1,ONE BAD APPLE,The Osmonds,MGM,10,1,4 weeks at #1
1971,10,2,2,MAMA’S PEARL,Jackson 5,Motown,6,2,
1971,10,3,10,ME AND BOBBY McGEE,Janis Joplin,Columbia,6,3,
1971,10,4,16,JUST MY IMAGINATION (Running Away With Me),The Temptations,Gordy,5,4,
1971,10,5,5,IF YOU COULD READ MY MIND,Gordon Lightfoot,Reprise,11,5,
1971,10,6,17,SHE’S A LADY,Tom Jones,Parrot,5,6,
1971,10,7,12,FOR ALL WE KNOW,The Carpenters,A&M,5,7,
1971,10,8,8,AMOS MOSES,Jerry Reed,RCA,19,8,
1971,10,9,9,MR. BOJANGLES,The Nitty Gritty Dirt Band,Liberty,16,9,
1971,10,10,7,SWEET MARY,Wadsworth Mansion,Sussex,11,7,
1971,10,11,13,HAVE YOU EVER SEEN THE RAIN / HEY TONIGHT,Creedence Clearwater Revival,Fantasy,6,11,
1971,10,12,21,PROUD MARY,Ike and Tina Turner,Liberty,6,12,
1971,10,13,14,(Theme From) “LOVE STORY”,"Henry Mancini, His Orchestra and Chorus",RCA,8,13,
1971,10,14,3,KNOCK THREE TIMES,Dawn,Bell,16,1,
1971,10,15,19,DOESN’T SOMEBODY WANT TO BE WANTED,The Partridge Family (Starring Shirley Jones and Featuring David Cassidy),Bell,4,15,
1971,10,16,4,ROSE GARDEN,Lynn Anderson,Columbia,15,3,
1971,10,17,11,WATCHING SCOTTY GROW,Bobby Goldsboro,United Artists,11,11,
1971,10,18,20,DON’T LET THE GREEN GRASS FOOL YOU,Wilson Pickett,Atlantic,8,18,
1971,10,19,15,AMAZING GRACE,Judy Collins,Elektra,13,15,
1971,10,20,6,I HEAR YOU KNOCKING,Dave Edmunds,MAM,11,4,
1971,10,21,24,TEMPTATION EYES,The Grass Roots,Dunhill,11,21,
1971,10,22,27,HELP ME MAKE IT THROUGH THE NIGHT,Sammi Smith,Mega,8,22,
1971,10,23,32,CRIED LIKE A BABY,Bobby Sherman,Metromedia,4,23,
1971,10,24,35,(Where Do I Begin) LOVE STORY,Andy Williams,Columbia,5,24,
1971,10,25,18,GROOVE ME,King Floyd,Chimneyville,20,6,
1971,10,26,53,OYE COMO VA,Santana,Columbia,3,26,
1971,10,27,66,WHAT IS LIFE,George Harrison,Apple,2,27,
1971,10,28,28,JODY’S GOT YOUR GIRL AND GONE,Johnnie Taylor,Stax,8,28,
1971,10,29,49,WHAT’S GOING ON,Marvin Gaye,Tamla,3,29,
1971,10,30,25,(Do the) PUSH AND PULL (Part 1),Rufus Thomas,Stax,12,25,
1971,10,31,33,THEME FROM “LOVE STORY”,Francis Lai with His Orchestra,Paramount,6,31,
1971,10,32,54,FREE,Chicago,Columbia,3,32,
1971,10,33,23,IF I WERE YOUR WOMAN,Gladys Knight and the Pips,Soul,15,9,
1971,10,34,34,BURNING BRIDGES,The Mike Curb Congregation,MGM,14,34,
1971,10,35,48,WILD WORLD,Cat Stevens,A&M,4,35,
1971,10,36,38,D.O.A.,Bloodrock,Capitol,10,36,
1971,10,37,37,PRECIOUS PRECIOUS,Jackie Moore,Atlantic,14,30,
1971,10,38,46,YOU’RE ALL I NEED TO GET BY,Aretha Franklin,Atlantic,3,38,
1971,10,39,44,BLUE MONEY,Van Morrison,Warner Brothers,5,39,
1971,10,40,40,JUST SEVEN NUMBERS (Can Straighten Out My Life),The Four Tops,Motown,7,40,
1971,10,41,22,LONELY DAYS,The Bee Gees,Atco,14,3,
1971,10,64,29,IT’S IMPOSSIBLE,Perry Como,RCA,17,10,
1971,10,42,45,COUNTRY ROAD,James Taylor,Warner Brothers,5,42,
1971,10,43,43,HANG ON TO YOUR LIFE,The Guess Who,RCA,6,43,
1971,10,44,55,CHAIRMAN OF THE BOARD,The Chairmen Of the Board,Invictus,4,44,
1971,10,45,68,NO LOVE AT ALL,B.J. Thomas,Scepter,2,45,
1971,10,46,69,"LOVE’S LINES, ANGLES AND RHYMES",The 5th Dimension,Bell,2,46,
1971,10,47,42,LET YOUR LOVE GO,Bread,Elektra,10,28,
1971,10,48,57,ONE TOKE OVER THE LINE,Brewer and Shipley,Kama Sutra,4,48,
1971,10,49,56,CHERISH WHAT IS DEAR TO YOU (While It’s Near To You),Freda Payne,Invictus,4,49,
1971,10,50,47,YOUR TIME TO CRY,Joe Simon,Spring,12,40,
1971,11,1,1,ONE BAD APPLE,The Osmonds,MGM,11,1,5 weeks at #1
1971,11,2,3,ME AND BOBBY McGEE,Janis Joplin,Columbia,7,2,
1971,11,3,7,FOR ALL WE KNOW,The Carpenters,A&M,6,3,
1971,11,4,4,JUST MY IMAGINATION (Running Away With Me),The Temptations,Gordy,6,4,
1971,11,5,6,SHE’S A LADY,Tom Jones,Parrot,6,5,
1971,11,6,2,MAMA’S PEARL,Jackson 5,Motown,7,2,
1971,11,7,12,PROUD MARY,Ike and Tina Turner,Liberty,7,7,
1971,11,8,11,HAVE YOU EVER SEEN THE RAIN / HEY TONIGHT,Creedence Clearwater Revival,Fantasy,7,8,
1971,11,9,15,DOESN’T SOMEBODY WANT TO BE WANTED,The Partridge Family (Starring Shirley Jones and Featuring David Cassidy),Bell,5,9,
1971,11,10,5,IF YOU COULD READ MY MIND,Gordon Lightfoot,Reprise,12,5,
1971,11,11,8,AMOS MOSES,Jerry Reed,RCA,20,8,
1971,11,12,9,MR. BOJANGLES,The Nitty Gritty Dirt Band,Liberty,17,9,
1971,11,13,13,(Theme From) “LOVE STORY”,"Henry Mancini, His Orchestra and Chorus",RCA,9,13,
1971,11,14,10,SWEET MARY,Wadsworth Mansion,Sussex,12,7,
1971,11,15,22,HELP ME MAKE IT THROUGH THE NIGHT,Sammi Smith,Mega,9,15,
1971,11,16,23,CRIED LIKE A BABY,Bobby Sherman,Metromedia,5,16,
1971,11,17,18,DON’T LET THE GREEN GRASS FOOL YOU,Wilson Pickett,Atlantic,9,17,
1971,11,18,29,WHAT’S GOING ON,Marvin Gaye,Tamla,4,18,
1971,11,19,27,WHAT IS LIFE,George Harrison,Apple,3,19,
1971,11,20,21,TEMPTATION EYES,The Grass Roots,Dunhill,12,20,
1971,11,21,14,KNOCK THREE TIMES,Dawn,Bell,17,1,
1971,11,22,16,ROSE GARDEN,Lynn Anderson,Columbia,16,3,
1971,11,23,24,(Where Do I Begin) LOVE STORY,Andy Williams,Columbia,6,23,
1971,11,24,32,FREE,Chicago,Columbia,4,24,
1971,11,25,26,OYE COMO VA,Santana,Columbia,4,25,
1971,11,26,20,I HEAR YOU KNOCKING,Dave Edmunds,MAM,12,4,
1971,11,27,17,WATCHING SCOTTY GROW,Bobby Goldsboro,United Artists,12,11,
1971,11,28,39,BLUE MONEY,Van Morrison,Warner Brothers,6,28,
1971,11,29,19,AMAZING GRACE,Judy Collins,Elektra,14,15,
1971,11,30,38,YOU’RE ALL I NEED TO GET BY,Aretha Franklin,Atlantic,4,30,
1971,11,31,31,THEME FROM “LOVE STORY”,Francis Lai with His Orchestra,Paramount,7,31,
1971,11,32,45,NO LOVE AT ALL,B.J. Thomas,Scepter,3,32,
1971,11,33,35,WILD WORLD,Cat Stevens,A&M,5,33,
1971,11,34,28,JODY’S GOT YOUR GIRL AND GONE,Johnnie Taylor,Stax,9,28,
1971,11,35,34,BURNING BRIDGES,The Mike Curb Congregation,MGM,15,34,
1971,11,36,55,ANOTHER DAY / OH WOMAN OH WHY,Paul McCartney,Apple,2,36,
1971,11,37,30,(Do the) PUSH AND PULL (Part 1),Rufus Thomas,Stax,13,25,
1971,11,38,46,"LOVE’S LINES, ANGLES AND RHYMES",The 5th Dimension,Bell,3,38,
1971,11,39,48,ONE TOKE OVER THE LINE,Brewer and Shipley,Kama Sutra,5,39,
1971,11,40,61,SOUL POWER (Part 1),James Brown,King,3,40,
1971,11,41,36,D.O.A.,Bloodrock,Capitol,11,36,
1971,11,46,37,PRECIOUS PRECIOUS,Jackie Moore,Atlantic,15,30,
1971,11,47,40,JUST SEVEN NUMBERS (Can Straighten Out My Life),The Four Tops,Motown,8,40,
1971,11,42,42,COUNTRY ROAD,James Taylor,Warner Brothers,6,42,
1971,11,43,44,CHAIRMAN OF THE BOARD,The Chairmen Of the Board,Invictus,5,43,
1971,11,44,49,CHERISH WHAT IS DEAR TO YOU (While It’s Near To You),Freda Payne,Invictus,5,44,
1971,11,45,51,EIGHTEEN,Alice Cooper,Warner Brothers,4,45,
1971,11,48,43,HANG ON TO YOUR LIFE,The Guess Who,RCA,7,43,
1971,11,49,56,HEAVY MAKES YOU HAPPY (Sha-Na-Boom-Boom),The Staple Singers,Stax,6,49,
1971,11,50,65,ASK ME NO QUESTIONS,B.B. King,ABC,5,50,
1971,12,1,2,ME AND BOBBY McGEE,Janis Joplin,Columbia,8,1,1 week at #1
1971,12,2,5,SHE’S A LADY,Tom Jones,Parrot,7,2,
1971,12,3,4,JUST MY IMAGINATION (Running Away With Me),The Temptations,Gordy,7,3,
1971,12,4,1,ONE BAD APPLE,The Osmonds,MGM,12,1,
1971,12,5,3,FOR ALL WE KNOW,The Carpenters,A&M,7,3,
1971,12,6,7,PROUD MARY,Ike and Tina Turner,Liberty,8,6,
1971,12,7,9,DOESN’T SOMEBODY WANT TO BE WANTED,The Partridge Family (Starring Shirley Jones and Featuring David Cassidy),Bell,6,7,
1971,12,8,18,WHAT’S GOING ON,Marvin Gaye,Tamla,5,8,
1971,12,9,15,HELP ME MAKE IT THROUGH THE NIGHT,Sammi Smith,Mega,10,9,
1971,12,10,10,IF YOU COULD READ MY MIND,Gordon Lightfoot,Reprise,13,5,
1971,12,11,11,AMOS MOSES,Jerry Reed,RCA,21,8,
1971,12,12,8,HAVE YOU EVER SEEN THE RAIN / HEY TONIGHT,Creedence Clearwater Revival,Fantasy,8,8,
1971,12,13,6,MAMA’S PEARL,Jackson 5,Motown,8,2,
1971,12,14,23,(Where Do I Begin) LOVE STORY,Andy Williams,Columbia,7,14,
1971,12,15,19,WHAT IS LIFE,George Harrison,Apple,4,15,
1971,12,16,16,CRIED LIKE A BABY,Bobby Sherman,Metromedia,6,16,
1971,12,17,12,MR. BOJANGLES,The Nitty Gritty Dirt Band,Liberty,18,9,
1971,12,18,20,TEMPTATION EYES,The Grass Roots,Dunhill,13,18,
1971,12,19,13,(Theme From) “LOVE STORY”,"Henry Mancini, His Orchestra and Chorus",RCA,10,13,
1971,12,20,36,ANOTHER DAY / OH WOMAN OH WHY,Paul McCartney,Apple,3,20,
1971,12,21,14,SWEET MARY,Wadsworth Mansion,Sussex,13,7,
1971,12,22,33,WILD WORLD,Cat Stevens,A&M,6,22,
1971,12,23,24,FREE,Chicago,Columbia,5,23,
1971,12,24,25,OYE COMO VA,Santana,Columbia,5,24,
1971,12,25,28,BLUE MONEY,Van Morrison,Warner Brothers,7,25,
1971,12,26,39,ONE TOKE OVER THE LINE,Brewer and Shipley,Kama Sutra,6,26,
1971,12,27,30,YOU’RE ALL I NEED TO GET BY,Aretha Franklin,Atlantic,5,27,
1971,12,28,32,NO LOVE AT ALL,B.J. Thomas,Scepter,4,28,
1971,12,29,17,DON’T LET THE GREEN GRASS FOOL YOU,Wilson Pickett,Atlantic,10,17,
1971,12,30,22,ROSE GARDEN,Lynn Anderson,Columbia,17,3,
1971,12,31,29,AMAZING GRACE,Judy Collins,Elektra,15,15,
1971,12,32,40,SOUL POWER (Part 1),James Brown,King,4,32,
1971,12,33,38,"LOVE’S LINES, ANGLES AND RHYMES",The 5th Dimension,Bell,4,33,
1971,12,34,21,KNOCK THREE TIMES,Dawn,Bell,18,1,
1971,12,35,31,THEME FROM “LOVE STORY”,Francis Lai with His Orchestra,Paramount,8,31,
1971,12,36,27,WATCHING SCOTTY GROW,Bobby Goldsboro,United Artists,13,11,
1971,12,37,42,COUNTRY ROAD,James Taylor,Warner Brothers,7,37,
1971,12,38,45,EIGHTEEN,Alice Cooper,Warner Brothers,5,38,
1971,12,39,35,BURNING BRIDGES,The Mike Curb Congregation,MGM,16,34,
1971,12,40,49,HEAVY MAKES YOU HAPPY (Sha-Na-Boom-Boom),The Staple Singers,Stax,7,40,
1971,12,43,34,JODY’S GOT YOUR GIRL AND GONE,Johnnie Taylor,Stax,10,28,
1971,12,41,41,D.O.A.,Bloodrock,Capitol,12,36,
1971,12,42,43,CHAIRMAN OF THE BOARD,The Chairmen Of the Board,Invictus,6,42,
1971,12,44,44,CHERISH WHAT IS DEAR TO YOU (While It’s Near To You),Freda Payne,Invictus,6,44,
1971,12,45,58,JOY TO THE WORLD,Three Dog Night,Dunhill,2,45,
1971,12,46,50,ASK ME NO QUESTIONS,B.B. King,ABC,6,46,
1971,12,47,53,DREAM BABY (How Long Must I Dream),Glen Campbell,Capitol,2,47,
1971,12,48,55,SIT YOURSELF DOWN,Stephen Stills,Atlantic,2,48,
1971,12,49,60,"WHERE DID THEY GO, LORD / RAGS TO RICHES",Elvis Presley,RCA,2,49,
1971,12,50,52,WHEN THERE’S NO YOU,Engelbert Humperdinck,Parrot,3,50,
1971,13,1,1,ME AND BOBBY McGEE,Janis Joplin,Columbia,9,1,2 weeks at #1
1971,13,2,3,JUST MY IMAGINATION (Running Away With Me),The Temptations,Gordy,8,2,
1971,13,3,2,SHE’S A LADY,Tom Jones,Parrot,8,2,
1971,13,4,6,PROUD MARY,Ike and Tina Turner,Liberty,9,4,
1971,13,5,5,FOR ALL WE KNOW,The Carpenters,A&M,8,3,
1971,13,6,7,DOESN’T SOMEBODY WANT TO BE WANTED,The Partridge Family (Starring Shirley Jones and Featuring David Cassidy),Bell,7,6,
1971,13,7,8,WHAT’S GOING ON,Marvin Gaye,Tamla,6,7,
1971,13,8,9,HELP ME MAKE IT THROUGH THE NIGHT,Sammi Smith,Mega,11,8,
1971,13,9,4,ONE BAD APPLE,The Osmonds,MGM,13,1,
1971,13,10,15,WHAT IS LIFE,George Harrison,Apple,5,10,
1971,13,11,14,(Where Do I Begin) LOVE STORY,Andy Williams,Columbia,8,11,
1971,13,12,11,AMOS MOSES,Jerry Reed,RCA,22,8,
1971,13,13,10,IF YOU COULD READ MY MIND,Gordon Lightfoot,Reprise,14,5,
1971,13,14,20,ANOTHER DAY / OH WOMAN OH WHY,Paul McCartney,Apple,4,14,
1971,13,15,24,OYE COMO VA,Santana,Columbia,6,15,
1971,13,16,18,TEMPTATION EYES,The Grass Roots,Dunhill,14,16,
1971,13,17,12,HAVE YOU EVER SEEN THE RAIN / HEY TONIGHT,Creedence Clearwater Revival,Fantasy,9,8,
1971,13,18,13,MAMA’S PEARL,Jackson 5,Motown,9,2,
1971,13,19,22,WILD WORLD,Cat Stevens,A&M,7,19,
1971,13,20,16,CRIED LIKE A BABY,Bobby Sherman,Metromedia,7,16,
1971,13,21,27,YOU’RE ALL I NEED TO GET BY,Aretha Franklin,Atlantic,6,21,
1971,13,22,26,ONE TOKE OVER THE LINE,Brewer and Shipley,Kama Sutra,7,22,
1971,13,23,23,FREE,Chicago,Columbia,6,23,
1971,13,24,28,NO LOVE AT ALL,B.J. Thomas,Scepter,5,24,
1971,13,25,25,BLUE MONEY,Van Morrison,Warner Brothers,8,25,
1971,13,26,17,MR. BOJANGLES,The Nitty Gritty Dirt Band,Liberty,19,9,
1971,13,27,19,(Theme From) “LOVE STORY”,"Henry Mancini, His Orchestra and Chorus",RCA,11,13,
1971,13,28,33,"LOVE’S LINES, ANGLES AND RHYMES",The 5th Dimension,Bell,5,28,
1971,13,29,21,SWEET MARY,Wadsworth Mansion,Sussex,14,7,
1971,13,30,32,SOUL POWER (Part 1),James Brown,King,5,30,
1971,13,31,40,HEAVY MAKES YOU HAPPY (Sha-Na-Boom-Boom),The Staple Singers,Stax,8,31,
1971,13,32,38,EIGHTEEN,Alice Cooper,Warner Brothers,6,32,
1971,13,33,29,DON’T LET THE GREEN GRASS FOOL YOU,Wilson Pickett,Atlantic,11,17,
1971,13,34,45,JOY TO THE WORLD,Three Dog Night,Dunhill,3,34,
1971,13,35,52,WE CAN WORK IT OUT / NEVER DREAMED YOU’D LEAVE IN SUMMER,Stevie Wonder,Tamla,3,35,
1971,13,36,49,"WHERE DID THEY GO, LORD / RAGS TO RICHES",Elvis Presley,RCA,3,36,
1971,13,37,71,PUT YOUR HAND IN THE HAND,Ocean,Kama Sutra,3,37,
1971,13,38,56,STAY AWHILE,The Bells,Polydor,4,38,
1971,13,39,48,SIT YOURSELF DOWN,Stephen Stills,Atlantic,3,39,
1971,13,40,47,DREAM BABY (How Long Must I Dream),Glen Campbell,Capitol,3,40,
1971,13,41,37,COUNTRY ROAD,James Taylor,Warner Brothers,8,37,
1971,13,42,35,THEME FROM “LOVE STORY”,Francis Lai with His Orchestra,Paramount,9,31,
1971,13,46,39,BURNING BRIDGES,The Mike Curb Congregation,MGM,17,34,
1971,13,43,46,ASK ME NO QUESTIONS,B.B. King,ABC,7,43,
1971,13,44,42,CHAIRMAN OF THE BOARD,The Chairmen Of the Board,Invictus,7,42,
1971,13,47,50,WHEN THERE’S NO YOU,Engelbert Humperdinck,Parrot,4,47,
1971,13,48,44,CHERISH WHAT IS DEAR TO YOU (While It’s Near To You),Freda Payne,Invictus,7,44,
1971,13,49,70,BABY LET ME KISS YOU,King Floyd,Chimneyville,3,49,
1971,13,50,51,I LOVE YOU FOR ALL SEASONS,The Fuzz,Calla,10,50,
1971,14,1,2,JUST MY IMAGINATION (Running Away With Me),The Temptations,Gordy,9,1,1 week at #1
1971,14,2,1,ME AND BOBBY McGEE,Janis Joplin,Columbia,10,1,
1971,14,3,5,FOR ALL WE KNOW,The Carpenters,A&M,9,3,
1971,14,4,3,SHE’S A LADY,Tom Jones,Parrot,9,2,
1971,14,5,7,WHAT’S GOING ON,Marvin Gaye,Tamla,7,5,
1971,14,6,4,PROUD MARY,Ike and Tina Turner,Liberty,10,4,
1971,14,7,6,DOESN’T SOMEBODY WANT TO BE WANTED,The Partridge Family (Starring Shirley Jones and Featuring David Cassidy),Bell,8,6,
1971,14,8,8,HELP ME MAKE IT THROUGH THE NIGHT,Sammi Smith,Mega,12,8,
1971,14,9,11,(Where Do I Begin) LOVE STORY,Andy Williams,Columbia,9,9,
1971,14,10,14,ANOTHER DAY / OH WOMAN OH WHY,Paul McCartney,Apple,5,10,
1971,14,11,34,JOY TO THE WORLD,Three Dog Night,Dunhill,4,11,
1971,14,12,19,WILD WORLD,Cat Stevens,A&M,8,12,
1971,14,13,15,OYE COMO VA,Santana,Columbia,7,13,
1971,14,14,10,WHAT IS LIFE,George Harrison,Apple,6,10,
1971,14,15,16,TEMPTATION EYES,The Grass Roots,Dunhill,15,15,
1971,14,16,22,ONE TOKE OVER THE LINE,Brewer and Shipley,Kama Sutra,8,16,
1971,14,17,12,AMOS MOSES,Jerry Reed,RCA,23,8,
1971,14,18,9,ONE BAD APPLE,The Osmonds,MGM,14,1,
1971,14,19,21,YOU’RE ALL I NEED TO GET BY,Aretha Franklin,Atlantic,7,19,
1971,14,20,23,FREE,Chicago,Columbia,7,20,
1971,14,21,24,NO LOVE AT ALL,B.J. Thomas,Scepter,6,21,
1971,14,22,20,CRIED LIKE A BABY,Bobby Sherman,Metromedia,8,16,
1971,14,23,25,BLUE MONEY,Van Morrison,Warner Brothers,9,23,
1971,14,24,17,HAVE YOU EVER SEEN THE RAIN / HEY TONIGHT,Creedence Clearwater Revival,Fantasy,10,8,
1971,14,25,28,"LOVE’S LINES, ANGLES AND RHYMES",The 5th Dimension,Bell,6,25,
1971,14,26,45,I AM…I SAID / DONE TOO SOON,Neil Diamond,Uni,2,26,
1971,14,27,32,EIGHTEEN,Alice Cooper,Warner Brothers,7,27,
1971,14,28,31,HEAVY MAKES YOU HAPPY (Sha-Na-Boom-Boom),The Staple Singers,Stax,9,28,
1971,14,29,30,SOUL POWER (Part 1),James Brown,King,6,29,
1971,14,30,18,MAMA’S PEARL,Jackson 5,Motown,10,2,
1971,14,31,37,PUT YOUR HAND IN THE HAND,Ocean,Kama Sutra,4,31,
1971,14,32,35,WE CAN WORK IT OUT / NEVER DREAMED YOU’D LEAVE IN SUMMER,Stevie Wonder,Tamla,4,32,
1971,14,33,38,STAY AWHILE,The Bells,Polydor,5,33,
1971,14,34,40,DREAM BABY (How Long Must I Dream),Glen Campbell,Capitol,4,34,
1971,14,35,36,"WHERE DID THEY GO, LORD / RAGS TO RICHES",Elvis Presley,RCA,4,35,
1971,14,36,13,IF YOU COULD READ MY MIND,Gordon Lightfoot,Reprise,15,5,
1971,14,37,39,SIT YOURSELF DOWN,Stephen Stills,Atlantic,4,37,
1971,14,38,49,BABY LET ME KISS YOU,King Floyd,Chimneyville,4,38,
1971,14,39,72,IF,Bread,Elektra,2,39,
1971,14,40,43,ASK ME NO QUESTIONS,B.B. King,ABC,8,40,
1971,14,41,71,I PLAY AND SING,Dawn,Bell,2,41,
1971,14,42,64,TIMOTHY,The Buoys,Scepter,8,42,
1971,14,43,51,DON’T CHANGE ON ME,Ray Charles,ABC / TRC,4,43,
1971,14,44,56,CHICK-A-BOOM (Don’t Ya Jes’ Love It),Daddy Dewdrop,Sunflower,5,44,
1971,14,45,47,WHEN THERE’S NO YOU,Engelbert Humperdinck,Parrot,5,45,
1971,14,46,50,I LOVE YOU FOR ALL SEASONS,The Fuzz,Calla,11,46,
1971,14,47,59,FRIENDS,Elton John,Uni,3,47,
1971,14,48,44,CHAIRMAN OF THE BOARD,The Chairmen Of the Board,Invictus,8,42,
1971,14,49,52,DO ME RIGHT,The Detroit Emeralds,Westbound,7,49,
1971,14,50,60,I DON’T BLAME YOU AT ALL,Smokey Robinson and the Miracles,Tamla,3,50,
1971,15,1,1,JUST MY IMAGINATION (Running Away With Me),The Temptations,Gordy,10,1,2 weeks at #1
1971,15,2,5,WHAT’S GOING ON,Marvin Gaye,Tamla,8,2,
1971,15,3,11,JOY TO THE WORLD,Three Dog Night,Dunhill,5,3,
1971,15,4,4,SHE’S A LADY,Tom Jones,Parrot,10,2,
1971,15,5,3,FOR ALL WE KNOW,The Carpenters,A&M,10,3,
1971,15,6,2,ME AND BOBBY McGEE,Janis Joplin,Columbia,11,1,
1971,15,7,7,DOESN’T SOMEBODY WANT TO BE WANTED,The Partridge Family (Starring Shirley Jones and Featuring David Cassidy),Bell,9,6,
1971,15,8,10,ANOTHER DAY / OH WOMAN OH WHY,Paul McCartney,Apple,6,8,
1971,15,9,6,PROUD MARY,Ike and Tina Turner,Liberty,11,4,
1971,15,10,16,ONE TOKE OVER THE LINE,Brewer and Shipley,Kama Sutra,9,10,
1971,15,11,12,WILD WORLD,Cat Stevens,A&M,9,11,
1971,15,12,8,HELP ME MAKE IT THROUGH THE NIGHT,Sammi Smith,Mega,13,8,
1971,15,13,9,(Where Do I Begin) LOVE STORY,Andy Williams,Columbia,10,9,
1971,15,14,14,WHAT IS LIFE,George Harrison,Apple,7,10,
1971,15,15,57,NEVER CAN SAY GOODBYE,Jackson 5,Motown,2,15,
1971,15,16,31,PUT YOUR HAND IN THE HAND,Ocean,Kama Sutra,5,16,
1971,15,17,21,NO LOVE AT ALL,B.J. Thomas,Scepter,7,17,
1971,15,18,13,OYE COMO VA,Santana,Columbia,8,13,
1971,15,19,26,I AM…I SAID / DONE TOO SOON,Neil Diamond,Uni,3,19,
1971,15,20,15,TEMPTATION EYES,The Grass Roots,Dunhill,16,15,
1971,15,21,25,"LOVE’S LINES, ANGLES AND RHYMES",The 5th Dimension,Bell,7,21,
1971,15,22,27,EIGHTEEN,Alice Cooper,Warner Brothers,8,22,
1971,15,23,23,BLUE MONEY,Van Morrison,Warner Brothers,10,23,
1971,15,24,32,WE CAN WORK IT OUT / NEVER DREAMED YOU’D LEAVE IN SUMMER,Stevie Wonder,Tamla,5,24,
1971,15,25,33,STAY AWHILE,The Bells,Polydor,6,25,
1971,15,26,19,YOU’RE ALL I NEED TO GET BY,Aretha Franklin,Atlantic,8,19,
1971,15,27,28,HEAVY MAKES YOU HAPPY (Sha-Na-Boom-Boom),The Staple Singers,Stax,10,27,
1971,15,28,39,IF,Bread,Elektra,3,28,
1971,15,29,29,SOUL POWER (Part 1),James Brown,King,7,29,
1971,15,30,41,I PLAY AND SING,Dawn,Bell,3,30,
1971,15,31,22,CRIED LIKE A BABY,Bobby Sherman,Metromedia,9,16,
1971,15,32,34,DREAM BABY (How Long Must I Dream),Glen Campbell,Capitol,5,32,
1971,15,33,35,"WHERE DID THEY GO, LORD / RAGS TO RICHES",Elvis Presley,RCA,5,33,
1971,15,34,18,ONE BAD APPLE,The Osmonds,MGM,15,1,
1971,15,35,38,BABY LET ME KISS YOU,King Floyd,Chimneyville,5,35,
1971,15,36,17,AMOS MOSES,Jerry Reed,RCA,24,8,
1971,15,37,20,FREE,Chicago,Columbia,8,20,
1971,15,38,47,FRIENDS,Elton John,Uni,4,38,
1971,15,39,44,CHICK-A-BOOM (Don’t Ya Jes’ Love It),Daddy Dewdrop,Sunflower,6,39,
1971,15,40,73,POWER TO THE PEOPLE,John Lennon / Plastic Ono Band,Apple,2,40,
1971,15,48,37,SIT YOURSELF DOWN,Stephen Stills,Atlantic,5,37,
1971,15,49,40,ASK ME NO QUESTIONS,B.B. King,ABC,9,40,
1971,15,41,42,TIMOTHY,The Buoys,Scepter,9,41,
1971,15,42,43,DON’T CHANGE ON ME,Ray Charles,ABC / TRC,5,42,
1971,15,43,46,I LOVE YOU FOR ALL SEASONS,The Fuzz,Calla,12,43,
1971,15,44,50,I DON’T BLAME YOU AT ALL,Smokey Robinson and the Miracles,Tamla,4,44,
1971,15,45,45,WHEN THERE’S NO YOU,Engelbert Humperdinck,Parrot,6,45,
1971,15,46,49,DO ME RIGHT,The Detroit Emeralds,Westbound,8,46,
1971,15,47,54,WOODSTOCK,Matthews’ Southern Comfort,Decca,6,47,
1971,15,50,53,I WON’T MENTION IT AGAIN,Ray Price,Columbia,4,50,
1971,16,1,3,JOY TO THE WORLD,Three Dog Night,Dunhill,6,1,1 week at #1
1971,16,2,2,WHAT’S GOING ON,Marvin Gaye,Tamla,9,2,
1971,16,3,1,JUST MY IMAGINATION (Running Away With Me),The Temptations,Gordy,11,1,
1971,16,4,4,SHE’S A LADY,Tom Jones,Parrot,11,2,
1971,16,5,8,ANOTHER DAY / OH WOMAN OH WHY,Paul McCartney,Apple,7,5,
1971,16,6,16,PUT YOUR HAND IN THE HAND,Ocean,Kama Sutra,6,6,
1971,16,7,6,ME AND BOBBY McGEE,Janis Joplin,Columbia,12,1,
1971,16,8,7,DOESN’T SOMEBODY WANT TO BE WANTED,The Partridge Family (Starring Shirley Jones and Featuring David Cassidy),Bell,10,6,
1971,16,9,5,FOR ALL WE KNOW,The Carpenters,A&M,11,3,
1971,16,10,10,ONE TOKE OVER THE LINE,Brewer and Shipley,Kama Sutra,10,10,
1971,16,11,9,PROUD MARY,Ike and Tina Turner,Liberty,12,4,
1971,16,12,19,I AM…I SAID / DONE TOO SOON,Neil Diamond,Uni,4,12,
1971,16,13,15,NEVER CAN SAY GOODBYE,Jackson 5,Motown,3,13,
1971,16,14,11,WILD WORLD,Cat Stevens,A&M,10,11,
1971,16,15,12,HELP ME MAKE IT THROUGH THE NIGHT,Sammi Smith,Mega,14,8,
1971,16,16,17,NO LOVE AT ALL,B.J. Thomas,Scepter,8,16,
1971,16,17,13,(Where Do I Begin) LOVE STORY,Andy Williams,Columbia,11,9,
1971,16,18,14,WHAT IS LIFE,George Harrison,Apple,8,10,
1971,16,19,21,"LOVE’S LINES, ANGLES AND RHYMES",The 5th Dimension,Bell,8,19,
1971,16,20,28,IF,Bread,Elektra,4,20,
1971,16,21,25,STAY AWHILE,The Bells,Polydor,7,21,
1971,16,22,22,EIGHTEEN,Alice Cooper,Warner Brothers,9,22,
1971,16,23,24,WE CAN WORK IT OUT / NEVER DREAMED YOU’D LEAVE IN SUMMER,Stevie Wonder,Tamla,6,23,
1971,16,24,20,TEMPTATION EYES,The Grass Roots,Dunhill,17,15,
1971,16,25,39,CHICK-A-BOOM (Don’t Ya Jes’ Love It),Daddy Dewdrop,Sunflower,7,25,
1971,16,26,30,I PLAY AND SING,Dawn,Bell,4,26,
1971,16,27,27,HEAVY MAKES YOU HAPPY (Sha-Na-Boom-Boom),The Staple Singers,Stax,11,27,
1971,16,28,40,POWER TO THE PEOPLE,John Lennon / Plastic Ono Band,Apple,3,28,
1971,16,29,18,OYE COMO VA,Santana,Columbia,9,13,
1971,16,30,23,BLUE MONEY,Van Morrison,Warner Brothers,11,23,
1971,16,31,32,DREAM BABY (How Long Must I Dream),Glen Campbell,Capitol,6,31,
1971,16,32,41,TIMOTHY,The Buoys,Scepter,10,32,
1971,16,33,35,BABY LET ME KISS YOU,King Floyd,Chimneyville,6,33,
1971,16,34,26,YOU’RE ALL I NEED TO GET BY,Aretha Franklin,Atlantic,9,19,
1971,16,35,29,SOUL POWER (Part 1),James Brown,King,8,29,
1971,16,36,38,FRIENDS,Elton John,Uni,5,36,
1971,16,37,44,I DON’T BLAME YOU AT ALL,Smokey Robinson and the Miracles,Tamla,5,37,
1971,16,38,42,DON’T CHANGE ON ME,Ray Charles,ABC / TRC,6,38,
1971,16,39,43,I LOVE YOU FOR ALL SEASONS,The Fuzz,Calla,13,39,
1971,16,40,33,"WHERE DID THEY GO, LORD / RAGS TO RICHES",Elvis Presley,RCA,6,33,
1971,16,41,37,FREE,Chicago,Columbia,9,20,
1971,16,42,47,WOODSTOCK,Matthews’ Southern Comfort,Decca,7,42,
1971,16,43,46,DO ME RIGHT,The Detroit Emeralds,Westbound,9,43,
1971,16,44,50,I WON’T MENTION IT AGAIN,Ray Price,Columbia,5,44,
1971,16,45,74,LOVE HER MADLY,The Doors,Elektra,2,45,
1971,16,46,66,HERE COMES THE SUN,Richie Havens,Stormy Forest,5,46,
1971,16,47,64,ME AND YOU AND A DOG NAMED BOO,Lobo,Big Tree,3,47,
1971,16,48,73,RIGHT ON THE TIP OF MY TONGUE,Brenda and the Tabulations,Top & Bottom,3,48,
1971,16,49,51,PUSHBIKE SONG,The Mixtures,Sire,7,49,
1971,17,1,1,JOY TO THE WORLD,Three Dog Night,Dunhill,7,1,2 weeks at #1
1971,17,2,2,WHAT’S GOING ON,Marvin Gaye,Tamla,10,2,
1971,17,3,6,PUT YOUR HAND IN THE HAND,Ocean,Kama Sutra,7,3,
1971,17,4,13,NEVER CAN SAY GOODBYE,Jackson 5,Motown,4,4,
1971,17,5,5,ANOTHER DAY / OH WOMAN OH WHY,Paul McCartney,Apple,8,5,
1971,17,6,12,I AM…I SAID / DONE TOO SOON,Neil Diamond,Uni,5,6,
1971,17,7,3,JUST MY IMAGINATION (Running Away With Me),The Temptations,Gordy,12,1,
1971,17,8,20,IF,Bread,Elektra,5,8,
1971,17,9,4,SHE’S A LADY,Tom Jones,Parrot,12,2,
1971,17,10,21,STAY AWHILE,The Bells,Polydor,8,10,
1971,17,11,10,ONE TOKE OVER THE LINE,Brewer and Shipley,Kama Sutra,11,10,
1971,17,12,7,ME AND BOBBY McGEE,Janis Joplin,Columbia,13,1,
1971,17,13,9,FOR ALL WE KNOW,The Carpenters,A&M,12,3,
1971,17,14,23,WE CAN WORK IT OUT / NEVER DREAMED YOU’D LEAVE IN SUMMER,Stevie Wonder,Tamla,7,14,
1971,17,15,28,POWER TO THE PEOPLE,John Lennon / Plastic Ono Band,Apple,4,15,
1971,17,16,8,DOESN’T SOMEBODY WANT TO BE WANTED,The Partridge Family (Starring Shirley Jones and Featuring David Cassidy),Bell,11,6,
1971,17,17,25,CHICK-A-BOOM (Don’t Ya Jes’ Love It),Daddy Dewdrop,Sunflower,8,17,
1971,17,18,15,HELP ME MAKE IT THROUGH THE NIGHT,Sammi Smith,Mega,15,8,
1971,17,19,14,WILD WORLD,Cat Stevens,A&M,11,11,
1971,17,20,17,(Where Do I Begin) LOVE STORY,Andy Williams,Columbia,12,9,
1971,17,21,22,EIGHTEEN,Alice Cooper,Warner Brothers,10,21,
1971,17,22,16,NO LOVE AT ALL,B.J. Thomas,Scepter,9,16,
1971,17,23,11,PROUD MARY,Ike and Tina Turner,Liberty,13,4,
1971,17,24,57,BRIDGE OVER TROUBLED WATER / BRAND NEW ME,Aretha Franklin,Atlantic,2,24,
1971,17,25,26,I PLAY AND SING,Dawn,Bell,5,25,
1971,17,26,32,TIMOTHY,The Buoys,Scepter,11,26,
1971,17,27,37,I DON’T BLAME YOU AT ALL,Smokey Robinson and the Miracles,Tamla,6,27,
1971,17,28,24,TEMPTATION EYES,The Grass Roots,Dunhill,18,15,
1971,17,29,19,"LOVE’S LINES, ANGLES AND RHYMES",The 5th Dimension,Bell,9,19,
1971,17,30,47,ME AND YOU AND A DOG NAMED BOO,Lobo,Big Tree,4,30,
1971,17,31,33,BABY LET ME KISS YOU,King Floyd,Chimneyville,7,31,
1971,17,32,29,OYE COMO VA,Santana,Columbia,10,13,
1971,17,33,18,WHAT IS LIFE,George Harrison,Apple,9,10,
1971,17,34,36,FRIENDS,Elton John,Uni,6,34,
1971,17,35,39,I LOVE YOU FOR ALL SEASONS,The Fuzz,Calla,14,35,
1971,17,36,38,DON’T CHANGE ON ME,Ray Charles,ABC / TRC,7,36,
1971,17,37,45,LOVE HER MADLY,The Doors,Elektra,3,37,
1971,17,38,30,BLUE MONEY,Van Morrison,Warner Brothers,12,23,
1971,17,39,46,HERE COMES THE SUN,Richie Havens,Stormy Forest,6,39,
1971,17,40,42,WOODSTOCK,Matthews’ Southern Comfort,Decca,8,40,
1971,17,44,35,SOUL POWER (Part 1),James Brown,King,9,29,
1971,17,48,27,HEAVY MAKES YOU HAPPY (Sha-Na-Boom-Boom),The Staple Singers,Stax,12,27,
1971,17,50,31,DREAM BABY (How Long Must I Dream),Glen Campbell,Capitol,7,31,
1971,17,61,40,"WHERE DID THEY GO, LORD / RAGS TO RICHES",Elvis Presley,RCA,7,33,
1971,17,42,44,I WON’T MENTION IT AGAIN,Ray Price,Columbia,6,42,
1971,17,43,43,DO ME RIGHT,The Detroit Emeralds,Westbound,10,43,
1971,17,45,48,RIGHT ON THE TIP OF MY TONGUE,Brenda and the Tabulations,Top & Bottom,4,45,
1971,17,46,62,SWEET AND INNOCENT,Donny Osmond of the Osmonds,MGM,5,46,
1971,17,47,49,PUSHBIKE SONG,The Mixtures,Sire,8,47,
1971,17,49,50,LUCKY MAN,"Emerson, Lake and Palmer",Cotillion,7,49,
1971,18,1,1,JOY TO THE WORLD,Three Dog Night,Dunhill,8,1,3 weeks at #1
1971,18,2,3,PUT YOUR HAND IN THE HAND,Ocean,Kama Sutra,8,2,
1971,18,3,4,NEVER CAN SAY GOODBYE,Jackson 5,Motown,5,3,
1971,18,4,2,WHAT’S GOING ON,Marvin Gaye,Tamla,11,2,
1971,18,5,6,I AM…I SAID / DONE TOO SOON,Neil Diamond,Uni,6,5,
1971,18,6,8,IF,Bread,Elektra,6,6,
1971,18,7,10,STAY AWHILE,The Bells,Polydor,9,7,
1971,18,8,5,ANOTHER DAY / OH WOMAN OH WHY,Paul McCartney,Apple,9,5,
1971,18,9,7,JUST MY IMAGINATION (Running Away With Me),The Temptations,Gordy,13,1,
1971,18,10,17,CHICK-A-BOOM (Don’t Ya Jes’ Love It),Daddy Dewdrop,Sunflower,9,10,
1971,18,11,15,POWER TO THE PEOPLE,John Lennon / Plastic Ono Band,Apple,5,11,
1971,18,12,24,BRIDGE OVER TROUBLED WATER / BRAND NEW ME,Aretha Franklin,Atlantic,3,12,
1971,18,13,14,WE CAN WORK IT OUT / NEVER DREAMED YOU’D LEAVE IN SUMMER,Stevie Wonder,Tamla,8,13,
1971,18,14,11,ONE TOKE OVER THE LINE,Brewer and Shipley,Kama Sutra,12,10,
1971,18,15,9,SHE’S A LADY,Tom Jones,Parrot,13,2,
1971,18,16,30,ME AND YOU AND A DOG NAMED BOO,Lobo,Big Tree,5,16,
1971,18,17,26,TIMOTHY,The Buoys,Scepter,12,17,
1971,18,18,12,ME AND BOBBY McGEE,Janis Joplin,Columbia,14,1,
1971,18,19,37,LOVE HER MADLY,The Doors,Elektra,4,19,
1971,18,20,16,DOESN’T SOMEBODY WANT TO BE WANTED,The Partridge Family (Starring Shirley Jones and Featuring David Cassidy),Bell,12,6,
1971,18,21,19,WILD WORLD,Cat Stevens,A&M,12,11,
1971,18,22,46,SWEET AND INNOCENT,Donny Osmond of the Osmonds,MGM,6,22,
1971,18,23,35,I LOVE YOU FOR ALL SEASONS,The Fuzz,Calla,15,23,
1971,18,24,20,(Where Do I Begin) LOVE STORY,Andy Williams,Columbia,13,9,
1971,18,25,27,I DON’T BLAME YOU AT ALL,Smokey Robinson and the Miracles,Tamla,7,25,
1971,18,26,22,NO LOVE AT ALL,B.J. Thomas,Scepter,10,16,
1971,18,27,13,FOR ALL WE KNOW,The Carpenters,A&M,13,3,
1971,18,28,18,HELP ME MAKE IT THROUGH THE NIGHT,Sammi Smith,Mega,16,8,
1971,18,29,31,BABY LET ME KISS YOU,King Floyd,Chimneyville,8,29,
1971,18,30,25,I PLAY AND SING,Dawn,Bell,6,25,
1971,18,31,21,EIGHTEEN,Alice Cooper,Warner Brothers,11,21,
1971,18,32,59,WANT ADS,The Honey Cone,Hot Wax,4,32,
1971,18,33,45,RIGHT ON THE TIP OF MY TONGUE,Brenda and the Tabulations,Top & Bottom,5,33,
1971,18,34,34,FRIENDS,Elton John,Uni,7,34,
1971,18,35,39,HERE COMES THE SUN,Richie Havens,Stormy Forest,7,35,
1971,18,36,36,DON’T CHANGE ON ME,Ray Charles,ABC / TRC,8,36,
1971,18,37,41,BATTLE HYMN OF LT. CALLEY,C Company Featuring Terry Nelson,Plantation,2,37,
1971,18,38,40,WOODSTOCK,Matthews’ Southern Comfort,Decca,9,38,
1971,18,39,29,"LOVE’S LINES, ANGLES AND RHYMES",The 5th Dimension,Bell,10,19,
1971,18,41,63,SUPERSTAR,Murray Head and the Trinidad Singers,Decca,23,41,
1971,18,42,42,I WON’T MENTION IT AGAIN,Ray Price,Columbia,7,42,
1971,18,43,52,ME AND MY ARROW,Nilsson,RCA,7,43,
1971,18,44,47,PUSHBIKE SONG,The Mixtures,Sire,9,44,
1971,18,45,56,TOAST AND MARMALADE FOR TEA,Tin Tin,Atco,5,45,
1971,18,46,65,(For God’s Sake) GIVE MORE POWER TO THE PEOPLE,The Chi-Lites,Brunswick,4,46,
1971,18,47,58,I DON’T KNOW HOW TO LOVE HIM,Helen Reddy,Capitol,11,47,
1971,18,48,49,LUCKY MAN,"Emerson, Lake and Palmer",Cotillion,8,48,
1971,18,50,57,COOL AID,Paul Humphrey and His Cool Aid Chemists,Lizard,8,50,
1971,19,1,1,JOY TO THE WORLD,Three Dog Night,Dunhill,9,1,4 weeks at #1
1971,19,2,3,NEVER CAN SAY GOODBYE,Jackson 5,Motown,6,2,
1971,19,3,2,PUT YOUR HAND IN THE HAND,Ocean,Kama Sutra,9,2,
1971,19,4,5,I AM…I SAID / DONE TOO SOON,Neil Diamond,Uni,7,4,
1971,19,5,6,IF,Bread,Elektra,7,5,
1971,19,6,4,WHAT’S GOING ON,Marvin Gaye,Tamla,12,2,
1971,19,7,7,STAY AWHILE,The Bells,Polydor,10,7,
1971,19,8,12,BRIDGE OVER TROUBLED WATER / BRAND NEW ME,Aretha Franklin,Atlantic,4,8,
1971,19,9,10,CHICK-A-BOOM (Don’t Ya Jes’ Love It),Daddy Dewdrop,Sunflower,10,9,
1971,19,10,16,ME AND YOU AND A DOG NAMED BOO,Lobo,Big Tree,6,10,
1971,19,11,11,POWER TO THE PEOPLE,John Lennon / Plastic Ono Band,Apple,6,11,
1971,19,12,19,LOVE HER MADLY,The Doors,Elektra,5,12,
1971,19,13,40,BROWN SUGAR,The Rolling Stones,Rolling Stones,2,13,
1971,19,14,8,ANOTHER DAY / OH WOMAN OH WHY,Paul McCartney,Apple,10,5,
1971,19,15,9,JUST MY IMAGINATION (Running Away With Me),The Temptations,Gordy,14,1,
1971,19,16,22,SWEET AND INNOCENT,Donny Osmond of the Osmonds,MGM,7,16,
1971,19,17,17,TIMOTHY,The Buoys,Scepter,13,17,
1971,19,18,32,WANT ADS,The Honey Cone,Hot Wax,5,18,
1971,19,19,13,WE CAN WORK IT OUT / NEVER DREAMED YOU’D LEAVE IN SUMMER,Stevie Wonder,Tamla,9,13,
1971,19,20,14,ONE TOKE OVER THE LINE,Brewer and Shipley,Kama Sutra,13,10,
1971,19,21,25,I DON’T BLAME YOU AT ALL,Smokey Robinson and the Miracles,Tamla,8,21,
1971,19,22,23,I LOVE YOU FOR ALL SEASONS,The Fuzz,Calla,16,22,
1971,19,23,21,WILD WORLD,Cat Stevens,A&M,13,11,
1971,19,24,49,IT DON’T COME EASY,Ringo Starr,Apple,2,24,
1971,19,25,35,HERE COMES THE SUN,Richie Havens,Stormy Forest,8,25,
1971,19,26,15,SHE’S A LADY,Tom Jones,Parrot,14,2,
1971,19,27,41,SUPERSTAR,Murray Head and the Trinidad Singers,Decca,24,27,
1971,19,28,47,I DON’T KNOW HOW TO LOVE HIM,Helen Reddy,Capitol,12,28,
1971,19,29,18,ME AND BOBBY McGEE,Janis Joplin,Columbia,15,1,
1971,19,30,33,RIGHT ON THE TIP OF MY TONGUE,Brenda and the Tabulations,Top & Bottom,6,30,
1971,19,31,26,NO LOVE AT ALL,B.J. Thomas,Scepter,11,16,
1971,19,32,31,EIGHTEEN,Alice Cooper,Warner Brothers,12,21,
1971,19,33,45,TOAST AND MARMALADE FOR TEA,Tin Tin,Atco,6,33,
1971,19,34,30,I PLAY AND SING,Dawn,Bell,7,25,
1971,19,35,29,BABY LET ME KISS YOU,King Floyd,Chimneyville,9,29,
1971,19,36,38,WOODSTOCK,Matthews’ Southern Comfort,Decca,10,36,
1971,19,37,37,BATTLE HYMN OF LT. CALLEY,C Company Featuring Terry Nelson,Plantation,3,37,
1971,19,38,46,(For God’s Sake) GIVE MORE POWER TO THE PEOPLE,The Chi-Lites,Brunswick,5,38,
1971,19,39,43,ME AND MY ARROW,Nilsson,RCA,8,39,
1971,19,40,36,DON’T CHANGE ON ME,Ray Charles,ABC / TRC,9,36,
1971,19,42,34,FRIENDS,Elton John,Uni,8,34,
1971,19,41,61,DON’T KNOCK MY LOVE (Part 1),Wilson Pickett,Atlantic,3,41,
1971,19,43,66,REACH OUT I’LL BE THERE,Diana Ross,Motown,2,43,
1971,19,44,50,COOL AID,Paul Humphrey and His Cool Aid Chemists,Lizard,9,44,
1971,19,45,58,TREAT HER LIKE A LADY,Cornelius Brothers and Sister Rose,United Artists,5,45,
1971,19,46,44,PUSHBIKE SONG,The Mixtures,Sire,10,44,
1971,19,47,52,BOOTY BUTT,The Ray Charles Orchestra,Tangerine,8,47,
1971,19,48,55,I DON’T KNOW HOW TO LOVE HIM,Yvonne Elliman,Decca,3,48,
1971,19,49,42,I WON’T MENTION IT AGAIN,Ray Price,Columbia,8,42,
1971,19,50,90,THE DRUM,Bobby Sherman,Metromedia,2,50,
1971,20,1,1,JOY TO THE WORLD,Three Dog Night,Dunhill,10,1,5 weeks at #1
1971,20,2,2,NEVER CAN SAY GOODBYE,Jackson 5,Motown,7,2,
1971,20,3,3,PUT YOUR HAND IN THE HAND,Ocean,Kama Sutra,10,2,
1971,20,4,5,IF,Bread,Elektra,8,4,
1971,20,5,10,ME AND YOU AND A DOG NAMED BOO,Lobo,Big Tree,7,5,
1971,20,6,13,BROWN SUGAR,The Rolling Stones,Rolling Stones,3,6,
1971,20,7,8,BRIDGE OVER TROUBLED WATER / BRAND NEW ME,Aretha Franklin,Atlantic,5,7,
1971,20,8,7,STAY AWHILE,The Bells,Polydor,11,7,
1971,20,9,4,I AM…I SAID / DONE TOO SOON,Neil Diamond,Uni,8,4,
1971,20,10,9,CHICK-A-BOOM (Don’t Ya Jes’ Love It),Daddy Dewdrop,Sunflower,11,9,
1971,20,11,12,LOVE HER MADLY,The Doors,Elektra,6,11,
1971,20,12,18,WANT ADS,The Honey Cone,Hot Wax,6,12,
1971,20,13,24,IT DON’T COME EASY,Ringo Starr,Apple,3,13,
1971,20,14,16,SWEET AND INNOCENT,Donny Osmond of the Osmonds,MGM,8,14,
1971,20,15,11,POWER TO THE PEOPLE,John Lennon / Plastic Ono Band,Apple,7,11,
1971,20,16,6,WHAT’S GOING ON,Marvin Gaye,Tamla,13,2,
1971,20,17,25,HERE COMES THE SUN,Richie Havens,Stormy Forest,9,17,
1971,20,18,21,I DON’T BLAME YOU AT ALL,Smokey Robinson and the Miracles,Tamla,9,18,
1971,20,19,17,TIMOTHY,The Buoys,Scepter,14,17,
1971,20,20,14,ANOTHER DAY / OH WOMAN OH WHY,Paul McCartney,Apple,11,5,
1971,20,21,19,WE CAN WORK IT OUT / NEVER DREAMED YOU’D LEAVE IN SUMMER,Stevie Wonder,Tamla,10,13,
1971,20,22,22,I LOVE YOU FOR ALL SEASONS,The Fuzz,Calla,17,22,
1971,20,23,15,JUST MY IMAGINATION (Running Away With Me),The Temptations,Gordy,15,1,
1971,20,24,27,SUPERSTAR,Murray Head and the Trinidad Singers,Decca,25,24,
1971,20,25,28,I DON’T KNOW HOW TO LOVE HIM,Helen Reddy,Capitol,13,25,
1971,20,26,33,TOAST AND MARMALADE FOR TEA,Tin Tin,Atco,7,26,
1971,20,27,30,RIGHT ON THE TIP OF MY TONGUE,Brenda and the Tabulations,Top & Bottom,7,27,
1971,20,28,20,ONE TOKE OVER THE LINE,Brewer and Shipley,Kama Sutra,14,10,
1971,20,29,38,(For God’s Sake) GIVE MORE POWER TO THE PEOPLE,The Chi-Lites,Brunswick,6,29,
1971,20,30,45,TREAT HER LIKE A LADY,Cornelius Brothers and Sister Rose,United Artists,6,30,
1971,20,31,43,REACH OUT I’LL BE THERE,Diana Ross,Motown,3,31,
1971,20,32,41,DON’T KNOCK MY LOVE (Part 1),Wilson Pickett,Atlantic,4,32,
1971,20,33,69,I’LL MEET YOU HALFWAY,The Partridge Family (Starring Shirley Jones and Featuring David Cassidy),Bell,2,33,
1971,20,34,36,WOODSTOCK,Matthews’ Southern Comfort,Decca,11,34,
1971,20,35,44,COOL AID,Paul Humphrey and His Cool Aid Chemists,Lizard,10,35,
1971,20,36,39,ME AND MY ARROW,Nilsson,RCA,9,36,
1971,20,37,47,BOOTY BUTT,The Ray Charles Orchestra,Tangerine,9,37,
1971,20,38,35,BABY LET ME KISS YOU,King Floyd,Chimneyville,10,29,
1971,20,39,50,THE DRUM,Bobby Sherman,Metromedia,3,39,
1971,20,40,37,BATTLE HYMN OF LT. CALLEY,C Company Featuring Terry Nelson,Plantation,4,37,
1971,20,41,32,EIGHTEEN,Alice Cooper,Warner Brothers,13,21,
1971,20,43,40,DON’T CHANGE ON ME,Ray Charles,ABC / TRC,10,36,
1971,20,45,34,I PLAY AND SING,Dawn,Bell,8,25,
1971,20,42,48,I DON’T KNOW HOW TO LOVE HIM,Yvonne Elliman,Decca,4,42,
1971,20,44,42,FRIENDS,Elton John,Uni,9,34,
1971,20,47,84,IT’S TOO LATE / I FEEL THE EARTH MOVE,Carole King,Ode,2,47,
1971,20,48,55,ALBERT FLASHER / BROKEN,The Guess Who,RCA,4,48,
1971,20,49,53,MELTING POT,Booker T. and the MG’s,Stax,9,49,
1971,20,50,61,"WHEN YOU’RE HOT, YOU’RE HOT",Jerry Reed,RCA,2,50,
1971,21,1,1,JOY TO THE WORLD,Three Dog Night,Dunhill,11,1,6 weeks at #1
1971,21,2,2,NEVER CAN SAY GOODBYE,Jackson 5,Motown,8,2,
1971,21,3,6,BROWN SUGAR,The Rolling Stones,Rolling Stones,4,3,
1971,21,4,3,PUT YOUR HAND IN THE HAND,Ocean,Kama Sutra,11,2,
1971,21,5,5,ME AND YOU AND A DOG NAMED BOO,Lobo,Big Tree,8,5,
1971,21,6,12,WANT ADS,The Honey Cone,Hot Wax,7,6,
1971,21,7,7,BRIDGE OVER TROUBLED WATER / BRAND NEW ME,Aretha Franklin,Atlantic,6,7,
1971,21,8,13,IT DON’T COME EASY,Ringo Starr,Apple,4,8,
1971,21,9,4,IF,Bread,Elektra,9,4,
1971,21,10,10,CHICK-A-BOOM (Don’t Ya Jes’ Love It),Daddy Dewdrop,Sunflower,12,9,
1971,21,11,11,LOVE HER MADLY,The Doors,Elektra,7,11,
1971,21,12,8,STAY AWHILE,The Bells,Polydor,12,7,
1971,21,13,14,SWEET AND INNOCENT,Donny Osmond of the Osmonds,MGM,9,13,
1971,21,14,9,I AM…I SAID / DONE TOO SOON,Neil Diamond,Uni,9,4,
1971,21,15,24,SUPERSTAR,Murray Head and the Trinidad Singers,Decca,26,15,
1971,21,16,17,HERE COMES THE SUN,Richie Havens,Stormy Forest,10,16,
1971,21,17,25,I DON’T KNOW HOW TO LOVE HIM,Helen Reddy,Capitol,14,17,
1971,21,18,16,WHAT’S GOING ON,Marvin Gaye,Tamla,14,2,
1971,21,19,19,TIMOTHY,The Buoys,Scepter,15,17,
1971,21,20,46,RAINY DAYS AND MONDAYS,The Carpenters,A&M,2,20,
1971,21,21,22,I LOVE YOU FOR ALL SEASONS,The Fuzz,Calla,18,21,
1971,21,22,18,I DON’T BLAME YOU AT ALL,Smokey Robinson and the Miracles,Tamla,10,18,
1971,21,23,34,WOODSTOCK,Matthews’ Southern Comfort,Decca,12,23,
1971,21,24,30,TREAT HER LIKE A LADY,Cornelius Brothers and Sister Rose,United Artists,7,24,
1971,21,25,26,TOAST AND MARMALADE FOR TEA,Tin Tin,Atco,8,25,
1971,21,26,27,RIGHT ON THE TIP OF MY TONGUE,Brenda and the Tabulations,Top & Bottom,8,26,
1971,21,27,33,I’LL MEET YOU HALFWAY,The Partridge Family (Starring Shirley Jones and Featuring David Cassidy),Bell,3,27,
1971,21,28,29,(For God’s Sake) GIVE MORE POWER TO THE PEOPLE,The Chi-Lites,Brunswick,7,28,
1971,21,29,32,DON’T KNOCK MY LOVE (Part 1),Wilson Pickett,Atlantic,5,29,
1971,21,30,31,REACH OUT I’LL BE THERE,Diana Ross,Motown,4,30,
1971,21,31,15,POWER TO THE PEOPLE,John Lennon / Plastic Ono Band,Apple,8,11,
1971,21,32,21,WE CAN WORK IT OUT / NEVER DREAMED YOU’D LEAVE IN SUMMER,Stevie Wonder,Tamla,11,13,
1971,21,33,35,COOL AID,Paul Humphrey and His Cool Aid Chemists,Lizard,11,33,
1971,21,34,39,THE DRUM,Bobby Sherman,Metromedia,4,34,
1971,21,35,36,ME AND MY ARROW,Nilsson,RCA,10,35,
1971,21,36,37,BOOTY BUTT,The Ray Charles Orchestra,Tangerine,10,36,
1971,21,37,42,I DON’T KNOW HOW TO LOVE HIM,Yvonne Elliman,Decca,5,37,
1971,21,38,47,IT’S TOO LATE / I FEEL THE EARTH MOVE,Carole King,Ode,3,38,
1971,21,39,20,ANOTHER DAY / OH WOMAN OH WHY,Paul McCartney,Apple,12,5,
1971,21,40,57,NATHAN JONES,The Supremes,Motown,3,40,
1971,21,47,38,BABY LET ME KISS YOU,King Floyd,Chimneyville,11,29,
1971,21,41,58,LOWDOWN,Chicago,Columbia,3,41,
1971,21,42,50,"WHEN YOU’RE HOT, YOU’RE HOT",Jerry Reed,RCA,3,42,
1971,21,43,52,INDIAN RESERVATION (The Lament Of the Cherokee Reservation Indian),The Raiders,Columbia,7,43,
1971,21,44,51,THAT’S THE WAY I’VE ALWAYS HEARD IT SHOULD BE,Carly Simon,Elektra,6,44,
1971,21,45,49,MELTING POT,Booker T. and the MG’s,Stax,10,45,
1971,21,46,48,ALBERT FLASHER / BROKEN,The Guess Who,RCA,5,46,
1971,21,48,43,DON’T CHANGE ON ME,Ray Charles,ABC / TRC,11,36,
1971,21,49,68,CRY BABY,Janis Joplin,Columbia,2,49,
1971,21,50,69,SHE’S NOT JUST ANOTHER WOMAN,The 8th Day,Invictus,2,50,
1971,22,1,3,BROWN SUGAR,The Rolling Stones,Rolling Stones,5,1,1 week at #1
1971,22,2,1,JOY TO THE WORLD,Three Dog Night,Dunhill,12,1,
1971,22,3,2,NEVER CAN SAY GOODBYE,Jackson 5,Motown,9,2,
1971,22,4,6,WANT ADS,The Honey Cone,Hot Wax,8,4,
1971,22,5,8,IT DON’T COME EASY,Ringo Starr,Apple,5,5,
1971,22,6,4,PUT YOUR HAND IN THE HAND,Ocean,Kama Sutra,12,2,
1971,22,7,7,BRIDGE OVER TROUBLED WATER / BRAND NEW ME,Aretha Franklin,Atlantic,7,7,
1971,22,8,13,SWEET AND INNOCENT,Donny Osmond of the Osmonds,MGM,10,8,
1971,22,9,5,ME AND YOU AND A DOG NAMED BOO,Lobo,Big Tree,9,5,
1971,22,10,10,CHICK-A-BOOM (Don’t Ya Jes’ Love It),Daddy Dewdrop,Sunflower,13,9,
1971,22,11,20,RAINY DAYS AND MONDAYS,The Carpenters,A&M,3,11,
1971,22,12,11,LOVE HER MADLY,The Doors,Elektra,8,11,
1971,22,13,9,IF,Bread,Elektra,10,4,
1971,22,14,15,SUPERSTAR,Murray Head and the Trinidad Singers,Decca,27,14,
1971,22,15,17,I DON’T KNOW HOW TO LOVE HIM,Helen Reddy,Capitol,15,15,
1971,22,16,16,HERE COMES THE SUN,Richie Havens,Stormy Forest,11,16,
1971,22,17,12,STAY AWHILE,The Bells,Polydor,13,7,
1971,22,18,27,I’LL MEET YOU HALFWAY,The Partridge Family (Starring Shirley Jones and Featuring David Cassidy),Bell,4,18,
1971,22,19,24,TREAT HER LIKE A LADY,Cornelius Brothers and Sister Rose,United Artists,8,19,
1971,22,20,25,TOAST AND MARMALADE FOR TEA,Tin Tin,Atco,9,20,
1971,22,21,38,IT’S TOO LATE / I FEEL THE EARTH MOVE,Carole King,Ode,4,21,
1971,22,22,29,DON’T KNOCK MY LOVE (Part 1),Wilson Pickett,Atlantic,6,22,
1971,22,23,23,WOODSTOCK,Matthews’ Southern Comfort,Decca,13,23,
1971,22,24,26,RIGHT ON THE TIP OF MY TONGUE,Brenda and the Tabulations,Top & Bottom,9,24,
1971,22,25,22,I DON’T BLAME YOU AT ALL,Smokey Robinson and the Miracles,Tamla,11,18,
1971,22,26,28,(For God’s Sake) GIVE MORE POWER TO THE PEOPLE,The Chi-Lites,Brunswick,8,26,
1971,22,27,40,NATHAN JONES,The Supremes,Motown,4,27,
1971,22,28,21,I LOVE YOU FOR ALL SEASONS,The Fuzz,Calla,19,21,
1971,22,29,30,REACH OUT I’LL BE THERE,Diana Ross,Motown,5,29,
1971,22,30,19,TIMOTHY,The Buoys,Scepter,16,17,
1971,22,31,34,THE DRUM,Bobby Sherman,Metromedia,5,31,
1971,22,32,42,"WHEN YOU’RE HOT, YOU’RE HOT",Jerry Reed,RCA,4,32,
1971,22,33,33,COOL AID,Paul Humphrey and His Cool Aid Chemists,Lizard,12,33,
1971,22,34,35,ME AND MY ARROW,Nilsson,RCA,11,34,
1971,22,35,37,I DON’T KNOW HOW TO LOVE HIM,Yvonne Elliman,Decca,6,35,
1971,22,36,18,WHAT’S GOING ON,Marvin Gaye,Tamla,15,2,
1971,22,37,31,POWER TO THE PEOPLE,John Lennon / Plastic Ono Band,Apple,9,11,
1971,22,38,43,INDIAN RESERVATION (The Lament Of the Cherokee Reservation Indian),The Raiders,Columbia,8,38,
1971,22,39,53,DOUBLE LOVIN’,The Osmonds,MGM,3,39,
1971,22,40,41,LOWDOWN,Chicago,Columbia,4,40,
1971,22,41,14,I AM…I SAID / DONE TOO SOON,Neil Diamond,Uni,10,4,
1971,22,47,36,BOOTY BUTT,The Ray Charles Orchestra,Tangerine,11,36,
1971,22,42,46,ALBERT FLASHER / BROKEN,The Guess Who,RCA,6,42,
1971,22,43,44,THAT’S THE WAY I’VE ALWAYS HEARD IT SHOULD BE,Carly Simon,Elektra,7,43,
1971,22,44,52,FUNKY NASSAU (Part 1),The Beginning Of the End,Alston,4,44,
1971,22,45,50,SHE’S NOT JUST ANOTHER WOMAN,The 8th Day,Invictus,3,45,
1971,22,46,49,CRY BABY,Janis Joplin,Columbia,3,46,
1971,22,48,54,I WON’T MENTION IT AGAIN,Ray Price,Columbia,11,42,
1971,22,49,51,13 QUESTIONS,Seatrain,Capitol,9,49,
1971,22,50,59,I CRIED,James Brown,King,4,50,
1971,23,1,1,BROWN SUGAR,The Rolling Stones,Rolling Stones,6,1,2 weeks at #1
1971,23,2,2,JOY TO THE WORLD,Three Dog Night,Dunhill,13,1,
1971,23,3,4,WANT ADS,The Honey Cone,Hot Wax,9,3,
1971,23,4,5,IT DON’T COME EASY,Ringo Starr,Apple,6,4,
1971,23,5,11,RAINY DAYS AND MONDAYS,The Carpenters,A&M,4,5,
1971,23,6,7,BRIDGE OVER TROUBLED WATER / BRAND NEW ME,Aretha Franklin,Atlantic,8,6,
1971,23,7,8,SWEET AND INNOCENT,Donny Osmond of the Osmonds,MGM,11,7,
1971,23,8,3,NEVER CAN SAY GOODBYE,Jackson 5,Motown,10,2,
1971,23,9,21,IT’S TOO LATE / I FEEL THE EARTH MOVE,Carole King,Ode,5,9,
1971,23,10,9,ME AND YOU AND A DOG NAMED BOO,Lobo,Big Tree,10,5,
1971,23,11,18,I’LL MEET YOU HALFWAY,The Partridge Family (Starring Shirley Jones and Featuring David Cassidy),Bell,5,11,
1971,23,12,6,PUT YOUR HAND IN THE HAND,Ocean,Kama Sutra,13,2,
1971,23,13,15,I DON’T KNOW HOW TO LOVE HIM,Helen Reddy,Capitol,16,13,
1971,23,14,14,SUPERSTAR,Murray Head and the Trinidad Singers,Decca,28,14,
1971,23,15,19,TREAT HER LIKE A LADY,Cornelius Brothers and Sister Rose,United Artists,9,15,
1971,23,16,16,HERE COMES THE SUN,Richie Havens,Stormy Forest,12,16,
1971,23,17,10,CHICK-A-BOOM (Don’t Ya Jes’ Love It),Daddy Dewdrop,Sunflower,14,9,
1971,23,18,13,IF,Bread,Elektra,11,4,
1971,23,19,12,LOVE HER MADLY,The Doors,Elektra,9,11,
1971,23,20,22,DON’T KNOCK MY LOVE (Part 1),Wilson Pickett,Atlantic,7,20,
1971,23,21,27,NATHAN JONES,The Supremes,Motown,5,21,
1971,23,22,39,DOUBLE LOVIN’,The Osmonds,MGM,4,22,
1971,23,23,24,RIGHT ON THE TIP OF MY TONGUE,Brenda and the Tabulations,Top & Bottom,10,23,
1971,23,24,17,STAY AWHILE,The Bells,Polydor,14,7,
1971,23,25,38,INDIAN RESERVATION (The Lament Of the Cherokee Reservation Indian),The Raiders,Columbia,9,25,
1971,23,26,26,(For God’s Sake) GIVE MORE POWER TO THE PEOPLE,The Chi-Lites,Brunswick,9,26,
1971,23,27,23,WOODSTOCK,Matthews’ Southern Comfort,Decca,14,23,
1971,23,28,32,"WHEN YOU’RE HOT, YOU’RE HOT",Jerry Reed,RCA,5,28,
1971,23,29,31,THE DRUM,Bobby Sherman,Metromedia,6,29,
1971,23,30,33,COOL AID,Paul Humphrey and His Cool Aid Chemists,Lizard,13,30,
1971,23,31,35,I DON’T KNOW HOW TO LOVE HIM,Yvonne Elliman,Decca,7,31,
1971,23,32,30,TIMOTHY,The Buoys,Scepter,17,17,
1971,23,33,28,I LOVE YOU FOR ALL SEASONS,The Fuzz,Calla,20,21,
1971,23,34,20,TOAST AND MARMALADE FOR TEA,Tin Tin,Atco,10,20,
1971,23,35,43,THAT’S THE WAY I’VE ALWAYS HEARD IT SHOULD BE,Carly Simon,Elektra,8,35,
1971,23,36,45,SHE’S NOT JUST ANOTHER WOMAN,The 8th Day,Invictus,4,36,
1971,23,37,40,LOWDOWN,Chicago,Columbia,5,37,
1971,23,38,25,I DON’T BLAME YOU AT ALL,Smokey Robinson and the Miracles,Tamla,12,18,
1971,23,39,29,REACH OUT I’LL BE THERE,Diana Ross,Motown,6,29,
1971,23,40,44,FUNKY NASSAU (Part 1),The Beginning Of the End,Alston,5,40,
1971,23,43,34,ME AND MY ARROW,Nilsson,RCA,12,34,
1971,23,41,42,ALBERT FLASHER / BROKEN,The Guess Who,RCA,7,41,
1971,23,42,57,PUPPET MAN / RESURRECTION SHUFFLE,Tom Jones,Parrot,3,42,
1971,23,44,46,CRY BABY,Janis Joplin,Columbia,4,44,
1971,23,45,51,NEVER CAN SAY GOODBYE,Isaac Hayes,Enterprise,4,45,
1971,23,46,48,I WON’T MENTION IT AGAIN,Ray Price,Columbia,12,42,
1971,23,47,72,DON’T PULL YOUR LOVE,"Hamilton, Joe Frank and Reynolds",Dunhill,3,47,
1971,23,48,58,HIGH TIME WE WENT / BLACK-EYED BLUES,Joe Cocker,A&M,3,48,
1971,23,49,49,13 QUESTIONS,Seatrain,Capitol,10,49,
1971,23,50,50,I CRIED,James Brown,King,5,50,
1971,24,1,3,WANT ADS,The Honey Cone,Hot Wax,10,1,1 week at #1
1971,24,2,1,BROWN SUGAR,The Rolling Stones,Rolling Stones,7,1,
1971,24,3,5,RAINY DAYS AND MONDAYS,The Carpenters,A&M,5,3,
1971,24,4,4,IT DON’T COME EASY,Ringo Starr,Apple,7,4,
1971,24,5,2,JOY TO THE WORLD,Three Dog Night,Dunhill,14,1,
1971,24,6,9,IT’S TOO LATE / I FEEL THE EARTH MOVE,Carole King,Ode,6,6,
1971,24,7,7,SWEET AND INNOCENT,Donny Osmond of the Osmonds,MGM,12,7,
1971,24,8,15,TREAT HER LIKE A LADY,Cornelius Brothers and Sister Rose,United Artists,10,8,
1971,24,9,11,I’LL MEET YOU HALFWAY,The Partridge Family (Starring Shirley Jones and Featuring David Cassidy),Bell,6,9,
1971,24,10,6,BRIDGE OVER TROUBLED WATER / BRAND NEW ME,Aretha Franklin,Atlantic,9,6,
1971,24,11,25,INDIAN RESERVATION (The Lament Of the Cherokee Reservation Indian),The Raiders,Columbia,10,11,
1971,24,12,10,ME AND YOU AND A DOG NAMED BOO,Lobo,Big Tree,11,5,
1971,24,13,13,I DON’T KNOW HOW TO LOVE HIM,Helen Reddy,Capitol,17,13,
1971,24,14,8,NEVER CAN SAY GOODBYE,Jackson 5,Motown,11,2,
1971,24,15,14,SUPERSTAR,Murray Head and the Trinidad Singers,Decca,29,14,
1971,24,16,22,DOUBLE LOVIN’,The Osmonds,MGM,5,16,
1971,24,17,20,DON’T KNOCK MY LOVE (Part 1),Wilson Pickett,Atlantic,8,17,
1971,24,18,28,"WHEN YOU’RE HOT, YOU’RE HOT",Jerry Reed,RCA,6,18,
1971,24,19,21,NATHAN JONES,The Supremes,Motown,6,19,
1971,24,20,17,CHICK-A-BOOM (Don’t Ya Jes’ Love It),Daddy Dewdrop,Sunflower,15,9,
1971,24,21,19,LOVE HER MADLY,The Doors,Elektra,10,11,
1971,24,22,16,HERE COMES THE SUN,Richie Havens,Stormy Forest,13,16,
1971,24,23,23,RIGHT ON THE TIP OF MY TONGUE,Brenda and the Tabulations,Top & Bottom,11,23,
1971,24,24,12,PUT YOUR HAND IN THE HAND,Ocean,Kama Sutra,14,2,
1971,24,25,18,IF,Bread,Elektra,12,4,
1971,24,26,40,FUNKY NASSAU (Part 1),The Beginning Of the End,Alston,6,26,
1971,24,27,36,SHE’S NOT JUST ANOTHER WOMAN,The 8th Day,Invictus,5,27,
1971,24,28,31,I DON’T KNOW HOW TO LOVE HIM,Yvonne Elliman,Decca,8,28,
1971,24,29,30,COOL AID,Paul Humphrey and His Cool Aid Chemists,Lizard,14,29,
1971,24,30,47,DON’T PULL YOUR LOVE,"Hamilton, Joe Frank and Reynolds",Dunhill,4,30,
1971,24,31,35,THAT’S THE WAY I’VE ALWAYS HEARD IT SHOULD BE,Carly Simon,Elektra,9,31,
1971,24,32,27,WOODSTOCK,Matthews’ Southern Comfort,Decca,15,23,
1971,24,33,45,NEVER CAN SAY GOODBYE,Isaac Hayes,Enterprise,5,33,
1971,24,34,41,ALBERT FLASHER / BROKEN,The Guess Who,RCA,8,34,
1971,24,35,37,LOWDOWN,Chicago,Columbia,6,35,
1971,24,36,29,THE DRUM,Bobby Sherman,Metromedia,7,29,
1971,24,37,42,PUPPET MAN / RESURRECTION SHUFFLE,Tom Jones,Parrot,4,37,
1971,24,38,26,(For God’s Sake) GIVE MORE POWER TO THE PEOPLE,The Chi-Lites,Brunswick,10,26,
1971,24,39,39,REACH OUT I’LL BE THERE,Diana Ross,Motown,7,29,
1971,24,40,34,TOAST AND MARMALADE FOR TEA,Tin Tin,Atco,11,20,
1971,24,41,48,HIGH TIME WE WENT / BLACK-EYED BLUES,Joe Cocker,A&M,4,41,
1971,24,42,44,CRY BABY,Janis Joplin,Columbia,5,42,
1971,24,43,43,ME AND MY ARROW,Nilsson,RCA,13,34,
1971,24,44,80,YOU’VE GOT A FRIEND,James Taylor,Warner Brothers,2,44,
1971,24,45,46,I WON’T MENTION IT AGAIN,Ray Price,Columbia,13,42,
1971,24,46,58,HERE COMES THAT RAINY DAY FEELING AGAIN,The Fortunes,Capitol,5,46,
1971,24,47,91,I DON’T WANT TO DO WRONG,Gladys Knight and the Pips,Soul,2,47,
1971,24,48,64,MR. BIG STUFF,Jean Knight,Stax,3,48,
1971,24,49,51,LIGHT SINGS,The 5th Dimension,Bell,4,49,
1971,24,50,53,AJAX LIQUOR STORE,Hudson and Landry,Dore,8,50,
1971,25,1,6,IT’S TOO LATE / I FEEL THE EARTH MOVE,Carole King,Ode,7,1,1 week at #1
1971,25,2,3,RAINY DAYS AND MONDAYS,The Carpenters,A&M,6,2,
1971,25,3,1,WANT ADS,The Honey Cone,Hot Wax,11,1,
1971,25,4,2,BROWN SUGAR,The Rolling Stones,Rolling Stones,8,1,
1971,25,5,4,IT DON’T COME EASY,Ringo Starr,Apple,8,4,
1971,25,6,8,TREAT HER LIKE A LADY,Cornelius Brothers and Sister Rose,United Artists,11,6,
1971,25,7,11,INDIAN RESERVATION (The Lament Of the Cherokee Reservation Indian),The Raiders,Columbia,11,7,
1971,25,8,5,JOY TO THE WORLD,Three Dog Night,Dunhill,15,1,
1971,25,9,9,I’LL MEET YOU HALFWAY,The Partridge Family (Starring Shirley Jones and Featuring David Cassidy),Bell,7,9,
1971,25,10,7,SWEET AND INNOCENT,Donny Osmond of the Osmonds,MGM,13,7,
1971,25,11,10,BRIDGE OVER TROUBLED WATER / BRAND NEW ME,Aretha Franklin,Atlantic,10,6,
1971,25,12,18,"WHEN YOU’RE HOT, YOU’RE HOT",Jerry Reed,RCA,7,12,
1971,25,13,13,I DON’T KNOW HOW TO LOVE HIM,Helen Reddy,Capitol,18,13,
1971,25,14,17,DON’T KNOCK MY LOVE (Part 1),Wilson Pickett,Atlantic,9,14,
1971,25,15,16,DOUBLE LOVIN’,The Osmonds,MGM,6,15,
1971,25,16,19,NATHAN JONES,The Supremes,Motown,7,16,
1971,25,17,15,SUPERSTAR,Murray Head and the Trinidad Singers,Decca,30,14,
1971,25,18,12,ME AND YOU AND A DOG NAMED BOO,Lobo,Big Tree,12,5,
1971,25,19,30,DON’T PULL YOUR LOVE,"Hamilton, Joe Frank and Reynolds",Dunhill,5,19,
1971,25,20,27,SHE’S NOT JUST ANOTHER WOMAN,The 8th Day,Invictus,6,20,
1971,25,21,14,NEVER CAN SAY GOODBYE,Jackson 5,Motown,12,2,
1971,25,22,20,CHICK-A-BOOM (Don’t Ya Jes’ Love It),Daddy Dewdrop,Sunflower,16,9,
1971,25,23,26,FUNKY NASSAU (Part 1),The Beginning Of the End,Alston,7,23,
1971,25,24,44,YOU’VE GOT A FRIEND,James Taylor,Warner Brothers,3,24,
1971,25,25,21,LOVE HER MADLY,The Doors,Elektra,11,11,
1971,25,26,22,HERE COMES THE SUN,Richie Havens,Stormy Forest,14,16,
1971,25,27,31,THAT’S THE WAY I’VE ALWAYS HEARD IT SHOULD BE,Carly Simon,Elektra,10,27,
1971,25,28,28,I DON’T KNOW HOW TO LOVE HIM,Yvonne Elliman,Decca,9,28,
1971,25,29,37,PUPPET MAN / RESURRECTION SHUFFLE,Tom Jones,Parrot,5,29,
1971,25,30,33,NEVER CAN SAY GOODBYE,Isaac Hayes,Enterprise,6,30,
1971,25,31,34,ALBERT FLASHER / BROKEN,The Guess Who,RCA,9,31,
1971,25,32,23,RIGHT ON THE TIP OF MY TONGUE,Brenda and the Tabulations,Top & Bottom,12,23,
1971,25,33,48,MR. BIG STUFF,Jean Knight,Stax,4,33,
1971,25,34,46,HERE COMES THAT RAINY DAY FEELING AGAIN,The Fortunes,Capitol,6,34,
1971,25,35,35,LOWDOWN,Chicago,Columbia,7,35,
1971,25,36,47,I DON’T WANT TO DO WRONG,Gladys Knight and the Pips,Soul,3,36,
1971,25,37,56,SOONER OR LATER,The Grass Roots,Dunhill,3,37,
1971,25,38,41,HIGH TIME WE WENT / BLACK-EYED BLUES,Joe Cocker,A&M,5,38,
1971,25,39,29,COOL AID,Paul Humphrey and His Cool Aid Chemists,Lizard,15,29,
1971,25,40,32,WOODSTOCK,Matthews’ Southern Comfort,Decca,16,23,
1971,25,41,36,THE DRUM,Bobby Sherman,Metromedia,8,29,
1971,25,43,38,(For God’s Sake) GIVE MORE POWER TO THE PEOPLE,The Chi-Lites,Brunswick,11,26,
1971,25,42,57,BRING THE BOYS HOME,Freda Payne,Invictus,3,42,
1971,25,44,43,ME AND MY ARROW,Nilsson,RCA,14,34,
1971,25,45,45,I WON’T MENTION IT AGAIN,Ray Price,Columbia,14,42,
1971,25,46,49,LIGHT SINGS,The 5th Dimension,Bell,5,46,
1971,25,47,50,AJAX LIQUOR STORE,Hudson and Landry,Dore,9,47,
1971,25,48,52,"TAKE ME HOME, COUNTRY ROADS",John Denver with Fat City,RCA,9,48,
1971,25,49,68,NEVER ENDING SONG OF LOVE,Delaney and Bonnie and Friends,Atco,5,49,
1971,25,50,59,GET IT ON,Chase,Epic,5,50,
1971,26,1,1,IT’S TOO LATE / I FEEL THE EARTH MOVE,Carole King,Ode,8,1,2 weeks at #1
1971,26,2,2,RAINY DAYS AND MONDAYS,The Carpenters,A&M,7,2,
1971,26,3,3,WANT ADS,The Honey Cone,Hot Wax,12,1,
1971,26,4,7,INDIAN RESERVATION (The Lament Of the Cherokee Reservation Indian),The Raiders,Columbia,12,4,
1971,26,5,6,TREAT HER LIKE A LADY,Cornelius Brothers and Sister Rose,United Artists,12,5,
1971,26,6,4,BROWN SUGAR,The Rolling Stones,Rolling Stones,9,1,
1971,26,7,5,IT DON’T COME EASY,Ringo Starr,Apple,9,4,
1971,26,8,19,DON’T PULL YOUR LOVE,"Hamilton, Joe Frank and Reynolds",Dunhill,6,8,
1971,26,9,12,"WHEN YOU’RE HOT, YOU’RE HOT",Jerry Reed,RCA,8,9,
1971,26,10,10,SWEET AND INNOCENT,Donny Osmond of the Osmonds,MGM,14,7,
1971,26,11,9,I’LL MEET YOU HALFWAY,The Partridge Family (Starring Shirley Jones and Featuring David Cassidy),Bell,8,9,
1971,26,12,8,JOY TO THE WORLD,Three Dog Night,Dunhill,16,1,
1971,26,13,14,DON’T KNOCK MY LOVE (Part 1),Wilson Pickett,Atlantic,10,13,
1971,26,14,24,YOU’VE GOT A FRIEND,James Taylor,Warner Brothers,4,14,
1971,26,15,15,DOUBLE LOVIN’,The Osmonds,MGM,7,15,
1971,26,16,16,NATHAN JONES,The Supremes,Motown,8,16,
1971,26,17,20,SHE’S NOT JUST ANOTHER WOMAN,The 8th Day,Invictus,7,17,
1971,26,18,33,MR. BIG STUFF,Jean Knight,Stax,5,18,
1971,26,19,27,THAT’S THE WAY I’VE ALWAYS HEARD IT SHOULD BE,Carly Simon,Elektra,11,19,
1971,26,20,23,FUNKY NASSAU (Part 1),The Beginning Of the End,Alston,8,20,
1971,26,21,11,BRIDGE OVER TROUBLED WATER / BRAND NEW ME,Aretha Franklin,Atlantic,11,6,
1971,26,22,17,SUPERSTAR,Murray Head and the Trinidad Singers,Decca,31,14,
1971,26,23,13,I DON’T KNOW HOW TO LOVE HIM,Helen Reddy,Capitol,19,13,
1971,26,24,30,NEVER CAN SAY GOODBYE,Isaac Hayes,Enterprise,7,24,
1971,26,25,36,I DON’T WANT TO DO WRONG,Gladys Knight and the Pips,Soul,4,25,
1971,26,26,29,PUPPET MAN / RESURRECTION SHUFFLE,Tom Jones,Parrot,6,26,
1971,26,27,18,ME AND YOU AND A DOG NAMED BOO,Lobo,Big Tree,13,5,
1971,26,28,34,HERE COMES THAT RAINY DAY FEELING AGAIN,The Fortunes,Capitol,7,28,
1971,26,29,31,ALBERT FLASHER / BROKEN,The Guess Who,RCA,10,29,
1971,26,30,38,HIGH TIME WE WENT / BLACK-EYED BLUES,Joe Cocker,A&M,6,30,
1971,26,31,37,SOONER OR LATER,The Grass Roots,Dunhill,4,31,
1971,26,32,32,RIGHT ON THE TIP OF MY TONGUE,Brenda and the Tabulations,Top & Bottom,13,23,
1971,26,33,42,BRING THE BOYS HOME,Freda Payne,Invictus,4,33,
1971,26,34,49,NEVER ENDING SONG OF LOVE,Delaney and Bonnie and Friends,Atco,6,34,
1971,26,35,28,I DON’T KNOW HOW TO LOVE HIM,Yvonne Elliman,Decca,10,28,
1971,26,36,48,"TAKE ME HOME, COUNTRY ROADS",John Denver with Fat City,RCA,10,36,
1971,26,37,68,ESCAPE-ISM (Part 1),James Brown,People,3,37,
1971,26,38,64,DRAGGIN’ THE LINE,Tommy James,Roulette,3,38,
1971,26,39,50,GET IT ON,Chase,Epic,6,39,
1971,26,40,39,COOL AID,Paul Humphrey and His Cool Aid Chemists,Lizard,16,29,
1971,26,41,35,LOWDOWN,Chicago,Columbia,8,35,
1971,26,42,67,YOU’VE GOT A FRIEND,Roberta Flack and Donny Hathaway,Atlantic,3,42,
1971,26,43,61,CHICAGO,Graham Nash,Atlantic,4,43,
1971,26,44,46,LIGHT SINGS,The 5th Dimension,Bell,6,44,
1971,26,45,47,AJAX LIQUOR STORE,Hudson and Landry,Dore,10,45,
1971,26,46,44,ME AND MY ARROW,Nilsson,RCA,15,34,
1971,26,47,85,WILD HORSES,The Rolling Stones,Rolling Stones,2,47,
1971,26,48,58,DOUBLE BARREL,Dave and Ansil Collins,Big Tree,3,48,
1971,26,49,57,I KNOW I’M IN LOVE,Chee-Chee and Peppy,Buddah,5,49,
1971,26,50,59,"STOP, LOOK, LISTEN (To Your Heart)",The Stylistics,Avco Embassy,4,50,
1971,27,1,1,IT’S TOO LATE / I FEEL THE EARTH MOVE,Carole King,Ode,9,1,3 weeks at #1
1971,27,2,4,INDIAN RESERVATION (The Lament Of the Cherokee Reservation Indian),The Raiders,Columbia,13,2,
1971,27,3,5,TREAT HER LIKE A LADY,Cornelius Brothers and Sister Rose,United Artists,13,3,
1971,27,4,2,RAINY DAYS AND MONDAYS,The Carpenters,A&M,8,2,
1971,27,5,8,DON’T PULL YOUR LOVE,"Hamilton, Joe Frank and Reynolds",Dunhill,7,5,
1971,27,6,3,WANT ADS,The Honey Cone,Hot Wax,13,1,
1971,27,7,6,BROWN SUGAR,The Rolling Stones,Rolling Stones,10,1,
1971,27,8,14,YOU’VE GOT A FRIEND,James Taylor,Warner Brothers,5,8,
1971,27,9,9,"WHEN YOU’RE HOT, YOU’RE HOT",Jerry Reed,RCA,9,9,
1971,27,10,7,IT DON’T COME EASY,Ringo Starr,Apple,10,4,
1971,27,11,17,SHE’S NOT JUST ANOTHER WOMAN,The 8th Day,Invictus,8,11,
1971,27,12,18,MR. BIG STUFF,Jean Knight,Stax,6,12,
1971,27,13,10,SWEET AND INNOCENT,Donny Osmond of the Osmonds,MGM,15,7,
1971,27,14,15,DOUBLE LOVIN’,The Osmonds,MGM,8,14,
1971,27,15,13,DON’T KNOCK MY LOVE (Part 1),Wilson Pickett,Atlantic,11,13,
1971,27,16,19,THAT’S THE WAY I’VE ALWAYS HEARD IT SHOULD BE,Carly Simon,Elektra,12,16,
1971,27,17,20,FUNKY NASSAU (Part 1),The Beginning Of the End,Alston,9,17,
1971,27,18,16,NATHAN JONES,The Supremes,Motown,9,16,
1971,27,19,25,I DON’T WANT TO DO WRONG,Gladys Knight and the Pips,Soul,5,19,
1971,27,20,28,HERE COMES THAT RAINY DAY FEELING AGAIN,The Fortunes,Capitol,8,20,
1971,27,21,11,I’LL MEET YOU HALFWAY,The Partridge Family (Starring Shirley Jones and Featuring David Cassidy),Bell,9,9,
1971,27,22,24,NEVER CAN SAY GOODBYE,Isaac Hayes,Enterprise,8,22,
1971,27,23,33,BRING THE BOYS HOME,Freda Payne,Invictus,5,23,
1971,27,24,31,SOONER OR LATER,The Grass Roots,Dunhill,5,24,
1971,27,25,38,DRAGGIN’ THE LINE,Tommy James,Roulette,4,25,
1971,27,26,26,PUPPET MAN / RESURRECTION SHUFFLE,Tom Jones,Parrot,7,26,
1971,27,27,34,NEVER ENDING SONG OF LOVE,Delaney and Bonnie and Friends,Atco,7,27,
1971,27,28,30,HIGH TIME WE WENT / BLACK-EYED BLUES,Joe Cocker,A&M,7,28,
1971,27,29,29,ALBERT FLASHER / BROKEN,The Guess Who,RCA,11,29,
1971,27,30,36,"TAKE ME HOME, COUNTRY ROADS",John Denver with Fat City,RCA,11,30,
1971,27,31,12,JOY TO THE WORLD,Three Dog Night,Dunhill,17,1,
1971,27,32,23,I DON’T KNOW HOW TO LOVE HIM,Helen Reddy,Capitol,20,13,
1971,27,33,21,BRIDGE OVER TROUBLED WATER / BRAND NEW ME,Aretha Franklin,Atlantic,12,6,
1971,27,34,39,GET IT ON,Chase,Epic,7,34,
1971,27,35,37,ESCAPE-ISM (Part 1),James Brown,People,4,35,
1971,27,36,48,DOUBLE BARREL,Dave and Ansil Collins,Big Tree,4,36,
1971,27,37,51,LOVE THE ONE YOU’RE WITH,The Isley Brothers,T-Neck,3,37,
1971,27,38,42,YOU’VE GOT A FRIEND,Roberta Flack and Donny Hathaway,Atlantic,4,38,
1971,27,39,73,HOW CAN YOU MEND A BROKEN HEART,The Bee Gees,Atco,2,39,
1971,27,40,47,WILD HORSES,The Rolling Stones,Rolling Stones,3,40,
1971,27,41,43,CHICAGO,Graham Nash,Atlantic,5,41,
1971,27,42,50,"STOP, LOOK, LISTEN (To Your Heart)",The Stylistics,Avco Embassy,5,42,
1971,27,43,58,SUMMER SAND,Dawn,Bell,3,43,
1971,27,44,61,SIGNS,Five Man Electrical Band,Lionel,6,44,
1971,27,45,45,AJAX LIQUOR STORE,Hudson and Landry,Dore,11,45,
1971,27,46,59,CHANGE PARTNERS,Stephen Stills,Atlantic,4,46,
1971,27,47,44,LIGHT SINGS,The 5th Dimension,Bell,7,44,
1971,27,48,70,MOON SHADOW,Cat Stevens,A&M,2,48,
1971,27,49,49,I KNOW I’M IN LOVE,Chee-Chee and Peppy,Buddah,6,49,
1971,27,50,62,RINGS,Cymarron,Entrance,4,50,
1971,28,1,1,IT’S TOO LATE / I FEEL THE EARTH MOVE,Carole King,Ode,10,1,4 weeks at #1
1971,28,2,2,INDIAN RESERVATION (The Lament Of the Cherokee Reservation Indian),The Raiders,Columbia,14,2,
1971,28,3,3,TREAT HER LIKE A LADY,Cornelius Brothers and Sister Rose,United Artists,14,3,
1971,28,4,4,RAINY DAYS AND MONDAYS,The Carpenters,A&M,9,2,
1971,28,5,5,DON’T PULL YOUR LOVE,"Hamilton, Joe Frank and Reynolds",Dunhill,8,5,
1971,28,6,8,YOU’VE GOT A FRIEND,James Taylor,Warner Brothers,6,6,
1971,28,7,12,MR. BIG STUFF,Jean Knight,Stax,7,7,
1971,28,8,6,WANT ADS,The Honey Cone,Hot Wax,14,1,
1971,28,9,9,"WHEN YOU’RE HOT, YOU’RE HOT",Jerry Reed,RCA,10,9,
1971,28,10,16,THAT’S THE WAY I’VE ALWAYS HEARD IT SHOULD BE,Carly Simon,Elektra,13,10,
1971,28,11,11,SHE’S NOT JUST ANOTHER WOMAN,The 8th Day,Invictus,9,11,
1971,28,12,10,IT DON’T COME EASY,Ringo Starr,Apple,11,4,
1971,28,13,7,BROWN SUGAR,The Rolling Stones,Rolling Stones,11,1,
1971,28,14,25,DRAGGIN’ THE LINE,Tommy James,Roulette,5,14,
1971,28,15,24,SOONER OR LATER,The Grass Roots,Dunhill,6,15,
1971,28,16,39,HOW CAN YOU MEND A BROKEN HEART,The Bee Gees,Atco,3,16,
1971,28,17,17,FUNKY NASSAU (Part 1),The Beginning Of the End,Alston,10,17,
1971,28,18,19,I DON’T WANT TO DO WRONG,Gladys Knight and the Pips,Soul,6,18,
1971,28,19,20,HERE COMES THAT RAINY DAY FEELING AGAIN,The Fortunes,Capitol,9,19,
1971,28,20,30,"TAKE ME HOME, COUNTRY ROADS",John Denver with Fat City,RCA,12,20,
1971,28,21,23,BRING THE BOYS HOME,Freda Payne,Invictus,6,21,
1971,28,22,27,NEVER ENDING SONG OF LOVE,Delaney and Bonnie and Friends,Atco,8,22,
1971,28,23,14,DOUBLE LOVIN’,The Osmonds,MGM,9,14,
1971,28,24,13,SWEET AND INNOCENT,Donny Osmond of the Osmonds,MGM,16,7,
1971,28,25,28,HIGH TIME WE WENT / BLACK-EYED BLUES,Joe Cocker,A&M,8,25,
1971,28,26,15,DON’T KNOCK MY LOVE (Part 1),Wilson Pickett,Atlantic,12,13,
1971,28,27,18,NATHAN JONES,The Supremes,Motown,10,16,
1971,28,28,36,DOUBLE BARREL,Dave and Ansil Collins,Big Tree,5,28,
1971,28,29,26,PUPPET MAN / RESURRECTION SHUFFLE,Tom Jones,Parrot,8,26,
1971,28,30,34,GET IT ON,Chase,Epic,8,30,
1971,28,31,22,NEVER CAN SAY GOODBYE,Isaac Hayes,Enterprise,9,22,
1971,28,32,40,WILD HORSES,The Rolling Stones,Rolling Stones,4,32,
1971,28,33,44,SIGNS,Five Man Electrical Band,Lionel,7,33,
1971,28,34,37,LOVE THE ONE YOU’RE WITH,The Isley Brothers,T-Neck,4,34,
1971,28,35,35,ESCAPE-ISM (Part 1),James Brown,People,5,35,
1971,28,36,38,YOU’VE GOT A FRIEND,Roberta Flack and Donny Hathaway,Atlantic,5,36,
1971,28,37,59,BEGINNINGS / COLOUR MY WORLD,Chicago,Columbia,3,37,
1971,28,38,43,SUMMER SAND,Dawn,Bell,4,38,
1971,28,39,41,CHICAGO,Graham Nash,Atlantic,6,39,
1971,28,40,48,MOON SHADOW,Cat Stevens,A&M,3,40,
1971,28,42,29,ALBERT FLASHER / BROKEN,The Guess Who,RCA,12,29,
1971,28,41,42,"STOP, LOOK, LISTEN (To Your Heart)",The Stylistics,Avco Embassy,6,41,
1971,28,43,45,AJAX LIQUOR STORE,Hudson and Landry,Dore,12,43,
1971,28,44,46,CHANGE PARTNERS,Stephen Stills,Atlantic,5,44,
1971,28,45,50,RINGS,Cymarron,Entrance,5,45,
1971,28,46,70,MERCY MERCY ME (The Ecology),Marvin Gaye,Tamla,2,46,
1971,28,47,56,LOVE MEANS (You Never Have To Say You’re Sorry),Sounds Of Sunshine,Ranwood,7,47,
1971,28,48,51,IF NOT FOR YOU,Olivia Newton-John,Uni,7,48,
1971,28,49,88,HOT PANTS (She Got To Use What She Got To Get What She Wants) (Part 1),James Brown,People,2,49,
1971,28,50,63,RESURRECTION SHUFFLE,"Ashton, Gardner and Dyke",Capitol,4,50,
1971,29,1,1,IT’S TOO LATE / I FEEL THE EARTH MOVE,Carole King,Ode,11,1,5 weeks at #1
1971,29,2,2,INDIAN RESERVATION (The Lament Of the Cherokee Reservation Indian),The Raiders,Columbia,15,2,
1971,29,3,6,YOU’VE GOT A FRIEND,James Taylor,Warner Brothers,7,3,
1971,29,4,5,DON’T PULL YOUR LOVE,"Hamilton, Joe Frank and Reynolds",Dunhill,9,4,
1971,29,5,3,TREAT HER LIKE A LADY,Cornelius Brothers and Sister Rose,United Artists,15,3,
1971,29,6,7,MR. BIG STUFF,Jean Knight,Stax,8,6,
1971,29,7,4,RAINY DAYS AND MONDAYS,The Carpenters,A&M,10,2,
1971,29,8,14,DRAGGIN’ THE LINE,Tommy James,Roulette,6,8,
1971,29,9,16,HOW CAN YOU MEND A BROKEN HEART,The Bee Gees,Atco,4,9,
1971,29,10,10,THAT’S THE WAY I’VE ALWAYS HEARD IT SHOULD BE,Carly Simon,Elektra,14,10,
1971,29,11,11,SHE’S NOT JUST ANOTHER WOMAN,The 8th Day,Invictus,10,11,
1971,29,12,20,"TAKE ME HOME, COUNTRY ROADS",John Denver with Fat City,RCA,13,12,
1971,29,13,15,SOONER OR LATER,The Grass Roots,Dunhill,7,13,
1971,29,14,9,"WHEN YOU’RE HOT, YOU’RE HOT",Jerry Reed,RCA,11,9,
1971,29,15,17,FUNKY NASSAU (Part 1),The Beginning Of the End,Alston,11,15,
1971,29,16,19,HERE COMES THAT RAINY DAY FEELING AGAIN,The Fortunes,Capitol,10,16,
1971,29,17,18,I DON’T WANT TO DO WRONG,Gladys Knight and the Pips,Soul,7,17,
1971,29,18,22,NEVER ENDING SONG OF LOVE,Delaney and Bonnie and Friends,Atco,9,18,
1971,29,19,21,BRING THE BOYS HOME,Freda Payne,Invictus,7,19,
1971,29,20,8,WANT ADS,The Honey Cone,Hot Wax,15,1,
1971,29,21,33,SIGNS,Five Man Electrical Band,Lionel,8,21,
1971,29,22,25,HIGH TIME WE WENT / BLACK-EYED BLUES,Joe Cocker,A&M,9,22,
1971,29,23,37,BEGINNINGS / COLOUR MY WORLD,Chicago,Columbia,4,23,
1971,29,24,28,DOUBLE BARREL,Dave and Ansil Collins,Big Tree,6,24,
1971,29,25,30,GET IT ON,Chase,Epic,9,25,
1971,29,26,46,MERCY MERCY ME (The Ecology),Marvin Gaye,Tamla,3,26,
1971,29,27,49,HOT PANTS (She Got To Use What She Got To Get What She Wants) (Part 1),James Brown,People,3,27,
1971,29,28,12,IT DON’T COME EASY,Ringo Starr,Apple,12,4,
1971,29,29,34,LOVE THE ONE YOU’RE WITH,The Isley Brothers,T-Neck,5,29,
1971,29,30,32,WILD HORSES,The Rolling Stones,Rolling Stones,5,30,
1971,29,31,13,BROWN SUGAR,The Rolling Stones,Rolling Stones,12,1,
1971,29,32,36,YOU’VE GOT A FRIEND,Roberta Flack and Donny Hathaway,Atlantic,6,32,
1971,29,33,45,RINGS,Cymarron,Entrance,6,33,
1971,29,34,38,SUMMER SAND,Dawn,Bell,5,34,
1971,29,35,40,MOON SHADOW,Cat Stevens,A&M,4,35,
1971,29,36,39,CHICAGO,Graham Nash,Atlantic,7,36,
1971,29,37,48,IF NOT FOR YOU,Olivia Newton-John,Uni,8,37,
1971,29,38,29,RESURRECTION SHUFFLE / PUPPET MAN,Tom Jones,Parrot,9,26,
1971,29,39,41,"STOP, LOOK, LISTEN (To Your Heart)",The Stylistics,Avco Embassy,7,39,
1971,29,40,72,LIAR,Three Dog Night,Dunhill,2,40,
1971,29,41,35,ESCAPE-ISM (Part 1),James Brown,People,6,35,
1971,29,42,50,RESURRECTION SHUFFLE,"Ashton, Gardner and Dyke",Capitol,5,42,
1971,29,43,43,AJAX LIQUOR STORE,Hudson and Landry,Dore,13,43,
1971,29,44,44,CHANGE PARTNERS,Stephen Stills,Atlantic,6,44,
1971,29,45,47,LOVE MEANS (You Never Have To Say You’re Sorry),Sounds Of Sunshine,Ranwood,8,45,
1971,29,46,75,MAYBE TOMORROW,Jackson 5,Motown,2,46,
1971,29,47,52,WATCHING THE RIVER FLOW,Bob Dylan,Columbia,4,47,
1971,29,48,57,SHE DIDN’T DO MAGIC / I’M THE ONLY ONE,Lobo,Big Tree,4,48,
1971,29,49,84,"WHAT THE WORLD NEEDS NOW IS LOVE / ABRAHAM, MARTIN AND JOHN (Medley)",Tom Clay,Mowest,2,49,
1971,29,50,64,RIDERS ON THE STORM,The Doors,Elektra,3,50,
1971,30,1,2,INDIAN RESERVATION (The Lament Of the Cherokee Reservation Indian),The Raiders,Columbia,16,1,1 week at #1
1971,30,2,1,IT’S TOO LATE / I FEEL THE EARTH MOVE,Carole King,Ode,12,1,
1971,30,3,3,YOU’VE GOT A FRIEND,James Taylor,Warner Brothers,8,3,
1971,30,4,4,DON’T PULL YOUR LOVE,"Hamilton, Joe Frank and Reynolds",Dunhill,10,4,
1971,30,5,6,MR. BIG STUFF,Jean Knight,Stax,9,5,
1971,30,6,5,TREAT HER LIKE A LADY,Cornelius Brothers and Sister Rose,United Artists,16,3,
1971,30,7,8,DRAGGIN’ THE LINE,Tommy James,Roulette,7,7,
1971,30,8,9,HOW CAN YOU MEND A BROKEN HEART,The Bee Gees,Atco,5,8,
1971,30,9,12,"TAKE ME HOME, COUNTRY ROADS",John Denver with Fat City,RCA,14,9,
1971,30,10,13,SOONER OR LATER,The Grass Roots,Dunhill,8,10,
1971,30,11,7,RAINY DAYS AND MONDAYS,The Carpenters,A&M,11,2,
1971,30,12,10,THAT’S THE WAY I’VE ALWAYS HEARD IT SHOULD BE,Carly Simon,Elektra,15,10,
1971,30,13,18,NEVER ENDING SONG OF LOVE,Delaney and Bonnie and Friends,Atco,10,13,
1971,30,14,11,SHE’S NOT JUST ANOTHER WOMAN,The 8th Day,Invictus,11,11,
1971,30,15,26,MERCY MERCY ME (The Ecology),Marvin Gaye,Tamla,4,15,
1971,30,16,16,HERE COMES THAT RAINY DAY FEELING AGAIN,The Fortunes,Capitol,11,16,
1971,30,17,17,I DON’T WANT TO DO WRONG,Gladys Knight and the Pips,Soul,8,17,
1971,30,18,19,BRING THE BOYS HOME,Freda Payne,Invictus,8,18,
1971,30,19,23,BEGINNINGS / COLOUR MY WORLD,Chicago,Columbia,5,19,
1971,30,20,27,HOT PANTS (She Got To Use What She Got To Get What She Wants) (Part 1),James Brown,People,4,20,
1971,30,21,21,SIGNS,Five Man Electrical Band,Lionel,9,21,
1971,30,22,14,"WHEN YOU’RE HOT, YOU’RE HOT",Jerry Reed,RCA,12,9,
1971,30,23,24,DOUBLE BARREL,Dave and Ansil Collins,Big Tree,7,23,
1971,30,24,29,LOVE THE ONE YOU’RE WITH,The Isley Brothers,T-Neck,6,24,
1971,30,25,25,GET IT ON,Chase,Epic,10,25,
1971,30,26,49,"WHAT THE WORLD NEEDS NOW IS LOVE / ABRAHAM, MARTIN AND JOHN (Medley)",Tom Clay,Mowest,3,26,
1971,30,27,15,FUNKY NASSAU (Part 1),The Beginning Of the End,Alston,12,15,
1971,30,28,30,WILD HORSES,The Rolling Stones,Rolling Stones,6,28,
1971,30,29,33,RINGS,Cymarron,Entrance,7,29,
1971,30,30,22,HIGH TIME WE WENT / BLACK-EYED BLUES,Joe Cocker,A&M,10,22,
1971,30,31,40,LIAR,Three Dog Night,Dunhill,3,31,
1971,30,32,32,YOU’VE GOT A FRIEND,Roberta Flack and Donny Hathaway,Atlantic,7,32,
1971,30,33,35,MOON SHADOW,Cat Stevens,A&M,5,33,
1971,30,34,34,SUMMER SAND,Dawn,Bell,6,34,
1971,30,35,36,CHICAGO,Graham Nash,Atlantic,8,35,
1971,30,36,37,IF NOT FOR YOU,Olivia Newton-John,Uni,9,36,
1971,30,37,68,SWEET HITCH-HIKER,Creedence Clearwater Revival,Fantasy,2,37,
1971,30,38,20,WANT ADS,The Honey Cone,Hot Wax,16,1,
1971,30,39,50,RIDERS ON THE STORM,The Doors,Elektra,4,39,
1971,30,40,45,LOVE MEANS (You Never Have To Say You’re Sorry),Sounds Of Sunshine,Ranwood,9,40,
1971,30,47,38,RESURRECTION SHUFFLE / PUPPET MAN,Tom Jones,Parrot,10,26,
1971,30,49,39,"STOP, LOOK, LISTEN (To Your Heart)",The Stylistics,Avco Embassy,8,39,
1971,30,41,42,RESURRECTION SHUFFLE,"Ashton, Gardner and Dyke",Capitol,6,41,
1971,30,42,46,MAYBE TOMORROW,Jackson 5,Motown,3,42,
1971,30,43,44,CHANGE PARTNERS,Stephen Stills,Atlantic,7,43,
1971,30,44,47,WATCHING THE RIVER FLOW,Bob Dylan,Columbia,5,44,
1971,30,45,51,SMILING FACES SOMETIMES,The Undisputed Truth,Gordy,5,45,
1971,30,46,53,MIGHTY CLOUDS OF JOY,B.J. Thomas,Scepter,4,46,
1971,30,48,48,SHE DIDN’T DO MAGIC / I’M THE ONLY ONE,Lobo,Big Tree,5,48,
1971,30,50,60,WHATCHA SEE IS WHATCHA GET,The Dramatics,Volt,4,50,
1971,31,1,3,YOU’VE GOT A FRIEND,James Taylor,Warner Brothers,9,1,1 week at #1
1971,31,2,1,INDIAN RESERVATION (The Lament Of the Cherokee Reservation Indian),The Raiders,Columbia,17,1,
1971,31,3,2,IT’S TOO LATE / I FEEL THE EARTH MOVE,Carole King,Ode,13,1,
1971,31,4,5,MR. BIG STUFF,Jean Knight,Stax,10,4,
1971,31,5,7,DRAGGIN’ THE LINE,Tommy James,Roulette,8,5,
1971,31,6,8,HOW CAN YOU MEND A BROKEN HEART,The Bee Gees,Atco,6,6,
1971,31,7,4,DON’T PULL YOUR LOVE,"Hamilton, Joe Frank and Reynolds",Dunhill,11,4,
1971,31,8,9,"TAKE ME HOME, COUNTRY ROADS",John Denver with Fat City,RCA,15,8,
1971,31,9,10,SOONER OR LATER,The Grass Roots,Dunhill,9,9,
1971,31,10,26,"WHAT THE WORLD NEEDS NOW IS LOVE / ABRAHAM, MARTIN AND JOHN (Medley)",Tom Clay,Mowest,4,10,
1971,31,11,15,MERCY MERCY ME (The Ecology),Marvin Gaye,Tamla,5,11,
1971,31,12,6,TREAT HER LIKE A LADY,Cornelius Brothers and Sister Rose,United Artists,17,3,
1971,31,13,13,NEVER ENDING SONG OF LOVE,Delaney and Bonnie and Friends,Atco,11,13,
1971,31,14,18,BRING THE BOYS HOME,Freda Payne,Invictus,9,14,
1971,31,15,16,HERE COMES THAT RAINY DAY FEELING AGAIN,The Fortunes,Capitol,12,15,
1971,31,16,19,BEGINNINGS / COLOUR MY WORLD,Chicago,Columbia,6,16,
1971,31,17,17,I DON’T WANT TO DO WRONG,Gladys Knight and the Pips,Soul,9,17,
1971,31,18,20,HOT PANTS (She Got To Use What She Got To Get What She Wants) (Part 1),James Brown,People,5,18,
1971,31,19,21,SIGNS,Five Man Electrical Band,Lionel,10,19,
1971,31,20,12,THAT’S THE WAY I’VE ALWAYS HEARD IT SHOULD BE,Carly Simon,Elektra,16,10,
1971,31,21,14,SHE’S NOT JUST ANOTHER WOMAN,The 8th Day,Invictus,12,11,
1971,31,22,24,LOVE THE ONE YOU’RE WITH,The Isley Brothers,T-Neck,7,22,
1971,31,23,23,DOUBLE BARREL,Dave and Ansil Collins,Big Tree,8,23,
1971,31,24,25,GET IT ON,Chase,Epic,11,24,
1971,31,25,11,RAINY DAYS AND MONDAYS,The Carpenters,A&M,12,2,
1971,31,26,31,LIAR,Three Dog Night,Dunhill,4,26,
1971,31,27,27,FUNKY NASSAU (Part 1),The Beginning Of the End,Alston,13,15,
1971,31,28,29,RINGS,Cymarron,Entrance,8,28,
1971,31,29,37,SWEET HITCH-HIKER,Creedence Clearwater Revival,Fantasy,3,29,
1971,31,30,42,MAYBE TOMORROW,Jackson 5,Motown,4,30,
1971,31,31,32,YOU’VE GOT A FRIEND,Roberta Flack and Donny Hathaway,Atlantic,8,31,
1971,31,32,33,MOON SHADOW,Cat Stevens,A&M,6,32,
1971,31,33,34,SUMMER SAND,Dawn,Bell,7,33,
1971,31,34,36,IF NOT FOR YOU,Olivia Newton-John,Uni,10,34,
1971,31,35,35,CHICAGO,Graham Nash,Atlantic,9,35,
1971,31,36,39,RIDERS ON THE STORM,The Doors,Elektra,5,36,
1971,31,37,45,SMILING FACES SOMETIMES,The Undisputed Truth,Gordy,6,37,
1971,31,38,28,WILD HORSES,The Rolling Stones,Rolling Stones,7,28,
1971,31,39,40,LOVE MEANS (You Never Have To Say You’re Sorry),Sounds Of Sunshine,Ranwood,10,39,
1971,31,40,50,WHATCHA SEE IS WHATCHA GET,The Dramatics,Volt,5,40,
1971,31,44,30,HIGH TIME WE WENT / BLACK-EYED BLUES,Joe Cocker,A&M,11,22,
1971,31,41,41,RESURRECTION SHUFFLE,"Ashton, Gardner and Dyke",Capitol,7,41,
1971,31,42,44,WATCHING THE RIVER FLOW,Bob Dylan,Columbia,6,42,
1971,31,43,46,MIGHTY CLOUDS OF JOY,B.J. Thomas,Scepter,5,43,
1971,31,45,52,I’M LEAVIN’,Elvis Presley,RCA,4,45,
1971,31,46,48,SHE DIDN’T DO MAGIC / I’M THE ONLY ONE,Lobo,Big Tree,6,46,
1971,31,47,66,I JUST WANT TO CELEBRATE,Rare Earth,Rare Earth,3,47,
1971,31,48,60,MOTHER FREEDOM,Bread,Elektra,3,48,
1971,31,49,57,WON’T GET FOOLED AGAIN,The Who,Decca,3,49,
1971,31,50,47,RESURRECTION SHUFFLE / PUPPET MAN,Tom Jones,Parrot,11,26,
1971,32,1,6,HOW CAN YOU MEND A BROKEN HEART,The Bee Gees,Atco,7,1,1 week at #1
1971,32,2,2,INDIAN RESERVATION (The Lament Of the Cherokee Reservation Indian),The Raiders,Columbia,18,1,
1971,32,3,1,YOU’VE GOT A FRIEND,James Taylor,Warner Brothers,10,1,
1971,32,4,4,MR. BIG STUFF,Jean Knight,Stax,11,4,
1971,32,5,5,DRAGGIN’ THE LINE,Tommy James,Roulette,9,5,
1971,32,6,8,"TAKE ME HOME, COUNTRY ROADS",John Denver with Fat City,RCA,16,6,
1971,32,7,3,IT’S TOO LATE / I FEEL THE EARTH MOVE,Carole King,Ode,14,1,
1971,32,8,16,BEGINNINGS / COLOUR MY WORLD,Chicago,Columbia,7,8,
1971,32,9,10,"WHAT THE WORLD NEEDS NOW IS LOVE / ABRAHAM, MARTIN AND JOHN (Medley)",Tom Clay,Mowest,5,9,
1971,32,10,11,MERCY MERCY ME (The Ecology),Marvin Gaye,Tamla,6,10,
1971,32,11,7,DON’T PULL YOUR LOVE,"Hamilton, Joe Frank and Reynolds",Dunhill,12,4,
1971,32,12,14,BRING THE BOYS HOME,Freda Payne,Invictus,10,12,
1971,32,13,13,NEVER ENDING SONG OF LOVE,Delaney and Bonnie and Friends,Atco,12,13,
1971,32,14,9,SOONER OR LATER,The Grass Roots,Dunhill,10,9,
1971,32,15,19,SIGNS,Five Man Electrical Band,Lionel,11,15,
1971,32,16,18,HOT PANTS (She Got To Use What She Got To Get What She Wants) (Part 1),James Brown,People,6,16,
1971,32,17,28,RINGS,Cymarron,Entrance,9,17,
1971,32,18,29,SWEET HITCH-HIKER,Creedence Clearwater Revival,Fantasy,4,18,
1971,32,19,22,LOVE THE ONE YOU’RE WITH,The Isley Brothers,T-Neck,8,19,
1971,32,20,26,LIAR,Three Dog Night,Dunhill,5,20,
1971,32,21,15,HERE COMES THAT RAINY DAY FEELING AGAIN,The Fortunes,Capitol,13,15,
1971,32,22,23,DOUBLE BARREL,Dave and Ansil Collins,Big Tree,9,22,
1971,32,23,36,RIDERS ON THE STORM,The Doors,Elektra,6,23,
1971,32,24,30,MAYBE TOMORROW,Jackson 5,Motown,5,24,
1971,32,25,37,SMILING FACES SOMETIMES,The Undisputed Truth,Gordy,7,25,
1971,32,26,12,TREAT HER LIKE A LADY,Cornelius Brothers and Sister Rose,United Artists,18,3,
1971,32,27,24,GET IT ON,Chase,Epic,12,24,
1971,32,28,17,I DON’T WANT TO DO WRONG,Gladys Knight and the Pips,Soul,10,17,
1971,32,29,69,SPANISH HARLEM,Aretha Franklin,Atlantic,2,29,
1971,32,30,40,WHATCHA SEE IS WHATCHA GET,The Dramatics,Volt,6,30,
1971,32,31,31,YOU’VE GOT A FRIEND,Roberta Flack and Donny Hathaway,Atlantic,9,31,
1971,32,32,32,MOON SHADOW,Cat Stevens,A&M,7,32,
1971,32,33,34,IF NOT FOR YOU,Olivia Newton-John,Uni,11,33,
1971,32,34,27,FUNKY NASSAU (Part 1),The Beginning Of the End,Alston,14,15,
1971,32,35,20,THAT’S THE WAY I’VE ALWAYS HEARD IT SHOULD BE,Carly Simon,Elektra,17,10,
1971,32,36,21,SHE’S NOT JUST ANOTHER WOMAN,The 8th Day,Invictus,13,11,
1971,32,37,47,I JUST WANT TO CELEBRATE,Rare Earth,Rare Earth,4,37,
1971,32,38,33,SUMMER SAND,Dawn,Bell,8,33,
1971,32,39,49,WON’T GET FOOLED AGAIN,The Who,Decca,4,39,
1971,32,40,41,RESURRECTION SHUFFLE,"Ashton, Gardner and Dyke",Capitol,8,40,
1971,32,43,35,CHICAGO,Graham Nash,Atlantic,10,35,
1971,32,47,39,LOVE MEANS (You Never Have To Say You’re Sorry),Sounds Of Sunshine,Ranwood,11,39,
1971,32,49,38,WILD HORSES,The Rolling Stones,Rolling Stones,8,28,
1971,32,41,42,WATCHING THE RIVER FLOW,Bob Dylan,Columbia,7,41,
1971,32,42,43,MIGHTY CLOUDS OF JOY,B.J. Thomas,Scepter,6,42,
1971,32,44,45,I’M LEAVIN’,Elvis Presley,RCA,5,44,
1971,32,45,48,MOTHER FREEDOM,Bread,Elektra,4,45,
1971,32,46,46,SHE DIDN’T DO MAGIC / I’M THE ONLY ONE,Lobo,Big Tree,7,46,
1971,32,48,55,AIN’T NO SUNSHINE,Bill Withers,Sussex,4,48,
1971,32,50,67,TIRED OF BEING ALONE,Al Green,Hi,3,50,
1971,33,1,1,HOW CAN YOU MEND A BROKEN HEART,The Bee Gees,Atco,8,1,2 weeks at #1
1971,33,2,4,MR. BIG STUFF,Jean Knight,Stax,12,2,
1971,33,3,6,"TAKE ME HOME, COUNTRY ROADS",John Denver with Fat City,RCA,17,3,
1971,33,4,5,DRAGGIN’ THE LINE,Tommy James,Roulette,10,4,
1971,33,5,3,YOU’VE GOT A FRIEND,James Taylor,Warner Brothers,11,1,
1971,33,6,2,INDIAN RESERVATION (The Lament Of the Cherokee Reservation Indian),The Raiders,Columbia,19,1,
1971,33,7,8,BEGINNINGS / COLOUR MY WORLD,Chicago,Columbia,8,7,
1971,33,8,9,"WHAT THE WORLD NEEDS NOW IS LOVE / ABRAHAM, MARTIN AND JOHN (Medley)",Tom Clay,Mowest,6,8,
1971,33,9,10,MERCY MERCY ME (The Ecology),Marvin Gaye,Tamla,7,9,
1971,33,10,15,SIGNS,Five Man Electrical Band,Lionel,12,10,
1971,33,11,7,IT’S TOO LATE / I FEEL THE EARTH MOVE,Carole King,Ode,15,1,
1971,33,12,12,BRING THE BOYS HOME,Freda Payne,Invictus,11,12,
1971,33,13,13,NEVER ENDING SONG OF LOVE,Delaney and Bonnie and Friends,Atco,13,13,
1971,33,14,20,LIAR,Three Dog Night,Dunhill,6,14,
1971,33,15,18,SWEET HITCH-HIKER,Creedence Clearwater Revival,Fantasy,5,15,
1971,33,16,16,HOT PANTS (She Got To Use What She Got To Get What She Wants) (Part 1),James Brown,People,7,16,
1971,33,17,17,RINGS,Cymarron,Entrance,10,17,
1971,33,18,19,LOVE THE ONE YOU’RE WITH,The Isley Brothers,T-Neck,9,18,
1971,33,19,29,SPANISH HARLEM,Aretha Franklin,Atlantic,3,19,
1971,33,20,23,RIDERS ON THE STORM,The Doors,Elektra,7,20,
1971,33,21,25,SMILING FACES SOMETIMES,The Undisputed Truth,Gordy,8,21,
1971,33,22,24,MAYBE TOMORROW,Jackson 5,Motown,6,22,
1971,33,23,11,DON’T PULL YOUR LOVE,"Hamilton, Joe Frank and Reynolds",Dunhill,13,4,
1971,33,24,14,SOONER OR LATER,The Grass Roots,Dunhill,11,9,
1971,33,25,30,WHATCHA SEE IS WHATCHA GET,The Dramatics,Volt,7,25,
1971,33,26,37,I JUST WANT TO CELEBRATE,Rare Earth,Rare Earth,5,26,
1971,33,27,48,AIN’T NO SUNSHINE,Bill Withers,Sussex,5,27,
1971,33,28,22,DOUBLE BARREL,Dave and Ansil Collins,Big Tree,10,22,
1971,33,29,31,YOU’VE GOT A FRIEND,Roberta Flack and Donny Hathaway,Atlantic,10,29,
1971,33,30,32,MOON SHADOW,Cat Stevens,A&M,8,30,
1971,33,31,33,IF NOT FOR YOU,Olivia Newton-John,Uni,12,31,
1971,33,32,21,HERE COMES THAT RAINY DAY FEELING AGAIN,The Fortunes,Capitol,14,15,
1971,33,33,28,I DON’T WANT TO DO WRONG,Gladys Knight and the Pips,Soul,11,17,
1971,33,34,39,WON’T GET FOOLED AGAIN,The Who,Decca,5,34,
1971,33,35,27,GET IT ON,Chase,Epic,13,24,
1971,33,36,42,MIGHTY CLOUDS OF JOY,B.J. Thomas,Scepter,7,36,
1971,33,37,55,GO DOWN GAMBLIN’,"Blood, Sweat and Tears",Columbia,3,37,
1971,33,38,44,I’M LEAVIN’,Elvis Presley,RCA,6,38,
1971,33,39,45,MOTHER FREEDOM,Bread,Elektra,5,39,
1971,33,40,38,SUMMER SAND,Dawn,Bell,9,33,
1971,33,45,40,RESURRECTION SHUFFLE,"Ashton, Gardner and Dyke",Capitol,9,40,
1971,33,41,50,TIRED OF BEING ALONE,Al Green,Hi,4,41,
1971,33,42,68,STICK-UP,The Honey Cone,Hot Wax,2,42,
1971,33,43,57,WHERE YOU LEAD,Barbra Streisand,Columbia,4,43,
1971,33,44,89,GO AWAY LITTLE GIRL,Donny Osmond,MGM,2,44,
1971,33,46,43,CHICAGO,Graham Nash,Atlantic,11,35,
1971,33,47,51,I LIKES TO DO IT,The People’s Choice,Phil-L.A. Of Soul,4,47,
1971,33,48,47,LOVE MEANS (You Never Have To Say You’re Sorry),Sounds Of Sunshine,Ranwood,12,39,
1971,33,49,46,SHE DIDN’T DO MAGIC / I’M THE ONLY ONE,Lobo,Big Tree,8,46,
1971,33,50,41,WATCHING THE RIVER FLOW,Bob Dylan,Columbia,8,41,
1971,34,1,1,HOW CAN YOU MEND A BROKEN HEART,The Bee Gees,Atco,9,1,3 weeks at #1
1971,34,2,2,MR. BIG STUFF,Jean Knight,Stax,13,2,
1971,34,3,3,"TAKE ME HOME, COUNTRY ROADS",John Denver with Fat City,RCA,18,3,
1971,34,4,9,MERCY MERCY ME (The Ecology),Marvin Gaye,Tamla,8,4,
1971,34,5,5,YOU’VE GOT A FRIEND,James Taylor,Warner Brothers,12,1,
1971,34,6,15,SWEET HITCH-HIKER,Creedence Clearwater Revival,Fantasy,6,6,
1971,34,7,7,BEGINNINGS / COLOUR MY WORLD,Chicago,Columbia,9,7,
1971,34,8,10,SIGNS,Five Man Electrical Band,Lionel,13,8,
1971,34,9,4,DRAGGIN’ THE LINE,Tommy James,Roulette,11,4,
1971,34,10,14,LIAR,Three Dog Night,Dunhill,7,10,
1971,34,11,6,INDIAN RESERVATION (The Lament Of the Cherokee Reservation Indian),The Raiders,Columbia,20,1,
1971,34,12,21,SMILING FACES SOMETIMES,The Undisputed Truth,Gordy,9,12,
1971,34,13,11,IT’S TOO LATE / I FEEL THE EARTH MOVE,Carole King,Ode,16,1,
1971,34,14,19,SPANISH HARLEM,Aretha Franklin,Atlantic,4,14,
1971,34,15,16,HOT PANTS (She Got To Use What She Got To Get What She Wants) (Part 1),James Brown,People,8,15,
1971,34,16,20,RIDERS ON THE STORM,The Doors,Elektra,8,16,
1971,34,17,8,"WHAT THE WORLD NEEDS NOW IS LOVE / ABRAHAM, MARTIN AND JOHN (Medley)",Tom Clay,Mowest,7,8,
1971,34,18,13,NEVER ENDING SONG OF LOVE,Delaney and Bonnie and Friends,Atco,14,13,
1971,34,19,25,WHATCHA SEE IS WHATCHA GET,The Dramatics,Volt,8,19,
1971,34,20,22,MAYBE TOMORROW,Jackson 5,Motown,7,20,
1971,34,21,65,UNCLE ALBERT / ADMIRAL HALSEY,Paul and Linda McCartney,Apple,2,21,
1971,34,22,26,I JUST WANT TO CELEBRATE,Rare Earth,Rare Earth,6,22,
1971,34,23,27,AIN’T NO SUNSHINE,Bill Withers,Sussex,6,23,
1971,34,24,44,GO AWAY LITTLE GIRL,Donny Osmond,MGM,3,24,
1971,34,25,12,BRING THE BOYS HOME,Freda Payne,Invictus,12,12,
1971,34,26,17,RINGS,Cymarron,Entrance,11,17,
1971,34,27,31,IF NOT FOR YOU,Olivia Newton-John,Uni,13,27,
1971,34,28,18,LOVE THE ONE YOU’RE WITH,The Isley Brothers,T-Neck,10,18,
1971,34,29,29,YOU’VE GOT A FRIEND,Roberta Flack and Donny Hathaway,Atlantic,11,29,
1971,34,30,34,WON’T GET FOOLED AGAIN,The Who,Decca,6,30,
1971,34,31,23,DON’T PULL YOUR LOVE,"Hamilton, Joe Frank and Reynolds",Dunhill,14,4,
1971,34,32,30,MOON SHADOW,Cat Stevens,A&M,9,30,
1971,34,33,37,GO DOWN GAMBLIN’,"Blood, Sweat and Tears",Columbia,4,33,
1971,34,34,36,MIGHTY CLOUDS OF JOY,B.J. Thomas,Scepter,8,34,
1971,34,35,63,I WOKE UP IN LOVE THIS MORNING,The Partridge Family (Starring Shirley Jones and Featuring David Cassidy),Bell,2,35,
1971,34,36,38,I’M LEAVIN’,Elvis Presley,RCA,7,36,
1971,34,37,39,MOTHER FREEDOM,Bread,Elektra,6,37,
1971,34,38,42,STICK-UP,The Honey Cone,Hot Wax,3,38,
1971,34,39,41,TIRED OF BEING ALONE,Al Green,Hi,5,39,
1971,34,40,28,DOUBLE BARREL,Dave and Ansil Collins,Big Tree,11,22,
1971,34,76,40,SUMMER SAND,Dawn,Bell,10,33,
1971,34,41,43,WHERE YOU LEAD,Barbra Streisand,Columbia,5,41,
1971,34,42,47,I LIKES TO DO IT,The People’s Choice,Phil-L.A. Of Soul,5,42,
1971,34,43,67,BANGLA-DESH / DEEP BLUE,George Harrison,Apple,2,43,
1971,34,44,52,SATURDAY MORNING CONFUSION,Bobby Russell,United Artists,7,44,
1971,34,45,51,CHIRPY CHIRPY CHEEP CHEEP,Mac and Katie Kissoon,ABC,5,45,
1971,34,46,62,MAGGIE MAY / REASON TO BELIEVE,Rod Stewart,Mercury,6,46,
1971,34,47,61,WEDDING SONG (There Is Love),Paul Stookey,Warner Brothers,4,47,
1971,34,48,60,DO YOU KNOW WHAT I MEAN,Lee Michaels,A&M,4,48,
1971,34,49,64,THE STORY IN YOUR EYES,The Moody Blues,Threshold,3,49,
1971,34,50,57,MAGGIE,Redbone,Epic,12,50,
1971,35,1,1,HOW CAN YOU MEND A BROKEN HEART,The Bee Gees,Atco,10,1,4 weeks at #1
1971,35,2,3,"TAKE ME HOME, COUNTRY ROADS",John Denver with Fat City,RCA,19,2,
1971,35,3,8,SIGNS,Five Man Electrical Band,Lionel,14,3,
1971,35,4,4,MERCY MERCY ME (The Ecology),Marvin Gaye,Tamla,9,4,
1971,35,5,2,MR. BIG STUFF,Jean Knight,Stax,14,2,
1971,35,6,6,SWEET HITCH-HIKER,Creedence Clearwater Revival,Fantasy,7,6,
1971,35,7,10,LIAR,Three Dog Night,Dunhill,8,7,
1971,35,8,12,SMILING FACES SOMETIMES,The Undisputed Truth,Gordy,10,8,
1971,35,9,14,SPANISH HARLEM,Aretha Franklin,Atlantic,5,9,
1971,35,10,24,GO AWAY LITTLE GIRL,Donny Osmond,MGM,4,10,
1971,35,11,7,BEGINNINGS / COLOUR MY WORLD,Chicago,Columbia,10,7,
1971,35,12,21,UNCLE ALBERT / ADMIRAL HALSEY,Paul and Linda McCartney,Apple,3,12,
1971,35,13,23,AIN’T NO SUNSHINE,Bill Withers,Sussex,7,13,
1971,35,14,5,YOU’VE GOT A FRIEND,James Taylor,Warner Brothers,13,1,
1971,35,15,16,RIDERS ON THE STORM,The Doors,Elektra,9,15,
1971,35,16,19,WHATCHA SEE IS WHATCHA GET,The Dramatics,Volt,9,16,
1971,35,17,9,DRAGGIN’ THE LINE,Tommy James,Roulette,12,4,
1971,35,18,22,I JUST WANT TO CELEBRATE,Rare Earth,Rare Earth,7,18,
1971,35,19,11,INDIAN RESERVATION (The Lament Of the Cherokee Reservation Indian),The Raiders,Columbia,21,1,
1971,35,20,17,"WHAT THE WORLD NEEDS NOW IS LOVE / ABRAHAM, MARTIN AND JOHN (Medley)",Tom Clay,Mowest,8,8,
1971,35,21,13,IT’S TOO LATE / I FEEL THE EARTH MOVE,Carole King,Ode,17,1,
1971,35,22,15,HOT PANTS (She Got To Use What She Got To Get What She Wants) (Part 1),James Brown,People,9,15,
1971,35,23,30,WON’T GET FOOLED AGAIN,The Who,Decca,7,23,
1971,35,24,18,NEVER ENDING SONG OF LOVE,Delaney and Bonnie and Friends,Atco,15,13,
1971,35,25,35,I WOKE UP IN LOVE THIS MORNING,The Partridge Family (Starring Shirley Jones and Featuring David Cassidy),Bell,3,25,
1971,35,26,27,IF NOT FOR YOU,Olivia Newton-John,Uni,14,26,
1971,35,27,38,STICK-UP,The Honey Cone,Hot Wax,4,27,
1971,35,28,25,BRING THE BOYS HOME,Freda Payne,Invictus,13,12,
1971,35,29,26,RINGS,Cymarron,Entrance,12,17,
1971,35,30,20,MAYBE TOMORROW,Jackson 5,Motown,8,20,
1971,35,31,43,BANGLA-DESH / DEEP BLUE,George Harrison,Apple,3,31,
1971,35,32,33,GO DOWN GAMBLIN’,"Blood, Sweat and Tears",Columbia,5,32,
1971,35,33,54,THE NIGHT THEY DROVE OLD DIXIE DOWN,Joan Baez,Vanguard,3,33,
1971,35,34,34,MIGHTY CLOUDS OF JOY,B.J. Thomas,Scepter,9,34,
1971,35,35,39,TIRED OF BEING ALONE,Al Green,Hi,6,35,
1971,35,36,46,MAGGIE MAY / REASON TO BELIEVE,Rod Stewart,Mercury,7,36,
1971,35,37,28,LOVE THE ONE YOU’RE WITH,The Isley Brothers,T-Neck,11,18,
1971,35,38,44,SATURDAY MORNING CONFUSION,Bobby Russell,United Artists,8,38,
1971,35,39,29,YOU’VE GOT A FRIEND,Roberta Flack and Donny Hathaway,Atlantic,12,29,
1971,35,40,41,WHERE YOU LEAD,Barbra Streisand,Columbia,6,40,
1971,35,46,37,MOTHER FREEDOM,Bread,Elektra,7,37,
1971,35,51,32,MOON SHADOW,Cat Stevens,A&M,10,30,
1971,35,63,36,I’M LEAVIN’,Elvis Presley,RCA,8,36,
1971,35,41,49,THE STORY IN YOUR EYES,The Moody Blues,Threshold,4,41,
1971,35,42,42,I LIKES TO DO IT,The People’s Choice,Phil-L.A. Of Soul,6,42,
1971,35,43,47,WEDDING SONG (There Is Love),Paul Stookey,Warner Brothers,5,43,
1971,35,44,45,CHIRPY CHIRPY CHEEP CHEEP,Mac and Katie Kissoon,ABC,6,44,
1971,35,45,48,DO YOU KNOW WHAT I MEAN,Lee Michaels,A&M,5,45,
1971,35,47,58,IF YOU REALLY LOVE ME,Stevie Wonder,Tamla,3,47,
1971,35,48,50,MAGGIE,Redbone,Epic,13,48,
1971,35,49,55,ALL DAY MUSIC,War,United Artists,4,49,
1971,35,50,57,RAIN DANCE,The Guess Who,RCA,3,50,
1971,36,1,12,UNCLE ALBERT / ADMIRAL HALSEY,Paul and Linda McCartney,Apple,4,1,1 week at #1
1971,36,2,1,HOW CAN YOU MEND A BROKEN HEART,The Bee Gees,Atco,11,1,
1971,36,3,8,SMILING FACES SOMETIMES,The Undisputed Truth,Gordy,11,3,
1971,36,4,9,SPANISH HARLEM,Aretha Franklin,Atlantic,6,4,
1971,36,5,10,GO AWAY LITTLE GIRL,Donny Osmond,MGM,5,5,
1971,36,6,13,AIN’T NO SUNSHINE,Bill Withers,Sussex,8,6,
1971,36,7,2,"TAKE ME HOME, COUNTRY ROADS",John Denver with Fat City,RCA,20,2,
1971,36,8,3,SIGNS,Five Man Electrical Band,Lionel,15,3,
1971,36,9,7,LIAR,Three Dog Night,Dunhill,9,7,
1971,36,10,18,I JUST WANT TO CELEBRATE,Rare Earth,Rare Earth,8,10,
1971,36,11,16,WHATCHA SEE IS WHATCHA GET,The Dramatics,Volt,10,11,
1971,36,12,5,MR. BIG STUFF,Jean Knight,Stax,15,2,
1971,36,13,4,MERCY MERCY ME (The Ecology),Marvin Gaye,Tamla,10,4,
1971,36,14,15,RIDERS ON THE STORM,The Doors,Elektra,10,14,
1971,36,15,11,BEGINNINGS / COLOUR MY WORLD,Chicago,Columbia,11,7,
1971,36,16,6,SWEET HITCH-HIKER,Creedence Clearwater Revival,Fantasy,8,6,
1971,36,17,27,STICK-UP,The Honey Cone,Hot Wax,5,17,
1971,36,18,33,THE NIGHT THEY DROVE OLD DIXIE DOWN,Joan Baez,Vanguard,4,18,
1971,36,19,36,MAGGIE MAY / REASON TO BELIEVE,Rod Stewart,Mercury,8,19,
1971,36,20,23,WON’T GET FOOLED AGAIN,The Who,Decca,8,20,
1971,36,21,25,I WOKE UP IN LOVE THIS MORNING,The Partridge Family (Starring Shirley Jones and Featuring David Cassidy),Bell,4,21,
1971,36,22,14,YOU’VE GOT A FRIEND,James Taylor,Warner Brothers,14,1,
1971,36,23,22,HOT PANTS (She Got To Use What She Got To Get What She Wants) (Part 1),James Brown,People,10,15,
1971,36,24,31,BANGLA-DESH / DEEP BLUE,George Harrison,Apple,4,24,
1971,36,25,26,IF NOT FOR YOU,Olivia Newton-John,Uni,15,25,
1971,36,26,35,TIRED OF BEING ALONE,Al Green,Hi,7,26,
1971,36,27,19,INDIAN RESERVATION (The Lament Of the Cherokee Reservation Indian),The Raiders,Columbia,22,1,
1971,36,28,20,"WHAT THE WORLD NEEDS NOW IS LOVE / ABRAHAM, MARTIN AND JOHN (Medley)",Tom Clay,Mowest,9,8,
1971,36,29,17,DRAGGIN’ THE LINE,Tommy James,Roulette,13,4,
1971,36,30,44,CHIRPY CHIRPY CHEEP CHEEP,Mac and Katie Kissoon,ABC,7,30,
1971,36,31,41,THE STORY IN YOUR EYES,The Moody Blues,Threshold,5,31,
1971,36,32,32,GO DOWN GAMBLIN’,"Blood, Sweat and Tears",Columbia,6,32,
1971,36,33,30,MAYBE TOMORROW,Jackson 5,Motown,9,20,
1971,36,34,45,DO YOU KNOW WHAT I MEAN,Lee Michaels,A&M,6,34,
1971,36,35,38,SATURDAY MORNING CONFUSION,Bobby Russell,United Artists,9,35,
1971,36,36,43,WEDDING SONG (There Is Love),Paul Stookey,Warner Brothers,5,36,
1971,36,37,47,IF YOU REALLY LOVE ME,Stevie Wonder,Tamla,4,37,
1971,36,38,50,RAIN DANCE,The Guess Who,RCA,4,38,
1971,36,39,71,SO FAR AWAY / SMACKWATER JACK,Carole King,Ode,2,39,
1971,36,40,42,I LIKES TO DO IT,The People’s Choice,Phil-L.A. Of Soul,7,40,
1971,36,41,34,MIGHTY CLOUDS OF JOY,B.J. Thomas,Scepter,10,34,
1971,36,59,40,WHERE YOU LEAD,Barbra Streisand,Columbia,7,40,
1971,36,42,57,I AIN’T GOT TIME ANYMORE,The Glass Bottle,Avco Embassy,8,42,
1971,36,43,61,SWEET CITY WOMAN,The Stampeders,Bell,4,43,
1971,36,44,54,SURRENDER,Diana Ross,Motown,4,44,
1971,36,45,53,K-JEE,The Nite-Liters,RCA,9,45,
1971,36,46,48,MAGGIE,Redbone,Epic,14,46,
1971,36,47,49,ALL DAY MUSIC,War,United Artists,5,47,
1971,36,48,58,MARIANNE,Stephen Stills,Atlantic,3,48,
1971,36,50,46,MOTHER FREEDOM,Bread,Elektra,8,37,
1971,37,1,5,GO AWAY LITTLE GIRL,Donny Osmond,MGM,6,1,1 week at #1
1971,37,2,4,SPANISH HARLEM,Aretha Franklin,Atlantic,7,2,
1971,37,3,3,SMILING FACES SOMETIMES,The Undisputed Truth,Gordy,12,3,
1971,37,4,6,AIN’T NO SUNSHINE,Bill Withers,Sussex,9,4,
1971,37,5,1,UNCLE ALBERT / ADMIRAL HALSEY,Paul and Linda McCartney,Apple,5,1,
1971,37,6,2,HOW CAN YOU MEND A BROKEN HEART,The Bee Gees,Atco,12,1,
1971,37,7,10,I JUST WANT TO CELEBRATE,Rare Earth,Rare Earth,9,7,
1971,37,8,7,"TAKE ME HOME, COUNTRY ROADS",John Denver with Fat City,RCA,21,2,
1971,37,9,8,SIGNS,Five Man Electrical Band,Lionel,16,3,
1971,37,10,19,MAGGIE MAY / REASON TO BELIEVE,Rod Stewart,Mercury,9,10,
1971,37,11,11,WHATCHA SEE IS WHATCHA GET,The Dramatics,Volt,11,11,
1971,37,12,18,THE NIGHT THEY DROVE OLD DIXIE DOWN,Joan Baez,Vanguard,5,12,
1971,37,13,9,LIAR,Three Dog Night,Dunhill,10,7,
1971,37,14,17,STICK-UP,The Honey Cone,Hot Wax,6,14,
1971,37,15,13,MERCY MERCY ME (The Ecology),Marvin Gaye,Tamla,11,4,
1971,37,16,20,WON’T GET FOOLED AGAIN,The Who,Decca,9,16,
1971,37,17,49,SUPERSTAR / BLESS THE BEASTS AND CHILDREN,The Carpenters,A&M,2,17,
1971,37,18,21,I WOKE UP IN LOVE THIS MORNING,The Partridge Family (Starring Shirley Jones and Featuring David Cassidy),Bell,5,18,
1971,37,19,15,BEGINNINGS / COLOUR MY WORLD,Chicago,Columbia,12,7,
1971,37,20,34,DO YOU KNOW WHAT I MEAN,Lee Michaels,A&M,7,20,
1971,37,21,12,MR. BIG STUFF,Jean Knight,Stax,16,2,
1971,37,22,16,SWEET HITCH-HIKER,Creedence Clearwater Revival,Fantasy,9,6,
1971,37,23,24,BANGLA-DESH / DEEP BLUE,George Harrison,Apple,5,23,
1971,37,24,26,TIRED OF BEING ALONE,Al Green,Hi,8,24,
1971,37,25,14,RIDERS ON THE STORM,The Doors,Elektra,11,14,
1971,37,26,31,THE STORY IN YOUR EYES,The Moody Blues,Threshold,6,26,
1971,37,27,30,CHIRPY CHIRPY CHEEP CHEEP,Mac and Katie Kissoon,ABC,8,27,
1971,37,28,37,IF YOU REALLY LOVE ME,Stevie Wonder,Tamla,5,28,
1971,37,29,25,IF NOT FOR YOU,Olivia Newton-John,Uni,16,25,
1971,37,30,56,MAKE IT FUNKY (Part 1),James Brown,Polydor,3,30,
1971,37,31,35,SATURDAY MORNING CONFUSION,Bobby Russell,United Artists,10,31,
1971,37,32,39,SO FAR AWAY / SMACKWATER JACK,Carole King,Ode,3,32,
1971,37,33,38,RAIN DANCE,The Guess Who,RCA,5,33,
1971,37,34,36,WEDDING SONG (There Is Love),Paul Stookey,Warner Brothers,6,34,
1971,37,35,43,SWEET CITY WOMAN,The Stampeders,Bell,5,35,
1971,37,36,32,GO DOWN GAMBLIN’,"Blood, Sweat and Tears",Columbia,7,32,
1971,37,37,23,HOT PANTS (She Got To Use What She Got To Get What She Wants) (Part 1),James Brown,People,11,15,
1971,37,38,40,I LIKES TO DO IT,The People’s Choice,Phil-L.A. Of Soul,8,38,
1971,37,39,45,K-JEE,The Nite-Liters,RCA,10,39,
1971,37,40,44,SURRENDER,Diana Ross,Motown,5,40,
1971,37,41,42,I AIN’T GOT TIME ANYMORE,The Glass Bottle,Avco Embassy,9,41,
1971,37,42,47,ALL DAY MUSIC,War,United Artists,6,42,
1971,37,43,53,THE BREAKDOWN (Part 1),Rufus Thomas,Stax,5,43,
1971,37,44,58,I’VE FOUND SOMEONE OF MY OWN,The Free Movement,Decca,15,44,
1971,37,45,46,MAGGIE,Redbone,Epic,15,45,
1971,37,46,48,MARIANNE,Stephen Stills,Atlantic,4,46,
1971,37,47,52,THE LOVE WE HAD (Stays On My Mind),The Dells,Cadet,5,47,
1971,37,48,51,WHERE EVIL GROWS / I WAS WONDERING,The Poppy Family Featuring Susan Jacks,London,9,48,
1971,37,49,62,"STOP, LOOK, LISTEN (To Your Heart)",The Stylistics,Avco Embassy,12,39,
1971,37,50,54,"TAKE ME GIRL, I’M READY",Jr. Walker and the All Stars,Soul,6,50,
1971,38,1,1,GO AWAY LITTLE GIRL,Donny Osmond,MGM,7,1,2 weeks at #1
1971,38,2,2,SPANISH HARLEM,Aretha Franklin,Atlantic,8,2,
1971,38,3,4,AIN’T NO SUNSHINE,Bill Withers,Sussex,10,3,
1971,38,4,10,MAGGIE MAY / REASON TO BELIEVE,Rod Stewart,Mercury,10,4,
1971,38,5,5,UNCLE ALBERT / ADMIRAL HALSEY,Paul and Linda McCartney,Apple,6,1,
1971,38,6,3,SMILING FACES SOMETIMES,The Undisputed Truth,Gordy,13,3,
1971,38,7,7,I JUST WANT TO CELEBRATE,Rare Earth,Rare Earth,10,7,
1971,38,8,12,THE NIGHT THEY DROVE OLD DIXIE DOWN,Joan Baez,Vanguard,6,8,
1971,38,9,6,HOW CAN YOU MEND A BROKEN HEART,The Bee Gees,Atco,13,1,
1971,38,10,11,WHATCHA SEE IS WHATCHA GET,The Dramatics,Volt,12,10,
1971,38,11,14,STICK-UP,The Honey Cone,Hot Wax,7,11,
1971,38,12,17,SUPERSTAR / BLESS THE BEASTS AND CHILDREN,The Carpenters,A&M,3,12,
1971,38,13,8,"TAKE ME HOME, COUNTRY ROADS",John Denver with Fat City,RCA,22,2,
1971,38,14,18,I WOKE UP IN LOVE THIS MORNING,The Partridge Family (Starring Shirley Jones and Featuring David Cassidy),Bell,6,14,
1971,38,15,16,WON’T GET FOOLED AGAIN,The Who,Decca,10,15,
1971,38,16,20,DO YOU KNOW WHAT I MEAN,Lee Michaels,A&M,8,16,
1971,38,17,13,LIAR,Three Dog Night,Dunhill,11,7,
1971,38,18,9,SIGNS,Five Man Electrical Band,Lionel,17,3,
1971,38,19,24,TIRED OF BEING ALONE,Al Green,Hi,9,19,
1971,38,20,28,IF YOU REALLY LOVE ME,Stevie Wonder,Tamla,6,20,
1971,38,21,35,SWEET CITY WOMAN,The Stampeders,Bell,6,21,
1971,38,22,27,CHIRPY CHIRPY CHEEP CHEEP,Mac and Katie Kissoon,ABC,9,22,
1971,38,23,23,BANGLA-DESH / DEEP BLUE,George Harrison,Apple,6,23,
1971,38,24,26,THE STORY IN YOUR EYES,The Moody Blues,Threshold,7,24,
1971,38,25,32,SO FAR AWAY / SMACKWATER JACK,Carole King,Ode,4,25,
1971,38,26,19,BEGINNINGS / COLOUR MY WORLD,Chicago,Columbia,13,7,
1971,38,27,30,MAKE IT FUNKY (Part 1),James Brown,Polydor,4,27,
1971,38,28,25,RIDERS ON THE STORM,The Doors,Elektra,12,14,
1971,38,29,33,RAIN DANCE,The Guess Who,RCA,6,29,
1971,38,30,31,SATURDAY MORNING CONFUSION,Bobby Russell,United Artists,11,30,
1971,38,31,15,MERCY MERCY ME (The Ecology),Marvin Gaye,Tamla,12,4,
1971,38,32,29,IF NOT FOR YOU,Olivia Newton-John,Uni,17,25,
1971,38,33,34,WEDDING SONG (There Is Love),Paul Stookey,Warner Brothers,7,33,
1971,38,34,43,THE BREAKDOWN (Part 1),Rufus Thomas,Stax,6,34,
1971,38,35,57,THIN LINE BETWEEN LOVE AND HATE,The Persuaders,Atco,4,35,
1971,38,36,47,THE LOVE WE HAD (Stays On My Mind),The Dells,Cadet,6,36,
1971,38,37,41,I AIN’T GOT TIME ANYMORE,The Glass Bottle,Avco Embassy,10,37,
1971,38,38,40,SURRENDER,Diana Ross,Motown,6,38,
1971,38,39,44,I’VE FOUND SOMEONE OF MY OWN,The Free Movement,Decca,16,39,
1971,38,40,85,YO-YO,The Osmonds,MGM,2,40,
1971,38,44,36,GO DOWN GAMBLIN’,"Blood, Sweat and Tears",Columbia,8,32,
1971,38,52,39,K-JEE,The Nite-Liters,RCA,11,39,
1971,38,54,38,I LIKES TO DO IT,The People’s Choice,Phil-L.A. Of Soul,9,38,
1971,38,41,42,ALL DAY MUSIC,War,United Artists,7,41,
1971,38,42,59,TRAPPED BY A THING CALLED LOVE,Denise LaSalle,Westbound,5,42,
1971,38,43,46,MARIANNE,Stephen Stills,Atlantic,5,43,
1971,38,45,52,STAGGER LEE,Tommy Roe,ABC,5,45,
1971,38,46,48,WHERE EVIL GROWS / I WAS WONDERING,The Poppy Family Featuring Susan Jacks,London,10,46,
1971,38,47,49,"STOP, LOOK, LISTEN (To Your Heart)",The Stylistics,Avco Embassy,13,39,
1971,38,48,58,LOVING HER WAS EASIER (Than Anything I’ll Ever Do Again),Kris Kristofferson,Monument,5,48,
1971,38,49,51,EASY LOVING,Freddie Hart,Capitol,5,49,
1971,38,50,55,"ANOTHER TIME, ANOTHER PLACE",Engelbert Humperdinck,Parrot,5,50,
1971,39,1,1,GO AWAY LITTLE GIRL,Donny Osmond,MGM,8,1,3 weeks at #1
1971,39,2,4,MAGGIE MAY / REASON TO BELIEVE,Rod Stewart,Mercury,11,2,
1971,39,3,3,AIN’T NO SUNSHINE,Bill Withers,Sussex,11,3,
1971,39,4,8,THE NIGHT THEY DROVE OLD DIXIE DOWN,Joan Baez,Vanguard,7,4,
1971,39,5,2,SPANISH HARLEM,Aretha Franklin,Atlantic,9,2,
1971,39,6,5,UNCLE ALBERT / ADMIRAL HALSEY,Paul and Linda McCartney,Apple,7,1,
1971,39,7,6,SMILING FACES SOMETIMES,The Undisputed Truth,Gordy,14,3,
1971,39,8,12,SUPERSTAR / BLESS THE BEASTS AND CHILDREN,The Carpenters,A&M,4,8,
1971,39,9,10,WHATCHA SEE IS WHATCHA GET,The Dramatics,Volt,13,9,
1971,39,10,7,I JUST WANT TO CELEBRATE,Rare Earth,Rare Earth,11,7,
1971,39,11,11,STICK-UP,The Honey Cone,Hot Wax,8,11,
1971,39,12,16,DO YOU KNOW WHAT I MEAN,Lee Michaels,A&M,9,12,
1971,39,13,14,I WOKE UP IN LOVE THIS MORNING,The Partridge Family (Starring Shirley Jones and Featuring David Cassidy),Bell,7,13,
1971,39,14,20,IF YOU REALLY LOVE ME,Stevie Wonder,Tamla,7,14,
1971,39,15,15,WON’T GET FOOLED AGAIN,The Who,Decca,11,15,
1971,39,16,19,TIRED OF BEING ALONE,Al Green,Hi,10,16,
1971,39,17,9,HOW CAN YOU MEND A BROKEN HEART,The Bee Gees,Atco,14,1,
1971,39,18,21,SWEET CITY WOMAN,The Stampeders,Bell,7,18,
1971,39,19,40,YO-YO,The Osmonds,MGM,3,19,
1971,39,20,25,SO FAR AWAY / SMACKWATER JACK,Carole King,Ode,5,20,
1971,39,21,22,CHIRPY CHIRPY CHEEP CHEEP,Mac and Katie Kissoon,ABC,10,21,
1971,39,22,18,SIGNS,Five Man Electrical Band,Lionel,18,3,
1971,39,23,27,MAKE IT FUNKY (Part 1),James Brown,Polydor,5,23,
1971,39,24,24,THE STORY IN YOUR EYES,The Moody Blues,Threshold,8,24,
1971,39,25,29,RAIN DANCE,The Guess Who,RCA,7,25,
1971,39,26,13,"TAKE ME HOME, COUNTRY ROADS",John Denver with Fat City,RCA,23,2,
1971,39,27,35,THIN LINE BETWEEN LOVE AND HATE,The Persuaders,Atco,5,27,
1971,39,28,30,SATURDAY MORNING CONFUSION,Bobby Russell,United Artists,12,28,
1971,39,29,17,LIAR,Three Dog Night,Dunhill,12,7,
1971,39,30,39,I’VE FOUND SOMEONE OF MY OWN,The Free Movement,Decca,17,30,
1971,39,31,23,BANGLA-DESH / DEEP BLUE,George Harrison,Apple,7,23,
1971,39,32,33,WEDDING SONG (There Is Love),Paul Stookey,Warner Brothers,8,32,
1971,39,33,34,THE BREAKDOWN (Part 1),Rufus Thomas,Stax,7,33,
1971,39,34,36,THE LOVE WE HAD (Stays On My Mind),The Dells,Cadet,7,34,
1971,39,35,42,TRAPPED BY A THING CALLED LOVE,Denise LaSalle,Westbound,6,35,
1971,39,36,37,I AIN’T GOT TIME ANYMORE,The Glass Bottle,Avco Embassy,11,36,
1971,39,37,45,STAGGER LEE,Tommy Roe,ABC,6,37,
1971,39,38,38,SURRENDER,Diana Ross,Motown,7,38,
1971,39,39,41,ALL DAY MUSIC,War,United Artists,8,39,
1971,39,40,49,EASY LOVING,Freddie Hart,Capitol,6,40,
1971,39,41,48,LOVING HER WAS EASIER (Than Anything I’ll Ever Do Again),Kris Kristofferson,Monument,6,41,
1971,39,42,43,MARIANNE,Stephen Stills,Atlantic,6,42,
1971,39,43,62,MacARTHUR PARK (Part 2),The Four Tops,Motown,3,43,
1971,39,44,50,"ANOTHER TIME, ANOTHER PLACE",Engelbert Humperdinck,Parrot,6,44,
1971,39,45,46,WHERE EVIL GROWS / I WAS WONDERING,The Poppy Family Featuring Susan Jacks,London,11,45,
1971,39,46,70,BIRDS OF A FEATHER,The Raiders,Columbia,3,46,
1971,39,47,47,"STOP, LOOK, LISTEN (To Your Heart)",The Stylistics,Avco Embassy,14,39,
1971,39,48,66,ONE FINE MORNING,Lighthouse,Evolution,3,48,
1971,39,49,52,K-JEE,The Nite-Liters,RCA,12,39,
1971,39,50,57,ANNABELLA,"Hamilton, Joe Frank and Reynolds",Dunhill,5,50,
1971,40,1,2,MAGGIE MAY / REASON TO BELIEVE,Rod Stewart,Mercury,12,1,1 week at #1
1971,40,2,1,GO AWAY LITTLE GIRL,Donny Osmond,MGM,9,1,
1971,40,3,4,THE NIGHT THEY DROVE OLD DIXIE DOWN,Joan Baez,Vanguard,8,3,
1971,40,4,8,SUPERSTAR / BLESS THE BEASTS AND CHILDREN,The Carpenters,A&M,5,4,
1971,40,5,3,AIN’T NO SUNSHINE,Bill Withers,Sussex,12,3,
1971,40,6,6,UNCLE ALBERT / ADMIRAL HALSEY,Paul and Linda McCartney,Apple,8,1,
1971,40,7,5,SPANISH HARLEM,Aretha Franklin,Atlantic,10,2,
1971,40,8,7,SMILING FACES SOMETIMES,The Undisputed Truth,Gordy,15,3,
1971,40,9,19,YO-YO,The Osmonds,MGM,4,9,
1971,40,10,12,DO YOU KNOW WHAT I MEAN,Lee Michaels,A&M,10,10,
1971,40,11,11,STICK-UP,The Honey Cone,Hot Wax,9,11,
1971,40,12,14,IF YOU REALLY LOVE ME,Stevie Wonder,Tamla,8,12,
1971,40,13,13,I WOKE UP IN LOVE THIS MORNING,The Partridge Family (Starring Shirley Jones and Featuring David Cassidy),Bell,8,13,
1971,40,14,18,SWEET CITY WOMAN,The Stampeders,Bell,8,14,
1971,40,15,16,TIRED OF BEING ALONE,Al Green,Hi,11,15,
1971,40,16,20,SO FAR AWAY / SMACKWATER JACK,Carole King,Ode,6,16,
1971,40,17,10,I JUST WANT TO CELEBRATE,Rare Earth,Rare Earth,12,7,
1971,40,18,9,WHATCHA SEE IS WHATCHA GET,The Dramatics,Volt,14,9,
1971,40,19,25,RAIN DANCE,The Guess Who,RCA,8,19,
1971,40,20,21,CHIRPY CHIRPY CHEEP CHEEP,Mac and Katie Kissoon,ABC,11,20,
1971,40,21,30,I’VE FOUND SOMEONE OF MY OWN,The Free Movement,Decca,18,21,
1971,40,22,23,MAKE IT FUNKY (Part 1),James Brown,Polydor,6,22,
1971,40,23,24,THE STORY IN YOUR EYES,The Moody Blues,Threshold,9,23,
1971,40,24,27,THIN LINE BETWEEN LOVE AND HATE,The Persuaders,Atco,6,24,
1971,40,25,35,TRAPPED BY A THING CALLED LOVE,Denise LaSalle,Westbound,7,25,
1971,40,26,15,WON’T GET FOOLED AGAIN,The Who,Decca,12,15,
1971,40,27,32,WEDDING SONG (There Is Love),Paul Stookey,Warner Brothers,9,27,
1971,40,28,17,HOW CAN YOU MEND A BROKEN HEART,The Bee Gees,Atco,15,1,
1971,40,29,28,SATURDAY MORNING CONFUSION,Bobby Russell,United Artists,13,28,
1971,40,30,41,LOVING HER WAS EASIER (Than Anything I’ll Ever Do Again),Kris Kristofferson,Monument,7,30,
1971,40,31,33,THE BREAKDOWN (Part 1),Rufus Thomas,Stax,8,31,
1971,40,32,46,BIRDS OF A FEATHER,The Raiders,Columbia,4,32,
1971,40,33,34,THE LOVE WE HAD (Stays On My Mind),The Dells,Cadet,8,33,
1971,40,34,37,STAGGER LEE,Tommy Roe,ABC,7,34,
1971,40,35,39,ALL DAY MUSIC,War,United Artists,9,35,
1971,40,36,36,I AIN’T GOT TIME ANYMORE,The Glass Bottle,Avco Embassy,12,36,
1971,40,37,40,EASY LOVING,Freddie Hart,Capitol,7,37,
1971,40,38,61,NEVER MY LOVE,The 5th Dimension,Bell,3,38,
1971,40,39,66,"GYPSYS, TRAMPS AND THIEVES",Cher,Kapp,3,39,
1971,40,40,43,MacARTHUR PARK (Part 2),The Four Tops,Motown,4,40,
1971,40,45,38,SURRENDER,Diana Ross,Motown,8,38,
1971,40,41,48,ONE FINE MORNING,Lighthouse,Evolution,4,41,
1971,40,42,42,MARIANNE,Stephen Stills,Atlantic,7,42,
1971,40,43,44,"ANOTHER TIME, ANOTHER PLACE",Engelbert Humperdinck,Parrot,7,43,
1971,40,44,53,WOMEN’S LOVE RIGHTS,Laura Lee,Hot Wax,5,44,
1971,40,46,50,ANNABELLA,"Hamilton, Joe Frank and Reynolds",Dunhill,6,46,
1971,40,47,55,A NATURAL MAN,Lou Rawls,MGM,6,47,
1971,40,48,49,K-JEE,The Nite-Liters,RCA,13,39,
1971,40,49,71,ONLY YOU KNOW AND I KNOW,Delaney and Bonnie,Atco,2,49,
1971,40,50,88,PEACE TRAIN,Cat Stevens,A&M,2,50,
1971,41,1,1,MAGGIE MAY / REASON TO BELIEVE,Rod Stewart,Mercury,13,1,2 weeks at #1
1971,41,2,2,GO AWAY LITTLE GIRL,Donny Osmond,MGM,10,1,
1971,41,3,4,SUPERSTAR / BLESS THE BEASTS AND CHILDREN,The Carpenters,A&M,6,3,
1971,41,4,3,THE NIGHT THEY DROVE OLD DIXIE DOWN,Joan Baez,Vanguard,9,3,
1971,41,5,9,YO-YO,The Osmonds,MGM,5,5,
1971,41,6,10,DO YOU KNOW WHAT I MEAN,Lee Michaels,A&M,11,6,
1971,41,7,6,UNCLE ALBERT / ADMIRAL HALSEY,Paul and Linda McCartney,Apple,9,1,
1971,41,8,5,AIN’T NO SUNSHINE,Bill Withers,Sussex,13,3,
1971,41,9,12,IF YOU REALLY LOVE ME,Stevie Wonder,Tamla,9,9,
1971,41,10,14,SWEET CITY WOMAN,The Stampeders,Bell,9,10,
1971,41,11,8,SMILING FACES SOMETIMES,The Undisputed Truth,Gordy,16,3,
1971,41,12,7,SPANISH HARLEM,Aretha Franklin,Atlantic,11,2,
1971,41,13,15,TIRED OF BEING ALONE,Al Green,Hi,12,13,
1971,41,14,16,SO FAR AWAY / SMACKWATER JACK,Carole King,Ode,7,14,
1971,41,15,11,STICK-UP,The Honey Cone,Hot Wax,10,11,
1971,41,16,13,I WOKE UP IN LOVE THIS MORNING,The Partridge Family (Starring Shirley Jones and Featuring David Cassidy),Bell,9,13,
1971,41,17,21,I’VE FOUND SOMEONE OF MY OWN,The Free Movement,Decca,19,17,
1971,41,18,25,TRAPPED BY A THING CALLED LOVE,Denise LaSalle,Westbound,8,18,
1971,41,19,19,RAIN DANCE,The Guess Who,RCA,9,19,
1971,41,20,20,CHIRPY CHIRPY CHEEP CHEEP,Mac and Katie Kissoon,ABC,12,20,
1971,41,21,24,THIN LINE BETWEEN LOVE AND HATE,The Persuaders,Atco,7,21,
1971,41,22,22,MAKE IT FUNKY (Part 1),James Brown,Polydor,7,22,
1971,41,23,23,THE STORY IN YOUR EYES,The Moody Blues,Threshold,10,23,
1971,41,24,18,WHATCHA SEE IS WHATCHA GET,The Dramatics,Volt,15,9,
1971,41,25,27,WEDDING SONG (There Is Love),Paul Stookey,Warner Brothers,10,25,
1971,41,26,17,I JUST WANT TO CELEBRATE,Rare Earth,Rare Earth,13,7,
1971,41,27,30,LOVING HER WAS EASIER (Than Anything I’ll Ever Do Again),Kris Kristofferson,Monument,8,27,
1971,41,28,39,"GYPSYS, TRAMPS AND THIEVES",Cher,Kapp,4,28,
1971,41,29,32,BIRDS OF A FEATHER,The Raiders,Columbia,5,29,
1971,41,30,38,NEVER MY LOVE,The 5th Dimension,Bell,4,30,
1971,41,31,34,STAGGER LEE,Tommy Roe,ABC,8,31,
1971,41,32,33,THE LOVE WE HAD (Stays On My Mind),The Dells,Cadet,9,32,
1971,41,33,26,WON’T GET FOOLED AGAIN,The Who,Decca,13,15,
1971,41,34,50,PEACE TRAIN,Cat Stevens,A&M,3,34,
1971,41,35,37,EASY LOVING,Freddie Hart,Capitol,8,35,
1971,41,36,41,ONE FINE MORNING,Lighthouse,Evolution,5,36,
1971,41,37,29,SATURDAY MORNING CONFUSION,Bobby Russell,United Artists,14,28,
1971,41,38,40,MacARTHUR PARK (Part 2),The Four Tops,Motown,5,38,
1971,41,39,31,THE BREAKDOWN (Part 1),Rufus Thomas,Stax,9,31,
1971,41,40,49,ONLY YOU KNOW AND I KNOW,Delaney and Bonnie,Atco,3,40,
1971,41,42,35,ALL DAY MUSIC,War,United Artists,10,35,
1971,41,43,36,I AIN’T GOT TIME ANYMORE,The Glass Bottle,Avco Embassy,13,36,
1971,41,41,44,WOMEN’S LOVE RIGHTS,Laura Lee,Hot Wax,6,41,
1971,41,44,56,I’M COMIN’ HOME,Tommy James,Roulette,3,44,
1971,41,45,47,A NATURAL MAN,Lou Rawls,MGM,7,45,
1971,41,46,48,K-JEE,The Nite-Liters,RCA,14,39,
1971,41,47,42,MARIANNE,Stephen Stills,Atlantic,8,42,
1971,41,48,46,ANNABELLA,"Hamilton, Joe Frank and Reynolds",Dunhill,7,46,
1971,41,49,43,"ANOTHER TIME, ANOTHER PLACE",Engelbert Humperdinck,Parrot,8,43,
1971,41,50,54,THE YEAR THAT CLAYTON DELANEY DIED,Tom T. Hall,Mercury,8,50,
1971,42,1,1,MAGGIE MAY / REASON TO BELIEVE,Rod Stewart,Mercury,14,1,3 weeks at #1
1971,42,2,3,SUPERSTAR / BLESS THE BEASTS AND CHILDREN,The Carpenters,A&M,7,2,
1971,42,3,5,YO-YO,The Osmonds,MGM,6,3,
1971,42,4,4,THE NIGHT THEY DROVE OLD DIXIE DOWN,Joan Baez,Vanguard,10,3,
1971,42,5,2,GO AWAY LITTLE GIRL,Donny Osmond,MGM,11,1,
1971,42,6,6,DO YOU KNOW WHAT I MEAN,Lee Michaels,A&M,12,6,
1971,42,7,7,UNCLE ALBERT / ADMIRAL HALSEY,Paul and Linda McCartney,Apple,10,1,
1971,42,8,9,IF YOU REALLY LOVE ME,Stevie Wonder,Tamla,10,8,
1971,42,9,10,SWEET CITY WOMAN,The Stampeders,Bell,10,9,
1971,42,10,28,"GYPSYS, TRAMPS AND THIEVES",Cher,Kapp,5,10,
1971,42,11,8,AIN’T NO SUNSHINE,Bill Withers,Sussex,14,3,
1971,42,12,11,SMILING FACES SOMETIMES,The Undisputed Truth,Gordy,17,3,
1971,42,13,13,TIRED OF BEING ALONE,Al Green,Hi,13,13,
1971,42,14,14,SO FAR AWAY / SMACKWATER JACK,Carole King,Ode,8,14,
1971,42,15,17,I’VE FOUND SOMEONE OF MY OWN,The Free Movement,Decca,20,15,
1971,42,16,18,TRAPPED BY A THING CALLED LOVE,Denise LaSalle,Westbound,9,16,
1971,42,17,16,I WOKE UP IN LOVE THIS MORNING,The Partridge Family (Starring Shirley Jones and Featuring David Cassidy),Bell,10,13,
1971,42,18,21,THIN LINE BETWEEN LOVE AND HATE,The Persuaders,Atco,8,18,
1971,42,19,15,STICK-UP,The Honey Cone,Hot Wax,11,11,
1971,42,20,34,PEACE TRAIN,Cat Stevens,A&M,4,20,
1971,42,21,12,SPANISH HARLEM,Aretha Franklin,Atlantic,12,2,
1971,42,22,20,CHIRPY CHIRPY CHEEP CHEEP,Mac and Katie Kissoon,ABC,13,20,
1971,42,23,19,RAIN DANCE,The Guess Who,RCA,10,19,
1971,42,24,25,WEDDING SONG (There Is Love),Paul Stookey,Warner Brothers,11,24,
1971,42,25,31,STAGGER LEE,Tommy Roe,ABC,9,25,
1971,42,26,30,NEVER MY LOVE,The 5th Dimension,Bell,5,26,
1971,42,27,27,LOVING HER WAS EASIER (Than Anything I’ll Ever Do Again),Kris Kristofferson,Monument,9,27,
1971,42,28,29,BIRDS OF A FEATHER,The Raiders,Columbia,6,28,
1971,42,29,22,MAKE IT FUNKY (Part 1),James Brown,Polydor,8,22,
1971,42,30,32,THE LOVE WE HAD (Stays On My Mind),The Dells,Cadet,10,30,
1971,42,31,35,EASY LOVING,Freddie Hart,Capitol,9,31,
1971,42,32,36,ONE FINE MORNING,Lighthouse,Evolution,6,32,
1971,42,33,23,THE STORY IN YOUR EYES,The Moody Blues,Threshold,11,23,
1971,42,34,40,ONLY YOU KNOW AND I KNOW,Delaney and Bonnie,Atco,4,34,
1971,42,35,62,INNER CITY BLUES (Make Me Wanna Holler),Marvin Gaye,Tamla,2,35,
1971,42,36,54,YOU’VE GOT TO CRAWL (Before You Walk),The 8th Day,Invictus,5,36,
1971,42,37,41,WOMEN’S LOVE RIGHTS,Laura Lee,Hot Wax,7,37,
1971,42,38,38,MacARTHUR PARK (Part 2),The Four Tops,Motown,6,38,
1971,42,39,45,A NATURAL MAN,Lou Rawls,MGM,8,39,
1971,42,40,58,LONG AGO AND FAR AWAY,James Taylor,Warner Brothers,3,40,
1971,42,48,39,THE BREAKDOWN (Part 1),Rufus Thomas,Stax,10,31,
1971,42,41,44,I’M COMIN’ HOME,Tommy James,Roulette,4,41,
1971,42,42,50,THE YEAR THAT CLAYTON DELANEY DIED,Tom T. Hall,Mercury,9,42,
1971,42,43,52,ONE TIN SOLDIER (The Legend Of Billy Jack),Coven,Warner Brothers,5,43,
1971,42,44,46,K-JEE,The Nite-Liters,RCA,15,39,
1971,42,45,51,WHAT ARE YOU DOING SUNDAY,Dawn Featuring Tony Orlando,Bell,3,45,
1971,42,46,53,CHARITY BALL,Fanny,Reprise,5,46,
1971,42,47,42,ALL DAY MUSIC,War,United Artists,11,35,
1971,42,49,66,I’M A MAN / QUESTIONS 67 AND 68,Chicago,Columbia,2,49,
1971,43,1,1,MAGGIE MAY / REASON TO BELIEVE,Rod Stewart,Mercury,15,1,4 weeks at #1
1971,43,2,2,SUPERSTAR / BLESS THE BEASTS AND CHILDREN,The Carpenters,A&M,8,2,
1971,43,3,3,YO-YO,The Osmonds,MGM,7,3,
1971,43,4,10,"GYPSYS, TRAMPS AND THIEVES",Cher,Kapp,6,4,
1971,43,5,4,THE NIGHT THEY DROVE OLD DIXIE DOWN,Joan Baez,Vanguard,11,3,
1971,43,6,6,DO YOU KNOW WHAT I MEAN,Lee Michaels,A&M,13,6,
1971,43,7,5,GO AWAY LITTLE GIRL,Donny Osmond,MGM,12,1,
1971,43,8,9,SWEET CITY WOMAN,The Stampeders,Bell,11,8,
1971,43,9,50,THEME FROM “SHAFT”,Isaac Hayes,Enterprise,2,9,
1971,43,10,8,IF YOU REALLY LOVE ME,Stevie Wonder,Tamla,11,8,
1971,43,11,15,I’VE FOUND SOMEONE OF MY OWN,The Free Movement,Decca,21,11,
1971,43,12,13,TIRED OF BEING ALONE,Al Green,Hi,14,12,
1971,43,13,7,UNCLE ALBERT / ADMIRAL HALSEY,Paul and Linda McCartney,Apple,11,1,
1971,43,14,16,TRAPPED BY A THING CALLED LOVE,Denise LaSalle,Westbound,10,14,
1971,43,15,20,PEACE TRAIN,Cat Stevens,A&M,5,15,
1971,43,16,14,SO FAR AWAY / SMACKWATER JACK,Carole King,Ode,9,14,
1971,43,17,18,THIN LINE BETWEEN LOVE AND HATE,The Persuaders,Atco,9,17,
1971,43,18,11,AIN’T NO SUNSHINE,Bill Withers,Sussex,15,3,
1971,43,19,26,NEVER MY LOVE,The 5th Dimension,Bell,6,19,
1971,43,21,35,INNER CITY BLUES (Make Me Wanna Holler),Marvin Gaye,Tamla,3,21,
1971,43,22,19,STICK-UP,The Honey Cone,Hot Wax,12,11,
1971,43,23,28,BIRDS OF A FEATHER,The Raiders,Columbia,7,23,
1971,43,24,22,CHIRPY CHIRPY CHEEP CHEEP,Mac and Katie Kissoon,ABC,14,20,
1971,43,25,25,STAGGER LEE,Tommy Roe,ABC,10,25,
1971,43,26,27,LOVING HER WAS EASIER (Than Anything I’ll Ever Do Again),Kris Kristofferson,Monument,10,26,
1971,43,27,34,ONLY YOU KNOW AND I KNOW,Delaney and Bonnie,Atco,5,27,
1971,43,28,32,ONE FINE MORNING,Lighthouse,Evolution,7,28,
1971,43,29,31,EASY LOVING,Freddie Hart,Capitol,10,29,
1971,43,30,12,SMILING FACES SOMETIMES,The Undisputed Truth,Gordy,18,3,
1971,43,31,17,I WOKE UP IN LOVE THIS MORNING,The Partridge Family (Starring Shirley Jones and Featuring David Cassidy),Bell,11,13,
1971,43,32,24,WEDDING SONG (There Is Love),Paul Stookey,Warner Brothers,12,24,
1971,43,33,23,RAIN DANCE,The Guess Who,RCA,11,19,
1971,43,34,36,YOU’VE GOT TO CRAWL (Before You Walk),The 8th Day,Invictus,6,34,
1971,43,35,54,DESIDERATA,Les Crane,Warner Brothers,3,35,
1971,43,36,40,LONG AGO AND FAR AWAY,James Taylor,Warner Brothers,4,36,
1971,43,37,37,WOMEN’S LOVE RIGHTS,Laura Lee,Hot Wax,8,37,
1971,43,38,39,A NATURAL MAN,Lou Rawls,MGM,9,38,
1971,43,39,30,THE LOVE WE HAD (Stays On My Mind),The Dells,Cadet,11,30,
1971,43,40,41,I’M COMIN’ HOME,Tommy James,Roulette,5,40,
1971,43,46,29,MAKE IT FUNKY (Part 1),James Brown,Polydor,9,22,
1971,43,52,38,MacARTHUR PARK (Part 2),The Four Tops,Motown,7,38,
1971,43,41,43,ONE TIN SOLDIER (The Legend Of Billy Jack),Coven,Warner Brothers,6,41,
1971,43,42,42,THE YEAR THAT CLAYTON DELANEY DIED,Tom T. Hall,Mercury,10,42,
1971,43,43,45,WHAT ARE YOU DOING SUNDAY,Dawn Featuring Tony Orlando,Bell,4,43,
1971,43,44,46,CHARITY BALL,Fanny,Reprise,6,44,
1971,43,45,49,QUESTIONS 67 AND 68 / I’M A MAN,Chicago,Columbia,3,45,
1971,43,47,53,EVERYBODY’S EVERYTHING,Santana,Columbia,2,47,
1971,43,48,55,TWO DIVIDED BY LOVE,The Grass Roots,Dunhill,3,48,
1971,43,49,52,I’D LOVE TO CHANGE THE WORLD,Ten Years After,Columbia,5,49,
1971,43,50,51,SHE’S ALL I GOT,Freddie North,Mankind,4,50,
1971,44,1,1,MAGGIE MAY / REASON TO BELIEVE,Rod Stewart,Mercury,16,1,5 weeks at #1
1971,44,2,4,"GYPSYS, TRAMPS AND THIEVES",Cher,Kapp,7,2,
1971,44,3,3,YO-YO,The Osmonds,MGM,8,3,
1971,44,4,2,SUPERSTAR / BLESS THE BEASTS AND CHILDREN,The Carpenters,A&M,9,2,
1971,44,5,9,THEME FROM “SHAFT”,Isaac Hayes,Enterprise,3,5,
1971,44,6,20,IMAGINE,John Lennon / Plastic Ono Band,Apple,2,6,
1971,44,7,6,DO YOU KNOW WHAT I MEAN,Lee Michaels,A&M,14,6,
1971,44,8,5,THE NIGHT THEY DROVE OLD DIXIE DOWN,Joan Baez,Vanguard,12,3,
1971,44,9,15,PEACE TRAIN,Cat Stevens,A&M,6,9,
1971,44,10,11,I’VE FOUND SOMEONE OF MY OWN,The Free Movement,Decca,22,10,
1971,44,11,7,GO AWAY LITTLE GIRL,Donny Osmond,MGM,13,1,
1971,44,12,12,TIRED OF BEING ALONE,Al Green,Hi,15,12,
1971,44,13,14,TRAPPED BY A THING CALLED LOVE,Denise LaSalle,Westbound,11,13,
1971,44,14,10,IF YOU REALLY LOVE ME,Stevie Wonder,Tamla,12,8,
1971,44,15,17,THIN LINE BETWEEN LOVE AND HATE,The Persuaders,Atco,10,15,
1971,44,16,8,SWEET CITY WOMAN,The Stampeders,Bell,12,8,
1971,44,17,19,NEVER MY LOVE,The 5th Dimension,Bell,7,17,
1971,44,18,13,UNCLE ALBERT / ADMIRAL HALSEY,Paul and Linda McCartney,Apple,12,1,
1971,44,19,21,INNER CITY BLUES (Make Me Wanna Holler),Marvin Gaye,Tamla,4,19,
1971,44,20,29,EASY LOVING,Freddie Hart,Capitol,11,20,
1971,44,21,60,HAVE YOU SEEN HER,The Chi-Lites,Brunswick,2,21,
1971,44,22,18,AIN’T NO SUNSHINE,Bill Withers,Sussex,16,3,
1971,44,23,23,BIRDS OF A FEATHER,The Raiders,Columbia,8,23,
1971,44,24,27,ONLY YOU KNOW AND I KNOW,Delaney and Bonnie,Atco,6,24,
1971,44,25,25,STAGGER LEE,Tommy Roe,ABC,11,25,
1971,44,26,28,ONE FINE MORNING,Lighthouse,Evolution,8,26,
1971,44,27,16,SO FAR AWAY / SMACKWATER JACK,Carole King,Ode,10,14,
1971,44,28,47,EVERYBODY’S EVERYTHING,Santana,Columbia,3,28,
1971,44,29,35,DESIDERATA,Les Crane,Warner Brothers,4,29,
1971,44,30,34,YOU’VE GOT TO CRAWL (Before You Walk),The 8th Day,Invictus,7,30,
1971,44,31,24,CHIRPY CHIRPY CHEEP CHEEP,Mac and Katie Kissoon,ABC,15,20,
1971,44,32,36,LONG AGO AND FAR AWAY,James Taylor,Warner Brothers,5,32,
1971,44,33,32,WEDDING SONG (There Is Love),Paul Stookey,Warner Brothers,13,24,
1971,44,34,38,A NATURAL MAN,Lou Rawls,MGM,10,34,
1971,44,35,45,QUESTIONS 67 AND 68 / I’M A MAN,Chicago,Columbia,4,35,
1971,44,36,37,WOMEN’S LOVE RIGHTS,Laura Lee,Hot Wax,9,36,
1971,44,37,26,LOVING HER WAS EASIER (Than Anything I’ll Ever Do Again),Kris Kristofferson,Monument,11,26,
1971,44,38,48,TWO DIVIDED BY LOVE,The Grass Roots,Dunhill,4,38,
1971,44,39,41,ONE TIN SOLDIER (The Legend Of Billy Jack),Coven,Warner Brothers,7,39,
1971,44,40,54,ABSOLUTELY RIGHT,The Five Man Electrical Band,Lionel,3,40,
1971,44,44,33,RAIN DANCE,The Guess Who,RCA,12,19,
1971,44,45,40,I’M COMIN’ HOME,Tommy James,Roulette,6,40,
1971,44,46,39,THE LOVE WE HAD (Stays On My Mind),The Dells,Cadet,12,30,
1971,44,41,43,WHAT ARE YOU DOING SUNDAY,Dawn Featuring Tony Orlando,Bell,5,41,
1971,44,42,44,CHARITY BALL,Fanny,Reprise,7,42,
1971,44,43,77,BABY I’M-A WANT YOU,Bread,Elektra,2,43,
1971,44,47,50,SHE’S ALL I GOT,Freddie North,Mankind,5,47,
1971,44,48,49,I’D LOVE TO CHANGE THE WORLD,Ten Years After,Columbia,6,48,
1971,44,49,51,SPILL THE WINE,The Isley Brothers,T-Neck,5,49,
1971,44,50,53,IT’S A CRYIN’ SHAME,Gayle McCormick,Dunhill,7,50,
1971,45,1,2,"GYPSYS, TRAMPS AND THIEVES",Cher,Kapp,8,1,1 week at #1
1971,45,2,5,THEME FROM “SHAFT”,Isaac Hayes,Enterprise,4,2,
1971,45,3,1,MAGGIE MAY / REASON TO BELIEVE,Rod Stewart,Mercury,17,1,
1971,45,4,6,IMAGINE,John Lennon / Plastic Ono Band,Apple,3,4,
1971,45,5,3,YO-YO,The Osmonds,MGM,9,3,
1971,45,6,4,SUPERSTAR / BLESS THE BEASTS AND CHILDREN,The Carpenters,A&M,10,2,
1971,45,7,9,PEACE TRAIN,Cat Stevens,A&M,7,7,
1971,45,8,10,I’VE FOUND SOMEONE OF MY OWN,The Free Movement,Decca,23,8,
1971,45,9,19,INNER CITY BLUES (Make Me Wanna Holler),Marvin Gaye,Tamla,5,9,
1971,45,10,8,THE NIGHT THEY DROVE OLD DIXIE DOWN,Joan Baez,Vanguard,13,3,
1971,45,11,12,TIRED OF BEING ALONE,Al Green,Hi,16,11,
1971,45,12,7,DO YOU KNOW WHAT I MEAN,Lee Michaels,A&M,15,6,
1971,45,13,13,TRAPPED BY A THING CALLED LOVE,Denise LaSalle,Westbound,12,13,
1971,45,14,21,HAVE YOU SEEN HER,The Chi-Lites,Brunswick,3,14,
1971,45,15,14,IF YOU REALLY LOVE ME,Stevie Wonder,Tamla,13,8,
1971,45,16,17,NEVER MY LOVE,The 5th Dimension,Bell,8,16,
1971,45,17,16,SWEET CITY WOMAN,The Stampeders,Bell,13,8,
1971,45,18,20,EASY LOVING,Freddie Hart,Capitol,12,18,
1971,45,19,11,GO AWAY LITTLE GIRL,Donny Osmond,MGM,14,1,
1971,45,20,24,ONLY YOU KNOW AND I KNOW,Delaney and Bonnie,Atco,7,20,
1971,45,21,29,DESIDERATA,Les Crane,Warner Brothers,5,21,
1971,45,22,43,BABY I’M-A WANT YOU,Bread,Elektra,3,22,
1971,45,23,15,THIN LINE BETWEEN LOVE AND HATE,The Persuaders,Atco,11,15,
1971,45,24,26,ONE FINE MORNING,Lighthouse,Evolution,9,24,
1971,45,25,28,EVERYBODY’S EVERYTHING,Santana,Columbia,4,25,
1971,45,26,18,UNCLE ALBERT / ADMIRAL HALSEY,Paul and Linda McCartney,Apple,13,1,
1971,45,27,40,ABSOLUTELY RIGHT,The Five Man Electrical Band,Lionel,4,27,
1971,45,28,30,YOU’VE GOT TO CRAWL (Before You Walk),The 8th Day,Invictus,8,28,
1971,45,29,38,TWO DIVIDED BY LOVE,The Grass Roots,Dunhill,5,29,
1971,45,30,39,ONE TIN SOLDIER (The Legend Of Billy Jack),Coven,Warner Brothers,8,30,
1971,45,31,32,LONG AGO AND FAR AWAY,James Taylor,Warner Brothers,6,31,
1971,45,32,35,QUESTIONS 67 AND 68 / I’M A MAN,Chicago,Columbia,5,32,
1971,45,33,34,A NATURAL MAN,Lou Rawls,MGM,11,33,
1971,45,34,69,ROCK STEADY / OH ME OH MY (I’m a Fool For You Baby),Aretha Franklin,Atlantic,2,34,
1971,45,35,23,BIRDS OF A FEATHER,The Raiders,Columbia,9,23,
1971,45,36,36,WOMEN’S LOVE RIGHTS,Laura Lee,Hot Wax,10,36,
1971,45,37,37,LOVING HER WAS EASIER (Than Anything I’ll Ever Do Again),Kris Kristofferson,Monument,12,26,
1971,45,38,25,STAGGER LEE,Tommy Roe,ABC,12,25,
1971,45,39,89,GOT TO BE THERE,Michael Jackson,Motown,2,39,
1971,45,40,42,CHARITY BALL,Fanny,Reprise,8,40,
1971,45,41,41,WHAT ARE YOU DOING SUNDAY,Dawn Featuring Tony Orlando,Bell,6,41,
1971,45,42,58,ALL I EVER NEED IS YOU,Sonny and Cher,Kapp,4,42,
1971,45,43,55,WILD NIGHT,Van Morrison,Warner Brothers,5,43,
1971,45,44,63,RESPECT YOURSELF,The Staple Singers,Stax,4,44,
1971,45,45,47,SHE’S ALL I GOT,Freddie North,Mankind,6,45,
1971,45,46,77,SCORPIO,Dennis Coffey and the Detroit Guitar Band,Sussex,2,46,
1971,45,47,48,I’D LOVE TO CHANGE THE WORLD,Ten Years After,Columbia,7,47,
1971,45,48,50,IT’S A CRYIN’ SHAME,Gayle McCormick,Dunhill,8,48,
1971,45,49,51,LOVE,The Lettermen,Capitol,5,49,
1971,46,1,1,"GYPSYS, TRAMPS AND THIEVES",Cher,Kapp,9,1,2 weeks at #1
1971,46,2,2,THEME FROM “SHAFT”,Isaac Hayes,Enterprise,5,2,
1971,46,3,4,IMAGINE,John Lennon / Plastic Ono Band,Apple,4,3,
1971,46,4,3,MAGGIE MAY / REASON TO BELIEVE,Rod Stewart,Mercury,18,1,
1971,46,5,8,I’VE FOUND SOMEONE OF MY OWN,The Free Movement,Decca,24,5,
1971,46,6,5,YO-YO,The Osmonds,MGM,10,3,
1971,46,7,7,PEACE TRAIN,Cat Stevens,A&M,8,7,
1971,46,8,14,HAVE YOU SEEN HER,The Chi-Lites,Brunswick,4,8,
1971,46,9,9,INNER CITY BLUES (Make Me Wanna Holler),Marvin Gaye,Tamla,6,9,
1971,46,10,6,SUPERSTAR / BLESS THE BEASTS AND CHILDREN,The Carpenters,A&M,11,2,
1971,46,11,22,BABY I’M-A WANT YOU,Bread,Elektra,4,11,
1971,46,12,16,NEVER MY LOVE,The 5th Dimension,Bell,9,12,
1971,46,13,39,GOT TO BE THERE,Michael Jackson,Motown,3,13,
1971,46,14,12,DO YOU KNOW WHAT I MEAN,Lee Michaels,A&M,16,6,
1971,46,15,21,DESIDERATA,Les Crane,Warner Brothers,6,15,
1971,46,16,25,EVERYBODY’S EVERYTHING,Santana,Columbia,5,16,
1971,46,17,11,TIRED OF BEING ALONE,Al Green,Hi,17,11,
1971,46,18,18,EASY LOVING,Freddie Hart,Capitol,13,18,
1971,46,19,10,THE NIGHT THEY DROVE OLD DIXIE DOWN,Joan Baez,Vanguard,14,3,
1971,46,20,20,ONLY YOU KNOW AND I KNOW,Delaney and Bonnie,Atco,8,20,
1971,46,21,50,FAMILY AFFAIR,Sly and the Family Stone,Epic,2,21,
1971,46,22,34,ROCK STEADY / OH ME OH MY (I’m a Fool For You Baby),Aretha Franklin,Atlantic,3,22,
1971,46,23,19,GO AWAY LITTLE GIRL,Donny Osmond,MGM,15,1,
1971,46,24,24,ONE FINE MORNING,Lighthouse,Evolution,10,24,
1971,46,25,32,QUESTIONS 67 AND 68 / I’M A MAN,Chicago,Columbia,6,25,
1971,46,26,27,ABSOLUTELY RIGHT,The Five Man Electrical Band,Lionel,5,26,
1971,46,27,29,TWO DIVIDED BY LOVE,The Grass Roots,Dunhill,6,27,
1971,46,28,28,YOU’VE GOT TO CRAWL (Before You Walk),The 8th Day,Invictus,9,28,
1971,46,29,30,ONE TIN SOLDIER (The Legend Of Billy Jack),Coven,Warner Brothers,9,29,
1971,46,30,17,SWEET CITY WOMAN,The Stampeders,Bell,14,8,
1971,46,31,33,A NATURAL MAN,Lou Rawls,MGM,12,31,
1971,46,32,23,THIN LINE BETWEEN LOVE AND HATE,The Persuaders,Atco,12,15,
1971,46,33,42,ALL I EVER NEED IS YOU,Sonny and Cher,Kapp,5,33,
1971,46,34,15,IF YOU REALLY LOVE ME,Stevie Wonder,Tamla,14,8,
1971,46,35,13,TRAPPED BY A THING CALLED LOVE,Denise LaSalle,Westbound,13,13,
1971,46,36,31,LONG AGO AND FAR AWAY,James Taylor,Warner Brothers,7,31,
1971,46,37,44,RESPECT YOURSELF,The Staple Singers,Stax,5,37,
1971,46,38,46,SCORPIO,Dennis Coffey and the Detroit Guitar Band,Sussex,3,38,
1971,46,39,41,WHAT ARE YOU DOING SUNDAY,Dawn Featuring Tony Orlando,Bell,7,39,
1971,46,40,87,CHERISH,David Cassidy,Bell,2,40,
1971,46,44,37,LOVING HER WAS EASIER (Than Anything I’ll Ever Do Again),Kris Kristofferson,Monument,13,26,
1971,46,46,40,CHARITY BALL,Fanny,Reprise,9,40,
1971,46,48,35,BIRDS OF A FEATHER,The Raiders,Columbia,10,23,
1971,46,56,36,WOMEN’S LOVE RIGHTS,Laura Lee,Hot Wax,11,36,
1971,46,41,43,WILD NIGHT,Van Morrison,Warner Brothers,6,41,
1971,46,42,47,I’D LOVE TO CHANGE THE WORLD,Ten Years After,Columbia,8,42,
1971,46,43,58,THEME FROM “SUMMER OF ’42”,Peter Nero,Columbia,5,43,
1971,46,45,45,SHE’S ALL I GOT,Freddie North,Mankind,7,45,
1971,46,47,48,IT’S A CRYIN’ SHAME,Gayle McCormick,Dunhill,9,47,
1971,46,49,49,LOVE,The Lettermen,Capitol,6,49,
1971,46,50,65,TILL,Tom Jones,Parrot,3,50,
1971,47,1,2,THEME FROM “SHAFT”,Isaac Hayes,Enterprise,6,1,1 week at #1
1971,47,2,1,"GYPSYS, TRAMPS AND THIEVES",Cher,Kapp,10,1,
1971,47,3,3,IMAGINE,John Lennon / Plastic Ono Band,Apple,5,3,
1971,47,4,11,BABY I’M-A WANT YOU,Bread,Elektra,5,4,
1971,47,5,8,HAVE YOU SEEN HER,The Chi-Lites,Brunswick,5,5,
1971,47,6,4,MAGGIE MAY / REASON TO BELIEVE,Rod Stewart,Mercury,19,1,
1971,47,7,7,PEACE TRAIN,Cat Stevens,A&M,9,7,
1971,47,8,21,FAMILY AFFAIR,Sly and the Family Stone,Epic,3,8,
1971,47,9,13,GOT TO BE THERE,Michael Jackson,Motown,4,9,
1971,47,10,6,YO-YO,The Osmonds,MGM,11,3,
1971,47,11,5,I’VE FOUND SOMEONE OF MY OWN,The Free Movement,Decca,25,5,
1971,47,12,9,INNER CITY BLUES (Make Me Wanna Holler),Marvin Gaye,Tamla,7,9,
1971,47,13,15,DESIDERATA,Les Crane,Warner Brothers,7,13,
1971,47,14,16,EVERYBODY’S EVERYTHING,Santana,Columbia,6,14,
1971,47,15,22,ROCK STEADY / OH ME OH MY (I’m a Fool For You Baby),Aretha Franklin,Atlantic,4,15,
1971,47,16,10,SUPERSTAR / BLESS THE BEASTS AND CHILDREN,The Carpenters,A&M,12,2,
1971,47,17,18,EASY LOVING,Freddie Hart,Capitol,14,17,
1971,47,18,27,TWO DIVIDED BY LOVE,The Grass Roots,Dunhill,7,18,
1971,47,19,12,NEVER MY LOVE,The 5th Dimension,Bell,10,12,
1971,47,20,17,TIRED OF BEING ALONE,Al Green,Hi,18,11,
1971,47,21,31,A NATURAL MAN,Lou Rawls,MGM,13,21,
1971,47,22,14,DO YOU KNOW WHAT I MEAN,Lee Michaels,A&M,17,6,
1971,47,23,37,RESPECT YOURSELF,The Staple Singers,Stax,6,23,
1971,47,24,25,QUESTIONS 67 AND 68 / I’M A MAN,Chicago,Columbia,7,24,
1971,47,25,33,ALL I EVER NEED IS YOU,Sonny and Cher,Kapp,6,25,
1971,47,26,26,ABSOLUTELY RIGHT,The Five Man Electrical Band,Lionel,6,26,
1971,47,27,29,ONE TIN SOLDIER (The Legend Of Billy Jack),Coven,Warner Brothers,10,27,
1971,47,28,19,THE NIGHT THEY DROVE OLD DIXIE DOWN,Joan Baez,Vanguard,15,3,
1971,47,29,40,CHERISH,David Cassidy,Bell,3,29,
1971,47,30,51,WHERE DID OUR LOVE GO,Donnie Elbert,All Platinum,6,30,
1971,47,31,43,THEME FROM “SUMMER OF ’42”,Peter Nero,Columbia,6,31,
1971,47,32,67,SUPERSTAR (Remember How You Got Where You Are),The Temptations,Gordy,3,32,
1971,47,33,38,SCORPIO,Dennis Coffey and the Detroit Guitar Band,Sussex,4,33,
1971,47,34,24,ONE FINE MORNING,Lighthouse,Evolution,11,24,
1971,47,35,20,ONLY YOU KNOW AND I KNOW,Delaney and Bonnie,Atco,9,20,
1971,47,36,41,WILD NIGHT,Van Morrison,Warner Brothers,7,36,
1971,47,37,28,YOU’VE GOT TO CRAWL (Before You Walk),The 8th Day,Invictus,10,28,
1971,47,38,35,TRAPPED BY A THING CALLED LOVE,Denise LaSalle,Westbound,14,13,
1971,47,39,77,AN OLD FASHIONED LOVE SONG,Three Dog Night,Dunhill,2,39,
1971,47,40,42,I’D LOVE TO CHANGE THE WORLD,Ten Years After,Columbia,9,40,
1971,47,46,36,LONG AGO AND FAR AWAY,James Taylor,Warner Brothers,8,31,
1971,47,49,39,WHAT ARE YOU DOING SUNDAY,Dawn Featuring Tony Orlando,Bell,8,39,
1971,47,41,45,SHE’S ALL I GOT,Freddie North,Mankind,8,41,
1971,47,42,49,LOVE,The Lettermen,Capitol,7,42,
1971,47,43,59,YOU ARE EVERYTHING,The Stylistics,Avco,3,43,
1971,47,44,47,IT’S A CRYIN’ SHAME,Gayle McCormick,Dunhill,10,44,
1971,47,45,50,TILL,Tom Jones,Parrot,4,45,
1971,47,47,76,STONES / CRUNCHY GRANOLA SUITE,Neil Diamond,Uni,2,47,
1971,47,48,61,I’M A GREEDY MAN (Part 1),James Brown,Polydor,2,48,
1971,47,50,46,CHARITY BALL,Fanny,Reprise,10,40,
1971,48,1,1,THEME FROM “SHAFT”,Isaac Hayes,Enterprise,7,1,2 weeks at #1
1971,48,2,2,"GYPSYS, TRAMPS AND THIEVES",Cher,Kapp,11,1,
1971,48,3,4,BABY I’M-A WANT YOU,Bread,Elektra,6,3,
1971,48,4,5,HAVE YOU SEEN HER,The Chi-Lites,Brunswick,6,4,
1971,48,5,8,FAMILY AFFAIR,Sly and the Family Stone,Epic,4,5,
1971,48,6,3,IMAGINE,John Lennon / Plastic Ono Band,Apple,6,3,
1971,48,7,9,GOT TO BE THERE,Michael Jackson,Motown,5,7,
1971,48,8,7,PEACE TRAIN,Cat Stevens,A&M,10,7,
1971,48,9,15,ROCK STEADY / OH ME OH MY (I’m a Fool For You Baby),Aretha Franklin,Atlantic,5,9,
1971,48,10,13,DESIDERATA,Les Crane,Warner Brothers,8,10,
1971,48,11,6,MAGGIE MAY / REASON TO BELIEVE,Rod Stewart,Mercury,20,1,
1971,48,12,25,ALL I EVER NEED IS YOU,Sonny and Cher,Kapp,7,12,
1971,48,13,14,EVERYBODY’S EVERYTHING,Santana,Columbia,7,13,
1971,48,14,39,AN OLD FASHIONED LOVE SONG,Three Dog Night,Dunhill,3,14,
1971,48,15,10,YO-YO,The Osmonds,MGM,12,3,
1971,48,16,18,TWO DIVIDED BY LOVE,The Grass Roots,Dunhill,8,16,
1971,48,17,17,EASY LOVING,Freddie Hart,Capitol,15,17,
1971,48,18,29,CHERISH,David Cassidy,Bell,4,18,
1971,48,19,21,A NATURAL MAN,Lou Rawls,MGM,14,19,
1971,48,20,23,RESPECT YOURSELF,The Staple Singers,Stax,7,20,
1971,48,21,16,SUPERSTAR / BLESS THE BEASTS AND CHILDREN,The Carpenters,A&M,13,2,
1971,48,22,12,INNER CITY BLUES (Make Me Wanna Holler),Marvin Gaye,Tamla,8,9,
1971,48,23,47,STONES / CRUNCHY GRANOLA SUITE,Neil Diamond,Uni,3,23,
1971,48,24,24,QUESTIONS 67 AND 68 / I’M A MAN,Chicago,Columbia,8,24,
1971,48,25,33,SCORPIO,Dennis Coffey and the Detroit Guitar Band,Sussex,5,25,
1971,48,26,27,ONE TIN SOLDIER (The Legend Of Billy Jack),Coven,Warner Brothers,11,26,
1971,48,27,30,WHERE DID OUR LOVE GO,Donnie Elbert,All Platinum,7,27,
1971,48,28,32,SUPERSTAR (Remember How You Got Where You Are),The Temptations,Gordy,4,28,
1971,48,29,31,THEME FROM “SUMMER OF ’42”,Peter Nero,Columbia,7,29,
1971,48,30,36,WILD NIGHT,Van Morrison,Warner Brothers,8,30,
1971,48,31,19,NEVER MY LOVE,The 5th Dimension,Bell,11,12,
1971,48,32,26,ABSOLUTELY RIGHT,The Five Man Electrical Band,Lionel,7,26,
1971,48,33,54,BRAND NEW KEY,Melanie,Neighborhood,5,33,
1971,48,34,11,I’VE FOUND SOMEONE OF MY OWN,The Free Movement,Decca,26,5,
1971,48,35,43,YOU ARE EVERYTHING,The Stylistics,Avco,4,35,
1971,48,36,34,ONE FINE MORNING,Lighthouse,Evolution,12,24,
1971,48,37,20,TIRED OF BEING ALONE,Al Green,Hi,19,11,
1971,48,38,79,(I Know) I’M LOSING YOU,Rod Stewart with Faces,Mercury,2,38,
1971,48,39,41,SHE’S ALL I GOT,Freddie North,Mankind,9,39,
1971,48,40,40,I’D LOVE TO CHANGE THE WORLD,Ten Years After,Columbia,10,40,
1971,48,46,35,ONLY YOU KNOW AND I KNOW,Delaney and Bonnie,Atco,10,20,
1971,48,47,37,YOU’VE GOT TO CRAWL (Before You Walk),The 8th Day,Invictus,11,28,
1971,48,41,45,TILL,Tom Jones,Parrot,5,41,
1971,48,42,42,LOVE,The Lettermen,Capitol,8,42,
1971,48,43,48,I’M A GREEDY MAN (Part 1),James Brown,Polydor,3,43,
1971,48,44,44,IT’S A CRYIN’ SHAME,Gayle McCormick,Dunhill,11,44,
1971,48,45,51,YOUR MOVE,Yes,Atlantic,10,45,
1971,48,48,61,BEHIND BLUE EYES,The Who,Decca,4,48,
1971,48,49,55,GRANDMA’S HANDS,Bill Withers,Sussex,5,49,
1971,48,50,62,AN AMERICAN TRILOGY (Dixie / Battle Hymn Of the Republic / All My Trials) (Medley),Mickey Newbury,Elektra,4,50,
1971,49,1,5,FAMILY AFFAIR,Sly and the Family Stone,Epic,5,1,1 week at #1
1971,49,2,1,THEME FROM “SHAFT”,Isaac Hayes,Enterprise,8,1,
1971,49,3,3,BABY I’M-A WANT YOU,Bread,Elektra,7,3,
1971,49,4,4,HAVE YOU SEEN HER,The Chi-Lites,Brunswick,7,4,
1971,49,5,2,"GYPSYS, TRAMPS AND THIEVES",Cher,Kapp,12,1,
1971,49,6,7,GOT TO BE THERE,Michael Jackson,Motown,6,6,
1971,49,7,14,AN OLD FASHIONED LOVE SONG,Three Dog Night,Dunhill,4,7,
1971,49,8,10,DESIDERATA,Les Crane,Warner Brothers,9,8,
1971,49,9,9,ROCK STEADY / OH ME OH MY (I’m a Fool For You Baby),Aretha Franklin,Atlantic,6,9,
1971,49,10,6,IMAGINE,John Lennon / Plastic Ono Band,Apple,7,3,
1971,49,11,12,ALL I EVER NEED IS YOU,Sonny and Cher,Kapp,8,11,
1971,49,12,13,EVERYBODY’S EVERYTHING,Santana,Columbia,8,12,
1971,49,13,18,CHERISH,David Cassidy,Bell,5,13,
1971,49,14,8,PEACE TRAIN,Cat Stevens,A&M,11,7,
1971,49,15,33,BRAND NEW KEY,Melanie,Neighborhood,6,15,
1971,49,16,16,TWO DIVIDED BY LOVE,The Grass Roots,Dunhill,9,16,
1971,49,17,19,A NATURAL MAN,Lou Rawls,MGM,15,17,
1971,49,18,20,RESPECT YOURSELF,The Staple Singers,Stax,8,18,
1971,49,19,23,STONES / CRUNCHY GRANOLA SUITE,Neil Diamond,Uni,4,19,
1971,49,20,25,SCORPIO,Dennis Coffey and the Detroit Guitar Band,Sussex,6,20,
1971,49,21,17,EASY LOVING,Freddie Hart,Capitol,16,17,
1971,49,22,27,WHERE DID OUR LOVE GO,Donnie Elbert,All Platinum,8,22,
1971,49,23,11,MAGGIE MAY / REASON TO BELIEVE,Rod Stewart,Mercury,21,1,
1971,49,24,29,THEME FROM “SUMMER OF ’42”,Peter Nero,Columbia,8,24,
1971,49,25,28,SUPERSTAR (Remember How You Got Where You Are),The Temptations,Gordy,5,25,
1971,49,26,15,YO-YO,The Osmonds,MGM,13,3,
1971,49,27,35,YOU ARE EVERYTHING,The Stylistics,Avco,5,27,
1971,49,28,30,WILD NIGHT,Van Morrison,Warner Brothers,9,28,
1971,49,29,22,INNER CITY BLUES (Make Me Wanna Holler),Marvin Gaye,Tamla,9,9,
1971,49,30,26,ONE TIN SOLDIER (The Legend Of Billy Jack),Coven,Warner Brothers,12,26,
1971,49,31,38,(I Know) I’M LOSING YOU,Rod Stewart with Faces,Mercury,3,31,
1971,49,32,70,HEY GIRL / I KNEW YOU WHEN,Donny Osmond,MGM,2,32,
1971,49,33,24,QUESTIONS 67 AND 68 / I’M A MAN,Chicago,Columbia,9,24,
1971,49,34,69,AMERICAN PIE (Parts 1 and 2),Don McLean,United Artists,2,34,
1971,49,35,32,ABSOLUTELY RIGHT,The Five Man Electrical Band,Lionel,8,26,
1971,49,36,52,SUNSHINE,Jonathan Edwards,Capricorn,4,36,
1971,49,37,50,AN AMERICAN TRILOGY (Dixie / Battle Hymn Of the Republic / All My Trials) (Medley),Mickey Newbury,Elektra,5,37,
1971,49,38,48,BEHIND BLUE EYES,The Who,Decca,5,38,
1971,49,39,43,I’M A GREEDY MAN (Part 1),James Brown,Polydor,4,39,
1971,49,40,45,YOUR MOVE,Yes,Atlantic,11,40,
1971,49,41,39,SHE’S ALL I GOT,Freddie North,Mankind,10,39,
1971,49,47,40,I’D LOVE TO CHANGE THE WORLD,Ten Years After,Columbia,11,40,
1971,49,42,49,GRANDMA’S HANDS,Bill Withers,Sussex,6,42,
1971,49,43,80,DROWNING IN THE SEA OF LOVE,Joe Simon,Spring,2,43,
1971,49,44,51,ONE MONKEY DON’T STOP NO SHOW (Part 1),The Honey Cone,Hot Wax,3,44,
1971,49,45,59,CAN I GET A WITNESS,Lee Michaels,A&M,3,45,
1971,49,46,41,TILL,Tom Jones,Parrot,6,41,
1971,49,48,56,HALLELUJAH,Sweathog,Columbia,4,48,
1971,49,49,42,LOVE,The Lettermen,Capitol,9,42,
1971,49,50,60,FRIENDS WITH YOU,John Denver,RCA,5,50,
1971,50,1,1,FAMILY AFFAIR,Sly and the Family Stone,Epic,6,1,2 weeks at #1
1971,50,2,2,THEME FROM “SHAFT”,Isaac Hayes,Enterprise,9,1,
1971,50,3,4,HAVE YOU SEEN HER,The Chi-Lites,Brunswick,8,3,
1971,50,4,6,GOT TO BE THERE,Michael Jackson,Motown,7,4,
1971,50,5,7,AN OLD FASHIONED LOVE SONG,Three Dog Night,Dunhill,5,5,
1971,50,6,3,BABY I’M-A WANT YOU,Bread,Elektra,8,3,
1971,50,7,5,"GYPSYS, TRAMPS AND THIEVES",Cher,Kapp,13,1,
1971,50,8,11,ALL I EVER NEED IS YOU,Sonny and Cher,Kapp,9,8,
1971,50,9,15,BRAND NEW KEY,Melanie,Neighborhood,7,9,
1971,50,10,8,DESIDERATA,Les Crane,Warner Brothers,10,8,
1971,50,11,13,CHERISH,David Cassidy,Bell,6,11,
1971,50,12,9,ROCK STEADY / OH ME OH MY (I’m a Fool For You Baby),Aretha Franklin,Atlantic,7,9,
1971,50,13,10,IMAGINE,John Lennon / Plastic Ono Band,Apple,8,3,
1971,50,14,20,SCORPIO,Dennis Coffey and the Detroit Guitar Band,Sussex,7,14,
1971,50,15,19,STONES / CRUNCHY GRANOLA SUITE,Neil Diamond,Uni,5,15,
1971,50,16,18,RESPECT YOURSELF,The Staple Singers,Stax,9,16,
1971,50,17,17,A NATURAL MAN,Lou Rawls,MGM,16,17,
1971,50,18,27,YOU ARE EVERYTHING,The Stylistics,Avco,6,18,
1971,50,19,32,HEY GIRL / I KNEW YOU WHEN,Donny Osmond,MGM,3,19,
1971,50,20,22,WHERE DID OUR LOVE GO,Donnie Elbert,All Platinum,9,20,
1971,50,21,24,THEME FROM “SUMMER OF ’42”,Peter Nero,Columbia,9,21,
1971,50,22,25,SUPERSTAR (Remember How You Got Where You Are),The Temptations,Gordy,6,22,
1971,50,23,12,EVERYBODY’S EVERYTHING,Santana,Columbia,9,12,
1971,50,24,16,TWO DIVIDED BY LOVE,The Grass Roots,Dunhill,10,16,
1971,50,25,34,AMERICAN PIE (Parts 1 and 2),Don McLean,United Artists,3,25,
1971,50,26,14,PEACE TRAIN,Cat Stevens,A&M,12,7,
1971,50,27,36,SUNSHINE,Jonathan Edwards,Capricorn,5,27,
1971,50,28,31,(I Know) I’M LOSING YOU,Rod Stewart with Faces,Mercury,4,28,
1971,50,29,21,EASY LOVING,Freddie Hart,Capitol,17,17,
1971,50,30,44,ONE MONKEY DON’T STOP NO SHOW (Part 1),The Honey Cone,Hot Wax,4,30,
1971,50,31,52,I’D LIKE TO TEACH THE WORLD TO SING (In Perfect Harmony),The Hillside Singers,Metromedia,3,31,
1971,50,32,57,CLEAN UP WOMAN,Betty Wright,Alston,3,32,
1971,50,33,28,WILD NIGHT,Van Morrison,Warner Brothers,10,28,
1971,50,34,37,AN AMERICAN TRILOGY (Dixie / Battle Hymn Of the Republic / All My Trials) (Medley),Mickey Newbury,Elektra,6,34,
1971,50,35,39,I’M A GREEDY MAN (Part 1),James Brown,Polydor,5,35,
1971,50,36,38,BEHIND BLUE EYES,The Who,Decca,6,36,
1971,50,37,43,DROWNING IN THE SEA OF LOVE,Joe Simon,Spring,3,37,
1971,50,38,68,LET’S STAY TOGETHER,Al Green,Hi,2,38,
1971,50,39,48,HALLELUJAH,Sweathog,Columbia,5,39,
1971,50,40,40,YOUR MOVE,Yes,Atlantic,12,40,
1971,50,55,33,QUESTIONS 67 AND 68 / I’M A MAN,Chicago,Columbia,10,24,
1971,50,41,41,SHE’S ALL I GOT,Freddie North,Mankind,11,41,
1971,50,42,42,GRANDMA’S HANDS,Bill Withers,Sussex,7,42,
1971,50,43,45,CAN I GET A WITNESS,Lee Michaels,A&M,4,43,
1971,50,44,61,I’D LIKE TO TEACH THE WORLD TO SING (In Perfect Harmony),The New Seekers,Elektra,2,44,
1971,50,45,55,KISS AN ANGEL GOOD MORNIN’,Charley Pride,RCA,4,45,
1971,50,46,60,HEY BIG BROTHER,Rare Earth,Rare Earth,3,46,
1971,50,47,53,NOTHING TO HIDE,Tommy James,Roulette,3,47,
1971,50,48,50,FRIENDS WITH YOU,John Denver,RCA,6,48,
1971,50,49,54,"WHITE LIES, BLUE EYES",Bullet,Big Tree,6,49,
1971,50,50,51,LET IT BE,Joan Baez,Vanguard,5,50,
1971,51,1,1,FAMILY AFFAIR,Sly and the Family Stone,Epic,7,1,3 weeks at #1
1971,51,2,9,BRAND NEW KEY,Melanie,Neighborhood,8,2,
1971,51,3,3,HAVE YOU SEEN HER,The Chi-Lites,Brunswick,9,3,
1971,51,4,5,AN OLD FASHIONED LOVE SONG,Three Dog Night,Dunhill,6,4,
1971,51,5,4,GOT TO BE THERE,Michael Jackson,Motown,8,4,
1971,51,6,2,THEME FROM “SHAFT”,Isaac Hayes,Enterprise,10,1,
1971,51,7,6,BABY I’M-A WANT YOU,Bread,Elektra,9,3,
1971,51,8,8,ALL I EVER NEED IS YOU,Sonny and Cher,Kapp,10,8,
1971,51,9,25,AMERICAN PIE (Parts 1 and 2),Don McLean,United Artists,4,9,
1971,51,10,11,CHERISH,David Cassidy,Bell,7,10,
1971,51,11,14,SCORPIO,Dennis Coffey and the Detroit Guitar Band,Sussex,8,11,
1971,51,12,19,HEY GIRL / I KNEW YOU WHEN,Donny Osmond,MGM,4,12,
1971,51,13,16,RESPECT YOURSELF,The Staple Singers,Stax,10,13,
1971,51,14,15,STONES / CRUNCHY GRANOLA SUITE,Neil Diamond,Uni,6,14,
1971,51,15,18,YOU ARE EVERYTHING,The Stylistics,Avco,7,15,
1971,51,16,20,WHERE DID OUR LOVE GO,Donnie Elbert,All Platinum,10,16,
1971,51,17,7,"GYPSYS, TRAMPS AND THIEVES",Cher,Kapp,14,1,
1971,51,18,22,SUPERSTAR (Remember How You Got Where You Are),The Temptations,Gordy,7,18,
1971,51,19,12,ROCK STEADY / OH ME OH MY (I’m a Fool For You Baby),Aretha Franklin,Atlantic,8,9,
1971,51,20,27,SUNSHINE,Jonathan Edwards,Capricorn,6,20,
1971,51,21,21,THEME FROM “SUMMER OF ’42”,Peter Nero,Columbia,10,21,
1971,51,22,10,DESIDERATA,Les Crane,Warner Brothers,11,8,
1971,51,23,13,IMAGINE,John Lennon / Plastic Ono Band,Apple,9,3,
1971,51,24,30,ONE MONKEY DON’T STOP NO SHOW (Part 1),The Honey Cone,Hot Wax,5,24,
1971,51,25,28,(I Know) I’M LOSING YOU,Rod Stewart with Faces,Mercury,5,25,
1971,51,26,31,I’D LIKE TO TEACH THE WORLD TO SING (In Perfect Harmony),The Hillside Singers,Metromedia,4,26,
1971,51,27,17,A NATURAL MAN,Lou Rawls,MGM,17,17,
1971,51,28,44,I’D LIKE TO TEACH THE WORLD TO SING (In Perfect Harmony),The New Seekers,Elektra,3,28,
1971,51,29,32,CLEAN UP WOMAN,Betty Wright,Alston,4,29,
1971,51,30,38,LET’S STAY TOGETHER,Al Green,Hi,3,30,
1971,51,31,34,AN AMERICAN TRILOGY (Dixie / Battle Hymn Of the Republic / All My Trials) (Medley),Mickey Newbury,Elektra,7,31,
1971,51,32,37,DROWNING IN THE SEA OF LOVE,Joe Simon,Spring,4,32,
1971,51,33,39,HALLELUJAH,Sweathog,Columbia,6,33,
1971,51,34,36,BEHIND BLUE EYES,The Who,Decca,7,34,
1971,51,35,35,I’M A GREEDY MAN (Part 1),James Brown,Polydor,6,35,
1971,51,36,24,TWO DIVIDED BY LOVE,The Grass Roots,Dunhill,11,16,
1971,51,37,23,EVERYBODY’S EVERYTHING,Santana,Columbia,10,12,
1971,51,38,46,HEY BIG BROTHER,Rare Earth,Rare Earth,4,38,
1971,51,39,51,DAY AFTER DAY,Badfinger,Apple,3,39,
1971,51,40,45,KISS AN ANGEL GOOD MORNIN’,Charley Pride,RCA,5,40,
1971,51,41,33,WILD NIGHT,Van Morrison,Warner Brothers,11,28,
1971,51,48,40,YOUR MOVE,Yes,Atlantic,13,40,
1971,51,42,43,CAN I GET A WITNESS,Lee Michaels,A&M,5,42,
1971,51,43,47,NOTHING TO HIDE,Tommy James,Roulette,4,43,
1971,51,44,49,"WHITE LIES, BLUE EYES",Bullet,Big Tree,7,44,
1971,51,45,72,SUGAR DADDY,Jackson 5,Motown,2,45,
1971,51,46,56,GEORGE JACKSON,Bob Dylan,Columbia,3,46,
1971,51,47,48,FRIENDS WITH YOU,John Denver,RCA,7,47,
1971,51,49,50,LET IT BE,Joan Baez,Vanguard,6,49,
1971,51,50,42,GRANDMA’S HANDS,Bill Withers,Sussex,8,42,
1971,52,1,2,BRAND NEW KEY,Melanie,Neighborhood,9,1,1 week at #1
1971,52,2,1,FAMILY AFFAIR,Sly and the Family Stone,Epic,8,1,
1971,52,3,9,AMERICAN PIE (Parts 1 and 2),Don McLean,United Artists,5,3,
1971,52,4,4,AN OLD FASHIONED LOVE SONG,Three Dog Night,Dunhill,7,4,
1971,52,5,5,GOT TO BE THERE,Michael Jackson,Motown,9,4,
1971,52,6,3,HAVE YOU SEEN HER,The Chi-Lites,Brunswick,10,3,
1971,52,7,8,ALL I EVER NEED IS YOU,Sonny and Cher,Kapp,11,7,
1971,52,8,11,SCORPIO,Dennis Coffey and the Detroit Guitar Band,Sussex,9,8,
1971,52,9,10,CHERISH,David Cassidy,Bell,8,9,
1971,52,10,12,HEY GIRL / I KNEW YOU WHEN,Donny Osmond,MGM,5,10,
1971,52,11,7,BABY I’M-A WANT YOU,Bread,Elektra,10,3,
1971,52,12,13,RESPECT YOURSELF,The Staple Singers,Stax,11,12,
1971,52,13,20,SUNSHINE,Jonathan Edwards,Capricorn,7,13,
1971,52,14,15,YOU ARE EVERYTHING,The Stylistics,Avco,8,14,
1971,52,15,16,WHERE DID OUR LOVE GO,Donnie Elbert,All Platinum,11,15,
1971,52,16,6,THEME FROM “SHAFT”,Isaac Hayes,Enterprise,11,1,
1971,52,17,28,I’D LIKE TO TEACH THE WORLD TO SING (In Perfect Harmony),The New Seekers,Elektra,4,17,
1971,52,18,18,SUPERSTAR (Remember How You Got Where You Are),The Temptations,Gordy,8,18,
1971,52,19,17,"GYPSYS, TRAMPS AND THIEVES",Cher,Kapp,15,1,
1971,52,20,30,LET’S STAY TOGETHER,Al Green,Hi,4,20,
1971,52,21,26,I’D LIKE TO TEACH THE WORLD TO SING (In Perfect Harmony),The Hillside Singers,Metromedia,5,21,
1971,52,22,24,ONE MONKEY DON’T STOP NO SHOW (Part 1),The Honey Cone,Hot Wax,6,22,
1971,52,23,29,CLEAN UP WOMAN,Betty Wright,Alston,5,23,
1971,52,24,25,(I Know) I’M LOSING YOU,Rod Stewart with Faces,Mercury,6,24,
1971,52,25,14,STONES / CRUNCHY GRANOLA SUITE,Neil Diamond,Uni,7,14,
1971,52,26,39,DAY AFTER DAY,Badfinger,Apple,4,26,
1971,52,27,19,ROCK STEADY / OH ME OH MY (I’m a Fool For You Baby),Aretha Franklin,Atlantic,9,9,
1971,52,28,32,DROWNING IN THE SEA OF LOVE,Joe Simon,Spring,5,28,
1971,52,29,21,THEME FROM “SUMMER OF ’42”,Peter Nero,Columbia,11,21,
1971,52,30,31,AN AMERICAN TRILOGY (Dixie / Battle Hymn Of the Republic / All My Trials) (Medley),Mickey Newbury,Elektra,8,30,
1971,52,31,45,SUGAR DADDY,Jackson 5,Motown,3,31,
1971,52,32,38,HEY BIG BROTHER,Rare Earth,Rare Earth,5,32,
1971,52,33,33,HALLELUJAH,Sweathog,Columbia,7,33,
1971,52,34,34,BEHIND BLUE EYES,The Who,Decca,8,34,
1971,52,35,22,DESIDERATA,Les Crane,Warner Brothers,12,8,
1971,52,36,27,A NATURAL MAN,Lou Rawls,MGM,18,17,
1971,52,37,40,KISS AN ANGEL GOOD MORNIN’,Charley Pride,RCA,6,37,
1971,52,38,46,GEORGE JACKSON,Bob Dylan,Columbia,4,38,
1971,52,39,42,CAN I GET A WITNESS,Lee Michaels,A&M,6,39,
1971,52,40,44,"WHITE LIES, BLUE EYES",Bullet,Big Tree,8,40,
1971,52,42,35,I’M A GREEDY MAN (Part 1),James Brown,Polydor,7,35,
1971,52,41,43,NOTHING TO HIDE,Tommy James,Roulette,5,41,
1971,52,43,51,ANTICIPATION,Carly Simon,Elektra,3,43,
1971,52,44,57,IT’S ONE OF THOSE NIGHTS (Yes Love),The Partridge Family (Starring Shirley Jones and Featuring David Cassidy),Bell,2,44,
1971,52,45,67,ONCE YOU UNDERSTAND,Think (Featuring Lou Stallman),Laurie,4,45,
1971,52,46,56,ME AND BOBBY McGEE,Jerry Lee Lewis,Mercury,5,46,
1971,52,47,47,FRIENDS WITH YOU,John Denver,RCA,8,47,
1971,52,48,83,MAKE ME THE WOMAN THAT YOU GO HOME TO,Gladys Knight and the Pips,Soul,2,48,
1971,52,49,49,LET IT BE,Joan Baez,Vanguard,7,49,
1971,52,50,48,YOUR MOVE,Yes,Atlantic,14,40,
