YEAR,WEEK,TW,LW,TITLE,ARTIST,LABEL,WEEKS_ON_CHART,PEAK_POSITION,WEEKS_AT_1
1972,1,1,1,BRAND NEW KEY,Melanie,Neighborhood,10,1,2 weeks at #1
1972,1,2,3,AMERICAN PIE (Parts 1 and 2),Don McLean,United Artists,6,2,
1972,1,7,8,SCORPIO,Dennis Coffey and the Detroit Guitar Band,Sussex,10,7,
1972,1,8,13,SUNSHINE,Jonathan Edwards,Capricorn,8,8,
1972,1,9,9,CHERISH,David Cassidy,Bell,9,9,
1972,1,10,10,HEY GIRL / I KNEW YOU WHEN,Donny Osmond,MGM,6,10,
1972,1,12,17,I’D LIKE TO TEACH THE WORLD TO SING (In Perfect Harmony),The New Seekers,Elektra,5,12,
1972,1,13,14,YOU ARE EVERYTHING,The Stylistics,Avco,9,13,
1972,1,16,21,I’D LIKE TO TEACH THE WORLD TO SING (In Perfect Harmony),The Hillside Singers,Metromedia,6,16,
1972,1,17,26,DAY AFTER DAY,Badfinger,Apple,5,17,
1972,1,18,28,DROWNING IN THE SEA OF LOVE,Joe Simon,Spring,6,18,
1972,1,19,23,CLEAN UP WOMAN,Betty Wright,Alston,6,19,
1972,1,20,22,ONE MONKEY DON’T STOP NO SHOW (Part 1),The Honey Cone,Hot Wax,7,20,
1972,1,21,31,SUGAR DADDY,Jackson 5,Motown,4,21,
1972,1,22,15,WHERE DID OUR LOVE GO,Donnie Elbert,All Platinum,12,15,
1972,1,23,16,THEME FROM “SHAFT”,Isaac Hayes,Enterprise,12,1,
1972,1,24,11,BABY I’M-A WANT YOU,Bread,Elektra,11,3,
1972,1,25,19,"GYPSYS, TRAMPS AND THIEVES",Cher,Kapp,16,1,
1972,1,26,30,AN AMERICAN TRILOGY (Dixie / Battle Hymn Of the Republic / All My Trials) (Medley),Mickey Newbury,Elektra,9,26,
1972,1,27,25,STONES / CRUNCHY GRANOLA SUITE,Neil Diamond,Uni,8,14,
1972,1,28,32,HEY BIG BROTHER,Rare Earth,Rare Earth,6,28,
1972,1,31,29,THEME FROM SUMMER OF ’42,Peter Nero,Columbia,12,21,
1972,1,32,45,ONCE YOU UNDERSTAND,Think (Featuring Lou Stallman),Laurie,5,32,
1972,1,33,37,KISS AN ANGEL GOOD MORNIN’,Charley Pride,RCA,7,33,
1972,1,34,33,HALLELUJAH,Sweathog,Columbia,8,33,
1972,1,36,43,ANTICIPATION,Carly Simon,Elektra,4,36,
1972,1,37,44,IT’S ONE OF THOSE NIGHTS (Yes Love),The Partridge Family Starring Shirley Jones and Featuring David Cassidy,Bell,3,37,
1972,1,38,40,"WHITE LIES, BLUE EYES",Bullet,Big Tree,9,38,
1972,1,42,39,CAN I GET A WITNESS,Lee Michaels,A&M,7,39,
1972,1,41,41,NOTHING TO HIDE,Tommy James,Roulette,6,41,
1972,1,43,81,NEVER BEEN TO SPAIN,Three Dog Night,Dunhill,2,43,
1972,1,46,48,MAKE ME THE WOMAN THAT YOU GO HOME TO,Gladys Knight and the Pips,Soul,3,46,
1972,1,48,60,THAT’S THE WAY I FEEL ABOUT ‘CHA,Bobby Womack and Peace,United Artists,4,48,
1972,1,50,54,MY BOY,Richard Harris,Dunhill,7,50,
1972,2,1,1,BRAND NEW KEY,Melanie,Neighborhood,11,1,3 weeks at #1
1972,2,2,2,AMERICAN PIE (Parts 1 and 2),Don McLean,United Artists,7,2,
1972,2,4,14,LET’S STAY TOGETHER,Al Green,Hi,6,4,
1972,2,5,5,GOT TO BE THERE,Michael Jackson,Motown,11,4,
1972,2,6,7,SCORPIO,Dennis Coffey and the Detroit Guitar Band,Sussex,11,6,
1972,2,7,8,SUNSHINE,Jonathan Edwards,Capricorn,9,7,
1972,2,8,12,I’D LIKE TO TEACH THE WORLD TO SING (In Perfect Harmony),The New Seekers,Elektra,6,8,
1972,2,9,9,CHERISH,David Cassidy,Bell,10,9,
1972,2,10,10,HEY GIRL / I KNEW YOU WHEN,Donny Osmond,MGM,7,10,
1972,2,11,13,YOU ARE EVERYTHING,The Stylistics,Avco,10,11,
1972,2,12,21,SUGAR DADDY,Jackson 5,Motown,5,12,
1972,2,13,19,CLEAN UP WOMAN,Betty Wright,Alston,7,13,
1972,2,14,16,I’D LIKE TO TEACH THE WORLD TO SING (In Perfect Harmony),The Hillside Singers,Metromedia,7,14,
1972,2,15,20,ONE MONKEY DON’T STOP NO SHOW (Part 1),The Honey Cone,Hot Wax,8,15,
1972,2,16,17,DAY AFTER DAY,Badfinger,Apple,6,16,
1972,2,17,18,DROWNING IN THE SEA OF LOVE,Joe Simon,Spring,7,17,
1972,2,18,4,AN OLD FASHIONED LOVE SONG,Three Dog Night,Dunhill,9,4,
1972,2,19,6,HAVE YOU SEEN HER,The Chi-Lites,Brunswick,12,3,
1972,2,20,11,ALL I EVER NEED IS YOU,Sonny and Cher,Kapp,13,7,
1972,2,21,15,RESPECT YOURSELF,The Staple Singers,Stax,13,12,
1972,2,22,28,HEY BIG BROTHER,Rare Earth,Rare Earth,7,22,
1972,2,23,36,ANTICIPATION,Carly Simon,Elektra,5,23,
1972,2,24,43,NEVER BEEN TO SPAIN,Three Dog Night,Dunhill,3,24,
1972,2,25,37,IT’S ONE OF THOSE NIGHTS (Yes Love),The Partridge Family Starring Shirley Jones and Featuring David Cassidy,Bell,4,25,
1972,2,26,32,ONCE YOU UNDERSTAND,Think (Featuring Lou Stallman),Laurie,6,26,
1972,2,27,33,KISS AN ANGEL GOOD MORNIN’,Charley Pride,RCA,8,27,
1972,2,28,26,AN AMERICAN TRILOGY (Dixie / Battle Hymn Of the Republic / All My Trials) (Medley),Mickey Newbury,Elektra,10,26,
1972,2,29,45,THE WITCH QUEEN OF NEW ORLEANS,Redbone,Epic,8,29,
1972,2,30,38,"WHITE LIES, BLUE EYES",Bullet,Big Tree,10,30,
1972,2,31,23,THEME FROM “SHAFT”,Isaac Hayes,Enterprise,13,1,
1972,2,32,22,WHERE DID OUR LOVE GO,Donnie Elbert,All Platinum,13,15,
1972,2,33,35,GEORGE JACKSON,Bob Dylan,Columbia,6,33,
1972,2,34,24,BABY I’M-A WANT YOU,Bread,Elektra,12,3,
1972,2,35,40,LEVON,Elton John,Uni,4,35,
1972,2,36,27,STONES / CRUNCHY GRANOLA SUITE,Neil Diamond,Uni,9,14,
1972,2,37,48,THAT’S THE WAY I FEEL ABOUT ‘CHA,Bobby Womack and Peace,United Artists,5,37,
1972,2,38,46,MAKE ME THE WOMAN THAT YOU GO HOME TO,Gladys Knight and the Pips,Soul,4,38,
1972,2,39,30,SUPERSTAR (Remember How You Got Where You Are),The Temptations,Gordy,10,18,
1972,2,40,31,THEME FROM SUMMER OF ’42,Peter Nero,Columbia,13,21,
1972,2,41,29,(I Know) I’M LOSING YOU,Rod Stewart with Faces,Mercury,8,24,
1972,2,44,39,BEHIND BLUE EYES,The Who,Decca,10,34,
1972,2,45,34,HALLELUJAH,Sweathog,Columbia,9,33,
1972,2,43,44,ME AND BOBBY McGEE,Jerry Lee Lewis,Mercury,7,43,
1972,2,46,56,STAY WITH ME,The Faces,Warner Brothers,2,46,
1972,2,47,50,MY BOY,Richard Harris,Dunhill,8,47,
1972,2,48,51,LOOKING FOR A LOVE,The J. Geils Band,Atlantic,6,48,
1972,2,49,42,CAN I GET A WITNESS,Lee Michaels,A&M,8,39,
1972,2,50,41,NOTHING TO HIDE,Tommy James,Roulette,7,41,
1972,3,1,2,AMERICAN PIE (Parts 1 and 2),Don McLean,United Artists,8,1,1 week at #1
1972,3,2,1,BRAND NEW KEY,Melanie,Neighborhood,12,1,
1972,3,3,4,LET’S STAY TOGETHER,Al Green,Hi,7,3,
1972,3,4,7,SUNSHINE,Jonathan Edwards,Capricorn,10,4,
1972,3,5,3,FAMILY AFFAIR,Sly and the Family Stone,Epic,11,1,
1972,3,6,6,SCORPIO,Dennis Coffey and the Detroit Guitar Band,Sussex,12,6,
1972,3,7,8,I’D LIKE TO TEACH THE WORLD TO SING (In Perfect Harmony),The New Seekers,Elektra,7,7,
1972,3,8,5,GOT TO BE THERE,Michael Jackson,Motown,12,4,
1972,3,9,10,HEY GIRL / I KNEW YOU WHEN,Donny Osmond,MGM,8,9,
1972,3,10,13,CLEAN UP WOMAN,Betty Wright,Alston,8,10,
1972,3,11,11,YOU ARE EVERYTHING,The Stylistics,Avco,11,11,
1972,3,12,12,SUGAR DADDY,Jackson 5,Motown,6,12,
1972,3,13,14,I’D LIKE TO TEACH THE WORLD TO SING (In Perfect Harmony),The Hillside Singers,Metromedia,8,13,
1972,3,14,16,DAY AFTER DAY,Badfinger,Apple,7,14,
1972,3,15,15,ONE MONKEY DON’T STOP NO SHOW (Part 1),The Honey Cone,Hot Wax,9,15,
1972,3,16,17,DROWNING IN THE SEA OF LOVE,Joe Simon,Spring,8,16,
1972,3,17,9,CHERISH,David Cassidy,Bell,11,9,
1972,3,18,24,NEVER BEEN TO SPAIN,Three Dog Night,Dunhill,4,18,
1972,3,19,18,AN OLD FASHIONED LOVE SONG,Three Dog Night,Dunhill,10,4,
1972,3,20,22,HEY BIG BROTHER,Rare Earth,Rare Earth,8,20,
1972,3,21,25,IT’S ONE OF THOSE NIGHTS (Yes Love),The Partridge Family (Starring Shirley Jones and Featuring David Cassidy),Bell,5,21,
1972,3,22,23,ANTICIPATION,Carly Simon,Elektra,6,22,
1972,3,23,26,ONCE YOU UNDERSTAND,Think (Featuring Lou Stallman),Laurie,7,23,
1972,3,24,20,ALL I EVER NEED IS YOU,Sonny and Cher,Kapp,14,7,
1972,3,25,27,KISS AN ANGEL GOOD MORNIN’,Charley Pride,RCA,9,25,
1972,3,26,19,HAVE YOU SEEN HER,The Chi-Lites,Brunswick,13,3,
1972,3,27,29,THE WITCH QUEEN OF NEW ORLEANS,Redbone,Epic,9,27,
1972,3,28,30,"WHITE LIES, BLUE EYES",Bullet,Big Tree,11,28,
1972,3,29,21,RESPECT YOURSELF,The Staple Singers,Stax,14,12,
1972,3,30,35,LEVON,Elton John,Uni,5,30,
1972,3,31,37,THAT’S THE WAY I FEEL ABOUT ‘CHA,Bobby Womack and Peace,United Artists,6,31,
1972,3,32,38,MAKE ME THE WOMAN THAT YOU GO HOME TO,Gladys Knight and the Pips,Soul,5,32,
1972,3,33,42,BLACK DOG,Led Zeppelin,Atlantic,4,33,
1972,3,34,28,AN AMERICAN TRILOGY (Dixie / Battle Hymn Of the Republic / All My Trials) (Medley),Mickey Newbury,Elektra,11,26,
1972,3,35,46,STAY WITH ME,The Faces,Warner Brothers,3,35,
1972,3,36,54,WITHOUT YOU,Nilsson,RCA,5,36,
1972,3,38,33,GEORGE JACKSON,Bob Dylan,Columbia,7,33,
1972,3,39,48,LOOKING FOR A LOVE,The J. Geils Band,Atlantic,7,39,
1972,3,40,43,ME AND BOBBY McGEE,Jerry Lee Lewis,Mercury,8,40,
1972,3,41,47,MY BOY,Richard Harris,Dunhill,9,41,
1972,3,42,41,(I Know) I’M LOSING YOU,Rod Stewart with Faces,Mercury,9,24,
1972,3,43,67,PRECIOUS AND FEW,Climax,Carousel / Rocky Road,3,43,
1972,3,44,57,THOSE WERE THE DAYS,Carroll O’Connor and Jean Stapleton (As the Bunkers),Atlantic,6,44,
1972,3,45,44,BEHIND BLUE EYES,The Who,Decca,11,34,
1972,3,46,56,DON’T SAY YOU DON’T REMEMBER,Beverly Bremers,Scepter,5,46,
1972,3,47,45,HALLELUJAH,Sweathog,Columbia,10,33,
1972,3,48,53,AIN’T NOBODY HOME,B.B. King,ABC,10,48,
1972,3,49,90,JOY,Apollo 100,Mega,3,49,
1972,4,1,1,AMERICAN PIE (Parts 1 and 2),Don McLean,United Artists,9,1,2 weeks at #1
1972,4,2,2,BRAND NEW KEY,Melanie,Neighborhood,13,1,
1972,4,3,3,LET’S STAY TOGETHER,Al Green,Hi,8,3,
1972,4,4,4,SUNSHINE,Jonathan Edwards,Capricorn,11,4,
1972,4,5,14,DAY AFTER DAY,Badfinger,Apple,8,5,
1972,4,6,6,SCORPIO,Dennis Coffey and the Detroit Guitar Band,Sussex,13,6,
1972,4,7,7,I’D LIKE TO TEACH THE WORLD TO SING (In Perfect Harmony),The New Seekers,Elektra,8,7,
1972,4,8,10,CLEAN UP WOMAN,Betty Wright,Alston,9,8,
1972,4,9,11,YOU ARE EVERYTHING,The Stylistics,Avco,12,9,
1972,4,10,12,SUGAR DADDY,Jackson 5,Motown,7,10,
1972,4,11,18,NEVER BEEN TO SPAIN,Three Dog Night,Dunhill,5,11,
1972,4,12,16,DROWNING IN THE SEA OF LOVE,Joe Simon,Spring,9,12,
1972,4,13,13,I’D LIKE TO TEACH THE WORLD TO SING (In Perfect Harmony),The Hillside Singers,Metromedia,9,13,
1972,4,14,5,FAMILY AFFAIR,Sly and the Family Stone,Epic,12,1,
1972,4,15,8,GOT TO BE THERE,Michael Jackson,Motown,13,4,
1972,4,16,9,HEY GIRL / I KNEW YOU WHEN,Donny Osmond,MGM,9,9,
1972,4,17,15,ONE MONKEY DON’T STOP NO SHOW (Part 1),The Honey Cone,Hot Wax,10,15,
1972,4,18,22,ANTICIPATION,Carly Simon,Elektra,7,18,
1972,4,19,20,HEY BIG BROTHER,Rare Earth,Rare Earth,9,19,
1972,4,20,21,IT’S ONE OF THOSE NIGHTS (Yes Love),The Partridge Family (Starring Shirley Jones and Featuring David Cassidy),Bell,6,20,
1972,4,21,36,WITHOUT YOU,Nilsson,RCA,6,21,
1972,4,22,25,KISS AN ANGEL GOOD MORNIN’,Charley Pride,RCA,10,22,
1972,4,23,23,ONCE YOU UNDERSTAND,Think (Featuring Lou Stallman),Laurie,8,23,
1972,4,24,17,CHERISH,David Cassidy,Bell,12,9,
1972,4,25,27,THE WITCH QUEEN OF NEW ORLEANS,Redbone,Epic,10,25,
1972,4,26,35,STAY WITH ME,The Faces,Warner Brothers,4,26,
1972,4,27,33,BLACK DOG,Led Zeppelin,Atlantic,5,27,
1972,4,28,30,LEVON,Elton John,Uni,6,28,
1972,4,29,31,THAT’S THE WAY I FEEL ABOUT ‘CHA,Bobby Womack and Peace,United Artists,7,29,
1972,4,30,32,MAKE ME THE WOMAN THAT YOU GO HOME TO,Gladys Knight and the Pips,Soul,6,30,
1972,4,31,26,HAVE YOU SEEN HER,The Chi-Lites,Brunswick,14,3,
1972,4,32,37,FIRE AND WATER,Wilson Pickett,Atlantic,5,32,
1972,4,33,24,ALL I EVER NEED IS YOU,Sonny and Cher,Kapp,15,7,
1972,4,34,43,PRECIOUS AND FEW,Climax,Carousel / Rocky Road,4,34,
1972,4,35,49,JOY,Apollo 100,Mega,4,35,
1972,4,36,19,AN OLD FASHIONED LOVE SONG,Three Dog Night,Dunhill,11,4,
1972,4,37,46,DON’T SAY YOU DON’T REMEMBER,Beverly Bremers,Scepter,6,37,
1972,4,38,76,HURTING EACH OTHER,The Carpenters,A&M,2,38,
1972,4,39,39,LOOKING FOR A LOVE,The J. Geils Band,Atlantic,8,39,
1972,4,40,28,"WHITE LIES, BLUE EYES",Bullet,Big Tree,12,28,
1972,4,47,40,ME AND BOBBY McGEE,Jerry Lee Lewis,Mercury,9,40,
1972,4,58,38,GEORGE JACKSON,Bob Dylan,Columbia,8,33,
1972,4,41,41,MY BOY,Richard Harris,Dunhill,10,41,
1972,4,42,51,DAISY MAE,"Hamilton, Joe Frank and Reynolds",Dunhill,8,42,
1972,4,43,55,FEELING ALRIGHT,Joe Cocker,A&M,9,43,
1972,4,44,44,THOSE WERE THE DAYS,Carroll O’Connor and Jean Stapleton (As the Bunkers),Atlantic,7,44,
1972,4,45,57,TOGETHER LET’S FIND LOVE,The 5th Dimension,Bell,4,45,
1972,4,46,48,AIN’T NOBODY HOME,B.B. King,ABC,11,46,
1972,4,48,75,FLOY JOY,The Supremes,Motown,3,48,
1972,4,49,73,THE LION SLEEPS TONIGHT (Wimoweh),Robert John,Atlantic,4,49,
1972,4,50,54,BANG A GONG (Get It On),T. Rex,Reprise,4,50,
1972,5,1,1,AMERICAN PIE (Parts 1 and 2),Don McLean,United Artists,10,1,3 weeks at #1
1972,5,2,2,BRAND NEW KEY,Melanie,Neighborhood,14,1,
1972,5,3,3,LET’S STAY TOGETHER,Al Green,Hi,9,3,
1972,5,4,4,SUNSHINE,Jonathan Edwards,Capricorn,12,4,
1972,5,5,5,DAY AFTER DAY,Badfinger,Apple,9,5,
1972,5,6,8,CLEAN UP WOMAN,Betty Wright,Alston,10,6,
1972,5,7,6,SCORPIO,Dennis Coffey and the Detroit Guitar Band,Sussex,14,6,
1972,5,8,11,NEVER BEEN TO SPAIN,Three Dog Night,Dunhill,6,8,
1972,5,9,9,YOU ARE EVERYTHING,The Stylistics,Avco,13,9,
1972,5,10,10,SUGAR DADDY,Jackson 5,Motown,8,10,
1972,5,11,12,DROWNING IN THE SEA OF LOVE,Joe Simon,Spring,10,11,
1972,5,12,7,I’D LIKE TO TEACH THE WORLD TO SING (In Perfect Harmony),The New Seekers,Elektra,9,7,
1972,5,13,38,HURTING EACH OTHER,The Carpenters,A&M,3,13,
1972,5,14,21,WITHOUT YOU,Nilsson,RCA,7,14,
1972,5,15,35,JOY,Apollo 100,Mega,5,15,
1972,5,16,34,PRECIOUS AND FEW,Climax,Carousel / Rocky Road,5,16,
1972,5,17,18,ANTICIPATION,Carly Simon,Elektra,8,17,
1972,5,18,14,FAMILY AFFAIR,Sly and the Family Stone,Epic,13,1,
1972,5,19,13,I’D LIKE TO TEACH THE WORLD TO SING (In Perfect Harmony),The Hillside Singers,Metromedia,10,13,
1972,5,20,20,IT’S ONE OF THOSE NIGHTS (Yes Love),The Partridge Family (Starring Shirley Jones and Featuring David Cassidy),Bell,7,20,
1972,5,21,26,STAY WITH ME,The Faces,Warner Brothers,5,21,
1972,5,22,22,KISS AN ANGEL GOOD MORNIN’,Charley Pride,RCA,11,22,
1972,5,23,27,BLACK DOG,Led Zeppelin,Atlantic,6,23,
1972,5,24,25,THE WITCH QUEEN OF NEW ORLEANS,Redbone,Epic,11,24,
1972,5,25,28,LEVON,Elton John,Uni,7,25,
1972,5,26,16,HEY GIRL / I KNEW YOU WHEN,Donny Osmond,MGM,10,9,
1972,5,27,32,FIRE AND WATER,Wilson Pickett,Atlantic,6,27,
1972,5,28,30,MAKE ME THE WOMAN THAT YOU GO HOME TO,Gladys Knight and the Pips,Soul,7,28,
1972,5,29,29,THAT’S THE WAY I FEEL ABOUT ‘CHA,Bobby Womack and Peace,United Artists,8,29,
1972,5,30,17,ONE MONKEY DON’T STOP NO SHOW (Part 1),The Honey Cone,Hot Wax,11,15,
1972,5,31,15,GOT TO BE THERE,Michael Jackson,Motown,14,4,
1972,5,32,68,DOWN BY THE LAZY RIVER,The Osmonds,MGM,2,32,
1972,5,33,37,DON’T SAY YOU DON’T REMEMBER,Beverly Bremers,Scepter,7,33,
1972,5,34,19,HEY BIG BROTHER,Rare Earth,Rare Earth,10,19,
1972,5,35,23,ONCE YOU UNDERSTAND,Think (Featuring Lou Stallman),Laurie,9,23,
1972,5,36,43,FEELING ALRIGHT,Joe Cocker,A&M,10,36,
1972,5,37,50,BANG A GONG (Get It On),T. Rex,Reprise,5,37,
1972,5,38,49,THE LION SLEEPS TONIGHT (Wimoweh),Robert John,Atlantic,5,38,
1972,5,39,45,TOGETHER LET’S FIND LOVE,The 5th Dimension,Bell,5,39,
1972,5,40,48,FLOY JOY,The Supremes,Motown,4,40,
1972,5,44,40,"WHITE LIES, BLUE EYES",Bullet,Big Tree,13,28,
1972,5,45,39,LOOKING FOR A LOVE,The J. Geils Band,Atlantic,9,39,
1972,5,42,42,DAISY MAE,"Hamilton, Joe Frank and Reynolds",Dunhill,9,42,
1972,5,43,44,THOSE WERE THE DAYS,Carroll O’Connor and Jean Stapleton (As the Bunkers),Atlantic,8,43,
1972,5,46,41,MY BOY,Richard Harris,Dunhill,11,41,
1972,5,48,64,FOOTSTOMPIN’ MUSIC,Grand Funk Railroad,Capitol,4,48,
1972,5,49,62,TUPELO HONEY,Van Morrison,Warner Brothers,5,49,
1972,5,50,55,"YOU WANT IT, YOU GOT IT",The Detroit Emeralds,Westbound,4,50,
1972,6,1,1,AMERICAN PIE (Parts 1 and 2),Don McLean,United Artists,11,1,4 weeks at #1
1972,6,2,3,LET’S STAY TOGETHER,Al Green,Hi,10,2,
1972,6,3,2,BRAND NEW KEY,Melanie,Neighborhood,15,1,
1972,6,4,5,DAY AFTER DAY,Badfinger,Apple,10,4,
1972,6,5,14,WITHOUT YOU,Nilsson,RCA,8,5,
1972,6,6,8,NEVER BEEN TO SPAIN,Three Dog Night,Dunhill,7,6,
1972,6,7,4,SUNSHINE,Jonathan Edwards,Capricorn,13,4,
1972,6,8,16,PRECIOUS AND FEW,Climax,Carousel / Rocky Road,6,8,
1972,6,9,13,HURTING EACH OTHER,The Carpenters,A&M,4,9,
1972,6,10,15,JOY,Apollo 100,Mega,6,10,
1972,6,11,6,CLEAN UP WOMAN,Betty Wright,Alston,11,6,
1972,6,12,32,DOWN BY THE LAZY RIVER,The Osmonds,MGM,3,12,
1972,6,13,7,SCORPIO,Dennis Coffey and the Detroit Guitar Band,Sussex,15,6,
1972,6,14,17,ANTICIPATION,Carly Simon,Elektra,9,14,
1972,6,15,9,YOU ARE EVERYTHING,The Stylistics,Avco,14,9,
1972,6,16,10,SUGAR DADDY,Jackson 5,Motown,9,10,
1972,6,17,11,DROWNING IN THE SEA OF LOVE,Joe Simon,Spring,11,11,
1972,6,18,12,I’D LIKE TO TEACH THE WORLD TO SING (In Perfect Harmony),The New Seekers,Elektra,10,7,
1972,6,19,21,STAY WITH ME,The Faces,Warner Brothers,6,19,
1972,6,20,38,THE LION SLEEPS TONIGHT (Wimoweh),Robert John,Atlantic,6,20,
1972,6,21,22,KISS AN ANGEL GOOD MORNIN’,Charley Pride,RCA,12,21,
1972,6,22,24,THE WITCH QUEEN OF NEW ORLEANS,Redbone,Epic,12,22,
1972,6,23,23,BLACK DOG,Led Zeppelin,Atlantic,7,23,
1972,6,24,25,LEVON,Elton John,Uni,8,24,
1972,6,25,27,FIRE AND WATER,Wilson Pickett,Atlantic,7,25,
1972,6,26,19,I’D LIKE TO TEACH THE WORLD TO SING (In Perfect Harmony),The Hillside Singers,Metromedia,11,13,
1972,6,27,28,MAKE ME THE WOMAN THAT YOU GO HOME TO,Gladys Knight and the Pips,Soul,8,27,
1972,6,28,29,THAT’S THE WAY I FEEL ABOUT ‘CHA,Bobby Womack and Peace,United Artists,9,28,
1972,6,29,33,DON’T SAY YOU DON’T REMEMBER,Beverly Bremers,Scepter,8,29,
1972,6,30,18,FAMILY AFFAIR,Sly and the Family Stone,Epic,14,1,
1972,6,31,37,BANG A GONG (Get It On),T. Rex,Reprise,6,31,
1972,6,32,20,IT’S ONE OF THOSE NIGHTS (Yes Love),The Partridge Family (Starring Shirley Jones and Featuring David Cassidy),Bell,8,20,
1972,6,33,40,FLOY JOY,The Supremes,Motown,5,33,
1972,6,34,36,FEELING ALRIGHT,Joe Cocker,A&M,11,34,
1972,6,35,77,SWEET SEASONS,Carole King,Ode,2,35,
1972,6,36,48,FOOTSTOMPIN’ MUSIC,Grand Funk Railroad,Capitol,5,36,
1972,6,37,39,TOGETHER LET’S FIND LOVE,The 5th Dimension,Bell,6,37,
1972,6,39,65,MY WORLD,The Bee Gees,Atco,2,39,
1972,6,40,60,EVERYTHING I OWN,Bread,Elektra,2,40,
1972,6,43,35,ONCE YOU UNDERSTAND,Think (Featuring Lou Stallman),Laurie,10,23,
1972,6,41,42,DAISY MAE,"Hamilton, Joe Frank and Reynolds",Dunhill,10,41,
1972,6,42,82,THE WAY OF LOVE,Cher,Kapp,2,42,
1972,6,44,71,"I CAN’T HELP MYSELF (Sugar Pie, Honey Bunch)",Donnie Elbert,Avco,2,44,
1972,6,45,57,JUNGLE FEVER,The Chakachas,Polydor,4,45,
1972,6,46,50,"YOU WANT IT, YOU GOT IT",The Detroit Emeralds,Westbound,5,46,
1972,6,47,47,DO THE FUNKY PENGUIN (Part 1),Rufus Thomas,Stax,7,47,
1972,6,48,49,TUPELO HONEY,Van Morrison,Warner Brothers,6,48,
1972,6,49,61,SOFTLY WHISPERING I LOVE YOU,The English Congregation,Atco,3,49,
1972,6,50,51,THE HARDER I TRY (The Bluer I Get),The Free Movement,Columbia,9,50,
1972,7,1,2,LET’S STAY TOGETHER,Al Green,Hi,11,1,1 week at #1
1972,7,2,1,AMERICAN PIE (Parts 1 and 2),Don McLean,United Artists,12,1,
1972,7,3,5,WITHOUT YOU,Nilsson,RCA,9,3,
1972,7,4,8,PRECIOUS AND FEW,Climax,Carousel / Rocky Road,7,4,
1972,7,5,6,NEVER BEEN TO SPAIN,Three Dog Night,Dunhill,8,5,
1972,7,6,9,HURTING EACH OTHER,The Carpenters,A&M,5,6,
1972,7,7,12,DOWN BY THE LAZY RIVER,The Osmonds,MGM,4,7,
1972,7,8,10,JOY,Apollo 100,Mega,7,8,
1972,7,9,3,BRAND NEW KEY,Melanie,Neighborhood,16,1,
1972,7,10,4,DAY AFTER DAY,Badfinger,Apple,11,4,
1972,7,11,11,CLEAN UP WOMAN,Betty Wright,Alston,12,6,
1972,7,12,7,SUNSHINE,Jonathan Edwards,Capricorn,14,4,
1972,7,13,14,ANTICIPATION,Carly Simon,Elektra,10,13,
1972,7,14,20,THE LION SLEEPS TONIGHT (Wimoweh),Robert John,Atlantic,7,14,
1972,7,15,23,BLACK DOG,Led Zeppelin,Atlantic,8,15,
1972,7,16,35,SWEET SEASONS,Carole King,Ode,3,16,
1972,7,17,19,STAY WITH ME,The Faces,Warner Brothers,7,17,
1972,7,18,13,SCORPIO,Dennis Coffey and the Detroit Guitar Band,Sussex,16,6,
1972,7,19,17,DROWNING IN THE SEA OF LOVE,Joe Simon,Spring,12,11,
1972,7,20,15,YOU ARE EVERYTHING,The Stylistics,Avco,15,9,
1972,7,21,21,KISS AN ANGEL GOOD MORNIN’,Charley Pride,RCA,13,21,
1972,7,22,22,THE WITCH QUEEN OF NEW ORLEANS,Redbone,Epic,13,22,
1972,7,23,29,DON’T SAY YOU DON’T REMEMBER,Beverly Bremers,Scepter,9,23,
1972,7,24,25,FIRE AND WATER,Wilson Pickett,Atlantic,8,24,
1972,7,25,31,BANG A GONG (Get It On),T. Rex,Reprise,7,25,
1972,7,26,39,MY WORLD,The Bee Gees,Atco,3,26,
1972,7,27,28,THAT’S THE WAY I FEEL ABOUT ‘CHA,Bobby Womack and Peace,United Artists,10,27,
1972,7,28,40,EVERYTHING I OWN,Bread,Elektra,3,28,
1972,7,29,42,THE WAY OF LOVE,Cher,Kapp,3,29,
1972,7,30,33,FLOY JOY,The Supremes,Motown,6,30,
1972,7,31,18,I’D LIKE TO TEACH THE WORLD TO SING (In Perfect Harmony),The New Seekers,Elektra,11,7,
1972,7,32,16,SUGAR DADDY,Jackson 5,Motown,10,10,
1972,7,33,34,FEELING ALRIGHT,Joe Cocker,A&M,12,33,
1972,7,34,36,FOOTSTOMPIN’ MUSIC,Grand Funk Railroad,Capitol,6,34,
1972,7,35,38,AIN’T UNDERSTANDING MELLOW,Jerry Butler and Brenda Lee Eager,Mercury,10,35,
1972,7,36,26,I’D LIKE TO TEACH THE WORLD TO SING (In Perfect Harmony),The Hillside Singers,Metromedia,12,13,
1972,7,37,37,TOGETHER LET’S FIND LOVE,The 5th Dimension,Bell,7,37,
1972,7,38,24,LEVON,Elton John,Uni,9,24,
1972,7,39,62,HEART OF GOLD,Neil Young,Reprise,2,39,
1972,7,40,44,"I CAN’T HELP MYSELF (Sugar Pie, Honey Bunch)",Donnie Elbert,Avco,3,40,
1972,7,42,27,MAKE ME THE WOMAN THAT YOU GO HOME TO,Gladys Knight and the Pips,Soul,9,27,
1972,7,41,49,SOFTLY WHISPERING I LOVE YOU,The English Congregation,Atco,4,41,
1972,7,43,46,"YOU WANT IT, YOU GOT IT",The Detroit Emeralds,Westbound,6,43,
1972,7,44,45,JUNGLE FEVER,The Chakachas,Polydor,5,44,
1972,7,45,47,DO THE FUNKY PENGUIN (Part 1),Rufus Thomas,Stax,8,45,
1972,7,46,51,THE NICKEL SONG,Melanie,Buddah,4,46,
1972,7,47,48,TUPELO HONEY,Van Morrison,Warner Brothers,7,47,
1972,7,48,53,WE’VE GOT TO GET IT ON AGAIN,The Addrisi Brothers,Columbia,4,48,
1972,7,49,68,I GOTCHA,Joe Tex,Dial,4,49,
1972,7,50,66,RING THE LIVING BELL,Melanie,Neighborhood,3,50,
1972,8,1,3,WITHOUT YOU,Nilsson,RCA,10,1,1 week at #1
1972,8,2,1,LET’S STAY TOGETHER,Al Green,Hi,12,1,
1972,8,3,6,HURTING EACH OTHER,The Carpenters,A&M,6,3,
1972,8,4,4,PRECIOUS AND FEW,Climax,Carousel / Rocky Road,8,4,
1972,8,5,5,NEVER BEEN TO SPAIN,Three Dog Night,Dunhill,9,5,
1972,8,6,7,DOWN BY THE LAZY RIVER,The Osmonds,MGM,5,6,
1972,8,7,2,AMERICAN PIE (Parts 1 and 2),Don McLean,United Artists,13,1,
1972,8,8,8,JOY,Apollo 100,Mega,8,8,
1972,8,9,14,THE LION SLEEPS TONIGHT (Wimoweh),Robert John,Atlantic,8,9,
1972,8,10,28,EVERYTHING I OWN,Bread,Elektra,4,10,
1972,8,11,16,SWEET SEASONS,Carole King,Ode,4,11,
1972,8,12,10,DAY AFTER DAY,Badfinger,Apple,12,4,
1972,8,13,13,ANTICIPATION,Carly Simon,Elektra,11,13,
1972,8,14,9,BRAND NEW KEY,Melanie,Neighborhood,17,1,
1972,8,15,15,BLACK DOG,Led Zeppelin,Atlantic,9,15,
1972,8,16,23,DON’T SAY YOU DON’T REMEMBER,Beverly Bremers,Scepter,10,16,
1972,8,17,17,STAY WITH ME,The Faces,Warner Brothers,8,17,
1972,8,18,25,BANG A GONG (Get It On),T. Rex,Reprise,8,18,
1972,8,19,11,CLEAN UP WOMAN,Betty Wright,Alston,13,6,
1972,8,20,12,SUNSHINE,Jonathan Edwards,Capricorn,15,4,
1972,8,21,22,THE WITCH QUEEN OF NEW ORLEANS,Redbone,Epic,14,21,
1972,8,22,29,THE WAY OF LOVE,Cher,Kapp,4,22,
1972,8,23,26,MY WORLD,The Bee Gees,Atco,4,23,
1972,8,24,24,FIRE AND WATER,Wilson Pickett,Atlantic,9,24,
1972,8,25,30,FLOY JOY,The Supremes,Motown,7,25,
1972,8,26,19,DROWNING IN THE SEA OF LOVE,Joe Simon,Spring,13,11,
1972,8,27,39,HEART OF GOLD,Neil Young,Reprise,3,27,
1972,8,28,18,SCORPIO,Dennis Coffey and the Detroit Guitar Band,Sussex,17,6,
1972,8,29,20,YOU ARE EVERYTHING,The Stylistics,Avco,16,9,
1972,8,30,21,KISS AN ANGEL GOOD MORNIN’,Charley Pride,RCA,14,21,
1972,8,31,34,FOOTSTOMPIN’ MUSIC,Grand Funk Railroad,Capitol,7,31,
1972,8,32,35,AIN’T UNDERSTANDING MELLOW,Jerry Butler and Brenda Lee Eager,Mercury,11,32,
1972,8,33,33,FEELING ALRIGHT,Joe Cocker,A&M,13,33,
1972,8,34,40,"I CAN’T HELP MYSELF (Sugar Pie, Honey Bunch)",Donnie Elbert,Avco,4,34,
1972,8,35,44,JUNGLE FEVER,The Chakachas,Polydor,6,35,
1972,8,36,27,THAT’S THE WAY I FEEL ABOUT ‘CHA,Bobby Womack and Peace,United Artists,11,27,
1972,8,37,41,SOFTLY WHISPERING I LOVE YOU,The English Congregation,Atco,5,37,
1972,8,38,51,MOTHER AND CHILD REUNION,Paul Simon,Columbia,3,38,
1972,8,39,50,RING THE LIVING BELL,Melanie,Neighborhood,4,39,
1972,8,40,43,"YOU WANT IT, YOU GOT IT",The Detroit Emeralds,Westbound,7,40,
1972,8,42,38,LEVON,Elton John,Uni,10,24,
1972,8,54,37,TOGETHER LET’S FIND LOVE,The 5th Dimension,Bell,8,37,
1972,8,41,48,WE’VE GOT TO GET IT ON AGAIN,The Addrisi Brothers,Columbia,5,41,
1972,8,43,46,THE NICKEL SONG,Melanie,Buddah,5,43,
1972,8,44,45,DO THE FUNKY PENGUIN (Part 1),Rufus Thomas,Stax,9,44,
1972,8,45,52,RUNNIN’ AWAY,Sly and the Family Stone,Epic,3,45,
1972,8,46,49,I GOTCHA,Joe Tex,Dial,5,46,
1972,8,47,61,TALKING LOUD AND SAYING NOTHING (Part 1),James Brown,Polydor,2,47,
1972,8,48,42,MAKE ME THE WOMAN THAT YOU GO HOME TO,Gladys Knight and the Pips,Soul,10,27,
1972,8,49,71,ROCK AND ROLL LULLABY,B.J. Thomas,Scepter,2,49,
1972,8,50,56,UNTIL IT’S TIME FOR YOU TO GO,Elvis Presley,RCA,4,50,
1972,9,1,1,WITHOUT YOU,Nilsson,RCA,11,1,2 weeks at #1
1972,9,2,3,HURTING EACH OTHER,The Carpenters,A&M,7,2,
1972,9,3,4,PRECIOUS AND FEW,Climax,Carousel / Rocky Road,9,3,
1972,9,4,2,LET’S STAY TOGETHER,Al Green,Hi,13,1,
1972,9,5,6,DOWN BY THE LAZY RIVER,The Osmonds,MGM,6,5,
1972,9,6,8,JOY,Apollo 100,Mega,9,6,
1972,9,7,9,THE LION SLEEPS TONIGHT (Wimoweh),Robert John,Atlantic,9,7,
1972,9,8,10,EVERYTHING I OWN,Bread,Elektra,5,8,
1972,9,9,7,AMERICAN PIE (Parts 1 and 2),Don McLean,United Artists,14,1,
1972,9,10,11,SWEET SEASONS,Carole King,Ode,5,10,
1972,9,11,5,NEVER BEEN TO SPAIN,Three Dog Night,Dunhill,10,5,
1972,9,12,22,THE WAY OF LOVE,Cher,Kapp,5,12,
1972,9,13,27,HEART OF GOLD,Neil Young,Reprise,4,13,
1972,9,14,18,BANG A GONG (Get It On),T. Rex,Reprise,9,14,
1972,9,15,16,DON’T SAY YOU DON’T REMEMBER,Beverly Bremers,Scepter,11,15,
1972,9,16,23,MY WORLD,The Bee Gees,Atco,5,16,
1972,9,17,12,DAY AFTER DAY,Badfinger,Apple,13,4,
1972,9,18,25,FLOY JOY,The Supremes,Motown,8,18,
1972,9,19,13,ANTICIPATION,Carly Simon,Elektra,12,13,
1972,9,20,17,STAY WITH ME,The Faces,Warner Brothers,9,17,
1972,9,21,15,BLACK DOG,Led Zeppelin,Atlantic,10,15,
1972,9,22,35,JUNGLE FEVER,The Chakachas,Polydor,7,22,
1972,9,23,34,"I CAN’T HELP MYSELF (Sugar Pie, Honey Bunch)",Donnie Elbert,Avco,5,23,
1972,9,24,14,BRAND NEW KEY,Melanie,Neighborhood,18,1,
1972,9,25,32,AIN’T UNDERSTANDING MELLOW,Jerry Butler and Brenda Lee Eager,Mercury,12,25,
1972,9,26,19,CLEAN UP WOMAN,Betty Wright,Alston,14,6,
1972,9,27,38,MOTHER AND CHILD REUNION,Paul Simon,Columbia,4,27,
1972,9,28,24,FIRE AND WATER,Wilson Pickett,Atlantic,10,24,
1972,9,29,31,FOOTSTOMPIN’ MUSIC,Grand Funk Railroad,Capitol,8,29,
1972,9,30,37,SOFTLY WHISPERING I LOVE YOU,The English Congregation,Atco,6,30,
1972,9,31,46,I GOTCHA,Joe Tex,Dial,6,31,
1972,9,32,49,ROCK AND ROLL LULLABY,B.J. Thomas,Scepter,3,32,
1972,9,33,41,WE’VE GOT TO GET IT ON AGAIN,The Addrisi Brothers,Columbia,6,33,
1972,9,34,39,RING THE LIVING BELL,Melanie,Neighborhood,5,34,
1972,9,35,45,RUNNIN’ AWAY,Sly and the Family Stone,Epic,4,35,
1972,9,36,43,THE NICKEL SONG,Melanie,Buddah,6,36,
1972,9,37,33,FEELING ALRIGHT,Joe Cocker,A&M,14,33,
1972,9,38,47,TALKING LOUD AND SAYING NOTHING (Part 1),James Brown,Polydor,3,38,
1972,9,39,40,"YOU WANT IT, YOU GOT IT",The Detroit Emeralds,Westbound,8,39,
1972,9,40,30,KISS AN ANGEL GOOD MORNIN’,Charley Pride,RCA,15,21,
1972,9,41,20,SUNSHINE,Jonathan Edwards,Capricorn,16,4,
1972,9,42,36,THAT’S THE WAY I FEEL ABOUT ‘CHA,Bobby Womack and Peace,United Artists,12,27,
1972,9,43,21,THE WITCH QUEEN OF NEW ORLEANS,Redbone,Epic,15,21,
1972,9,44,50,UNTIL IT’S TIME FOR YOU TO GO,Elvis Presley,RCA,5,44,
1972,9,45,55,NO ONE TO DEPEND ON,Santana,Columbia,3,45,
1972,9,46,56,HANDBAGS AND GLADRAGS,Rod Stewart,Mercury,3,46,
1972,9,48,62,ROUNDABOUT,Yes,Atlantic,3,48,
1972,9,49,57,CRAZY MAMA,J.J. Cale,Shelter,5,49,
1972,9,50,59,"LOVE ME, LOVE ME LOVE",Frank Mills,Sunflower,5,50,
1972,10,1,1,WITHOUT YOU,Nilsson,RCA,12,1,3 weeks at #1
1972,10,2,2,HURTING EACH OTHER,The Carpenters,A&M,8,2,
1972,10,3,3,PRECIOUS AND FEW,Climax,Carousel / Rocky Road,10,3,
1972,10,4,5,DOWN BY THE LAZY RIVER,The Osmonds,MGM,7,4,
1972,10,5,8,EVERYTHING I OWN,Bread,Elektra,6,5,
1972,10,6,7,THE LION SLEEPS TONIGHT (Wimoweh),Robert John,Atlantic,10,6,
1972,10,7,13,HEART OF GOLD,Neil Young,Reprise,5,7,
1972,10,8,4,LET’S STAY TOGETHER,Al Green,Hi,14,1,
1972,10,9,10,SWEET SEASONS,Carole King,Ode,6,9,
1972,10,10,14,BANG A GONG (Get It On),T. Rex,Reprise,10,10,
1972,10,11,12,THE WAY OF LOVE,Cher,Kapp,6,11,
1972,10,12,9,AMERICAN PIE (Parts 1 and 2),Don McLean,United Artists,15,1,
1972,10,13,6,JOY,Apollo 100,Mega,10,6,
1972,10,14,27,MOTHER AND CHILD REUNION,Paul Simon,Columbia,5,14,
1972,10,15,15,DON’T SAY YOU DON’T REMEMBER,Beverly Bremers,Scepter,12,15,
1972,10,16,16,MY WORLD,The Bee Gees,Atco,6,16,
1972,10,17,18,FLOY JOY,The Supremes,Motown,9,17,
1972,10,18,11,NEVER BEEN TO SPAIN,Three Dog Night,Dunhill,11,5,
1972,10,19,22,JUNGLE FEVER,The Chakachas,Polydor,8,19,
1972,10,20,47,A HORSE WITH NO NAME,America,Warner Brothers,3,20,
1972,10,21,31,I GOTCHA,Joe Tex,Dial,7,21,
1972,10,22,23,"I CAN’T HELP MYSELF (Sugar Pie, Honey Bunch)",Donnie Elbert,Avco,6,22,
1972,10,23,32,ROCK AND ROLL LULLABY,B.J. Thomas,Scepter,4,23,
1972,10,24,19,ANTICIPATION,Carly Simon,Elektra,13,13,
1972,10,25,25,AIN’T UNDERSTANDING MELLOW,Jerry Butler and Brenda Lee Eager,Mercury,13,25,
1972,10,26,17,DAY AFTER DAY,Badfinger,Apple,14,4,
1972,10,27,35,RUNNIN’ AWAY,Sly and the Family Stone,Epic,5,27,
1972,10,28,21,BLACK DOG,Led Zeppelin,Atlantic,11,15,
1972,10,29,30,SOFTLY WHISPERING I LOVE YOU,The English Congregation,Atco,7,29,
1972,10,30,38,TALKING LOUD AND SAYING NOTHING (Part 1),James Brown,Polydor,4,30,
1972,10,31,33,WE’VE GOT TO GET IT ON AGAIN,The Addrisi Brothers,Columbia,7,31,
1972,10,32,28,FIRE AND WATER,Wilson Pickett,Atlantic,11,24,
1972,10,33,34,RING THE LIVING BELL,Melanie,Neighborhood,6,33,
1972,10,34,20,STAY WITH ME,The Faces,Warner Brothers,10,17,
1972,10,35,29,FOOTSTOMPIN’ MUSIC,Grand Funk Railroad,Capitol,9,29,
1972,10,36,36,THE NICKEL SONG,Melanie,Buddah,7,36,
1972,10,37,39,"YOU WANT IT, YOU GOT IT",The Detroit Emeralds,Westbound,9,37,
1972,10,38,60,PUPPY LOVE,Donny Osmond,MGM,2,38,
1972,10,39,48,ROUNDABOUT,Yes,Atlantic,4,39,
1972,10,40,64,IN THE RAIN,The Dramatics,Volt,2,40,
1972,10,49,40,KISS AN ANGEL GOOD MORNIN’,Charley Pride,RCA,16,21,
1972,10,54,37,FEELING ALRIGHT,Joe Cocker,A&M,15,33,
1972,10,41,45,NO ONE TO DEPEND ON,Santana,Columbia,4,41,
1972,10,42,49,CRAZY MAMA,J.J. Cale,Shelter,6,42,
1972,10,43,44,UNTIL IT’S TIME FOR YOU TO GO,Elvis Presley,RCA,6,43,
1972,10,44,46,HANDBAGS AND GLADRAGS,Rod Stewart,Mercury,4,44,
1972,10,45,59,GLORY BOUND,The Grass Roots,Dunhill,4,45,
1972,10,46,52,COULD IT BE FOREVER,David Cassidy,Bell,3,46,
1972,10,47,50,"LOVE ME, LOVE ME LOVE",Frank Mills,Sunflower,6,47,
1972,10,48,43,THE WITCH QUEEN OF NEW ORLEANS,Redbone,Epic,16,21,
1972,10,50,51,NOW RUN AND TELL THAT,Denise LaSalle,Westbound,5,50,
1972,11,1,1,WITHOUT YOU,Nilsson,RCA,13,1,4 weeks at #1
1972,11,2,7,HEART OF GOLD,Neil Young,Reprise,6,2,
1972,11,3,6,THE LION SLEEPS TONIGHT (Wimoweh),Robert John,Atlantic,11,3,
1972,11,4,4,DOWN BY THE LAZY RIVER,The Osmonds,MGM,8,4,
1972,11,5,5,EVERYTHING I OWN,Bread,Elektra,7,5,
1972,11,6,3,PRECIOUS AND FEW,Climax,Carousel / Rocky Road,11,3,
1972,11,7,20,A HORSE WITH NO NAME,America,Warner Brothers,4,7,
1972,11,8,2,HURTING EACH OTHER,The Carpenters,A&M,9,2,
1972,11,9,11,THE WAY OF LOVE,Cher,Kapp,7,9,
1972,11,10,10,BANG A GONG (Get It On),T. Rex,Reprise,11,10,
1972,11,11,38,PUPPY LOVE,Donny Osmond,MGM,3,11,
1972,11,12,14,MOTHER AND CHILD REUNION,Paul Simon,Columbia,6,12,
1972,11,13,9,SWEET SEASONS,Carole King,Ode,7,9,
1972,11,14,13,JOY,Apollo 100,Mega,11,6,
1972,11,15,19,JUNGLE FEVER,The Chakachas,Polydor,9,15,
1972,11,16,17,FLOY JOY,The Supremes,Motown,10,16,
1972,11,17,15,DON’T SAY YOU DON’T REMEMBER,Beverly Bremers,Scepter,13,15,
1972,11,18,21,I GOTCHA,Joe Tex,Dial,8,18,
1972,11,19,12,AMERICAN PIE (Parts 1 and 2),Don McLean,United Artists,16,1,
1972,11,20,8,LET’S STAY TOGETHER,Al Green,Hi,15,1,
1972,11,21,23,ROCK AND ROLL LULLABY,B.J. Thomas,Scepter,5,21,
1972,11,22,22,"I CAN’T HELP MYSELF (Sugar Pie, Honey Bunch)",Donnie Elbert,Avco,7,22,
1972,11,23,16,MY WORLD,The Bee Gees,Atco,7,16,
1972,11,24,25,AIN’T UNDERSTANDING MELLOW,Jerry Butler and Brenda Lee Eager,Mercury,14,24,
1972,11,25,27,RUNNIN’ AWAY,Sly and the Family Stone,Epic,6,25,
1972,11,26,18,NEVER BEEN TO SPAIN,Three Dog Night,Dunhill,12,5,
1972,11,27,40,IN THE RAIN,The Dramatics,Volt,3,27,
1972,11,28,31,WE’VE GOT TO GET IT ON AGAIN,The Addrisi Brothers,Columbia,8,28,
1972,11,29,29,SOFTLY WHISPERING I LOVE YOU,The English Congregation,Atco,8,29,
1972,11,30,30,TALKING LOUD AND SAYING NOTHING (Part 1),James Brown,Polydor,5,30,
1972,11,31,33,RING THE LIVING BELL,Melanie,Neighborhood,7,31,
1972,11,32,39,ROUNDABOUT,Yes,Atlantic,5,32,
1972,11,33,59,A COWBOY’S WORK IS NEVER DONE,Sonny and Cher,Kapp,3,33,
1972,11,34,60,"BETCHA BY GOLLY, WOW","The Stylistics Featuring Russell Thompkins, Jr.",Avco,3,34,
1972,11,35,36,THE NICKEL SONG,Melanie,Buddah,8,35,
1972,11,36,37,"YOU WANT IT, YOU GOT IT",The Detroit Emeralds,Westbound,10,36,
1972,11,37,41,NO ONE TO DEPEND ON,Santana,Columbia,5,37,
1972,11,38,42,CRAZY MAMA,J.J. Cale,Shelter,7,38,
1972,11,39,52,TAURUS,Dennis Coffey and the Detroit Guitar Band,Sussex,4,39,
1972,11,40,43,UNTIL IT’S TIME FOR YOU TO GO,Elvis Presley,RCA,7,40,
1972,11,44,35,FOOTSTOMPIN’ MUSIC,Grand Funk Railroad,Capitol,10,29,
1972,11,53,28,BLACK DOG,Led Zeppelin,Atlantic,12,15,
1972,11,41,46,COULD IT BE FOREVER,David Cassidy,Bell,4,41,
1972,11,42,44,HANDBAGS AND GLADRAGS,Rod Stewart,Mercury,5,42,
1972,11,43,45,GLORY BOUND,The Grass Roots,Dunhill,5,43,
1972,11,45,55,EVERY DAY OF MY LIFE,Bobby Vinton,Epic,7,45,
1972,11,46,47,"LOVE ME, LOVE ME LOVE",Frank Mills,Sunflower,7,46,
1972,11,47,61,THE DAY I FOUND MYSELF,The Honey Cone,Hot Wax,4,47,
1972,11,48,50,NOW RUN AND TELL THAT,Denise LaSalle,Westbound,6,48,
1972,11,49,53,DO YOUR THING,Isaac Hayes,Enterprise,3,49,
1972,11,50,62,TAKE A LOOK AROUND,The Temptations,Gordy,2,50,
1972,12,1,2,HEART OF GOLD,Neil Young,Reprise,7,1,1 week at #1
1972,12,2,7,A HORSE WITH NO NAME,America,Warner Brothers,5,2,
1972,12,3,3,THE LION SLEEPS TONIGHT (Wimoweh),Robert John,Atlantic,12,3,
1972,12,4,1,WITHOUT YOU,Nilsson,RCA,14,1,
1972,12,5,5,EVERYTHING I OWN,Bread,Elektra,8,5,
1972,12,6,12,MOTHER AND CHILD REUNION,Paul Simon,Columbia,7,6,
1972,12,7,6,PRECIOUS AND FEW,Climax,Carousel / Rocky Road,12,3,
1972,12,8,9,THE WAY OF LOVE,Cher,Kapp,8,8,
1972,12,9,11,PUPPY LOVE,Donny Osmond,MGM,4,9,
1972,12,10,4,DOWN BY THE LAZY RIVER,The Osmonds,MGM,9,4,
1972,12,11,15,JUNGLE FEVER,The Chakachas,Polydor,10,11,
1972,12,12,8,HURTING EACH OTHER,The Carpenters,A&M,10,2,
1972,12,13,10,BANG A GONG (Get It On),T. Rex,Reprise,12,10,
1972,12,14,18,I GOTCHA,Joe Tex,Dial,9,14,
1972,12,15,14,JOY,Apollo 100,Mega,12,6,
1972,12,16,13,SWEET SEASONS,Carole King,Ode,8,9,
1972,12,17,27,IN THE RAIN,The Dramatics,Volt,4,17,
1972,12,18,21,ROCK AND ROLL LULLABY,B.J. Thomas,Scepter,6,18,
1972,12,19,17,DON’T SAY YOU DON’T REMEMBER,Beverly Bremers,Scepter,14,15,
1972,12,20,19,AMERICAN PIE (Parts 1 and 2),Don McLean,United Artists,17,1,
1972,12,21,24,AIN’T UNDERSTANDING MELLOW,Jerry Butler and Brenda Lee Eager,Mercury,15,21,
1972,12,22,20,LET’S STAY TOGETHER,Al Green,Hi,16,1,
1972,12,23,33,A COWBOY’S WORK IS NEVER DONE,Sonny and Cher,Kapp,4,23,
1972,12,24,16,FLOY JOY,The Supremes,Motown,11,16,
1972,12,25,25,RUNNIN’ AWAY,Sly and the Family Stone,Epic,7,25,
1972,12,26,28,WE’VE GOT TO GET IT ON AGAIN,The Addrisi Brothers,Columbia,9,26,
1972,12,27,30,TALKING LOUD AND SAYING NOTHING (Part 1),James Brown,Polydor,6,27,
1972,12,28,32,ROUNDABOUT,Yes,Atlantic,6,28,
1972,12,29,38,CRAZY MAMA,J.J. Cale,Shelter,8,29,
1972,12,30,34,"BETCHA BY GOLLY, WOW","The Stylistics Featuring Russell Thompkins, Jr.",Avco,4,30,
1972,12,31,31,RING THE LIVING BELL,Melanie,Neighborhood,8,31,
1972,12,32,23,MY WORLD,The Bee Gees,Atco,8,16,
1972,12,33,68,ROCKIN’ ROBIN,Michael Jackson,Motown,2,33,
1972,12,34,29,SOFTLY WHISPERING I LOVE YOU,The English Congregation,Atco,9,29,
1972,12,35,43,GLORY BOUND,The Grass Roots,Dunhill,6,35,
1972,12,36,39,TAURUS,Dennis Coffey and the Detroit Guitar Band,Sussex,5,36,
1972,12,37,37,NO ONE TO DEPEND ON,Santana,Columbia,6,37,
1972,12,38,22,"I CAN’T HELP MYSELF (Sugar Pie, Honey Bunch)",Donnie Elbert,Avco,8,22,
1972,12,39,45,EVERY DAY OF MY LIFE,Bobby Vinton,Epic,8,39,
1972,12,40,50,TAKE A LOOK AROUND,The Temptations,Gordy,3,40,
1972,12,44,36,"YOU WANT IT, YOU GOT IT",The Detroit Emeralds,Westbound,11,36,
1972,12,54,35,THE NICKEL SONG,Melanie,Buddah,9,35,
1972,12,41,41,COULD IT BE FOREVER,David Cassidy,Bell,5,41,
1972,12,42,55,THE FIRST TIME EVER I SAW YOUR FACE,Roberta Flack,Atlantic,3,42,
1972,12,43,49,DO YOUR THING,Isaac Hayes,Enterprise,4,43,
1972,12,45,47,THE DAY I FOUND MYSELF,The Honey Cone,Hot Wax,5,45,
1972,12,46,42,HANDBAGS AND GLADRAGS,Rod Stewart,Mercury,6,42,
1972,12,47,48,NOW RUN AND TELL THAT,Denise LaSalle,Westbound,7,47,
1972,12,48,51,KING HEROIN,James Brown,Polydor,3,48,
1972,12,49,40,UNTIL IT’S TIME FOR YOU TO GO,Elvis Presley,RCA,8,40,
1972,12,50,54,SLIPPIN’ INTO DARKNESS,War,United Artists,9,50,
1972,13,1,2,A HORSE WITH NO NAME,America,Warner Brothers,6,1,1 week at #1
1972,13,2,1,HEART OF GOLD,Neil Young,Reprise,8,1,
1972,13,3,3,THE LION SLEEPS TONIGHT (Wimoweh),Robert John,Atlantic,13,3,
1972,13,4,9,PUPPY LOVE,Donny Osmond,MGM,5,4,
1972,13,5,6,MOTHER AND CHILD REUNION,Paul Simon,Columbia,8,5,
1972,13,6,4,WITHOUT YOU,Nilsson,RCA,15,1,
1972,13,7,8,THE WAY OF LOVE,Cher,Kapp,9,7,
1972,13,8,11,JUNGLE FEVER,The Chakachas,Polydor,11,8,
1972,13,9,5,EVERYTHING I OWN,Bread,Elektra,9,5,
1972,13,10,14,I GOTCHA,Joe Tex,Dial,10,10,
1972,13,11,10,DOWN BY THE LAZY RIVER,The Osmonds,MGM,10,4,
1972,13,12,7,PRECIOUS AND FEW,Climax,Carousel / Rocky Road,13,3,
1972,13,13,17,IN THE RAIN,The Dramatics,Volt,5,13,
1972,13,14,33,ROCKIN’ ROBIN,Michael Jackson,Motown,3,14,
1972,13,15,13,BANG A GONG (Get It On),T. Rex,Reprise,13,10,
1972,13,16,18,ROCK AND ROLL LULLABY,B.J. Thomas,Scepter,7,16,
1972,13,17,42,THE FIRST TIME EVER I SAW YOUR FACE,Roberta Flack,Atlantic,4,17,
1972,13,18,30,"BETCHA BY GOLLY, WOW","The Stylistics Featuring Russell Thompkins, Jr.",Avco,5,18,
1972,13,19,23,A COWBOY’S WORK IS NEVER DONE,Sonny and Cher,Kapp,5,19,
1972,13,20,28,ROUNDABOUT,Yes,Atlantic,7,20,
1972,13,21,21,AIN’T UNDERSTANDING MELLOW,Jerry Butler and Brenda Lee Eager,Mercury,16,21,
1972,13,22,20,AMERICAN PIE (Parts 1 and 2),Don McLean,United Artists,18,1,
1972,13,23,25,RUNNIN’ AWAY,Sly and the Family Stone,Epic,8,23,
1972,13,24,12,HURTING EACH OTHER,The Carpenters,A&M,11,2,
1972,13,25,26,WE’VE GOT TO GET IT ON AGAIN,The Addrisi Brothers,Columbia,10,25,
1972,13,26,29,CRAZY MAMA,J.J. Cale,Shelter,9,26,
1972,13,27,15,JOY,Apollo 100,Mega,13,6,
1972,13,28,24,FLOY JOY,The Supremes,Motown,12,16,
1972,13,29,16,SWEET SEASONS,Carole King,Ode,9,9,
1972,13,30,19,DON’T SAY YOU DON’T REMEMBER,Beverly Bremers,Scepter,15,15,
1972,13,31,36,TAURUS,Dennis Coffey and the Detroit Guitar Band,Sussex,6,31,
1972,13,32,58,DAY DREAMING,Aretha Franklin,Atlantic,2,32,
1972,13,33,40,TAKE A LOOK AROUND,The Temptations,Gordy,4,33,
1972,13,34,35,GLORY BOUND,The Grass Roots,Dunhill,7,34,
1972,13,35,39,EVERY DAY OF MY LIFE,Bobby Vinton,Epic,9,35,
1972,13,36,37,NO ONE TO DEPEND ON,Santana,Columbia,7,36,
1972,13,37,63,GIVE IRELAND BACK TO THE IRISH,Wings,Apple,3,37,
1972,13,38,45,THE DAY I FOUND MYSELF,The Honey Cone,Hot Wax,6,38,
1972,13,39,41,COULD IT BE FOREVER,David Cassidy,Bell,6,39,
1972,13,40,43,DO YOUR THING,Isaac Hayes,Enterprise,5,40,
1972,13,42,27,TALKING LOUD AND SAYING NOTHING (Part 1),James Brown,Polydor,7,27,
1972,13,43,31,RING THE LIVING BELL,Melanie,Neighborhood,9,31,
1972,13,45,38,"I CAN’T HELP MYSELF (Sugar Pie, Honey Bunch)",Donnie Elbert,Avco,9,22,
1972,13,48,34,SOFTLY WHISPERING I LOVE YOU,The English Congregation,Atco,10,29,
1972,13,41,50,SLIPPIN’ INTO DARKNESS,War,United Artists,10,41,
1972,13,44,48,KING HEROIN,James Brown,Polydor,4,44,
1972,13,46,47,NOW RUN AND TELL THAT,Denise LaSalle,Westbound,8,46,
1972,13,47,53,TINY DANCER,Elton John,Uni,4,47,
1972,13,49,56,SUAVECITO,Malo,Warner Brothers,4,49,
1972,13,50,55,CHANTILLY LACE,Jerry Lee Lewis,Mercury,4,50,
1972,14,1,1,A HORSE WITH NO NAME,America,Warner Brothers,7,1,2 weeks at #1
1972,14,2,2,HEART OF GOLD,Neil Young,Reprise,9,1,
1972,14,3,4,PUPPY LOVE,Donny Osmond,MGM,6,3,
1972,14,4,5,MOTHER AND CHILD REUNION,Paul Simon,Columbia,9,4,
1972,14,5,3,THE LION SLEEPS TONIGHT (Wimoweh),Robert John,Atlantic,14,3,
1972,14,6,10,I GOTCHA,Joe Tex,Dial,11,6,
1972,14,7,6,WITHOUT YOU,Nilsson,RCA,16,1,
1972,14,8,8,JUNGLE FEVER,The Chakachas,Polydor,12,8,
1972,14,9,14,ROCKIN’ ROBIN,Michael Jackson,Motown,4,9,
1972,14,10,17,THE FIRST TIME EVER I SAW YOUR FACE,Roberta Flack,Atlantic,5,10,
1972,14,11,13,IN THE RAIN,The Dramatics,Volt,6,11,
1972,14,12,9,EVERYTHING I OWN,Bread,Elektra,10,5,
1972,14,13,7,THE WAY OF LOVE,Cher,Kapp,10,7,
1972,14,14,18,"BETCHA BY GOLLY, WOW","The Stylistics Featuring Russell Thompkins, Jr.",Avco,6,14,
1972,14,15,16,ROCK AND ROLL LULLABY,B.J. Thomas,Scepter,8,15,
1972,14,16,19,A COWBOY’S WORK IS NEVER DONE,Sonny and Cher,Kapp,6,16,
1972,14,17,20,ROUNDABOUT,Yes,Atlantic,8,17,
1972,14,18,11,DOWN BY THE LAZY RIVER,The Osmonds,MGM,11,4,
1972,14,19,32,DAY DREAMING,Aretha Franklin,Atlantic,3,19,
1972,14,20,12,PRECIOUS AND FEW,Climax,Carousel / Rocky Road,14,3,
1972,14,21,15,BANG A GONG (Get It On),T. Rex,Reprise,14,10,
1972,14,22,37,GIVE IRELAND BACK TO THE IRISH,Wings,Apple,4,22,
1972,14,23,21,AIN’T UNDERSTANDING MELLOW,Jerry Butler and Brenda Lee Eager,Mercury,17,21,
1972,14,24,38,THE DAY I FOUND MYSELF,The Honey Cone,Hot Wax,7,24,
1972,14,25,26,CRAZY MAMA,J.J. Cale,Shelter,10,25,
1972,14,26,31,TAURUS,Dennis Coffey and the Detroit Guitar Band,Sussex,7,26,
1972,14,27,25,WE’VE GOT TO GET IT ON AGAIN,The Addrisi Brothers,Columbia,11,25,
1972,14,28,23,RUNNIN’ AWAY,Sly and the Family Stone,Epic,9,23,
1972,14,29,35,EVERY DAY OF MY LIFE,Bobby Vinton,Epic,10,29,
1972,14,30,33,TAKE A LOOK AROUND,The Temptations,Gordy,5,30,
1972,14,31,40,DO YOUR THING,Isaac Hayes,Enterprise,6,31,
1972,14,32,49,SUAVECITO,Malo,Warner Brothers,5,32,
1972,14,33,24,HURTING EACH OTHER,The Carpenters,A&M,12,2,
1972,14,34,34,GLORY BOUND,The Grass Roots,Dunhill,8,34,
1972,14,35,53,VINCENT / CASTLES IN THE AIR,Don McLean,United Artists,3,35,
1972,14,36,79,THE FAMILY OF MAN,Three Dog Night,Dunhill,2,36,
1972,14,37,39,COULD IT BE FOREVER,David Cassidy,Bell,7,37,
1972,14,38,36,NO ONE TO DEPEND ON,Santana,Columbia,8,36,
1972,14,39,41,SLIPPIN’ INTO DARKNESS,War,United Artists,11,39,
1972,14,40,44,KING HEROIN,James Brown,Polydor,5,40,
1972,14,45,29,SWEET SEASONS,Carole King,Ode,10,9,
1972,14,52,27,JOY,Apollo 100,Mega,14,6,
1972,14,56,22,AMERICAN PIE (Parts 1 and 2),Don McLean,United Artists,19,1,
1972,14,58,30,DON’T SAY YOU DON’T REMEMBER,Beverly Bremers,Scepter,16,15,
1972,14,41,61,DOCTOR MY EYES,Jackson Browne,Asylum,3,41,
1972,14,42,78,BABY BLUE,Badfinger,Apple,2,42,
1972,14,43,47,TINY DANCER,Elton John,Uni,5,43,
1972,14,46,46,NOW RUN AND TELL THAT,Denise LaSalle,Westbound,9,46,
1972,14,47,50,CHANTILLY LACE,Jerry Lee Lewis,Mercury,5,47,
1972,14,48,52,HEARTBROKEN BOPPER,The Guess Who,RCA,5,48,
1972,14,49,54,AFRO-STRUT,The Nite-Liters,RCA,6,49,
1972,14,50,55,SON OF MY FATHER,Giorgio,Dunhill,5,50,
1972,15,1,1,A HORSE WITH NO NAME,America,Warner Brothers,8,1,3 weeks at #1
1972,15,2,2,HEART OF GOLD,Neil Young,Reprise,10,1,
1972,15,3,10,THE FIRST TIME EVER I SAW YOUR FACE,Roberta Flack,Atlantic,6,3,
1972,15,4,6,I GOTCHA,Joe Tex,Dial,12,4,
1972,15,5,9,ROCKIN’ ROBIN,Michael Jackson,Motown,5,5,
1972,15,6,3,PUPPY LOVE,Donny Osmond,MGM,7,3,
1972,15,7,4,MOTHER AND CHILD REUNION,Paul Simon,Columbia,10,4,
1972,15,8,8,JUNGLE FEVER,The Chakachas,Polydor,13,8,
1972,15,9,11,IN THE RAIN,The Dramatics,Volt,7,9,
1972,15,10,5,THE LION SLEEPS TONIGHT (Wimoweh),Robert John,Atlantic,15,3,
1972,15,11,14,"BETCHA BY GOLLY, WOW","The Stylistics Featuring Russell Thompkins, Jr.",Avco,7,11,
1972,15,12,19,DAY DREAMING,Aretha Franklin,Atlantic,4,12,
1972,15,13,16,A COWBOY’S WORK IS NEVER DONE,Sonny and Cher,Kapp,7,13,
1972,15,14,17,ROUNDABOUT,Yes,Atlantic,9,14,
1972,15,15,15,ROCK AND ROLL LULLABY,B.J. Thomas,Scepter,9,15,
1972,15,16,13,THE WAY OF LOVE,Cher,Kapp,11,7,
1972,15,17,7,WITHOUT YOU,Nilsson,RCA,17,1,
1972,15,18,12,EVERYTHING I OWN,Bread,Elektra,11,5,
1972,15,19,26,TAURUS,Dennis Coffey and the Detroit Guitar Band,Sussex,8,19,
1972,15,20,18,DOWN BY THE LAZY RIVER,The Osmonds,MGM,12,4,
1972,15,21,22,GIVE IRELAND BACK TO THE IRISH,Wings,Apple,5,21,
1972,15,22,25,CRAZY MAMA,J.J. Cale,Shelter,11,22,
1972,15,23,24,THE DAY I FOUND MYSELF,The Honey Cone,Hot Wax,8,23,
1972,15,24,41,DOCTOR MY EYES,Jackson Browne,Asylum,4,24,
1972,15,25,35,VINCENT / CASTLES IN THE AIR,Don McLean,United Artists,4,25,
1972,15,26,42,BABY BLUE,Badfinger,Apple,3,26,
1972,15,27,36,THE FAMILY OF MAN,Three Dog Night,Dunhill,3,27,
1972,15,28,29,EVERY DAY OF MY LIFE,Bobby Vinton,Epic,11,28,
1972,15,29,32,SUAVECITO,Malo,Warner Brothers,6,29,
1972,15,30,31,DO YOUR THING,Isaac Hayes,Enterprise,7,30,
1972,15,31,20,PRECIOUS AND FEW,Climax,Carousel / Rocky Road,15,3,
1972,15,32,51,JUMP INTO THE FIRE,Nilsson,RCA,4,32,
1972,15,33,44,LOOK WHAT YOU DONE FOR ME,Al Green,Hi,2,33,
1972,15,34,21,BANG A GONG (Get It On),T. Rex,Reprise,15,10,
1972,15,35,39,SLIPPIN’ INTO DARKNESS,War,United Artists,12,35,
1972,15,36,27,WE’VE GOT TO GET IT ON AGAIN,The Addrisi Brothers,Columbia,12,25,
1972,15,37,23,AIN’T UNDERSTANDING MELLOW,Jerry Butler and Brenda Lee Eager,Mercury,18,21,
1972,15,38,59,HELP ME MAKE IT THROUGH THE NIGHT,Gladys Knight and the Pips,Soul,3,38,
1972,15,39,30,TAKE A LOOK AROUND,The Temptations,Gordy,6,30,
1972,15,40,40,KING HEROIN,James Brown,Polydor,6,40,
1972,15,43,37,COULD IT BE FOREVER,David Cassidy,Bell,8,37,
1972,15,44,34,GLORY BOUND,The Grass Roots,Dunhill,9,34,
1972,15,50,28,RUNNIN’ AWAY,Sly and the Family Stone,Epic,10,23,
1972,15,54,38,NO ONE TO DEPEND ON,Santana,Columbia,9,36,
1972,15,41,43,TINY DANCER,Elton John,Uni,6,41,
1972,15,42,88,BACK OFF BOOGALOO,Ringo Starr,Apple,2,42,
1972,15,45,47,CHANTILLY LACE,Jerry Lee Lewis,Mercury,6,45,
1972,15,46,50,SON OF MY FATHER,Giorgio,Dunhill,6,46,
1972,15,47,48,HEARTBROKEN BOPPER,The Guess Who,RCA,6,47,
1972,15,48,61,RUN RUN RUN,Jo Jo Gunne,Asylum,4,48,
1972,15,49,49,AFRO-STRUT,The Nite-Liters,RCA,7,49,
1972,16,1,3,THE FIRST TIME EVER I SAW YOUR FACE,Roberta Flack,Atlantic,7,1,1 week at #1
1972,16,2,1,A HORSE WITH NO NAME,America,Warner Brothers,9,1,
1972,16,3,4,I GOTCHA,Joe Tex,Dial,13,3,
1972,16,4,5,ROCKIN’ ROBIN,Michael Jackson,Motown,6,4,
1972,16,5,2,HEART OF GOLD,Neil Young,Reprise,11,1,
1972,16,6,9,IN THE RAIN,The Dramatics,Volt,8,6,
1972,16,7,6,PUPPY LOVE,Donny Osmond,MGM,8,3,
1972,16,8,11,"BETCHA BY GOLLY, WOW","The Stylistics Featuring Russell Thompkins, Jr.",Avco,8,8,
1972,16,9,12,DAY DREAMING,Aretha Franklin,Atlantic,5,9,
1972,16,10,13,A COWBOY’S WORK IS NEVER DONE,Sonny and Cher,Kapp,8,10,
1972,16,11,7,MOTHER AND CHILD REUNION,Paul Simon,Columbia,11,4,
1972,16,12,10,THE LION SLEEPS TONIGHT (Wimoweh),Robert John,Atlantic,16,3,
1972,16,13,14,ROUNDABOUT,Yes,Atlantic,10,13,
1972,16,14,8,JUNGLE FEVER,The Chakachas,Polydor,14,8,
1972,16,15,27,THE FAMILY OF MAN,Three Dog Night,Dunhill,4,15,
1972,16,16,24,DOCTOR MY EYES,Jackson Browne,Asylum,5,16,
1972,16,17,33,LOOK WHAT YOU DONE FOR ME,Al Green,Hi,3,17,
1972,16,18,19,TAURUS,Dennis Coffey and the Detroit Guitar Band,Sussex,9,18,
1972,16,19,26,BABY BLUE,Badfinger,Apple,4,19,
1972,16,20,25,VINCENT / CASTLES IN THE AIR,Don McLean,United Artists,5,20,
1972,16,21,21,GIVE IRELAND BACK TO THE IRISH,Wings,Apple,6,21,
1972,16,22,22,CRAZY MAMA,J.J. Cale,Shelter,12,22,
1972,16,23,23,THE DAY I FOUND MYSELF,The Honey Cone,Hot Wax,9,23,
1972,16,24,16,THE WAY OF LOVE,Cher,Kapp,12,7,
1972,16,25,28,EVERY DAY OF MY LIFE,Bobby Vinton,Epic,12,25,
1972,16,26,29,SUAVECITO,Malo,Warner Brothers,7,26,
1972,16,27,17,WITHOUT YOU,Nilsson,RCA,18,1,
1972,16,28,15,ROCK AND ROLL LULLABY,B.J. Thomas,Scepter,10,15,
1972,16,29,18,EVERYTHING I OWN,Bread,Elektra,12,5,
1972,16,30,32,JUMP INTO THE FIRE,Nilsson,RCA,5,30,
1972,16,31,42,BACK OFF BOOGALOO,Ringo Starr,Apple,3,31,
1972,16,32,20,DOWN BY THE LAZY RIVER,The Osmonds,MGM,13,4,
1972,16,33,35,SLIPPIN’ INTO DARKNESS,War,United Artists,13,33,
1972,16,34,30,DO YOUR THING,Isaac Hayes,Enterprise,8,30,
1972,16,35,80,OH GIRL,The Chi-Lites,Brunswick,2,35,
1972,16,36,38,HELP ME MAKE IT THROUGH THE NIGHT,Gladys Knight and the Pips,Soul,4,36,
1972,16,37,63,I’LL TAKE YOU THERE,The Staple Singers,Stax,2,37,
1972,16,38,53,THE CANDY MAN,"Sammy Davis, Jr. with the Mike Curb Congregation",MGM,6,38,
1972,16,39,55,HOT ROD LINCOLN,Commander Cody and His Lost Planet Airmen,Paramount,4,39,
1972,16,40,48,RUN RUN RUN,Jo Jo Gunne,Asylum,5,40,
1972,16,41,39,TAKE A LOOK AROUND,The Temptations,Gordy,7,30,
1972,16,42,40,KING HEROIN,James Brown,Polydor,7,40,
1972,16,43,61,MORNING HAS BROKEN,Cat Stevens,A&M,3,43,
1972,16,44,45,CHANTILLY LACE,Jerry Lee Lewis,Mercury,7,44,
1972,16,45,44,GLORY BOUND,The Grass Roots,Dunhill,10,34,
1972,16,46,41,TINY DANCER,Elton John,Uni,7,41,
1972,16,47,51,ROCK AND ROLL,Led Zeppelin,Atlantic,5,47,
1972,16,48,46,SON OF MY FATHER,Giorgio,Dunhill,7,46,
1972,16,49,90,ME AND JULIO DOWN BY THE SCHOOLYARD,Paul Simon,Columbia,2,49,
1972,16,50,52,TAXI,Harry Chapin,Elektra,6,50,
1972,17,1,1,THE FIRST TIME EVER I SAW YOUR FACE,Roberta Flack,Atlantic,8,1,2 weeks at #1
1972,17,2,4,ROCKIN’ ROBIN,Michael Jackson,Motown,7,2,
1972,17,3,3,I GOTCHA,Joe Tex,Dial,14,3,
1972,17,4,2,A HORSE WITH NO NAME,America,Warner Brothers,10,1,
1972,17,5,6,IN THE RAIN,The Dramatics,Volt,9,5,
1972,17,6,8,"BETCHA BY GOLLY, WOW","The Stylistics Featuring Russell Thompkins, Jr.",Avco,9,6,
1972,17,7,9,DAY DREAMING,Aretha Franklin,Atlantic,6,7,
1972,17,8,5,HEART OF GOLD,Neil Young,Reprise,12,1,
1972,17,9,10,A COWBOY’S WORK IS NEVER DONE,Sonny and Cher,Kapp,9,9,
1972,17,10,16,DOCTOR MY EYES,Jackson Browne,Asylum,6,10,
1972,17,11,7,PUPPY LOVE,Donny Osmond,MGM,9,3,
1972,17,12,17,LOOK WHAT YOU DONE FOR ME,Al Green,Hi,4,12,
1972,17,13,13,ROUNDABOUT,Yes,Atlantic,11,13,
1972,17,14,15,THE FAMILY OF MAN,Three Dog Night,Dunhill,5,14,
1972,17,15,19,BABY BLUE,Badfinger,Apple,5,15,
1972,17,16,20,VINCENT / CASTLES IN THE AIR,Don McLean,United Artists,6,16,
1972,17,17,11,MOTHER AND CHILD REUNION,Paul Simon,Columbia,12,4,
1972,17,18,18,TAURUS,Dennis Coffey and the Detroit Guitar Band,Sussex,10,18,
1972,17,19,31,BACK OFF BOOGALOO,Ringo Starr,Apple,4,19,
1972,17,20,35,OH GIRL,The Chi-Lites,Brunswick,3,20,
1972,17,21,26,SUAVECITO,Malo,Warner Brothers,8,21,
1972,17,22,14,JUNGLE FEVER,The Chakachas,Polydor,15,8,
1972,17,23,37,I’LL TAKE YOU THERE,The Staple Singers,Stax,3,23,
1972,17,24,12,THE LION SLEEPS TONIGHT (Wimoweh),Robert John,Atlantic,17,3,
1972,17,25,25,EVERY DAY OF MY LIFE,Bobby Vinton,Epic,13,25,
1972,17,26,33,SLIPPIN’ INTO DARKNESS,War,United Artists,14,26,
1972,17,27,43,MORNING HAS BROKEN,Cat Stevens,A&M,4,27,
1972,17,28,30,JUMP INTO THE FIRE,Nilsson,RCA,6,28,
1972,17,29,22,CRAZY MAMA,J.J. Cale,Shelter,13,22,
1972,17,30,21,GIVE IRELAND BACK TO THE IRISH,Wings,Apple,7,21,
1972,17,31,39,HOT ROD LINCOLN,Commander Cody and His Lost Planet Airmen,Paramount,5,31,
1972,17,32,28,ROCK AND ROLL LULLABY,B.J. Thomas,Scepter,11,15,
1972,17,33,38,THE CANDY MAN,"Sammy Davis, Jr. with the Mike Curb Congregation",MGM,7,33,
1972,17,34,36,HELP ME MAKE IT THROUGH THE NIGHT,Gladys Knight and the Pips,Soul,5,34,
1972,17,35,23,THE DAY I FOUND MYSELF,The Honey Cone,Hot Wax,10,23,
1972,17,36,49,ME AND JULIO DOWN BY THE SCHOOLYARD,Paul Simon,Columbia,3,36,
1972,17,37,40,RUN RUN RUN,Jo Jo Gunne,Asylum,6,37,
1972,17,38,50,TAXI,Harry Chapin,Elektra,7,38,
1972,17,39,34,DO YOUR THING,Isaac Hayes,Enterprise,9,30,
1972,17,40,53,(Last Night) I DIDN’T GET TO SLEEP AT ALL,The 5th Dimension,Bell,4,40,
1972,17,46,24,THE WAY OF LOVE,Cher,Kapp,13,7,
1972,17,51,27,WITHOUT YOU,Nilsson,RCA,19,1,
1972,17,54,29,EVERYTHING I OWN,Bread,Elektra,13,5,
1972,17,58,32,DOWN BY THE LAZY RIVER,The Osmonds,MGM,14,4,
1972,17,41,64,MISTER CAN’T YOU SEE,Buffy Sainte-Marie,Vanguard,4,41,
1972,17,42,61,NICE TO BE WITH YOU,Gallery,Sussex,9,42,
1972,17,43,51,POOL OF BAD LUCK,Joe Simon,Spring,5,43,
1972,17,44,44,CHANTILLY LACE,Jerry Lee Lewis,Mercury,8,44,
1972,17,45,56,YOU COULD HAVE BEEN A LADY,April Wine,Big Tree,5,45,
1972,17,47,47,ROCK AND ROLL,Led Zeppelin,Atlantic,6,47,
1972,17,48,41,TAKE A LOOK AROUND,The Temptations,Gordy,8,30,
1972,17,49,55,BE MY LOVER,Alice Cooper,Warner Brothers,7,49,
1972,17,50,57,LET’S STAY TOGETHER,Isaac Hayes,Enterprise,4,50,
1972,18,1,1,THE FIRST TIME EVER I SAW YOUR FACE,Roberta Flack,Atlantic,9,1,3 weeks at #1
1972,18,2,2,ROCKIN’ ROBIN,Michael Jackson,Motown,8,2,
1972,18,3,3,I GOTCHA,Joe Tex,Dial,15,3,
1972,18,4,6,"BETCHA BY GOLLY, WOW","The Stylistics Featuring Russell Thompkins, Jr.",Avco,10,4,
1972,18,5,4,A HORSE WITH NO NAME,America,Warner Brothers,11,1,
1972,18,6,7,DAY DREAMING,Aretha Franklin,Atlantic,7,6,
1972,18,7,5,IN THE RAIN,The Dramatics,Volt,10,5,
1972,18,8,9,A COWBOY’S WORK IS NEVER DONE,Sonny and Cher,Kapp,10,8,
1972,18,9,10,DOCTOR MY EYES,Jackson Browne,Asylum,7,9,
1972,18,10,12,LOOK WHAT YOU DONE FOR ME,Al Green,Hi,5,10,
1972,18,11,19,BACK OFF BOOGALOO,Ringo Starr,Apple,5,11,
1972,18,12,14,THE FAMILY OF MAN,Three Dog Night,Dunhill,6,12,
1972,18,13,16,VINCENT / CASTLES IN THE AIR,Don McLean,United Artists,7,13,
1972,18,14,15,BABY BLUE,Badfinger,Apple,6,14,
1972,18,15,11,PUPPY LOVE,Donny Osmond,MGM,10,3,
1972,18,16,20,OH GIRL,The Chi-Lites,Brunswick,4,16,
1972,18,17,8,HEART OF GOLD,Neil Young,Reprise,13,1,
1972,18,18,23,I’LL TAKE YOU THERE,The Staple Singers,Stax,4,18,
1972,18,19,21,SUAVECITO,Malo,Warner Brothers,9,19,
1972,18,20,31,HOT ROD LINCOLN,Commander Cody and His Lost Planet Airmen,Paramount,6,20,
1972,18,21,27,MORNING HAS BROKEN,Cat Stevens,A&M,5,21,
1972,18,22,26,SLIPPIN’ INTO DARKNESS,War,United Artists,15,22,
1972,18,23,18,TAURUS,Dennis Coffey and the Detroit Guitar Band,Sussex,11,18,
1972,18,24,25,EVERY DAY OF MY LIFE,Bobby Vinton,Epic,14,24,
1972,18,25,13,ROUNDABOUT,Yes,Atlantic,12,13,
1972,18,26,17,MOTHER AND CHILD REUNION,Paul Simon,Columbia,13,4,
1972,18,27,28,JUMP INTO THE FIRE,Nilsson,RCA,7,27,
1972,18,28,33,THE CANDY MAN,"Sammy Davis, Jr. with the Mike Curb Congregation",MGM,8,28,
1972,18,29,37,RUN RUN RUN,Jo Jo Gunne,Asylum,7,29,
1972,18,30,36,ME AND JULIO DOWN BY THE SCHOOLYARD,Paul Simon,Columbia,4,30,
1972,18,31,38,TAXI,Harry Chapin,Elektra,8,31,
1972,18,32,62,LITTLE BITTY PRETTY ONE,Jackson 5,Motown,2,32,
1972,18,33,34,HELP ME MAKE IT THROUGH THE NIGHT,Gladys Knight and the Pips,Soul,6,33,
1972,18,34,40,(Last Night) I DIDN’T GET TO SLEEP AT ALL,The 5th Dimension,Bell,5,34,
1972,18,35,30,GIVE IRELAND BACK TO THE IRISH,Wings,Apple,8,21,
1972,18,36,45,YOU COULD HAVE BEEN A LADY,April Wine,Big Tree,6,36,
1972,18,37,42,NICE TO BE WITH YOU,Gallery,Sussex,10,37,
1972,18,38,35,THE DAY I FOUND MYSELF,The Honey Cone,Hot Wax,11,23,
1972,18,39,29,CRAZY MAMA,J.J. Cale,Shelter,14,22,
1972,18,40,41,MISTER CAN’T YOU SEE,Buffy Sainte-Marie,Vanguard,5,40,
1972,18,45,39,DO YOUR THING,Isaac Hayes,Enterprise,10,30,
1972,18,41,52,WALKIN’ IN THE RAIN WITH THE ONE I LOVE,Love Unlimited,Uni,5,41,
1972,18,42,43,POOL OF BAD LUCK,Joe Simon,Spring,6,42,
1972,18,43,44,CHANTILLY LACE,Jerry Lee Lewis,Mercury,9,43,
1972,18,44,53,SYLVIA’S MOTHER,Dr. Hook and the Medicine Show,Columbia,5,44,
1972,18,46,55,I SAW THE LIGHT,Todd Rundgren,Bearsville,4,46,
1972,18,47,56,ASK ME WHAT YOU WANT,Millie Jackson,Spring,6,47,
1972,18,48,50,LET’S STAY TOGETHER,Isaac Hayes,Enterprise,5,48,
1972,18,49,49,BE MY LOVER,Alice Cooper,Warner Brothers,8,49,
1972,19,1,1,THE FIRST TIME EVER I SAW YOUR FACE,Roberta Flack,Atlantic,10,1,4 weeks at #1
1972,19,2,3,I GOTCHA,Joe Tex,Dial,16,2,
1972,19,3,4,"BETCHA BY GOLLY, WOW","The Stylistics Featuring Russell Thompkins, Jr.",Avco,11,3,
1972,19,4,2,ROCKIN’ ROBIN,Michael Jackson,Motown,9,2,
1972,19,5,6,DAY DREAMING,Aretha Franklin,Atlantic,8,5,
1972,19,6,5,A HORSE WITH NO NAME,America,Warner Brothers,12,1,
1972,19,7,18,I’LL TAKE YOU THERE,The Staple Singers,Stax,5,7,
1972,19,8,9,DOCTOR MY EYES,Jackson Browne,Asylum,8,8,
1972,19,9,10,LOOK WHAT YOU DONE FOR ME,Al Green,Hi,6,9,
1972,19,10,11,BACK OFF BOOGALOO,Ringo Starr,Apple,6,10,
1972,19,11,16,OH GIRL,The Chi-Lites,Brunswick,5,11,
1972,19,12,12,THE FAMILY OF MAN,Three Dog Night,Dunhill,7,12,
1972,19,13,13,VINCENT / CASTLES IN THE AIR,Don McLean,United Artists,8,13,
1972,19,14,14,BABY BLUE,Badfinger,Apple,7,14,
1972,19,15,7,IN THE RAIN,The Dramatics,Volt,11,5,
1972,19,16,8,A COWBOY’S WORK IS NEVER DONE,Sonny and Cher,Kapp,11,8,
1972,19,17,20,HOT ROD LINCOLN,Commander Cody and His Lost Planet Airmen,Paramount,7,17,
1972,19,18,19,SUAVECITO,Malo,Warner Brothers,10,18,
1972,19,19,21,MORNING HAS BROKEN,Cat Stevens,A&M,6,19,
1972,19,20,22,SLIPPIN’ INTO DARKNESS,War,United Artists,16,20,
1972,19,21,15,PUPPY LOVE,Donny Osmond,MGM,11,3,
1972,19,22,17,HEART OF GOLD,Neil Young,Reprise,14,1,
1972,19,23,50,TUMBLING DICE,The Rolling Stones,Rolling Stones,2,23,
1972,19,24,28,THE CANDY MAN,"Sammy Davis, Jr. with the Mike Curb Congregation",MGM,9,24,
1972,19,25,30,ME AND JULIO DOWN BY THE SCHOOLYARD,Paul Simon,Columbia,5,25,
1972,19,26,32,LITTLE BITTY PRETTY ONE,Jackson 5,Motown,3,26,
1972,19,27,29,RUN RUN RUN,Jo Jo Gunne,Asylum,8,27,
1972,19,28,34,(Last Night) I DIDN’T GET TO SLEEP AT ALL,The 5th Dimension,Bell,6,28,
1972,19,29,31,TAXI,Harry Chapin,Elektra,9,29,
1972,19,30,27,JUMP INTO THE FIRE,Nilsson,RCA,8,30,
1972,19,31,46,I SAW THE LIGHT,Todd Rundgren,Bearsville,5,31,
1972,19,32,25,ROUNDABOUT,Yes,Atlantic,13,13,
1972,19,33,33,HELP ME MAKE IT THROUGH THE NIGHT,Gladys Knight and the Pips,Soul,7,33,
1972,19,34,37,NICE TO BE WITH YOU,Gallery,Sussex,11,34,
1972,19,35,36,YOU COULD HAVE BEEN A LADY,April Wine,Big Tree,7,35,
1972,19,36,41,WALKIN’ IN THE RAIN WITH THE ONE I LOVE,Love Unlimited,Uni,6,36,
1972,19,37,44,SYLVIA’S MOTHER,Dr. Hook and the Medicine Show,Columbia,6,37,
1972,19,38,40,MISTER CAN’T YOU SEE,Buffy Sainte-Marie,Vanguard,6,38,
1972,19,39,24,EVERY DAY OF MY LIFE,Bobby Vinton,Epic,15,24,
1972,19,40,51,DIARY,Bread,Elektra,3,40,
1972,19,41,23,TAURUS,Dennis Coffey and the Detroit Guitar Band,Sussex,12,18,
1972,19,42,42,POOL OF BAD LUCK,Joe Simon,Spring,7,42,
1972,19,43,79,IT’S GOING TO TAKE SOME TIME,The Carpenters,A&M,2,43,
1972,19,44,47,ASK ME WHAT YOU WANT,Millie Jackson,Spring,7,44,
1972,19,45,56,LOVE THEME FROM “THE GODFATHER” (Speak Softly Love),Andy Williams,Columbia,5,45,
1972,19,46,58,HEARSAY,The Soul Children,Stax,8,46,
1972,19,47,60,ISN’T LIFE STRANGE,The Moody Blues,Threshold,3,47,
1972,19,48,48,LET’S STAY TOGETHER,Isaac Hayes,Enterprise,6,48,
1972,19,49,45,DO YOUR THING,Isaac Hayes,Enterprise,11,30,
1972,19,50,52,LEGEND IN YOUR OWN TIME,Carly Simon,Elektra,6,50,
1972,20,1,1,THE FIRST TIME EVER I SAW YOUR FACE,Roberta Flack,Atlantic,11,1,5 weeks at #1
1972,20,2,2,I GOTCHA,Joe Tex,Dial,17,2,
1972,20,3,11,OH GIRL,The Chi-Lites,Brunswick,6,3,
1972,20,4,7,I’LL TAKE YOU THERE,The Staple Singers,Stax,6,4,
1972,20,5,4,ROCKIN’ ROBIN,Michael Jackson,Motown,10,2,
1972,20,6,3,"BETCHA BY GOLLY, WOW","The Stylistics Featuring Russell Thompkins, Jr.",Avco,12,3,
1972,20,7,9,LOOK WHAT YOU DONE FOR ME,Al Green,Hi,7,7,
1972,20,8,5,DAY DREAMING,Aretha Franklin,Atlantic,9,5,
1972,20,9,10,BACK OFF BOOGALOO,Ringo Starr,Apple,7,9,
1972,20,10,6,A HORSE WITH NO NAME,America,Warner Brothers,13,1,
1972,20,11,23,TUMBLING DICE,The Rolling Stones,Rolling Stones,3,11,
1972,20,12,13,VINCENT / CASTLES IN THE AIR,Don McLean,United Artists,9,12,
1972,20,13,17,HOT ROD LINCOLN,Commander Cody and His Lost Planet Airmen,Paramount,8,13,
1972,20,14,8,DOCTOR MY EYES,Jackson Browne,Asylum,9,8,
1972,20,15,19,MORNING HAS BROKEN,Cat Stevens,A&M,7,15,
1972,20,16,12,THE FAMILY OF MAN,Three Dog Night,Dunhill,8,12,
1972,20,17,26,LITTLE BITTY PRETTY ONE,Jackson 5,Motown,4,17,
1972,20,18,20,SLIPPIN’ INTO DARKNESS,War,United Artists,17,18,
1972,20,19,16,A COWBOY’S WORK IS NEVER DONE,Sonny and Cher,Kapp,12,8,
1972,20,20,37,SYLVIA’S MOTHER,Dr. Hook and the Medicine Show,Columbia,7,20,
1972,20,21,24,THE CANDY MAN,"Sammy Davis, Jr. with the Mike Curb Congregation",MGM,10,21,
1972,20,22,14,BABY BLUE,Badfinger,Apple,8,14,
1972,20,23,18,SUAVECITO,Malo,Warner Brothers,11,18,
1972,20,24,25,ME AND JULIO DOWN BY THE SCHOOLYARD,Paul Simon,Columbia,6,24,
1972,20,25,28,(Last Night) I DIDN’T GET TO SLEEP AT ALL,The 5th Dimension,Bell,7,25,
1972,20,26,31,I SAW THE LIGHT,Todd Rundgren,Bearsville,6,26,
1972,20,27,27,RUN RUN RUN,Jo Jo Gunne,Asylum,9,27,
1972,20,28,29,TAXI,Harry Chapin,Elektra,10,28,
1972,20,29,34,NICE TO BE WITH YOU,Gallery,Sussex,12,29,
1972,20,30,40,DIARY,Bread,Elektra,4,30,
1972,20,31,36,WALKIN’ IN THE RAIN WITH THE ONE I LOVE,Love Unlimited,Uni,7,31,
1972,20,32,15,IN THE RAIN,The Dramatics,Volt,12,5,
1972,20,33,35,YOU COULD HAVE BEEN A LADY,April Wine,Big Tree,8,33,
1972,20,34,43,IT’S GOING TO TAKE SOME TIME,The Carpenters,A&M,3,34,
1972,20,35,67,SONG SUNG BLUE,Neil Diamond,Uni,2,35,
1972,20,36,44,ASK ME WHAT YOU WANT,Millie Jackson,Spring,8,36,
1972,20,37,30,JUMP INTO THE FIRE,Nilsson,RCA,9,27,
1972,20,38,33,HELP ME MAKE IT THROUGH THE NIGHT,Gladys Knight and the Pips,Soul,8,33,
1972,20,39,47,ISN’T LIFE STRANGE,The Moody Blues,Threshold,4,39,
1972,20,40,57,OUTA-SPACE / I WROTE A SIMPLE SONG,Billy Preston,A&M,9,40,
1972,20,42,39,EVERY DAY OF MY LIFE,Bobby Vinton,Epic,16,24,
1972,20,50,21,PUPPY LOVE,Donny Osmond,MGM,12,3,
1972,20,57,38,MISTER CAN’T YOU SEE,Buffy Sainte-Marie,Vanguard,7,38,
1972,20,41,45,LOVE THEME FROM “THE GODFATHER” (Speak Softly Love),Andy Williams,Columbia,6,41,
1972,20,43,72,SOMEDAY NEVER COMES,Creedence Clearwater Revival,Fantasy,2,43,
1972,20,44,46,HEARSAY,The Soul Children,Stax,9,44,
1972,20,45,42,POOL OF BAD LUCK,Joe Simon,Spring,8,42,
1972,20,46,58,I’VE BEEN LONELY FOR SO LONG,Frederick Knight,Stax,4,46,
1972,20,47,59,OLD MAN,Neil Young,Reprise,3,47,
1972,20,48,56,SMILIN’,Sly and the Family Stone,Epic,4,48,
1972,20,49,53,WALK IN THE NIGHT,Jr. Walker and the All Stars,Soul,7,49,
1972,21,1,1,THE FIRST TIME EVER I SAW YOUR FACE,Roberta Flack,Atlantic,12,1,6 weeks at #1
1972,21,2,3,OH GIRL,The Chi-Lites,Brunswick,7,2,
1972,21,3,4,I’LL TAKE YOU THERE,The Staple Singers,Stax,7,3,
1972,21,4,2,I GOTCHA,Joe Tex,Dial,18,2,
1972,21,5,7,LOOK WHAT YOU DONE FOR ME,Al Green,Hi,8,5,
1972,21,6,5,ROCKIN’ ROBIN,Michael Jackson,Motown,11,2,
1972,21,7,6,"BETCHA BY GOLLY, WOW","The Stylistics Featuring Russell Thompkins, Jr.",Avco,13,3,
1972,21,8,11,TUMBLING DICE,The Rolling Stones,Rolling Stones,4,8,
1972,21,9,9,BACK OFF BOOGALOO,Ringo Starr,Apple,8,9,
1972,21,10,15,MORNING HAS BROKEN,Cat Stevens,A&M,8,10,
1972,21,11,8,DAY DREAMING,Aretha Franklin,Atlantic,10,5,
1972,21,12,13,HOT ROD LINCOLN,Commander Cody and His Lost Planet Airmen,Paramount,9,12,
1972,21,13,21,THE CANDY MAN,"Sammy Davis, Jr. with the Mike Curb Congregation",MGM,11,13,
1972,21,14,20,SYLVIA’S MOTHER,Dr. Hook and the Medicine Show,Columbia,8,14,
1972,21,15,17,LITTLE BITTY PRETTY ONE,Jackson 5,Motown,5,15,
1972,21,16,12,VINCENT / CASTLES IN THE AIR,Don McLean,United Artists,10,12,
1972,21,17,18,SLIPPIN’ INTO DARKNESS,War,United Artists,18,17,
1972,21,18,14,DOCTOR MY EYES,Jackson Browne,Asylum,10,8,
1972,21,19,25,(Last Night) I DIDN’T GET TO SLEEP AT ALL,The 5th Dimension,Bell,8,19,
1972,21,20,10,A HORSE WITH NO NAME,America,Warner Brothers,14,1,
1972,21,21,29,NICE TO BE WITH YOU,Gallery,Sussex,13,21,
1972,21,22,26,I SAW THE LIGHT,Todd Rundgren,Bearsville,7,22,
1972,21,23,16,THE FAMILY OF MAN,Three Dog Night,Dunhill,9,12,
1972,21,24,24,ME AND JULIO DOWN BY THE SCHOOLYARD,Paul Simon,Columbia,7,24,
1972,21,25,30,DIARY,Bread,Elektra,5,25,
1972,21,26,28,TAXI,Harry Chapin,Elektra,11,26,
1972,21,27,35,SONG SUNG BLUE,Neil Diamond,Uni,3,27,
1972,21,28,31,WALKIN’ IN THE RAIN WITH THE ONE I LOVE,Love Unlimited,Uni,8,28,
1972,21,29,34,IT’S GOING TO TAKE SOME TIME,The Carpenters,A&M,4,29,
1972,21,30,23,SUAVECITO,Malo,Warner Brothers,12,18,
1972,21,31,22,BABY BLUE,Badfinger,Apple,9,14,
1972,21,32,33,YOU COULD HAVE BEEN A LADY,April Wine,Big Tree,9,32,
1972,21,33,27,RUN RUN RUN,Jo Jo Gunne,Asylum,10,27,
1972,21,34,40,OUTA-SPACE / I WROTE A SIMPLE SONG,Billy Preston,A&M,10,34,
1972,21,35,36,ASK ME WHAT YOU WANT,Millie Jackson,Spring,9,35,
1972,21,36,39,ISN’T LIFE STRANGE,The Moody Blues,Threshold,5,36,
1972,21,37,19,A COWBOY’S WORK IS NEVER DONE,Sonny and Cher,Kapp,13,8,
1972,21,38,41,LOVE THEME FROM “THE GODFATHER” (Speak Softly Love),Andy Williams,Columbia,7,38,
1972,21,39,47,OLD MAN,Neil Young,Reprise,4,39,
1972,21,40,43,SOMEDAY NEVER COMES,Creedence Clearwater Revival,Fantasy,3,40,
1972,21,41,32,IN THE RAIN,The Dramatics,Volt,13,5,
1972,21,42,61,LEAN ON ME,Bill Withers,Sussex,5,42,
1972,21,43,46,I’VE BEEN LONELY FOR SO LONG,Frederick Knight,Stax,5,43,
1972,21,44,44,HEARSAY,The Soul Children,Stax,10,44,
1972,21,45,48,SMILIN’,Sly and the Family Stone,Epic,5,45,
1972,21,46,71,TROGLODYTE (Cave Man),The Jimmy Castor Bunch,RCA,2,46,
1972,21,47,62,THERE IT IS (Part 1),James Brown,Polydor,3,47,
1972,21,48,52,TO GET TO YOU,Jerry Wallace,Decca,10,48,
1972,21,49,49,WALK IN THE NIGHT,Jr. Walker and the All Stars,Soul,8,49,
1972,21,50,64,"ROCKET MAN (I Think It’s Gonna Be A long, Long Time)",Elton John,Uni,3,50,
1972,22,1,2,OH GIRL,The Chi-Lites,Brunswick,8,1,1 week at #1
1972,22,2,3,I’LL TAKE YOU THERE,The Staple Singers,Stax,8,2,
1972,22,3,1,THE FIRST TIME EVER I SAW YOUR FACE,Roberta Flack,Atlantic,13,1,
1972,22,4,5,LOOK WHAT YOU DONE FOR ME,Al Green,Hi,9,4,
1972,22,5,13,THE CANDY MAN,"Sammy Davis, Jr. with the Mike Curb Congregation",MGM,12,5,
1972,22,6,10,MORNING HAS BROKEN,Cat Stevens,A&M,9,6,
1972,22,7,8,TUMBLING DICE,The Rolling Stones,Rolling Stones,5,7,
1972,22,8,4,I GOTCHA,Joe Tex,Dial,19,2,
1972,22,9,14,SYLVIA’S MOTHER,Dr. Hook and the Medicine Show,Columbia,9,9,
1972,22,10,12,HOT ROD LINCOLN,Commander Cody and His Lost Planet Airmen,Paramount,10,10,
1972,22,11,21,NICE TO BE WITH YOU,Gallery,Sussex,14,11,
1972,22,12,19,(Last Night) I DIDN’T GET TO SLEEP AT ALL,The 5th Dimension,Bell,9,12,
1972,22,13,15,LITTLE BITTY PRETTY ONE,Jackson 5,Motown,6,13,
1972,22,14,7,"BETCHA BY GOLLY, WOW","The Stylistics Featuring Russell Thompkins, Jr.",Avco,14,3,
1972,22,15,11,DAY DREAMING,Aretha Franklin,Atlantic,11,5,
1972,22,16,17,SLIPPIN’ INTO DARKNESS,War,United Artists,19,16,
1972,22,17,29,IT’S GOING TO TAKE SOME TIME,The Carpenters,A&M,5,17,
1972,22,18,27,SONG SUNG BLUE,Neil Diamond,Uni,4,18,
1972,22,19,25,DIARY,Bread,Elektra,6,19,
1972,22,20,28,WALKIN’ IN THE RAIN WITH THE ONE I LOVE,Love Unlimited,Uni,9,20,
1972,22,21,22,I SAW THE LIGHT,Todd Rundgren,Bearsville,8,21,
1972,22,22,24,ME AND JULIO DOWN BY THE SCHOOLYARD,Paul Simon,Columbia,8,22,
1972,22,23,9,BACK OFF BOOGALOO,Ringo Starr,Apple,9,9,
1972,22,24,18,DOCTOR MY EYES,Jackson Browne,Asylum,11,8,
1972,22,25,26,TAXI,Harry Chapin,Elektra,12,25,
1972,22,26,6,ROCKIN’ ROBIN,Michael Jackson,Motown,12,2,
1972,22,27,16,VINCENT / CASTLES IN THE AIR,Don McLean,United Artists,11,12,
1972,22,28,34,OUTA-SPACE / I WROTE A SIMPLE SONG,Billy Preston,A&M,11,28,
1972,22,29,46,TROGLODYTE (Cave Man),The Jimmy Castor Bunch,RCA,3,29,
1972,22,30,35,ASK ME WHAT YOU WANT,Millie Jackson,Spring,10,30,
1972,22,31,59,AMAZING GRACE,The Pipes and Drums and the Military Band of the Royal Scots Dragoon Guards,RCA,2,31,
1972,22,32,36,ISN’T LIFE STRANGE,The Moody Blues,Threshold,6,32,
1972,22,33,39,OLD MAN,Neil Young,Reprise,5,33,
1972,22,34,40,SOMEDAY NEVER COMES,Creedence Clearwater Revival,Fantasy,4,34,
1972,22,35,38,LOVE THEME FROM “THE GODFATHER” (Speak Softly Love),Andy Williams,Columbia,8,35,
1972,22,36,42,LEAN ON ME,Bill Withers,Sussex,6,36,
1972,22,37,32,YOU COULD HAVE BEEN A LADY,April Wine,Big Tree,10,32,
1972,22,38,62,I NEED YOU,America,Warner Brothers,2,38,
1972,22,39,43,I’VE BEEN LONELY FOR SO LONG,Frederick Knight,Stax,6,39,
1972,22,40,50,"ROCKET MAN (I Think It’s Gonna Be A long, Long Time)",Elton John,Uni,4,40,
1972,22,51,33,RUN RUN RUN,Jo Jo Gunne,Asylum,11,27,
1972,22,69,31,BABY BLUE,Badfinger,Apple,10,14,
1972,22,41,56,LONG HAIRED LOVER FROM LIVERPOOL,Little Jimmy Osmond with the Mike Curb Congregation,MGM,6,41,
1972,22,42,45,SMILIN’,Sly and the Family Stone,Epic,6,42,
1972,22,43,53,AUTOMATICALLY SUNSHINE,The Supremes,Motown,4,43,
1972,22,44,47,THERE IT IS (Part 1),James Brown,Polydor,4,44,
1972,22,45,54,"EVERYTHING GOOD IS BAD, EVERYTHING BAD IS GOOD",100 Proof (Aged In Soul),Hot Wax,9,45,
1972,22,46,58,IMMIGRATION MAN,Graham Nash and David Crosby,Atlantic,4,46,
1972,22,47,49,WALK IN THE NIGHT,Jr. Walker and the All Stars,Soul,9,47,
1972,22,48,48,TO GET TO YOU,Jerry Wallace,Decca,11,48,
1972,22,49,55,DADDY DON’T YOU WALK SO FAST,Wayne Newton,Chelsea,6,49,
1972,22,50,63,HOW CAN I BE SURE,David Cassidy,Bell,2,50,
1972,23,1,2,I’LL TAKE YOU THERE,The Staple Singers,Stax,9,1,1 week at #1
1972,23,2,1,OH GIRL,The Chi-Lites,Brunswick,9,1,
1972,23,3,3,THE FIRST TIME EVER I SAW YOUR FACE,Roberta Flack,Atlantic,14,1,
1972,23,4,5,THE CANDY MAN,"Sammy Davis, Jr. with the Mike Curb Congregation",MGM,13,4,
1972,23,5,9,SYLVIA’S MOTHER,Dr. Hook and the Medicine Show,Columbia,10,5,
1972,23,6,6,MORNING HAS BROKEN,Cat Stevens,A&M,10,6,
1972,23,7,7,TUMBLING DICE,The Rolling Stones,Rolling Stones,6,7,
1972,23,8,11,NICE TO BE WITH YOU,Gallery,Sussex,15,8,
1972,23,9,10,HOT ROD LINCOLN,Commander Cody and His Lost Planet Airmen,Paramount,11,9,
1972,23,10,4,LOOK WHAT YOU DONE FOR ME,Al Green,Hi,10,4,
1972,23,11,12,(Last Night) I DIDN’T GET TO SLEEP AT ALL,The 5th Dimension,Bell,10,11,
1972,23,12,18,SONG SUNG BLUE,Neil Diamond,Uni,5,12,
1972,23,13,13,LITTLE BITTY PRETTY ONE,Jackson 5,Motown,7,13,
1972,23,14,20,WALKIN’ IN THE RAIN WITH THE ONE I LOVE,Love Unlimited,Uni,10,14,
1972,23,15,17,IT’S GOING TO TAKE SOME TIME,The Carpenters,A&M,6,15,
1972,23,16,19,DIARY,Bread,Elektra,7,16,
1972,23,17,28,OUTA-SPACE / I WROTE A SIMPLE SONG,Billy Preston,A&M,12,17,
1972,23,18,21,I SAW THE LIGHT,Todd Rundgren,Bearsville,9,18,
1972,23,19,29,TROGLODYTE (Cave Man),The Jimmy Castor Bunch,RCA,4,19,
1972,23,20,8,I GOTCHA,Joe Tex,Dial,20,2,
1972,23,21,14,"BETCHA BY GOLLY, WOW","The Stylistics Featuring Russell Thompkins, Jr.",Avco,15,3,
1972,23,22,22,ME AND JULIO DOWN BY THE SCHOOLYARD,Paul Simon,Columbia,9,22,
1972,23,23,31,AMAZING GRACE,The Pipes and Drums and the Military Band of the Royal Scots Dragoon Guards,RCA,3,23,
1972,23,24,25,TAXI,Harry Chapin,Elektra,13,24,
1972,23,25,16,SLIPPIN’ INTO DARKNESS,War,United Artists,20,16,
1972,23,26,36,LEAN ON ME,Bill Withers,Sussex,7,26,
1972,23,27,38,I NEED YOU,America,Warner Brothers,3,27,
1972,23,28,34,SOMEDAY NEVER COMES,Creedence Clearwater Revival,Fantasy,5,28,
1972,23,29,30,ASK ME WHAT YOU WANT,Millie Jackson,Spring,11,29,
1972,23,30,32,ISN’T LIFE STRANGE,The Moody Blues,Threshold,7,30,
1972,23,31,33,OLD MAN,Neil Young,Reprise,6,31,
1972,23,32,40,"ROCKET MAN (I Think It’s Gonna Be A long, Long Time)",Elton John,Uni,5,32,
1972,23,33,39,I’VE BEEN LONELY FOR SO LONG,Frederick Knight,Stax,7,33,
1972,23,34,35,LOVE THEME FROM “THE GODFATHER” (Speak Softly Love),Andy Williams,Columbia,9,34,
1972,23,35,15,DAY DREAMING,Aretha Franklin,Atlantic,12,5,
1972,23,36,24,DOCTOR MY EYES,Jackson Browne,Asylum,12,8,
1972,23,37,54,LIVING IN A HOUSE DIVIDED,Cher,Kapp,3,37,
1972,23,38,27,VINCENT / CASTLES IN THE AIR,Don McLean,United Artists,12,12,
1972,23,39,41,LONG HAIRED LOVER FROM LIVERPOOL,Little Jimmy Osmond with the Mike Curb Congregation,MGM,7,39,
1972,23,40,43,AUTOMATICALLY SUNSHINE,The Supremes,Motown,5,40,
1972,23,47,23,BACK OFF BOOGALOO,Ringo Starr,Apple,10,9,
1972,23,48,26,ROCKIN’ ROBIN,Michael Jackson,Motown,13,2,
1972,23,51,37,YOU COULD HAVE BEEN A LADY,April Wine,Big Tree,11,32,
1972,23,41,46,IMMIGRATION MAN,Graham Nash and David Crosby,Atlantic,5,41,
1972,23,42,49,DADDY DON’T YOU WALK SO FAST,Wayne Newton,Chelsea,7,42,
1972,23,43,50,HOW CAN I BE SURE,David Cassidy,Bell,3,43,
1972,23,44,44,THERE IT IS (Part 1),James Brown,Polydor,5,44,
1972,23,45,45,"EVERYTHING GOOD IS BAD, EVERYTHING BAD IS GOOD",100 Proof (Aged In Soul),Hot Wax,10,45,
1972,23,46,47,WALK IN THE NIGHT,Jr. Walker and the All Stars,Soul,10,46,
1972,23,49,59,I WANNA BE WHERE YOU ARE,Michael Jackson,Motown,2,49,
1972,23,50,53,YOU’RE THE MAN (Part 1),Marvin Gaye,Tamla,3,50,
1972,24,1,4,THE CANDY MAN,"Sammy Davis, Jr. with the Mike Curb Congregation",MGM,14,1,1 week at #1
1972,24,2,1,I’LL TAKE YOU THERE,The Staple Singers,Stax,10,1,
1972,24,3,2,OH GIRL,The Chi-Lites,Brunswick,10,1,
1972,24,4,12,SONG SUNG BLUE,Neil Diamond,Uni,6,4,
1972,24,5,5,SYLVIA’S MOTHER,Dr. Hook and the Medicine Show,Columbia,11,5,
1972,24,6,8,NICE TO BE WITH YOU,Gallery,Sussex,16,6,
1972,24,7,3,THE FIRST TIME EVER I SAW YOUR FACE,Roberta Flack,Atlantic,15,1,
1972,24,8,6,MORNING HAS BROKEN,Cat Stevens,A&M,11,6,
1972,24,9,17,OUTA-SPACE / I WROTE A SIMPLE SONG,Billy Preston,A&M,13,9,
1972,24,10,11,(Last Night) I DIDN’T GET TO SLEEP AT ALL,The 5th Dimension,Bell,11,10,
1972,24,11,7,TUMBLING DICE,The Rolling Stones,Rolling Stones,7,7,
1972,24,12,15,IT’S GOING TO TAKE SOME TIME,The Carpenters,A&M,7,12,
1972,24,13,19,TROGLODYTE (Cave Man),The Jimmy Castor Bunch,RCA,5,13,
1972,24,14,14,WALKIN’ IN THE RAIN WITH THE ONE I LOVE,Love Unlimited,Uni,11,14,
1972,24,15,16,DIARY,Bread,Elektra,8,15,
1972,24,16,18,I SAW THE LIGHT,Todd Rundgren,Bearsville,10,16,
1972,24,17,10,LOOK WHAT YOU DONE FOR ME,Al Green,Hi,11,4,
1972,24,18,9,HOT ROD LINCOLN,Commander Cody and His Lost Planet Airmen,Paramount,12,9,
1972,24,19,23,AMAZING GRACE,The Pipes and Drums and the Military Band of the Royal Scots Dragoon Guards,RCA,4,19,
1972,24,20,26,LEAN ON ME,Bill Withers,Sussex,8,20,
1972,24,21,13,LITTLE BITTY PRETTY ONE,Jackson 5,Motown,8,13,
1972,24,22,27,I NEED YOU,America,Warner Brothers,4,22,
1972,24,23,32,"ROCKET MAN (I Think It’s Gonna Be A long, Long Time)",Elton John,Uni,6,23,
1972,24,24,24,TAXI,Harry Chapin,Elektra,14,24,
1972,24,25,28,SOMEDAY NEVER COMES,Creedence Clearwater Revival,Fantasy,6,25,
1972,24,26,20,I GOTCHA,Joe Tex,Dial,21,2,
1972,24,27,29,ASK ME WHAT YOU WANT,Millie Jackson,Spring,12,27,
1972,24,28,21,"BETCHA BY GOLLY, WOW","The Stylistics Featuring Russell Thompkins, Jr.",Avco,16,3,
1972,24,29,30,ISN’T LIFE STRANGE,The Moody Blues,Threshold,8,29,
1972,24,30,22,ME AND JULIO DOWN BY THE SCHOOLYARD,Paul Simon,Columbia,10,22,
1972,24,31,31,OLD MAN,Neil Young,Reprise,7,31,
1972,24,32,33,I’VE BEEN LONELY FOR SO LONG,Frederick Knight,Stax,8,32,
1972,24,33,37,LIVING IN A HOUSE DIVIDED,Cher,Kapp,4,33,
1972,24,34,34,LOVE THEME FROM “THE GODFATHER” (Speak Softly Love),Andy Williams,Columbia,10,34,
1972,24,35,43,HOW CAN I BE SURE,David Cassidy,Bell,4,35,
1972,24,36,42,DADDY DON’T YOU WALK SO FAST,Wayne Newton,Chelsea,8,36,
1972,24,37,41,IMMIGRATION MAN,Graham Nash and David Crosby,Atlantic,6,37,
1972,24,38,49,I WANNA BE WHERE YOU ARE,Michael Jackson,Motown,3,38,
1972,24,39,39,LONG HAIRED LOVER FROM LIVERPOOL,Little Jimmy Osmond with the Mike Curb Congregation,MGM,8,39,
1972,24,40,40,AUTOMATICALLY SUNSHINE,The Supremes,Motown,6,40,
1972,24,41,25,SLIPPIN’ INTO DARKNESS,War,United Artists,21,16,
1972,24,42,53,TOO LATE TO TURN BACK NOW,Cornelius Brothers and Sister Rose,United Artists,3,42,
1972,24,43,44,THERE IT IS (Part 1),James Brown,Polydor,6,43,
1972,24,44,56,LAYLA,Derek and the Dominos,Atco,15,44,
1972,24,45,58,YOU SAID A BAD WORD,Joe Tex,Dial,4,45,
1972,24,46,46,WALK IN THE NIGHT,Jr. Walker and the All Stars,Soul,11,46,
1972,24,47,59,SUPERWOMAN (Where Were You When I Needed You),Stevie Wonder,Tamla,4,47,
1972,24,48,64,(If Loving You Is Wrong) I DON’T WANT TO BE RIGHT,Luther Ingram,KoKo,2,48,
1972,24,49,75,ALL THE KING’S HORSES,Aretha Franklin,Atlantic,2,49,
1972,24,50,55,HOW DO YOU DO,Mouth and MacNeal,Philips,7,50,
1972,25,1,1,THE CANDY MAN,"Sammy Davis, Jr. with the Mike Curb Congregation",MGM,15,1,2 weeks at #1
1972,25,2,2,I’LL TAKE YOU THERE,The Staple Singers,Stax,11,1,
1972,25,3,4,SONG SUNG BLUE,Neil Diamond,Uni,7,3,
1972,25,4,3,OH GIRL,The Chi-Lites,Brunswick,11,1,
1972,25,5,6,NICE TO BE WITH YOU,Gallery,Sussex,17,5,
1972,25,6,9,OUTA-SPACE / I WROTE A SIMPLE SONG,Billy Preston,A&M,14,6,
1972,25,7,13,TROGLODYTE (Cave Man),The Jimmy Castor Bunch,RCA,6,7,
1972,25,8,10,(Last Night) I DIDN’T GET TO SLEEP AT ALL,The 5th Dimension,Bell,12,8,
1972,25,9,5,SYLVIA’S MOTHER,Dr. Hook and the Medicine Show,Columbia,12,5,
1972,25,10,20,LEAN ON ME,Bill Withers,Sussex,9,10,
1972,25,11,7,THE FIRST TIME EVER I SAW YOUR FACE,Roberta Flack,Atlantic,16,1,
1972,25,12,12,IT’S GOING TO TAKE SOME TIME,The Carpenters,A&M,8,12,
1972,25,13,8,MORNING HAS BROKEN,Cat Stevens,A&M,12,6,
1972,25,14,11,TUMBLING DICE,The Rolling Stones,Rolling Stones,8,7,
1972,25,15,15,DIARY,Bread,Elektra,9,15,
1972,25,16,16,I SAW THE LIGHT,Todd Rundgren,Bearsville,11,16,
1972,25,17,19,AMAZING GRACE,The Pipes and Drums and the Military Band of the Royal Scots Dragoon Guards,RCA,5,17,
1972,25,18,14,WALKIN’ IN THE RAIN WITH THE ONE I LOVE,Love Unlimited,Uni,12,14,
1972,25,19,22,I NEED YOU,America,Warner Brothers,5,19,
1972,25,20,23,"ROCKET MAN (I Think It’s Gonna Be A long, Long Time)",Elton John,Uni,7,20,
1972,25,21,18,HOT ROD LINCOLN,Commander Cody and His Lost Planet Airmen,Paramount,13,9,
1972,25,22,17,LOOK WHAT YOU DONE FOR ME,Al Green,Hi,12,4,
1972,25,23,42,TOO LATE TO TURN BACK NOW,Cornelius Brothers and Sister Rose,United Artists,4,23,
1972,25,24,33,LIVING IN A HOUSE DIVIDED,Cher,Kapp,5,24,
1972,25,25,25,SOMEDAY NEVER COMES,Creedence Clearwater Revival,Fantasy,7,25,
1972,25,26,36,DADDY DON’T YOU WALK SO FAST,Wayne Newton,Chelsea,9,26,
1972,25,27,35,HOW CAN I BE SURE,David Cassidy,Bell,5,27,
1972,25,28,24,TAXI,Harry Chapin,Elektra,15,24,
1972,25,29,29,ISN’T LIFE STRANGE,The Moody Blues,Threshold,9,29,
1972,25,30,27,ASK ME WHAT YOU WANT,Millie Jackson,Spring,13,27,
1972,25,31,32,I’VE BEEN LONELY FOR SO LONG,Frederick Knight,Stax,9,31,
1972,25,32,44,LAYLA,Derek and the Dominos,Atco,16,32,
1972,25,33,38,I WANNA BE WHERE YOU ARE,Michael Jackson,Motown,4,33,
1972,25,34,50,HOW DO YOU DO,Mouth and MacNeal,Philips,8,34,
1972,25,35,72,TOO YOUNG,Donny Osmond,MGM,2,35,
1972,25,36,37,IMMIGRATION MAN,Graham Nash and David Crosby,Atlantic,7,36,
1972,25,37,40,AUTOMATICALLY SUNSHINE,The Supremes,Motown,7,37,
1972,25,38,39,LONG HAIRED LOVER FROM LIVERPOOL,Little Jimmy Osmond with the Mike Curb Congregation,MGM,9,38,
1972,25,39,21,LITTLE BITTY PRETTY ONE,Jackson 5,Motown,9,13,
1972,25,40,49,ALL THE KING’S HORSES,Aretha Franklin,Atlantic,3,40,
1972,25,48,30,ME AND JULIO DOWN BY THE SCHOOLYARD,Paul Simon,Columbia,11,22,
1972,25,50,31,OLD MAN,Neil Young,Reprise,8,31,
1972,25,54,34,LOVE THEME FROM “THE GODFATHER” (Speak Softly Love),Andy Williams,Columbia,11,34,
1972,25,41,48,(If Loving You Is Wrong) I DON’T WANT TO BE RIGHT,Luther Ingram,KoKo,3,41,
1972,25,42,55,CONQUISTADOR,Procol Harum,A&M,4,42,
1972,25,43,45,YOU SAID A BAD WORD,Joe Tex,Dial,5,43,
1972,25,44,51,DAY BY DAY,Godspell,Bell,5,44,
1972,25,45,47,SUPERWOMAN (Where Were You When I Needed You),Stevie Wonder,Tamla,5,45,
1972,25,46,54,TAKE IT EASY,Eagles,Asylum,3,46,
1972,25,47,59,PEOPLE MAKE THE WORLD GO ROUND,The Stylistics,Avco,3,47,
1972,25,49,43,THERE IT IS (Part 1),James Brown,Polydor,7,43,
1972,26,1,1,THE CANDY MAN,"Sammy Davis, Jr. with the Mike Curb Congregation",MGM,16,1,3 weeks at #1
1972,26,2,3,SONG SUNG BLUE,Neil Diamond,Uni,8,2,
1972,26,3,6,OUTA-SPACE / I WROTE A SIMPLE SONG,Billy Preston,A&M,15,3,
1972,26,4,5,NICE TO BE WITH YOU,Gallery,Sussex,18,4,
1972,26,5,2,I’LL TAKE YOU THERE,The Staple Singers,Stax,12,1,
1972,26,6,7,TROGLODYTE (Cave Man),The Jimmy Castor Bunch,RCA,7,6,
1972,26,7,10,LEAN ON ME,Bill Withers,Sussex,10,7,
1972,26,8,8,(Last Night) I DIDN’T GET TO SLEEP AT ALL,The 5th Dimension,Bell,13,8,
1972,26,9,4,OH GIRL,The Chi-Lites,Brunswick,12,1,
1972,26,10,23,TOO LATE TO TURN BACK NOW,Cornelius Brothers and Sister Rose,United Artists,5,10,
1972,26,11,9,SYLVIA’S MOTHER,Dr. Hook and the Medicine Show,Columbia,13,5,
1972,26,12,17,AMAZING GRACE,The Pipes and Drums and the Military Band of the Royal Scots Dragoon Guards,RCA,6,12,
1972,26,13,19,I NEED YOU,America,Warner Brothers,6,13,
1972,26,14,20,"ROCKET MAN (I Think It’s Gonna Be A long, Long Time)",Elton John,Uni,8,14,
1972,26,15,26,DADDY DON’T YOU WALK SO FAST,Wayne Newton,Chelsea,10,15,
1972,26,16,16,I SAW THE LIGHT,Todd Rundgren,Bearsville,12,16,
1972,26,17,13,MORNING HAS BROKEN,Cat Stevens,A&M,13,6,
1972,26,18,11,THE FIRST TIME EVER I SAW YOUR FACE,Roberta Flack,Atlantic,17,1,
1972,26,19,41,(If Loving You Is Wrong) I DON’T WANT TO BE RIGHT,Luther Ingram,KoKo,4,19,
1972,26,20,15,DIARY,Bread,Elektra,10,15,
1972,26,21,18,WALKING IN THE RAIN WITH THE ONE I LOVE,Love Unlimited,Uni,13,14,
1972,26,22,24,LIVING IN A HOUSE DIVIDED,Cher,Kapp,6,22,
1972,26,23,32,LAYLA,Derek and the Dominos,Atco,17,23,
1972,26,24,14,TUMBLING DICE,The Rolling Stones,Rolling Stones,9,7,
1972,26,25,12,IT’S GOING TO TAKE SOME TIME,The Carpenters,A&M,9,12,
1972,26,26,27,HOW CAN I BE SURE,David Cassidy,Bell,6,26,
1972,26,27,33,I WANNA BE WHERE YOU ARE,Michael Jackson,Motown,5,27,
1972,26,28,35,TOO YOUNG,Donny Osmond,MGM,3,28,
1972,26,29,34,HOW DO YOU DO,Mouth and MacNeal,Philips,9,29,
1972,26,30,31,I’VE BEEN LONELY FOR SO LONG,Frederick Knight,Stax,10,30,
1972,26,31,21,HOT ROD LINCOLN,Commander Cody and His Lost Planet Airmen,Paramount,14,9,
1972,26,32,40,ALL THE KING’S HORSES,Aretha Franklin,Atlantic,4,32,
1972,26,33,57,WHERE IS THE LOVE,Roberta Flack and Donny Hathaway,Atlantic,3,33,
1972,26,34,42,CONQUISTADOR,Procol Harum,A&M,5,34,
1972,26,35,46,TAKE IT EASY,Eagles,Asylum,4,35,
1972,26,36,36,IMMIGRATION MAN,Graham Nash and David Crosby,Atlantic,8,36,
1972,26,37,44,DAY BY DAY,Godspell,Bell,6,37,
1972,26,38,45,SUPERWOMAN (Where Were You When I Needed You),Stevie Wonder,Tamla,6,38,
1972,26,39,29,ISN’T LIFE STRANGE,The Moody Blues,Threshold,10,29,
1972,26,40,53,SCHOOL’S OUT,Alice Cooper,Warner Brothers,4,40,
1972,26,41,25,SOMEDAY NEVER COMES,Creedence Clearwater Revival,Fantasy,8,25,
1972,26,44,30,ASK ME WHAT YOU WANT,Millie Jackson,Spring,14,27,
1972,26,46,28,TAXI,Harry Chapin,Elektra,16,24,
1972,26,48,37,AUTOMATICALLY SUNSHINE,The Supremes,Motown,8,37,
1972,26,50,38,LONG HAIRED LOVER FROM LIVERPOOL,Little Jimmy Osmond with the Mike Curb Congregation,MGM,10,38,
1972,26,42,43,YOU SAID A BAD WORD,Joe Tex,Dial,6,42,
1972,26,43,47,PEOPLE MAKE THE WORLD GO ROUND,The Stylistics,Avco,6,43,
1972,26,45,68,BRANDY (You’re a Fine Girl),Looking Glass,Epic,2,45,
1972,26,47,55,AFTER MIDNIGHT,J.J. Cale,Shelter,6,47,
1972,26,49,67,COCONUT,Nilsson,RCA,3,49,
1972,27,1,2,SONG SUNG BLUE,Neil Diamond,Uni,9,1,1 week at #1
1972,27,2,1,THE CANDY MAN,"Sammy Davis, Jr. with the Mike Curb Congregation",MGM,17,1,
1972,27,3,3,OUTA-SPACE / I WROTE A SIMPLE SONG,Billy Preston,A&M,16,3,
1972,27,4,7,LEAN ON ME,Bill Withers,Sussex,11,4,
1972,27,5,10,TOO LATE TO TURN BACK NOW,Cornelius Brothers and Sister Rose,United Artists,6,5,
1972,27,6,6,TROGLODYTE (Cave Man),The Jimmy Castor Bunch,RCA,8,6,
1972,27,7,4,NICE TO BE WITH YOU,Gallery,Sussex,19,4,
1972,27,8,14,"ROCKET MAN (I Think It’s Gonna Be A long, Long Time)",Elton John,Uni,9,8,
1972,27,9,13,I NEED YOU,America,Warner Brothers,7,9,
1972,27,10,15,DADDY DON’T YOU WALK SO FAST,Wayne Newton,Chelsea,11,10,
1972,27,11,12,AMAZING GRACE,The Pipes and Drums and the Military Band of the Royal Scots Dragoon Guards,RCA,7,11,
1972,27,12,5,I’LL TAKE YOU THERE,The Staple Singers,Stax,13,1,
1972,27,13,8,(Last Night) I DIDN’T GET TO SLEEP AT ALL,The 5th Dimension,Bell,14,8,
1972,27,14,19,(If Loving You Is Wrong) I DON’T WANT TO BE RIGHT,Luther Ingram,KoKo,5,14,
1972,27,15,9,OH GIRL,The Chi-Lites,Brunswick,13,1,
1972,27,16,23,LAYLA,Derek and the Dominos,Atco,18,16,
1972,27,17,11,SYLVIA’S MOTHER,Dr. Hook and the Medicine Show,Columbia,14,5,
1972,27,18,28,TOO YOUNG,Donny Osmond,MGM,4,18,
1972,27,19,29,HOW DO YOU DO,Mouth and MacNeal,Philips,10,19,
1972,27,20,35,TAKE IT EASY,Eagles,Asylum,5,20,
1972,27,21,27,I WANNA BE WHERE YOU ARE,Michael Jackson,Motown,6,21,
1972,27,22,22,LIVING IN A HOUSE DIVIDED,Cher,Kapp,7,22,
1972,27,23,40,SCHOOL’S OUT,Alice Cooper,Warner Brothers,5,23,
1972,27,24,17,MORNING HAS BROKEN,Cat Stevens,A&M,14,6,
1972,27,25,26,HOW CAN I BE SURE,David Cassidy,Bell,7,25,
1972,27,26,33,WHERE IS THE LOVE,Roberta Flack and Donny Hathaway,Atlantic,4,26,
1972,27,27,45,BRANDY (You’re a Fine Girl),Looking Glass,Epic,3,27,
1972,27,28,30,I’VE BEEN LONELY FOR SO LONG,Frederick Knight,Stax,11,28,
1972,27,29,32,ALL THE KING’S HORSES,Aretha Franklin,Atlantic,5,29,
1972,27,30,34,CONQUISTADOR,Procol Harum,A&M,6,30,
1972,27,31,21,WALKING IN THE RAIN WITH THE ONE I LOVE,Love Unlimited,Uni,14,14,
1972,27,32,37,DAY BY DAY,Godspell,Bell,7,32,
1972,27,33,24,TUMBLING DICE,The Rolling Stones,Rolling Stones,10,7,
1972,27,34,59,ALONE AGAIN (Naturally),Gilbert O’Sullivan,MAM,3,34,
1972,27,35,25,IT’S GOING TO TAKE SOME TIME,The Carpenters,A&M,10,12,
1972,27,36,18,THE FIRST TIME EVER I SAW YOUR FACE,Roberta Flack,Atlantic,18,1,
1972,27,37,16,I SAW THE LIGHT,Todd Rundgren,Bearsville,13,16,
1972,27,38,38,SUPERWOMAN (Where Were You When I Needed You),Stevie Wonder,Tamla,7,38,
1972,27,39,43,PEOPLE MAKE THE WORLD GO ROUND,The Stylistics,Avco,7,39,
1972,27,40,36,IMMIGRATION MAN,Graham Nash and David Crosby,Atlantic,9,36,
1972,27,41,20,DIARY,Bread,Elektra,11,15,
1972,27,42,42,YOU SAID A BAD WORD,Joe Tex,Dial,7,42,
1972,27,43,58,MARY HAD A LITTLE LAMB / LITTLE WOMAN LOVE,Wings,Apple,3,43,
1972,27,44,49,COCONUT,Nilsson,RCA,4,44,
1972,27,45,47,AFTER MIDNIGHT,J.J. Cale,Shelter,7,45,
1972,27,46,52,THE HAPPIEST GIRL IN THE WHOLE U.S.A.,Donna Fargo,Dot,6,46,
1972,27,47,51,WE’RE ON OUR WAY,Chris Hodge,Apple,5,47,
1972,27,48,53,WE’RE FREE,Beverly Bremers,Scepter,10,48,
1972,27,49,56,SEALED WITH A KISS,Bobby Vinton,Epic,4,49,
1972,27,50,75,LONG COOL WOMAN (In a Black Dress),The Hollies,Epic,2,50,
1972,28,1,4,LEAN ON ME,Bill Withers,Sussex,12,1,1 week at #1
1972,28,2,3,OUTA-SPACE / I WROTE A SIMPLE SONG,Billy Preston,A&M,17,2,
1972,28,3,1,SONG SUNG BLUE,Neil Diamond,Uni,10,1,
1972,28,4,5,TOO LATE TO TURN BACK NOW,Cornelius Brothers and Sister Rose,United Artists,7,4,
1972,28,5,2,THE CANDY MAN,"Sammy Davis, Jr. with the Mike Curb Congregation",MGM,18,1,
1972,28,6,6,TROGLODYTE (Cave Man),The Jimmy Castor Bunch,RCA,9,6,
1972,28,7,8,"ROCKET MAN (I Think It’s Gonna Be A long, Long Time)",Elton John,Uni,10,7,
1972,28,8,10,DADDY DON’T YOU WALK SO FAST,Wayne Newton,Chelsea,12,8,
1972,28,9,9,I NEED YOU,America,Warner Brothers,8,9,
1972,28,10,14,(If Loving You Is Wrong) I DON’T WANT TO BE RIGHT,Luther Ingram,KoKo,6,10,
1972,28,11,7,NICE TO BE WITH YOU,Gallery,Sussex,20,4,
1972,28,12,27,BRANDY (You’re a Fine Girl),Looking Glass,Epic,4,12,
1972,28,13,19,HOW DO YOU DO,Mouth and MacNeal,Philips,11,13,
1972,28,14,18,TOO YOUNG,Donny Osmond,MGM,5,14,
1972,28,15,16,LAYLA,Derek and the Dominos,Atco,19,15,
1972,28,16,23,SCHOOL’S OUT,Alice Cooper,Warner Brothers,6,16,
1972,28,17,20,TAKE IT EASY,Eagles,Asylum,6,17,
1972,28,18,21,I WANNA BE WHERE YOU ARE,Michael Jackson,Motown,7,18,
1972,28,19,26,WHERE IS THE LOVE,Roberta Flack and Donny Hathaway,Atlantic,5,19,
1972,28,20,34,ALONE AGAIN (Naturally),Gilbert O’Sullivan,MAM,4,20,
1972,28,21,11,AMAZING GRACE,The Pipes and Drums and the Military Band of the Royal Scots Dragoon Guards,RCA,8,11,
1972,28,22,30,CONQUISTADOR,Procol Harum,A&M,7,22,
1972,28,23,13,(Last Night) I DIDN’T GET TO SLEEP AT ALL,The 5th Dimension,Bell,15,8,
1972,28,24,15,OH GIRL,The Chi-Lites,Brunswick,14,1,
1972,28,25,12,I’LL TAKE YOU THERE,The Staple Singers,Stax,14,1,
1972,28,26,29,ALL THE KING’S HORSES,Aretha Franklin,Atlantic,6,26,
1972,28,27,28,I’VE BEEN LONELY FOR SO LONG,Frederick Knight,Stax,12,27,
1972,28,28,32,DAY BY DAY,Godspell,Bell,8,28,
1972,28,29,17,SYLVIA’S MOTHER,Dr. Hook and the Medicine Show,Columbia,15,5,
1972,28,30,22,LIVING IN A HOUSE DIVIDED,Cher,Kapp,8,22,
1972,28,31,39,PEOPLE MAKE THE WORLD GO ROUND,The Stylistics,Avco,8,31,
1972,28,32,25,HOW CAN I BE SURE,David Cassidy,Bell,8,25,
1972,28,33,50,LONG COOL WOMAN (In a Black Dress),The Hollies,Epic,3,33,
1972,28,34,44,COCONUT,Nilsson,RCA,5,34,
1972,28,35,46,THE HAPPIEST GIRL IN THE WHOLE U.S.A.,Donna Fargo,Dot,7,35,
1972,28,36,49,SEALED WITH A KISS,Bobby Vinton,Epic,5,36,
1972,28,37,38,SUPERWOMAN (Where Were You When I Needed You),Stevie Wonder,Tamla,8,37,
1972,28,38,43,MARY HAD A LITTLE LAMB / LITTLE WOMAN LOVE,Wings,Apple,4,38,
1972,28,39,76,HOLD HER TIGHT,The Osmonds,MGM,2,39,
1972,28,40,56,HOLD YOUR HEAD UP,Argent,Epic,4,40,
1972,28,53,37,I SAW THE LIGHT,Todd Rundgren,Bearsville,14,16,
1972,28,41,42,YOU SAID A BAD WORD,Joe Tex,Dial,8,41,
1972,28,42,45,AFTER MIDNIGHT,J.J. Cale,Shelter,8,42,
1972,28,43,48,WE’RE FREE,Beverly Bremers,Scepter,11,43,
1972,28,44,47,WE’RE ON OUR WAY,Chris Hodge,Apple,6,44,
1972,28,45,53,THE RUNWAY,The Grass Roots,Dunhill,4,45,
1972,28,46,51,GONE,Joey Heatherton,MGM,7,46,
1972,28,47,67,MOTORCYCLE MAMA,Sailcat,Elektra,4,47,
1972,28,48,61,BROWN EYED GIRL,El Chicano,Kapp,4,48,
1972,28,49,57,BABY LET ME TAKE YOU (In My Arms),The Detroit Emeralds,Westbound,7,49,
1972,28,50,60,YOU DON’T MESS AROUND WITH JIM,Jim Croce,ABC,2,50,
1972,29,1,1,LEAN ON ME,Bill Withers,Sussex,13,1,2 weeks at #1
1972,29,2,4,TOO LATE TO TURN BACK NOW,Cornelius Brothers and Sister Rose,United Artists,8,2,
1972,29,3,2,OUTA-SPACE / I WROTE A SIMPLE SONG,Billy Preston,A&M,18,2,
1972,29,4,3,SONG SUNG BLUE,Neil Diamond,Uni,11,1,
1972,29,5,12,BRANDY (You’re a Fine Girl),Looking Glass,Epic,5,5,
1972,29,6,7,"ROCKET MAN (I Think It’s Gonna Be A long, Long Time)",Elton John,Uni,11,6,
1972,29,7,8,DADDY DON’T YOU WALK SO FAST,Wayne Newton,Chelsea,13,7,
1972,29,8,20,ALONE AGAIN (Naturally),Gilbert O’Sullivan,MAM,5,8,
1972,29,9,10,(If Loving You Is Wrong) I DON’T WANT TO BE RIGHT,Luther Ingram,KoKo,7,9,
1972,29,10,19,WHERE IS THE LOVE,Roberta Flack and Donny Hathaway,Atlantic,6,10,
1972,29,11,13,HOW DO YOU DO,Mouth and MacNeal,Philips,12,11,
1972,29,12,16,SCHOOL’S OUT,Alice Cooper,Warner Brothers,7,12,
1972,29,13,14,TOO YOUNG,Donny Osmond,MGM,6,13,
1972,29,14,17,TAKE IT EASY,Eagles,Asylum,7,14,
1972,29,15,15,LAYLA,Derek and the Dominos,Atco,20,15,
1972,29,16,18,I WANNA BE WHERE YOU ARE,Michael Jackson,Motown,8,16,
1972,29,17,5,THE CANDY MAN,"Sammy Davis, Jr. with the Mike Curb Congregation",MGM,19,1,
1972,29,18,6,TROGLODYTE (Cave Man),The Jimmy Castor Bunch,RCA,10,6,
1972,29,19,22,CONQUISTADOR,Procol Harum,A&M,8,19,
1972,29,20,9,I NEED YOU,America,Warner Brothers,9,9,
1972,29,21,11,NICE TO BE WITH YOU,Gallery,Sussex,21,4,
1972,29,22,33,LONG COOL WOMAN (In a Black Dress),The Hollies,Epic,4,22,
1972,29,23,28,DAY BY DAY,Godspell,Bell,9,23,
1972,29,24,39,HOLD HER TIGHT,The Osmonds,MGM,3,24,
1972,29,25,35,THE HAPPIEST GIRL IN THE WHOLE U.S.A.,Donna Fargo,Dot,8,25,
1972,29,26,26,ALL THE KING’S HORSES,Aretha Franklin,Atlantic,7,26,
1972,29,27,31,PEOPLE MAKE THE WORLD GO ROUND,The Stylistics,Avco,9,27,
1972,29,28,34,COCONUT,Nilsson,RCA,6,28,
1972,29,29,38,MARY HAD A LITTLE LAMB / LITTLE WOMAN LOVE,Wings,Apple,5,29,
1972,29,30,57,I’M STILL IN LOVE WITH YOU,Al Green,Hi,2,30,
1972,29,31,27,I’VE BEEN LONELY FOR SO LONG,Frederick Knight,Stax,13,27,
1972,29,32,36,SEALED WITH A KISS,Bobby Vinton,Epic,6,32,
1972,29,33,23,(Last Night) I DIDN’T GET TO SLEEP AT ALL,The 5th Dimension,Bell,16,8,
1972,29,34,40,HOLD YOUR HEAD UP,Argent,Epic,5,34,
1972,29,35,37,SUPERWOMAN (Where Were You When I Needed You),Stevie Wonder,Tamla,9,35,
1972,29,36,24,OH GIRL,The Chi-Lites,Brunswick,15,1,
1972,29,37,46,GONE,Joey Heatherton,MGM,8,37,
1972,29,38,25,I’LL TAKE YOU THERE,The Staple Singers,Stax,15,1,
1972,29,39,47,MOTORCYCLE MAMA,Sailcat,Elektra,5,39,
1972,29,40,21,AMAZING GRACE,The Pipes and Drums and the Military Band of the Royal Scots Dragoon Guards,RCA,9,11,
1972,29,51,32,HOW CAN I BE SURE,David Cassidy,Bell,9,25,
1972,29,41,50,YOU DON’T MESS AROUND WITH JIM,Jim Croce,ABC,3,41,
1972,29,42,42,AFTER MIDNIGHT,J.J. Cale,Shelter,9,42,
1972,29,43,43,WE’RE FREE,Beverly Bremers,Scepter,12,43,
1972,29,44,45,THE RUNWAY,The Grass Roots,Dunhill,5,44,
1972,29,45,48,BROWN EYED GIRL,El Chicano,Kapp,5,45,
1972,29,46,44,WE’RE ON OUR WAY,Chris Hodge,Apple,7,44,
1972,29,47,49,BABY LET ME TAKE YOU (In My Arms),The Detroit Emeralds,Westbound,8,47,
1972,29,48,51,HONKY TONK (Part 1),The James Brown Soul Train,Polydor,4,48,
1972,29,49,56,SWEET INSPIRATION / WHERE YOU LEAD (Medley),Barbra Streisand,Columbia,4,49,
1972,29,50,55,I’M COMING HOME,Stories,Kama Sutra,5,50,
1972,30,1,1,LEAN ON ME,Bill Withers,Sussex,14,1,3 weeks at #1
1972,30,2,2,TOO LATE TO TURN BACK NOW,Cornelius Brothers and Sister Rose,United Artists,9,2,
1972,30,3,8,ALONE AGAIN (Naturally),Gilbert O’Sullivan,MAM,6,3,
1972,30,4,5,BRANDY (You’re a Fine Girl),Looking Glass,Epic,6,4,
1972,30,5,9,(If Loving You Is Wrong) I DON’T WANT TO BE RIGHT,Luther Ingram,KoKo,8,5,
1972,30,6,7,DADDY DON’T YOU WALK SO FAST,Wayne Newton,Chelsea,14,6,
1972,30,7,10,WHERE IS THE LOVE,Roberta Flack and Donny Hathaway,Atlantic,7,7,
1972,30,8,11,HOW DO YOU DO,Mouth and MacNeal,Philips,13,8,
1972,30,9,6,"ROCKET MAN (I Think It’s Gonna Be A long, Long Time)",Elton John,Uni,12,6,
1972,30,10,12,SCHOOL’S OUT,Alice Cooper,Warner Brothers,8,10,
1972,30,11,15,LAYLA,Derek and the Dominos,Atco,21,11,
1972,30,12,14,TAKE IT EASY,Eagles,Asylum,8,12,
1972,30,13,13,TOO YOUNG,Donny Osmond,MGM,7,13,
1972,30,14,3,OUTA-SPACE / I WROTE A SIMPLE SONG,Billy Preston,A&M,19,2,
1972,30,15,4,SONG SUNG BLUE,Neil Diamond,Uni,12,1,
1972,30,16,16,I WANNA BE WHERE YOU ARE,Michael Jackson,Motown,9,16,
1972,30,17,19,CONQUISTADOR,Procol Harum,A&M,9,17,
1972,30,18,22,LONG COOL WOMAN (In a Black Dress),The Hollies,Epic,5,18,
1972,30,19,23,DAY BY DAY,Godspell,Bell,10,19,
1972,30,20,24,HOLD HER TIGHT,The Osmonds,MGM,4,20,
1972,30,21,30,I’M STILL IN LOVE WITH YOU,Al Green,Hi,3,21,
1972,30,22,25,THE HAPPIEST GIRL IN THE WHOLE U.S.A.,Donna Fargo,Dot,9,22,
1972,30,23,17,THE CANDY MAN,"Sammy Davis, Jr. with the Mike Curb Congregation",MGM,20,1,
1972,30,24,28,COCONUT,Nilsson,RCA,7,24,
1972,30,25,27,PEOPLE MAKE THE WORLD GO ROUND,The Stylistics,Avco,10,25,
1972,30,26,18,TROGLODYTE (Cave Man),The Jimmy Castor Bunch,RCA,11,6,
1972,30,27,20,I NEED YOU,America,Warner Brothers,10,9,
1972,30,28,29,MARY HAD A LITTLE LAMB / LITTLE WOMAN LOVE,Wings,Apple,6,28,
1972,30,29,34,HOLD YOUR HEAD UP,Argent,Epic,6,29,
1972,30,30,32,SEALED WITH A KISS,Bobby Vinton,Epic,7,30,
1972,30,31,41,YOU DON’T MESS AROUND WITH JIM,Jim Croce,ABC,4,31,
1972,30,32,26,ALL THE KING’S HORSES,Aretha Franklin,Atlantic,8,26,
1972,30,33,35,SUPERWOMAN (Where Were You When I Needed You),Stevie Wonder,Tamla,10,33,
1972,30,34,37,GONE,Joey Heatherton,MGM,9,34,
1972,30,35,39,MOTORCYCLE MAMA,Sailcat,Elektra,6,35,
1972,30,36,21,NICE TO BE WITH YOU,Gallery,Sussex,22,4,
1972,30,37,31,I’VE BEEN LONELY FOR SO LONG,Frederick Knight,Stax,14,27,
1972,30,38,68,GOODBYE TO LOVE,The Carpenters,A&M,2,38,
1972,30,39,44,THE RUNWAY,The Grass Roots,Dunhill,6,39,
1972,30,40,43,WE’RE FREE,Beverly Bremers,Scepter,13,40,
1972,30,41,55,BREAKING UP IS HARD TO DO,The Partridge Family (Starring Shirley Jones and Featuring David Cassidy),Bell,4,41,
1972,30,42,47,BABY LET ME TAKE YOU (In My Arms),The Detroit Emeralds,Westbound,9,42,
1972,30,43,69,HAPPY,The Rolling Stones,Rolling Stones,2,43,
1972,30,44,49,SWEET INSPIRATION / WHERE YOU LEAD (Medley),Barbra Streisand,Columbia,5,44,
1972,30,45,48,HONKY TONK (Part 1),The James Brown Soul Train,Polydor,5,45,
1972,30,46,45,BROWN EYED GIRL,El Chicano,Kapp,6,45,
1972,30,47,52,SMALL BEGINNINGS,Flash,Capitol,5,47,
1972,30,48,46,WE’RE ON OUR WAY,Chris Hodge,Apple,8,44,
1972,30,49,50,I’M COMING HOME,Stories,Kama Sutra,6,49,
1972,30,50,58,BEAUTIFUL SUNDAY,Daniel Boone,Mercury,8,50,
1972,31,1,3,ALONE AGAIN (Naturally),Gilbert O’Sullivan,MAM,7,1,1 week at #1
1972,31,2,4,BRANDY (You’re a Fine Girl),Looking Glass,Epic,7,2,
1972,31,3,2,TOO LATE TO TURN BACK NOW,Cornelius Brothers and Sister Rose,United Artists,10,2,
1972,31,4,5,(If Loving You Is Wrong) I DON’T WANT TO BE RIGHT,Luther Ingram,KoKo,9,4,
1972,31,5,6,DADDY DON’T YOU WALK SO FAST,Wayne Newton,Chelsea,15,5,
1972,31,6,7,WHERE IS THE LOVE,Roberta Flack and Donny Hathaway,Atlantic,8,6,
1972,31,7,10,SCHOOL’S OUT,Alice Cooper,Warner Brothers,9,7,
1972,31,8,8,HOW DO YOU DO,Mouth and MacNeal,Philips,14,8,
1972,31,9,1,LEAN ON ME,Bill Withers,Sussex,15,1,
1972,31,10,18,LONG COOL WOMAN (In a Black Dress),The Hollies,Epic,6,10,
1972,31,11,11,LAYLA,Derek and the Dominos,Atco,22,11,
1972,31,12,12,TAKE IT EASY,Eagles,Asylum,9,12,
1972,31,13,19,DAY BY DAY,Godspell,Bell,11,13,
1972,31,14,9,"ROCKET MAN (I Think It’s Gonna Be A long, Long Time)",Elton John,Uni,13,6,
1972,31,15,24,COCONUT,Nilsson,RCA,8,15,
1972,31,16,17,CONQUISTADOR,Procol Harum,A&M,10,16,
1972,31,17,20,HOLD HER TIGHT,The Osmonds,MGM,5,17,
1972,31,18,21,I’M STILL IN LOVE WITH YOU,Al Green,Hi,4,18,
1972,31,19,22,THE HAPPIEST GIRL IN THE WHOLE U.S.A.,Donna Fargo,Dot,10,19,
1972,31,20,13,TOO YOUNG,Donny Osmond,MGM,8,13,
1972,31,21,15,SONG SUNG BLUE,Neil Diamond,Uni,13,1,
1972,31,22,14,OUTA-SPACE / I WROTE A SIMPLE SONG,Billy Preston,A&M,20,2,
1972,31,23,29,HOLD YOUR HEAD UP,Argent,Epic,7,23,
1972,31,24,16,I WANNA BE WHERE YOU ARE,Michael Jackson,Motown,10,16,
1972,31,25,25,PEOPLE MAKE THE WORLD GO ROUND,The Stylistics,Avco,9,25,
1972,31,26,30,SEALED WITH A KISS,Bobby Vinton,Epic,8,26,
1972,31,27,31,YOU DON’T MESS AROUND WITH JIM,Jim Croce,ABC,5,27,
1972,31,28,35,MOTORCYCLE MAMA,Sailcat,Elektra,8,28,
1972,31,29,34,GONE,Joey Heatherton,MGM,10,29,
1972,31,30,38,GOODBYE TO LOVE,The Carpenters,A&M,3,30,
1972,31,31,43,HAPPY,The Rolling Stones,Rolling Stones,3,31,
1972,31,32,23,THE CANDY MAN,"Sammy Davis, Jr. with the Mike Curb Congregation",MGM,21,1,
1972,31,33,26,TROGLODYTE (Cave Man),The Jimmy Castor Bunch,RCA,12,6,
1972,31,34,42,BABY LET ME TAKE YOU (In My Arms),The Detroit Emeralds,Westbound,10,34,
1972,31,35,28,MARY HAD A LITTLE LAMB / LITTLE WOMAN LOVE,Wings,Apple,7,28,
1972,31,36,41,BREAKING UP IS HARD TO DO,The Partridge Family (Starring Shirley Jones and Featuring David Cassidy),Bell,5,36,
1972,31,37,47,SMALL BEGINNINGS,Flash,Capitol,6,37,
1972,31,38,61,LOOKIN’ THROUGH THE WINDOWS,Jackson 5,Motown,3,38,
1972,31,39,39,THE RUNWAY,The Grass Roots,Dunhill,7,39,
1972,31,40,40,WE’RE FREE,Beverly Bremers,Scepter,14,40,
1972,31,43,33,SUPERWOMAN (Where Were You When I Needed You),Stevie Wonder,Tamla,11,33,
1972,31,41,44,SWEET INSPIRATION / WHERE YOU LEAD (Medley),Barbra Streisand,Columbia,6,41,
1972,31,42,58,BABY DON’T GET HOOKED ON ME,Mac Davis,Columbia,5,42,
1972,31,44,45,HONKY TONK (Part 1),The James Brown Soul Train,Polydor,6,44,
1972,31,45,50,BEAUTIFUL SUNDAY,Daniel Boone,Mercury,9,45,
1972,31,46,49,I’M COMING HOME,Stories,Kama Sutra,7,46,
1972,31,47,53,WHEN YOU SAY LOVE,Sonny and Cher,Kapp,4,47,
1972,31,48,51,WE’VE COME TOO FAR TO END IT NOW,Smokey Robinson and the Miracles,Tamla,6,48,
1972,31,49,70,JOIN TOGETHER,The Who,Decca,2,49,
1972,31,50,84,ROCK AND ROLL (Part 2),Gary Glitter,Bell,2,50,
1972,32,1,1,ALONE AGAIN (Naturally),Gilbert O’Sullivan,MAM,8,1,2 weeks at #1
1972,32,2,2,BRANDY (You’re a Fine Girl),Looking Glass,Epic,8,2,
1972,32,3,4,(If Loving You Is Wrong) I DON’T WANT TO BE RIGHT,Luther Ingram,KoKo,10,3,
1972,32,4,5,DADDY DON’T YOU WALK SO FAST,Wayne Newton,Chelsea,16,4,
1972,32,5,3,TOO LATE TO TURN BACK NOW,Cornelius Brothers and Sister Rose,United Artists,11,2,
1972,32,6,6,WHERE IS THE LOVE,Roberta Flack and Donny Hathaway,Atlantic,9,6,
1972,32,7,7,SCHOOL’S OUT,Alice Cooper,Warner Brothers,10,7,
1972,32,8,8,HOW DO YOU DO,Mouth and MacNeal,Philips,15,8,
1972,32,9,10,LONG COOL WOMAN (In a Black Dress),The Hollies,Epic,7,9,
1972,32,10,11,LAYLA,Derek and the Dominos,Atco,23,10,
1972,32,11,9,LEAN ON ME,Bill Withers,Sussex,16,1,
1972,32,12,15,COCONUT,Nilsson,RCA,9,12,
1972,32,13,13,DAY BY DAY,Godspell,Bell,12,13,
1972,32,14,17,HOLD HER TIGHT,The Osmonds,MGM,6,14,
1972,32,15,18,I’M STILL IN LOVE WITH YOU,Al Green,Hi,5,15,
1972,32,16,19,THE HAPPIEST GIRL IN THE WHOLE U.S.A.,Donna Fargo,Dot,11,16,
1972,32,17,16,CONQUISTADOR,Procol Harum,A&M,11,16,
1972,32,18,14,"ROCKET MAN (I Think It’s Gonna Be A long, Long Time)",Elton John,Uni,14,6,
1972,32,19,12,TAKE IT EASY,Eagles,Asylum,10,12,
1972,32,20,23,HOLD YOUR HEAD UP,Argent,Epic,8,20,
1972,32,21,27,YOU DON’T MESS AROUND WITH JIM,Jim Croce,ABC,6,21,
1972,32,22,30,GOODBYE TO LOVE,The Carpenters,A&M,4,22,
1972,32,23,26,SEALED WITH A KISS,Bobby Vinton,Epic,9,23,
1972,32,24,28,MOTORCYCLE MAMA,Sailcat,Elektra,9,24,
1972,32,25,29,GONE,Joey Heatherton,MGM,11,25,
1972,32,26,20,TOO YOUNG,Donny Osmond,MGM,9,13,
1972,32,27,22,OUTA-SPACE / I WROTE A SIMPLE SONG,Billy Preston,A&M,21,2,
1972,32,28,31,HAPPY,The Rolling Stones,Rolling Stones,4,28,
1972,32,29,38,LOOKIN’ THROUGH THE WINDOWS,Jackson 5,Motown,4,29,
1972,32,30,25,PEOPLE MAKE THE WORLD GO ROUND,The Stylistics,Avco,10,25,
1972,32,31,34,BABY LET ME TAKE YOU (In My Arms),The Detroit Emeralds,Westbound,11,31,
1972,32,32,36,BREAKING UP IS HARD TO DO,The Partridge Family (Starring Shirley Jones and Featuring David Cassidy),Bell,6,32,
1972,32,33,37,SMALL BEGINNINGS,Flash,Capitol,7,33,
1972,32,34,50,ROCK AND ROLL (Part 2),Gary Glitter,Bell,3,34,
1972,32,35,42,BABY DON’T GET HOOKED ON ME,Mac Davis,Columbia,6,35,
1972,32,36,47,WHEN YOU SAY LOVE,Sonny and Cher,Kapp,5,36,
1972,32,37,24,I WANNA BE WHERE YOU ARE,Michael Jackson,Motown,11,16,
1972,32,38,49,JOIN TOGETHER,The Who,Decca,3,38,
1972,32,39,62,THE GUITAR MAN,Bread,Elektra,2,39,
1972,32,40,45,BEAUTIFUL SUNDAY,Daniel Boone,Mercury,10,40,
1972,32,45,39,THE RUNWAY,The Grass Roots,Dunhill,8,39,
1972,32,48,40,WE’RE FREE,Beverly Bremers,Scepter,15,40,
1972,32,41,41,SWEET INSPIRATION / WHERE YOU LEAD (Medley),Barbra Streisand,Columbia,7,41,
1972,32,42,53,POP THAT THANG,The Isley Brothers,T-Neck,6,42,
1972,32,43,46,I’M COMING HOME,Stories,Kama Sutra,8,43,
1972,32,44,44,HONKY TONK (Part 1),The James Brown Soul Train,Polydor,7,44,
1972,32,46,48,WE’VE COME TOO FAR TO END IT NOW,Smokey Robinson and the Miracles,Tamla,7,46,
1972,32,47,52,POPCORN,Hot Butter,Musicor,5,47,
1972,32,49,54,IN THE GHETTO,Candi Staton,Fame,7,49,
1972,32,50,55,BACK STABBERS,The O’Jays,Philadelphia International,3,50,
1972,33,1,1,ALONE AGAIN (Naturally),Gilbert O’Sullivan,MAM,9,1,3 weeks at #1
1972,33,2,2,BRANDY (You’re a Fine Girl),Looking Glass,Epic,9,2,
1972,33,3,3,(If Loving You Is Wrong) I DON’T WANT TO BE RIGHT,Luther Ingram,KoKo,11,3,
1972,33,4,4,DADDY DON’T YOU WALK SO FAST,Wayne Newton,Chelsea,17,4,
1972,33,5,6,WHERE IS THE LOVE,Roberta Flack and Donny Hathaway,Atlantic,10,5,
1972,33,6,9,LONG COOL WOMAN (In a Black Dress),The Hollies,Epic,8,6,
1972,33,7,15,I’M STILL IN LOVE WITH YOU,Al Green,Hi,6,7,
1972,33,8,5,TOO LATE TO TURN BACK NOW,Cornelius Brothers and Sister Rose,United Artists,12,2,
1972,33,9,8,HOW DO YOU DO,Mouth and MacNeal,Philips,16,8,
1972,33,10,7,SCHOOL’S OUT,Alice Cooper,Warner Brothers,11,7,
1972,33,11,12,COCONUT,Nilsson,RCA,10,11,
1972,33,12,22,GOODBYE TO LOVE,The Carpenters,A&M,5,12,
1972,33,13,16,THE HAPPIEST GIRL IN THE WHOLE U.S.A.,Donna Fargo,Dot,12,13,
1972,33,14,14,HOLD HER TIGHT,The Osmonds,MGM,7,14,
1972,33,15,11,LEAN ON ME,Bill Withers,Sussex,17,1,
1972,33,16,10,LAYLA,Derek and the Dominos,Atco,24,10,
1972,33,17,21,YOU DON’T MESS AROUND WITH JIM,Jim Croce,ABC,7,17,
1972,33,18,20,HOLD YOUR HEAD UP,Argent,Epic,9,18,
1972,33,19,13,DAY BY DAY,Godspell,Bell,13,13,
1972,33,20,24,MOTORCYCLE MAMA,Sailcat,Elektra,10,20,
1972,33,21,23,SEALED WITH A KISS,Bobby Vinton,Epic,10,21,
1972,33,22,29,LOOKIN’ THROUGH THE WINDOWS,Jackson 5,Motown,5,22,
1972,33,23,28,HAPPY,The Rolling Stones,Rolling Stones,5,23,
1972,33,24,25,GONE,Joey Heatherton,MGM,12,24,
1972,33,25,34,ROCK AND ROLL (Part 2),Gary Glitter,Bell,4,25,
1972,33,26,39,THE GUITAR MAN,Bread,Elektra,3,26,
1972,33,27,35,BABY DON’T GET HOOKED ON ME,Mac Davis,Columbia,7,27,
1972,33,28,38,JOIN TOGETHER,The Who,Decca,4,28,
1972,33,29,32,BREAKING UP IS HARD TO DO,The Partridge Family (Starring Shirley Jones and Featuring David Cassidy),Bell,7,29,
1972,33,30,31,BABY LET ME TAKE YOU (In My Arms),The Detroit Emeralds,Westbound,12,30,
1972,33,31,40,BEAUTIFUL SUNDAY,Daniel Boone,Mercury,11,31,
1972,33,32,33,SMALL BEGINNINGS,Flash,Capitol,8,32,
1972,33,33,36,WHEN YOU SAY LOVE,Sonny and Cher,Kapp,6,33,
1972,33,34,17,CONQUISTADOR,Procol Harum,A&M,12,16,
1972,33,35,18,"ROCKET MAN (I Think It’s Gonna Be A long, Long Time)",Elton John,Uni,15,6,
1972,33,36,27,OUTA-SPACE / I WROTE A SIMPLE SONG,Billy Preston,A&M,22,2,
1972,33,37,50,BACK STABBERS,The O’Jays,Philadelphia International,4,37,
1972,33,38,19,TAKE IT EASY,Eagles,Asylum,11,12,
1972,33,39,41,SWEET INSPIRATION / WHERE YOU LEAD (Medley),Barbra Streisand,Columbia,8,39,
1972,33,40,60,SATURDAY IN THE PARK,Chicago,Columbia,2,40,
1972,33,50,30,PEOPLE MAKE THE WORLD GO ROUND,The Stylistics,Avco,11,25,
1972,33,41,42,POP THAT THANG,The Isley Brothers,T-Neck,7,41,
1972,33,42,51,POWER OF LOVE,Joe Simon,Spring,6,42,
1972,33,43,43,I’M COMING HOME,Stories,Kama Sutra,9,43,
1972,33,44,47,POPCORN,Hot Butter,Musicor,6,44,
1972,33,45,57,GO ALL THE WAY,The Raspberries,Capitol,7,45,
1972,33,46,46,WE’VE COME TOO FAR TO END IT NOW,Smokey Robinson and the Miracles,Tamla,8,46,
1972,33,47,52,YOU’RE STILL A YOUNG MAN,The Tower Of Power,Warner Brothers,5,47,
1972,33,48,49,IN THE GHETTO,Candi Staton,Fame,8,48,
1972,33,49,61,RUN TO ME,The Bee Gees,Atco,3,49,
1972,34,1,1,ALONE AGAIN (Naturally),Gilbert O’Sullivan,MAM,10,1,4 weeks at #1
1972,34,2,2,BRANDY (You’re a Fine Girl),Looking Glass,Epic,10,2,
1972,34,3,6,LONG COOL WOMAN (In a Black Dress),The Hollies,Epic,9,3,
1972,34,4,3,(If Loving You Is Wrong) I DON’T WANT TO BE RIGHT,Luther Ingram,KoKo,12,3,
1972,34,5,7,I’M STILL IN LOVE WITH YOU,Al Green,Hi,7,5,
1972,34,6,5,WHERE IS THE LOVE,Roberta Flack and Donny Hathaway,Atlantic,11,5,
1972,34,7,4,DADDY DON’T YOU WALK SO FAST,Wayne Newton,Chelsea,18,4,
1972,34,8,18,HOLD YOUR HEAD UP,Argent,Epic,10,8,
1972,34,9,11,COCONUT,Nilsson,RCA,11,9,
1972,34,10,12,GOODBYE TO LOVE,The Carpenters,A&M,6,10,
1972,34,11,13,THE HAPPIEST GIRL IN THE WHOLE U.S.A.,Donna Fargo,Dot,13,11,
1972,34,12,17,YOU DON’T MESS AROUND WITH JIM,Jim Croce,ABC,8,12,
1972,34,13,8,TOO LATE TO TURN BACK NOW,Cornelius Brothers and Sister Rose,United Artists,13,2,
1972,34,14,10,SCHOOL’S OUT,Alice Cooper,Warner Brothers,12,7,
1972,34,15,9,HOW DO YOU DO,Mouth and MacNeal,Philips,17,8,
1972,34,16,20,MOTORCYCLE MAMA,Sailcat,Elektra,11,16,
1972,34,17,26,THE GUITAR MAN,Bread,Elektra,4,17,
1972,34,18,27,BABY DON’T GET HOOKED ON ME,Mac Davis,Columbia,8,18,
1972,34,19,21,SEALED WITH A KISS,Bobby Vinton,Epic,11,19,
1972,34,20,22,LOOKIN’ THROUGH THE WINDOWS,Jackson 5,Motown,6,20,
1972,34,21,25,ROCK AND ROLL (Part 2),Gary Glitter,Bell,5,21,
1972,34,22,23,HAPPY,The Rolling Stones,Rolling Stones,6,22,
1972,34,23,28,JOIN TOGETHER,The Who,Decca,5,23,
1972,34,24,24,GONE,Joey Heatherton,MGM,13,24,
1972,34,25,15,LEAN ON ME,Bill Withers,Sussex,18,1,
1972,34,26,37,BACK STABBERS,The O’Jays,Philadelphia International,5,26,
1972,34,27,30,BABY LET ME TAKE YOU (In My Arms),The Detroit Emeralds,Westbound,13,27,
1972,34,28,29,BREAKING UP IS HARD TO DO,The Partridge Family (Starring Shirley Jones and Featuring David Cassidy),Bell,8,28,
1972,34,29,31,BEAUTIFUL SUNDAY,Daniel Boone,Mercury,12,29,
1972,34,30,14,HOLD HER TIGHT,The Osmonds,MGM,8,14,
1972,34,31,32,SMALL BEGINNINGS,Flash,Capitol,9,31,
1972,34,32,33,WHEN YOU SAY LOVE,Sonny and Cher,Kapp,7,32,
1972,34,33,40,SATURDAY IN THE PARK,Chicago,Columbia,3,33,
1972,34,34,16,LAYLA,Derek and the Dominos,Atco,25,10,
1972,34,35,19,DAY BY DAY,Godspell,Bell,14,13,
1972,34,36,41,POP THAT THANG,The Isley Brothers,T-Neck,8,36,
1972,34,37,42,POWER OF LOVE,Joe Simon,Spring,7,37,
1972,34,38,39,SWEET INSPIRATION / WHERE YOU LEAD (Medley),Barbra Streisand,Columbia,9,38,
1972,34,39,44,POPCORN,Hot Butter,Musicor,7,39,
1972,34,40,45,GO ALL THE WAY,The Raspberries,Capitol,8,40,
1972,34,46,34,CONQUISTADOR,Procol Harum,A&M,13,16,
1972,34,41,47,YOU’RE STILL A YOUNG MAN,The Tower Of Power,Warner Brothers,6,41,
1972,34,42,43,I’M COMING HOME,Stories,Kama Sutra,10,42,
1972,34,43,49,RUN TO ME,The Bee Gees,Atco,4,43,
1972,34,44,63,HONKY CAT,Elton John,Uni,2,44,
1972,34,45,51,THIS WORLD,The Staple Singers,Stax,3,45,
1972,34,47,61,BLACK & WHITE,Three Dog Night,Dunhill,2,47,
1972,34,48,48,IN THE GHETTO,Candi Staton,Fame,9,48,
1972,34,49,59,THE CITY OF NEW ORLEANS,Arlo Guthrie,Reprise,4,49,
1972,34,50,53,THE COLDEST DAYS OF MY LIFE (Part 1),The Chi-Lites,Brunswick,6,50,
1972,35,1,2,BRANDY (You’re a Fine Girl),Looking Glass,Epic,11,1,1 week at #1
1972,35,2,1,ALONE AGAIN (Naturally),Gilbert O’Sullivan,MAM,11,1,
1972,35,3,3,LONG COOL WOMAN (In a Black Dress),The Hollies,Epic,10,3,
1972,35,4,5,I’M STILL IN LOVE WITH YOU,Al Green,Hi,8,4,
1972,35,5,8,HOLD YOUR HEAD UP,Argent,Epic,11,5,
1972,35,6,4,(If Loving You Is Wrong) I DON’T WANT TO BE RIGHT,Luther Ingram,KoKo,13,3,
1972,35,7,10,GOODBYE TO LOVE,The Carpenters,A&M,7,7,
1972,35,8,9,COCONUT,Nilsson,RCA,12,8,
1972,35,9,12,YOU DON’T MESS AROUND WITH JIM,Jim Croce,ABC,9,9,
1972,35,10,18,BABY DON’T GET HOOKED ON ME,Mac Davis,Columbia,9,10,
1972,35,11,11,THE HAPPIEST GIRL IN THE WHOLE U.S.A.,Donna Fargo,Dot,14,11,
1972,35,12,16,MOTORCYCLE MAMA,Sailcat,Elektra,12,12,
1972,35,13,17,THE GUITAR MAN,Bread,Elektra,5,13,
1972,35,14,26,BACK STABBERS,The O’Jays,Philadelphia International,6,14,
1972,35,15,7,DADDY DON’T YOU WALK SO FAST,Wayne Newton,Chelsea,19,4,
1972,35,16,20,LOOKIN’ THROUGH THE WINDOWS,Jackson 5,Motown,7,16,
1972,35,17,21,ROCK AND ROLL (Part 2),Gary Glitter,Bell,6,17,
1972,35,18,6,WHERE IS THE LOVE,Roberta Flack and Donny Hathaway,Atlantic,12,5,
1972,35,19,19,SEALED WITH A KISS,Bobby Vinton,Epic,12,19,
1972,35,20,33,SATURDAY IN THE PARK,Chicago,Columbia,4,20,
1972,35,21,14,SCHOOL’S OUT,Alice Cooper,Warner Brothers,13,7,
1972,35,22,23,JOIN TOGETHER,The Who,Decca,6,22,
1972,35,23,47,BLACK & WHITE,Three Dog Night,Dunhill,3,23,
1972,35,24,29,BEAUTIFUL SUNDAY,Daniel Boone,Mercury,13,24,
1972,35,25,27,BABY LET ME TAKE YOU (In My Arms),The Detroit Emeralds,Westbound,14,25,
1972,35,26,15,HOW DO YOU DO,Mouth and MacNeal,Philips,18,8,
1972,35,27,37,POWER OF LOVE,Joe Simon,Spring,8,27,
1972,35,28,40,GO ALL THE WAY,The Raspberries,Capitol,9,28,
1972,35,29,31,SMALL BEGINNINGS,Flash,Capitol,10,29,
1972,35,30,13,TOO LATE TO TURN BACK NOW,Cornelius Brothers and Sister Rose,United Artists,14,2,
1972,35,31,25,LEAN ON ME,Bill Withers,Sussex,19,1,
1972,35,32,32,WHEN YOU SAY LOVE,Sonny and Cher,Kapp,8,32,
1972,35,33,39,POPCORN,Hot Butter,Musicor,8,33,
1972,35,34,36,POP THAT THANG,The Isley Brothers,T-Neck,9,34,
1972,35,35,24,GONE,Joey Heatherton,MGM,14,24,
1972,35,36,41,YOU’RE STILL A YOUNG MAN,The Tower Of Power,Warner Brothers,7,36,
1972,35,37,43,RUN TO ME,The Bee Gees,Atco,5,37,
1972,35,38,38,SWEET INSPIRATION / WHERE YOU LEAD (Medley),Barbra Streisand,Columbia,10,38,
1972,35,39,45,THIS WORLD,The Staple Singers,Stax,4,39,
1972,35,40,44,HONKY CAT,Elton John,Uni,3,40,
1972,35,41,22,HAPPY,The Rolling Stones,Rolling Stones,7,22,
1972,35,43,30,HOLD HER TIGHT,The Osmonds,MGM,9,14,
1972,35,45,28,BREAKING UP IS HARD TO DO,The Partridge Family (Starring Shirley Jones and Featuring David Cassidy),Bell,9,28,
1972,35,42,51,EVERYBODY PLAYS THE FOOL,The Main Ingredient,RCA,6,42,
1972,35,44,55,PLAY ME,Neil Diamond,Uni,3,44,
1972,35,46,49,THE CITY OF NEW ORLEANS,Arlo Guthrie,Reprise,5,46,
1972,35,47,69,NIGHTS IN WHITE SATIN,The Moody Blues,Deram,4,47,
1972,35,48,50,THE COLDEST DAYS OF MY LIFE (Part 1),The Chi-Lites,Brunswick,7,48,
1972,35,49,57,SPEAK TO THE SKY,Rick Springfield,Capitol,4,49,
1972,35,50,52,STARTING ALL OVER AGAIN,Mel and Tim,Stax,8,50,
1972,36,1,2,ALONE AGAIN (Naturally),Gilbert O’Sullivan,MAM,12,1,5 weeks at #1
1972,36,2,3,LONG COOL WOMAN (In a Black Dress),The Hollies,Epic,11,2,
1972,36,3,4,I’M STILL IN LOVE WITH YOU,Al Green,Hi,9,3,
1972,36,4,1,BRANDY (You’re a Fine Girl),Looking Glass,Epic,12,1,
1972,36,5,5,HOLD YOUR HEAD UP,Argent,Epic,12,5,
1972,36,6,10,BABY DON’T GET HOOKED ON ME,Mac Davis,Columbia,10,6,
1972,36,7,7,GOODBYE TO LOVE,The Carpenters,A&M,8,7,
1972,36,8,9,YOU DON’T MESS AROUND WITH JIM,Jim Croce,ABC,10,8,
1972,36,9,17,ROCK AND ROLL (Part 2),Gary Glitter,Bell,7,9,
1972,36,10,14,BACK STABBERS,The O’Jays,Philadelphia International,7,10,
1972,36,11,13,THE GUITAR MAN,Bread,Elektra,6,11,
1972,36,12,12,MOTORCYCLE MAMA,Sailcat,Elektra,13,12,
1972,36,13,6,(If Loving You Is Wrong) I DON’T WANT TO BE RIGHT,Luther Ingram,KoKo,14,3,
1972,36,14,23,BLACK & WHITE,Three Dog Night,Dunhill,4,14,
1972,36,15,20,SATURDAY IN THE PARK,Chicago,Columbia,5,15,
1972,36,16,16,LOOKIN’ THROUGH THE WINDOWS,Jackson 5,Motown,8,16,
1972,36,17,8,COCONUT,Nilsson,RCA,13,8,
1972,36,18,24,BEAUTIFUL SUNDAY,Daniel Boone,Mercury,14,18,
1972,36,19,22,JOIN TOGETHER,The Who,Decca,7,19,
1972,36,20,28,GO ALL THE WAY,The Raspberries,Capitol,10,20,
1972,36,21,11,THE HAPPIEST GIRL IN THE WHOLE U.S.A.,Donna Fargo,Dot,15,11,
1972,36,22,27,POWER OF LOVE,Joe Simon,Spring,9,22,
1972,36,23,40,HONKY CAT,Elton John,Uni,4,23,
1972,36,24,25,BABY LET ME TAKE YOU (In My Arms),The Detroit Emeralds,Westbound,15,24,
1972,36,25,15,DADDY DON’T YOU WALK SO FAST,Wayne Newton,Chelsea,20,4,
1972,36,26,19,SEALED WITH A KISS,Bobby Vinton,Epic,13,19,
1972,36,27,37,RUN TO ME,The Bee Gees,Atco,6,27,
1972,36,28,33,POPCORN,Hot Butter,Musicor,9,28,
1972,36,29,29,SMALL BEGINNINGS,Flash,Capitol,11,29,
1972,36,30,34,POP THAT THANG,The Isley Brothers,T-Neck,10,30,
1972,36,31,18,WHERE IS THE LOVE,Roberta Flack and Donny Hathaway,Atlantic,13,5,
1972,36,32,42,EVERYBODY PLAYS THE FOOL,The Main Ingredient,RCA,7,32,
1972,36,33,44,PLAY ME,Neil Diamond,Uni,4,33,
1972,36,34,36,YOU’RE STILL A YOUNG MAN,The Tower Of Power,Warner Brothers,8,34,
1972,36,35,49,SPEAK TO THE SKY,Rick Springfield,Capitol,5,35,
1972,36,36,26,HOW DO YOU DO,Mouth and MacNeal,Philips,19,8,
1972,36,37,38,SWEET INSPIRATION / WHERE YOU LEAD (Medley),Barbra Streisand,Columbia,11,37,
1972,36,38,39,THIS WORLD,The Staple Singers,Stax,5,38,
1972,36,39,47,NIGHTS IN WHITE SATIN,The Moody Blues,Deram,5,39,
1972,36,40,32,WHEN YOU SAY LOVE,Sonny and Cher,Kapp,9,32,
1972,36,44,35,GONE,Joey Heatherton,MGM,15,24,
1972,36,41,46,THE CITY OF NEW ORLEANS,Arlo Guthrie,Reprise,6,41,
1972,36,42,63,MY DING-A-LING,Chuck Berry,Chess,5,42,
1972,36,43,51,BEN,Michael Jackson,Motown,5,43,
1972,36,45,54,EASY LIVIN’,Uriah Heep,Mercury,6,45,
1972,36,46,55,GET ON THE GOOD FOOT (Part 1),James Brown,Polydor,5,46,
1972,36,47,48,THE COLDEST DAYS OF MY LIFE (Part 1),The Chi-Lites,Brunswick,8,47,
1972,36,48,59,AMERICA,Yes,Atlantic,4,48,
1972,36,49,50,STARTING ALL OVER AGAIN,Mel and Tim,Stax,9,49,
1972,36,50,41,HAPPY,The Rolling Stones,Rolling Stones,8,22,
1972,37,1,1,ALONE AGAIN (Naturally),Gilbert O’Sullivan,MAM,13,1,6 weeks at #1
1972,37,2,2,LONG COOL WOMAN (In a Black Dress),The Hollies,Epic,12,2,
1972,37,3,3,I’M STILL IN LOVE WITH YOU,Al Green,Hi,10,3,
1972,37,4,6,BABY DON’T GET HOOKED ON ME,Mac Davis,Columbia,11,4,
1972,37,5,4,BRANDY (You’re a Fine Girl),Looking Glass,Epic,13,1,
1972,37,6,10,BACK STABBERS,The O’Jays,Philadelphia International,8,6,
1972,37,7,9,ROCK AND ROLL (Part 2),Gary Glitter,Bell,8,7,
1972,37,8,8,YOU DON’T MESS AROUND WITH JIM,Jim Croce,ABC,11,8,
1972,37,9,14,BLACK & WHITE,Three Dog Night,Dunhill,5,9,
1972,37,10,15,SATURDAY IN THE PARK,Chicago,Columbia,6,10,
1972,37,11,11,THE GUITAR MAN,Bread,Elektra,7,11,
1972,37,12,5,HOLD YOUR HEAD UP,Argent,Epic,13,5,
1972,37,13,23,HONKY CAT,Elton John,Uni,5,13,
1972,37,14,7,GOODBYE TO LOVE,The Carpenters,A&M,9,7,
1972,37,15,20,GO ALL THE WAY,The Raspberries,Capitol,11,15,
1972,37,16,18,BEAUTIFUL SUNDAY,Daniel Boone,Mercury,15,16,
1972,37,17,19,JOIN TOGETHER,The Who,Decca,8,17,
1972,37,18,22,POWER OF LOVE,Joe Simon,Spring,10,18,
1972,37,19,12,MOTORCYCLE MAMA,Sailcat,Elektra,14,12,
1972,37,20,27,RUN TO ME,The Bee Gees,Atco,7,20,
1972,37,21,33,PLAY ME,Neil Diamond,Uni,5,21,
1972,37,22,32,EVERYBODY PLAYS THE FOOL,The Main Ingredient,RCA,8,22,
1972,37,23,28,POPCORN,Hot Butter,Musicor,10,23,
1972,37,24,13,(If Loving You Is Wrong) I DON’T WANT TO BE RIGHT,Luther Ingram,KoKo,15,3,
1972,37,25,30,POP THAT THANG,The Isley Brothers,T-Neck,11,25,
1972,37,26,43,BEN,Michael Jackson,Motown,6,26,
1972,37,27,16,LOOKIN’ THROUGH THE WINDOWS,Jackson 5,Motown,9,16,
1972,37,28,39,NIGHTS IN WHITE SATIN,The Moody Blues,Deram,6,28,
1972,37,29,35,SPEAK TO THE SKY,Rick Springfield,Capitol,6,29,
1972,37,30,34,YOU’RE STILL A YOUNG MAN,The Tower Of Power,Warner Brothers,9,30,
1972,37,31,42,MY DING-A-LING,Chuck Berry,Chess,6,31,
1972,37,32,17,COCONUT,Nilsson,RCA,14,8,
1972,37,33,53,USE ME,Bill Withers,Sussex,3,33,
1972,37,34,21,THE HAPPIEST GIRL IN THE WHOLE U.S.A.,Donna Fargo,Dot,16,11,
1972,37,35,24,BABY LET ME TAKE YOU (In My Arms),The Detroit Emeralds,Westbound,16,24,
1972,37,36,41,THE CITY OF NEW ORLEANS,Arlo Guthrie,Reprise,7,36,
1972,37,37,46,GET ON THE GOOD FOOT (Part 1),James Brown,Polydor,6,37,
1972,37,38,38,THIS WORLD,The Staple Singers,Stax,6,38,
1972,37,39,26,SEALED WITH A KISS,Bobby Vinton,Epic,14,19,
1972,37,40,58,BURNING LOVE,Elvis Presley,RCA,4,40,
1972,37,47,37,SWEET INSPIRATION / WHERE YOU LEAD (Medley),Barbra Streisand,Columbia,12,37,
1972,37,48,29,SMALL BEGINNINGS,Flash,Capitol,12,29,
1972,37,65,40,WHEN YOU SAY LOVE,Sonny and Cher,Kapp,10,32,
1972,37,41,45,EASY LIVIN’,Uriah Heep,Mercury,7,41,
1972,37,42,54,GARDEN PARTY,Rick Nelson and the Stone Canyon Band,Decca,7,42,
1972,37,43,62,WHY / LONELY BOY,Donny Osmond,MGM,3,43,
1972,37,44,49,STARTING ALL OVER AGAIN,Mel and Tim,Stax,10,44,
1972,37,45,67,YOU WEAR IT WELL,Rod Stewart,Mercury,3,45,
1972,37,46,48,AMERICA,Yes,Atlantic,5,46,
1972,37,49,60,TIGHT ROPE,Leon Russell,Shelter,3,49,
1972,37,50,47,THE COLDEST DAYS OF MY LIFE (Part 1),The Chi-Lites,Brunswick,9,47,
1972,38,1,9,BLACK & WHITE,Three Dog Night,Dunhill,6,1,1 week at #1
1972,38,2,4,BABY DON’T GET HOOKED ON ME,Mac Davis,Columbia,12,2,
1972,38,3,1,ALONE AGAIN (Naturally),Gilbert O’Sullivan,MAM,14,1,
1972,38,4,10,SATURDAY IN THE PARK,Chicago,Columbia,7,4,
1972,38,5,6,BACK STABBERS,The O’Jays,Philadelphia International,9,5,
1972,38,6,2,LONG COOL WOMAN (In a Black Dress),The Hollies,Epic,13,2,
1972,38,7,7,ROCK AND ROLL (Part 2),Gary Glitter,Bell,9,7,
1972,38,8,5,BRANDY (You’re a Fine Girl),Looking Glass,Epic,14,1,
1972,38,9,13,HONKY CAT,Elton John,Uni,6,9,
1972,38,10,3,I’M STILL IN LOVE WITH YOU,Al Green,Hi,11,3,
1972,38,11,11,THE GUITAR MAN,Bread,Elektra,8,11,
1972,38,12,15,GO ALL THE WAY,The Raspberries,Capitol,12,12,
1972,38,13,26,BEN,Michael Jackson,Motown,7,13,
1972,38,14,18,POWER OF LOVE,Joe Simon,Spring,11,14,
1972,38,15,16,BEAUTIFUL SUNDAY,Daniel Boone,Mercury,16,15,
1972,38,16,22,EVERYBODY PLAYS THE FOOL,The Main Ingredient,RCA,9,16,
1972,38,17,21,PLAY ME,Neil Diamond,Uni,6,17,
1972,38,18,23,POPCORN,Hot Butter,Musicor,11,18,
1972,38,19,20,RUN TO ME,The Bee Gees,Atco,8,19,
1972,38,20,28,NIGHTS IN WHITE SATIN,The Moody Blues,Deram,7,20,
1972,38,21,8,YOU DON’T MESS AROUND WITH JIM,Jim Croce,ABC,12,8,
1972,38,22,40,BURNING LOVE,Elvis Presley,RCA,5,22,
1972,38,23,29,SPEAK TO THE SKY,Rick Springfield,Capitol,7,23,
1972,38,24,25,POP THAT THANG,The Isley Brothers,T-Neck,12,24,
1972,38,25,33,USE ME,Bill Withers,Sussex,4,25,
1972,38,26,31,MY DING-A-LING,Chuck Berry,Chess,7,26,
1972,38,27,17,JOIN TOGETHER,The Who,Decca,9,17,
1972,38,28,12,HOLD YOUR HEAD UP,Argent,Epic,14,5,
1972,38,29,30,YOU’RE STILL A YOUNG MAN,The Tower Of Power,Warner Brothers,10,29,
1972,38,30,14,GOODBYE TO LOVE,The Carpenters,A&M,10,7,
1972,38,31,36,THE CITY OF NEW ORLEANS,Arlo Guthrie,Reprise,8,31,
1972,38,32,24,(If Loving You Is Wrong) I DON’T WANT TO BE RIGHT,Luther Ingram,KoKo,16,3,
1972,38,33,42,GARDEN PARTY,Rick Nelson and the Stone Canyon Band,Decca,8,33,
1972,38,34,19,MOTORCYCLE MAMA,Sailcat,Elektra,15,12,
1972,38,35,37,GET ON THE GOOD FOOT (Part 1),James Brown,Polydor,7,35,
1972,38,36,27,LOOKIN’ THROUGH THE WINDOWS,Jackson 5,Motown,10,16,
1972,38,37,44,STARTING ALL OVER AGAIN,Mel and Tim,Stax,11,37,
1972,38,38,43,WHY / LONELY BOY,Donny Osmond,MGM,4,38,
1972,38,39,45,YOU WEAR IT WELL,Rod Stewart,Mercury,4,39,
1972,38,40,41,EASY LIVIN’,Uriah Heep,Mercury,8,40,
1972,38,43,38,THIS WORLD,The Staple Singers,Stax,7,38,
1972,38,45,35,BABY LET ME TAKE YOU (In My Arms),The Detroit Emeralds,Westbound,17,24,
1972,38,41,49,TIGHT ROPE,Leon Russell,Shelter,4,41,
1972,38,42,56,IF YOU LEAVE ME TONIGHT I’LL CRY,Jerry Wallace,Decca,5,42,
1972,38,44,53,FREDDIE’S DEAD (Theme From “Superfly”),Curtis Mayfield,Curtom,5,44,
1972,38,46,46,AMERICA,Yes,Atlantic,6,46,
1972,38,47,52,"MY MAN, A SWEET MAN",Millie Jackson,Spring,7,47,
1972,38,48,54,I BELIEVE IN MUSIC,Gallery,Sussex,6,48,
1972,38,49,57,DON’T EVER BE LONELY (A Poor Little Fool Like Me),Cornelius Brothers and Sister Rose,United Artists,3,49,
1972,38,50,51,ROCK ME ON THE WATER,Jackson Browne,Asylum,7,50,
1972,39,1,2,BABY DON’T GET HOOKED ON ME,Mac Davis,Columbia,13,1,1 week at #1
1972,39,2,1,BLACK & WHITE,Three Dog Night,Dunhill,7,1,
1972,39,3,4,SATURDAY IN THE PARK,Chicago,Columbia,8,3,
1972,39,4,5,BACK STABBERS,The O’Jays,Philadelphia International,10,4,
1972,39,5,3,ALONE AGAIN (Naturally),Gilbert O’Sullivan,MAM,15,1,
1972,39,6,13,BEN,Michael Jackson,Motown,8,6,
1972,39,7,16,EVERYBODY PLAYS THE FOOL,The Main Ingredient,RCA,10,7,
1972,39,8,9,HONKY CAT,Elton John,Uni,7,8,
1972,39,9,12,GO ALL THE WAY,The Raspberries,Capitol,13,9,
1972,39,10,7,ROCK AND ROLL (Part 2),Gary Glitter,Bell,10,7,
1972,39,11,14,POWER OF LOVE,Joe Simon,Spring,12,11,
1972,39,12,17,PLAY ME,Neil Diamond,Uni,7,12,
1972,39,13,25,USE ME,Bill Withers,Sussex,5,13,
1972,39,14,18,POPCORN,Hot Butter,Musicor,12,14,
1972,39,15,15,BEAUTIFUL SUNDAY,Daniel Boone,Mercury,17,15,
1972,39,16,19,RUN TO ME,The Bee Gees,Atco,9,16,
1972,39,17,20,NIGHTS IN WHITE SATIN,The Moody Blues,Deram,8,17,
1972,39,18,22,BURNING LOVE,Elvis Presley,RCA,6,18,
1972,39,19,23,SPEAK TO THE SKY,Rick Springfield,Capitol,8,19,
1972,39,20,26,MY DING-A-LING,Chuck Berry,Chess,8,20,
1972,39,21,6,LONG COOL WOMAN (In a Black Dress),The Hollies,Epic,14,2,
1972,39,22,33,GARDEN PARTY,Rick Nelson and the Stone Canyon Band,Decca,9,22,
1972,39,23,8,BRANDY (You’re a Fine Girl),Looking Glass,Epic,15,1,
1972,39,24,24,POP THAT THANG,The Isley Brothers,T-Neck,13,24,
1972,39,25,11,THE GUITAR MAN,Bread,Elektra,9,11,
1972,39,26,31,THE CITY OF NEW ORLEANS,Arlo Guthrie,Reprise,9,26,
1972,39,27,39,YOU WEAR IT WELL,Rod Stewart,Mercury,5,27,
1972,39,28,35,GET ON THE GOOD FOOT (Part 1),James Brown,Polydor,8,28,
1972,39,29,29,YOU’RE STILL A YOUNG MAN,The Tower Of Power,Warner Brothers,11,29,
1972,39,30,38,WHY / LONELY BOY,Donny Osmond,MGM,5,30,
1972,39,31,10,I’M STILL IN LOVE WITH YOU,Al Green,Hi,12,3,
1972,39,32,37,STARTING ALL OVER AGAIN,Mel and Tim,Stax,12,32,
1972,39,33,21,YOU DON’T MESS AROUND WITH JIM,Jim Croce,ABC,13,8,
1972,39,34,41,TIGHT ROPE,Leon Russell,Shelter,5,34,
1972,39,35,27,JOIN TOGETHER,The Who,Decca,10,17,
1972,39,36,44,FREDDIE’S DEAD (Theme From “Superfly”),Curtis Mayfield,Curtom,6,36,
1972,39,37,52,LISTEN TO THE MUSIC,The Doobie Brothers,Warner Brothers,4,37,
1972,39,38,49,DON’T EVER BE LONELY (A Poor Little Fool Like Me),Cornelius Brothers and Sister Rose,United Artists,4,38,
1972,39,39,40,EASY LIVIN’,Uriah Heep,Mercury,9,39,
1972,39,40,51,GOOD TIME CHARLIE’S GOT THE BLUES,Danny O’Keefe,Signpost,4,40,
1972,39,42,28,HOLD YOUR HEAD UP,Argent,Epic,15,5,
1972,39,41,42,IF YOU LEAVE ME TONIGHT I’LL CRY,Jerry Wallace,Decca,6,41,
1972,39,43,62,WITCHY WOMAN,Eagles,Asylum,3,43,
1972,39,44,54,THUNDER AND LIGHTNING,Chi Coltrane,Columbia,4,44,
1972,39,45,47,"MY MAN, A SWEET MAN",Millie Jackson,Spring,8,45,
1972,39,46,48,I BELIEVE IN MUSIC,Gallery,Sussex,7,46,
1972,39,47,56,IF I COULD REACH YOU,The 5th Dimension,Bell,3,47,
1972,39,48,50,ROCK ME ON THE WATER,Jackson Browne,Asylum,8,48,
1972,39,49,53,GERONIMO’S CADILLAC,Michael Murphey,A&M,8,49,
1972,39,50,46,AMERICA,Yes,Atlantic,7,46,
1972,40,1,1,BABY DON’T GET HOOKED ON ME,Mac Davis,Columbia,14,1,2 weeks at #1
1972,40,2,2,BLACK & WHITE,Three Dog Night,Dunhill,8,1,
1972,40,3,3,SATURDAY IN THE PARK,Chicago,Columbia,9,3,
1972,40,4,4,BACK STABBERS,The O’Jays,Philadelphia International,11,4,
1972,40,5,6,BEN,Michael Jackson,Motown,9,5,
1972,40,6,7,EVERYBODY PLAYS THE FOOL,The Main Ingredient,RCA,12,6,
1972,40,7,9,GO ALL THE WAY,The Raspberries,Capitol,14,7,
1972,40,8,13,USE ME,Bill Withers,Sussex,6,8,
1972,40,9,18,BURNING LOVE,Elvis Presley,RCA,7,9,
1972,40,10,14,POPCORN,Hot Butter,Musicor,13,10,
1972,40,11,11,POWER OF LOVE,Joe Simon,Spring,13,11,
1972,40,12,12,PLAY ME,Neil Diamond,Uni,8,12,
1972,40,13,20,MY DING-A-LING,Chuck Berry,Chess,7,13,
1972,40,14,17,NIGHTS IN WHITE SATIN,The Moody Blues,Deram,9,14,
1972,40,15,19,SPEAK TO THE SKY,Rick Springfield,Capitol,9,15,
1972,40,16,16,RUN TO ME,The Bee Gees,Atco,10,16,
1972,40,17,8,HONKY CAT,Elton John,Uni,8,8,
1972,40,18,5,ALONE AGAIN (Naturally),Gilbert O’Sullivan,MAM,16,1,
1972,40,19,22,GARDEN PARTY,Rick Nelson and the Stone Canyon Band,Decca,10,19,
1972,40,20,15,BEAUTIFUL SUNDAY,Daniel Boone,Mercury,18,15,
1972,40,21,27,YOU WEAR IT WELL,Rod Stewart,Mercury,6,21,
1972,40,22,26,THE CITY OF NEW ORLEANS,Arlo Guthrie,Reprise,10,22,
1972,40,23,28,GET ON THE GOOD FOOT (Part 1),James Brown,Polydor,9,23,
1972,40,24,30,WHY / LONELY BOY,Donny Osmond,MGM,6,24,
1972,40,25,36,FREDDIE’S DEAD (Theme From “Superfly”),Curtis Mayfield,Curtom,7,25,
1972,40,26,34,TIGHT ROPE,Leon Russell,Shelter,6,26,
1972,40,27,40,GOOD TIME CHARLIE’S GOT THE BLUES,Danny O’Keefe,Signpost,5,27,
1972,40,28,38,DON’T EVER BE LONELY (A Poor Little Fool Like Me),Cornelius Brothers and Sister Rose,United Artists,5,28,
1972,40,29,32,STARTING ALL OVER AGAIN,Mel and Tim,Stax,13,29,
1972,40,30,10,ROCK AND ROLL (Part 2),Gary Glitter,Bell,11,7,
1972,40,31,37,LISTEN TO THE MUSIC,The Doobie Brothers,Warner Brothers,5,31,
1972,40,32,24,POP THAT THANG,The Isley Brothers,T-Neck,14,24,
1972,40,33,23,BRANDY (You’re a Fine Girl),Looking Glass,Epic,16,1,
1972,40,34,44,THUNDER AND LIGHTNING,Chi Coltrane,Columbia,5,34,
1972,40,35,43,WITCHY WOMAN,Eagles,Asylum,4,35,
1972,40,36,25,THE GUITAR MAN,Bread,Elektra,10,11,
1972,40,37,47,IF I COULD REACH YOU,The 5th Dimension,Bell,4,37,
1972,40,38,41,IF YOU LEAVE ME TONIGHT I’LL CRY,Jerry Wallace,Decca,7,38,
1972,40,39,39,EASY LIVIN’,Uriah Heep,Mercury,10,39,
1972,40,40,21,LONG COOL WOMAN (In a Black Dress),The Hollies,Epic,15,2,
1972,40,50,29,YOU’RE STILL A YOUNG MAN,The Tower Of Power,Warner Brothers,12,29,
1972,40,41,46,I BELIEVE IN MUSIC,Gallery,Sussex,8,41,
1972,40,42,45,"MY MAN, A SWEET MAN",Millie Jackson,Spring,9,42,
1972,40,43,64,I CAN SEE CLEARLY NOW,Johnny Nash,Epic,4,43,
1972,40,44,51,MIDNIGHT RIDER / WOMAN TO WOMAN,Joe Cocker and the Chris Stainton Band,A&M,3,44,
1972,40,45,53,FROM THE BEGINNING,"Emerson, Lake and Palmer",Cotillion,6,45,
1972,40,46,49,GERONIMO’S CADILLAC,Michael Murphey,A&M,9,46,
1972,40,47,52,LOVING YOU JUST CROSSED MY MIND,Sam Neely,Capitol,5,47,
1972,40,48,56,ROCK ME BABY,David Cassidy,Bell,4,48,
1972,40,49,68,SPACEMAN,Nilsson,RCA,3,49,
1972,41,1,1,BABY DON’T GET HOOKED ON ME,Mac Davis,Columbia,15,1,3 weeks at #1
1972,41,2,5,BEN,Michael Jackson,Motown,10,2,
1972,41,3,4,BACK STABBERS,The O’Jays,Philadelphia International,12,3,
1972,41,4,6,EVERYBODY PLAYS THE FOOL,The Main Ingredient,RCA,13,4,
1972,41,5,7,GO ALL THE WAY,The Raspberries,Capitol,15,5,
1972,41,6,8,USE ME,Bill Withers,Sussex,7,6,
1972,41,7,9,BURNING LOVE,Elvis Presley,RCA,8,7,
1972,41,8,2,BLACK & WHITE,Three Dog Night,Dunhill,9,1,
1972,41,9,13,MY DING-A-LING,Chuck Berry,Chess,8,9,
1972,41,10,10,POPCORN,Hot Butter,Musicor,14,10,
1972,41,11,12,PLAY ME,Neil Diamond,Uni,9,11,
1972,41,12,14,NIGHTS IN WHITE SATIN,The Moody Blues,Deram,10,12,
1972,41,13,3,SATURDAY IN THE PARK,Chicago,Columbia,10,3,
1972,41,14,15,SPEAK TO THE SKY,Rick Springfield,Capitol,10,14,
1972,41,15,19,GARDEN PARTY,Rick Nelson and the Stone Canyon Band,Decca,11,15,
1972,41,16,26,TIGHT ROPE,Leon Russell,Shelter,7,16,
1972,41,17,21,YOU WEAR IT WELL,Rod Stewart,Mercury,7,17,
1972,41,18,24,WHY / LONELY BOY,Donny Osmond,MGM,7,18,
1972,41,19,23,GET ON THE GOOD FOOT (Part 1),James Brown,Polydor,10,19,
1972,41,20,22,THE CITY OF NEW ORLEANS,Arlo Guthrie,Reprise,11,20,
1972,41,21,25,FREDDIE’S DEAD (Theme From “Superfly”),Curtis Mayfield,Curtom,8,21,
1972,41,22,20,BEAUTIFUL SUNDAY,Daniel Boone,Mercury,19,15,
1972,41,23,27,GOOD TIME CHARLIE’S GOT THE BLUES,Danny O’Keefe,Signpost,6,23,
1972,41,24,31,LISTEN TO THE MUSIC,The Doobie Brothers,Warner Brothers,6,24,
1972,41,25,29,STARTING ALL OVER AGAIN,Mel and Tim,Stax,14,25,
1972,41,26,28,DON’T EVER BE LONELY (A Poor Little Fool Like Me),Cornelius Brothers and Sister Rose,United Artists,6,26,
1972,41,27,18,ALONE AGAIN (Naturally),Gilbert O’Sullivan,MAM,17,1,
1972,41,28,17,HONKY CAT,Elton John,Uni,9,8,
1972,41,29,34,THUNDER AND LIGHTNING,Chi Coltrane,Columbia,6,29,
1972,41,30,35,WITCHY WOMAN,Eagles,Asylum,5,30,
1972,41,31,37,IF I COULD REACH YOU,The 5th Dimension,Bell,5,31,
1972,41,32,11,POWER OF LOVE,Joe Simon,Spring,14,11,
1972,41,33,43,I CAN SEE CLEARLY NOW,Johnny Nash,Epic,5,33,
1972,41,34,16,RUN TO ME,The Bee Gees,Atco,11,16,
1972,41,35,41,I BELIEVE IN MUSIC,Gallery,Sussex,9,35,
1972,41,36,44,MIDNIGHT RIDER / WOMAN TO WOMAN,Joe Cocker and the Chris Stainton Band,A&M,4,36,
1972,41,37,46,GERONIMO’S CADILLAC,Michael Murphey,A&M,10,37,
1972,41,38,38,IF YOU LEAVE ME TONIGHT I’LL CRY,Jerry Wallace,Decca,8,38,
1972,41,39,47,LOVING YOU JUST CROSSED MY MIND,Sam Neely,Capitol,6,39,
1972,41,40,51,I’LL BE AROUND / HOW COULD I LET YOU GET AWAY,The Spinners,Atlantic,8,40,
1972,41,49,39,EASY LIVIN’,Uriah Heep,Mercury,11,39,
1972,41,55,32,POP THAT THANG,The Isley Brothers,T-Neck,15,24,
1972,41,41,48,ROCK ME BABY,David Cassidy,Bell,5,41,
1972,41,42,42,"MY MAN, A SWEET MAN",Millie Jackson,Spring,10,42,
1972,41,43,49,SPACEMAN,Nilsson,RCA,4,43,
1972,41,44,60,I’D LOVE YOU TO WANT ME,Lobo,Big Tree,3,44,
1972,41,45,45,FROM THE BEGINNING,"Emerson, Lake and Palmer",Cotillion,7,45,
1972,41,46,58,I AM WOMAN,Helen Reddy,Capitol,7,46,
1972,41,47,57,A PIECE OF PAPER,Gladstone,ABC,7,47,
1972,41,48,52,DON’T HIDE YOUR LOVE,Cher,Kapp,5,48,
1972,41,50,59,DON’T DO IT,The Band,Capitol,4,50,
1972,42,1,2,BEN,Michael Jackson,Motown,11,1,1 week at #1
1972,42,2,6,USE ME,Bill Withers,Sussex,8,2,
1972,42,3,4,EVERYBODY PLAYS THE FOOL,The Main Ingredient,RCA,14,3,
1972,42,4,7,BURNING LOVE,Elvis Presley,RCA,9,4,
1972,42,5,5,GO ALL THE WAY,The Raspberries,Capitol,16,5,
1972,42,6,1,BABY DON’T GET HOOKED ON ME,Mac Davis,Columbia,16,1,
1972,42,7,9,MY DING-A-LING,Chuck Berry,Chess,9,7,
1972,42,8,12,NIGHTS IN WHITE SATIN,The Moody Blues,Deram,11,8,
1972,42,9,3,BACK STABBERS,The O’Jays,Philadelphia International,13,3,
1972,42,10,10,POPCORN,Hot Butter,Musicor,15,10,
1972,42,11,11,PLAY ME,Neil Diamond,Uni,10,11,
1972,42,12,15,GARDEN PARTY,Rick Nelson and the Stone Canyon Band,Decca,12,12,
1972,42,13,17,YOU WEAR IT WELL,Rod Stewart,Mercury,8,13,
1972,42,14,14,SPEAK TO THE SKY,Rick Springfield,Capitol,11,14,
1972,42,15,16,TIGHT ROPE,Leon Russell,Shelter,8,15,
1972,42,16,18,WHY / LONELY BOY,Donny Osmond,MGM,8,16,
1972,42,17,21,FREDDIE’S DEAD (Theme From “Superfly”),Curtis Mayfield,Curtom,9,17,
1972,42,18,23,GOOD TIME CHARLIE’S GOT THE BLUES,Danny O’Keefe,Signpost,7,18,
1972,42,19,19,GET ON THE GOOD FOOT (Part 1),James Brown,Polydor,11,19,
1972,42,20,20,THE CITY OF NEW ORLEANS,Arlo Guthrie,Reprise,12,20,
1972,42,21,8,BLACK & WHITE,Three Dog Night,Dunhill,10,1,
1972,42,22,24,LISTEN TO THE MUSIC,The Doobie Brothers,Warner Brothers,7,22,
1972,42,23,13,SATURDAY IN THE PARK,Chicago,Columbia,11,3,
1972,42,24,26,DON’T EVER BE LONELY (A Poor Little Fool Like Me),Cornelius Brothers and Sister Rose,United Artists,7,24,
1972,42,25,25,STARTING ALL OVER AGAIN,Mel and Tim,Stax,15,25,
1972,42,26,33,I CAN SEE CLEARLY NOW,Johnny Nash,Epic,6,26,
1972,42,27,30,WITCHY WOMAN,Eagles,Asylum,6,27,
1972,42,28,31,IF I COULD REACH YOU,The 5th Dimension,Bell,6,28,
1972,42,29,29,THUNDER AND LIGHTNING,Chi Coltrane,Columbia,7,29,
1972,42,30,35,I BELIEVE IN MUSIC,Gallery,Sussex,10,30,
1972,42,31,36,MIDNIGHT RIDER / WOMAN TO WOMAN,Joe Cocker and the Chris Stainton Band,A&M,5,31,
1972,42,32,40,I’LL BE AROUND / HOW COULD I LET YOU GET AWAY,The Spinners,Atlantic,9,32,
1972,42,33,39,LOVING YOU JUST CROSSED MY MIND,Sam Neely,Capitol,7,33,
1972,42,34,22,BEAUTIFUL SUNDAY,Daniel Boone,Mercury,20,15,
1972,42,35,44,I’D LOVE YOU TO WANT ME,Lobo,Big Tree,4,35,
1972,42,36,46,I AM WOMAN,Helen Reddy,Capitol,8,36,
1972,42,37,37,GERONIMO’S CADILLAC,Michael Murphey,A&M,11,37,
1972,42,38,41,ROCK ME BABY,David Cassidy,Bell,6,38,
1972,42,39,43,SPACEMAN,Nilsson,RCA,5,39,
1972,42,40,50,DON’T DO IT,The Band,Capitol,5,40,
1972,42,42,28,HONKY CAT,Elton John,Uni,10,8,
1972,42,43,27,ALONE AGAIN (Naturally),Gilbert O’Sullivan,MAM,18,1,
1972,42,45,38,IF YOU LEAVE ME TONIGHT I’LL CRY,Jerry Wallace,Decca,9,38,
1972,42,57,34,RUN TO ME,The Bee Gees,Atco,12,16,
1972,42,61,32,POWER OF LOVE,Joe Simon,Spring,15,11,
1972,42,41,45,FROM THE BEGINNING,"Emerson, Lake and Palmer",Cotillion,8,41,
1972,42,44,58,AMERICAN CITY SUITE (Sweet City Song / All Around the Town / A Friend Is Dying),Cashman and West,Dunhill,4,44,
1972,42,46,47,A PIECE OF PAPER,Gladstone,ABC,8,46,
1972,42,47,48,DON’T HIDE YOUR LOVE,Cher,Kapp,6,47,
1972,42,48,67,ELECTED,Alice Cooper,Warner Brothers,2,48,
1972,42,49,60,ALL THE YOUNG DUDES,Mott the Hoople,Columbia,4,49,
1972,42,50,59,SUMMER BREEZE,Seals and Crofts,Warner Brothers,6,50,
1972,43,1,7,MY DING-A-LING,Chuck Berry,Chess,10,1,1 week at #1
1972,43,2,2,USE ME,Bill Withers,Sussex,9,2,
1972,43,3,4,BURNING LOVE,Elvis Presley,RCA,10,3,
1972,43,4,3,EVERYBODY PLAYS THE FOOL,The Main Ingredient,RCA,15,3,
1972,43,5,8,NIGHTS IN WHITE SATIN,The Moody Blues,Deram,12,5,
1972,43,6,1,BEN,Michael Jackson,Motown,12,1,
1972,43,7,6,BABY DON’T GET HOOKED ON ME,Mac Davis,Columbia,17,1,
1972,43,8,12,GARDEN PARTY,Rick Nelson and the Stone Canyon Band,Decca,13,8,
1972,43,9,10,POPCORN,Hot Butter,Musicor,16,9,
1972,43,10,5,GO ALL THE WAY,The Raspberries,Capitol,17,5,
1972,43,11,15,TIGHT ROPE,Leon Russell,Shelter,9,11,
1972,43,12,17,FREDDIE’S DEAD (Theme From “Superfly”),Curtis Mayfield,Curtom,10,12,
1972,43,13,13,YOU WEAR IT WELL,Rod Stewart,Mercury,9,13,
1972,43,14,18,GOOD TIME CHARLIE’S GOT THE BLUES,Danny O’Keefe,Signpost,8,14,
1972,43,15,16,WHY / LONELY BOY,Donny Osmond,MGM,9,15,
1972,43,16,14,SPEAK TO THE SKY,Rick Springfield,Capitol,12,14,
1972,43,17,22,LISTEN TO THE MUSIC,The Doobie Brothers,Warner Brothers,8,17,
1972,43,18,19,GET ON THE GOOD FOOT (Part 1),James Brown,Polydor,12,18,
1972,43,19,20,THE CITY OF NEW ORLEANS,Arlo Guthrie,Reprise,13,19,
1972,43,20,26,I CAN SEE CLEARLY NOW,Johnny Nash,Epic,7,20,
1972,43,21,28,IF I COULD REACH YOU,The 5th Dimension,Bell,7,21,
1972,43,22,27,WITCHY WOMAN,Eagles,Asylum,7,22,
1972,43,23,25,STARTING ALL OVER AGAIN,Mel and Tim,Stax,16,23,
1972,43,24,24,DON’T EVER BE LONELY (A Poor Little Fool Like Me),Cornelius Brothers and Sister Rose,United Artists,8,24,
1972,43,25,29,THUNDER AND LIGHTNING,Chi Coltrane,Columbia,8,25,
1972,43,26,30,I BELIEVE IN MUSIC,Gallery,Sussex,11,26,
1972,43,27,36,I AM WOMAN,Helen Reddy,Capitol,9,27,
1972,43,28,32,I’LL BE AROUND / HOW COULD I LET YOU GET AWAY,The Spinners,Atlantic,10,28,
1972,43,29,31,MIDNIGHT RIDER / WOMAN TO WOMAN,Joe Cocker and the Chris Stainton Band,A&M,6,29,
1972,43,30,35,I’D LOVE YOU TO WANT ME,Lobo,Big Tree,5,30,
1972,43,31,33,LOVING YOU JUST CROSSED MY MIND,Sam Neely,Capitol,8,31,
1972,43,32,39,SPACEMAN,Nilsson,RCA,6,32,
1972,43,33,21,BLACK & WHITE,Three Dog Night,Dunhill,11,1,
1972,43,34,50,SUMMER BREEZE,Seals and Crofts,Warner Brothers,7,34,
1972,43,35,9,BACK STABBERS,The O’Jays,Philadelphia International,14,3,
1972,43,36,40,DON’T DO IT,The Band,Capitol,6,36,
1972,43,37,48,ELECTED,Alice Cooper,Warner Brothers,3,37,
1972,43,38,38,ROCK ME BABY,David Cassidy,Bell,7,38,
1972,43,39,44,AMERICAN CITY SUITE (Sweet City Song / All Around the Town / A Friend Is Dying),Cashman and West,Dunhill,5,39,
1972,43,40,41,FROM THE BEGINNING,"Emerson, Lake and Palmer",Cotillion,9,40,
1972,43,41,11,PLAY ME,Neil Diamond,Uni,11,11,
1972,43,42,23,SATURDAY IN THE PARK,Chicago,Columbia,12,3,
1972,43,43,37,GERONIMO’S CADILLAC,Michael Murphey,A&M,12,37,
1972,43,44,56,IF YOU DON’T KNOW ME BY NOW,Harold Melvin and the Blue Notes,Philadelphia International,4,44,
1972,43,45,46,A PIECE OF PAPER,Gladstone,ABC,9,45,
1972,43,46,47,DON’T HIDE YOUR LOVE,Cher,Kapp,7,46,
1972,43,47,49,ALL THE YOUNG DUDES,Mott the Hoople,Columbia,5,47,
1972,43,48,53,THAT’S HOW LOVE GOES,Jermaine Jackson,Motown,6,48,
1972,43,49,52,CAN’T YOU HEAR THE SONG,Wayne Newton,Chelsea,5,49,
1972,43,50,51,SLAUGHTER,Billy Preston,A&M,7,50,
1972,44,1,1,MY DING-A-LING,Chuck Berry,Chess,11,1,2 weeks at #1
1972,44,2,3,BURNING LOVE,Elvis Presley,RCA,11,2,
1972,44,3,5,NIGHTS IN WHITE SATIN,The Moody Blues,Deram,13,3,
1972,44,4,2,USE ME,Bill Withers,Sussex,10,2,
1972,44,5,20,I CAN SEE CLEARLY NOW,Johnny Nash,Epic,8,5,
1972,44,6,12,FREDDIE’S DEAD (Theme From “Superfly”),Curtis Mayfield,Curtom,11,6,
1972,44,7,8,GARDEN PARTY,Rick Nelson and the Stone Canyon Band,Decca,14,7,
1972,44,8,6,BEN,Michael Jackson,Motown,13,1,
1972,44,9,4,EVERYBODY PLAYS THE FOOL,The Main Ingredient,RCA,16,3,
1972,44,10,14,GOOD TIME CHARLIE’S GOT THE BLUES,Danny O’Keefe,Signpost,9,10,
1972,44,11,11,TIGHT ROPE,Leon Russell,Shelter,10,11,
1972,44,12,17,LISTEN TO THE MUSIC,The Doobie Brothers,Warner Brothers,9,12,
1972,44,13,15,WHY / LONELY BOY,Donny Osmond,MGM,10,13,
1972,44,14,28,I’LL BE AROUND / HOW COULD I LET YOU GET AWAY,The Spinners,Atlantic,11,14,
1972,44,15,30,I’D LOVE YOU TO WANT ME,Lobo,Big Tree,6,15,
1972,44,16,22,WITCHY WOMAN,Eagles,Asylum,8,16,
1972,44,17,27,I AM WOMAN,Helen Reddy,Capitol,10,17,
1972,44,18,19,THE CITY OF NEW ORLEANS,Arlo Guthrie,Reprise,14,18,
1972,44,19,21,IF I COULD REACH YOU,The 5th Dimension,Bell,8,19,
1972,44,20,23,STARTING ALL OVER AGAIN,Mel and Tim,Stax,17,20,
1972,44,21,7,BABY DON’T GET HOOKED ON ME,Mac Davis,Columbia,18,1,
1972,44,22,25,THUNDER AND LIGHTNING,Chi Coltrane,Columbia,9,22,
1972,44,23,24,DON’T EVER BE LONELY (A Poor Little Fool Like Me),Cornelius Brothers and Sister Rose,United Artists,9,23,
1972,44,24,9,POPCORN,Hot Butter,Musicor,17,9,
1972,44,25,32,SPACEMAN,Nilsson,RCA,7,25,
1972,44,26,26,I BELIEVE IN MUSIC,Gallery,Sussex,12,26,
1972,44,27,29,MIDNIGHT RIDER / WOMAN TO WOMAN,Joe Cocker and the Chris Stainton Band,A&M,7,27,
1972,44,28,34,SUMMER BREEZE,Seals and Crofts,Warner Brothers,8,28,
1972,44,29,13,YOU WEAR IT WELL,Rod Stewart,Mercury,10,13,
1972,44,30,31,LOVING YOU JUST CROSSED MY MIND,Sam Neely,Capitol,9,30,
1972,44,31,18,GET ON THE GOOD FOOT (Part 1),James Brown,Polydor,13,18,
1972,44,32,37,ELECTED,Alice Cooper,Warner Brothers,4,32,
1972,44,33,10,GO ALL THE WAY,The Raspberries,Capitol,18,5,
1972,44,34,39,AMERICAN CITY SUITE (Sweet City Song / All Around the Town / A Friend Is Dying),Cashman and West,Dunhill,6,34,
1972,44,35,36,DON’T DO IT,The Band,Capitol,7,35,
1972,44,36,44,IF YOU DON’T KNOW ME BY NOW,Harold Melvin and the Blue Notes,Philadelphia International,5,36,
1972,44,37,16,SPEAK TO THE SKY,Rick Springfield,Capitol,13,14,
1972,44,38,54,PAPA WAS A ROLLIN’ STONE,The Temptations,Gordy,3,38,
1972,44,39,40,FROM THE BEGINNING,"Emerson, Lake and Palmer",Cotillion,10,39,
1972,44,40,35,BACK STABBERS,The O’Jays,Philadelphia International,15,3,
1972,44,43,38,ROCK ME BABY,David Cassidy,Bell,8,38,
1972,44,41,47,ALL THE YOUNG DUDES,Mott the Hoople,Columbia,6,41,
1972,44,42,63,VENTURA HIGHWAY,America,Warner Brothers,2,42,
1972,44,44,52,ROCK ‘N ROLL SOUL,Grand Funk Railroad,Capitol,6,44,
1972,44,45,45,A PIECE OF PAPER,Gladstone,ABC,10,45,
1972,44,46,51,OPERATOR (That’s Not the Way It Feels),Jim Croce,ABC,3,46,
1972,44,47,48,THAT’S HOW LOVE GOES,Jermaine Jackson,Motown,7,47,
1972,44,48,49,CAN’T YOU HEAR THE SONG,Wayne Newton,Chelsea,6,48,
1972,44,49,55,ROCKIN’ PNEUMONIA – BOOGIE WOOGIE FLU,Johnny Rivers,United Artists,4,49,
1972,44,50,65,IT NEVER RAINS IN SOUTHERN CALIFORNIA,Albert Hammond,Mums,2,50,
1972,45,1,5,I CAN SEE CLEARLY NOW,Johnny Nash,Epic,9,1,1 week at #1
1972,45,2,3,NIGHTS IN WHITE SATIN,The Moody Blues,Deram,14,2,
1972,45,3,1,MY DING-A-LING,Chuck Berry,Chess,12,1,
1972,45,4,6,FREDDIE’S DEAD (Theme From “Superfly”),Curtis Mayfield,Curtom,12,4,
1972,45,5,2,BURNING LOVE,Elvis Presley,RCA,12,2,
1972,45,6,7,GARDEN PARTY,Rick Nelson and the Stone Canyon Band,Decca,15,6,
1972,45,7,14,I’LL BE AROUND / HOW COULD I LET YOU GET AWAY,The Spinners,Atlantic,12,7,
1972,45,8,15,I’D LOVE YOU TO WANT ME,Lobo,Big Tree,7,8,
1972,45,9,10,GOOD TIME CHARLIE’S GOT THE BLUES,Danny O’Keefe,Signpost,10,9,
1972,45,10,8,BEN,Michael Jackson,Motown,14,1,
1972,45,11,12,LISTEN TO THE MUSIC,The Doobie Brothers,Warner Brothers,10,11,
1972,45,12,17,I AM WOMAN,Helen Reddy,Capitol,11,12,
1972,45,13,4,USE ME,Bill Withers,Sussex,11,2,
1972,45,14,19,IF I COULD REACH YOU,The 5th Dimension,Bell,9,14,
1972,45,15,16,WITCHY WOMAN,Eagles,Asylum,9,15,
1972,45,16,9,EVERYBODY PLAYS THE FOOL,The Main Ingredient,RCA,17,3,
1972,45,17,38,PAPA WAS A ROLLIN’ STONE,The Temptations,Gordy,4,17,
1972,45,18,22,THUNDER AND LIGHTNING,Chi Coltrane,Columbia,10,18,
1972,45,19,20,STARTING ALL OVER AGAIN,Mel and Tim,Stax,18,19,
1972,45,20,11,TIGHT ROPE,Leon Russell,Shelter,11,11,
1972,45,21,28,SUMMER BREEZE,Seals and Crofts,Warner Brothers,9,21,
1972,45,22,26,I BELIEVE IN MUSIC,Gallery,Sussex,13,22,
1972,45,23,18,THE CITY OF NEW ORLEANS,Arlo Guthrie,Reprise,15,18,
1972,45,24,25,SPACEMAN,Nilsson,RCA,8,24,
1972,45,25,13,WHY / LONELY BOY,Donny Osmond,MGM,11,13,
1972,45,26,57,CONVENTION ’72,The Delegates,Mainstream,3,26,
1972,45,27,36,IF YOU DON’T KNOW ME BY NOW,Harold Melvin and the Blue Notes,Philadelphia International,6,27,
1972,45,28,32,ELECTED,Alice Cooper,Warner Brothers,5,28,
1972,45,29,30,LOVING YOU JUST CROSSED MY MIND,Sam Neely,Capitol,10,29,
1972,45,30,34,AMERICAN CITY SUITE (Sweet City Song / All Around the Town / A Friend Is Dying),Cashman and West,Dunhill,7,30,
1972,45,31,59,YOU OUGHT TO BE WITH ME,Al Green,Hi,3,31,
1972,45,32,24,POPCORN,Hot Butter,Musicor,18,9,
1972,45,33,23,DON’T EVER BE LONELY (A Poor Little Fool Like Me),Cornelius Brothers and Sister Rose,United Artists,10,23,
1972,45,34,35,DON’T DO IT,The Band,Capitol,8,34,
1972,45,35,46,OPERATOR (That’s Not the Way It Feels),Jim Croce,ABC,4,35,
1972,45,36,44,ROCK ‘N ROLL SOUL,Grand Funk Railroad,Capitol,7,36,
1972,45,37,42,VENTURA HIGHWAY,America,Warner Brothers,3,37,
1972,45,38,27,MIDNIGHT RIDER / WOMAN TO WOMAN,Joe Cocker and the Chris Stainton Band,A&M,8,27,
1972,45,39,50,IT NEVER RAINS IN SOUTHERN CALIFORNIA,Albert Hammond,Mums,3,39,
1972,45,40,41,ALL THE YOUNG DUDES,Mott the Hoople,Columbia,7,40,
1972,45,42,39,FROM THE BEGINNING,"Emerson, Lake and Palmer",Cotillion,11,39,
1972,45,43,31,GET ON THE GOOD FOOT (Part 1),James Brown,Polydor,14,18,
1972,45,41,60,I’M STONE IN LOVE WITH YOU,The Stylistics,Avco,4,41,
1972,45,44,49,ROCKIN’ PNEUMONIA – BOOGIE WOOGIE FLU,Johnny Rivers,United Artists,5,44,
1972,45,45,51,FUNNY FACE,Donna Fargo,Dot,6,45,
1972,45,46,55,SOMETHING’S WRONG WITH ME,Austin Roberts,Chelsea,4,46,
1972,45,47,47,THAT’S HOW LOVE GOES,Jermaine Jackson,Motown,8,47,
1972,45,48,48,CAN’T YOU HEAR THE SONG,Wayne Newton,Chelsea,7,48,
1972,45,49,45,A PIECE OF PAPER,Gladstone,ABC,11,45,
1972,45,50,70,CRAZY HORSES,The Osmonds,MGM,3,50,
1972,46,1,1,I CAN SEE CLEARLY NOW,Johnny Nash,Epic,10,1,2 weeks at #1
1972,46,2,2,NIGHTS IN WHITE SATIN,The Moody Blues,Deram,15,2,
1972,46,3,8,I’D LOVE YOU TO WANT ME,Lobo,Big Tree,8,3,
1972,46,4,4,FREDDIE’S DEAD (Theme From “Superfly”),Curtis Mayfield,Curtom,13,4,
1972,46,5,7,I’LL BE AROUND / HOW COULD I LET YOU GET AWAY,The Spinners,Atlantic,13,5,
1972,46,6,6,GARDEN PARTY,Rick Nelson and the Stone Canyon Band,Decca,16,6,
1972,46,7,3,MY DING-A-LING,Chuck Berry,Chess,13,1,
1972,46,8,12,I AM WOMAN,Helen Reddy,Capitol,12,8,
1972,46,9,26,CONVENTION ’72,The Delegates,Mainstream,4,9,
1972,46,10,15,WITCHY WOMAN,Eagles,Asylum,10,10,
1972,46,11,11,LISTEN TO THE MUSIC,The Doobie Brothers,Warner Brothers,11,11,
1972,46,12,14,IF I COULD REACH YOU,The 5th Dimension,Bell,10,12,
1972,46,13,17,PAPA WAS A ROLLIN’ STONE,The Temptations,Gordy,5,13,
1972,46,14,5,BURNING LOVE,Elvis Presley,RCA,13,2,
1972,46,15,9,GOOD TIME CHARLIE’S GOT THE BLUES,Danny O’Keefe,Signpost,11,9,
1972,46,16,21,SUMMER BREEZE,Seals and Crofts,Warner Brothers,10,16,
1972,46,17,10,BEN,Michael Jackson,Motown,15,1,
1972,46,18,18,THUNDER AND LIGHTNING,Chi Coltrane,Columbia,11,18,
1972,46,19,19,STARTING ALL OVER AGAIN,Mel and Tim,Stax,19,19,
1972,46,20,27,IF YOU DON’T KNOW ME BY NOW,Harold Melvin and the Blue Notes,Philadelphia International,7,20,
1972,46,21,31,YOU OUGHT TO BE WITH ME,Al Green,Hi,4,21,
1972,46,22,22,I BELIEVE IN MUSIC,Gallery,Sussex,14,22,
1972,46,23,24,SPACEMAN,Nilsson,RCA,9,23,
1972,46,24,37,VENTURA HIGHWAY,America,Warner Brothers,4,24,
1972,46,25,41,I’M STONE IN LOVE WITH YOU,The Stylistics,Avco,5,25,
1972,46,26,28,ELECTED,Alice Cooper,Warner Brothers,6,26,
1972,46,27,39,IT NEVER RAINS IN SOUTHERN CALIFORNIA,Albert Hammond,Mums,4,27,
1972,46,28,30,AMERICAN CITY SUITE (Sweet City Song / All Around the Town / A Friend Is Dying),Cashman and West,Dunhill,8,28,
1972,46,29,29,LOVING YOU JUST CROSSED MY MIND,Sam Neely,Capitol,11,29,
1972,46,30,35,OPERATOR (That’s Not the Way It Feels),Jim Croce,ABC,5,30,
1972,46,31,45,FUNNY FACE,Donna Fargo,Dot,7,31,
1972,46,32,50,CRAZY HORSES,The Osmonds,MGM,4,32,
1972,46,33,46,SOMETHING’S WRONG WITH ME,Austin Roberts,Chelsea,5,33,
1972,46,34,34,DON’T DO IT,The Band,Capitol,9,34,
1972,46,35,36,ROCK ‘N ROLL SOUL,Grand Funk Railroad,Capitol,8,35,
1972,46,36,53,CLAIR,Gilbert O’Sullivan,MAM,3,36,
1972,46,37,40,ALL THE YOUNG DUDES,Mott the Hoople,Columbia,8,37,
1972,46,38,44,ROCKIN’ PNEUMONIA – BOOGIE WOOGIE FLU,Johnny Rivers,United Artists,6,38,
1972,46,39,25,WHY / LONELY BOY,Donny Osmond,MGM,12,13,
1972,46,40,13,USE ME,Bill Withers,Sussex,12,2,
1972,46,41,16,EVERYBODY PLAYS THE FOOL,The Main Ingredient,RCA,18,3,
1972,46,43,23,THE CITY OF NEW ORLEANS,Arlo Guthrie,Reprise,16,18,
1972,46,45,20,TIGHT ROPE,Leon Russell,Shelter,12,11,
1972,46,47,33,DON’T EVER BE LONELY (A Poor Little Fool Like Me),Cornelius Brothers and Sister Rose,United Artists,11,23,
1972,46,42,57,CORNER OF THE SKY,Jackson 5,Motown,3,42,
1972,46,44,51,DIALOGUE (Parts 1 and 2),Chicago,Columbia,3,44,
1972,46,46,47,THAT’S HOW LOVE GOES,Jermaine Jackson,Motown,9,46,
1972,46,48,74,ME AND MRS. JONES,Billy Paul,Philadelphia International,2,48,
1972,46,49,55,SUNNY DAYS,Lighthouse,Evolution,6,49,
1972,46,50,48,CAN’T YOU HEAR THE SONG,Wayne Newton,Chelsea,8,48,
1972,47,1,1,I CAN SEE CLEARLY NOW,Johnny Nash,Epic,11,1,3 weeks at #1
1972,47,2,3,I’D LOVE YOU TO WANT ME,Lobo,Big Tree,9,2,
1972,47,3,5,I’LL BE AROUND / HOW COULD I LET YOU GET AWAY,The Spinners,Atlantic,14,3,
1972,47,4,8,I AM WOMAN,Helen Reddy,Capitol,13,4,
1972,47,5,2,NIGHTS IN WHITE SATIN,The Moody Blues,Deram,16,2,
1972,47,6,13,PAPA WAS A ROLLIN’ STONE,The Temptations,Gordy,6,6,
1972,47,7,4,FREDDIE’S DEAD (Theme From “Superfly”),Curtis Mayfield,Curtom,14,4,
1972,47,8,9,CONVENTION ’72,The Delegates,Mainstream,5,8,
1972,47,9,10,WITCHY WOMAN,Eagles,Asylum,11,9,
1972,47,10,16,SUMMER BREEZE,Seals and Crofts,Warner Brothers,11,10,
1972,47,11,12,IF I COULD REACH YOU,The 5th Dimension,Bell,11,11,
1972,47,12,6,GARDEN PARTY,Rick Nelson and the Stone Canyon Band,Decca,17,6,
1972,47,13,20,IF YOU DON’T KNOW ME BY NOW,Harold Melvin and the Blue Notes,Philadelphia International,8,13,
1972,47,14,7,MY DING-A-LING,Chuck Berry,Chess,14,1,
1972,47,15,21,YOU OUGHT TO BE WITH ME,Al Green,Hi,5,15,
1972,47,16,11,LISTEN TO THE MUSIC,The Doobie Brothers,Warner Brothers,12,11,
1972,47,17,18,THUNDER AND LIGHTNING,Chi Coltrane,Columbia,12,17,
1972,47,18,24,VENTURA HIGHWAY,America,Warner Brothers,5,18,
1972,47,19,14,BURNING LOVE,Elvis Presley,RCA,14,2,
1972,47,20,25,I’M STONE IN LOVE WITH YOU,The Stylistics,Avco,6,20,
1972,47,21,27,IT NEVER RAINS IN SOUTHERN CALIFORNIA,Albert Hammond,Mums,5,21,
1972,47,22,30,OPERATOR (That’s Not the Way It Feels),Jim Croce,ABC,6,22,
1972,47,23,15,GOOD TIME CHARLIE’S GOT THE BLUES,Danny O’Keefe,Signpost,12,9,
1972,47,24,32,CRAZY HORSES,The Osmonds,MGM,5,24,
1972,47,25,31,FUNNY FACE,Donna Fargo,Dot,8,25,
1972,47,26,26,ELECTED,Alice Cooper,Warner Brothers,7,26,
1972,47,27,28,AMERICAN CITY SUITE (Sweet City Song / All Around the Town / A Friend Is Dying),Cashman and West,Dunhill,9,27,
1972,47,28,36,CLAIR,Gilbert O’Sullivan,MAM,4,28,
1972,47,29,33,SOMETHING’S WRONG WITH ME,Austin Roberts,Chelsea,6,29,
1972,47,30,35,ROCK ‘N ROLL SOUL,Grand Funk Railroad,Capitol,9,30,
1972,47,31,23,SPACEMAN,Nilsson,RCA,10,23,
1972,47,32,38,ROCKIN’ PNEUMONIA – BOOGIE WOOGIE FLU,Johnny Rivers,United Artists,7,32,
1972,47,33,22,I BELIEVE IN MUSIC,Gallery,Sussex,15,22,
1972,47,34,34,DON’T DO IT,The Band,Capitol,10,34,
1972,47,35,17,BEN,Michael Jackson,Motown,16,1,
1972,47,36,42,CORNER OF THE SKY,Jackson 5,Motown,4,36,
1972,47,37,37,ALL THE YOUNG DUDES,Mott the Hoople,Columbia,9,37,
1972,47,38,44,DIALOGUE (Parts 1 and 2),Chicago,Columbia,4,38,
1972,47,39,48,ME AND MRS. JONES,Billy Paul,Philadelphia International,3,39,
1972,47,40,55,SWEET SURRENDER,Bread,Elektra,2,40,
1972,47,41,19,STARTING ALL OVER AGAIN,Mel and Tim,Stax,20,19,
1972,47,42,29,LOVING YOU JUST CROSSED MY MIND,Sam Neely,Capitol,12,29,
1972,47,43,49,SUNNY DAYS,Lighthouse,Evolution,7,43,
1972,47,44,56,THEME FROM “THE MEN”,Isaac Hayes,Enterprise,5,44,
1972,47,45,59,SO LONG DIXIE,"Blood, Sweat and Tears",Columbia,8,45,
1972,47,46,46,THAT’S HOW LOVE GOES,Jermaine Jackson,Motown,10,46,
1972,47,47,62,LIVING IN THE PAST,Jethro Tull,Chrysalis,3,47,
1972,47,48,70,LIES,J.J. Cale,Shelter,3,48,
1972,47,49,64,I DIDN’T KNOW I LOVED YOU (‘Till I Saw You Rock and Roll),Gary Glitter,Bell,3,49,
1972,47,50,51,LET IT RAIN,Eric Clapton,Polydor,9,50,
1972,48,1,1,I CAN SEE CLEARLY NOW,Johnny Nash,Epic,12,1,4 weeks at #1
1972,48,2,2,I’D LOVE YOU TO WANT ME,Lobo,Big Tree,10,2,
1972,48,3,3,I’LL BE AROUND / HOW COULD I LET YOU GET AWAY,The Spinners,Atlantic,15,3,
1972,48,4,4,I AM WOMAN,Helen Reddy,Capitol,14,4,
1972,48,5,6,PAPA WAS A ROLLIN’ STONE,The Temptations,Gordy,7,5,
1972,48,6,10,SUMMER BREEZE,Seals and Crofts,Warner Brothers,12,6,
1972,48,7,13,IF YOU DON’T KNOW ME BY NOW,Harold Melvin and the Blue Notes,Philadelphia International,9,7,
1972,48,8,15,YOU OUGHT TO BE WITH ME,Al Green,Hi,6,8,
1972,48,9,5,NIGHTS IN WHITE SATIN,The Moody Blues,Deram,17,2,
1972,48,10,11,IF I COULD REACH YOU,The 5th Dimension,Bell,12,10,
1972,48,11,8,CONVENTION ’72,The Delegates,Mainstream,6,8,
1972,48,12,7,FREDDIE’S DEAD (Theme From “Superfly”),Curtis Mayfield,Curtom,15,4,
1972,48,13,18,VENTURA HIGHWAY,America,Warner Brothers,6,13,
1972,48,14,21,IT NEVER RAINS IN SOUTHERN CALIFORNIA,Albert Hammond,Mums,6,14,
1972,48,15,20,I’M STONE IN LOVE WITH YOU,The Stylistics,Avco,7,15,
1972,48,16,9,WITCHY WOMAN,Eagles,Asylum,12,9,
1972,48,17,28,CLAIR,Gilbert O’Sullivan,MAM,5,17,
1972,48,18,29,SOMETHING’S WRONG WITH ME,Austin Roberts,Chelsea,7,18,
1972,48,19,24,CRAZY HORSES,The Osmonds,MGM,6,19,
1972,48,20,22,OPERATOR (That’s Not the Way It Feels),Jim Croce,ABC,7,20,
1972,48,21,25,FUNNY FACE,Donna Fargo,Dot,9,21,
1972,48,22,19,BURNING LOVE,Elvis Presley,RCA,15,2,
1972,48,23,39,ME AND MRS. JONES,Billy Paul,Philadelphia International,4,23,
1972,48,24,12,GARDEN PARTY,Rick Nelson and the Stone Canyon Band,Decca,18,6,
1972,48,25,16,LISTEN TO THE MUSIC,The Doobie Brothers,Warner Brothers,13,11,
1972,48,26,32,ROCKIN’ PNEUMONIA – BOOGIE WOOGIE FLU,Johnny Rivers,United Artists,8,26,
1972,48,27,36,CORNER OF THE SKY,Jackson 5,Motown,5,27,
1972,48,28,38,DIALOGUE (Parts 1 and 2),Chicago,Columbia,5,28,
1972,48,29,30,ROCK ‘N ROLL SOUL,Grand Funk Railroad,Capitol,10,29,
1972,48,30,40,SWEET SURRENDER,Bread,Elektra,3,30,
1972,48,31,23,GOOD TIME CHARLIE’S GOT THE BLUES,Danny O’Keefe,Signpost,13,9,
1972,48,32,14,MY DING-A-LING,Chuck Berry,Chess,15,1,
1972,48,33,26,ELECTED,Alice Cooper,Warner Brothers,8,26,
1972,48,34,51,WALK ON WATER,Neil Diamond,Uni,3,34,
1972,48,35,33,I BELIEVE IN MUSIC,Gallery,Sussex,16,22,
1972,48,36,47,LIVING IN THE PAST,Jethro Tull,Chrysalis,4,36,
1972,48,37,17,THUNDER AND LIGHTNING,Chi Coltrane,Columbia,13,17,
1972,48,38,43,SUNNY DAYS,Lighthouse,Evolution,8,38,
1972,48,39,27,AMERICAN CITY SUITE (Sweet City Song / All Around the Town / A Friend Is Dying),Cashman and West,Dunhill,10,27,
1972,48,40,83,SUPERFLY,Curtis Mayfield,Curtom,2,40,
1972,48,42,37,ALL THE YOUNG DUDES,Mott the Hoople,Columbia,10,37,
1972,48,48,34,DON’T DO IT,The Band,Capitol,11,34,
1972,48,41,60,KEEPER OF THE CASTLE,The Four Tops,Dunhill,3,41,
1972,48,43,44,THEME FROM “THE MEN”,Isaac Hayes,Enterprise,6,43,
1972,48,44,45,SO LONG DIXIE,"Blood, Sweat and Tears",Columbia,9,44,
1972,48,45,52,LONG DARK ROAD,The Hollies,Epic,4,45,
1972,48,46,48,LIES,J.J. Cale,Shelter,4,46,
1972,48,47,49,I DIDN’T KNOW I LOVED YOU (‘Till I Saw You Rock and Roll),Gary Glitter,Bell,4,47,
1972,48,49,50,LET IT RAIN,Eric Clapton,Polydor,10,49,
1972,48,50,54,BABY SITTER,Betty Wright,Alston,7,50,
1972,49,1,5,PAPA WAS A ROLLIN’ STONE,The Temptations,Gordy,8,1,1 week at #1
1972,49,2,4,I AM WOMAN,Helen Reddy,Capitol,15,2,
1972,49,3,1,I CAN SEE CLEARLY NOW,Johnny Nash,Epic,13,1,
1972,49,4,2,I’D LOVE YOU TO WANT ME,Lobo,Big Tree,11,2,
1972,49,5,7,IF YOU DON’T KNOW ME BY NOW,Harold Melvin and the Blue Notes,Philadelphia International,10,5,
1972,49,6,6,SUMMER BREEZE,Seals and Crofts,Warner Brothers,13,6,
1972,49,7,8,YOU OUGHT TO BE WITH ME,Al Green,Hi,7,7,
1972,49,8,14,IT NEVER RAINS IN SOUTHERN CALIFORNIA,Albert Hammond,Mums,7,8,
1972,49,9,3,I’LL BE AROUND / HOW COULD I LET YOU GET AWAY,The Spinners,Atlantic,16,3,
1972,49,10,13,VENTURA HIGHWAY,America,Warner Brothers,7,10,
1972,49,11,15,I’M STONE IN LOVE WITH YOU,The Stylistics,Avco,8,11,
1972,49,12,17,CLAIR,Gilbert O’Sullivan,MAM,6,12,
1972,49,13,23,ME AND MRS. JONES,Billy Paul,Philadelphia International,5,13,
1972,49,14,10,IF I COULD REACH YOU,The 5th Dimension,Bell,13,10,
1972,49,15,19,CRAZY HORSES,The Osmonds,MGM,7,15,
1972,49,16,18,SOMETHING’S WRONG WITH ME,Austin Roberts,Chelsea,8,16,
1972,49,17,9,NIGHTS IN WHITE SATIN,The Moody Blues,Deram,18,2,
1972,49,18,20,OPERATOR (That’s Not the Way It Feels),Jim Croce,ABC,8,18,
1972,49,19,26,ROCKIN’ PNEUMONIA – BOOGIE WOOGIE FLU,Johnny Rivers,United Artists,9,19,
1972,49,20,21,FUNNY FACE,Donna Fargo,Dot,10,20,
1972,49,21,11,CONVENTION ’72,The Delegates,Mainstream,7,8,
1972,49,22,27,CORNER OF THE SKY,Jackson 5,Motown,6,22,
1972,49,23,12,FREDDIE’S DEAD (Theme From “Superfly”),Curtis Mayfield,Curtom,16,4,
1972,49,24,30,SWEET SURRENDER,Bread,Elektra,4,24,
1972,49,25,16,WITCHY WOMAN,Eagles,Asylum,13,9,
1972,49,26,28,DIALOGUE (Parts 1 and 2),Chicago,Columbia,6,26,
1972,49,27,34,WALK ON WATER,Neil Diamond,Uni,4,27,
1972,49,28,24,GARDEN PARTY,Rick Nelson and the Stone Canyon Band,Decca,19,6,
1972,49,29,29,ROCK ‘N ROLL SOUL,Grand Funk Railroad,Capitol,11,29,
1972,49,30,36,LIVING IN THE PAST,Jethro Tull,Chrysalis,5,30,
1972,49,31,40,SUPERFLY,Curtis Mayfield,Curtom,3,31,
1972,49,32,41,KEEPER OF THE CASTLE,The Four Tops,Dunhill,4,32,
1972,49,33,45,LONG DARK ROAD,The Hollies,Epic,5,33,
1972,49,34,55,YOUR MAMA DON’T DANCE,Kenny Loggins and Jim Messina,Columbia,4,34,
1972,49,35,51,SITTING,Cat Stevens,A&M,3,35,
1972,49,36,38,SUNNY DAYS,Lighthouse,Evolution,9,36,
1972,49,37,54,ALIVE,The Bee Gees,Atco,3,37,
1972,49,38,47,I DIDN’T KNOW I LOVED YOU (‘Till I Saw You Rock and Roll),Gary Glitter,Bell,5,38,
1972,49,39,43,THEME FROM “THE MEN”,Isaac Hayes,Enterprise,7,39,
1972,49,40,39,AMERICAN CITY SUITE (Sweet City Song / All Around the Town / A Friend Is Dying),Cashman and West,Dunhill,11,27,
1972,49,41,52,WHAT AM I CRYING FOR,Dennis Yost and the Classics IV,MGM South,7,41,
1972,49,42,46,LIES,J.J. Cale,Shelter,5,42,
1972,49,43,71,SUPERSTITION,Stevie Wonder,Tamla,3,43,
1972,49,44,44,SO LONG DIXIE,"Blood, Sweat and Tears",Columbia,10,44,
1972,49,45,77,I WANNA BE WITH YOU,The Raspberries,Capitol,2,45,
1972,49,46,50,BABY SITTER,Betty Wright,Alston,8,46,
1972,49,47,66,PIECES OF APRIL,Three Dog Night,Dunhill,3,47,
1972,49,48,49,LET IT RAIN,Eric Clapton,Polydor,11,48,
1972,49,49,68,I GOT A BAG OF MY OWN,James Brown,Polydor,3,49,
1972,49,50,88,BEEN TO CANAAN,Carole King,Ode,2,50,
1972,50,1,2,I AM WOMAN,Helen Reddy,Capitol,16,1,1 week at #1
1972,50,2,1,PAPA WAS A ROLLIN’ STONE,The Temptations,Gordy,9,1,
1972,50,3,5,IF YOU DON’T KNOW ME BY NOW,Harold Melvin and the Blue Notes,Philadelphia International,11,3,
1972,50,4,3,I CAN SEE CLEARLY NOW,Johnny Nash,Epic,14,1,
1972,50,5,7,YOU OUGHT TO BE WITH ME,Al Green,Hi,8,5,
1972,50,6,13,ME AND MRS. JONES,Billy Paul,Philadelphia International,6,6,
1972,50,7,8,IT NEVER RAINS IN SOUTHERN CALIFORNIA,Albert Hammond,Mums,8,7,
1972,50,8,10,VENTURA HIGHWAY,America,Warner Brothers,8,8,
1972,50,9,12,CLAIR,Gilbert O’Sullivan,MAM,7,9,
1972,50,10,11,I’M STONE IN LOVE WITH YOU,The Stylistics,Avco,9,10,
1972,50,11,6,SUMMER BREEZE,Seals and Crofts,Warner Brothers,14,6,
1972,50,12,20,FUNNY FACE,Donna Fargo,Dot,11,12,
1972,50,13,16,SOMETHING’S WRONG WITH ME,Austin Roberts,Chelsea,9,13,
1972,50,14,15,CRAZY HORSES,The Osmonds,MGM,8,14,
1972,50,15,19,ROCKIN’ PNEUMONIA – BOOGIE WOOGIE FLU,Johnny Rivers,United Artists,10,15,
1972,50,16,4,I’D LOVE YOU TO WANT ME,Lobo,Big Tree,12,2,
1972,50,17,18,OPERATOR (That’s Not the Way It Feels),Jim Croce,ABC,9,17,
1972,50,18,9,I’LL BE AROUND / HOW COULD I LET YOU GET AWAY,The Spinners,Atlantic,17,3,
1972,50,19,22,CORNER OF THE SKY,Jackson 5,Motown,7,19,
1972,50,20,24,SWEET SURRENDER,Bread,Elektra,5,20,
1972,50,21,14,IF I COULD REACH YOU,The 5th Dimension,Bell,14,10,
1972,50,22,31,SUPERFLY,Curtis Mayfield,Curtom,4,22,
1972,50,23,27,WALK ON WATER,Neil Diamond,Uni,5,23,
1972,50,24,26,DIALOGUE (Parts 1 and 2),Chicago,Columbia,7,24,
1972,50,25,32,KEEPER OF THE CASTLE,The Four Tops,Dunhill,5,25,
1972,50,26,30,LIVING IN THE PAST,Jethro Tull,Chrysalis,6,26,
1972,50,27,35,SITTING,Cat Stevens,A&M,4,27,
1972,50,28,21,CONVENTION ’72,The Delegates,Mainstream,8,8,
1972,50,29,34,YOUR MAMA DON’T DANCE,Kenny Loggins and Jim Messina,Columbia,5,29,
1972,50,30,33,LONG DARK ROAD,The Hollies,Epic,6,30,
1972,50,31,29,ROCK ‘N ROLL SOUL,Grand Funk Railroad,Capitol,12,29,
1972,50,32,43,SUPERSTITION,Stevie Wonder,Tamla,4,32,
1972,50,33,47,PIECES OF APRIL,Three Dog Night,Dunhill,4,33,
1972,50,34,36,SUNNY DAYS,Lighthouse,Evolution,10,34,
1972,50,35,37,ALIVE,The Bee Gees,Atco,4,35,
1972,50,36,38,I DIDN’T KNOW I LOVED YOU (‘Till I Saw You Rock and Roll),Gary Glitter,Bell,6,36,
1972,50,37,45,I WANNA BE WITH YOU,The Raspberries,Capitol,3,37,
1972,50,38,39,THEME FROM “THE MEN”,Isaac Hayes,Enterprise,8,38,
1972,50,39,41,WHAT AM I CRYING FOR,Dennis Yost and the Classics IV,MGM South,8,39,
1972,50,40,50,BEEN TO CANAAN,Carole King,Ode,3,40,
1972,50,41,60,DON’T LET ME BE LONELY TONIGHT,James Taylor,Warner Brothers,2,41,
1972,50,42,42,LIES,J.J. Cale,Shelter,6,42,
1972,50,43,56,ANGEL,Rod Stewart,Mercury,4,43,
1972,50,44,49,I GOT A BAG OF MY OWN,James Brown,Polydor,4,44,
1972,50,45,54,AND YOU AND I (Part 2),Yes,Atlantic,5,45,
1972,50,46,46,BABY SITTER,Betty Wright,Alston,9,46,
1972,50,47,44,SO LONG DIXIE,"Blood, Sweat and Tears",Columbia,11,44,
1972,50,48,48,LET IT RAIN,Eric Clapton,Polydor,12,48,
1972,50,49,51,IN HEAVEN THERE IS NO BEER,Clean Living,Vanguard,6,49,
1972,50,50,57,NO,Bulldog,Decca,9,50,
1972,51,1,6,ME AND MRS. JONES,Billy Paul,Philadelphia International,7,1,1 week at #1
1972,51,2,1,I AM WOMAN,Helen Reddy,Capitol,17,1,
1972,51,3,3,IF YOU DON’T KNOW ME BY NOW,Harold Melvin and the Blue Notes,Philadelphia International,12,3,
1972,51,4,5,YOU OUGHT TO BE WITH ME,Al Green,Hi,9,4,
1972,51,5,7,IT NEVER RAINS IN SOUTHERN CALIFORNIA,Albert Hammond,Mums,9,5,
1972,51,6,2,PAPA WAS A ROLLIN’ STONE,The Temptations,Gordy,10,1,
1972,51,7,9,CLAIR,Gilbert O’Sullivan,MAM,8,7,
1972,51,8,8,VENTURA HIGHWAY,America,Warner Brothers,9,8,
1972,51,9,4,I CAN SEE CLEARLY NOW,Johnny Nash,Epic,15,1,
1972,51,10,10,I’M STONE IN LOVE WITH YOU,The Stylistics,Avco,10,10,
1972,51,11,15,ROCKIN’ PNEUMONIA – BOOGIE WOOGIE FLU,Johnny Rivers,United Artists,11,11,
1972,51,12,12,FUNNY FACE,Donna Fargo,Dot,12,12,
1972,51,13,13,SOMETHING’S WRONG WITH ME,Austin Roberts,Chelsea,10,13,
1972,51,14,14,CRAZY HORSES,The Osmonds,MGM,9,14,
1972,51,15,22,SUPERFLY,Curtis Mayfield,Curtom,5,15,
1972,51,16,20,SWEET SURRENDER,Bread,Elektra,6,16,
1972,51,17,25,KEEPER OF THE CASTLE,The Four Tops,Dunhill,6,17,
1972,51,18,19,CORNER OF THE SKY,Jackson 5,Motown,8,18,
1972,51,19,11,SUMMER BREEZE,Seals and Crofts,Warner Brothers,15,6,
1972,51,20,26,LIVING IN THE PAST,Jethro Tull,Chrysalis,7,20,
1972,51,21,23,WALK ON WATER,Neil Diamond,Uni,6,21,
1972,51,22,17,OPERATOR (That’s Not the Way It Feels),Jim Croce,ABC,10,17,
1972,51,23,27,SITTING,Cat Stevens,A&M,5,23,
1972,51,24,29,YOUR MAMA DON’T DANCE,Kenny Loggins and Jim Messina,Columbia,6,24,
1972,51,25,24,DIALOGUE (Parts 1 and 2),Chicago,Columbia,8,24,
1972,51,26,30,LONG DARK ROAD,The Hollies,Epic,7,26,
1972,51,27,32,SUPERSTITION,Stevie Wonder,Tamla,5,27,
1972,51,28,33,PIECES OF APRIL,Three Dog Night,Dunhill,5,28,
1972,51,29,16,I’D LOVE YOU TO WANT ME,Lobo,Big Tree,13,2,
1972,51,30,18,I’LL BE AROUND / HOW COULD I LET YOU GET AWAY,The Spinners,Atlantic,18,3,
1972,51,31,40,BEEN TO CANAAN,Carole King,Ode,4,31,
1972,51,32,37,I WANNA BE WITH YOU,The Raspberries,Capitol,4,32,
1972,51,33,21,IF I COULD REACH YOU,The 5th Dimension,Bell,15,10,
1972,51,34,35,ALIVE,The Bee Gees,Atco,5,34,
1972,51,35,36,I DIDN’T KNOW I LOVED YOU (‘Till I Saw You Rock and Roll),Gary Glitter,Bell,7,35,
1972,51,36,34,SUNNY DAYS,Lighthouse,Evolution,11,34,
1972,51,37,60,YOU’RE SO VAIN,Carly Simon,Elektra,3,37,
1972,51,38,41,DON’T LET ME BE LONELY TONIGHT,James Taylor,Warner Brothers,3,38,
1972,51,39,39,WHAT AM I CRYING FOR,Dennis Yost and the Classics IV,MGM South,9,39,
1972,51,40,43,ANGEL,Rod Stewart,Mercury,5,40,
1972,51,41,38,THEME FROM “THE MEN”,Isaac Hayes,Enterprise,9,38,
1972,51,43,31,ROCK ‘N ROLL SOUL,Grand Funk Railroad,Capitol,13,29,
1972,51,42,45,AND YOU AND I (Part 2),Yes,Atlantic,6,42,
1972,51,44,44,I GOT A BAG OF MY OWN,James Brown,Polydor,5,44,
1972,51,45,62,WHY CAN’T WE LIVE TOGETHER,Timmy Thomas,Glades,4,45,
1972,51,46,73,CROCODILE ROCK,Elton John,MCA,2,46,
1972,51,47,53,SEPARATE WAYS,Elvis Presley,RCA,3,47,
1972,51,48,59,"OH, BABE, WHAT WOULD YOU SAY",Hurricane Smith,Capitol,3,48,
1972,51,49,54,SMOKE GETS IN YOUR EYES,Blue Haze,A&M,6,49,
1972,51,50,50,NO,Bulldog,Decca,10,50,
1972,52,1,1,ME AND MRS. JONES,Billy Paul,Philadelphia International,8,1,2 weeks at #1
1972,52,2,2,I AM WOMAN,Helen Reddy,Capitol,18,1,
1972,52,3,4,YOU OUGHT TO BE WITH ME,Al Green,Hi,10,3,
1972,52,4,7,CLAIR,Gilbert O’Sullivan,MAM,9,4,
1972,52,5,5,IT NEVER RAINS IN SOUTHERN CALIFORNIA,Albert Hammond,Mums,10,5,
1972,52,6,3,IF YOU DON’T KNOW ME BY NOW,Harold Melvin and the Blue Notes,Philadelphia International,13,3,
1972,52,7,12,FUNNY FACE,Donna Fargo,Dot,13,7,
1972,52,8,6,PAPA WAS A ROLLIN’ STONE,The Temptations,Gordy,11,1,
1972,52,9,37,YOU’RE SO VAIN,Carly Simon,Elektra,4,9,
1972,52,10,11,ROCKIN’ PNEUMONIA – BOOGIE WOOGIE FLU,Johnny Rivers,United Artists,12,10,
1972,52,11,9,I CAN SEE CLEARLY NOW,Johnny Nash,Epic,16,1,
1972,52,12,15,SUPERFLY,Curtis Mayfield,Curtom,6,12,
1972,52,13,13,SOMETHING’S WRONG WITH ME,Austin Roberts,Chelsea,11,13,
1972,52,14,24,YOUR MAMA DON’T DANCE,Kenny Loggins and Jim Messina,Columbia,7,14,
1972,52,15,17,KEEPER OF THE CASTLE,The Four Tops,Dunhill,7,15,
1972,52,16,16,SWEET SURRENDER,Bread,Elektra,7,16,
1972,52,17,20,LIVING IN THE PAST,Jethro Tull,Chrysalis,8,17,
1972,52,18,18,CORNER OF THE SKY,Jackson 5,Motown,9,18,
1972,52,19,21,WALK ON WATER,Neil Diamond,Uni,7,19,
1972,52,20,8,VENTURA HIGHWAY,America,Warner Brothers,10,8,
1972,52,21,23,SITTING,Cat Stevens,A&M,6,21,
1972,52,22,27,SUPERSTITION,Stevie Wonder,Tamla,6,22,
1972,52,23,14,CRAZY HORSES,The Osmonds,MGM,10,14,
1972,52,24,19,SUMMER BREEZE,Seals and Crofts,Warner Brothers,16,6,
1972,52,25,28,PIECES OF APRIL,Three Dog Night,Dunhill,6,25,
1972,52,26,10,I’M STONE IN LOVE WITH YOU,The Stylistics,Avco,11,10,
1972,52,27,38,DON’T LET ME BE LONELY TONIGHT,James Taylor,Warner Brothers,4,27,
1972,52,28,26,LONG DARK ROAD,The Hollies,Epic,8,26,
1972,52,29,31,BEEN TO CANAAN,Carole King,Ode,5,29,
1972,52,30,46,CROCODILE ROCK,Elton John,MCA,3,30,
1972,52,31,32,I WANNA BE WITH YOU,The Raspberries,Capitol,5,31,
1972,52,32,45,WHY CAN’T WE LIVE TOGETHER,Timmy Thomas,Glades,5,32,
1972,52,33,25,DIALOGUE (Parts 1 and 2),Chicago,Columbia,9,24,
1972,52,34,22,OPERATOR (That’s Not the Way It Feels),Jim Croce,ABC,11,17,
1972,52,35,49,SMOKE GETS IN YOUR EYES,Blue Haze,A&M,7,35,
1972,52,36,34,ALIVE,The Bee Gees,Atco,6,34,
1972,52,37,48,"OH, BABE, WHAT WOULD YOU SAY",Hurricane Smith,Capitol,4,37,
1972,52,38,36,SUNNY DAYS,Lighthouse,Evolution,12,34,
1972,52,39,47,SEPARATE WAYS,Elvis Presley,RCA,4,39,
1972,52,40,39,WHAT AM I CRYING FOR,Dennis Yost and the Classics IV,MGM South,10,39,
1972,52,43,40,ANGEL,Rod Stewart,Mercury,6,40,
1972,52,48,35,I DIDN’T KNOW I LOVED YOU (‘Till I Saw You Rock and Roll),Gary Glitter,Bell,8,35,
1972,52,54,30,I’LL BE AROUND / HOW COULD I LET YOU GET AWAY,The Spinners,Atlantic,19,3,
1972,52,64,29,I’D LOVE YOU TO WANT ME,Lobo,Big Tree,14,2,
1972,52,41,62,THE WORLD IS A GHETTO,War,United Artists,6,41,
1972,52,42,100,"HI, HI, HI",Wings,Apple,2,42,
1972,52,44,64,DO IT AGAIN,Steely Dan,ABC,6,44,
1972,52,45,51,"YOU TURN ME ON, I’M A RADIO",Joni Mitchell,Asylum,7,45,
1972,52,46,53,ROCKY MOUNTAIN HIGH,John Denver,RCA,5,46,
1972,52,47,54,DANCING IN THE MOONLIGHT,King Harvest,Perception,9,47,
1972,52,49,50,NO,Bulldog,Decca,11,49,
1972,52,50,81,TROUBLE MAN,Marvin Gaye,Tamla,2,50,
1972,53,1,1,ME AND MRS. JONES,Billy Paul,Philadelphia International,9,1,3 weeks at #1
1972,53,2,4,CLAIR,Gilbert O’Sullivan,MAM,10,2,
1972,53,3,3,YOU OUGHT TO BE WITH ME,Al Green,Hi,11,3,
1972,53,4,9,YOU’RE SO VAIN,Carly Simon,Elektra,5,4,
1972,53,5,5,IT NEVER RAINS IN SOUTHERN CALIFORNIA,Albert Hammond,Mums,11,5,
1972,53,6,7,FUNNY FACE,Donna Fargo,Dot,14,6,
1972,53,7,2,I AM WOMAN,Helen Reddy,Capitol,19,1,
1972,53,8,10,ROCKIN’ PNEUMONIA – BOOGIE WOOGIE FLU,Johnny Rivers,United Artists,13,8,
1972,53,9,12,SUPERFLY,Curtis Mayfield,Curtom,7,9,
1972,53,10,14,YOUR MAMA DON’T DANCE,Kenny Loggins and Jim Messina,Columbia,8,10,
1972,53,11,15,KEEPER OF THE CASTLE,The Four Tops,Dunhill,8,11,
1972,53,12,13,SOMETHING’S WRONG WITH ME,Austin Roberts,Chelsea,12,12,
1972,53,13,17,LIVING IN THE PAST,Jethro Tull,Chrysalis,9,13,
1972,53,14,8,PAPA WAS A ROLLIN’ STONE,The Temptations,Gordy,12,1,
1972,53,15,16,SWEET SURRENDER,Bread,Elektra,8,15,
1972,53,16,22,SUPERSTITION,Stevie Wonder,Tamla,7,16,
1972,53,17,19,WALK ON WATER,Neil Diamond,Uni,8,17,
1972,53,18,21,SITTING,Cat Stevens,A&M,7,18,
1972,53,19,6,IF YOU DON’T KNOW ME BY NOW,Harold Melvin and the Blue Notes,Philadelphia International,14,3,
1972,53,20,30,CROCODILE ROCK,Elton John,MCA,4,20,
1972,53,21,27,DON’T LET ME BE LONELY TONIGHT,James Taylor,Warner Brothers,5,21,
1972,53,22,11,I CAN SEE CLEARLY NOW,Johnny Nash,Epic,17,1,
1972,53,23,25,PIECES OF APRIL,Three Dog Night,Dunhill,7,23,
1972,53,24,32,WHY CAN’T WE LIVE TOGETHER,Timmy Thomas,Glades,6,24,
1972,53,25,18,CORNER OF THE SKY,Jackson 5,Motown,10,18,
1972,53,26,29,BEEN TO CANAAN,Carole King,Ode,6,26,
1972,53,27,42,"HI, HI, HI",Wings,Apple,3,27,
1972,53,28,31,I WANNA BE WITH YOU,The Raspberries,Capitol,6,28,
1972,53,29,24,SUMMER BREEZE,Seals and Crofts,Warner Brothers,17,6,
1972,53,30,37,"OH, BABE, WHAT WOULD YOU SAY",Hurricane Smith,Capitol,5,30,
1972,53,31,35,SMOKE GETS IN YOUR EYES,Blue Haze,A&M,8,31,
1972,53,32,28,LONG DARK ROAD,The Hollies,Epic,9,26,
1972,53,33,50,TROUBLE MAN,Marvin Gaye,Tamla,3,33,
1972,53,34,39,SEPARATE WAYS,Elvis Presley,RCA,5,34,
1972,53,35,41,THE WORLD IS A GHETTO,War,United Artists,7,35,
1972,53,36,20,VENTURA HIGHWAY,America,Warner Brothers,11,8,
1972,53,37,44,DO IT AGAIN,Steely Dan,ABC,7,37,
1972,53,38,26,I’M STONE IN LOVE WITH YOU,The Stylistics,Avco,12,10,
1972,53,39,23,CRAZY HORSES,The Osmonds,MGM,11,14,
1972,53,40,45,"YOU TURN ME ON, I’M A RADIO",Joni Mitchell,Asylum,8,40,
1972,53,42,36,ALIVE,The Bee Gees,Atco,7,34,
1972,53,48,33,DIALOGUE (Parts 1 and 2),Chicago,Columbia,10,24,
1972,53,56,34,OPERATOR (That’s Not the Way It Feels),Jim Croce,ABC,12,17,
1972,53,57,40,WHAT AM I CRYING FOR,Dennis Yost and the Classics IV,MGM South,11,39,
1972,53,41,46,ROCKY MOUNTAIN HIGH,John Denver,RCA,6,41,
1972,53,43,47,DANCING IN THE MOONLIGHT,King Harvest,Perception,10,43,
1972,53,44,49,NO,Bulldog,Decca,12,44,
1972,53,45,57,HARRY HIPPIE / SWEET CAROLINE (Good Times Never Seemed So Good),Bobby Womack and Peace,United Artists,13,45,
1972,53,46,52,LOVE JONES,Brighter Side Of Darkness,20th Century,4,46,
1972,53,47,58,THE RELAY,The Who,Track,4,47,
1972,53,49,59,JAMBALAYA (On the Bayou),The Blue Ridge Rangers,Fantasy,5,49,
1972,53,50,53,TROUBLE IN MY HOME / I FOUND MY DAD,Joe Simon,Spring,9,50,
