YEAR,WEEK,TW,LW,TITLE,ARTIST,LABEL,WEEKS_ON_CHART,PEAK_POSITION,WEEKS_AT_1
1974,1,3,3,LEAVE ME ALONE (Ruby Red Dress),Helen Reddy,Capitol,10,3,
1974,1,4,2,THE MOST BEAUTIFUL GIRL,Charlie Rich,Epic,15,1,
1974,1,5,8,SHOW AND TELL,Al Wilson,Rocky Road,12,5,
1974,1,6,9,SMOKIN’ IN THE BOY’S ROOM,Brownsville Station,Big Tree,11,6,
1974,1,10,14,I’VE GOT TO USE MY IMAGINATION,Gladys Knight and the Pips,Buddah,7,10,
1974,1,11,7,TOP OF THE WORLD,The Carpenters,A&M,14,1,
1974,1,13,17,LET ME BE THERE,Olivia Newton-John,MCA,8,13,
1974,1,14,6,HELLO IT’S ME,Todd Rundgren,Bearsville,14,5,
1974,1,15,23,THE WAY WE WERE,Barbra Streisand,Columbia,7,15,
1974,1,16,27,YOU’RE SIXTEEN,Ringo Starr,Apple,4,16,
1974,1,17,21,LOVE’S THEME,The Love Unlimited Orchestra,20th Century,6,17,
1974,1,19,25,ARE YOU LONESOME TONIGHT / WHEN I FALL IN LOVE,Donny Osmond,MGM,7,19,
1974,1,20,24,ME AND BABY BROTHER,War,United Artists,9,20,
1974,1,22,15,ROCKIN’ ROLL BABY,The Stylistics,Avco,12,14,
1974,1,23,13,JUST YOU ‘N’ ME,Chicago,Columbia,15,4,
1974,1,28,26,MY MUSIC,Loggins and Messina,Columbia,10,16,
1974,1,29,35,SISTER MARY ELEPHANT (Shudd-Up),Cheech and Chong,Ode,7,29,
1974,1,30,38,SPIDERS & SNAKES,Jim Stafford,MGM,9,30,
1974,1,31,36,WALK LIKE A MAN,Grand Funk,Capitol,7,31,
1974,1,32,28,PHOTOGRAPH,Ringo Starr,Apple,14,1,
1974,1,33,32,WHO’S IN THE STRAWBERRY PATCH WITH SALLY,Tony Orlando and Dawn,Bell,9,27,
1974,1,35,29,SPACE RACE,Billy Preston,A&M,16,4,
1974,1,36,37,PAINTED LADIES,Ian Thomas,Janus,11,36,
1974,1,37,54,JUNGLE BOOGIE,Kool and the Gang,De-Lite,5,37,
1974,1,38,34,I GOT A NAME,Jim Croce,ABC,14,10,
1974,1,40,50,IF WE MAKE IT THROUGH DECEMBER,Merle Haggard,Capitol,7,40,
1974,1,43,31,MIDNIGHT TRAIN TO GEORGIA,Gladys Knight and the Pips,Buddah,19,1,
1974,1,41,42,I CAN’T STAND THE RAIN,Ann Peebles,Hi,19,38,
1974,1,42,44,THIS TIME I’M GONE FOR GOOD,Bobby “Blue” Bland,Dunhill,8,42,
1974,1,44,62,JOY (Part 1),Isaac Hayes,Enterprise,3,44,
1974,1,45,45,TELL HER SHE’S LOVELY,El Chicano,MCA,8,40,
1974,1,47,57,I LOVE,Tom T. Hall,Mercury,5,47,
1974,1,48,52,ROCK ON,David Essex,Columbia,9,48,
1974,1,50,61,PUT YOUR HANDS TOGETHER,The O’Jays,Philadelphia International,3,50,
1974,2,1,2,THE JOKER,The Steve Miller Band,Capitol,13,1,1 week at #1
1974,2,2,1,TIME IN A BOTTLE,Jim Croce,ABC,9,1,
1974,2,3,5,SHOW AND TELL,Al Wilson,Rocky Road,13,3,
1974,2,4,6,SMOKIN’ IN THE BOY’S ROOM,Brownsville Station,Big Tree,12,4,
1974,2,5,10,I’VE GOT TO USE MY IMAGINATION,Gladys Knight and the Pips,Buddah,8,5,
1974,2,6,16,YOU’RE SIXTEEN,Ringo Starr,Apple,5,6,
1974,2,7,8,"NEVER, NEVER GONNA GIVE YA UP",Barry White,20th Century,12,7,
1974,2,8,9,LIVING FOR THE CITY,Stevie Wonder,Tamla,10,8,
1974,2,9,13,LET ME BE THERE,Olivia Newton-John,MCA,9,9,
1974,2,10,12,HELEN WHEELS,Paul McCartney and Wings,Apple,8,10,
1974,2,11,15,THE WAY WE WERE,Barbra Streisand,Columbia,8,11,
1974,2,12,4,THE MOST BEAUTIFUL GIRL,Charlie Rich,Epic,16,1,
1974,2,13,17,LOVE’S THEME,The Love Unlimited Orchestra,20th Century,7,13,
1974,2,14,3,LEAVE ME ALONE (Ruby Red Dress),Helen Reddy,Capitol,11,3,
1974,2,15,19,ARE YOU LONESOME TONIGHT / WHEN I FALL IN LOVE,Donny Osmond,MGM,8,15,
1974,2,16,20,ME AND BABY BROTHER,War,United Artists,10,16,
1974,2,17,18,UNTIL YOU COME BACK TO ME (That’s What I’m Gonna Do),Aretha Franklin,Atlantic,8,17,
1974,2,18,7,GOODBYE YELLOW BRICK ROAD,Elton John,MCA,12,2,
1974,2,19,11,TOP OF THE WORLD,The Carpenters,A&M,15,1,
1974,2,20,14,HELLO IT’S ME,Todd Rundgren,Bearsville,15,5,
1974,2,21,24,LIVIN’ FOR YOU,Al Green,Hi,6,21,
1974,2,22,30,SPIDERS & SNAKES,Jim Stafford,MGM,10,22,
1974,2,23,31,WALK LIKE A MAN,Grand Funk,Capitol,8,23,
1974,2,24,21,IF YOU’RE READY (Come Go With Me),The Staple Singers,Stax,12,9,
1974,2,25,29,SISTER MARY ELEPHANT (Shudd-Up),Cheech and Chong,Ode,8,25,
1974,2,26,23,JUST YOU ‘N’ ME,Chicago,Columbia,16,4,
1974,2,27,22,ROCKIN’ ROLL BABY,The Stylistics,Avco,13,14,
1974,2,28,37,JUNGLE BOOGIE,Kool and the Gang,De-Lite,6,28,
1974,2,29,25,MIND GAMES,John Lennon,Apple,10,18,
1974,2,30,26,D’YER MAK’ER,Led Zeppelin,Atlantic,13,20,
1974,2,31,28,MY MUSIC,Loggins and Messina,Columbia,11,16,
1974,2,32,40,IF WE MAKE IT THROUGH DECEMBER,Merle Haggard,Capitol,8,32,
1974,2,33,65,AMERICANS,Byron MacGregor,Westbound,2,33,
1974,2,34,36,PAINTED LADIES,Ian Thomas,Janus,12,34,
1974,2,35,39,AMERICAN TUNE,Paul Simon,Columbia,7,35,
1974,2,36,44,JOY (Part 1),Isaac Hayes,Enterprise,4,36,
1974,2,37,33,WHO’S IN THE STRAWBERRY PATCH WITH SALLY,Tony Orlando and Dawn,Bell,10,27,
1974,2,38,46,LET YOUR HAIR DOWN,The Temptations,Gordy,4,38,
1974,2,39,50,PUT YOUR HANDS TOGETHER,The O’Jays,Philadelphia International,4,39,
1974,2,40,48,ROCK ON,David Essex,Columbia,10,40,
1974,2,43,27,THE LOVE I LOST (Part 1),Harold Melvin and the Blue Notes,Philadelphia International,16,7,
1974,2,45,32,PHOTOGRAPH,Ringo Starr,Apple,15,1,
1974,2,49,34,COME GET TO THIS,Marvin Gaye,Tamla,11,21,
1974,2,52,38,I GOT A NAME,Jim Croce,ABC,15,10,
1974,2,59,35,SPACE RACE,Billy Preston,A&M,17,4,
1974,2,41,47,I LOVE,Tom T. Hall,Mercury,6,41,
1974,2,42,42,THIS TIME I’M GONE FOR GOOD,Bobby “Blue” Bland,Dunhill,9,42,
1974,2,44,55,MIDNIGHT RIDER,Gregg Allman,Capricorn,4,44,
1974,2,46,56,JIM DANDY,Black Oak Arkansas,Atco,5,46,
1974,2,47,41,I CAN’T STAND THE RAIN,Ann Peebles,Hi,20,38,
1974,2,48,51,BABY COME CLOSE,Smokey Robinson,Tamla,9,48,
1974,2,50,60,LOVE SONG,Anne Murray,Capitol,5,50,
1974,3,1,3,SHOW AND TELL,Al Wilson,Rocky Road,14,1,1 week at #1
1974,3,2,1,THE JOKER,The Steve Miller Band,Capitol,14,1,
1974,3,3,4,SMOKIN’ IN THE BOY’S ROOM,Brownsville Station,Big Tree,13,3,
1974,3,4,5,I’VE GOT TO USE MY IMAGINATION,Gladys Knight and the Pips,Buddah,9,4,
1974,3,5,6,YOU’RE SIXTEEN,Ringo Starr,Apple,6,5,
1974,3,6,2,TIME IN A BOTTLE,Jim Croce,ABC,10,1,
1974,3,7,11,THE WAY WE WERE,Barbra Streisand,Columbia,9,7,
1974,3,8,8,LIVING FOR THE CITY,Stevie Wonder,Tamla,11,8,
1974,3,9,9,LET ME BE THERE,Olivia Newton-John,MCA,10,9,
1974,3,10,13,LOVE’S THEME,The Love Unlimited Orchestra,20th Century,8,10,
1974,3,11,7,"NEVER, NEVER GONNA GIVE YA UP",Barry White,20th Century,13,7,
1974,3,12,10,HELEN WHEELS,Paul McCartney and Wings,Apple,9,10,
1974,3,13,17,UNTIL YOU COME BACK TO ME (That’s What I’m Gonna Do),Aretha Franklin,Atlantic,9,13,
1974,3,14,15,ARE YOU LONESOME TONIGHT / WHEN I FALL IN LOVE,Donny Osmond,MGM,9,14,
1974,3,15,16,ME AND BABY BROTHER,War,United Artists,11,15,
1974,3,16,12,THE MOST BEAUTIFUL GIRL,Charlie Rich,Epic,17,1,
1974,3,17,33,AMERICANS,Byron MacGregor,Westbound,3,17,
1974,3,18,22,SPIDERS & SNAKES,Jim Stafford,MGM,11,18,
1974,3,19,21,LIVIN’ FOR YOU,Al Green,Hi,7,19,
1974,3,20,23,WALK LIKE A MAN,Grand Funk,Capitol,9,20,
1974,3,21,14,LEAVE ME ALONE (Ruby Red Dress),Helen Reddy,Capitol,12,3,
1974,3,22,28,JUNGLE BOOGIE,Kool and the Gang,De-Lite,7,22,
1974,3,23,18,GOODBYE YELLOW BRICK ROAD,Elton John,MCA,13,2,
1974,3,24,25,SISTER MARY ELEPHANT (Shudd-Up),Cheech and Chong,Ode,9,24,
1974,3,25,19,TOP OF THE WORLD,The Carpenters,A&M,16,1,
1974,3,26,20,HELLO IT’S ME,Todd Rundgren,Bearsville,16,5,
1974,3,27,24,IF YOU’RE READY (Come Go With Me),The Staple Singers,Stax,13,9,
1974,3,28,32,IF WE MAKE IT THROUGH DECEMBER,Merle Haggard,Capitol,9,28,
1974,3,29,39,PUT YOUR HANDS TOGETHER,The O’Jays,Philadelphia International,5,29,
1974,3,30,38,LET YOUR HAIR DOWN,The Temptations,Gordy,5,30,
1974,3,31,27,ROCKIN’ ROLL BABY,The Stylistics,Avco,14,14,
1974,3,32,40,ROCK ON,David Essex,Columbia,11,32,
1974,3,33,36,JOY (Part 1),Isaac Hayes,Enterprise,5,33,
1974,3,34,29,MIND GAMES,John Lennon,Apple,11,18,
1974,3,35,26,JUST YOU ‘N’ ME,Chicago,Columbia,17,4,
1974,3,36,44,MIDNIGHT RIDER,Gregg Allman,Capricorn,5,36,
1974,3,37,35,AMERICAN TUNE,Paul Simon,Columbia,8,35,
1974,3,38,41,I LOVE,Tom T. Hall,Mercury,7,38,
1974,3,39,48,BABY COME CLOSE,Smokey Robinson,Tamla,10,39,
1974,3,40,50,LOVE SONG,Anne Murray,Capitol,6,40,
1974,3,43,30,D’YER MAK’ER,Led Zeppelin,Atlantic,14,20,
1974,3,44,31,MY MUSIC,Loggins and Messina,Columbia,12,16,
1974,3,45,34,PAINTED LADIES,Ian Thomas,Janus,13,34,
1974,3,50,37,WHO’S IN THE STRAWBERRY PATCH WITH SALLY,Tony Orlando and Dawn,Bell,11,27,
1974,3,41,56,LAST TIME I SAW HIM,Diana Ross,Motown,3,41,
1974,3,42,46,JIM DANDY,Black Oak Arkansas,Atco,6,42,
1974,3,46,62,BOOGIE DOWN,Eddie Kendricks,Tamla,3,46,
1974,3,47,42,THIS TIME I’M GONE FOR GOOD,Bobby “Blue” Bland,Dunhill,10,42,
1974,3,48,58,I LIKE TO LIVE THE LOVE,B.B. King,ABC,7,48,
1974,3,49,70,ABRA-CA-DABRA,The DeFranco Family Featuring Tony DeFranco,20th Century,4,49,
1974,4,1,5,YOU’RE SIXTEEN,Ringo Starr,Apple,7,1,1 week at #1
1974,4,2,1,SHOW AND TELL,Al Wilson,Rocky Road,15,1,
1974,4,3,7,THE WAY WE WERE,Barbra Streisand,Columbia,10,3,
1974,4,4,4,I’VE GOT TO USE MY IMAGINATION,Gladys Knight and the Pips,Buddah,10,4,
1974,4,5,2,THE JOKER,The Steve Miller Band,Capitol,15,1,
1974,4,6,10,LOVE’S THEME,The Love Unlimited Orchestra,20th Century,9,6,
1974,4,7,3,SMOKIN’ IN THE BOY’S ROOM,Brownsville Station,Big Tree,14,3,
1974,4,8,9,LET ME BE THERE,Olivia Newton-John,MCA,11,8,
1974,4,9,6,TIME IN A BOTTLE,Jim Croce,ABC,11,1,
1974,4,10,17,AMERICANS,Byron MacGregor,Westbound,4,10,
1974,4,11,13,UNTIL YOU COME BACK TO ME (That’s What I’m Gonna Do),Aretha Franklin,Atlantic,10,11,
1974,4,12,8,LIVING FOR THE CITY,Stevie Wonder,Tamla,12,8,
1974,4,13,11,"NEVER, NEVER GONNA GIVE YA UP",Barry White,20th Century,14,7,
1974,4,14,18,SPIDERS & SNAKES,Jim Stafford,MGM,12,14,
1974,4,15,15,ME AND BABY BROTHER,War,United Artists,12,15,
1974,4,16,14,ARE YOU LONESOME TONIGHT / WHEN I FALL IN LOVE,Donny Osmond,MGM,10,14,
1974,4,17,12,HELEN WHEELS,Paul McCartney and Wings,Apple,10,10,
1974,4,18,22,JUNGLE BOOGIE,Kool and the Gang,De-Lite,8,18,
1974,4,19,20,WALK LIKE A MAN,Grand Funk,Capitol,10,19,
1974,4,20,16,THE MOST BEAUTIFUL GIRL,Charlie Rich,Epic,18,1,
1974,4,21,19,LIVIN’ FOR YOU,Al Green,Hi,8,19,
1974,4,22,29,PUT YOUR HANDS TOGETHER,The O’Jays,Philadelphia International,6,22,
1974,4,23,21,LEAVE ME ALONE (Ruby Red Dress),Helen Reddy,Capitol,13,3,
1974,4,24,32,ROCK ON,David Essex,Columbia,12,24,
1974,4,25,23,GOODBYE YELLOW BRICK ROAD,Elton John,MCA,14,2,
1974,4,26,24,SISTER MARY ELEPHANT (Shudd-Up),Cheech and Chong,Ode,10,24,
1974,4,27,30,LET YOUR HAIR DOWN,The Temptations,Gordy,6,27,
1974,4,28,62,THE AMERICANS (A Canadian’s Opinion),Gordon Sinclair,Avco,3,28,
1974,4,29,25,TOP OF THE WORLD,The Carpenters,A&M,17,1,
1974,4,30,38,I LOVE,Tom T. Hall,Mercury,8,30,
1974,4,31,33,JOY (Part 1),Isaac Hayes,Enterprise,6,31,
1974,4,32,36,MIDNIGHT RIDER,Gregg Allman,Capricorn,6,32,
1974,4,33,41,LAST TIME I SAW HIM,Diana Ross,Motown,4,33,
1974,4,34,42,JIM DANDY,Black Oak Arkansas,Atco,7,34,
1974,4,35,40,LOVE SONG,Anne Murray,Capitol,7,35,
1974,4,36,46,BOOGIE DOWN,Eddie Kendricks,Tamla,4,36,
1974,4,37,39,BABY COME CLOSE,Smokey Robinson,Tamla,11,37,
1974,4,38,26,HELLO IT’S ME,Todd Rundgren,Bearsville,17,5,
1974,4,39,31,ROCKIN’ ROLL BABY,The Stylistics,Avco,15,14,
1974,4,40,49,ABRA-CA-DABRA,The DeFranco Family Featuring Tony DeFranco,20th Century,5,40,
1974,4,41,28,IF WE MAKE IT THROUGH DECEMBER,Merle Haggard,Capitol,10,28,
1974,4,43,27,IF YOU’RE READY (Come Go With Me),The Staple Singers,Stax,14,9,
1974,4,44,34,MIND GAMES,John Lennon,Apple,12,18,
1974,4,46,35,JUST YOU ‘N’ ME,Chicago,Columbia,18,4,
1974,4,53,37,AMERICAN TUNE,Paul Simon,Columbia,9,35,
1974,4,42,61,DOO DOO DOO DOO DOO (Heartbreaker),The Rolling Stones,Rolling Stones,3,42,
1974,4,45,48,I LIKE TO LIVE THE LOVE,B.B. King,ABC,8,45,
1974,4,47,52,CAN THIS BE REAL,Natural Four,Curtom,4,47,
1974,4,49,43,D’YER MAK’ER,Led Zeppelin,Atlantic,15,20,
1974,4,50,57,I SHALL SING,Garfunkel,Columbia,5,50,
1974,5,1,3,THE WAY WE WERE,Barbra Streisand,Columbia,11,1,1 week at #1
1974,5,2,1,YOU’RE SIXTEEN,Ringo Starr,Apple,8,1,
1974,5,3,6,LOVE’S THEME,The Love Unlimited Orchestra,20th Century,10,3,
1974,5,4,2,SHOW AND TELL,Al Wilson,Rocky Road,16,1,
1974,5,5,10,AMERICANS,Byron MacGregor,Westbound,5,5,
1974,5,6,4,I’VE GOT TO USE MY IMAGINATION,Gladys Knight and the Pips,Buddah,11,4,
1974,5,7,8,LET ME BE THERE,Olivia Newton-John,MCA,12,7,
1974,5,8,11,UNTIL YOU COME BACK TO ME (That’s What I’m Gonna Do),Aretha Franklin,Atlantic,11,8,
1974,5,9,5,THE JOKER,The Steve Miller Band,Capitol,16,1,
1974,5,10,14,SPIDERS & SNAKES,Jim Stafford,MGM,13,10,
1974,5,11,7,SMOKIN’ IN THE BOY’S ROOM,Brownsville Station,Big Tree,15,3,
1974,5,12,9,TIME IN A BOTTLE,Jim Croce,ABC,12,1,
1974,5,13,12,LIVING FOR THE CITY,Stevie Wonder,Tamla,13,8,
1974,5,14,18,JUNGLE BOOGIE,Kool and the Gang,De-Lite,9,14,
1974,5,15,13,"NEVER, NEVER GONNA GIVE YA UP",Barry White,20th Century,15,7,
1974,5,16,15,ME AND BABY BROTHER,War,United Artists,13,15,
1974,5,17,24,ROCK ON,David Essex,Columbia,13,17,
1974,5,18,22,PUT YOUR HANDS TOGETHER,The O’Jays,Philadelphia International,7,18,
1974,5,19,36,BOOGIE DOWN,Eddie Kendricks,Tamla,5,19,
1974,5,20,17,HELEN WHEELS,Paul McCartney and Wings,Apple,11,10,
1974,5,21,20,THE MOST BEAUTIFUL GIRL,Charlie Rich,Epic,19,1,
1974,5,22,42,DOO DOO DOO DOO DOO (Heartbreaker),The Rolling Stones,Rolling Stones,4,22,
1974,5,23,30,I LOVE,Tom T. Hall,Mercury,9,23,
1974,5,24,21,LIVIN’ FOR YOU,Al Green,Hi,9,19,
1974,5,25,32,MIDNIGHT RIDER,Gregg Allman,Capricorn,7,25,
1974,5,26,28,THE AMERICANS (A Canadian’s Opinion),Gordon Sinclair,Avco,4,26,
1974,5,27,33,LAST TIME I SAW HIM,Diana Ross,Motown,5,27,
1974,5,28,34,JIM DANDY,Black Oak Arkansas,Atco,8,28,
1974,5,29,35,LOVE SONG,Anne Murray,Capitol,8,29,
1974,5,30,31,JOY (Part 1),Isaac Hayes,Enterprise,7,30,
1974,5,31,27,LET YOUR HAIR DOWN,The Temptations,Gordy,7,27,
1974,5,32,23,LEAVE ME ALONE (Ruby Red Dress),Helen Reddy,Capitol,14,3,
1974,5,33,37,BABY COME CLOSE,Smokey Robinson,Tamla,12,33,
1974,5,34,16,ARE YOU LONESOME TONIGHT / WHEN I FALL IN LOVE,Donny Osmond,MGM,11,14,
1974,5,35,25,GOODBYE YELLOW BRICK ROAD,Elton John,MCA,15,2,
1974,5,36,51,SEXY MAMA,The Moments,Stang,4,36,
1974,5,37,40,ABRA-CA-DABRA,The DeFranco Family Featuring Tony DeFranco,20th Century,6,37,
1974,5,38,19,WALK LIKE A MAN,Grand Funk,Capitol,11,19,
1974,5,39,29,TOP OF THE WORLD,The Carpenters,A&M,18,1,
1974,5,40,56,DARK LADY,Cher,MCA,3,40,
1974,5,41,26,SISTER MARY ELEPHANT (Shudd-Up),Cheech and Chong,Ode,11,24,
1974,5,46,39,ROCKIN’ ROLL BABY,The Stylistics,Avco,16,14,
1974,5,52,38,HELLO IT’S ME,Todd Rundgren,Bearsville,18,5,
1974,5,42,45,I LIKE TO LIVE THE LOVE,B.B. King,ABC,9,42,
1974,5,43,47,CAN THIS BE REAL,Natural Four,Curtom,5,43,
1974,5,44,54,DADDY WHAT IF,Bobby Bare,RCA,5,44,
1974,5,45,50,I SHALL SING,Garfunkel,Columbia,6,45,
1974,5,47,58,LAST KISS,Wednesday,Sussex,11,47,
1974,5,48,48,TEENAGE LAMENT ’74,Alice Cooper,Warner Brothers,6,48,
1974,5,49,72,SEASONS IN THE SUN,Terry Jacks,Bell,4,49,
1974,5,50,60,MY SWEET LADY,Cliff DeYoung with Bill Mumy and Corey Fischer,MCA,5,50,
1974,6,1,3,LOVE’S THEME,The Love Unlimited Orchestra,20th Century,11,1,1 week at #1
1974,6,2,1,THE WAY WE WERE,Barbra Streisand,Columbia,12,1,
1974,6,3,2,YOU’RE SIXTEEN,Ringo Starr,Apple,9,1,
1974,6,4,5,AMERICANS,Byron MacGregor,Westbound,6,4,
1974,6,5,8,UNTIL YOU COME BACK TO ME (That’s What I’m Gonna Do),Aretha Franklin,Atlantic,12,5,
1974,6,6,7,LET ME BE THERE,Olivia Newton-John,MCA,13,6,
1974,6,7,10,SPIDERS & SNAKES,Jim Stafford,MGM,14,7,
1974,6,8,4,SHOW AND TELL,Al Wilson,Rocky Road,17,1,
1974,6,9,6,I’VE GOT TO USE MY IMAGINATION,Gladys Knight and the Pips,Buddah,12,4,
1974,6,10,14,JUNGLE BOOGIE,Kool and the Gang,De-Lite,10,10,
1974,6,11,9,THE JOKER,The Steve Miller Band,Capitol,17,1,
1974,6,12,11,SMOKIN’ IN THE BOY’S ROOM,Brownsville Station,Big Tree,16,3,
1974,6,13,17,ROCK ON,David Essex,Columbia,14,13,
1974,6,14,19,BOOGIE DOWN,Eddie Kendricks,Tamla,6,14,
1974,6,15,18,PUT YOUR HANDS TOGETHER,The O’Jays,Philadelphia International,8,15,
1974,6,16,13,LIVING FOR THE CITY,Stevie Wonder,Tamla,14,8,
1974,6,17,22,DOO DOO DOO DOO DOO (Heartbreaker),The Rolling Stones,Rolling Stones,5,17,
1974,6,18,12,TIME IN A BOTTLE,Jim Croce,ABC,13,1,
1974,6,19,23,I LOVE,Tom T. Hall,Mercury,10,19,
1974,6,20,15,"NEVER, NEVER GONNA GIVE YA UP",Barry White,20th Century,16,7,
1974,6,21,27,LAST TIME I SAW HIM,Diana Ross,Motown,6,21,
1974,6,22,25,MIDNIGHT RIDER,Gregg Allman,Capricorn,8,22,
1974,6,23,29,LOVE SONG,Anne Murray,Capitol,9,23,
1974,6,24,26,THE AMERICANS (A Canadian’s Opinion),Gordon Sinclair,Avco,5,24,
1974,6,25,21,THE MOST BEAUTIFUL GIRL,Charlie Rich,Epic,20,1,
1974,6,26,28,JIM DANDY,Black Oak Arkansas,Atco,9,26,
1974,6,27,49,SEASONS IN THE SUN,Terry Jacks,Bell,5,27,
1974,6,28,16,ME AND BABY BROTHER,War,United Artists,14,15,
1974,6,29,33,BABY COME CLOSE,Smokey Robinson,Tamla,13,29,
1974,6,30,30,JOY (Part 1),Isaac Hayes,Enterprise,8,30,
1974,6,31,40,DARK LADY,Cher,MCA,4,31,
1974,6,32,36,SEXY MAMA,The Moments,Stang,5,32,
1974,6,33,24,LIVIN’ FOR YOU,Al Green,Hi,10,19,
1974,6,34,37,ABRA-CA-DABRA,The DeFranco Family Featuring Tony DeFranco,20th Century,7,34,
1974,6,35,43,CAN THIS BE REAL,Natural Four,Curtom,6,35,
1974,6,36,32,LEAVE ME ALONE (Ruby Red Dress),Helen Reddy,Capitol,15,3,
1974,6,37,20,HELEN WHEELS,Paul McCartney and Wings,Apple,12,10,
1974,6,38,45,I SHALL SING,Garfunkel,Columbia,7,38,
1974,6,39,42,I LIKE TO LIVE THE LOVE,B.B. King,ABC,10,39,
1974,6,40,51,COME AND GET YOUR LOVE,Redbone,Epic,5,40,
1974,6,46,31,LET YOUR HAIR DOWN,The Temptations,Gordy,8,27,
1974,6,47,35,GOODBYE YELLOW BRICK ROAD,Elton John,MCA,16,2,
1974,6,48,39,TOP OF THE WORLD,The Carpenters,A&M,19,1,
1974,6,52,34,ARE YOU LONESOME TONIGHT / WHEN I FALL IN LOVE,Donny Osmond,MGM,12,14,
1974,6,57,38,WALK LIKE A MAN,Grand Funk,Capitol,12,19,
1974,6,41,44,DADDY WHAT IF,Bobby Bare,RCA,6,41,
1974,6,42,55,ERES TU (Touch the Wind),Mocedades,Tara,5,42,
1974,6,43,47,LAST KISS,Wednesday,Sussex,12,43,
1974,6,44,54,TRYING TO HOLD ON TO MY WOMAN,Lamont Dozier,ABC,8,44,
1974,6,45,50,MY SWEET LADY,Cliff DeYoung with Bill Mumy and Corey Fischer,MCA,6,45,
1974,6,49,46,ROCKIN’ ROLL BABY,The Stylistics,Avco,17,14,
1974,6,50,56,YOU’RE SO UNIQUE,Billy Preston,A&M,6,50,
1974,7,1,2,THE WAY WE WERE,Barbra Streisand,Columbia,13,1,2 weeks at #1
1974,7,2,1,LOVE’S THEME,The Love Unlimited Orchestra,20th Century,12,1,
1974,7,3,3,YOU’RE SIXTEEN,Ringo Starr,Apple,10,1,
1974,7,4,5,UNTIL YOU COME BACK TO ME (That’s What I’m Gonna Do),Aretha Franklin,Atlantic,13,4,
1974,7,5,7,SPIDERS & SNAKES,Jim Stafford,MGM,15,5,
1974,7,6,4,AMERICANS,Byron MacGregor,Westbound,7,4,
1974,7,7,6,LET ME BE THERE,Olivia Newton-John,MCA,14,6,
1974,7,8,10,JUNGLE BOOGIE,Kool and the Gang,De-Lite,11,8,
1974,7,9,14,BOOGIE DOWN,Eddie Kendricks,Tamla,7,9,
1974,7,10,13,ROCK ON,David Essex,Columbia,15,10,
1974,7,11,8,SHOW AND TELL,Al Wilson,Rocky Road,18,1,
1974,7,12,27,SEASONS IN THE SUN,Terry Jacks,Bell,6,12,
1974,7,13,15,PUT YOUR HANDS TOGETHER,The O’Jays,Philadelphia International,9,13,
1974,7,14,9,I’VE GOT TO USE MY IMAGINATION,Gladys Knight and the Pips,Buddah,13,4,
1974,7,15,19,I LOVE,Tom T. Hall,Mercury,11,15,
1974,7,16,17,DOO DOO DOO DOO DOO (Heartbreaker),The Rolling Stones,Rolling Stones,6,16,
1974,7,17,21,LAST TIME I SAW HIM,Diana Ross,Motown,7,17,
1974,7,18,11,THE JOKER,The Steve Miller Band,Capitol,18,1,
1974,7,19,23,LOVE SONG,Anne Murray,Capitol,10,19,
1974,7,20,22,MIDNIGHT RIDER,Gregg Allman,Capricorn,9,20,
1974,7,21,31,DARK LADY,Cher,MCA,5,21,
1974,7,22,12,SMOKIN’ IN THE BOY’S ROOM,Brownsville Station,Big Tree,17,3,
1974,7,23,16,LIVING FOR THE CITY,Stevie Wonder,Tamla,15,8,
1974,7,24,32,SEXY MAMA,The Moments,Stang,6,24,
1974,7,25,26,JIM DANDY,Black Oak Arkansas,Atco,10,25,
1974,7,26,18,TIME IN A BOTTLE,Jim Croce,ABC,14,1,
1974,7,27,29,BABY COME CLOSE,Smokey Robinson,Tamla,14,27,
1974,7,28,20,"NEVER, NEVER GONNA GIVE YA UP",Barry White,20th Century,17,7,
1974,7,29,25,THE MOST BEAUTIFUL GIRL,Charlie Rich,Epic,21,1,
1974,7,30,66,MOCKINGBIRD,Carly Simon and James Taylor,Elektra,3,30,
1974,7,31,35,CAN THIS BE REAL,Natural Four,Curtom,7,31,
1974,7,32,34,ABRA-CA-DABRA,The DeFranco Family Featuring Tony DeFranco,20th Century,8,32,
1974,7,33,24,THE AMERICANS (A Canadian’s Opinion),Gordon Sinclair,Avco,6,24,
1974,7,34,42,ERES TU (Touch the Wind),Mocedades,Tara,6,34,
1974,7,35,40,COME AND GET YOUR LOVE,Redbone,Epic,6,35,
1974,7,36,45,MY SWEET LADY,Cliff DeYoung with Bill Mumy and Corey Fischer,MCA,7,36,
1974,7,37,44,TRYING TO HOLD ON TO MY WOMAN,Lamont Dozier,ABC,9,37,
1974,7,38,39,I LIKE TO LIVE THE LOVE,B.B. King,ABC,11,38,
1974,7,39,51,SUNSHINE ON MY SHOULDERS,John Denver,RCA,4,39,
1974,7,40,43,LAST KISS,Wednesday,Sussex,13,40,
1974,7,42,30,JOY (Part 1),Isaac Hayes,Enterprise,9,30,
1974,7,43,33,LIVIN’ FOR YOU,Al Green,Hi,11,19,
1974,7,45,38,I SHALL SING,Garfunkel,Columbia,8,38,
1974,7,46,36,LEAVE ME ALONE (Ruby Red Dress),Helen Reddy,Capitol,16,3,
1974,7,53,28,ME AND BABY BROTHER,War,United Artists,15,15,
1974,7,58,37,HELEN WHEELS,Paul McCartney and Wings,Apple,13,10,
1974,7,41,41,DADDY WHAT IF,Bobby Bare,RCA,7,41,
1974,7,44,54,THERE WON’T BE ANYMORE,Charlie Rich,RCA,4,44,
1974,7,47,69,JET,Paul McCartney and Wings,Apple,2,47,
1974,7,48,50,YOU’RE SO UNIQUE,Billy Preston,A&M,7,48,
1974,7,49,59,MIGHTY LOVE (Part 1),The Spinners,Atlantic,4,49,
1974,7,50,53,YOU SURE LOVE TO BALL,Marvin Gaye,Tamla,4,50,
1974,8,1,1,THE WAY WE WERE,Barbra Streisand,Columbia,14,1,3 weeks at #1
1974,8,2,12,SEASONS IN THE SUN,Terry Jacks,Bell,7,2,
1974,8,3,4,UNTIL YOU COME BACK TO ME (That’s What I’m Gonna Do),Aretha Franklin,Atlantic,14,3,
1974,8,4,5,SPIDERS & SNAKES,Jim Stafford,MGM,16,4,
1974,8,5,2,LOVE’S THEME,The Love Unlimited Orchestra,20th Century,13,1,
1974,8,6,8,JUNGLE BOOGIE,Kool and the Gang,De-Lite,12,6,
1974,8,7,9,BOOGIE DOWN,Eddie Kendricks,Tamla,8,7,
1974,8,8,10,ROCK ON,David Essex,Columbia,16,8,
1974,8,9,3,YOU’RE SIXTEEN,Ringo Starr,Apple,11,1,
1974,8,10,7,LET ME BE THERE,Olivia Newton-John,MCA,14,6,
1974,8,11,13,PUT YOUR HANDS TOGETHER,The O’Jays,Philadelphia International,10,11,
1974,8,12,6,AMERICANS,Byron MacGregor,Westbound,8,4,
1974,8,13,15,I LOVE,Tom T. Hall,Mercury,12,13,
1974,8,14,17,LAST TIME I SAW HIM,Diana Ross,Motown,8,14,
1974,8,15,16,DOO DOO DOO DOO DOO (Heartbreaker),The Rolling Stones,Rolling Stones,7,15,
1974,8,16,21,DARK LADY,Cher,MCA,6,16,
1974,8,17,19,LOVE SONG,Anne Murray,Capitol,11,17,
1974,8,18,11,SHOW AND TELL,Al Wilson,Rocky Road,19,1,
1974,8,19,20,MIDNIGHT RIDER,Gregg Allman,Capricorn,10,19,
1974,8,20,24,SEXY MAMA,The Moments,Stang,7,20,
1974,8,21,30,MOCKINGBIRD,Carly Simon and James Taylor,Elektra,4,21,
1974,8,22,34,ERES TU (Touch the Wind),Mocedades,Tara,7,22,
1974,8,23,18,THE JOKER,The Steve Miller Band,Capitol,19,1,
1974,8,24,39,SUNSHINE ON MY SHOULDERS,John Denver,RCA,5,24,
1974,8,25,14,I’VE GOT TO USE MY IMAGINATION,Gladys Knight and the Pips,Buddah,14,4,
1974,8,26,22,SMOKIN’ IN THE BOY’S ROOM,Brownsville Station,Big Tree,18,3,
1974,8,27,47,JET,Paul McCartney and Wings,Apple,3,27,
1974,8,28,25,JIM DANDY,Black Oak Arkansas,Atco,11,25,
1974,8,29,37,TRYING TO HOLD ON TO MY WOMAN,Lamont Dozier,ABC,10,29,
1974,8,30,36,MY SWEET LADY,Cliff DeYoung with Bill Mumy and Corey Fischer,MCA,8,30,
1974,8,31,31,CAN THIS BE REAL,Natural Four,Curtom,8,31,
1974,8,32,35,COME AND GET YOUR LOVE,Redbone,Epic,7,32,
1974,8,33,23,LIVING FOR THE CITY,Stevie Wonder,Tamla,16,8,
1974,8,34,27,BABY COME CLOSE,Smokey Robinson,Tamla,15,27,
1974,8,35,38,I LIKE TO LIVE THE LOVE,B.B. King,ABC,12,35,
1974,8,36,44,THERE WON’T BE ANYMORE,Charlie Rich,RCA,5,36,
1974,8,37,49,MIGHTY LOVE (Part 1),The Spinners,Atlantic,5,37,
1974,8,38,40,LAST KISS,Wednesday,Sussex,14,38,
1974,8,39,28,"NEVER, NEVER GONNA GIVE YA UP",Barry White,20th Century,18,7,
1974,8,40,56,ENERGY CRISIS ’74,Dickie Goodman,Rainy Wednesday,4,40,
1974,8,41,32,ABRA-CA-DABRA,The DeFranco Family Featuring Tony DeFranco,20th Century,9,32,
1974,8,45,29,THE MOST BEAUTIFUL GIRL,Charlie Rich,Epic,22,1,
1974,8,46,26,TIME IN A BOTTLE,Jim Croce,ABC,15,1,
1974,8,48,33,THE AMERICANS (A Canadian’s Opinion),Gordon Sinclair,Avco,7,24,
1974,8,42,57,"ROCK AND ROLL, HOOCHIE KOO",Rick Derringer,Blue Sky,6,42,
1974,8,43,41,DADDY WHAT IF,Bobby Bare,RCA,8,41,
1974,8,44,54,STAR,Stealers Wheel,A&M,8,44,
1974,8,47,52,WOLD,Harry Chapin,Elektra,8,47,
1974,8,49,48,YOU’RE SO UNIQUE,Billy Preston,A&M,8,48,
1974,8,50,50,YOU SURE LOVE TO BALL,Marvin Gaye,Tamla,5,50,
1974,9,1,2,SEASONS IN THE SUN,Terry Jacks,Bell,8,1,1 week at #1
1974,9,2,1,THE WAY WE WERE,Barbra Streisand,Columbia,15,1,
1974,9,3,4,SPIDERS & SNAKES,Jim Stafford,MGM,17,3,
1974,9,4,7,BOOGIE DOWN,Eddie Kendricks,Tamla,9,4,
1974,9,5,6,JUNGLE BOOGIE,Kool and the Gang,De-Lite,13,5,
1974,9,6,8,ROCK ON,David Essex,Columbia,17,6,
1974,9,7,3,UNTIL YOU COME BACK TO ME (That’s What I’m Gonna Do),Aretha Franklin,Atlantic,15,3,
1974,9,8,5,LOVE’S THEME,The Love Unlimited Orchestra,20th Century,14,1,
1974,9,9,16,DARK LADY,Cher,MCA,7,9,
1974,9,10,11,PUT YOUR HANDS TOGETHER,The O’Jays,Philadelphia International,11,10,
1974,9,11,9,YOU’RE SIXTEEN,Ringo Starr,Apple,12,1,
1974,9,12,13,I LOVE,Tom T. Hall,Mercury,13,12,
1974,9,13,21,MOCKINGBIRD,Carly Simon and James Taylor,Elektra,5,13,
1974,9,14,17,LOVE SONG,Anne Murray,Capitol,12,14,
1974,9,15,10,LET ME BE THERE,Olivia Newton-John,MCA,15,6,
1974,9,16,14,LAST TIME I SAW HIM,Diana Ross,Motown,9,14,
1974,9,17,24,SUNSHINE ON MY SHOULDERS,John Denver,RCA,6,17,
1974,9,18,22,ERES TU (Touch the Wind),Mocedades,Tara,8,18,
1974,9,19,20,SEXY MAMA,The Moments,Stang,8,19,
1974,9,20,27,JET,Paul McCartney and Wings,Apple,4,20,
1974,9,21,12,AMERICANS,Byron MacGregor,Westbound,9,4,
1974,9,22,30,MY SWEET LADY,Cliff DeYoung with Bill Mumy and Corey Fischer,MCA,9,22,
1974,9,23,29,TRYING TO HOLD ON TO MY WOMAN,Lamont Dozier,ABC,11,23,
1974,9,24,32,COME AND GET YOUR LOVE,Redbone,Epic,8,24,
1974,9,25,15,DOO DOO DOO DOO DOO (Heartbreaker),The Rolling Stones,Rolling Stones,8,15,
1974,9,26,18,SHOW AND TELL,Al Wilson,Rocky Road,20,1,
1974,9,27,19,MIDNIGHT RIDER,Gregg Allman,Capricorn,11,19,
1974,9,28,36,THERE WON’T BE ANYMORE,Charlie Rich,RCA,6,28,
1974,9,29,35,I LIKE TO LIVE THE LOVE,B.B. King,ABC,13,29,
1974,9,30,37,MIGHTY LOVE (Part 1),The Spinners,Atlantic,6,30,
1974,9,31,23,THE JOKER,The Steve Miller Band,Capitol,20,1,
1974,9,32,51,BENNIE AND THE JETS,Elton John,MCA,3,32,
1974,9,33,40,ENERGY CRISIS ’74,Dickie Goodman,Rainy Wednesday,5,33,
1974,9,34,38,LAST KISS,Wednesday,Sussex,15,34,
1974,9,35,31,CAN THIS BE REAL,Natural Four,Curtom,9,31,
1974,9,36,42,"ROCK AND ROLL, HOOCHIE KOO",Rick Derringer,Blue Sky,7,36,
1974,9,37,25,I’VE GOT TO USE MY IMAGINATION,Gladys Knight and the Pips,Buddah,15,4,
1974,9,38,59,HOOKED ON A FEELING,Blue Swede,EMI,3,38,
1974,9,39,28,JIM DANDY,Black Oak Arkansas,Atco,12,25,
1974,9,40,26,SMOKIN’ IN THE BOY’S ROOM,Brownsville Station,Big Tree,19,3,
1974,9,42,33,LIVING FOR THE CITY,Stevie Wonder,Tamla,17,8,
1974,9,43,34,BABY COME CLOSE,Smokey Robinson,Tamla,16,27,
1974,9,41,44,STAR,Stealers Wheel,A&M,9,41,
1974,9,44,57,BEST THING THAT EVER HAPPENED TO ME,Gladys Knight and the Pips,Buddah,3,44,
1974,9,45,41,ABRA-CA-DABRA,The DeFranco Family Featuring Tony DeFranco,20th Century,10,32,
1974,9,46,56,LOOKIN’ FOR A LOVE,Bobby Womack,United Artists,5,46,
1974,9,47,53,I’VE GOT A THING ABOUT YOU BABY / TAKE GOOD CARE OF HER,Elvis Presley,RCA,4,47,
1974,9,48,47,WOLD,Harry Chapin,Elektra,9,47,
1974,9,49,54,WE’RE GETTING CARELESS WITH OUR LOVE,Johnnie Taylor,Stax,6,49,
1974,9,50,71,THE LORD’S PRAYER,Sister Janet Mead,A&M,2,50,
1974,10,1,1,SEASONS IN THE SUN,Terry Jacks,Bell,9,1,2 weeks at #1
1974,10,2,4,BOOGIE DOWN,Eddie Kendricks,Tamla,10,2,
1974,10,3,2,THE WAY WE WERE,Barbra Streisand,Columbia,16,1,
1974,10,4,5,JUNGLE BOOGIE,Kool and the Gang,De-Lite,14,4,
1974,10,5,6,ROCK ON,David Essex,Columbia,18,5,
1974,10,6,9,DARK LADY,Cher,MCA,8,6,
1974,10,7,3,SPIDERS & SNAKES,Jim Stafford,MGM,18,3,
1974,10,8,13,MOCKINGBIRD,Carly Simon and James Taylor,Elektra,6,8,
1974,10,9,7,UNTIL YOU COME BACK TO ME (That’s What I’m Gonna Do),Aretha Franklin,Atlantic,16,3,
1974,10,10,17,SUNSHINE ON MY SHOULDERS,John Denver,RCA,7,10,
1974,10,11,8,LOVE’S THEME,The Love Unlimited Orchestra,20th Century,15,1,
1974,10,12,14,LOVE SONG,Anne Murray,Capitol,13,12,
1974,10,13,18,ERES TU (Touch the Wind),Mocedades,Tara,9,13,
1974,10,14,20,JET,Paul McCartney and Wings,Apple,5,14,
1974,10,15,10,PUT YOUR HANDS TOGETHER,The O’Jays,Philadelphia International,12,10,
1974,10,16,12,I LOVE,Tom T. Hall,Mercury,14,12,
1974,10,17,24,COME AND GET YOUR LOVE,Redbone,Epic,9,17,
1974,10,18,19,SEXY MAMA,The Moments,Stang,9,18,
1974,10,19,23,TRYING TO HOLD ON TO MY WOMAN,Lamont Dozier,ABC,12,19,
1974,10,20,11,YOU’RE SIXTEEN,Ringo Starr,Apple,13,1,
1974,10,21,38,HOOKED ON A FEELING,Blue Swede,EMI,4,21,
1974,10,22,22,MY SWEET LADY,Cliff DeYoung with Bill Mumy and Corey Fischer,MCA,10,22,
1974,10,23,32,BENNIE AND THE JETS,Elton John,MCA,4,23,
1974,10,24,30,MIGHTY LOVE (Part 1),The Spinners,Atlantic,7,24,
1974,10,25,15,LET ME BE THERE,Olivia Newton-John,MCA,16,6,
1974,10,26,28,THERE WON’T BE ANYMORE,Charlie Rich,RCA,7,26,
1974,10,27,16,LAST TIME I SAW HIM,Diana Ross,Motown,10,14,
1974,10,28,29,I LIKE TO LIVE THE LOVE,B.B. King,ABC,14,28,
1974,10,29,36,"ROCK AND ROLL, HOOCHIE KOO",Rick Derringer,Blue Sky,8,29,
1974,10,30,21,AMERICANS,Byron MacGregor,Westbound,10,4,
1974,10,31,50,THE LORD’S PRAYER,Sister Janet Mead,A&M,3,31,
1974,10,32,44,BEST THING THAT EVER HAPPENED TO ME,Gladys Knight and the Pips,Buddah,4,32,
1974,10,33,41,STAR,Stealers Wheel,A&M,10,33,
1974,10,34,25,DOO DOO DOO DOO DOO (Heartbreaker),The Rolling Stones,Rolling Stones,9,15,
1974,10,35,33,ENERGY CRISIS ’74,Dickie Goodman,Rainy Wednesday,6,33,
1974,10,36,51,A VERY SPECIAL LOVE SONG,Charlie Rich,Epic,3,36,
1974,10,37,46,LOOKIN’ FOR A LOVE,Bobby Womack,United Artists,6,37,
1974,10,38,34,LAST KISS,Wednesday,Sussex,16,34,
1974,10,39,26,SHOW AND TELL,Al Wilson,Rocky Road,21,1,
1974,10,40,27,MIDNIGHT RIDER,Gregg Allman,Capricorn,12,19,
1974,10,41,37,I’VE GOT TO USE MY IMAGINATION,Gladys Knight and the Pips,Buddah,16,4,
1974,10,48,39,JIM DANDY,Black Oak Arkansas,Atco,13,25,
1974,10,50,35,CAN THIS BE REAL,Natural Four,Curtom,10,31,
1974,10,42,65,TSOP (The Sound Of Philadelphia),MFSB Featuring the Three Degrees,Philadelphia International,2,42,
1974,10,43,49,WE’RE GETTING CARELESS WITH OUR LOVE,Johnnie Taylor,Stax,7,43,
1974,10,44,48,WOLD,Harry Chapin,Elektra,10,44,
1974,10,45,47,I’VE GOT A THING ABOUT YOU BABY / TAKE GOOD CARE OF HER,Elvis Presley,RCA,5,45,
1974,10,46,56,I’LL BE THE OTHER WOMAN,The Soul Children,Stax,4,46,
1974,10,47,57,JUST DON’T WANT TO BE LONELY,The Main Ingredient,RCA,6,47,
1974,10,49,45,ABRA-CA-DABRA,The DeFranco Family Featuring Tony DeFranco,20th Century,11,32,
1974,11,1,1,SEASONS IN THE SUN,Terry Jacks,Bell,10,1,3 weeks at #1
1974,11,2,2,BOOGIE DOWN,Eddie Kendricks,Tamla,11,2,
1974,11,3,6,DARK LADY,Cher,MCA,9,3,
1974,11,4,10,SUNSHINE ON MY SHOULDERS,John Denver,RCA,8,4,
1974,11,5,3,THE WAY WE WERE,Barbra Streisand,Columbia,17,1,
1974,11,6,8,MOCKINGBIRD,Carly Simon and James Taylor,Elektra,7,6,
1974,11,7,4,JUNGLE BOOGIE,Kool and the Gang,De-Lite,15,4,
1974,11,8,5,ROCK ON,David Essex,Columbia,19,5,
1974,11,9,7,SPIDERS & SNAKES,Jim Stafford,MGM,19,3,
1974,11,10,14,JET,Paul McCartney and Wings,Apple,6,10,
1974,11,11,13,ERES TU (Touch the Wind),Mocedades,Tara,10,11,
1974,11,12,23,BENNIE AND THE JETS,Elton John,MCA,5,12,
1974,11,13,17,COME AND GET YOUR LOVE,Redbone,Epic,10,13,
1974,11,14,21,HOOKED ON A FEELING,Blue Swede,EMI,5,14,
1974,11,15,11,LOVE’S THEME,The Love Unlimited Orchestra,20th Century,16,1,
1974,11,16,19,TRYING TO HOLD ON TO MY WOMAN,Lamont Dozier,ABC,13,16,
1974,11,17,18,SEXY MAMA,The Moments,Stang,10,17,
1974,11,18,22,MY SWEET LADY,Cliff DeYoung with Bill Mumy and Corey Fischer,MCA,11,18,
1974,11,19,9,UNTIL YOU COME BACK TO ME (That’s What I’m Gonna Do),Aretha Franklin,Atlantic,17,3,
1974,11,20,31,THE LORD’S PRAYER,Sister Janet Mead,A&M,4,20,
1974,11,21,24,MIGHTY LOVE (Part 1),The Spinners,Atlantic,8,21,
1974,11,22,12,LOVE SONG,Anne Murray,Capitol,14,12,
1974,11,23,26,THERE WON’T BE ANYMORE,Charlie Rich,RCA,8,23,
1974,11,24,32,BEST THING THAT EVER HAPPENED TO ME,Gladys Knight and the Pips,Buddah,5,24,
1974,11,25,42,TSOP (The Sound Of Philadelphia),MFSB Featuring the Three Degrees,Philadelphia International,3,25,
1974,11,26,29,"ROCK AND ROLL, HOOCHIE KOO",Rick Derringer,Blue Sky,9,26,
1974,11,27,15,PUT YOUR HANDS TOGETHER,The O’Jays,Philadelphia International,13,10,
1974,11,28,16,I LOVE,Tom T. Hall,Mercury,15,12,
1974,11,29,36,A VERY SPECIAL LOVE SONG,Charlie Rich,Epic,4,29,
1974,11,30,37,LOOKIN’ FOR A LOVE,Bobby Womack,United Artists,7,30,
1974,11,31,33,STAR,Stealers Wheel,A&M,11,31,
1974,11,32,28,I LIKE TO LIVE THE LOVE,B.B. King,ABC,15,28,
1974,11,33,27,LAST TIME I SAW HIM,Diana Ross,Motown,11,14,
1974,11,34,20,YOU’RE SIXTEEN,Ringo Starr,Apple,14,1,
1974,11,35,35,ENERGY CRISIS ’74,Dickie Goodman,Rainy Wednesday,7,33,
1974,11,36,43,WE’RE GETTING CARELESS WITH OUR LOVE,Johnnie Taylor,Stax,8,36,
1974,11,37,47,JUST DON’T WANT TO BE LONELY,The Main Ingredient,RCA,7,37,
1974,11,38,58,I’LL HAVE TO SAY I LOVE YOU IN A SONG,Jim Croce,ABC,3,38,
1974,11,39,25,LET ME BE THERE,Olivia Newton-John,MCA,17,6,
1974,11,40,44,WOLD,Harry Chapin,Elektra,11,40,
1974,11,49,30,AMERICANS,Byron MacGregor,Westbound,11,4,
1974,11,50,34,DOO DOO DOO DOO DOO (Heartbreaker),The Rolling Stones,Rolling Stones,10,15,
1974,11,51,38,LAST KISS,Wednesday,Sussex,17,34,
1974,11,53,39,SHOW AND TELL,Al Wilson,Rocky Road,22,1,
1974,11,41,53,"TOUCH A HAND, MAKE A FRIEND",The Staple Singers,Stax,4,41,
1974,11,42,45,I’VE GOT A THING ABOUT YOU BABY / TAKE GOOD CARE OF HER,Elvis Presley,RCA,6,42,
1974,11,43,46,I’LL BE THE OTHER WOMAN,The Soul Children,Stax,5,43,
1974,11,44,65,OH MY MY,Ringo Starr,Apple,2,44,
1974,11,45,55,LET IT RIDE,Bachman-Turner Overdrive,Mercury,4,45,
1974,11,46,56,TELL ME A LIE,Sami Jo,MGM South,6,46,
1974,11,47,52,ON A NIGHT LIKE THIS,Bob Dylan,Asylum,4,47,
1974,11,48,51,THANKS FOR SAVING MY LIFE,Billy Paul,Philadelphia International,8,48,
1974,12,1,3,DARK LADY,Cher,MCA,10,1,1 week at #1
1974,12,2,1,SEASONS IN THE SUN,Terry Jacks,Bell,11,1,
1974,12,3,4,SUNSHINE ON MY SHOULDERS,John Denver,RCA,9,3,
1974,12,4,2,BOOGIE DOWN,Eddie Kendricks,Tamla,12,2,
1974,12,5,6,MOCKINGBIRD,Carly Simon and James Taylor,Elektra,8,5,
1974,12,6,12,BENNIE AND THE JETS,Elton John,MCA,6,6,
1974,12,7,14,HOOKED ON A FEELING,Blue Swede,EMI,6,7,
1974,12,8,10,JET,Paul McCartney and Wings,Apple,7,8,
1974,12,9,11,ERES TU (Touch the Wind),Mocedades,Tara,11,9,
1974,12,10,7,JUNGLE BOOGIE,Kool and the Gang,De-Lite,16,4,
1974,12,11,13,COME AND GET YOUR LOVE,Redbone,Epic,11,11,
1974,12,12,8,ROCK ON,David Essex,Columbia,20,5,
1974,12,13,5,THE WAY WE WERE,Barbra Streisand,Columbia,18,1,
1974,12,14,20,THE LORD’S PRAYER,Sister Janet Mead,A&M,5,14,
1974,12,15,16,TRYING TO HOLD ON TO MY WOMAN,Lamont Dozier,ABC,14,15,
1974,12,16,25,TSOP (The Sound Of Philadelphia),MFSB Featuring the Three Degrees,Philadelphia International,4,16,
1974,12,17,18,MY SWEET LADY,Cliff DeYoung with Bill Mumy and Corey Fischer,MCA,12,17,
1974,12,18,24,BEST THING THAT EVER HAPPENED TO ME,Gladys Knight and the Pips,Buddah,6,18,
1974,12,19,23,THERE WON’T BE ANYMORE,Charlie Rich,RCA,9,19,
1974,12,20,21,MIGHTY LOVE (Part 1),The Spinners,Atlantic,9,20,
1974,12,21,9,SPIDERS & SNAKES,Jim Stafford,MGM,20,3,
1974,12,22,29,A VERY SPECIAL LOVE SONG,Charlie Rich,Epic,5,22,
1974,12,23,26,"ROCK AND ROLL, HOOCHIE KOO",Rick Derringer,Blue Sky,10,23,
1974,12,24,30,LOOKIN’ FOR A LOVE,Bobby Womack,United Artists,8,24,
1974,12,25,17,SEXY MAMA,The Moments,Stang,11,17,
1974,12,26,15,LOVE’S THEME,The Love Unlimited Orchestra,20th Century,17,1,
1974,12,27,19,UNTIL YOU COME BACK TO ME (That’s What I’m Gonna Do),Aretha Franklin,Atlantic,18,3,
1974,12,28,44,OH MY MY,Ringo Starr,Apple,3,28,
1974,12,29,31,STAR,Stealers Wheel,A&M,12,29,
1974,12,30,38,I’LL HAVE TO SAY I LOVE YOU IN A SONG,Jim Croce,ABC,4,30,
1974,12,31,22,LOVE SONG,Anne Murray,Capitol,15,12,
1974,12,32,37,JUST DON’T WANT TO BE LONELY,The Main Ingredient,RCA,8,32,
1974,12,33,41,"TOUCH A HAND, MAKE A FRIEND",The Staple Singers,Stax,5,33,
1974,12,34,36,WE’RE GETTING CARELESS WITH OUR LOVE,Johnnie Taylor,Stax,9,34,
1974,12,35,27,PUT YOUR HANDS TOGETHER,The O’Jays,Philadelphia International,14,10,
1974,12,36,40,WOLD,Harry Chapin,Elektra,12,36,
1974,12,37,46,TELL ME A LIE,Sami Jo,MGM South,7,37,
1974,12,38,43,I’LL BE THE OTHER WOMAN,The Soul Children,Stax,6,38,
1974,12,39,42,I’VE GOT A THING ABOUT YOU BABY / TAKE GOOD CARE OF HER,Elvis Presley,RCA,7,39,
1974,12,40,45,LET IT RIDE,Bachman-Turner Overdrive,Mercury,5,40,
1974,12,41,33,LAST TIME I SAW HIM,Diana Ross,Motown,12,14,
1974,12,42,28,I LOVE,Tom T. Hall,Mercury,16,12,
1974,12,46,32,I LIKE TO LIVE THE LOVE,B.B. King,ABC,16,28,
1974,12,47,34,YOU’RE SIXTEEN,Ringo Starr,Apple,15,1,
1974,12,52,39,LET ME BE THERE,Olivia Newton-John,MCA,18,6,
1974,12,53,35,ENERGY CRISIS ’74,Dickie Goodman,Rainy Wednesday,8,33,
1974,12,43,58,KEEP ON SINGING,Helen Reddy,Capitol,3,43,
1974,12,44,47,ON A NIGHT LIKE THIS,Bob Dylan,Asylum,5,44,
1974,12,45,55,MY MISTAKE (Was To Love You),Diana Ross and Marvin Gaye,Motown,5,45,
1974,12,48,60,TUBULAR BELLS,Mike Oldfield,Virgin,5,48,
1974,12,49,52,"HONEY PLEASE, CAN’T YA SEE",Barry White,20th Century,5,49,
1974,12,50,69,THE LOCO-MOTION,Grand Funk,Capitol,3,50,
1974,13,1,3,SUNSHINE ON MY SHOULDERS,John Denver,RCA,10,1,1 week at #1
1974,13,2,7,HOOKED ON A FEELING,Blue Swede,EMI,7,2,
1974,13,3,2,SEASONS IN THE SUN,Terry Jacks,Bell,12,1,
1974,13,4,6,BENNIE AND THE JETS,Elton John,MCA,7,4,
1974,13,5,1,DARK LADY,Cher,MCA,11,1,
1974,13,6,5,MOCKINGBIRD,Carly Simon and James Taylor,Elektra,9,5,
1974,13,7,8,JET,Paul McCartney and Wings,Apple,8,7,
1974,13,8,11,COME AND GET YOUR LOVE,Redbone,Epic,12,8,
1974,13,9,9,ERES TU (Touch the Wind),Mocedades,Tara,12,9,
1974,13,10,14,THE LORD’S PRAYER,Sister Janet Mead,A&M,6,10,
1974,13,11,4,BOOGIE DOWN,Eddie Kendricks,Tamla,13,2,
1974,13,12,16,TSOP (The Sound Of Philadelphia),MFSB Featuring the Three Degrees,Philadelphia International,5,12,
1974,13,13,10,JUNGLE BOOGIE,Kool and the Gang,De-Lite,17,4,
1974,13,14,18,BEST THING THAT EVER HAPPENED TO ME,Gladys Knight and the Pips,Buddah,7,14,
1974,13,15,15,TRYING TO HOLD ON TO MY WOMAN,Lamont Dozier,ABC,15,15,
1974,13,16,12,ROCK ON,David Essex,Columbia,21,5,
1974,13,17,22,A VERY SPECIAL LOVE SONG,Charlie Rich,Epic,6,17,
1974,13,18,19,THERE WON’T BE ANYMORE,Charlie Rich,RCA,10,18,
1974,13,19,28,OH MY MY,Ringo Starr,Apple,4,19,
1974,13,20,24,LOOKIN’ FOR A LOVE,Bobby Womack,United Artists,9,20,
1974,13,21,20,MIGHTY LOVE (Part 1),The Spinners,Atlantic,10,20,
1974,13,22,30,I’LL HAVE TO SAY I LOVE YOU IN A SONG,Jim Croce,ABC,5,22,
1974,13,23,13,THE WAY WE WERE,Barbra Streisand,Columbia,19,1,
1974,13,24,17,MY SWEET LADY,Cliff DeYoung with Bill Mumy and Corey Fischer,MCA,13,17,
1974,13,25,21,SPIDERS & SNAKES,Jim Stafford,MGM,21,3,
1974,13,26,32,JUST DON’T WANT TO BE LONELY,The Main Ingredient,RCA,9,26,
1974,13,27,33,"TOUCH A HAND, MAKE A FRIEND",The Staple Singers,Stax,6,27,
1974,13,28,23,"ROCK AND ROLL, HOOCHIE KOO",Rick Derringer,Blue Sky,11,23,
1974,13,29,26,LOVE’S THEME,The Love Unlimited Orchestra,20th Century,18,1,
1974,13,30,37,TELL ME A LIE,Sami Jo,MGM South,8,30,
1974,13,31,25,SEXY MAMA,The Moments,Stang,12,17,
1974,13,32,40,LET IT RIDE,Bachman-Turner Overdrive,Mercury,6,32,
1974,13,33,27,UNTIL YOU COME BACK TO ME (That’s What I’m Gonna Do),Aretha Franklin,Atlantic,19,3,
1974,13,34,48,TUBULAR BELLS,Mike Oldfield,Virgin,6,34,
1974,13,35,43,KEEP ON SINGING,Helen Reddy,Capitol,4,35,
1974,13,36,38,I’LL BE THE OTHER WOMAN,The Soul Children,Stax,7,36,
1974,13,37,45,MY MISTAKE (Was To Love You),Diana Ross and Marvin Gaye,Motown,6,37,
1974,13,38,50,THE LOCO-MOTION,Grand Funk,Capitol,4,38,
1974,13,39,39,I’VE GOT A THING ABOUT YOU BABY / TAKE GOOD CARE OF HER,Elvis Presley,RCA,8,39,
1974,13,40,58,DANCING MACHINE,The Jackson 5,Motown,3,40,
1974,13,42,31,LOVE SONG,Anne Murray,Capitol,16,12,
1974,13,43,29,STAR,Stealers Wheel,A&M,13,29,
1974,13,46,35,PUT YOUR HANDS TOGETHER,The O’Jays,Philadelphia International,15,10,
1974,13,48,36,WOLD,Harry Chapin,Elektra,13,36,
1974,13,50,34,WE’RE GETTING CARELESS WITH OUR LOVE,Johnnie Taylor,Stax,10,34,
1974,13,41,51,PIANO MAN,Billy Joel,Columbia,6,41,
1974,13,44,49,"HONEY PLEASE, CAN’T YA SEE",Barry White,20th Century,6,44,
1974,13,45,55,OUTSIDE WOMAN,Bloodstone,London,6,45,
1974,13,47,41,LAST TIME I SAW HIM,Diana Ross,Motown,13,14,
1974,13,49,66,(I’ve Been) SEARCHIN’ SO LONG,Chicago,Columbia,3,49,
1974,14,1,2,HOOKED ON A FEELING,Blue Swede,EMI,8,1,1 week at #1
1974,14,2,4,BENNIE AND THE JETS,Elton John,MCA,8,2,
1974,14,3,1,SUNSHINE ON MY SHOULDERS,John Denver,RCA,11,1,
1974,14,4,3,SEASONS IN THE SUN,Terry Jacks,Bell,13,1,
1974,14,5,10,THE LORD’S PRAYER,Sister Janet Mead,A&M,7,5,
1974,14,6,8,COME AND GET YOUR LOVE,Redbone,Epic,13,6,
1974,14,7,5,DARK LADY,Cher,MCA,12,1,
1974,14,8,12,TSOP (The Sound Of Philadelphia),MFSB Featuring the Three Degrees,Philadelphia International,6,8,
1974,14,9,6,MOCKINGBIRD,Carly Simon and James Taylor,Elektra,10,5,
1974,14,10,14,BEST THING THAT EVER HAPPENED TO ME,Gladys Knight and the Pips,Buddah,8,10,
1974,14,11,7,JET,Paul McCartney and Wings,Apple,9,7,
1974,14,12,19,OH MY MY,Ringo Starr,Apple,5,12,
1974,14,13,17,A VERY SPECIAL LOVE SONG,Charlie Rich,Epic,7,13,
1974,14,14,9,ERES TU (Touch the Wind),Mocedades,Tara,13,9,
1974,14,15,11,BOOGIE DOWN,Eddie Kendricks,Tamla,14,2,
1974,14,16,20,LOOKIN’ FOR A LOVE,Bobby Womack,United Artists,10,16,
1974,14,17,16,ROCK ON,David Essex,Columbia,22,5,
1974,14,18,22,I’LL HAVE TO SAY I LOVE YOU IN A SONG,Jim Croce,ABC,6,18,
1974,14,19,13,JUNGLE BOOGIE,Kool and the Gang,De-Lite,18,4,
1974,14,20,26,JUST DON’T WANT TO BE LONELY,The Main Ingredient,RCA,10,20,
1974,14,21,15,TRYING TO HOLD ON TO MY WOMAN,Lamont Dozier,ABC,16,15,
1974,14,22,38,THE LOCO-MOTION,Grand Funk,Capitol,5,22,
1974,14,23,18,THERE WON’T BE ANYMORE,Charlie Rich,RCA,11,18,
1974,14,24,30,TELL ME A LIE,Sami Jo,MGM South,9,24,
1974,14,25,27,"TOUCH A HAND, MAKE A FRIEND",The Staple Singers,Stax,7,25,
1974,14,26,21,MIGHTY LOVE (Part 1),The Spinners,Atlantic,11,20,
1974,14,27,34,TUBULAR BELLS,Mike Oldfield,Virgin,7,27,
1974,14,28,35,KEEP ON SINGING,Helen Reddy,Capitol,5,28,
1974,14,29,37,MY MISTAKE (Was To Love You),Diana Ross and Marvin Gaye,Motown,7,29,
1974,14,30,32,LET IT RIDE,Bachman-Turner Overdrive,Mercury,7,30,
1974,14,31,40,DANCING MACHINE,The Jackson 5,Motown,4,31,
1974,14,32,29,LOVE’S THEME,The Love Unlimited Orchestra,20th Century,19,1,
1974,14,33,41,PIANO MAN,Billy Joel,Columbia,7,33,
1974,14,34,23,THE WAY WE WERE,Barbra Streisand,Columbia,20,1,
1974,14,35,25,SPIDERS & SNAKES,Jim Stafford,MGM,22,3,
1974,14,36,24,MY SWEET LADY,Cliff DeYoung with Bill Mumy and Corey Fischer,MCA,14,17,
1974,14,37,28,"ROCK AND ROLL, HOOCHIE KOO",Rick Derringer,Blue Sky,12,23,
1974,14,38,33,UNTIL YOU COME BACK TO ME (That’s What I’m Gonna Do),Aretha Franklin,Atlantic,20,3,
1974,14,39,49,(I’ve Been) SEARCHIN’ SO LONG,Chicago,Columbia,4,39,
1974,14,40,45,OUTSIDE WOMAN,Bloodstone,London,7,40,
1974,14,41,31,SEXY MAMA,The Moments,Stang,13,17,
1974,14,43,36,I’LL BE THE OTHER WOMAN,The Soul Children,Stax,8,36,
1974,14,44,39,I’VE GOT A THING ABOUT YOU BABY / TAKE GOOD CARE OF HER,Elvis Presley,RCA,9,39,
1974,14,42,56,THE SHOW MUST GO ON,Three Dog Night,Dunhill,4,42,
1974,14,45,55,MIDNIGHT AT THE OASIS,Maria Muldaur,Reprise,7,45,
1974,14,46,52,WOULD YOU LAY WITH ME (In a Field Of Stone),Tanya Tucker,Columbia,8,46,
1974,14,47,59,THANKS FOR SAVING MY LIFE,Billy Paul,Philadelphia International,11,47,
1974,14,48,70,YOU MAKE ME FEEL BRAND NEW,The Stylistics,Avco,3,48,
1974,14,49,54,STAR BABY,The Guess Who,RCA,8,49,
1974,14,50,57,I’M A TRAIN,Albert Hammond,Mums,6,50,
1974,15,1,2,BENNIE AND THE JETS,Elton John,MCA,9,1,1 week at #1
1974,15,2,1,HOOKED ON A FEELING,Blue Swede,EMI,9,1,
1974,15,3,8,TSOP (The Sound Of Philadelphia),MFSB Featuring the Three Degrees,Philadelphia International,7,3,
1974,15,4,5,THE LORD’S PRAYER,Sister Janet Mead,A&M,8,4,
1974,15,5,6,COME AND GET YOUR LOVE,Redbone,Epic,14,5,
1974,15,6,3,SUNSHINE ON MY SHOULDERS,John Denver,RCA,12,1,
1974,15,7,10,BEST THING THAT EVER HAPPENED TO ME,Gladys Knight and the Pips,Buddah,9,7,
1974,15,8,4,SEASONS IN THE SUN,Terry Jacks,Bell,14,1,
1974,15,9,12,OH MY MY,Ringo Starr,Apple,6,9,
1974,15,10,9,MOCKINGBIRD,Carly Simon and James Taylor,Elektra,11,5,
1974,15,11,13,A VERY SPECIAL LOVE SONG,Charlie Rich,Epic,8,11,
1974,15,12,16,LOOKIN’ FOR A LOVE,Bobby Womack,United Artists,11,12,
1974,15,13,18,I’LL HAVE TO SAY I LOVE YOU IN A SONG,Jim Croce,ABC,7,13,
1974,15,14,11,JET,Paul McCartney and Wings,Apple,10,7,
1974,15,15,7,DARK LADY,Cher,MCA,13,1,
1974,15,16,20,JUST DON’T WANT TO BE LONELY,The Main Ingredient,RCA,11,16,
1974,15,17,22,THE LOCO-MOTION,Grand Funk,Capitol,6,17,
1974,15,18,14,ERES TU (Touch the Wind),Mocedades,Tara,14,9,
1974,15,19,31,DANCING MACHINE,The Jackson 5,Motown,5,19,
1974,15,20,27,TUBULAR BELLS,Mike Oldfield,Virgin,8,20,
1974,15,21,28,KEEP ON SINGING,Helen Reddy,Capitol,6,21,
1974,15,22,24,TELL ME A LIE,Sami Jo,MGM South,10,22,
1974,15,23,25,"TOUCH A HAND, MAKE A FRIEND",The Staple Singers,Stax,8,23,
1974,15,24,29,MY MISTAKE (Was To Love You),Diana Ross and Marvin Gaye,Motown,8,24,
1974,15,25,19,JUNGLE BOOGIE,Kool and the Gang,De-Lite,19,4,
1974,15,26,30,LET IT RIDE,Bachman-Turner Overdrive,Mercury,8,26,
1974,15,27,33,PIANO MAN,Billy Joel,Columbia,8,27,
1974,15,28,15,BOOGIE DOWN,Eddie Kendricks,Tamla,15,2,
1974,15,29,42,THE SHOW MUST GO ON,Three Dog Night,Dunhill,5,29,
1974,15,30,17,ROCK ON,David Essex,Columbia,23,5,
1974,15,31,39,(I’ve Been) SEARCHIN’ SO LONG,Chicago,Columbia,5,31,
1974,15,32,26,MIGHTY LOVE (Part 1),The Spinners,Atlantic,12,20,
1974,15,33,23,THERE WON’T BE ANYMORE,Charlie Rich,RCA,12,18,
1974,15,34,21,TRYING TO HOLD ON TO MY WOMAN,Lamont Dozier,ABC,17,15,
1974,15,35,45,MIDNIGHT AT THE OASIS,Maria Muldaur,Reprise,8,35,
1974,15,36,48,YOU MAKE ME FEEL BRAND NEW,The Stylistics,Avco,4,36,
1974,15,37,40,OUTSIDE WOMAN,Bloodstone,London,8,37,
1974,15,38,34,THE WAY WE WERE,Barbra Streisand,Columbia,21,1,
1974,15,39,53,THE PAYBACK (Part 1),James Brown,Polydor,4,39,
1974,15,40,50,I’M A TRAIN,Albert Hammond,Mums,7,40,
1974,15,46,32,LOVE’S THEME,The Love Unlimited Orchestra,20th Century,20,1,
1974,15,47,38,UNTIL YOU COME BACK TO ME (That’s What I’m Gonna Do),Aretha Franklin,Atlantic,21,3,
1974,15,48,37,"ROCK AND ROLL, HOOCHIE KOO",Rick Derringer,Blue Sky,13,23,
1974,15,52,36,MY SWEET LADY,Cliff DeYoung with Bill Mumy and Corey Fischer,MCA,15,17,
1974,15,55,35,SPIDERS & SNAKES,Jim Stafford,MGM,23,3,
1974,15,41,52,HELP ME,Joni Mitchell,Asylum,5,41,
1974,15,42,47,THANKS FOR SAVING MY LIFE,Billy Paul,Philadelphia International,12,42,
1974,15,43,49,STAR BABY,The Guess Who,RCA,9,43,
1974,15,44,60,THE ENTERTAINER,Marvin Hamlisch,MCA,4,44,
1974,15,45,58,OH VERY YOUNG,Cat Stevens,A&M,5,45,
1974,15,49,55,HEAVENLY,The Temptations,Gordy,5,49,
1974,15,50,56,MIGHTY MIGHTY,"Earth, Wind and Fire",Columbia,6,50,
1974,16,1,3,TSOP (The Sound Of Philadelphia),MFSB Featuring the Three Degrees,Philadelphia International,8,1,1 week at #1
1974,16,2,1,BENNIE AND THE JETS,Elton John,MCA,10,1,
1974,16,3,2,HOOKED ON A FEELING,Blue Swede,EMI,10,1,
1974,16,4,7,BEST THING THAT EVER HAPPENED TO ME,Gladys Knight and the Pips,Buddah,10,4,
1974,16,5,5,COME AND GET YOUR LOVE,Redbone,Epic,15,5,
1974,16,6,9,OH MY MY,Ringo Starr,Apple,7,6,
1974,16,7,6,SUNSHINE ON MY SHOULDERS,John Denver,RCA,13,1,
1974,16,8,17,THE LOCO-MOTION,Grand Funk,Capitol,7,8,
1974,16,9,4,THE LORD’S PRAYER,Sister Janet Mead,A&M,9,4,
1974,16,10,13,I’LL HAVE TO SAY I LOVE YOU IN A SONG,Jim Croce,ABC,8,10,
1974,16,11,12,LOOKIN’ FOR A LOVE,Bobby Womack,United Artists,12,11,
1974,16,12,11,A VERY SPECIAL LOVE SONG,Charlie Rich,Epic,9,11,
1974,16,13,19,DANCING MACHINE,The Jackson 5,Motown,6,13,
1974,16,14,8,SEASONS IN THE SUN,Terry Jacks,Bell,15,1,
1974,16,15,16,JUST DON’T WANT TO BE LONELY,The Main Ingredient,RCA,12,15,
1974,16,16,20,TUBULAR BELLS,Mike Oldfield,Virgin,9,16,
1974,16,17,21,KEEP ON SINGING,Helen Reddy,Capitol,7,17,
1974,16,18,10,MOCKINGBIRD,Carly Simon and James Taylor,Elektra,12,5,
1974,16,19,29,THE SHOW MUST GO ON,Three Dog Night,Dunhill,6,19,
1974,16,20,31,(I’ve Been) SEARCHIN’ SO LONG,Chicago,Columbia,6,20,
1974,16,21,22,TELL ME A LIE,Sami Jo,MGM South,11,21,
1974,16,22,24,MY MISTAKE (Was To Love You),Diana Ross and Marvin Gaye,Motown,9,22,
1974,16,23,23,"TOUCH A HAND, MAKE A FRIEND",The Staple Singers,Stax,9,23,
1974,16,24,26,LET IT RIDE,Bachman-Turner Overdrive,Mercury,9,24,
1974,16,25,27,PIANO MAN,Billy Joel,Columbia,9,25,
1974,16,26,15,DARK LADY,Cher,MCA,14,1,
1974,16,27,14,JET,Paul McCartney and Wings,Apple,11,7,
1974,16,28,35,MIDNIGHT AT THE OASIS,Maria Muldaur,Reprise,9,28,
1974,16,29,36,YOU MAKE ME FEEL BRAND NEW,The Stylistics,Avco,5,29,
1974,16,30,18,ERES TU (Touch the Wind),Mocedades,Tara,15,9,
1974,16,31,44,THE ENTERTAINER,Marvin Hamlisch,MCA,5,31,
1974,16,32,40,I’M A TRAIN,Albert Hammond,Mums,8,32,
1974,16,33,41,HELP ME,Joni Mitchell,Asylum,6,33,
1974,16,34,39,THE PAYBACK (Part 1),James Brown,Polydor,5,34,
1974,16,35,37,OUTSIDE WOMAN,Bloodstone,London,9,35,
1974,16,36,25,JUNGLE BOOGIE,Kool and the Gang,De-Lite,20,4,
1974,16,37,45,OH VERY YOUNG,Cat Stevens,A&M,6,37,
1974,16,38,42,THANKS FOR SAVING MY LIFE,Billy Paul,Philadelphia International,13,38,
1974,16,39,43,STAR BABY,The Guess Who,RCA,10,39,
1974,16,40,28,BOOGIE DOWN,Eddie Kendricks,Tamla,16,2,
1974,16,41,32,MIGHTY LOVE (Part 1),The Spinners,Atlantic,13,20,
1974,16,42,30,ROCK ON,David Essex,Columbia,24,5,
1974,16,43,33,THERE WON’T BE ANYMORE,Charlie Rich,RCA,13,18,
1974,16,47,38,THE WAY WE WERE,Barbra Streisand,Columbia,22,1,
1974,16,51,34,TRYING TO HOLD ON TO MY WOMAN,Lamont Dozier,ABC,18,15,
1974,16,44,58,DON’T YOU WORRY ‘BOUT A THING,Stevie Wonder,Tamla,3,44,
1974,16,45,50,MIGHTY MIGHTY,"Earth, Wind and Fire",Columbia,7,45,
1974,16,46,49,HEAVENLY,The Temptations,Gordy,6,46,
1974,16,48,61,LET’S GET MARRIED,Al Green,Hi,4,48,
1974,16,49,46,LOVE’S THEME,The Love Unlimited Orchestra,20th Century,21,1,
1974,16,50,70,I WON’T LAST A DAY WITHOUT YOU,The Carpenters,A&M,2,50,
1974,17,1,1,TSOP (The Sound Of Philadelphia),MFSB Featuring the Three Degrees,Philadelphia International,9,1,2 weeks at #1
1974,17,2,2,BENNIE AND THE JETS,Elton John,MCA,11,1,
1974,17,3,4,BEST THING THAT EVER HAPPENED TO ME,Gladys Knight and the Pips,Buddah,11,3,
1974,17,4,8,THE LOCO-MOTION,Grand Funk,Capitol,8,4,
1974,17,5,6,OH MY MY,Ringo Starr,Apple,8,5,
1974,17,6,3,HOOKED ON A FEELING,Blue Swede,EMI,11,1,
1974,17,7,5,COME AND GET YOUR LOVE,Redbone,Epic,16,5,
1974,17,8,13,DANCING MACHINE,The Jackson 5,Motown,7,8,
1974,17,9,10,I’LL HAVE TO SAY I LOVE YOU IN A SONG,Jim Croce,ABC,9,9,
1974,17,10,11,LOOKIN’ FOR A LOVE,Bobby Womack,United Artists,13,10,
1974,17,11,15,JUST DON’T WANT TO BE LONELY,The Main Ingredient,RCA,13,11,
1974,17,12,16,TUBULAR BELLS,Mike Oldfield,Virgin,10,12,
1974,17,13,19,THE SHOW MUST GO ON,Three Dog Night,Dunhill,7,13,
1974,17,14,7,SUNSHINE ON MY SHOULDERS,John Denver,RCA,14,1,
1974,17,15,17,KEEP ON SINGING,Helen Reddy,Capitol,8,15,
1974,17,16,20,(I’ve Been) SEARCHIN’ SO LONG,Chicago,Columbia,7,16,
1974,17,17,9,THE LORD’S PRAYER,Sister Janet Mead,A&M,10,4,
1974,17,18,31,THE ENTERTAINER,Marvin Hamlisch,MCA,6,18,
1974,17,19,54,THE STREAK,Ray Stevens,Barnaby,3,19,
1974,17,20,22,MY MISTAKE (Was To Love You),Diana Ross and Marvin Gaye,Motown,10,20,
1974,17,21,29,YOU MAKE ME FEEL BRAND NEW,The Stylistics,Avco,6,21,
1974,17,22,28,MIDNIGHT AT THE OASIS,Maria Muldaur,Reprise,10,22,
1974,17,23,24,LET IT RIDE,Bachman-Turner Overdrive,Mercury,10,23,
1974,17,24,14,SEASONS IN THE SUN,Terry Jacks,Bell,16,1,
1974,17,25,12,A VERY SPECIAL LOVE SONG,Charlie Rich,Epic,10,11,
1974,17,26,18,MOCKINGBIRD,Carly Simon and James Taylor,Elektra,13,5,
1974,17,27,23,"TOUCH A HAND, MAKE A FRIEND",The Staple Singers,Stax,10,23,
1974,17,28,21,TELL ME A LIE,Sami Jo,MGM South,12,21,
1974,17,29,33,HELP ME,Joni Mitchell,Asylum,7,29,
1974,17,30,37,OH VERY YOUNG,Cat Stevens,A&M,7,30,
1974,17,31,32,I’M A TRAIN,Albert Hammond,Mums,9,31,
1974,17,32,34,THE PAYBACK (Part 1),James Brown,Polydor,6,32,
1974,17,33,44,DON’T YOU WORRY ‘BOUT A THING,Stevie Wonder,Tamla,4,33,
1974,17,34,35,OUTSIDE WOMAN,Bloodstone,London,10,34,
1974,17,35,50,I WON’T LAST A DAY WITHOUT YOU,The Carpenters,A&M,3,35,
1974,17,36,25,PIANO MAN,Billy Joel,Columbia,10,25,
1974,17,37,38,THANKS FOR SAVING MY LIFE,Billy Paul,Philadelphia International,14,37,
1974,17,38,27,JET,Paul McCartney and Wings,Apple,12,7,
1974,17,39,30,ERES TU (Touch the Wind),Mocedades,Tara,16,9,
1974,17,40,45,MIGHTY MIGHTY,"Earth, Wind and Fire",Columbia,8,40,
1974,17,42,26,DARK LADY,Cher,MCA,15,1,
1974,17,47,39,STAR BABY,The Guess Who,RCA,11,39,
1974,17,50,36,JUNGLE BOOGIE,Kool and the Gang,De-Lite,21,4,
1974,17,51,40,BOOGIE DOWN,Eddie Kendricks,Tamla,17,2,
1974,17,41,68,BAND ON THE RUN,Paul McCartney and Wings,Apple,2,41,
1974,17,43,48,LET’S GET MARRIED,Al Green,Hi,5,43,
1974,17,44,46,HEAVENLY,The Temptations,Gordy,7,44,
1974,17,45,66,FOR THE LOVE OF MONEY,The O’Jays,Philadelphia International,3,45,
1974,17,46,56,I’M IN LOVE,Aretha Franklin,Atlantic,4,46,
1974,17,48,41,MIGHTY LOVE (Part 1),The Spinners,Atlantic,14,20,
1974,17,49,52,DANCE WITH THE DEVIL,Cozy Powell,Chrysalis,7,49,
1974,18,1,4,THE LOCO-MOTION,Grand Funk,Capitol,9,1,1 week at #1
1974,18,2,1,TSOP (The Sound Of Philadelphia),MFSB Featuring the Three Degrees,Philadelphia International,10,1,
1974,18,3,2,BENNIE AND THE JETS,Elton John,MCA,12,1,
1974,18,4,3,BEST THING THAT EVER HAPPENED TO ME,Gladys Knight and the Pips,Buddah,12,3,
1974,18,5,8,DANCING MACHINE,The Jackson 5,Motown,8,5,
1974,18,6,19,THE STREAK,Ray Stevens,Barnaby,4,6,
1974,18,7,6,HOOKED ON A FEELING,Blue Swede,EMI,12,1,
1974,18,8,12,TUBULAR BELLS,Mike Oldfield,Virgin,11,8,
1974,18,9,13,THE SHOW MUST GO ON,Three Dog Night,Dunhill,8,9,
1974,18,10,11,JUST DON’T WANT TO BE LONELY,The Main Ingredient,RCA,14,10,
1974,18,11,18,THE ENTERTAINER,Marvin Hamlisch,MCA,7,11,
1974,18,12,16,(I’ve Been) SEARCHIN’ SO LONG,Chicago,Columbia,8,12,
1974,18,13,5,OH MY MY,Ringo Starr,Apple,9,5,
1974,18,14,7,COME AND GET YOUR LOVE,Redbone,Epic,17,5,
1974,18,15,22,MIDNIGHT AT THE OASIS,Maria Muldaur,Reprise,11,15,
1974,18,16,9,I’LL HAVE TO SAY I LOVE YOU IN A SONG,Jim Croce,ABC,10,9,
1974,18,17,21,YOU MAKE ME FEEL BRAND NEW,The Stylistics,Avco,7,17,
1974,18,18,10,LOOKIN’ FOR A LOVE,Bobby Womack,United Artists,14,10,
1974,18,19,20,MY MISTAKE (Was To Love You),Diana Ross and Marvin Gaye,Motown,11,19,
1974,18,20,14,SUNSHINE ON MY SHOULDERS,John Denver,RCA,15,1,
1974,18,21,35,I WON’T LAST A DAY WITHOUT YOU,The Carpenters,A&M,4,21,
1974,18,22,41,BAND ON THE RUN,Paul McCartney and Wings,Apple,3,22,
1974,18,23,29,HELP ME,Joni Mitchell,Asylum,8,23,
1974,18,24,30,OH VERY YOUNG,Cat Stevens,A&M,8,24,
1974,18,25,17,THE LORD’S PRAYER,Sister Janet Mead,A&M,11,4,
1974,18,26,15,KEEP ON SINGING,Helen Reddy,Capitol,9,15,
1974,18,27,33,DON’T YOU WORRY ‘BOUT A THING,Stevie Wonder,Tamla,5,27,
1974,18,28,24,SEASONS IN THE SUN,Terry Jacks,Bell,17,1,
1974,18,29,23,LET IT RIDE,Bachman-Turner Overdrive,Mercury,11,23,
1974,18,30,32,THE PAYBACK (Part 1),James Brown,Polydor,7,30,
1974,18,31,25,A VERY SPECIAL LOVE SONG,Charlie Rich,Epic,11,11,
1974,18,32,45,FOR THE LOVE OF MONEY,The O’Jays,Philadelphia International,4,32,
1974,18,33,26,MOCKINGBIRD,Carly Simon and James Taylor,Elektra,14,5,
1974,18,34,28,TELL ME A LIE,Sami Jo,MGM South,13,21,
1974,18,35,40,MIGHTY MIGHTY,"Earth, Wind and Fire",Columbia,9,35,
1974,18,36,46,I’M IN LOVE,Aretha Franklin,Atlantic,5,36,
1974,18,37,31,I’M A TRAIN,Albert Hammond,Mums,10,31,
1974,18,38,37,THANKS FOR SAVING MY LIFE,Billy Paul,Philadelphia International,15,37,
1974,18,39,56,MY GIRL BILL,Jim Stafford,MGM,3,39,
1974,18,40,27,"TOUCH A HAND, MAKE A FRIEND",The Staple Singers,Stax,11,23,
1974,18,42,36,PIANO MAN,Billy Joel,Columbia,11,25,
1974,18,44,34,OUTSIDE WOMAN,Bloodstone,London,11,34,
1974,18,45,39,ERES TU (Touch the Wind),Mocedades,Tara,17,9,
1974,18,47,38,JET,Paul McCartney and Wings,Apple,13,7,
1974,18,41,43,LET’S GET MARRIED,Al Green,Hi,6,41,
1974,18,43,44,HEAVENLY,The Temptations,Gordy,8,43,
1974,18,46,63,SUNDOWN,Gordon Lightfoot,Reprise,4,46,
1974,18,48,54,STANDING AT THE END OF THE LINE,Lobo,Big Tree,4,48,
1974,18,49,52,(We’re Gonna) ROCK AROUND THE CLOCK,Bill Haley and His Comets,MCA,32,1,
1974,18,50,62,IF YOU LOVE ME (Let Me Know),Olivia Newton-John,MCA,4,50,
1974,19,1,1,THE LOCO-MOTION,Grand Funk,Capitol,10,1,2 weeks at #1
1974,19,2,6,THE STREAK,Ray Stevens,Barnaby,5,2,
1974,19,3,5,DANCING MACHINE,The Jackson 5,Motown,9,3,
1974,19,4,11,THE ENTERTAINER,Marvin Hamlisch,MCA,8,4,
1974,19,5,3,BENNIE AND THE JETS,Elton John,MCA,13,1,
1974,19,6,9,THE SHOW MUST GO ON,Three Dog Night,Dunhill,9,6,
1974,19,7,8,TUBULAR BELLS,Mike Oldfield,Virgin,12,7,
1974,19,8,2,TSOP (The Sound Of Philadelphia),MFSB Featuring the Three Degrees,Philadelphia International,11,1,
1974,19,9,12,(I’ve Been) SEARCHIN’ SO LONG,Chicago,Columbia,9,9,
1974,19,10,15,MIDNIGHT AT THE OASIS,Maria Muldaur,Reprise,12,10,
1974,19,11,4,BEST THING THAT EVER HAPPENED TO ME,Gladys Knight and the Pips,Buddah,13,3,
1974,19,12,7,HOOKED ON A FEELING,Blue Swede,EMI,13,1,
1974,19,13,17,YOU MAKE ME FEEL BRAND NEW,The Stylistics,Avco,8,13,
1974,19,14,22,BAND ON THE RUN,Paul McCartney and Wings,Apple,4,14,
1974,19,15,21,I WON’T LAST A DAY WITHOUT YOU,The Carpenters,A&M,5,15,
1974,19,16,14,COME AND GET YOUR LOVE,Redbone,Epic,18,5,
1974,19,17,13,OH MY MY,Ringo Starr,Apple,10,5,
1974,19,18,10,JUST DON’T WANT TO BE LONELY,The Main Ingredient,RCA,15,10,
1974,19,19,23,HELP ME,Joni Mitchell,Asylum,9,19,
1974,19,20,24,OH VERY YOUNG,Cat Stevens,A&M,9,20,
1974,19,21,27,DON’T YOU WORRY ‘BOUT A THING,Stevie Wonder,Tamla,6,21,
1974,19,22,16,I’LL HAVE TO SAY I LOVE YOU IN A SONG,Jim Croce,ABC,11,9,
1974,19,23,32,FOR THE LOVE OF MONEY,The O’Jays,Philadelphia International,5,23,
1974,19,24,18,LOOKIN’ FOR A LOVE,Bobby Womack,United Artists,15,10,
1974,19,25,19,MY MISTAKE (Was To Love You),Diana Ross and Marvin Gaye,Motown,12,19,
1974,19,26,30,THE PAYBACK (Part 1),James Brown,Polydor,8,26,
1974,19,27,20,SUNSHINE ON MY SHOULDERS,John Denver,RCA,16,1,
1974,19,28,26,KEEP ON SINGING,Helen Reddy,Capitol,10,15,
1974,19,29,39,MY GIRL BILL,Jim Stafford,MGM,4,29,
1974,19,30,36,I’M IN LOVE,Aretha Franklin,Atlantic,6,30,
1974,19,31,35,MIGHTY MIGHTY,"Earth, Wind and Fire",Columbia,10,31,
1974,19,32,28,SEASONS IN THE SUN,Terry Jacks,Bell,18,1,
1974,19,33,25,THE LORD’S PRAYER,Sister Janet Mead,A&M,12,4,
1974,19,34,41,LET’S GET MARRIED,Al Green,Hi,7,34,
1974,19,35,29,LET IT RIDE,Bachman-Turner Overdrive,Mercury,12,23,
1974,19,36,46,SUNDOWN,Gordon Lightfoot,Reprise,5,36,
1974,19,37,33,MOCKINGBIRD,Carly Simon and James Taylor,Elektra,15,5,
1974,19,38,57,"BILLY, DON’T BE A HERO",Bo Donaldson and the Heywoods,ABC,4,38,
1974,19,39,50,IF YOU LOVE ME (Let Me Know),Olivia Newton-John,MCA,5,39,
1974,19,40,48,STANDING AT THE END OF THE LINE,Lobo,Big Tree,5,40,
1974,19,41,31,A VERY SPECIAL LOVE SONG,Charlie Rich,Epic,12,11,
1974,19,42,40,"TOUCH A HAND, MAKE A FRIEND",The Staple Singers,Stax,12,23,
1974,19,43,37,I’M A TRAIN,Albert Hammond,Mums,11,31,
1974,19,56,34,TELL ME A LIE,Sami Jo,MGM South,14,21,
1974,19,58,38,THANKS FOR SAVING MY LIFE,Billy Paul,Philadelphia International,16,37,
1974,19,44,58,HOLLYWOOD SWINGING,Kool and the Gang,De-Lite,4,44,
1974,19,45,55,CHAMELEON,Herbie Hancock,Columbia,8,45,
1974,19,46,49,(We’re Gonna) ROCK AROUND THE CLOCK,Bill Haley and His Comets,MCA,33,1,
1974,19,47,42,PIANO MAN,Billy Joel,Columbia,12,25,
1974,19,48,47,JET,Paul McCartney and Wings,Apple,14,7,
1974,19,49,59,ONE HELL OF A WOMAN,Mac Davis,Columbia,7,49,
1974,19,50,54,KEEP IT IN THE FAMILY,Leon Haywood,20th Century,8,50,
1974,20,1,2,THE STREAK,Ray Stevens,Barnaby,6,1,1 week at #1
1974,20,2,3,DANCING MACHINE,The Jackson 5,Motown,10,2,
1974,20,3,4,THE ENTERTAINER,Marvin Hamlisch,MCA,9,3,
1974,20,4,1,THE LOCO-MOTION,Grand Funk,Capitol,11,1,
1974,20,5,6,THE SHOW MUST GO ON,Three Dog Night,Dunhill,10,5,
1974,20,6,5,BENNIE AND THE JETS,Elton John,MCA,14,1,
1974,20,7,14,BAND ON THE RUN,Paul McCartney and Wings,Apple,5,7,
1974,20,8,10,MIDNIGHT AT THE OASIS,Maria Muldaur,Reprise,13,8,
1974,20,9,9,(I’ve Been) SEARCHIN’ SO LONG,Chicago,Columbia,10,9,
1974,20,10,13,YOU MAKE ME FEEL BRAND NEW,The Stylistics,Avco,9,10,
1974,20,11,8,TSOP (The Sound Of Philadelphia),MFSB Featuring the Three Degrees,Philadelphia International,12,1,
1974,20,12,15,I WON’T LAST A DAY WITHOUT YOU,The Carpenters,A&M,6,12,
1974,20,13,7,TUBULAR BELLS,Mike Oldfield,Virgin,13,7,
1974,20,14,19,HELP ME,Joni Mitchell,Asylum,10,14,
1974,20,15,18,JUST DON’T WANT TO BE LONELY,The Main Ingredient,RCA,16,10,
1974,20,16,20,OH VERY YOUNG,Cat Stevens,A&M,10,16,
1974,20,17,21,DON’T YOU WORRY ‘BOUT A THING,Stevie Wonder,Tamla,7,17,
1974,20,18,11,BEST THING THAT EVER HAPPENED TO ME,Gladys Knight and the Pips,Buddah,14,3,
1974,20,19,23,FOR THE LOVE OF MONEY,The O’Jays,Philadelphia International,6,19,
1974,20,20,36,SUNDOWN,Gordon Lightfoot,Reprise,6,20,
1974,20,21,12,HOOKED ON A FEELING,Blue Swede,EMI,14,1,
1974,20,22,29,MY GIRL BILL,Jim Stafford,MGM,5,22,
1974,20,23,38,"BILLY, DON’T BE A HERO",Bo Donaldson and the Heywoods,ABC,5,23,
1974,20,24,30,I’M IN LOVE,Aretha Franklin,Atlantic,7,24,
1974,20,25,16,COME AND GET YOUR LOVE,Redbone,Epic,19,5,
1974,20,26,17,OH MY MY,Ringo Starr,Apple,11,5,
1974,20,27,22,I’LL HAVE TO SAY I LOVE YOU IN A SONG,Jim Croce,ABC,12,9,
1974,20,28,26,THE PAYBACK (Part 1),James Brown,Polydor,9,26,
1974,20,29,31,MIGHTY MIGHTY,"Earth, Wind and Fire",Columbia,11,29,
1974,20,30,54,BE THANKFUL FOR WHAT YOU GOT,William DeVaughn,Roxbury,3,30,
1974,20,31,39,IF YOU LOVE ME (Let Me Know),Olivia Newton-John,MCA,6,31,
1974,20,32,44,HOLLYWOOD SWINGING,Kool and the Gang,De-Lite,5,32,
1974,20,33,25,MY MISTAKE (Was To Love You),Diana Ross and Marvin Gaye,Motown,13,19,
1974,20,34,28,KEEP ON SINGING,Helen Reddy,Capitol,11,15,
1974,20,35,33,THE LORD’S PRAYER,Sister Janet Mead,A&M,13,4,
1974,20,36,34,LET’S GET MARRIED,Al Green,Hi,8,34,
1974,20,37,40,STANDING AT THE END OF THE LINE,Lobo,Big Tree,6,37,
1974,20,38,32,SEASONS IN THE SUN,Terry Jacks,Bell,19,1,
1974,20,39,24,LOOKIN’ FOR A LOVE,Bobby Womack,United Artists,16,10,
1974,20,40,35,LET IT RIDE,Bachman-Turner Overdrive,Mercury,13,23,
1974,20,46,27,SUNSHINE ON MY SHOULDERS,John Denver,RCA,17,1,
1974,20,66,37,MOCKINGBIRD,Carly Simon and James Taylor,Elektra,16,5,
1974,20,41,51,YOU WON’T SEE ME,Anne Murray,Capitol,5,41,
1974,20,42,52,DAYBREAK,Nilsson,RCA,6,42,
1974,20,43,45,CHAMELEON,Herbie Hancock,Columbia,9,43,
1974,20,44,46,(We’re Gonna) ROCK AROUND THE CLOCK,Bill Haley and His Comets,MCA,34,1,
1974,20,45,49,ONE HELL OF A WOMAN,Mac Davis,Columbia,8,45,
1974,20,47,43,I’M A TRAIN,Albert Hammond,Mums,12,31,
1974,20,48,66,SAVE THE LAST DANCE FOR ME,The DeFranco Family Featuring Tony DeFranco,20th Century,3,48,
1974,20,49,41,A VERY SPECIAL LOVE SONG,Charlie Rich,Epic,13,11,
1974,20,50,42,"TOUCH A HAND, MAKE A FRIEND",The Staple Singers,Stax,13,23,
1974,21,1,1,THE STREAK,Ray Stevens,Barnaby,7,1,2 weeks at #1
1974,21,2,2,DANCING MACHINE,The Jackson 5,Motown,11,2,
1974,21,3,3,THE ENTERTAINER,Marvin Hamlisch,MCA,10,3,
1974,21,4,5,THE SHOW MUST GO ON,Three Dog Night,Dunhill,11,4,
1974,21,5,7,BAND ON THE RUN,Paul McCartney and Wings,Apple,6,5,
1974,21,6,10,YOU MAKE ME FEEL BRAND NEW,The Stylistics,Avco,10,6,
1974,21,7,8,MIDNIGHT AT THE OASIS,Maria Muldaur,Reprise,14,7,
1974,21,8,4,THE LOCO-MOTION,Grand Funk,Capitol,12,1,
1974,21,9,9,(I’ve Been) SEARCHIN’ SO LONG,Chicago,Columbia,11,9,
1974,21,10,14,HELP ME,Joni Mitchell,Asylum,11,10,
1974,21,11,12,I WON’T LAST A DAY WITHOUT YOU,The Carpenters,A&M,7,11,
1974,21,12,20,SUNDOWN,Gordon Lightfoot,Reprise,7,12,
1974,21,13,23,"BILLY, DON’T BE A HERO",Bo Donaldson and the Heywoods,ABC,6,13,
1974,21,14,16,OH VERY YOUNG,Cat Stevens,A&M,11,14,
1974,21,15,19,FOR THE LOVE OF MONEY,The O’Jays,Philadelphia International,7,15,
1974,21,16,22,MY GIRL BILL,Jim Stafford,MGM,6,16,
1974,21,17,17,DON’T YOU WORRY ‘BOUT A THING,Stevie Wonder,Tamla,8,17,
1974,21,18,6,BENNIE AND THE JETS,Elton John,MCA,15,1,
1974,21,19,11,TSOP (The Sound Of Philadelphia),MFSB Featuring the Three Degrees,Philadelphia International,13,1,
1974,21,20,24,I’M IN LOVE,Aretha Franklin,Atlantic,8,20,
1974,21,21,15,JUST DON’T WANT TO BE LONELY,The Main Ingredient,RCA,17,10,
1974,21,22,30,BE THANKFUL FOR WHAT YOU GOT,William DeVaughn,Roxbury,4,22,
1974,21,23,13,TUBULAR BELLS,Mike Oldfield,Virgin,14,7,
1974,21,24,18,BEST THING THAT EVER HAPPENED TO ME,Gladys Knight and the Pips,Buddah,15,3,
1974,21,25,31,IF YOU LOVE ME (Let Me Know),Olivia Newton-John,MCA,7,25,
1974,21,26,21,HOOKED ON A FEELING,Blue Swede,EMI,15,1,
1974,21,27,28,THE PAYBACK (Part 1),James Brown,Polydor,10,26,
1974,21,28,32,HOLLYWOOD SWINGING,Kool and the Gang,De-Lite,6,28,
1974,21,29,25,COME AND GET YOUR LOVE,Redbone,Epic,20,5,
1974,21,30,29,MIGHTY MIGHTY,"Earth, Wind and Fire",Columbia,12,29,
1974,21,31,26,OH MY MY,Ringo Starr,Apple,12,5,
1974,21,32,36,LET’S GET MARRIED,Al Green,Hi,9,32,
1974,21,33,41,YOU WON’T SEE ME,Anne Murray,Capitol,6,33,
1974,21,34,27,I’LL HAVE TO SAY I LOVE YOU IN A SONG,Jim Croce,ABC,13,9,
1974,21,35,34,KEEP ON SINGING,Helen Reddy,Capitol,12,15,
1974,21,36,45,ONE HELL OF A WOMAN,Mac Davis,Columbia,9,36,
1974,21,37,33,MY MISTAKE (Was To Love You),Diana Ross and Marvin Gaye,Motown,14,19,
1974,21,38,48,SAVE THE LAST DANCE FOR ME,The DeFranco Family Featuring Tony DeFranco,20th Century,4,38,
1974,21,39,44,(We’re Gonna) ROCK AROUND THE CLOCK,Bill Haley and His Comets,MCA,35,1,
1974,21,40,42,DAYBREAK,Nilsson,RCA,7,40,
1974,21,43,39,LOOKIN’ FOR A LOVE,Bobby Womack,United Artists,17,10,
1974,21,47,38,SEASONS IN THE SUN,Terry Jacks,Bell,20,1,
1974,21,49,40,LET IT RIDE,Bachman-Turner Overdrive,Mercury,14,23,
1974,21,51,37,STANDING AT THE END OF THE LINE,Lobo,Big Tree,7,37,
1974,21,41,51,"ANOTHER PARK, ANOTHER SUNDAY",The Doobie Brothers,Warner Brothers,6,41,
1974,21,42,43,CHAMELEON,Herbie Hancock,Columbia,10,42,
1974,21,44,56,HAVEN’T GOT TIME FOR THE PAIN,Carly Simon,Elektra,3,44,
1974,21,45,55,SON OF SAGITTARIUS,Eddie Kendricks,Tamla,3,45,
1974,21,46,52,NO CHARGE,Melba Montgomery,Elektra,7,46,
1974,21,48,46,SUNSHINE ON MY SHOULDERS,John Denver,RCA,18,1,
1974,21,50,54,THE SAME LOVE THAT MADE ME LAUGH,Bill Withers,Sussex,7,50,
1974,22,1,1,THE STREAK,Ray Stevens,Barnaby,8,1,3 weeks at #1
1974,22,2,5,BAND ON THE RUN,Paul McCartney and Wings,Apple,7,2,
1974,22,3,2,DANCING MACHINE,The Jackson 5,Motown,12,2,
1974,22,4,6,YOU MAKE ME FEEL BRAND NEW,The Stylistics,Avco,11,4,
1974,22,5,3,THE ENTERTAINER,Marvin Hamlisch,MCA,11,3,
1974,22,6,7,MIDNIGHT AT THE OASIS,Maria Muldaur,Reprise,15,6,
1974,22,7,12,SUNDOWN,Gordon Lightfoot,Reprise,8,7,
1974,22,8,10,HELP ME,Joni Mitchell,Asylum,12,8,
1974,22,9,13,"BILLY, DON’T BE A HERO",Bo Donaldson and the Heywoods,ABC,7,9,
1974,22,10,14,OH VERY YOUNG,Cat Stevens,A&M,12,10,
1974,22,11,15,FOR THE LOVE OF MONEY,The O’Jays,Philadelphia International,8,11,
1974,22,12,16,MY GIRL BILL,Jim Stafford,MGM,7,12,
1974,22,13,8,THE LOCO-MOTION,Grand Funk,Capitol,13,1,
1974,22,14,4,THE SHOW MUST GO ON,Three Dog Night,Dunhill,12,4,
1974,22,15,22,BE THANKFUL FOR WHAT YOU GOT,William DeVaughn,Roxbury,5,15,
1974,22,16,17,DON’T YOU WORRY ‘BOUT A THING,Stevie Wonder,Tamla,9,16,
1974,22,17,11,I WON’T LAST A DAY WITHOUT YOU,The Carpenters,A&M,8,11,
1974,22,18,9,(I’ve Been) SEARCHIN’ SO LONG,Chicago,Columbia,12,9,
1974,22,19,20,I’M IN LOVE,Aretha Franklin,Atlantic,9,19,
1974,22,20,25,IF YOU LOVE ME (Let Me Know),Olivia Newton-John,MCA,8,20,
1974,22,21,18,BENNIE AND THE JETS,Elton John,MCA,16,1,
1974,22,22,28,HOLLYWOOD SWINGING,Kool and the Gang,De-Lite,7,22,
1974,22,23,19,TSOP (The Sound Of Philadelphia),MFSB Featuring the Three Degrees,Philadelphia International,14,1,
1974,22,24,21,JUST DON’T WANT TO BE LONELY,The Main Ingredient,RCA,18,10,
1974,22,25,23,TUBULAR BELLS,Mike Oldfield,Virgin,15,7,
1974,22,26,33,YOU WON’T SEE ME,Anne Murray,Capitol,7,26,
1974,22,27,44,HAVEN’T GOT TIME FOR THE PAIN,Carly Simon,Elektra,4,27,
1974,22,28,24,BEST THING THAT EVER HAPPENED TO ME,Gladys Knight and the Pips,Buddah,16,3,
1974,22,29,29,COME AND GET YOUR LOVE,Redbone,Epic,21,5,
1974,22,30,38,SAVE THE LAST DANCE FOR ME,The DeFranco Family Featuring Tony DeFranco,20th Century,5,30,
1974,22,31,36,ONE HELL OF A WOMAN,Mac Davis,Columbia,10,31,
1974,22,32,45,SON OF SAGITTARIUS,Eddie Kendricks,Tamla,4,32,
1974,22,33,30,MIGHTY MIGHTY,"Earth, Wind and Fire",Columbia,13,29,
1974,22,34,26,HOOKED ON A FEELING,Blue Swede,EMI,16,1,
1974,22,35,27,THE PAYBACK (Part 1),James Brown,Polydor,11,26,
1974,22,36,41,"ANOTHER PARK, ANOTHER SUNDAY",The Doobie Brothers,Warner Brothers,7,36,
1974,22,37,37,MY MISTAKE (Was To Love You),Diana Ross and Marvin Gaye,Motown,15,19,
1974,22,38,31,OH MY MY,Ringo Starr,Apple,13,5,
1974,22,39,40,DAYBREAK,Nilsson,RCA,8,39,
1974,22,40,70,ON AND ON,Gladys Knight and the Pips,Buddah,2,40,
1974,22,44,39,(We’re Gonna) ROCK AROUND THE CLOCK,Bill Haley and His Comets,MCA,36,1,
1974,22,48,32,LET’S GET MARRIED,Al Green,Hi,10,32,
1974,22,54,35,KEEP ON SINGING,Helen Reddy,Capitol,13,15,
1974,22,56,34,I’LL HAVE TO SAY I LOVE YOU IN A SONG,Jim Croce,ABC,14,9,
1974,22,41,46,NO CHARGE,Melba Montgomery,Elektra,8,41,
1974,22,42,60,I’M COMING HOME,The Spinners,Atlantic,3,42,
1974,22,43,59,THE AIR THAT I BREATHE,The Hollies,Epic,7,43,
1974,22,45,55,IF YOU WANNA GET TO HEAVEN,The Ozark Mountain Daredevils,A&M,7,45,
1974,22,46,52,STAR BABY,The Guess Who,RCA,16,39,
1974,22,47,53,I DON’T SEE ME IN YOUR EYES ANYMORE,Charlie Rich,RCA,5,47,
1974,22,49,71,SIDESHOW,Blue Magic,Atco,3,49,
1974,22,50,49,LET IT RIDE,Bachman-Turner Overdrive,Mercury,15,23,
1974,23,1,2,BAND ON THE RUN,Paul McCartney and Wings,Apple,8,1,1 week at #1
1974,23,2,1,THE STREAK,Ray Stevens,Barnaby,9,1,
1974,23,3,4,YOU MAKE ME FEEL BRAND NEW,The Stylistics,Avco,12,3,
1974,23,4,3,DANCING MACHINE,The Jackson 5,Motown,13,2,
1974,23,5,7,SUNDOWN,Gordon Lightfoot,Reprise,9,5,
1974,23,6,9,"BILLY, DON’T BE A HERO",Bo Donaldson and the Heywoods,ABC,8,6,
1974,23,7,8,HELP ME,Joni Mitchell,Asylum,13,7,
1974,23,8,5,THE ENTERTAINER,Marvin Hamlisch,MCA,12,3,
1974,23,9,6,MIDNIGHT AT THE OASIS,Maria Muldaur,Reprise,16,6,
1974,23,10,11,FOR THE LOVE OF MONEY,The O’Jays,Philadelphia International,9,10,
1974,23,11,15,BE THANKFUL FOR WHAT YOU GOT,William DeVaughn,Roxbury,6,11,
1974,23,12,12,MY GIRL BILL,Jim Stafford,MGM,8,12,
1974,23,13,10,OH VERY YOUNG,Cat Stevens,A&M,13,10,
1974,23,14,13,THE LOCO-MOTION,Grand Funk,Capitol,14,1,
1974,23,15,20,IF YOU LOVE ME (Let Me Know),Olivia Newton-John,MCA,9,15,
1974,23,16,14,THE SHOW MUST GO ON,Three Dog Night,Dunhill,13,4,
1974,23,17,22,HOLLYWOOD SWINGING,Kool and the Gang,De-Lite,8,17,
1974,23,18,17,I WON’T LAST A DAY WITHOUT YOU,The Carpenters,A&M,9,11,
1974,23,19,19,I’M IN LOVE,Aretha Franklin,Atlantic,10,19,
1974,23,20,26,YOU WON’T SEE ME,Anne Murray,Capitol,8,20,
1974,23,21,27,HAVEN’T GOT TIME FOR THE PAIN,Carly Simon,Elektra,5,21,
1974,23,22,16,DON’T YOU WORRY ‘BOUT A THING,Stevie Wonder,Tamla,10,16,
1974,23,23,18,(I’ve Been) SEARCHIN’ SO LONG,Chicago,Columbia,13,9,
1974,23,24,30,SAVE THE LAST DANCE FOR ME,The DeFranco Family Featuring Tony DeFranco,20th Century,6,24,
1974,23,25,24,JUST DON’T WANT TO BE LONELY,The Main Ingredient,RCA,19,10,
1974,23,26,21,BENNIE AND THE JETS,Elton John,MCA,17,1,
1974,23,27,23,TSOP (The Sound Of Philadelphia),MFSB Featuring the Three Degrees,Philadelphia International,15,1,
1974,23,28,31,ONE HELL OF A WOMAN,Mac Davis,Columbia,11,28,
1974,23,29,40,ON AND ON,Gladys Knight and the Pips,Buddah,3,29,
1974,23,30,42,I’M COMING HOME,The Spinners,Atlantic,4,30,
1974,23,31,32,SON OF SAGITTARIUS,Eddie Kendricks,Tamla,5,31,
1974,23,32,36,"ANOTHER PARK, ANOTHER SUNDAY",The Doobie Brothers,Warner Brothers,8,32,
1974,23,33,33,MIGHTY MIGHTY,"Earth, Wind and Fire",Columbia,14,29,
1974,23,34,29,COME AND GET YOUR LOVE,Redbone,Epic,22,5,
1974,23,35,43,THE AIR THAT I BREATHE,The Hollies,Epic,8,35,
1974,23,36,35,THE PAYBACK (Part 1),James Brown,Polydor,12,26,
1974,23,37,45,IF YOU WANNA GET TO HEAVEN,The Ozark Mountain Daredevils,A&M,8,37,
1974,23,38,55,RIKKI DON’T LOSE THAT NUMBER,Steely Dan,ABC,5,38,
1974,23,39,41,NO CHARGE,Melba Montgomery,Elektra,9,39,
1974,23,40,49,SIDESHOW,Blue Magic,Atco,4,40,
1974,23,42,28,BEST THING THAT EVER HAPPENED TO ME,Gladys Knight and the Pips,Buddah,17,3,
1974,23,52,38,OH MY MY,Ringo Starr,Apple,14,5,
1974,23,53,25,TUBULAR BELLS,Mike Oldfield,Virgin,16,7,
1974,23,57,37,MY MISTAKE (Was To Love You),Diana Ross and Marvin Gaye,Motown,16,19,
1974,23,58,34,HOOKED ON A FEELING,Blue Swede,EMI,17,1,
1974,23,61,39,DAYBREAK,Nilsson,RCA,9,39,
1974,23,41,51,ONE CHAIN DON’T MAKE NO PRISON,The Four Tops,Dunhill,6,41,
1974,23,43,65,ROCK AND ROLL HEAVEN,The Righteous Brothers,Haven,3,43,
1974,23,44,44,(We’re Gonna) ROCK AROUND THE CLOCK,Bill Haley and His Comets,MCA,37,1,
1974,23,45,71,ROCK THE BOAT,The Hues Corporation,RCA,3,45,
1974,23,46,52,ALREADY GONE,Eagles,Asylum,6,46,
1974,23,47,59,TRAIN OF THOUGHT,Cher,MCA,3,47,
1974,23,48,48,LET’S GET MARRIED,Al Green,Hi,11,32,
1974,23,49,47,I DON’T SEE ME IN YOUR EYES ANYMORE,Charlie Rich,RCA,6,47,
1974,23,50,58,WILDFLOWER,The New Birth,RCA,5,50,
1974,24,1,6,"BILLY, DON’T BE A HERO",Bo Donaldson and the Heywoods,ABC,9,1,1 week at #1
1974,24,2,3,YOU MAKE ME FEEL BRAND NEW,The Stylistics,Avco,13,2,
1974,24,3,5,SUNDOWN,Gordon Lightfoot,Reprise,10,3,
1974,24,4,2,THE STREAK,Ray Stevens,Barnaby,10,1,
1974,24,5,1,BAND ON THE RUN,Paul McCartney and Wings,Apple,9,1,
1974,24,6,4,DANCING MACHINE,The Jackson 5,Motown,14,2,
1974,24,7,11,BE THANKFUL FOR WHAT YOU GOT,William DeVaughn,Roxbury,7,7,
1974,24,8,8,THE ENTERTAINER,Marvin Hamlisch,MCA,13,3,
1974,24,9,10,FOR THE LOVE OF MONEY,The O’Jays,Philadelphia International,10,9,
1974,24,10,9,MIDNIGHT AT THE OASIS,Maria Muldaur,Reprise,17,6,
1974,24,11,15,IF YOU LOVE ME (Let Me Know),Olivia Newton-John,MCA,10,11,
1974,24,12,7,HELP ME,Joni Mitchell,Asylum,14,7,
1974,24,13,17,HOLLYWOOD SWINGING,Kool and the Gang,De-Lite,9,13,
1974,24,14,12,MY GIRL BILL,Jim Stafford,MGM,9,12,
1974,24,15,14,THE LOCO-MOTION,Grand Funk,Capitol,15,1,
1974,24,16,21,HAVEN’T GOT TIME FOR THE PAIN,Carly Simon,Elektra,6,16,
1974,24,17,16,THE SHOW MUST GO ON,Three Dog Night,Dunhill,14,4,
1974,24,18,20,YOU WON’T SEE ME,Anne Murray,Capitol,9,18,
1974,24,19,13,OH VERY YOUNG,Cat Stevens,A&M,14,10,
1974,24,20,18,I WON’T LAST A DAY WITHOUT YOU,The Carpenters,A&M,10,11,
1974,24,21,24,SAVE THE LAST DANCE FOR ME,The DeFranco Family Featuring Tony DeFranco,20th Century,7,21,
1974,24,22,29,ON AND ON,Gladys Knight and the Pips,Buddah,4,22,
1974,24,23,45,ROCK THE BOAT,The Hues Corporation,RCA,4,23,
1974,24,24,30,I’M COMING HOME,The Spinners,Atlantic,5,24,
1974,24,25,28,ONE HELL OF A WOMAN,Mac Davis,Columbia,12,25,
1974,24,26,23,(I’ve Been) SEARCHIN’ SO LONG,Chicago,Columbia,14,9,
1974,24,27,35,THE AIR THAT I BREATHE,The Hollies,Epic,9,27,
1974,24,28,31,SON OF SAGITTARIUS,Eddie Kendricks,Tamla,6,28,
1974,24,29,22,DON’T YOU WORRY ‘BOUT A THING,Stevie Wonder,Tamla,11,16,
1974,24,30,37,IF YOU WANNA GET TO HEAVEN,The Ozark Mountain Daredevils,A&M,9,30,
1974,24,31,38,RIKKI DON’T LOSE THAT NUMBER,Steely Dan,ABC,6,31,
1974,24,32,40,SIDESHOW,Blue Magic,Atco,5,32,
1974,24,33,43,ROCK AND ROLL HEAVEN,The Righteous Brothers,Haven,4,33,
1974,24,34,62,ROCK YOUR BABY,George McCrae,T.K.,3,34,
1974,24,35,19,I’M IN LOVE,Aretha Franklin,Atlantic,11,19,
1974,24,36,25,JUST DON’T WANT TO BE LONELY,The Main Ingredient,RCA,20,10,
1974,24,37,60,ANNIE’S SONG,John Denver,RCA,3,37,
1974,24,38,26,BENNIE AND THE JETS,Elton John,MCA,18,1,
1974,24,39,47,TRAIN OF THOUGHT,Cher,MCA,4,39,
1974,24,40,27,TSOP (The Sound Of Philadelphia),MFSB Featuring the Three Degrees,Philadelphia International,16,1,
1974,24,41,32,"ANOTHER PARK, ANOTHER SUNDAY",The Doobie Brothers,Warner Brothers,9,32,
1974,24,43,34,COME AND GET YOUR LOVE,Redbone,Epic,23,5,
1974,24,44,33,MIGHTY MIGHTY,"Earth, Wind and Fire",Columbia,15,29,
1974,24,47,36,THE PAYBACK (Part 1),James Brown,Polydor,13,26,
1974,24,48,39,NO CHARGE,Melba Montgomery,Elektra,10,39,
1974,24,42,46,ALREADY GONE,Eagles,Asylum,7,42,
1974,24,45,50,WILDFLOWER,The New Birth,RCA,6,45,
1974,24,46,41,ONE CHAIN DON’T MAKE NO PRISON,The Four Tops,Dunhill,7,41,
1974,24,49,51,CAN YOU HANDLE IT,Graham Central Station,Warner Brothers,7,49,
1974,24,50,56,LA GRANGE,ZZ Top,London,12,50,
1974,25,1,1,"BILLY, DON’T BE A HERO",Bo Donaldson and the Heywoods,ABC,10,1,2 weeks at #1
1974,25,2,2,YOU MAKE ME FEEL BRAND NEW,The Stylistics,Avco,14,2,
1974,25,3,3,SUNDOWN,Gordon Lightfoot,Reprise,11,3,
1974,25,4,4,THE STREAK,Ray Stevens,Barnaby,11,1,
1974,25,5,7,BE THANKFUL FOR WHAT YOU GOT,William DeVaughn,Roxbury,8,5,
1974,25,6,5,BAND ON THE RUN,Paul McCartney and Wings,Apple,10,1,
1974,25,7,11,IF YOU LOVE ME (Let Me Know),Olivia Newton-John,MCA,11,7,
1974,25,8,6,DANCING MACHINE,The Jackson 5,Motown,15,2,
1974,25,9,13,HOLLYWOOD SWINGING,Kool and the Gang,De-Lite,10,9,
1974,25,10,8,THE ENTERTAINER,Marvin Hamlisch,MCA,14,3,
1974,25,11,10,MIDNIGHT AT THE OASIS,Maria Muldaur,Reprise,18,6,
1974,25,12,23,ROCK THE BOAT,The Hues Corporation,RCA,5,12,
1974,25,13,9,FOR THE LOVE OF MONEY,The O’Jays,Philadelphia International,11,9,
1974,25,14,16,HAVEN’T GOT TIME FOR THE PAIN,Carly Simon,Elektra,7,14,
1974,25,15,34,ROCK YOUR BABY,George McCrae,T.K.,4,15,
1974,25,16,18,YOU WON’T SEE ME,Anne Murray,Capitol,10,16,
1974,25,17,22,ON AND ON,Gladys Knight and the Pips,Buddah,5,17,
1974,25,18,21,SAVE THE LAST DANCE FOR ME,The DeFranco Family Featuring Tony DeFranco,20th Century,8,18,
1974,25,19,25,ONE HELL OF A WOMAN,Mac Davis,Columbia,13,19,
1974,25,20,24,I’M COMING HOME,The Spinners,Atlantic,6,20,
1974,25,21,27,THE AIR THAT I BREATHE,The Hollies,Epic,10,21,
1974,25,22,14,MY GIRL BILL,Jim Stafford,MGM,10,12,
1974,25,23,12,HELP ME,Joni Mitchell,Asylum,15,7,
1974,25,24,33,ROCK AND ROLL HEAVEN,The Righteous Brothers,Haven,5,24,
1974,25,25,31,RIKKI DON’T LOSE THAT NUMBER,Steely Dan,ABC,7,25,
1974,25,26,32,SIDESHOW,Blue Magic,Atco,6,26,
1974,25,27,37,ANNIE’S SONG,John Denver,RCA,4,27,
1974,25,28,30,IF YOU WANNA GET TO HEAVEN,The Ozark Mountain Daredevils,A&M,10,28,
1974,25,29,15,THE LOCO-MOTION,Grand Funk,Capitol,16,1,
1974,25,30,19,OH VERY YOUNG,Cat Stevens,A&M,15,10,
1974,25,31,39,TRAIN OF THOUGHT,Cher,MCA,5,31,
1974,25,32,17,THE SHOW MUST GO ON,Three Dog Night,Dunhill,15,4,
1974,25,33,28,SON OF SAGITTARIUS,Eddie Kendricks,Tamla,7,28,
1974,25,34,42,ALREADY GONE,Eagles,Asylum,8,34,
1974,25,35,20,I WON’T LAST A DAY WITHOUT YOU,The Carpenters,A&M,11,11,
1974,25,36,29,DON’T YOU WORRY ‘BOUT A THING,Stevie Wonder,Tamla,12,16,
1974,25,37,35,I’M IN LOVE,Aretha Franklin,Atlantic,12,19,
1974,25,38,26,(I’ve Been) SEARCHIN’ SO LONG,Chicago,Columbia,15,9,
1974,25,39,52,WATERLOO,Abba,Atlantic,4,39,
1974,25,40,54,RADAR LOVE,Golden Earring,Track,7,40,
1974,25,41,40,TSOP (The Sound Of Philadelphia),MFSB Featuring the Three Degrees,Philadelphia International,17,1,
1974,25,42,41,"ANOTHER PARK, ANOTHER SUNDAY",The Doobie Brothers,Warner Brothers,10,32,
1974,25,43,50,LA GRANGE,ZZ Top,London,13,43,
1974,25,44,61,FINALLY GOT MYSELF TOGETHER (I’m a Changed Man),The Impressions,Curtom,8,44,
1974,25,45,56,TAKIN’ CARE OF BUSINESS,Bachman-Turner Overdrive,Mercury,6,45,
1974,25,46,62,IF YOU TALK IN YOUR SLEEP,Elvis Presley,RCA,3,46,
1974,25,47,45,WILDFLOWER,The New Birth,RCA,7,45,
1974,25,48,65,WORKIN’ AT THE CAR WASH BLUES,Jim Croce,ABC,3,48,
1974,25,49,53,LIVING IN THE U.S.A.,The Steve Miller Band,Capitol,8,49,
1974,25,50,60,COME MONDAY,Jimmy Buffett,Dunhill,6,50,
1974,26,1,3,SUNDOWN,Gordon Lightfoot,Reprise,12,1,1 week at #1
1974,26,2,1,"BILLY, DON’T BE A HERO",Bo Donaldson and the Heywoods,ABC,11,1,
1974,26,3,2,YOU MAKE ME FEEL BRAND NEW,The Stylistics,Avco,15,2,
1974,26,4,5,BE THANKFUL FOR WHAT YOU GOT,William DeVaughn,Roxbury,9,4,
1974,26,5,7,IF YOU LOVE ME (Let Me Know),Olivia Newton-John,MCA,12,5,
1974,26,6,12,ROCK THE BOAT,The Hues Corporation,RCA,6,6,
1974,26,7,9,HOLLYWOOD SWINGING,Kool and the Gang,De-Lite,11,7,
1974,26,8,6,BAND ON THE RUN,Paul McCartney and Wings,Apple,11,1,
1974,26,9,15,ROCK YOUR BABY,George McCrae,T.K.,5,9,
1974,26,10,27,ANNIE’S SONG,John Denver,RCA,5,10,
1974,26,11,21,THE AIR THAT I BREATHE,The Hollies,Epic,11,11,
1974,26,12,16,YOU WON’T SEE ME,Anne Murray,Capitol,11,12,
1974,26,13,17,ON AND ON,Gladys Knight and the Pips,Buddah,6,13,
1974,26,14,4,THE STREAK,Ray Stevens,Barnaby,12,1,
1974,26,15,19,ONE HELL OF A WOMAN,Mac Davis,Columbia,14,15,
1974,26,16,8,DANCING MACHINE,The Jackson 5,Motown,16,2,
1974,26,17,25,RIKKI DON’T LOSE THAT NUMBER,Steely Dan,ABC,8,17,
1974,26,18,20,I’M COMING HOME,The Spinners,Atlantic,7,18,
1974,26,19,24,ROCK AND ROLL HEAVEN,The Righteous Brothers,Haven,6,19,
1974,26,20,26,SIDESHOW,Blue Magic,Atco,7,20,
1974,26,21,11,MIDNIGHT AT THE OASIS,Maria Muldaur,Reprise,19,6,
1974,26,22,10,THE ENTERTAINER,Marvin Hamlisch,MCA,15,3,
1974,26,23,13,FOR THE LOVE OF MONEY,The O’Jays,Philadelphia International,12,9,
1974,26,24,14,HAVEN’T GOT TIME FOR THE PAIN,Carly Simon,Elektra,8,14,
1974,26,25,28,IF YOU WANNA GET TO HEAVEN,The Ozark Mountain Daredevils,A&M,11,25,
1974,26,26,18,SAVE THE LAST DANCE FOR ME,The DeFranco Family Featuring Tony DeFranco,20th Century,9,18,
1974,26,27,31,TRAIN OF THOUGHT,Cher,MCA,6,27,
1974,26,28,22,MY GIRL BILL,Jim Stafford,MGM,11,12,
1974,26,29,40,RADAR LOVE,Golden Earring,Track,8,29,
1974,26,30,39,WATERLOO,Abba,Atlantic,5,30,
1974,26,31,23,HELP ME,Joni Mitchell,Asylum,16,7,
1974,26,32,34,ALREADY GONE,Eagles,Asylum,9,32,
1974,26,33,29,THE LOCO-MOTION,Grand Funk,Capitol,17,1,
1974,26,34,46,IF YOU TALK IN YOUR SLEEP,Elvis Presley,RCA,4,34,
1974,26,35,44,FINALLY GOT MYSELF TOGETHER (I’m a Changed Man),The Impressions,Curtom,9,35,
1974,26,36,32,THE SHOW MUST GO ON,Three Dog Night,Dunhill,16,4,
1974,26,37,45,TAKIN’ CARE OF BUSINESS,Bachman-Turner Overdrive,Mercury,7,37,
1974,26,38,30,OH VERY YOUNG,Cat Stevens,A&M,16,10,
1974,26,39,48,WORKIN’ AT THE CAR WASH BLUES,Jim Croce,ABC,4,39,
1974,26,40,50,COME MONDAY,Jimmy Buffett,Dunhill,7,40,
1974,26,42,35,I WON’T LAST A DAY WITHOUT YOU,The Carpenters,A&M,12,11,
1974,26,43,33,SON OF SAGITTARIUS,Eddie Kendricks,Tamla,8,28,
1974,26,47,36,DON’T YOU WORRY ‘BOUT A THING,Stevie Wonder,Tamla,13,16,
1974,26,62,37,I’M IN LOVE,Aretha Franklin,Atlantic,13,19,
1974,26,41,43,LA GRANGE,ZZ Top,London,14,41,
1974,26,44,54,KEEP ON SMILIN’,Wet Willie,Capricorn,6,44,
1974,26,45,66,MACHINE GUN,The Commodores,Motown,3,45,
1974,26,46,56,THIS HEART,Gene Redding,Haven,9,46,
1974,26,48,58,BALLERO,War,United Artists,4,48,
1974,26,49,52,I’M THE LEADER OF THE GANG,Brownsville Station,Big Tree,6,49,
1974,26,50,70,DON’T LET THE SUN GO DOWN ON ME,Elton John,MCA,2,50,
1974,27,1,6,ROCK THE BOAT,The Hues Corporation,RCA,7,1,1 week at #1
1974,27,2,1,SUNDOWN,Gordon Lightfoot,Reprise,13,1,
1974,27,3,2,"BILLY, DON’T BE A HERO",Bo Donaldson and the Heywoods,ABC,12,1,
1974,27,4,9,ROCK YOUR BABY,George McCrae,T.K.,6,4,
1974,27,5,5,IF YOU LOVE ME (Let Me Know),Olivia Newton-John,MCA,13,5,
1974,27,6,7,HOLLYWOOD SWINGING,Kool and the Gang,De-Lite,12,6,
1974,27,7,3,YOU MAKE ME FEEL BRAND NEW,The Stylistics,Avco,16,2,
1974,27,8,10,ANNIE’S SONG,John Denver,RCA,6,8,
1974,27,9,12,YOU WON’T SEE ME,Anne Murray,Capitol,12,9,
1974,27,10,13,ON AND ON,Gladys Knight and the Pips,Buddah,7,10,
1974,27,11,11,THE AIR THAT I BREATHE,The Hollies,Epic,12,11,
1974,27,12,4,BE THANKFUL FOR WHAT YOU GOT,William DeVaughn,Roxbury,10,4,
1974,27,13,17,RIKKI DON’T LOSE THAT NUMBER,Steely Dan,ABC,9,13,
1974,27,14,15,ONE HELL OF A WOMAN,Mac Davis,Columbia,15,14,
1974,27,15,19,ROCK AND ROLL HEAVEN,The Righteous Brothers,Haven,7,15,
1974,27,16,20,SIDESHOW,Blue Magic,Atco,8,16,
1974,27,17,8,BAND ON THE RUN,Paul McCartney and Wings,Apple,12,1,
1974,27,18,14,THE STREAK,Ray Stevens,Barnaby,13,1,
1974,27,19,16,DANCING MACHINE,The Jackson 5,Motown,17,2,
1974,27,20,29,RADAR LOVE,Golden Earring,Track,9,20,
1974,27,21,18,I’M COMING HOME,The Spinners,Atlantic,8,18,
1974,27,22,21,MIDNIGHT AT THE OASIS,Maria Muldaur,Reprise,20,6,
1974,27,23,22,THE ENTERTAINER,Marvin Hamlisch,MCA,16,3,
1974,27,24,30,WATERLOO,Abba,Atlantic,6,24,
1974,27,25,50,DON’T LET THE SUN GO DOWN ON ME,Elton John,MCA,3,25,
1974,27,26,23,FOR THE LOVE OF MONEY,The O’Jays,Philadelphia International,13,9,
1974,27,27,35,FINALLY GOT MYSELF TOGETHER (I’m a Changed Man),The Impressions,Curtom,10,27,
1974,27,28,24,HAVEN’T GOT TIME FOR THE PAIN,Carly Simon,Elektra,9,14,
1974,27,29,25,IF YOU WANNA GET TO HEAVEN,The Ozark Mountain Daredevils,A&M,12,25,
1974,27,30,37,TAKIN’ CARE OF BUSINESS,Bachman-Turner Overdrive,Mercury,8,30,
1974,27,31,27,TRAIN OF THOUGHT,Cher,MCA,7,27,
1974,27,32,34,IF YOU TALK IN YOUR SLEEP,Elvis Presley,RCA,5,32,
1974,27,33,32,ALREADY GONE,Eagles,Asylum,10,32,
1974,27,34,45,MACHINE GUN,The Commodores,Motown,4,34,
1974,27,35,39,WORKIN’ AT THE CAR WASH BLUES,Jim Croce,ABC,5,35,
1974,27,36,53,FEEL LIKE MAKIN’ LOVE,Roberta Flack,Atlantic,3,36,
1974,27,37,40,COME MONDAY,Jimmy Buffett,Dunhill,8,37,
1974,27,38,46,THIS HEART,Gene Redding,Haven,10,38,
1974,27,39,52,FISH AIN’T BITIN’,Lamont Dozier,ABC,4,39,
1974,27,40,44,KEEP ON SMILIN’,Wet Willie,Capricorn,7,40,
1974,27,42,26,SAVE THE LAST DANCE FOR ME,The DeFranco Family Featuring Tony DeFranco,20th Century,10,18,
1974,27,45,28,MY GIRL BILL,Jim Stafford,MGM,12,12,
1974,27,47,38,OH VERY YOUNG,Cat Stevens,A&M,17,10,
1974,27,49,31,HELP ME,Joni Mitchell,Asylum,17,7,
1974,27,55,33,THE LOCO-MOTION,Grand Funk,Capitol,18,1,
1974,27,61,36,THE SHOW MUST GO ON,Three Dog Night,Dunhill,17,4,
1974,27,41,51,PLEASE COME TO BOSTON,Dave Loggins,Epic,6,41,
1974,27,43,58,TELL ME SOMETHING GOOD,Rufus,ABC,4,43,
1974,27,44,48,BALLERO,War,United Artists,5,44,
1974,27,46,41,LA GRANGE,ZZ Top,London,15,41,
1974,27,48,49,I’M THE LEADER OF THE GANG,Brownsville Station,Big Tree,7,48,
1974,27,50,55,JIVE TURKEY (Part 1),The Ohio Players,Mercury,4,50,
1974,28,1,4,ROCK YOUR BABY,George McCrae,T.K.,7,1,1 week at #1
1974,28,2,8,ANNIE’S SONG,John Denver,RCA,7,2,
1974,28,3,1,ROCK THE BOAT,The Hues Corporation,RCA,8,1,
1974,28,4,2,SUNDOWN,Gordon Lightfoot,Reprise,14,1,
1974,28,5,10,ON AND ON,Gladys Knight and the Pips,Buddah,8,5,
1974,28,6,25,DON’T LET THE SUN GO DOWN ON ME,Elton John,MCA,4,6,
1974,28,7,3,"BILLY, DON’T BE A HERO",Bo Donaldson and the Heywoods,ABC,13,1,
1974,28,8,9,YOU WON’T SEE ME,Anne Murray,Capitol,13,8,
1974,28,9,11,THE AIR THAT I BREATHE,The Hollies,Epic,13,9,
1974,28,10,15,ROCK AND ROLL HEAVEN,The Righteous Brothers,Haven,8,10,
1974,28,11,14,ONE HELL OF A WOMAN,Mac Davis,Columbia,16,11,
1974,28,12,5,IF YOU LOVE ME (Let Me Know),Olivia Newton-John,MCA,14,5,
1974,28,13,13,RIKKI DON’T LOSE THAT NUMBER,Steely Dan,ABC,10,13,
1974,28,14,16,SIDESHOW,Blue Magic,Atco,9,14,
1974,28,15,17,BAND ON THE RUN,Paul McCartney and Wings,Apple,13,1,
1974,28,16,20,RADAR LOVE,Golden Earring,Track,10,16,
1974,28,17,6,HOLLYWOOD SWINGING,Kool and the Gang,De-Lite,13,6,
1974,28,18,24,WATERLOO,Abba,Atlantic,7,18,
1974,28,19,7,YOU MAKE ME FEEL BRAND NEW,The Stylistics,Avco,17,2,
1974,28,20,12,BE THANKFUL FOR WHAT YOU GOT,William DeVaughn,Roxbury,11,4,
1974,28,21,27,FINALLY GOT MYSELF TOGETHER (I’m a Changed Man),The Impressions,Curtom,11,21,
1974,28,22,36,FEEL LIKE MAKIN’ LOVE,Roberta Flack,Atlantic,4,22,
1974,28,23,41,PLEASE COME TO BOSTON,Dave Loggins,Epic,7,23,
1974,28,24,30,TAKIN’ CARE OF BUSINESS,Bachman-Turner Overdrive,Mercury,9,24,
1974,28,25,32,IF YOU TALK IN YOUR SLEEP,Elvis Presley,RCA,6,25,
1974,28,26,34,MACHINE GUN,The Commodores,Motown,5,26,
1974,28,27,52,CALL ON ME,Chicago,Columbia,4,27,
1974,28,28,38,THIS HEART,Gene Redding,Haven,11,28,
1974,28,29,18,THE STREAK,Ray Stevens,Barnaby,14,1,
1974,28,30,37,COME MONDAY,Jimmy Buffett,Dunhill,9,30,
1974,28,31,22,MIDNIGHT AT THE OASIS,Maria Muldaur,Reprise,21,6,
1974,28,32,35,WORKIN’ AT THE CAR WASH BLUES,Jim Croce,ABC,6,32,
1974,28,33,19,DANCING MACHINE,The Jackson 5,Motown,18,2,
1974,28,34,39,FISH AIN’T BITIN’,Lamont Dozier,ABC,5,34,
1974,28,35,40,KEEP ON SMILIN’,Wet Willie,Capricorn,8,35,
1974,28,36,44,BALLERO,War,United Artists,6,36,
1974,28,37,21,I’M COMING HOME,The Spinners,Atlantic,9,18,
1974,28,38,71,SURE AS I’M SITTIN’ HERE,Three Dog Night,Dunhill,3,38,
1974,28,39,43,TELL ME SOMETHING GOOD,Rufus,ABC,5,39,
1974,28,40,59,THE NIGHT CHICAGO DIED,Paper Lace,Mercury,5,40,
1974,28,41,31,TRAIN OF THOUGHT,Cher,MCA,8,27,
1974,28,44,28,HAVEN’T GOT TIME FOR THE PAIN,Carly Simon,Elektra,10,14,
1974,28,45,29,IF YOU WANNA GET TO HEAVEN,The Ozark Mountain Daredevils,A&M,13,25,
1974,28,46,26,FOR THE LOVE OF MONEY,The O’Jays,Philadelphia International,14,9,
1974,28,48,33,ALREADY GONE,Eagles,Asylum,11,32,
1974,28,42,56,ROCK ME GENTLY,Andy Kim,Capitol,4,42,
1974,28,43,53,YOU AND ME AGAINST THE WORLD,Helen Reddy,Capitol,5,43,
1974,28,47,50,JIVE TURKEY (Part 1),The Ohio Players,Mercury,5,47,
1974,28,49,42,SAVE THE LAST DANCE FOR ME,The DeFranco Family Featuring Tony DeFranco,20th Century,11,18,
1974,28,50,57,ROOM FULL OF ROSES,Mickey Gilley,Playboy,6,50,
1974,29,1,1,ROCK YOUR BABY,George McCrae,T.K.,8,1,2 weeks at #1
1974,29,2,2,ANNIE’S SONG,John Denver,RCA,8,2,
1974,29,3,10,ROCK AND ROLL HEAVEN,The Righteous Brothers,Haven,9,3,
1974,29,4,6,DON’T LET THE SUN GO DOWN ON ME,Elton John,MCA,5,4,
1974,29,5,5,ON AND ON,Gladys Knight and the Pips,Buddah,9,5,
1974,29,6,3,ROCK THE BOAT,The Hues Corporation,RCA,9,1,
1974,29,7,13,RIKKI DON’T LOSE THAT NUMBER,Steely Dan,ABC,11,7,
1974,29,8,8,YOU WON’T SEE ME,Anne Murray,Capitol,14,8,
1974,29,9,9,THE AIR THAT I BREATHE,The Hollies,Epic,14,9,
1974,29,10,12,IF YOU LOVE ME (Let Me Know),Olivia Newton-John,MCA,15,5,
1974,29,11,14,SIDESHOW,Blue Magic,Atco,10,11,
1974,29,12,4,SUNDOWN,Gordon Lightfoot,Reprise,15,1,
1974,29,13,7,"BILLY, DON’T BE A HERO",Bo Donaldson and the Heywoods,ABC,14,1,
1974,29,14,11,ONE HELL OF A WOMAN,Mac Davis,Columbia,17,11,
1974,29,15,16,RADAR LOVE,Golden Earring,Track,11,15,
1974,29,16,22,FEEL LIKE MAKIN’ LOVE,Roberta Flack,Atlantic,5,16,
1974,29,17,21,FINALLY GOT MYSELF TOGETHER (I’m a Changed Man),The Impressions,Curtom,12,17,
1974,29,18,18,WATERLOO,Abba,Atlantic,8,18,
1974,29,19,23,PLEASE COME TO BOSTON,Dave Loggins,Epic,8,19,
1974,29,20,24,TAKIN’ CARE OF BUSINESS,Bachman-Turner Overdrive,Mercury,10,20,
1974,29,21,25,IF YOU TALK IN YOUR SLEEP,Elvis Presley,RCA,7,21,
1974,29,22,26,MACHINE GUN,The Commodores,Motown,6,22,
1974,29,23,27,CALL ON ME,Chicago,Columbia,5,23,
1974,29,24,28,THIS HEART,Gene Redding,Haven,12,24,
1974,29,25,39,TELL ME SOMETHING GOOD,Rufus,ABC,6,25,
1974,29,26,15,BAND ON THE RUN,Paul McCartney and Wings,Apple,14,1,
1974,29,27,20,BE THANKFUL FOR WHAT YOU GOT,William DeVaughn,Roxbury,12,4,
1974,29,28,35,KEEP ON SMILIN’,Wet Willie,Capricorn,9,28,
1974,29,29,34,FISH AIN’T BITIN’,Lamont Dozier,ABC,6,29,
1974,29,30,30,COME MONDAY,Jimmy Buffett,Dunhill,10,30,
1974,29,31,38,SURE AS I’M SITTIN’ HERE,Three Dog Night,Dunhill,4,31,
1974,29,32,40,THE NIGHT CHICAGO DIED,Paper Lace,Mercury,6,32,
1974,29,33,36,BALLERO,War,United Artists,7,33,
1974,29,34,63,SHININ’ ON,Grand Funk,Capitol,2,34,
1974,29,35,62,WILDWOOD WEED,Jim Stafford,MGM,3,35,
1974,29,36,42,ROCK ME GENTLY,Andy Kim,Capitol,5,36,
1974,29,37,43,YOU AND ME AGAINST THE WORLD,Helen Reddy,Capitol,6,37,
1974,29,38,17,HOLLYWOOD SWINGING,Kool and the Gang,De-Lite,14,6,
1974,29,39,52,HANG ON IN THERE BABY,Johnny Bristol,MGM,4,39,
1974,29,40,32,WORKIN’ AT THE CAR WASH BLUES,Jim Croce,ABC,7,32,
1974,29,41,29,THE STREAK,Ray Stevens,Barnaby,15,1,
1974,29,46,31,MIDNIGHT AT THE OASIS,Maria Muldaur,Reprise,22,6,
1974,29,47,33,DANCING MACHINE,The Jackson 5,Motown,19,2,
1974,29,51,37,I’M COMING HOME,The Spinners,Atlantic,10,18,
1974,29,52,19,YOU MAKE ME FEEL BRAND NEW,The Stylistics,Avco,18,2,
1974,29,42,58,(You’re) HAVING MY BABY,Paul Anka (with Odia Coates),United Artists,3,42,
1974,29,43,51,MY THANG,James Brown,Polydor,5,43,
1974,29,44,55,WILD THING,Fancy,Big Tree,6,44,
1974,29,45,69,KUNG FU,Curtis Mayfield,Curtom,5,45,
1974,29,48,53,PUT OUT THE LIGHT,Joe Cocker,A&M,5,48,
1974,29,49,64,RUB IT IN,Billy “Crash” Craddock,ABC,4,49,
1974,29,50,65,I’M LEAVING IT (All) UP TO YOU,Donny and Marie Osmond,MGM,3,50,
1974,30,1,2,ANNIE’S SONG,John Denver,RCA,9,1,1 week at #1
1974,30,2,4,DON’T LET THE SUN GO DOWN ON ME,Elton John,MCA,6,2,
1974,30,3,3,ROCK AND ROLL HEAVEN,The Righteous Brothers,Haven,10,3,
1974,30,4,1,ROCK YOUR BABY,George McCrae,T.K.,9,1,
1974,30,5,7,RIKKI DON’T LOSE THAT NUMBER,Steely Dan,ABC,12,5,
1974,30,6,16,FEEL LIKE MAKIN’ LOVE,Roberta Flack,Atlantic,6,6,
1974,30,7,9,THE AIR THAT I BREATHE,The Hollies,Epic,15,7,
1974,30,8,6,ROCK THE BOAT,The Hues Corporation,RCA,10,1,
1974,30,9,19,PLEASE COME TO BOSTON,Dave Loggins,Epic,9,9,
1974,30,10,23,CALL ON ME,Chicago,Columbia,6,10,
1974,30,11,11,SIDESHOW,Blue Magic,Atco,11,11,
1974,30,12,5,ON AND ON,Gladys Knight and the Pips,Buddah,10,5,
1974,30,13,15,RADAR LOVE,Golden Earring,Track,12,13,
1974,30,14,32,THE NIGHT CHICAGO DIED,Paper Lace,Mercury,7,14,
1974,30,15,18,WATERLOO,Abba,Atlantic,9,15,
1974,30,16,14,ONE HELL OF A WOMAN,Mac Davis,Columbia,18,11,
1974,30,17,17,FINALLY GOT MYSELF TOGETHER (I’m a Changed Man),The Impressions,Curtom,13,17,
1974,30,18,35,WILDWOOD WEED,Jim Stafford,MGM,4,18,
1974,30,19,28,KEEP ON SMILIN’,Wet Willie,Capricorn,10,19,
1974,30,20,20,TAKIN’ CARE OF BUSINESS,Bachman-Turner Overdrive,Mercury,11,20,
1974,30,21,21,IF YOU TALK IN YOUR SLEEP,Elvis Presley,RCA,8,21,
1974,30,22,22,MACHINE GUN,The Commodores,Motown,7,22,
1974,30,23,25,TELL ME SOMETHING GOOD,Rufus,ABC,7,23,
1974,30,24,24,THIS HEART,Gene Redding,Haven,13,24,
1974,30,25,31,SURE AS I’M SITTIN’ HERE,Three Dog Night,Dunhill,5,25,
1974,30,26,29,FISH AIN’T BITIN’,Lamont Dozier,ABC,7,26,
1974,30,27,10,IF YOU LOVE ME (Let Me Know),Olivia Newton-John,MCA,16,5,
1974,30,28,34,SHININ’ ON,Grand Funk,Capitol,3,28,
1974,30,29,8,YOU WON’T SEE ME,Anne Murray,Capitol,15,8,
1974,30,30,36,ROCK ME GENTLY,Andy Kim,Capitol,6,30,
1974,30,31,37,YOU AND ME AGAINST THE WORLD,Helen Reddy,Capitol,7,31,
1974,30,32,50,I’M LEAVING IT (All) UP TO YOU,Donny and Marie Osmond,MGM,4,32,
1974,30,33,38,HOLLYWOOD SWINGING,Kool and the Gang,De-Lite,15,6,
1974,30,34,42,(You’re) HAVING MY BABY,Paul Anka (with Odia Coates),United Artists,4,34,
1974,30,35,30,COME MONDAY,Jimmy Buffett,Dunhill,11,30,
1974,30,36,39,HANG ON IN THERE BABY,Johnny Bristol,MGM,5,36,
1974,30,37,40,WORKIN’ AT THE CAR WASH BLUES,Jim Croce,ABC,8,32,
1974,30,38,49,RUB IT IN,Billy “Crash” Craddock,ABC,5,38,
1974,30,39,13,"BILLY, DON’T BE A HERO",Bo Donaldson and the Heywoods,ABC,15,1,
1974,30,40,26,BAND ON THE RUN,Paul McCartney and Wings,Apple,15,1,
1974,30,45,12,SUNDOWN,Gordon Lightfoot,Reprise,16,1,
1974,30,47,33,BALLERO,War,United Artists,8,33,
1974,30,48,27,BE THANKFUL FOR WHAT YOU GOT,William DeVaughn,Roxbury,13,4,
1974,30,41,43,MY THANG,James Brown,Polydor,6,41,
1974,30,42,62,I SHOT THE SHERIFF,Eric Clapton,RSO,3,42,
1974,30,43,44,WILD THING,Fancy,Big Tree,7,43,
1974,30,44,45,KUNG FU,Curtis Mayfield,Curtom,6,44,
1974,30,46,48,PUT OUT THE LIGHT,Joe Cocker,A&M,6,46,
1974,30,49,47,DANCING MACHINE,The Jackson 5,Motown,20,2,
1974,30,50,60,NOTHING FROM NOTHING,Billy Preston,A&M,3,50,
1974,31,1,1,ANNIE’S SONG,John Denver,RCA,10,1,2 weeks at #1
1974,31,2,2,DON’T LET THE SUN GO DOWN ON ME,Elton John,MCA,7,2,
1974,31,3,6,FEEL LIKE MAKIN’ LOVE,Roberta Flack,Atlantic,7,3,
1974,31,4,5,RIKKI DON’T LOSE THAT NUMBER,Steely Dan,ABC,13,4,
1974,31,5,14,THE NIGHT CHICAGO DIED,Paper Lace,Mercury,8,5,
1974,31,6,7,THE AIR THAT I BREATHE,The Hollies,Epic,16,6,
1974,31,7,3,ROCK AND ROLL HEAVEN,The Righteous Brothers,Haven,11,3,
1974,31,8,9,PLEASE COME TO BOSTON,Dave Loggins,Epic,10,8,
1974,31,9,10,CALL ON ME,Chicago,Columbia,7,9,
1974,31,10,11,SIDESHOW,Blue Magic,Atco,12,10,
1974,31,11,15,WATERLOO,Abba,Atlantic,10,11,
1974,31,12,4,ROCK YOUR BABY,George McCrae,T.K.,10,1,
1974,31,13,8,ROCK THE BOAT,The Hues Corporation,RCA,11,1,
1974,31,14,18,WILDWOOD WEED,Jim Stafford,MGM,5,14,
1974,31,15,19,KEEP ON SMILIN’,Wet Willie,Capricorn,11,15,
1974,31,16,20,TAKIN’ CARE OF BUSINESS,Bachman-Turner Overdrive,Mercury,12,16,
1974,31,17,21,IF YOU TALK IN YOUR SLEEP,Elvis Presley,RCA,9,17,
1974,31,18,13,RADAR LOVE,Golden Earring,Track,13,13,
1974,31,19,23,TELL ME SOMETHING GOOD,Rufus,ABC,8,19,
1974,31,20,12,ON AND ON,Gladys Knight and the Pips,Buddah,11,5,
1974,31,21,25,SURE AS I’M SITTIN’ HERE,Three Dog Night,Dunhill,6,21,
1974,31,22,28,SHININ’ ON,Grand Funk,Capitol,4,22,
1974,31,23,34,(You’re) HAVING MY BABY,Paul Anka (with Odia Coates),United Artists,5,23,
1974,31,24,30,ROCK ME GENTLY,Andy Kim,Capitol,7,24,
1974,31,25,31,YOU AND ME AGAINST THE WORLD,Helen Reddy,Capitol,8,25,
1974,31,26,32,I’M LEAVING IT (All) UP TO YOU,Donny and Marie Osmond,MGM,5,26,
1974,31,27,16,ONE HELL OF A WOMAN,Mac Davis,Columbia,19,11,
1974,31,28,22,MACHINE GUN,The Commodores,Motown,8,22,
1974,31,29,36,HANG ON IN THERE BABY,Johnny Bristol,MGM,6,29,
1974,31,30,38,RUB IT IN,Billy “Crash” Craddock,ABC,6,30,
1974,31,31,17,FINALLY GOT MYSELF TOGETHER (I’m a Changed Man),The Impressions,Curtom,14,17,
1974,31,32,43,WILD THING,Fancy,Big Tree,8,32,
1974,31,33,24,THIS HEART,Gene Redding,Haven,14,24,
1974,31,34,42,I SHOT THE SHERIFF,Eric Clapton,RSO,4,34,
1974,31,35,37,WORKIN’ AT THE CAR WASH BLUES,Jim Croce,ABC,9,32,
1974,31,36,26,FISH AIN’T BITIN’,Lamont Dozier,ABC,8,26,
1974,31,37,41,MY THANG,James Brown,Polydor,7,37,
1974,31,38,51,THEN CAME YOU,Dionne Warwick and Spinners,Atlantic,2,38,
1974,31,39,50,NOTHING FROM NOTHING,Billy Preston,A&M,4,39,
1974,31,40,44,KUNG FU,Curtis Mayfield,Curtom,7,40,
1974,31,42,27,IF YOU LOVE ME (Let Me Know),Olivia Newton-John,MCA,17,5,
1974,31,44,29,YOU WON’T SEE ME,Anne Murray,Capitol,16,8,
1974,31,45,35,COME MONDAY,Jimmy Buffett,Dunhill,12,30,
1974,31,48,33,HOLLYWOOD SWINGING,Kool and the Gang,De-Lite,16,6,
1974,31,49,39,"BILLY, DON’T BE A HERO",Bo Donaldson and the Heywoods,ABC,16,1,
1974,31,60,40,BAND ON THE RUN,Paul McCartney and Wings,Apple,16,1,
1974,31,41,56,RIVER’S RISIN’,Edgar Winter,Epic,3,41,
1974,31,43,55,HAPPINESS IS JUST AROUND THE BEND,The Main Ingredient,RCA,6,43,
1974,31,46,46,PUT OUT THE LIGHT,Joe Cocker,A&M,7,46,
1974,31,47,61,CLAP FOR THE WOLFMAN,The Guess Who,RCA,3,47,
1974,31,50,48,BE THANKFUL FOR WHAT YOU GOT,William DeVaughn,Roxbury,14,4,
1974,32,1,3,FEEL LIKE MAKIN’ LOVE,Roberta Flack,Atlantic,8,1,1 week at #1
1974,32,2,5,THE NIGHT CHICAGO DIED,Paper Lace,Mercury,9,2,
1974,32,3,1,ANNIE’S SONG,John Denver,RCA,11,1,
1974,32,4,2,DON’T LET THE SUN GO DOWN ON ME,Elton John,MCA,8,2,
1974,32,5,8,PLEASE COME TO BOSTON,Dave Loggins,Epic,11,5,
1974,32,6,9,CALL ON ME,Chicago,Columbia,8,6,
1974,32,7,11,WATERLOO,Abba,Atlantic,11,7,
1974,32,8,10,SIDESHOW,Blue Magic,Atco,13,8,
1974,32,9,14,WILDWOOD WEED,Jim Stafford,MGM,6,9,
1974,32,10,19,TELL ME SOMETHING GOOD,Rufus,ABC,9,10,
1974,32,11,15,KEEP ON SMILIN’,Wet Willie,Capricorn,12,11,
1974,32,12,16,TAKIN’ CARE OF BUSINESS,Bachman-Turner Overdrive,Mercury,13,12,
1974,32,13,23,(You’re) HAVING MY BABY,Paul Anka (with Odia Coates),United Artists,6,13,
1974,32,14,7,ROCK AND ROLL HEAVEN,The Righteous Brothers,Haven,12,3,
1974,32,15,4,RIKKI DON’T LOSE THAT NUMBER,Steely Dan,ABC,14,4,
1974,32,16,21,SURE AS I’M SITTIN’ HERE,Three Dog Night,Dunhill,7,16,
1974,32,17,6,THE AIR THAT I BREATHE,The Hollies,Epic,17,6,
1974,32,18,22,SHININ’ ON,Grand Funk,Capitol,5,18,
1974,32,19,26,I’M LEAVING IT (All) UP TO YOU,Donny and Marie Osmond,MGM,6,19,
1974,32,20,24,ROCK ME GENTLY,Andy Kim,Capitol,8,20,
1974,32,21,25,YOU AND ME AGAINST THE WORLD,Helen Reddy,Capitol,9,21,
1974,32,22,18,RADAR LOVE,Golden Earring,Track,14,13,
1974,32,23,34,I SHOT THE SHERIFF,Eric Clapton,RSO,5,23,
1974,32,24,29,HANG ON IN THERE BABY,Johnny Bristol,MGM,7,24,
1974,32,25,30,RUB IT IN,Billy “Crash” Craddock,ABC,7,25,
1974,32,26,12,ROCK YOUR BABY,George McCrae,T.K.,11,1,
1974,32,27,13,ROCK THE BOAT,The Hues Corporation,RCA,12,1,
1974,32,28,32,WILD THING,Fancy,Big Tree,9,28,
1974,32,29,38,THEN CAME YOU,Dionne Warwick and Spinners,Atlantic,3,29,
1974,32,30,20,ON AND ON,Gladys Knight and the Pips,Buddah,12,5,
1974,32,31,39,NOTHING FROM NOTHING,Billy Preston,A&M,5,31,
1974,32,32,37,MY THANG,James Brown,Polydor,8,32,
1974,32,33,41,RIVER’S RISIN’,Edgar Winter,Epic,4,33,
1974,32,34,17,IF YOU TALK IN YOUR SLEEP,Elvis Presley,RCA,10,17,
1974,32,35,27,ONE HELL OF A WOMAN,Mac Davis,Columbia,20,11,
1974,32,36,47,CLAP FOR THE WOLFMAN,The Guess Who,RCA,4,36,
1974,32,37,43,HAPPINESS IS JUST AROUND THE BEND,The Main Ingredient,RCA,7,37,
1974,32,38,28,MACHINE GUN,The Commodores,Motown,9,22,
1974,32,39,51,"CAN’T GET ENOUGH OF YOUR LOVE, BABE",Barry White,20th Century,2,39,
1974,32,40,36,FISH AIN’T BITIN’,Lamont Dozier,ABC,9,26,
1974,32,41,31,FINALLY GOT MYSELF TOGETHER (I’m a Changed Man),The Impressions,Curtom,15,17,
1974,32,42,33,THIS HEART,Gene Redding,Haven,15,24,
1974,32,43,40,KUNG FU,Curtis Mayfield,Curtom,8,40,
1974,32,46,35,WORKIN’ AT THE CAR WASH BLUES,Jim Croce,ABC,10,32,
1974,32,45,45,COME MONDAY,Jimmy Buffett,Dunhill,13,30,
1974,32,47,57,LET’S PUT IT ALL TOGETHER,The Stylistics,Avco,3,47,
1974,32,48,42,IF YOU LOVE ME (Let Me Know),Olivia Newton-John,MCA,18,5,
1974,32,49,53,DON’T KNOCK MY LOVE,Diana Ross and Marvin Gaye,Motown,5,49,
1974,32,50,65,BEACH BABY,First Class,UK,4,50,
1974,33,1,2,THE NIGHT CHICAGO DIED,Paper Lace,Mercury,10,1,1 week at #1
1974,33,2,1,FEEL LIKE MAKIN’ LOVE,Roberta Flack,Atlantic,9,1,
1974,33,3,13,(You’re) HAVING MY BABY,Paul Anka (with Odia Coates),United Artists,7,3,
1974,33,4,10,TELL ME SOMETHING GOOD,Rufus,ABC,10,4,
1974,33,5,5,PLEASE COME TO BOSTON,Dave Loggins,Epic,12,5,
1974,33,6,6,CALL ON ME,Chicago,Columbia,9,6,
1974,33,7,7,WATERLOO,Abba,Atlantic,12,7,
1974,33,8,9,WILDWOOD WEED,Jim Stafford,MGM,7,8,
1974,33,9,19,I’M LEAVING IT (All) UP TO YOU,Donny and Marie Osmond,MGM,7,9,
1974,33,10,8,SIDESHOW,Blue Magic,Atco,14,8,
1974,33,11,11,KEEP ON SMILIN’,Wet Willie,Capricorn,13,11,
1974,33,12,12,TAKIN’ CARE OF BUSINESS,Bachman-Turner Overdrive,Mercury,14,12,
1974,33,13,23,I SHOT THE SHERIFF,Eric Clapton,RSO,6,13,
1974,33,14,18,SHININ’ ON,Grand Funk,Capitol,6,14,
1974,33,15,20,ROCK ME GENTLY,Andy Kim,Capitol,9,15,
1974,33,16,16,SURE AS I’M SITTIN’ HERE,Three Dog Night,Dunhill,8,16,
1974,33,17,21,YOU AND ME AGAINST THE WORLD,Helen Reddy,Capitol,10,17,
1974,33,18,3,ANNIE’S SONG,John Denver,RCA,12,1,
1974,33,19,4,DON’T LET THE SUN GO DOWN ON ME,Elton John,MCA,9,2,
1974,33,20,25,RUB IT IN,Billy “Crash” Craddock,ABC,8,20,
1974,33,21,29,THEN CAME YOU,Dionne Warwick and Spinners,Atlantic,4,21,
1974,33,22,28,WILD THING,Fancy,Big Tree,10,22,
1974,33,23,24,HANG ON IN THERE BABY,Johnny Bristol,MGM,8,23,
1974,33,24,14,ROCK AND ROLL HEAVEN,The Righteous Brothers,Haven,13,3,
1974,33,25,31,NOTHING FROM NOTHING,Billy Preston,A&M,6,25,
1974,33,26,39,"CAN’T GET ENOUGH OF YOUR LOVE, BABE",Barry White,20th Century,3,26,
1974,33,27,15,RIKKI DON’T LOSE THAT NUMBER,Steely Dan,ABC,15,4,
1974,33,28,22,RADAR LOVE,Golden Earring,Track,15,13,
1974,33,29,32,MY THANG,James Brown,Polydor,9,29,
1974,33,30,36,CLAP FOR THE WOLFMAN,The Guess Who,RCA,5,30,
1974,33,31,17,THE AIR THAT I BREATHE,The Hollies,Epic,18,6,
1974,33,32,51,YOU HAVEN’T DONE NOTHIN’,Stevie Wonder,Tamla,3,32,
1974,33,33,33,RIVER’S RISIN’,Edgar Winter,Epic,5,33,
1974,33,34,79,IT’S ONLY ROCK ‘N ROLL (But I Like It),The Rolling Stones,Rolling Stones,3,34,
1974,33,35,37,HAPPINESS IS JUST AROUND THE BEND,The Main Ingredient,RCA,8,35,
1974,33,36,26,ROCK YOUR BABY,George McCrae,T.K.,12,1,
1974,33,37,27,ROCK THE BOAT,The Hues Corporation,RCA,13,1,
1974,33,38,47,LET’S PUT IT ALL TOGETHER,The Stylistics,Avco,4,38,
1974,33,39,44,TIME FOR LIVIN’,Sly and the Family Stone,Epic,7,39,
1974,33,40,50,BEACH BABY,First Class,UK,5,40,
1974,33,43,30,ON AND ON,Gladys Knight and the Pips,Buddah,13,5,
1974,33,49,35,ONE HELL OF A WOMAN,Mac Davis,Columbia,21,11,
1974,33,50,38,MACHINE GUN,The Commodores,Motown,10,22,
1974,33,53,40,FISH AIN’T BITIN’,Lamont Dozier,ABC,10,26,
1974,33,54,34,IF YOU TALK IN YOUR SLEEP,Elvis Presley,RCA,11,17,
1974,33,41,52,DON’T CHANGE HORSES (In the Middle Of A Stream),The Tower Of Power,Warner Brothers,5,41,
1974,33,42,63,ANOTHER SATURDAY NIGHT,Cat Stevens,A&M,3,42,
1974,33,44,56,SWEET HOME ALABAMA,Lynyrd Skynyrd,MCA,4,44,
1974,33,45,55,WHO DO YOU THINK YOU ARE,Bo Donaldson and the Heywoods,ABC,4,45,
1974,33,46,49,DON’T KNOCK MY LOVE,Diana Ross and Marvin Gaye,Motown,6,46,
1974,33,47,58,FREE MAN IN PARIS,Joni Mitchell,Asylum,4,47,
1974,33,48,66,I LOVE MY FRIEND,Charlie Rich,Epic,3,48,
1974,34,1,3,(You’re) HAVING MY BABY,Paul Anka (with Odia Coates),United Artists,8,1,1 week at #1
1974,34,2,1,THE NIGHT CHICAGO DIED,Paper Lace,Mercury,11,1,
1974,34,3,4,TELL ME SOMETHING GOOD,Rufus,ABC,11,3,
1974,34,4,2,FEEL LIKE MAKIN’ LOVE,Roberta Flack,Atlantic,10,1,
1974,34,5,13,I SHOT THE SHERIFF,Eric Clapton,RSO,7,5,
1974,34,6,7,WATERLOO,Abba,Atlantic,13,6,
1974,34,7,8,WILDWOOD WEED,Jim Stafford,MGM,8,7,
1974,34,8,9,I’M LEAVING IT (All) UP TO YOU,Donny and Marie Osmond,MGM,8,8,
1974,34,9,15,ROCK ME GENTLY,Andy Kim,Capitol,10,9,
1974,34,10,11,KEEP ON SMILIN’,Wet Willie,Capricorn,14,10,
1974,34,11,14,SHININ’ ON,Grand Funk,Capitol,7,11,
1974,34,12,17,YOU AND ME AGAINST THE WORLD,Helen Reddy,Capitol,11,12,
1974,34,13,5,PLEASE COME TO BOSTON,Dave Loggins,Epic,13,5,
1974,34,14,10,SIDESHOW,Blue Magic,Atco,15,8,
1974,34,15,26,"CAN’T GET ENOUGH OF YOUR LOVE, BABE",Barry White,20th Century,4,15,
1974,34,16,20,RUB IT IN,Billy “Crash” Craddock,ABC,9,16,
1974,34,17,21,THEN CAME YOU,Dionne Warwick and Spinners,Atlantic,5,17,
1974,34,18,22,WILD THING,Fancy,Big Tree,11,18,
1974,34,19,25,NOTHING FROM NOTHING,Billy Preston,A&M,7,19,
1974,34,20,6,CALL ON ME,Chicago,Columbia,10,6,
1974,34,21,23,HANG ON IN THERE BABY,Johnny Bristol,MGM,9,21,
1974,34,22,30,CLAP FOR THE WOLFMAN,The Guess Who,RCA,6,22,
1974,34,23,16,SURE AS I’M SITTIN’ HERE,Three Dog Night,Dunhill,9,16,
1974,34,24,19,DON’T LET THE SUN GO DOWN ON ME,Elton John,MCA,10,2,
1974,34,25,12,TAKIN’ CARE OF BUSINESS,Bachman-Turner Overdrive,Mercury,15,12,
1974,34,26,32,YOU HAVEN’T DONE NOTHIN’,Stevie Wonder,Tamla,4,26,
1974,34,27,34,IT’S ONLY ROCK ‘N ROLL (But I Like It),The Rolling Stones,Rolling Stones,4,27,
1974,34,28,18,ANNIE’S SONG,John Denver,RCA,13,1,
1974,34,29,29,MY THANG,James Brown,Polydor,10,29,
1974,34,30,38,LET’S PUT IT ALL TOGETHER,The Stylistics,Avco,5,30,
1974,34,31,40,BEACH BABY,First Class,UK,6,31,
1974,34,32,28,RADAR LOVE,Golden Earring,Track,16,13,
1974,34,33,42,ANOTHER SATURDAY NIGHT,Cat Stevens,A&M,4,33,
1974,34,34,39,TIME FOR LIVIN’,Sly and the Family Stone,Epic,8,34,
1974,34,35,41,DON’T CHANGE HORSES (In the Middle Of A Stream),The Tower Of Power,Warner Brothers,6,35,
1974,34,36,44,SWEET HOME ALABAMA,Lynyrd Skynyrd,MCA,5,36,
1974,34,37,45,WHO DO YOU THINK YOU ARE,Bo Donaldson and the Heywoods,ABC,5,37,
1974,34,38,47,FREE MAN IN PARIS,Joni Mitchell,Asylum,5,38,
1974,34,39,63,I HONESTLY LOVE YOU,Olivia Newton-John,MCA,2,39,
1974,34,40,48,I LOVE MY FRIEND,Charlie Rich,Epic,4,40,
1974,34,41,27,RIKKI DON’T LOSE THAT NUMBER,Steely Dan,ABC,16,4,
1974,34,42,24,ROCK AND ROLL HEAVEN,The Righteous Brothers,Haven,14,3,
1974,34,43,35,HAPPINESS IS JUST AROUND THE BEND,The Main Ingredient,RCA,9,35,
1974,34,46,31,THE AIR THAT I BREATHE,The Hollies,Epic,19,6,
1974,34,48,36,ROCK YOUR BABY,George McCrae,T.K.,13,1,
1974,34,49,37,ROCK THE BOAT,The Hues Corporation,RCA,14,1,
1974,34,54,33,RIVER’S RISIN’,Edgar Winter,Epic,6,33,
1974,34,44,49,ONE HELL OF A WOMAN,Mac Davis,Columbia,22,11,
1974,34,45,51,SUGAR BABY LOVE,The Rubettes,Polydor,6,45,
1974,34,47,72,EARACHE MY EYE (Featuring Alice Bowie),Cheech and Chong,Ode,3,47,
1974,34,50,52,KUNG FU,Curtis Mayfield,Curtom,10,40,
1974,35,1,1,(You’re) HAVING MY BABY,Paul Anka (with Odia Coates),United Artists,9,1,2 weeks at #1
1974,35,2,5,I SHOT THE SHERIFF,Eric Clapton,RSO,8,2,
1974,35,3,3,TELL ME SOMETHING GOOD,Rufus,ABC,12,3,
1974,35,4,2,THE NIGHT CHICAGO DIED,Paper Lace,Mercury,12,1,
1974,35,5,4,FEEL LIKE MAKIN’ LOVE,Roberta Flack,Atlantic,11,1,
1974,35,6,8,I’M LEAVING IT (All) UP TO YOU,Donny and Marie Osmond,MGM,9,6,
1974,35,7,7,WILDWOOD WEED,Jim Stafford,MGM,9,7,
1974,35,8,9,ROCK ME GENTLY,Andy Kim,Capitol,11,8,
1974,35,9,15,"CAN’T GET ENOUGH OF YOUR LOVE, BABE",Barry White,20th Century,5,9,
1974,35,10,12,YOU AND ME AGAINST THE WORLD,Helen Reddy,Capitol,12,10,
1974,35,11,17,THEN CAME YOU,Dionne Warwick and Spinners,Atlantic,6,11,
1974,35,12,19,NOTHING FROM NOTHING,Billy Preston,A&M,8,12,
1974,35,13,14,SIDESHOW,Blue Magic,Atco,16,8,
1974,35,14,21,HANG ON IN THERE BABY,Johnny Bristol,MGM,10,14,
1974,35,15,18,WILD THING,Fancy,Big Tree,12,15,
1974,35,16,16,RUB IT IN,Billy “Crash” Craddock,ABC,10,16,
1974,35,17,22,CLAP FOR THE WOLFMAN,The Guess Who,RCA,7,17,
1974,35,18,13,PLEASE COME TO BOSTON,Dave Loggins,Epic,14,5,
1974,35,19,26,YOU HAVEN’T DONE NOTHIN’,Stevie Wonder,Tamla,5,19,
1974,35,20,11,SHININ’ ON,Grand Funk,Capitol,8,11,
1974,35,21,27,IT’S ONLY ROCK ‘N ROLL (But I Like It),The Rolling Stones,Rolling Stones,5,21,
1974,35,22,10,KEEP ON SMILIN’,Wet Willie,Capricorn,15,10,
1974,35,23,30,LET’S PUT IT ALL TOGETHER,The Stylistics,Avco,6,23,
1974,35,24,6,WATERLOO,Abba,Atlantic,14,6,
1974,35,25,31,BEACH BABY,First Class,UK,7,25,
1974,35,26,39,I HONESTLY LOVE YOU,Olivia Newton-John,MCA,3,26,
1974,35,27,33,ANOTHER SATURDAY NIGHT,Cat Stevens,A&M,5,27,
1974,35,28,36,SWEET HOME ALABAMA,Lynyrd Skynyrd,MCA,6,28,
1974,35,29,37,WHO DO YOU THINK YOU ARE,Bo Donaldson and the Heywoods,ABC,6,29,
1974,35,30,38,FREE MAN IN PARIS,Joni Mitchell,Asylum,6,30,
1974,35,31,35,DON’T CHANGE HORSES (In the Middle Of A Stream),The Tower Of Power,Warner Brothers,7,31,
1974,35,32,34,TIME FOR LIVIN’,Sly and the Family Stone,Epic,9,32,
1974,35,33,25,TAKIN’ CARE OF BUSINESS,Bachman-Turner Overdrive,Mercury,16,12,
1974,35,34,20,CALL ON ME,Chicago,Columbia,11,6,
1974,35,35,23,SURE AS I’M SITTIN’ HERE,Three Dog Night,Dunhill,10,16,
1974,35,36,40,I LOVE MY FRIEND,Charlie Rich,Epic,5,36,
1974,35,37,45,SUGAR BABY LOVE,The Rubettes,Polydor,7,37,
1974,35,38,24,DON’T LET THE SUN GO DOWN ON ME,Elton John,MCA,11,2,
1974,35,39,47,EARACHE MY EYE (Featuring Alice Bowie),Cheech and Chong,Ode,4,39,
1974,35,40,59,CAN’T GET ENOUGH,Bad Company,Swan Song,3,40,
1974,35,42,28,ANNIE’S SONG,John Denver,RCA,14,1,
1974,35,43,32,RADAR LOVE,Golden Earring,Track,17,13,
1974,35,45,29,MY THANG,James Brown,Polydor,11,29,
1974,35,41,44,ONE HELL OF A WOMAN,Mac Davis,Columbia,23,11,
1974,35,44,43,HAPPINESS IS JUST AROUND THE BEND,The Main Ingredient,RCA,10,35,
1974,35,46,42,ROCK AND ROLL HEAVEN,The Righteous Brothers,Haven,15,3,
1974,35,47,54,RIVER’S RISIN’,Edgar Winter,Epic,7,33,
1974,35,48,50,KUNG FU,Curtis Mayfield,Curtom,11,40,
1974,35,49,51,RINGS,Lobo,Big Tree,7,49,
1974,35,50,77,NEVER MY LOVE,Blue Swede,EMI,2,50,
1974,36,1,1,(You’re) HAVING MY BABY,Paul Anka (with Odia Coates),United Artists,10,1,3 weeks at #1
1974,36,2,2,I SHOT THE SHERIFF,Eric Clapton,RSO,9,2,
1974,36,3,3,TELL ME SOMETHING GOOD,Rufus,ABC,13,3,
1974,36,4,8,ROCK ME GENTLY,Andy Kim,Capitol,12,4,
1974,36,5,6,I’M LEAVING IT (All) UP TO YOU,Donny and Marie Osmond,MGM,10,5,
1974,36,6,9,"CAN’T GET ENOUGH OF YOUR LOVE, BABE",Barry White,20th Century,6,6,
1974,36,7,12,NOTHING FROM NOTHING,Billy Preston,A&M,9,7,
1974,36,8,4,THE NIGHT CHICAGO DIED,Paper Lace,Mercury,13,1,
1974,36,9,10,YOU AND ME AGAINST THE WORLD,Helen Reddy,Capitol,13,9,
1974,36,10,11,THEN CAME YOU,Dionne Warwick and Spinners,Atlantic,7,10,
1974,36,11,5,FEEL LIKE MAKIN’ LOVE,Roberta Flack,Atlantic,12,1,
1974,36,12,14,HANG ON IN THERE BABY,Johnny Bristol,MGM,11,12,
1974,36,13,17,CLAP FOR THE WOLFMAN,The Guess Who,RCA,8,13,
1974,36,14,15,WILD THING,Fancy,Big Tree,13,14,
1974,36,15,19,YOU HAVEN’T DONE NOTHIN’,Stevie Wonder,Tamla,6,15,
1974,36,16,16,RUB IT IN,Billy “Crash” Craddock,ABC,11,16,
1974,36,17,21,IT’S ONLY ROCK ‘N ROLL (But I Like It),The Rolling Stones,Rolling Stones,6,17,
1974,36,18,7,WILDWOOD WEED,Jim Stafford,MGM,10,7,
1974,36,19,26,I HONESTLY LOVE YOU,Olivia Newton-John,MCA,4,19,
1974,36,20,25,BEACH BABY,First Class,UK,8,20,
1974,36,21,23,LET’S PUT IT ALL TOGETHER,The Stylistics,Avco,7,21,
1974,36,22,28,SWEET HOME ALABAMA,Lynyrd Skynyrd,MCA,7,22,
1974,36,23,29,WHO DO YOU THINK YOU ARE,Bo Donaldson and the Heywoods,ABC,7,23,
1974,36,24,30,FREE MAN IN PARIS,Joni Mitchell,Asylum,7,24,
1974,36,25,18,PLEASE COME TO BOSTON,Dave Loggins,Epic,15,5,
1974,36,26,31,DON’T CHANGE HORSES (In the Middle Of A Stream),The Tower Of Power,Warner Brothers,8,26,
1974,36,27,27,ANOTHER SATURDAY NIGHT,Cat Stevens,A&M,6,27,
1974,36,28,13,SIDESHOW,Blue Magic,Atco,17,8,
1974,36,29,36,I LOVE MY FRIEND,Charlie Rich,Epic,6,29,
1974,36,30,39,EARACHE MY EYE (Featuring Alice Bowie),Cheech and Chong,Ode,5,30,
1974,36,31,22,KEEP ON SMILIN’,Wet Willie,Capricorn,16,10,
1974,36,32,40,CAN’T GET ENOUGH,Bad Company,Swan Song,4,32,
1974,36,33,50,NEVER MY LOVE,Blue Swede,EMI,3,33,
1974,36,34,24,WATERLOO,Abba,Atlantic,15,6,
1974,36,35,53,YOU LITTLE TRUSTMAKER,The Tymes,RCA,4,35,
1974,36,36,41,ONE HELL OF A WOMAN,Mac Davis,Columbia,24,11,
1974,36,37,37,SUGAR BABY LOVE,The Rubettes,Polydor,8,37,
1974,36,38,20,SHININ’ ON,Grand Funk,Capitol,9,11,
1974,36,39,70,STEPPIN’ OUT (Gonna Boogie Tonight),Tony Orlando and Dawn,Bell,3,39,
1974,36,40,71,STOP AND SMELL THE ROSES,Mac Davis,Columbia,3,40,
1974,36,41,33,TAKIN’ CARE OF BUSINESS,Bachman-Turner Overdrive,Mercury,17,12,
1974,36,42,38,DON’T LET THE SUN GO DOWN ON ME,Elton John,MCA,12,2,
1974,36,48,32,TIME FOR LIVIN’,Sly and the Family Stone,Epic,10,32,
1974,36,50,35,SURE AS I’M SITTIN’ HERE,Three Dog Night,Dunhill,11,16,
1974,36,51,34,CALL ON ME,Chicago,Columbia,12,6,
1974,36,43,49,RINGS,Lobo,Big Tree,8,43,
1974,36,44,65,DO IT BABY,The Miracles,Tamla,3,44,
1974,36,46,56,I SAW A MAN AND HE DANCED WITH HIS WIFE,Cher,MCA,5,46,
1974,36,47,47,RIVER’S RISIN’,Edgar Winter,Epic,8,33,
1974,36,49,43,RADAR LOVE,Golden Earring,Track,18,13,
1974,37,1,2,I SHOT THE SHERIFF,Eric Clapton,RSO,10,1,1 week at #1
1974,37,2,1,(You’re) HAVING MY BABY,Paul Anka (with Odia Coates),United Artists,11,1,
1974,37,3,4,ROCK ME GENTLY,Andy Kim,Capitol,13,3,
1974,37,4,5,I’M LEAVING IT (All) UP TO YOU,Donny and Marie Osmond,MGM,11,4,
1974,37,5,6,"CAN’T GET ENOUGH OF YOUR LOVE, BABE",Barry White,20th Century,7,5,
1974,37,6,7,NOTHING FROM NOTHING,Billy Preston,A&M,10,6,
1974,37,7,3,TELL ME SOMETHING GOOD,Rufus,ABC,14,3,
1974,37,8,10,THEN CAME YOU,Dionne Warwick and Spinners,Atlantic,8,8,
1974,37,9,9,YOU AND ME AGAINST THE WORLD,Helen Reddy,Capitol,14,9,
1974,37,10,13,CLAP FOR THE WOLFMAN,The Guess Who,RCA,9,10,
1974,37,11,15,YOU HAVEN’T DONE NOTHIN’,Stevie Wonder,Tamla,7,11,
1974,37,12,19,I HONESTLY LOVE YOU,Olivia Newton-John,MCA,5,12,
1974,37,13,12,HANG ON IN THERE BABY,Johnny Bristol,MGM,12,12,
1974,37,14,8,THE NIGHT CHICAGO DIED,Paper Lace,Mercury,14,1,
1974,37,15,27,ANOTHER SATURDAY NIGHT,Cat Stevens,A&M,7,15,
1974,37,16,20,BEACH BABY,First Class,UK,9,16,
1974,37,17,17,IT’S ONLY ROCK ‘N ROLL (But I Like It),The Rolling Stones,Rolling Stones,7,17,
1974,37,18,22,SWEET HOME ALABAMA,Lynyrd Skynyrd,MCA,8,18,
1974,37,19,23,WHO DO YOU THINK YOU ARE,Bo Donaldson and the Heywoods,ABC,8,19,
1974,37,20,21,LET’S PUT IT ALL TOGETHER,The Stylistics,Avco,8,20,
1974,37,21,11,FEEL LIKE MAKIN’ LOVE,Roberta Flack,Atlantic,13,1,
1974,37,22,16,RUB IT IN,Billy “Crash” Craddock,ABC,12,16,
1974,37,23,30,EARACHE MY EYE (Featuring Alice Bowie),Cheech and Chong,Ode,6,23,
1974,37,24,24,FREE MAN IN PARIS,Joni Mitchell,Asylum,8,24,
1974,37,25,14,WILD THING,Fancy,Big Tree,14,14,
1974,37,26,32,CAN’T GET ENOUGH,Bad Company,Swan Song,5,26,
1974,37,27,33,NEVER MY LOVE,Blue Swede,EMI,4,27,
1974,37,28,35,YOU LITTLE TRUSTMAKER,The Tymes,RCA,5,28,
1974,37,29,29,I LOVE MY FRIEND,Charlie Rich,Epic,7,29,
1974,37,30,18,WILDWOOD WEED,Jim Stafford,MGM,11,7,
1974,37,31,39,STEPPIN’ OUT (Gonna Boogie Tonight),Tony Orlando and Dawn,Bell,4,31,
1974,37,32,40,STOP AND SMELL THE ROSES,Mac Davis,Columbia,4,32,
1974,37,33,45,SKIN TIGHT,The Ohio Players,Mercury,2,33,
1974,37,34,31,KEEP ON SMILIN’,Wet Willie,Capricorn,17,10,
1974,37,35,26,DON’T CHANGE HORSES (In the Middle Of A Stream),The Tower Of Power,Warner Brothers,9,26,
1974,37,36,25,PLEASE COME TO BOSTON,Dave Loggins,Epic,16,5,
1974,37,37,28,SIDESHOW,Blue Magic,Atco,18,8,
1974,37,38,36,ONE HELL OF A WOMAN,Mac Davis,Columbia,25,11,
1974,37,39,57,JAZZMAN,Carole King,Ode,3,39,
1974,37,40,44,DO IT BABY,The Miracles,Tamla,4,40,
1974,37,41,37,SUGAR BABY LOVE,The Rubettes,Polydor,9,37,
1974,37,43,34,WATERLOO,Abba,Atlantic,16,6,
1974,37,45,38,SHININ’ ON,Grand Funk,Capitol,10,11,
1974,37,42,46,I SAW A MAN AND HE DANCED WITH HIS WIFE,Cher,MCA,6,42,
1974,37,44,56,PAPA DON’T TAKE NO MESS (Part 1),James Brown,Polydor,4,44,
1974,37,46,53,SURFIN’ U.S.A.,The Beach Boys,Capitol,22,3,
1974,37,47,51,CALL ON ME,Chicago,Columbia,13,6,
1974,37,48,41,TAKIN’ CARE OF BUSINESS,Bachman-Turner Overdrive,Mercury,18,12,
1974,37,49,52,IT COULD HAVE BEEN ME,Sami Jo,MGM South,10,49,
1974,37,50,42,DON’T LET THE SUN GO DOWN ON ME,Elton John,MCA,13,2,
1974,38,1,5,"CAN’T GET ENOUGH OF YOUR LOVE, BABE",Barry White,20th Century,8,1,1 week at #1
1974,38,2,3,ROCK ME GENTLY,Andy Kim,Capitol,14,2,
1974,38,3,12,I HONESTLY LOVE YOU,Olivia Newton-John,MCA,6,3,
1974,38,4,6,NOTHING FROM NOTHING,Billy Preston,A&M,11,4,
1974,38,5,1,I SHOT THE SHERIFF,Eric Clapton,RSO,11,1,
1974,38,6,8,THEN CAME YOU,Dionne Warwick and Spinners,Atlantic,9,6,
1974,38,7,2,(You’re) HAVING MY BABY,Paul Anka (with Odia Coates),United Artists,12,1,
1974,38,8,10,CLAP FOR THE WOLFMAN,The Guess Who,RCA,10,8,
1974,38,9,11,YOU HAVEN’T DONE NOTHIN’,Stevie Wonder,Tamla,8,9,
1974,38,10,13,HANG ON IN THERE BABY,Johnny Bristol,MGM,13,10,
1974,38,11,15,ANOTHER SATURDAY NIGHT,Cat Stevens,A&M,8,11,
1974,38,12,16,BEACH BABY,First Class,UK,10,12,
1974,38,13,4,I’M LEAVING IT (All) UP TO YOU,Donny and Marie Osmond,MGM,12,4,
1974,38,14,18,SWEET HOME ALABAMA,Lynyrd Skynyrd,MCA,9,14,
1974,38,15,19,WHO DO YOU THINK YOU ARE,Bo Donaldson and the Heywoods,ABC,9,15,
1974,38,16,17,IT’S ONLY ROCK ‘N ROLL (But I Like It),The Rolling Stones,Rolling Stones,8,16,
1974,38,17,9,YOU AND ME AGAINST THE WORLD,Helen Reddy,Capitol,15,9,
1974,38,18,20,LET’S PUT IT ALL TOGETHER,The Stylistics,Avco,9,18,
1974,38,19,23,EARACHE MY EYE (Featuring Alice Bowie),Cheech and Chong,Ode,7,19,
1974,38,20,26,CAN’T GET ENOUGH,Bad Company,Swan Song,6,20,
1974,38,21,27,NEVER MY LOVE,Blue Swede,EMI,5,21,
1974,38,22,28,YOU LITTLE TRUSTMAKER,The Tymes,RCA,6,22,
1974,38,23,24,FREE MAN IN PARIS,Joni Mitchell,Asylum,9,23,
1974,38,24,7,TELL ME SOMETHING GOOD,Rufus,ABC,15,3,
1974,38,25,31,STEPPIN’ OUT (Gonna Boogie Tonight),Tony Orlando and Dawn,Bell,5,25,
1974,38,26,32,STOP AND SMELL THE ROSES,Mac Davis,Columbia,5,26,
1974,38,27,33,SKIN TIGHT,The Ohio Players,Mercury,3,27,
1974,38,28,29,I LOVE MY FRIEND,Charlie Rich,Epic,8,28,
1974,38,29,39,JAZZMAN,Carole King,Ode,4,29,
1974,38,30,52,THE BITCH IS BACK,Elton John,MCA,3,30,
1974,38,31,14,THE NIGHT CHICAGO DIED,Paper Lace,Mercury,15,1,
1974,38,32,40,DO IT BABY,The Miracles,Tamla,5,32,
1974,38,33,21,FEEL LIKE MAKIN’ LOVE,Roberta Flack,Atlantic,14,1,
1974,38,34,22,RUB IT IN,Billy “Crash” Craddock,ABC,13,16,
1974,38,35,25,WILD THING,Fancy,Big Tree,15,14,
1974,38,36,30,WILDWOOD WEED,Jim Stafford,MGM,12,7,
1974,38,37,60,LOVE ME FOR A REASON,The Osmonds,MGM,4,37,
1974,38,38,44,PAPA DON’T TAKE NO MESS (Part 1),James Brown,Polydor,5,38,
1974,38,39,53,FALLIN’ IN LOVE,"The Souther, Hillman, Furay Band",Asylum,5,39,
1974,38,40,51,TIN MAN,America,Warner Brothers,5,40,
1974,38,42,37,SIDESHOW,Blue Magic,Atco,19,8,
1974,38,43,36,PLEASE COME TO BOSTON,Dave Loggins,Epic,17,5,
1974,38,45,38,ONE HELL OF A WOMAN,Mac Davis,Columbia,26,11,
1974,38,57,34,KEEP ON SMILIN’,Wet Willie,Capricorn,18,10,
1974,38,60,35,DON’T CHANGE HORSES (In the Middle Of A Stream),The Tower Of Power,Warner Brothers,10,26,
1974,38,41,46,SURFIN’ U.S.A.,The Beach Boys,Capitol,23,3,
1974,38,44,54,ONE DAY AT A TIME,Marilyn Sellars,Mega,5,44,
1974,38,46,49,IT COULD HAVE BEEN ME,Sami Jo,MGM South,11,46,
1974,38,47,42,I SAW A MAN AND HE DANCED WITH HIS WIFE,Cher,MCA,7,42,
1974,38,48,43,WATERLOO,Abba,Atlantic,17,6,
1974,38,49,45,SHININ’ ON,Grand Funk,Capitol,11,11,
1974,38,50,41,SUGAR BABY LOVE,The Rubettes,Polydor,10,37,
1974,39,1,2,ROCK ME GENTLY,Andy Kim,Capitol,15,1,1 week at #1
1974,39,2,3,I HONESTLY LOVE YOU,Olivia Newton-John,MCA,7,2,
1974,39,3,4,NOTHING FROM NOTHING,Billy Preston,A&M,12,3,
1974,39,4,6,THEN CAME YOU,Dionne Warwick and Spinners,Atlantic,10,4,
1974,39,5,12,BEACH BABY,First Class,UK,11,5,
1974,39,6,9,YOU HAVEN’T DONE NOTHIN’,Stevie Wonder,Tamla,9,6,
1974,39,7,8,CLAP FOR THE WOLFMAN,The Guess Who,RCA,11,7,
1974,39,8,11,ANOTHER SATURDAY NIGHT,Cat Stevens,A&M,9,8,
1974,39,9,10,HANG ON IN THERE BABY,Johnny Bristol,MGM,14,9,
1974,39,10,14,SWEET HOME ALABAMA,Lynyrd Skynyrd,MCA,10,10,
1974,39,11,19,EARACHE MY EYE (Featuring Alice Bowie),Cheech and Chong,Ode,8,11,
1974,39,12,1,"CAN’T GET ENOUGH OF YOUR LOVE, BABE",Barry White,20th Century,9,1,
1974,39,13,5,I SHOT THE SHERIFF,Eric Clapton,RSO,12,1,
1974,39,14,7,(You’re) HAVING MY BABY,Paul Anka (with Odia Coates),United Artists,13,1,
1974,39,15,15,WHO DO YOU THINK YOU ARE,Bo Donaldson and the Heywoods,ABC,10,15,
1974,39,16,20,CAN’T GET ENOUGH,Bad Company,Swan Song,7,16,
1974,39,17,21,NEVER MY LOVE,Blue Swede,EMI,6,17,
1974,39,18,22,YOU LITTLE TRUSTMAKER,The Tymes,RCA,7,18,
1974,39,19,25,STEPPIN’ OUT (Gonna Boogie Tonight),Tony Orlando and Dawn,Bell,6,19,
1974,39,20,26,STOP AND SMELL THE ROSES,Mac Davis,Columbia,6,20,
1974,39,21,27,SKIN TIGHT,The Ohio Players,Mercury,4,21,
1974,39,22,23,FREE MAN IN PARIS,Joni Mitchell,Asylum,10,22,
1974,39,23,29,JAZZMAN,Carole King,Ode,5,23,
1974,39,24,30,THE BITCH IS BACK,Elton John,MCA,4,24,
1974,39,25,28,I LOVE MY FRIEND,Charlie Rich,Epic,9,25,
1974,39,26,32,DO IT BABY,The Miracles,Tamla,6,26,
1974,39,27,37,LOVE ME FOR A REASON,The Osmonds,MGM,5,27,
1974,39,28,13,I’M LEAVING IT (All) UP TO YOU,Donny and Marie Osmond,MGM,13,4,
1974,39,29,16,IT’S ONLY ROCK ‘N ROLL (But I Like It),The Rolling Stones,Rolling Stones,9,16,
1974,39,30,17,YOU AND ME AGAINST THE WORLD,Helen Reddy,Capitol,16,9,
1974,39,31,38,PAPA DON’T TAKE NO MESS (Part 1),James Brown,Polydor,6,31,
1974,39,32,40,TIN MAN,America,Warner Brothers,6,32,
1974,39,33,39,FALLIN’ IN LOVE,"The Souther, Hillman, Furay Band",Asylum,6,33,
1974,39,34,24,TELL ME SOMETHING GOOD,Rufus,ABC,16,3,
1974,39,35,18,LET’S PUT IT ALL TOGETHER,The Stylistics,Avco,10,18,
1974,39,36,41,SURFIN’ U.S.A.,The Beach Boys,Capitol,24,3,
1974,39,37,44,ONE DAY AT A TIME,Marilyn Sellars,Mega,6,37,
1974,39,38,33,FEEL LIKE MAKIN’ LOVE,Roberta Flack,Atlantic,15,1,
1974,39,39,36,WILDWOOD WEED,Jim Stafford,MGM,13,7,
1974,39,40,51,LIFE IS A ROCK (But the Radio Rolled Me),Reunion,RCA,4,40,
1974,39,41,31,THE NIGHT CHICAGO DIED,Paper Lace,Mercury,16,1,
1974,39,43,34,RUB IT IN,Billy “Crash” Craddock,ABC,14,16,
1974,39,44,35,WILD THING,Fancy,Big Tree,16,14,
1974,39,42,52,GIVE IT TO THE PEOPLE,The Righteous Brothers,Haven,4,42,
1974,39,45,55,STRAIGHT SHOOTIN’ WOMAN,Steppenwolf,Mums,4,45,
1974,39,46,56,CAREFREE HIGHWAY,Gordon Lightfoot,Reprise,5,46,
1974,39,47,53,AIN’T NOTHING LIKE THE REAL THING,Aretha Franklin,Atlantic,5,47,
1974,39,48,59,KINGS OF THE PARTY,Brownsville Station,Big Tree,5,48,
1974,39,49,65,YOU AIN’T SEEN NOTHING YET / FREE WHEELIN’,Bachman-Turner Overdrive,Mercury,2,49,
1974,39,50,70,BACK HOME AGAIN,John Denver,RCA,2,50,
1974,40,1,2,I HONESTLY LOVE YOU,Olivia Newton-John,MCA,8,1,1 week at #1
1974,40,2,3,NOTHING FROM NOTHING,Billy Preston,A&M,13,2,
1974,40,3,4,THEN CAME YOU,Dionne Warwick and Spinners,Atlantic,11,3,
1974,40,4,5,BEACH BABY,First Class,UK,12,4,
1974,40,5,6,YOU HAVEN’T DONE NOTHIN’,Stevie Wonder,Tamla,10,5,
1974,40,6,7,CLAP FOR THE WOLFMAN,The Guess Who,RCA,12,6,
1974,40,7,8,ANOTHER SATURDAY NIGHT,Cat Stevens,A&M,10,7,
1974,40,8,9,HANG ON IN THERE BABY,Johnny Bristol,MGM,15,8,
1974,40,9,10,SWEET HOME ALABAMA,Lynyrd Skynyrd,MCA,11,9,
1974,40,10,11,EARACHE MY EYE (Featuring Alice Bowie),Cheech and Chong,Ode,9,10,
1974,40,11,16,CAN’T GET ENOUGH,Bad Company,Swan Song,8,11,
1974,40,12,1,ROCK ME GENTLY,Andy Kim,Capitol,16,1,
1974,40,13,17,NEVER MY LOVE,Blue Swede,EMI,7,13,
1974,40,14,18,YOU LITTLE TRUSTMAKER,The Tymes,RCA,8,14,
1974,40,15,19,STEPPIN’ OUT (Gonna Boogie Tonight),Tony Orlando and Dawn,Bell,7,15,
1974,40,16,20,STOP AND SMELL THE ROSES,Mac Davis,Columbia,7,16,
1974,40,17,21,SKIN TIGHT,The Ohio Players,Mercury,5,17,
1974,40,18,24,THE BITCH IS BACK,Elton John,MCA,5,18,
1974,40,19,23,JAZZMAN,Carole King,Ode,6,19,
1974,40,20,26,DO IT BABY,The Miracles,Tamla,7,20,
1974,40,21,27,LOVE ME FOR A REASON,The Osmonds,MGM,6,21,
1974,40,22,12,"CAN’T GET ENOUGH OF YOUR LOVE, BABE",Barry White,20th Century,10,1,
1974,40,23,13,I SHOT THE SHERIFF,Eric Clapton,RSO,13,1,
1974,40,24,25,I LOVE MY FRIEND,Charlie Rich,Epic,10,24,
1974,40,25,14,(You’re) HAVING MY BABY,Paul Anka (with Odia Coates),United Artists,14,1,
1974,40,26,32,TIN MAN,America,Warner Brothers,7,26,
1974,40,27,33,FALLIN’ IN LOVE,"The Souther, Hillman, Furay Band",Asylum,7,27,
1974,40,28,49,YOU AIN’T SEEN NOTHING YET / FREE WHEELIN’,Bachman-Turner Overdrive,Mercury,3,28,
1974,40,29,15,WHO DO YOU THINK YOU ARE,Bo Donaldson and the Heywoods,ABC,11,15,
1974,40,30,22,FREE MAN IN PARIS,Joni Mitchell,Asylum,11,22,
1974,40,31,30,YOU AND ME AGAINST THE WORLD,Helen Reddy,Capitol,17,9,
1974,40,32,40,LIFE IS A ROCK (But the Radio Rolled Me),Reunion,RCA,5,32,
1974,40,33,53,WHATEVER GETS YOU THRU THE NIGHT,John Lennon with the Plastic Ono Nuclear Band,Apple,2,33,
1974,40,34,42,GIVE IT TO THE PEOPLE,The Righteous Brothers,Haven,5,34,
1974,40,35,46,CAREFREE HIGHWAY,Gordon Lightfoot,Reprise,6,35,
1974,40,36,45,STRAIGHT SHOOTIN’ WOMAN,Steppenwolf,Mums,5,36,
1974,40,37,37,ONE DAY AT A TIME,Marilyn Sellars,Mega,7,37,
1974,40,38,60,DO IT (‘Til You’re Satisfied),B.T. Express,Scepter,2,38,
1974,40,39,48,KINGS OF THE PARTY,Brownsville Station,Big Tree,6,39,
1974,40,40,50,BACK HOME AGAIN,John Denver,RCA,3,40,
1974,40,41,28,I’M LEAVING IT (All) UP TO YOU,Donny and Marie Osmond,MGM,14,4,
1974,40,42,29,IT’S ONLY ROCK ‘N ROLL (But I Like It),The Rolling Stones,Rolling Stones,10,16,
1974,40,43,36,SURFIN’ U.S.A.,The Beach Boys,Capitol,25,3,
1974,40,44,31,PAPA DON’T TAKE NO MESS (Part 1),James Brown,Polydor,7,31,
1974,40,45,34,TELL ME SOMETHING GOOD,Rufus,ABC,17,3,
1974,40,47,35,LET’S PUT IT ALL TOGETHER,The Stylistics,Avco,11,18,
1974,40,54,38,FEEL LIKE MAKIN’ LOVE,Roberta Flack,Atlantic,16,1,
1974,40,69,39,WILDWOOD WEED,Jim Stafford,MGM,14,7,
1974,40,46,56,THE NEED TO BE,Jim Weatherly,Buddah,4,46,
1974,40,48,58,HIGHER PLANE,Kool and the Gang,De-Lite,5,48,
1974,40,49,59,DEVOTION,"Earth, Wind and Fire",Columbia,2,49,
1974,40,50,55,TELL HER LOVE HAS FELT THE NEED,Eddie Kendricks,Tamla,9,50,
1974,41,1,1,I HONESTLY LOVE YOU,Olivia Newton-John,MCA,9,1,2 weeks at #1
1974,41,2,2,NOTHING FROM NOTHING,Billy Preston,A&M,14,2,
1974,41,3,3,THEN CAME YOU,Dionne Warwick and Spinners,Atlantic,12,3,
1974,41,4,4,BEACH BABY,First Class,UK,13,4,
1974,41,5,5,YOU HAVEN’T DONE NOTHIN’,Stevie Wonder,Tamla,11,5,
1974,41,6,7,ANOTHER SATURDAY NIGHT,Cat Stevens,A&M,11,6,
1974,41,7,18,THE BITCH IS BACK,Elton John,MCA,6,7,
1974,41,8,13,NEVER MY LOVE,Blue Swede,EMI,8,8,
1974,41,9,10,EARACHE MY EYE (Featuring Alice Bowie),Cheech and Chong,Ode,10,9,
1974,41,10,11,CAN’T GET ENOUGH,Bad Company,Swan Song,9,10,
1974,41,11,15,STEPPIN’ OUT (Gonna Boogie Tonight),Tony Orlando and Dawn,Bell,8,11,
1974,41,12,16,STOP AND SMELL THE ROSES,Mac Davis,Columbia,8,12,
1974,41,13,17,SKIN TIGHT,The Ohio Players,Mercury,6,13,
1974,41,14,14,YOU LITTLE TRUSTMAKER,The Tymes,RCA,9,14,
1974,41,15,19,JAZZMAN,Carole King,Ode,7,15,
1974,41,16,20,DO IT BABY,The Miracles,Tamla,8,16,
1974,41,17,21,LOVE ME FOR A REASON,The Osmonds,MGM,7,17,
1974,41,18,6,CLAP FOR THE WOLFMAN,The Guess Who,RCA,13,6,
1974,41,19,9,SWEET HOME ALABAMA,Lynyrd Skynyrd,MCA,12,9,
1974,41,20,26,TIN MAN,America,Warner Brothers,8,20,
1974,41,21,8,HANG ON IN THERE BABY,Johnny Bristol,MGM,16,8,
1974,41,22,28,YOU AIN’T SEEN NOTHING YET / FREE WHEELIN’,Bachman-Turner Overdrive,Mercury,4,22,
1974,41,23,40,BACK HOME AGAIN,John Denver,RCA,4,23,
1974,41,24,33,WHATEVER GETS YOU THRU THE NIGHT,John Lennon with the Plastic Ono Nuclear Band,Apple,3,24,
1974,41,25,32,LIFE IS A ROCK (But the Radio Rolled Me),Reunion,RCA,6,25,
1974,41,26,34,GIVE IT TO THE PEOPLE,The Righteous Brothers,Haven,6,26,
1974,41,27,27,FALLIN’ IN LOVE,"The Souther, Hillman, Furay Band",Asylum,8,27,
1974,41,28,35,CAREFREE HIGHWAY,Gordon Lightfoot,Reprise,7,28,
1974,41,29,36,STRAIGHT SHOOTIN’ WOMAN,Steppenwolf,Mums,6,29,
1974,41,30,38,DO IT (‘Til You’re Satisfied),B.T. Express,Scepter,3,30,
1974,41,31,39,KINGS OF THE PARTY,Brownsville Station,Big Tree,7,31,
1974,41,32,12,ROCK ME GENTLY,Andy Kim,Capitol,17,1,
1974,41,33,65,MY MELODY OF LOVE,Bobby Vinton,ABC,4,33,
1974,41,34,46,THE NEED TO BE,Jim Weatherly,Buddah,5,34,
1974,41,35,49,DEVOTION,"Earth, Wind and Fire",Columbia,3,35,
1974,41,36,57,OVERNIGHT SENSATION (Hit Record),The Raspberries,Capitol,5,36,
1974,41,37,48,HIGHER PLANE,Kool and the Gang,De-Lite,6,37,
1974,41,38,52,EVERLASTING LOVE,Carl Carlton,Back Beat,4,38,
1974,41,39,44,PAPA DON’T TAKE NO MESS (Part 1),James Brown,Polydor,8,31,
1974,41,40,51,HONEY HONEY,Abba,Atlantic,5,40,
1974,41,41,37,ONE DAY AT A TIME,Marilyn Sellars,Mega,8,37,
1974,41,42,22,"CAN’T GET ENOUGH OF YOUR LOVE, BABE",Barry White,20th Century,11,1,
1974,41,44,23,I SHOT THE SHERIFF,Eric Clapton,RSO,14,1,
1974,41,47,25,(You’re) HAVING MY BABY,Paul Anka (with Odia Coates),United Artists,15,1,
1974,41,49,29,WHO DO YOU THINK YOU ARE,Bo Donaldson and the Heywoods,ABC,12,15,
1974,41,50,30,FREE MAN IN PARIS,Joni Mitchell,Asylum,12,22,
1974,41,51,31,YOU AND ME AGAINST THE WORLD,Helen Reddy,Capitol,18,9,
1974,41,53,24,I LOVE MY FRIEND,Charlie Rich,Epic,11,24,
1974,41,43,53,BLOOD IS THICKER THAN WATER,William DeVaughn,Roxbury,6,43,
1974,41,45,55,SECOND AVENUE,Garfunkel,Columbia,4,45,
1974,41,46,56,I’VE GOT THE MUSIC IN ME,The Kiki Dee Band,Rocket,5,46,
1974,41,48,59,LONGFELLOW SERENADE,Neil Diamond,Columbia,2,48,
1974,42,1,2,NOTHING FROM NOTHING,Billy Preston,A&M,15,1,1 week at #1
1974,42,2,3,THEN CAME YOU,Dionne Warwick and Spinners,Atlantic,13,2,
1974,42,3,5,YOU HAVEN’T DONE NOTHIN’,Stevie Wonder,Tamla,12,3,
1974,42,4,1,I HONESTLY LOVE YOU,Olivia Newton-John,MCA,10,1,
1974,42,5,15,JAZZMAN,Carole King,Ode,8,5,
1974,42,6,7,THE BITCH IS BACK,Elton John,MCA,7,6,
1974,42,7,8,NEVER MY LOVE,Blue Swede,EMI,9,7,
1974,42,8,10,CAN’T GET ENOUGH,Bad Company,Swan Song,10,8,
1974,42,9,11,STEPPIN’ OUT (Gonna Boogie Tonight),Tony Orlando and Dawn,Bell,9,9,
1974,42,10,17,LOVE ME FOR A REASON,The Osmonds,MGM,8,10,
1974,42,11,12,STOP AND SMELL THE ROSES,Mac Davis,Columbia,9,11,
1974,42,12,14,YOU LITTLE TRUSTMAKER,The Tymes,RCA,10,12,
1974,42,13,13,SKIN TIGHT,The Ohio Players,Mercury,7,13,
1974,42,14,16,DO IT BABY,The Miracles,Tamla,9,14,
1974,42,15,19,SWEET HOME ALABAMA,Lynyrd Skynyrd,MCA,13,9,
1974,42,17,22,YOU AIN’T SEEN NOTHING YET / FREE WHEELIN’,Bachman-Turner Overdrive,Mercury,5,17,
1974,42,18,24,WHATEVER GETS YOU THRU THE NIGHT,John Lennon with the Plastic Ono Nuclear Band,Apple,4,18,
1974,42,19,23,BACK HOME AGAIN,John Denver,RCA,5,19,
1974,42,20,26,GIVE IT TO THE PEOPLE,The Righteous Brothers,Haven,7,20,
1974,42,21,25,LIFE IS A ROCK (But the Radio Rolled Me),Reunion,RCA,7,21,
1974,42,22,28,CAREFREE HIGHWAY,Gordon Lightfoot,Reprise,7,22,
1974,42,23,9,EARACHE MY EYE (Featuring Alice Bowie),Cheech and Chong,Ode,11,9,
1974,42,24,30,DO IT (‘Til You’re Satisfied),B.T. Express,Scepter,4,24,
1974,42,25,6,ANOTHER SATURDAY NIGHT,Cat Stevens,A&M,12,6,
1974,42,26,4,BEACH BABY,First Class,UK,14,4,
1974,42,27,33,MY MELODY OF LOVE,Bobby Vinton,ABC,5,27,
1974,42,28,34,THE NEED TO BE,Jim Weatherly,Buddah,6,28,
1974,42,29,29,STRAIGHT SHOOTIN’ WOMAN,Steppenwolf,Mums,7,29,
1974,42,30,36,OVERNIGHT SENSATION (Hit Record),The Raspberries,Capitol,6,30,
1974,42,31,31,KINGS OF THE PARTY,Brownsville Station,Big Tree,8,31,
1974,42,32,38,EVERLASTING LOVE,Carl Carlton,Back Beat,5,32,
1974,42,33,35,DEVOTION,"Earth, Wind and Fire",Columbia,4,33,
1974,42,34,40,HONEY HONEY,Abba,Atlantic,6,34,
1974,42,35,18,CLAP FOR THE WOLFMAN,The Guess Who,RCA,14,6,
1974,42,36,46,I’VE GOT THE MUSIC IN ME,The Kiki Dee Band,Rocket,6,36,
1974,42,37,37,HIGHER PLANE,Kool and the Gang,De-Lite,7,37,
1974,42,38,45,SECOND AVENUE,Garfunkel,Columbia,5,38,
1974,42,39,48,LONGFELLOW SERENADE,Neil Diamond,Columbia,3,39,
1974,42,40,72,WHEN WILL I SEE YOU AGAIN,The Three Degrees,Philadelphia International,4,40,
1974,42,47,21,HANG ON IN THERE BABY,Johnny Bristol,MGM,17,8,
1974,42,48,32,ROCK ME GENTLY,Andy Kim,Capitol,18,1,
1974,42,51,27,FALLIN’ IN LOVE,"The Souther, Hillman, Furay Band",Asylum,9,27,
1974,42,75,39,PAPA DON’T TAKE NO MESS (Part 1),James Brown,Polydor,9,31,
1974,42,41,41,ONE DAY AT A TIME,Marilyn Sellars,Mega,9,37,
1974,42,42,52,LOVE DON’T LOVE NOBODY (Part 1),The Spinners,Atlantic,5,42,
1974,42,43,43,BLOOD IS THICKER THAN WATER,William DeVaughn,Roxbury,7,43,
1974,42,44,54,PEOPLE GOTTA MOVE,Gino Vannelli,A&M,5,44,
1974,42,45,55,SO YOU ARE A STAR,The Hudson Brothers,Casablanca,5,45,
1974,42,46,58,YOU CAN HAVE HER,Sam Neely,A&M,5,46,
1974,42,49,60,DISTANT LOVER,Marvin Gaye,Tamla,4,49,
1974,42,50,63,ROCKIN’ SOUL,The Hues Corporation,RCA,2,50,
1974,43,1,2,THEN CAME YOU,Dionne Warwick and Spinners,Atlantic,14,1,1 week at #1
1974,43,2,3,YOU HAVEN’T DONE NOTHIN’,Stevie Wonder,Tamla,13,2,
1974,43,3,17,YOU AIN’T SEEN NOTHING YET / FREE WHEELIN’,Bachman-Turner Overdrive,Mercury,6,3,
1974,43,4,5,JAZZMAN,Carole King,Ode,9,4,
1974,43,5,6,THE BITCH IS BACK,Elton John,MCA,8,5,
1974,43,6,8,CAN’T GET ENOUGH,Bad Company,Swan Song,11,6,
1974,43,7,9,STEPPIN’ OUT (Gonna Boogie Tonight),Tony Orlando and Dawn,Bell,10,7,
1974,43,8,15,SWEET HOME ALABAMA,Lynyrd Skynyrd,MCA,14,8,
1974,43,9,11,STOP AND SMELL THE ROSES,Mac Davis,Columbia,10,9,
1974,43,10,10,LOVE ME FOR A REASON,The Osmonds,MGM,9,10,
1974,43,11,16,TIN MAN,America,Warner Brothers,10,11,
1974,43,12,18,WHATEVER GETS YOU THRU THE NIGHT,John Lennon with the Plastic Ono Nuclear Band,Apple,5,12,
1974,43,13,14,DO IT BABY,The Miracles,Tamla,10,13,
1974,43,14,19,BACK HOME AGAIN,John Denver,RCA,6,14,
1974,43,16,21,LIFE IS A ROCK (But the Radio Rolled Me),Reunion,RCA,8,16,
1974,43,17,22,CAREFREE HIGHWAY,Gordon Lightfoot,Reprise,8,17,
1974,43,18,24,DO IT (‘Til You’re Satisfied),B.T. Express,Scepter,5,18,
1974,43,19,4,I HONESTLY LOVE YOU,Olivia Newton-John,MCA,11,1,
1974,43,20,20,GIVE IT TO THE PEOPLE,The Righteous Brothers,Haven,8,20,
1974,43,21,27,MY MELODY OF LOVE,Bobby Vinton,ABC,6,21,
1974,43,22,28,THE NEED TO BE,Jim Weatherly,Buddah,7,22,
1974,43,23,13,SKIN TIGHT,The Ohio Players,Mercury,8,13,
1974,43,24,30,OVERNIGHT SENSATION (Hit Record),The Raspberries,Capitol,7,24,
1974,43,25,12,YOU LITTLE TRUSTMAKER,The Tymes,RCA,11,12,
1974,43,26,32,EVERLASTING LOVE,Carl Carlton,Back Beat,6,26,
1974,43,27,34,HONEY HONEY,Abba,Atlantic,7,27,
1974,43,28,26,BEACH BABY,First Class,UK,15,4,
1974,43,29,39,LONGFELLOW SERENADE,Neil Diamond,Columbia,4,29,
1974,43,30,36,I’VE GOT THE MUSIC IN ME,The Kiki Dee Band,Rocket,7,30,
1974,43,31,42,LOVE DON’T LOVE NOBODY (Part 1),The Spinners,Atlantic,6,31,
1974,43,32,40,WHEN WILL I SEE YOU AGAIN,The Three Degrees,Philadelphia International,5,32,
1974,43,33,7,NEVER MY LOVE,Blue Swede,EMI,10,7,
1974,43,34,38,SECOND AVENUE,Garfunkel,Columbia,6,34,
1974,43,35,45,SO YOU ARE A STAR,The Hudson Brothers,Casablanca,6,35,
1974,43,36,52,I CAN HELP,Billy Swan,Monument,5,36,
1974,43,37,50,ROCKIN’ SOUL,The Hues Corporation,RCA,3,37,
1974,43,38,49,DISTANT LOVER,Marvin Gaye,Tamla,5,38,
1974,43,39,56,WISHING YOU WERE HERE,Chicago,Columbia,2,39,
1974,43,40,44,PEOPLE GOTTA MOVE,Gino Vannelli,A&M,6,40,
1974,43,45,23,EARACHE MY EYE (Featuring Alice Bowie),Cheech and Chong,Ode,12,9,
1974,43,46,25,ANOTHER SATURDAY NIGHT,Cat Stevens,A&M,13,6,
1974,43,47,29,STRAIGHT SHOOTIN’ WOMAN,Steppenwolf,Mums,8,29,
1974,43,48,33,DEVOTION,"Earth, Wind and Fire",Columbia,5,33,
1974,43,49,35,CLAP FOR THE WOLFMAN,The Guess Who,RCA,15,6,
1974,43,59,37,HIGHER PLANE,Kool and the Gang,De-Lite,8,37,
1974,43,62,31,KINGS OF THE PARTY,Brownsville Station,Big Tree,9,31,
1974,43,41,55,SHA-LA-LA (Make Me Happy),Al Green,Hi,5,41,
1974,43,42,46,YOU CAN HAVE HER,Sam Neely,A&M,6,42,
1974,43,43,54,PLAY SOMETHING SWEET (Brickyard Blues),Three Dog Night,Dunhill,5,43,
1974,43,44,60,ANGIE BABY,Helen Reddy,Capitol,2,44,
1974,43,50,62,CAT’S IN THE CRADLE,Harry Chapin,Elektra,4,50,
1974,44,1,2,YOU HAVEN’T DONE NOTHIN’,Stevie Wonder,Tamla,14,1,1 week at #1
1974,44,2,3,YOU AIN’T SEEN NOTHING YET / FREE WHEELIN’,Bachman-Turner Overdrive,Mercury,7,2,
1974,44,3,4,JAZZMAN,Carole King,Ode,10,3,
1974,44,4,5,THE BITCH IS BACK,Elton John,MCA,9,4,
1974,44,5,6,CAN’T GET ENOUGH,Bad Company,Swan Song,12,5,
1974,44,6,12,WHATEVER GETS YOU THRU THE NIGHT,John Lennon with the Plastic Ono Nuclear Band,Apple,6,6,
1974,44,7,7,STEPPIN’ OUT (Gonna Boogie Tonight),Tony Orlando and Dawn,Bell,11,7,
1974,44,8,8,SWEET HOME ALABAMA,Lynyrd Skynyrd,MCA,15,8,
1974,44,9,9,STOP AND SMELL THE ROSES,Mac Davis,Columbia,11,9,
1974,44,10,11,TIN MAN,America,Warner Brothers,11,10,
1974,44,11,14,BACK HOME AGAIN,John Denver,RCA,7,11,
1974,44,12,16,LIFE IS A ROCK (But the Radio Rolled Me),Reunion,RCA,9,12,
1974,44,13,17,CAREFREE HIGHWAY,Gordon Lightfoot,Reprise,9,13,
1974,44,14,18,DO IT (‘Til You’re Satisfied),B.T. Express,Scepter,6,14,
1974,44,16,13,DO IT BABY,The Miracles,Tamla,11,13,
1974,44,17,21,MY MELODY OF LOVE,Bobby Vinton,ABC,7,17,
1974,44,18,22,THE NEED TO BE,Jim Weatherly,Buddah,8,18,
1974,44,19,26,EVERLASTING LOVE,Carl Carlton,Back Beat,7,19,
1974,44,20,24,OVERNIGHT SENSATION (Hit Record),The Raspberries,Capitol,8,20,
1974,44,21,10,LOVE ME FOR A REASON,The Osmonds,MGM,10,10,
1974,44,22,29,LONGFELLOW SERENADE,Neil Diamond,Columbia,5,22,
1974,44,23,31,LOVE DON’T LOVE NOBODY (Part 1),The Spinners,Atlantic,7,23,
1974,44,24,30,I’VE GOT THE MUSIC IN ME,The Kiki Dee Band,Rocket,8,24,
1974,44,25,36,I CAN HELP,Billy Swan,Monument,6,25,
1974,44,26,32,WHEN WILL I SEE YOU AGAIN,The Three Degrees,Philadelphia International,6,26,
1974,44,27,27,HONEY HONEY,Abba,Atlantic,8,27,
1974,44,28,38,DISTANT LOVER,Marvin Gaye,Tamla,6,28,
1974,44,29,35,SO YOU ARE A STAR,The Hudson Brothers,Casablanca,7,29,
1974,44,30,37,ROCKIN’ SOUL,The Hues Corporation,RCA,4,30,
1974,44,31,39,WISHING YOU WERE HERE,Chicago,Columbia,3,31,
1974,44,32,40,PEOPLE GOTTA MOVE,Gino Vannelli,A&M,7,32,
1974,44,33,41,SHA-LA-LA (Make Me Happy),Al Green,Hi,6,33,
1974,44,34,34,SECOND AVENUE,Garfunkel,Columbia,7,34,
1974,44,35,43,PLAY SOMETHING SWEET (Brickyard Blues),Three Dog Night,Dunhill,6,35,
1974,44,36,44,ANGIE BABY,Helen Reddy,Capitol,3,36,
1974,44,37,50,CAT’S IN THE CRADLE,Harry Chapin,Elektra,5,37,
1974,44,38,53,AFTER THE GOLDRUSH,Prelude,Island,5,38,
1974,44,39,15,NOTHING FROM NOTHING,Billy Preston,A&M,17,1,
1974,44,40,51,YOU GOT THE LOVE,Rufus Featuring Chaka Khan,ABC,4,40,
1974,44,42,19,I HONESTLY LOVE YOU,Olivia Newton-John,MCA,12,1,
1974,44,44,23,SKIN TIGHT,The Ohio Players,Mercury,9,13,
1974,44,45,25,YOU LITTLE TRUSTMAKER,The Tymes,RCA,12,12,
1974,44,52,28,BEACH BABY,First Class,UK,16,4,
1974,44,66,20,GIVE IT TO THE PEOPLE,The Righteous Brothers,Haven,9,20,
1974,44,75,33,NEVER MY LOVE,Blue Swede,EMI,11,7,
1974,44,41,42,YOU CAN HAVE HER,Sam Neely,A&M,7,41,
1974,44,43,48,DEVOTION,"Earth, Wind and Fire",Columbia,6,33,
1974,44,46,56,DORAVILLE,The Atlanta Rhythm Section,Polydor,5,46,
1974,44,47,54,SHE CALLED ME BABY,Charlie Rich,RCA,6,47,
1974,44,48,86,PROMISED LAND,Elvis Presley,RCA,2,48,
1974,44,49,60,LA LA PEACE SONG,Al Wilson,Rocky Road,5,49,
1974,44,50,55,I CAN’T LEAVE YOU ALONE / I GET LIFTED,George McCrae,T.K.,4,50,
1974,45,1,2,YOU AIN’T SEEN NOTHING YET / FREE WHEELIN’,Bachman-Turner Overdrive,Mercury,8,1,1 week at #1
1974,45,2,3,JAZZMAN,Carole King,Ode,11,2,
1974,45,3,6,WHATEVER GETS YOU THRU THE NIGHT,John Lennon with the Plastic Ono Nuclear Band,Apple,7,3,
1974,45,4,10,TIN MAN,America,Warner Brothers,12,4,
1974,45,5,11,BACK HOME AGAIN,John Denver,RCA,8,5,
1974,45,6,17,MY MELODY OF LOVE,Bobby Vinton,ABC,8,6,
1974,45,7,14,DO IT (‘Til You’re Satisfied),B.T. Express,Scepter,7,7,
1974,45,8,4,THE BITCH IS BACK,Elton John,MCA,10,4,
1974,45,9,12,LIFE IS A ROCK (But the Radio Rolled Me),Reunion,RCA,10,9,
1974,45,10,13,CAREFREE HIGHWAY,Gordon Lightfoot,Reprise,10,10,
1974,45,11,19,EVERLASTING LOVE,Carl Carlton,Back Beat,8,11,
1974,45,12,1,YOU HAVEN’T DONE NOTHIN’,Stevie Wonder,Tamla,15,1,
1974,45,13,22,LONGFELLOW SERENADE,Neil Diamond,Columbia,6,13,
1974,45,14,18,THE NEED TO BE,Jim Weatherly,Buddah,9,14,
1974,45,15,25,I CAN HELP,Billy Swan,Monument,7,15,
1974,45,16,5,CAN’T GET ENOUGH,Bad Company,Swan Song,13,5,
1974,45,17,23,LOVE DON’T LOVE NOBODY (Part 1),The Spinners,Atlantic,8,17,
1974,45,18,20,OVERNIGHT SENSATION (Hit Record),The Raspberries,Capitol,9,18,
1974,45,19,24,I’VE GOT THE MUSIC IN ME,The Kiki Dee Band,Rocket,9,19,
1974,45,20,26,WHEN WILL I SEE YOU AGAIN,The Three Degrees,Philadelphia International,7,20,
1974,45,21,16,DO IT BABY,The Miracles,Tamla,12,13,
1974,45,22,30,ROCKIN’ SOUL,The Hues Corporation,RCA,5,22,
1974,45,23,29,SO YOU ARE A STAR,The Hudson Brothers,Casablanca,8,23,
1974,45,24,32,PEOPLE GOTTA MOVE,Gino Vannelli,A&M,8,24,
1974,45,25,31,WISHING YOU WERE HERE,Chicago,Columbia,4,25,
1974,45,26,36,ANGIE BABY,Helen Reddy,Capitol,4,26,
1974,45,27,33,SHA-LA-LA (Make Me Happy),Al Green,Hi,7,27,
1974,45,28,28,DISTANT LOVER,Marvin Gaye,Tamla,7,28,
1974,45,29,37,CAT’S IN THE CRADLE,Harry Chapin,Elektra,6,29,
1974,45,30,38,AFTER THE GOLDRUSH,Prelude,Island,6,30,
1974,45,31,9,STOP AND SMELL THE ROSES,Mac Davis,Columbia,12,9,
1974,45,32,40,YOU GOT THE LOVE,Rufus Featuring Chaka Khan,ABC,5,32,
1974,45,33,55,KUNG FU FIGHTING,Carl Douglas,20th Century,5,33,
1974,45,34,35,PLAY SOMETHING SWEET (Brickyard Blues),Three Dog Night,Dunhill,7,34,
1974,45,35,46,DORAVILLE,The Atlanta Rhythm Section,Polydor,6,35,
1974,45,36,41,YOU CAN HAVE HER,Sam Neely,A&M,8,36,
1974,45,37,48,PROMISED LAND,Elvis Presley,RCA,3,37,
1974,45,38,49,LA LA PEACE SONG,Al Wilson,Rocky Road,6,38,
1974,45,39,15,THEN CAME YOU,Dionne Warwick and Spinners,Atlantic,16,1,
1974,45,40,51,FAIRYTALE,The Pointer Sisters,Blue Thumb,6,40,
1974,45,43,21,LOVE ME FOR A REASON,The Osmonds,MGM,11,10,
1974,45,44,8,SWEET HOME ALABAMA,Lynyrd Skynyrd,MCA,16,8,
1974,45,45,27,HONEY HONEY,Abba,Atlantic,9,27,
1974,45,48,7,STEPPIN’ OUT (Gonna Boogie Tonight),Tony Orlando and Dawn,Bell,12,7,
1974,45,67,34,SECOND AVENUE,Garfunkel,Columbia,8,34,
1974,45,72,39,NOTHING FROM NOTHING,Billy Preston,A&M,18,1,
1974,45,41,53,THE BLACK-EYED BOYS,Paper Lace,Mercury,5,41,
1974,45,42,54,TOUCH ME,Fancy,Big Tree,5,42,
1974,45,46,60,"YOU’RE THE FIRST, THE LAST, MY EVERYTHING",Barry White,20th Century,2,46,
1974,45,47,59,I FEEL A SONG (In My Heart) / DON’T BURN DOWN THE BRIDGE,Gladys Knight and the Pips,Buddah,5,47,
1974,45,49,47,SHE CALLED ME BABY,Charlie Rich,RCA,7,47,
1974,45,50,65,LAUGHTER IN THE RAIN,Neil Sedaka,Rocket,4,50,
1974,46,1,3,WHATEVER GETS YOU THRU THE NIGHT,John Lennon with the Plastic Ono Nuclear Band,Apple,8,1,1 week at #1
1974,46,2,7,DO IT (‘Til You’re Satisfied),B.T. Express,Scepter,8,2,
1974,46,3,6,MY MELODY OF LOVE,Bobby Vinton,ABC,9,3,
1974,46,4,4,TIN MAN,America,Warner Brothers,13,4,
1974,46,5,5,BACK HOME AGAIN,John Denver,RCA,9,5,
1974,46,6,15,I CAN HELP,Billy Swan,Monument,8,6,
1974,46,7,13,LONGFELLOW SERENADE,Neil Diamond,Columbia,7,7,
1974,46,8,9,LIFE IS A ROCK (But the Radio Rolled Me),Reunion,RCA,11,8,
1974,46,9,11,EVERLASTING LOVE,Carl Carlton,Back Beat,9,9,
1974,46,10,10,CAREFREE HIGHWAY,Gordon Lightfoot,Reprise,11,10,
1974,46,11,2,JAZZMAN,Carole King,Ode,12,2,
1974,46,12,1,YOU AIN’T SEEN NOTHING YET / FREE WHEELIN’,Bachman-Turner Overdrive,Mercury,9,1,
1974,46,13,14,THE NEED TO BE,Jim Weatherly,Buddah,10,13,
1974,46,14,8,THE BITCH IS BACK,Elton John,MCA,11,4,
1974,46,15,17,LOVE DON’T LOVE NOBODY (Part 1),The Spinners,Atlantic,9,15,
1974,46,16,20,WHEN WILL I SEE YOU AGAIN,The Three Degrees,Philadelphia International,8,16,
1974,46,17,19,I’VE GOT THE MUSIC IN ME,The Kiki Dee Band,Rocket,10,17,
1974,46,18,22,ROCKIN’ SOUL,The Hues Corporation,RCA,6,18,
1974,46,19,25,WISHING YOU WERE HERE,Chicago,Columbia,5,19,
1974,46,20,26,ANGIE BABY,Helen Reddy,Capitol,5,20,
1974,46,21,27,SHA-LA-LA (Make Me Happy),Al Green,Hi,8,21,
1974,46,22,29,CAT’S IN THE CRADLE,Harry Chapin,Elektra,7,22,
1974,46,23,23,SO YOU ARE A STAR,The Hudson Brothers,Casablanca,9,23,
1974,46,24,24,PEOPLE GOTTA MOVE,Gino Vannelli,A&M,9,24,
1974,46,25,30,AFTER THE GOLDRUSH,Prelude,Island,7,25,
1974,46,26,32,YOU GOT THE LOVE,Rufus Featuring Chaka Khan,ABC,6,26,
1974,46,27,33,KUNG FU FIGHTING,Carl Douglas,20th Century,6,27,
1974,46,28,12,YOU HAVEN’T DONE NOTHIN’,Stevie Wonder,Tamla,16,1,
1974,46,29,37,PROMISED LAND,Elvis Presley,RCA,4,29,
1974,46,30,38,LA LA PEACE SONG,Al Wilson,Rocky Road,7,30,
1974,46,31,42,TOUCH ME,Fancy,Big Tree,6,31,
1974,46,32,40,FAIRYTALE,The Pointer Sisters,Blue Thumb,7,32,
1974,46,33,34,PLAY SOMETHING SWEET (Brickyard Blues),Three Dog Night,Dunhill,8,33,
1974,46,34,36,YOU CAN HAVE HER,Sam Neely,A&M,9,34,
1974,46,35,35,DORAVILLE,The Atlanta Rhythm Section,Polydor,7,35,
1974,46,36,46,"YOU’RE THE FIRST, THE LAST, MY EVERYTHING",Barry White,20th Century,3,36,
1974,46,37,47,I FEEL A SONG (In My Heart) / DON’T BURN DOWN THE BRIDGE,Gladys Knight and the Pips,Buddah,6,37,
1974,46,38,18,OVERNIGHT SENSATION (Hit Record),The Raspberries,Capitol,10,18,
1974,46,39,50,LAUGHTER IN THE RAIN,Neil Sedaka,Rocket,5,39,
1974,46,40,64,AIN’T TOO PROUD TO BEG,The Rolling Stones,Rolling Stones,2,40,
1974,46,53,21,DO IT BABY,The Miracles,Tamla,13,13,
1974,46,55,28,DISTANT LOVER,Marvin Gaye,Tamla,8,28,
1974,46,56,31,STOP AND SMELL THE ROSES,Mac Davis,Columbia,13,9,
1974,46,59,16,CAN’T GET ENOUGH,Bad Company,Swan Song,14,5,
1974,46,79,39,THEN CAME YOU,Dionne Warwick and Spinners,Atlantic,17,1,
1974,46,41,41,THE BLACK-EYED BOYS,Paper Lace,Mercury,6,41,
1974,46,42,51,HEAVY FALLIN’ OUT,The Stylistics,Avco,5,42,
1974,46,43,59,JUNIOR’S FARM / SALLY G,Paul McCartney and Wings,Apple,2,43,
1974,46,44,55,THREE RING CIRCUS,Blue Magic,Atco,5,44,
1974,46,45,56,WOMAN TO WOMAN,Shirley Brown,Truth,3,45,
1974,46,46,52,IN THE BOTTLE,Brother To Brother,Turbo,6,46,
1974,46,47,58,LET’S STRAIGHTEN IT OUT,Latimore,Glades,4,47,
1974,46,48,66,WILLIE AND THE HAND JIVE,Eric Clapton,RSO,3,48,
1974,46,49,60,RIDE ‘EM COWBOY,Paul Davis,Bang,6,49,
1974,46,50,53,SUGAR PIE GUY (Part 1),The Joneses,Mercury,7,50,
1974,47,2,2,DO IT (‘Til You’re Satisfied),B.T. Express,Scepter,9,2,
1974,47,3,3,MY MELODY OF LOVE,Bobby Vinton,ABC,10,3,
1974,47,4,4,TIN MAN,America,Warner Brothers,14,4,
1974,47,5,7,LONGFELLOW SERENADE,Neil Diamond,Columbia,8,5,
1974,47,6,9,EVERLASTING LOVE,Carl Carlton,Back Beat,11,6,
1974,47,7,27,KUNG FU FIGHTING,Carl Douglas,20th Century,7,7,
1974,47,8,16,WHEN WILL I SEE YOU AGAIN,The Three Degrees,Philadelphia International,9,8,
1974,47,9,5,BACK HOME AGAIN,John Denver,RCA,10,5,
1974,47,10,22,CAT’S IN THE CRADLE,Harry Chapin,Elektra,8,10,
1974,47,11,13,THE NEED TO BE,Jim Weatherly,Buddah,11,11,
1974,47,12,1,WHATEVER GETS YOU THRU THE NIGHT,John Lennon with the Plastic Ono Nuclear Band,Apple,9,1,
1974,47,13,17,I’VE GOT THE MUSIC IN ME,The Kiki Dee Band,Rocket,11,13,
1974,47,14,20,ANGIE BABY,Helen Reddy,Capitol,6,14,
1974,47,15,19,WISHING YOU WERE HERE,Chicago,Columbia,6,15,
1974,47,16,8,LIFE IS A ROCK (But the Radio Rolled Me),Reunion,RCA,12,8,
1974,47,17,21,SHA-LA-LA (Make Me Happy),Al Green,Hi,9,17,
1974,47,18,18,ROCKIN’ SOUL,The Hues Corporation,RCA,7,18,
1974,47,19,11,JAZZMAN,Carole King,Ode,13,2,
1974,47,20,26,YOU GOT THE LOVE,Rufus Featuring Chaka Khan,ABC,7,20,
1974,47,21,23,SO YOU ARE A STAR,The Hudson Brothers,Casablanca,10,21,
1974,47,22,24,PEOPLE GOTTA MOVE,Gino Vannelli,A&M,10,22,
1974,47,23,29,PROMISED LAND,Elvis Presley,RCA,5,23,
1974,47,24,25,AFTER THE GOLDRUSH,Prelude,Island,8,24,
1974,47,25,31,TOUCH ME,Fancy,Big Tree,7,25,
1974,47,26,32,FAIRYTALE,The Pointer Sisters,Blue Thumb,8,26,
1974,47,27,36,"YOU’RE THE FIRST, THE LAST, MY EVERYTHING",Barry White,20th Century,4,27,
1974,47,28,43,JUNIOR’S FARM / SALLY G,Paul McCartney and Wings,Apple,3,28,
1974,47,29,37,I FEEL A SONG (In My Heart) / DON’T BURN DOWN THE BRIDGE,Gladys Knight and the Pips,Buddah,7,29,
1974,47,30,30,LA LA PEACE SONG,Al Wilson,Rocky Road,8,30,
1974,47,31,15,LOVE DON’T LOVE NOBODY (Part 1),The Spinners,Atlantic,10,15,
1974,47,32,39,LAUGHTER IN THE RAIN,Neil Sedaka,Rocket,6,32,
1974,47,33,40,AIN’T TOO PROUD TO BEG,The Rolling Stones,Rolling Stones,3,33,
1974,47,34,12,YOU AIN’T SEEN NOTHING YET / FREE WHEELIN’,Bachman-Turner Overdrive,Mercury,10,1,
1974,47,35,54,"FIRE, BABY I’M ON FIRE",Andy Kim,Capitol,5,35,
1974,47,36,44,THREE RING CIRCUS,Blue Magic,Atco,6,36,
1974,47,37,45,WOMAN TO WOMAN,Shirley Brown,Truth,4,37,
1974,47,38,51,MUST OF GOT LOST,The J. Geils Band,Atlantic,3,38,
1974,47,39,47,LET’S STRAIGHTEN IT OUT,Latimore,Glades,5,39,
1974,47,40,48,WILLIE AND THE HAND JIVE,Eric Clapton,RSO,4,40,
1974,47,42,10,CAREFREE HIGHWAY,Gordon Lightfoot,Reprise,13,10,
1974,47,44,14,THE BITCH IS BACK,Elton John,MCA,12,4,
1974,47,45,28,YOU HAVEN’T DONE NOTHIN’,Stevie Wonder,Tamla,17,1,
1974,47,46,33,PLAY SOMETHING SWEET (Brickyard Blues),Three Dog Night,Dunhill,9,33,
1974,47,48,34,YOU CAN HAVE HER,Sam Neely,A&M,10,34,
1974,47,66,38,OVERNIGHT SENSATION (Hit Record),The Raspberries,Capitol,11,18,
1974,47,89,35,DORAVILLE,The Atlanta Rhythm Section,Polydor,8,35,
1974,47,41,42,HEAVY FALLIN’ OUT,The Stylistics,Avco,6,41,
1974,47,43,49,RIDE ‘EM COWBOY,Paul Davis,Bang,7,43,
1974,47,47,57,"WHATEVER YOU GOT, I WANT",The Jackson 5,Motown,5,47,
1974,47,49,61,ONE MAN WOMAN / ONE WOMAN MAN,Paul Anka with Odia Coates,United Artists,3,49,
1974,47,50,60,BUNGLE IN THE JUNGLE,Jethro Tull,Chrysalis,4,50,
1974,48,2,7,KUNG FU FIGHTING,Carl Douglas,20th Century,8,2,
1974,48,3,8,WHEN WILL I SEE YOU AGAIN,The Three Degrees,Philadelphia International,10,3,
1974,48,4,2,DO IT (‘Til You’re Satisfied),B.T. Express,Scepter,10,2,
1974,48,5,5,LONGFELLOW SERENADE,Neil Diamond,Columbia,9,5,
1974,48,6,6,EVERLASTING LOVE,Carl Carlton,Back Beat,12,6,
1974,48,7,3,MY MELODY OF LOVE,Bobby Vinton,ABC,11,3,
1974,48,8,34,YOU AIN’T SEEN NOTHING YET / FREE WHEELIN’,Bachman-Turner Overdrive,Mercury,11,1,
1974,48,9,10,CAT’S IN THE CRADLE,Harry Chapin,Elektra,9,9,
1974,48,10,14,ANGIE BABY,Helen Reddy,Capitol,7,10,
1974,48,11,15,WISHING YOU WERE HERE,Chicago,Columbia,7,11,
1974,48,12,13,I’VE GOT THE MUSIC IN ME,The Kiki Dee Band,Rocket,12,12,
1974,48,13,17,SHA-LA-LA (Make Me Happy),Al Green,Hi,10,13,
1974,48,14,9,BACK HOME AGAIN,John Denver,RCA,11,5,
1974,48,15,28,JUNIOR’S FARM / SALLY G,Paul McCartney and Wings,Apple,4,15,
1974,48,16,20,YOU GOT THE LOVE,Rufus Featuring Chaka Khan,ABC,8,16,
1974,48,17,27,"YOU’RE THE FIRST, THE LAST, MY EVERYTHING",Barry White,20th Century,5,17,
1974,48,18,23,PROMISED LAND,Elvis Presley,RCA,6,18,
1974,48,19,25,TOUCH ME,Fancy,Big Tree,8,19,
1974,48,20,26,FAIRYTALE,The Pointer Sisters,Blue Thumb,9,20,
1974,48,21,12,WHATEVER GETS YOU THRU THE NIGHT,John Lennon with the Plastic Ono Nuclear Band,Apple,10,1,
1974,48,22,24,AFTER THE GOLDRUSH,Prelude,Island,9,22,
1974,48,23,29,I FEEL A SONG (In My Heart) / DON’T BURN DOWN THE BRIDGE,Gladys Knight and the Pips,Buddah,8,23,
1974,48,24,32,LAUGHTER IN THE RAIN,Neil Sedaka,Rocket,7,24,
1974,48,25,4,TIN MAN,America,Warner Brothers,15,4,
1974,48,26,37,WOMAN TO WOMAN,Shirley Brown,Truth,5,26,
1974,48,27,33,AIN’T TOO PROUD TO BEG,The Rolling Stones,Rolling Stones,4,27,
1974,48,28,35,"FIRE, BABY I’M ON FIRE",Andy Kim,Capitol,6,28,
1974,48,29,11,THE NEED TO BE,Jim Weatherly,Buddah,12,11,
1974,48,30,38,MUST OF GOT LOST,The J. Geils Band,Atlantic,4,30,
1974,48,31,39,LET’S STRAIGHTEN IT OUT,Latimore,Glades,6,31,
1974,48,32,40,WILLIE AND THE HAND JIVE,Eric Clapton,RSO,5,32,
1974,48,33,19,JAZZMAN,Carole King,Ode,14,2,
1974,48,34,53,ONLY YOU,Ringo Starr,Apple,3,34,
1974,48,35,16,LIFE IS A ROCK (But the Radio Rolled Me),Reunion,RCA,13,8,
1974,48,36,36,THREE RING CIRCUS,Blue Magic,Atco,7,36,
1974,48,37,49,ONE MAN WOMAN / ONE WOMAN MAN,Paul Anka with Odia Coates,United Artists,4,37,
1974,48,38,51,BOOGIE ON REGGAE WOMAN,Stevie Wonder,Tamla,3,38,
1974,48,39,47,"WHATEVER YOU GOT, I WANT",The Jackson 5,Motown,6,39,
1974,48,40,50,BUNGLE IN THE JUNGLE,Jethro Tull,Chrysalis,5,40,
1974,48,42,18,ROCKIN’ SOUL,The Hues Corporation,RCA,8,18,
1974,48,46,21,SO YOU ARE A STAR,The Hudson Brothers,Casablanca,11,21,
1974,48,49,22,PEOPLE GOTTA MOVE,Gino Vannelli,A&M,11,22,
1974,48,54,30,LA LA PEACE SONG,Al Wilson,Rocky Road,9,30,
1974,48,59,31,LOVE DON’T LOVE NOBODY (Part 1),The Spinners,Atlantic,11,15,
1974,48,41,43,RIDE ‘EM COWBOY,Paul Davis,Bang,8,41,
1974,48,43,54,DREAM ON,The Righteous Brothers,Haven,4,43,
1974,48,44,56,NEVER CAN SAY GOODBYE,Gloria Gaynor,MGM,5,44,
1974,48,45,55,THE HEARTBREAK KID,Bo Donaldson and the Heywoods,ABC,3,45,
1974,48,47,57,MANDY,Barry Manilow,Bell,3,47,
1974,48,50,59,YOU AND I,Johnny Bristol,MGM,3,50,
1974,49,1,2,KUNG FU FIGHTING,Carl Douglas,20th Century,9,1,1 week at #1
1974,49,2,1,I CAN HELP,Billy Swan,Monument,11,1,
1974,49,3,3,WHEN WILL I SEE YOU AGAIN,The Three Degrees,Philadelphia International,11,3,
1974,49,4,4,DO IT (‘Til You’re Satisfied),B.T. Express,Scepter,11,2,
1974,49,5,9,CAT’S IN THE CRADLE,Harry Chapin,Elektra,10,5,
1974,49,6,10,ANGIE BABY,Helen Reddy,Capitol,8,6,
1974,49,7,7,MY MELODY OF LOVE,Bobby Vinton,ABC,12,3,
1974,49,8,8,YOU AIN’T SEEN NOTHING YET / FREE WHEELIN’,Bachman-Turner Overdrive,Mercury,12,1,
1974,49,9,13,SHA-LA-LA (Make Me Happy),Al Green,Hi,11,9,
1974,49,10,17,"YOU’RE THE FIRST, THE LAST, MY EVERYTHING",Barry White,20th Century,6,10,
1974,49,11,11,WISHING YOU WERE HERE,Chicago,Columbia,8,11,
1974,49,12,15,JUNIOR’S FARM / SALLY G,Paul McCartney and Wings,Apple,5,12,
1974,49,13,5,LONGFELLOW SERENADE,Neil Diamond,Columbia,10,5,
1974,49,14,6,EVERLASTING LOVE,Carl Carlton,Back Beat,13,6,
1974,49,15,16,YOU GOT THE LOVE,Rufus Featuring Chaka Khan,ABC,9,15,
1974,49,16,20,FAIRYTALE,The Pointer Sisters,Blue Thumb,10,16,
1974,49,17,18,PROMISED LAND,Elvis Presley,RCA,7,17,
1974,49,18,12,I’VE GOT THE MUSIC IN ME,The Kiki Dee Band,Rocket,13,12,
1974,49,19,19,TOUCH ME,Fancy,Big Tree,9,19,
1974,49,20,24,LAUGHTER IN THE RAIN,Neil Sedaka,Rocket,8,20,
1974,49,21,27,AIN’T TOO PROUD TO BEG,The Rolling Stones,Rolling Stones,5,21,
1974,49,22,26,WOMAN TO WOMAN,Shirley Brown,Truth,6,22,
1974,49,23,23,I FEEL A SONG (In My Heart) / DON’T BURN DOWN THE BRIDGE,Gladys Knight and the Pips,Buddah,9,23,
1974,49,24,30,MUST OF GOT LOST,The J. Geils Band,Atlantic,5,24,
1974,49,25,34,ONLY YOU,Ringo Starr,Apple,4,25,
1974,49,26,32,WILLIE AND THE HAND JIVE,Eric Clapton,RSO,6,26,
1974,49,27,38,BOOGIE ON REGGAE WOMAN,Stevie Wonder,Tamla,4,27,
1974,49,28,28,"FIRE, BABY I’M ON FIRE",Andy Kim,Capitol,7,28,
1974,49,29,14,BACK HOME AGAIN,John Denver,RCA,12,5,
1974,49,30,37,ONE MAN WOMAN / ONE WOMAN MAN,Paul Anka with Odia Coates,United Artists,5,30,
1974,49,31,31,LET’S STRAIGHTEN IT OUT,Latimore,Glades,7,31,
1974,49,32,40,BUNGLE IN THE JUNGLE,Jethro Tull,Chrysalis,6,32,
1974,49,33,41,RIDE ‘EM COWBOY,Paul Davis,Bang,9,33,
1974,49,34,44,NEVER CAN SAY GOODBYE,Gloria Gaynor,MGM,6,34,
1974,49,35,43,DREAM ON,The Righteous Brothers,Haven,5,35,
1974,49,36,48,LUCY IN THE SKY WITH DIAMONDS,Elton John,MCA,2,36,
1974,49,37,47,MANDY,Barry Manilow,Bell,4,37,
1974,49,38,39,"WHATEVER YOU GOT, I WANT",The Jackson 5,Motown,7,38,
1974,49,39,56,PLEASE MR. POSTMAN,The Carpenters,A&M,3,39,
1974,49,40,21,WHATEVER GETS YOU THRU THE NIGHT,John Lennon with the Plastic Ono Nuclear Band,Apple,11,1,
1974,49,41,22,AFTER THE GOLDRUSH,Prelude,Island,10,22,
1974,49,49,25,TIN MAN,America,Warner Brothers,16,4,
1974,49,52,29,THE NEED TO BE,Jim Weatherly,Buddah,13,11,
1974,49,53,35,LIFE IS A ROCK (But the Radio Rolled Me),Reunion,RCA,14,8,
1974,49,54,36,THREE RING CIRCUS,Blue Magic,Atco,8,36,
1974,49,59,33,JAZZMAN,Carole King,Ode,15,2,
1974,49,42,52,MORNING SIDE OF THE MOUNTAIN,Donny and Marie Osmond,MGM,4,42,
1974,49,43,53,DARK HORSE,George Harrison,Apple,3,43,
1974,49,44,42,ROCKIN’ SOUL,The Hues Corporation,RCA,9,18,
1974,49,45,45,THE HEARTBREAK KID,Bo Donaldson and the Heywoods,ABC,4,45,
1974,49,46,57,DANCIN’ FOOL,The Guess Who,RCA,3,46,
1974,49,47,51,HEAVY FALLIN’ OUT,The Stylistics,Avco,8,41,
1974,49,48,50,YOU AND I,Johnny Bristol,MGM,4,48,
1974,49,50,55,WITHOUT LOVE,Aretha Franklin,Atlantic,4,50,
1974,50,1,1,KUNG FU FIGHTING,Carl Douglas,20th Century,10,1,2 weeks at #1
1974,50,2,3,WHEN WILL I SEE YOU AGAIN,The Three Degrees,Philadelphia International,12,2,
1974,50,3,2,I CAN HELP,Billy Swan,Monument,12,1,
1974,50,4,5,CAT’S IN THE CRADLE,Harry Chapin,Elektra,11,4,
1974,50,5,6,ANGIE BABY,Helen Reddy,Capitol,9,5,
1974,50,6,4,DO IT (‘Til You’re Satisfied),B.T. Express,Scepter,12,2,
1974,50,7,10,"YOU’RE THE FIRST, THE LAST, MY EVERYTHING",Barry White,20th Century,7,7,
1974,50,8,9,SHA-LA-LA (Make Me Happy),Al Green,Hi,12,8,
1974,50,9,36,LUCY IN THE SKY WITH DIAMONDS,Elton John,MCA,3,9,
1974,50,10,12,JUNIOR’S FARM / SALLY G,Paul McCartney and Wings,Apple,6,10,
1974,50,11,15,YOU GOT THE LOVE,Rufus Featuring Chaka Khan,ABC,10,11,
1974,50,12,8,YOU AIN’T SEEN NOTHING YET / FREE WHEELIN’,Bachman-Turner Overdrive,Mercury,13,1,
1974,50,13,16,FAIRYTALE,The Pointer Sisters,Blue Thumb,11,13,
1974,50,14,17,PROMISED LAND,Elvis Presley,RCA,8,14,
1974,50,15,11,WISHING YOU WERE HERE,Chicago,Columbia,9,11,
1974,50,16,20,LAUGHTER IN THE RAIN,Neil Sedaka,Rocket,9,16,
1974,50,17,21,AIN’T TOO PROUD TO BEG,The Rolling Stones,Rolling Stones,6,17,
1974,50,18,25,ONLY YOU,Ringo Starr,Apple,5,18,
1974,50,19,7,MY MELODY OF LOVE,Bobby Vinton,ABC,13,3,
1974,50,20,24,MUST OF GOT LOST,The J. Geils Band,Atlantic,6,20,
1974,50,21,23,I FEEL A SONG (In My Heart) / DON’T BURN DOWN THE BRIDGE,Gladys Knight and the Pips,Buddah,10,21,
1974,50,22,13,LONGFELLOW SERENADE,Neil Diamond,Columbia,11,5,
1974,50,23,27,BOOGIE ON REGGAE WOMAN,Stevie Wonder,Tamla,5,23,
1974,50,24,30,ONE MAN WOMAN / ONE WOMAN MAN,Paul Anka with Odia Coates,United Artists,6,24,
1974,50,25,32,BUNGLE IN THE JUNGLE,Jethro Tull,Chrysalis,7,25,
1974,50,26,26,WILLIE AND THE HAND JIVE,Eric Clapton,RSO,7,26,
1974,50,27,33,RIDE ‘EM COWBOY,Paul Davis,Bang,10,27,
1974,50,28,34,NEVER CAN SAY GOODBYE,Gloria Gaynor,MGM,7,28,
1974,50,29,18,I’VE GOT THE MUSIC IN ME,The Kiki Dee Band,Rocket,14,12,
1974,50,30,37,MANDY,Barry Manilow,Bell,5,30,
1974,50,31,39,PLEASE MR. POSTMAN,The Carpenters,A&M,4,31,
1974,50,32,43,DARK HORSE,George Harrison,Apple,4,32,
1974,50,33,22,WOMAN TO WOMAN,Shirley Brown,Truth,7,22,
1974,50,34,42,MORNING SIDE OF THE MOUNTAIN,Donny and Marie Osmond,MGM,5,34,
1974,50,35,35,DREAM ON,The Righteous Brothers,Haven,6,35,
1974,50,36,14,EVERLASTING LOVE,Carl Carlton,Back Beat,14,6,
1974,50,37,28,"FIRE, BABY I’M ON FIRE",Andy Kim,Capitol,8,28,
1974,50,38,46,DANCIN’ FOOL,The Guess Who,RCA,4,38,
1974,50,39,45,THE HEARTBREAK KID,Bo Donaldson and the Heywoods,ABC,5,39,
1974,50,40,40,WHATEVER GETS YOU THRU THE NIGHT,John Lennon with the Plastic Ono Nuclear Band,Apple,12,1,
1974,50,41,19,TOUCH ME,Fancy,Big Tree,10,19,
1974,50,42,29,BACK HOME AGAIN,John Denver,RCA,13,5,
1974,50,43,31,LET’S STRAIGHTEN IT OUT,Latimore,Glades,8,31,
1974,50,47,38,"WHATEVER YOU GOT, I WANT",The Jackson 5,Motown,8,38,
1974,50,44,63,DOCTOR’S ORDERS,Carol Douglas,Midland International,3,44,
1974,50,45,47,HEAVY FALLIN’ OUT,The Stylistics,Avco,9,41,
1974,50,46,41,AFTER THE GOLDRUSH,Prelude,Island,11,22,
1974,50,48,50,WITHOUT LOVE,Aretha Franklin,Atlantic,5,48,
1974,50,49,51,FUNKY PRESIDENT (People It’s Bad) / COLDBLOODED,James Brown,Polydor,6,49,
1974,50,50,87,ROCK ‘N’ ROLL (I Gave You the Best Years of My Life),Mac Davis,Columbia,2,50,
1974,51,1,4,CAT’S IN THE CRADLE,Harry Chapin,Elektra,11,1,1 week at #1
1974,51,2,1,KUNG FU FIGHTING,Carl Douglas,20th Century,11,1,
1974,51,3,5,ANGIE BABY,Helen Reddy,Capitol,10,3,
1974,51,4,2,WHEN WILL I SEE YOU AGAIN,The Three Degrees,Philadelphia International,13,2,
1974,51,5,7,"YOU’RE THE FIRST, THE LAST, MY EVERYTHING",Barry White,20th Century,8,5,
1974,51,6,9,LUCY IN THE SKY WITH DIAMONDS,Elton John,MCA,4,6,
1974,51,7,8,SHA-LA-LA (Make Me Happy),Al Green,Hi,13,7,
1974,51,8,10,JUNIOR’S FARM / SALLY G,Paul McCartney and Wings,Apple,7,8,
1974,51,9,3,I CAN HELP,Billy Swan,Monument,13,1,
1974,51,10,6,DO IT (‘Til You’re Satisfied),B.T. Express,Scepter,13,2,
1974,51,11,11,YOU GOT THE LOVE,Rufus Featuring Chaka Khan,ABC,11,11,
1974,51,12,16,LAUGHTER IN THE RAIN,Neil Sedaka,Rocket,10,12,
1974,51,13,23,BOOGIE ON REGGAE WOMAN,Stevie Wonder,Tamla,6,13,
1974,51,14,18,ONLY YOU,Ringo Starr,Apple,6,14,
1974,51,15,31,PLEASE MR. POSTMAN,The Carpenters,A&M,5,15,
1974,51,16,20,MUST OF GOT LOST,The J. Geils Band,Atlantic,7,16,
1974,51,17,17,AIN’T TOO PROUD TO BEG,The Rolling Stones,Rolling Stones,7,17,
1974,51,18,24,ONE MAN WOMAN / ONE WOMAN MAN,Paul Anka with Odia Coates,United Artists,7,18,
1974,51,19,30,MANDY,Barry Manilow,Bell,6,19,
1974,51,20,25,BUNGLE IN THE JUNGLE,Jethro Tull,Chrysalis,8,20,
1974,51,21,21,I FEEL A SONG (In My Heart) / DON’T BURN DOWN THE BRIDGE,Gladys Knight and the Pips,Buddah,11,21,
1974,51,22,28,NEVER CAN SAY GOODBYE,Gloria Gaynor,MGM,8,22,
1974,51,23,12,YOU AIN’T SEEN NOTHING YET / FREE WHEELIN’,Bachman-Turner Overdrive,Mercury,14,1,
1974,51,24,32,DARK HORSE,George Harrison,Apple,5,24,
1974,51,25,34,MORNING SIDE OF THE MOUNTAIN,Donny and Marie Osmond,MGM,6,25,
1974,51,26,13,FAIRYTALE,The Pointer Sisters,Blue Thumb,12,13,
1974,51,27,27,RIDE ‘EM COWBOY,Paul Davis,Bang,11,27,
1974,51,28,14,PROMISED LAND,Elvis Presley,RCA,9,14,
1974,51,29,33,WOMAN TO WOMAN,Shirley Brown,Truth,8,22,
1974,51,30,38,DANCIN’ FOOL,The Guess Who,RCA,5,30,
1974,51,31,44,DOCTOR’S ORDERS,Carol Douglas,Midland International,4,31,
1974,51,32,35,DREAM ON,The Righteous Brothers,Haven,7,32,
1974,51,33,15,WISHING YOU WERE HERE,Chicago,Columbia,10,11,
1974,51,34,19,MY MELODY OF LOVE,Bobby Vinton,ABC,14,3,
1974,51,35,22,LONGFELLOW SERENADE,Neil Diamond,Columbia,12,5,
1974,51,36,26,WILLIE AND THE HAND JIVE,Eric Clapton,RSO,8,26,
1974,51,37,29,I’VE GOT THE MUSIC IN ME,The Kiki Dee Band,Rocket,15,12,
1974,51,38,67,SOME KIND OF WONDERFUL,Grand Funk,Capitol,2,38,
1974,51,39,65,PICK UP THE PIECES,The Average White Band (AWB),Atlantic,3,39,
1974,51,40,50,ROCK ‘N’ ROLL (I Gave You the Best Years of My Life),Mac Davis,Columbia,3,40,
1974,51,41,39,THE HEARTBREAK KID,Bo Donaldson and the Heywoods,ABC,6,39,
1974,51,49,36,EVERLASTING LOVE,Carl Carlton,Back Beat,15,6,
1974,51,56,40,WHATEVER GETS YOU THRU THE NIGHT,John Lennon with the Plastic Ono Nuclear Band,Apple,13,1,
1974,51,71,37,"FIRE, BABY I’M ON FIRE",Andy Kim,Capitol,9,28,
1974,51,42,45,HEAVY FALLIN’ OUT,The Stylistics,Avco,10,41,
1974,51,43,53,GET DANCIN’ (Part 1),Disco Tex and the Sex-O-Lettes,Chelsea,5,43,
1974,51,44,54,THE ENTERTAINER,Billy Joel,Columbia,4,44,
1974,51,45,49,FUNKY PRESIDENT (People It’s Bad) / COLDBLOODED,James Brown,Polydor,7,45,
1974,51,46,48,WITHOUT LOVE,Aretha Franklin,Atlantic,6,46,
1974,51,47,58,"RUBY, BABY",Billy “Crash” Craddock,ABC,5,47,
1974,51,48,61,BEST OF MY LOVE,Eagles,Asylum,4,48,
1974,51,50,60,SHE’S GONE,Tavares,Capitol,12,50,
1974,52,1,3,ANGIE BABY,Helen Reddy,Capitol,11,1,1 week at #1
1974,52,2,6,LUCY IN THE SKY WITH DIAMONDS,Elton John,MCA,5,2,
1974,52,3,5,"YOU’RE THE FIRST, THE LAST, MY EVERYTHING",Barry White,20th Century,9,3,
1974,52,4,2,KUNG FU FIGHTING,Carl Douglas,20th Century,12,1,
1974,52,5,1,CAT’S IN THE CRADLE,Harry Chapin,Elektra,12,1,
1974,52,6,8,JUNIOR’S FARM / SALLY G,Paul McCartney and Wings,Apple,8,6,
1974,52,7,4,WHEN WILL I SEE YOU AGAIN,The Three Degrees,Philadelphia International,14,2,
1974,52,8,12,LAUGHTER IN THE RAIN,Neil Sedaka,Rocket,11,8,
1974,52,9,14,ONLY YOU,Ringo Starr,Apple,7,9,
1974,52,10,13,BOOGIE ON REGGAE WOMAN,Stevie Wonder,Tamla,7,10,
1974,52,11,15,PLEASE MR. POSTMAN,The Carpenters,A&M,6,11,
1974,52,12,19,MANDY,Barry Manilow,Bell,7,12,
1974,52,13,16,MUST OF GOT LOST,The J. Geils Band,Atlantic,8,13,
1974,52,14,18,ONE MAN WOMAN / ONE WOMAN MAN,Paul Anka with Odia Coates,United Artists,8,14,
1974,52,15,7,SHA-LA-LA (Make Me Happy),Al Green,Hi,14,7,
1974,52,16,20,BUNGLE IN THE JUNGLE,Jethro Tull,Chrysalis,9,16,
1974,52,17,11,YOU GOT THE LOVE,Rufus Featuring Chaka Khan,ABC,12,11,
1974,52,18,22,NEVER CAN SAY GOODBYE,Gloria Gaynor,MGM,9,18,
1974,52,19,25,MORNING SIDE OF THE MOUNTAIN,Donny and Marie Osmond,MGM,7,19,
1974,52,20,24,DARK HORSE,George Harrison,Apple,6,20,
1974,52,21,9,I CAN HELP,Billy Swan,Monument,14,1,
1974,52,22,10,DO IT (‘Til You’re Satisfied),B.T. Express,Scepter,14,2,
1974,52,23,21,I FEEL A SONG (In My Heart) / DON’T BURN DOWN THE BRIDGE,Gladys Knight and the Pips,Buddah,12,21,
1974,52,24,59,FIRE,The Ohio Players,Mercury,3,24,
1974,52,25,31,DOCTOR’S ORDERS,Carol Douglas,Midland International,5,25,
1974,52,26,28,PROMISED LAND,Elvis Presley,RCA,10,14,
1974,52,27,39,PICK UP THE PIECES,The Average White Band (AWB),Atlantic,4,27,
1974,52,28,27,RIDE ‘EM COWBOY,Paul Davis,Bang,12,27,
1974,52,29,38,SOME KIND OF WONDERFUL,Grand Funk,Capitol,3,29,
1974,52,30,30,DANCIN’ FOOL,The Guess Who,RCA,6,30,
1974,52,31,17,AIN’T TOO PROUD TO BEG,The Rolling Stones,Rolling Stones,8,17,
1974,52,32,40,ROCK ‘N’ ROLL (I Gave You the Best Years of My Life),Mac Davis,Columbia,4,32,
1974,52,33,29,WOMAN TO WOMAN,Shirley Brown,Truth,9,22,
1974,52,34,33,WISHING YOU WERE HERE,Chicago,Columbia,11,11,
1974,52,35,43,GET DANCIN’ (Part 1),Disco Tex and the Sex-O-Lettes,Chelsea,6,35,
1974,52,36,26,FAIRYTALE,The Pointer Sisters,Blue Thumb,13,13,
1974,52,37,47,"RUBY, BABY",Billy “Crash” Craddock,ABC,6,37,
1974,52,38,51,FROM HIS WOMAN TO YOU,Barbara Mason,Buddah,5,38,
1974,52,39,44,THE ENTERTAINER,Billy Joel,Columbia,5,39,
1974,52,40,48,BEST OF MY LOVE,Eagles,Asylum,5,40,
1974,52,42,23,YOU AIN’T SEEN NOTHING YET / FREE WHEELIN’,Bachman-Turner Overdrive,Mercury,15,1,
1974,52,47,32,DREAM ON,The Righteous Brothers,Haven,8,32,
1974,52,48,34,MY MELODY OF LOVE,Bobby Vinton,ABC,15,3,
1974,52,49,35,LONGFELLOW SERENADE,Neil Diamond,Columbia,13,5,
1974,52,52,36,WILLIE AND THE HAND JIVE,Eric Clapton,RSO,9,26,
1974,52,53,37,I’VE GOT THE MUSIC IN ME,The Kiki Dee Band,Rocket,16,12,
1974,52,41,52,I BELONG TO YOU,Love Unlimited,20th Century,5,41,
1974,52,43,53,FREE BIRD,Lynyrd Skynyrd,MCA,6,43,
1974,52,44,45,FUNKY PRESIDENT (People It’s Bad) / COLDBLOODED,James Brown,Polydor,8,44,
1974,52,45,46,WITHOUT LOVE,Aretha Franklin,Atlantic,7,45,
1974,52,46,57,YOU’RE NO GOOD,Linda Ronstadt,Capitol,4,46,
1974,52,50,50,SHE’S GONE,Tavares,Capitol,13,50,
